suite	problem	optimal_leaf	rubi_grade	rubi_size	maxima_grade	maxima_size	optimal_out
1_Apostol_Problems	1	13	A	13	A	9	1/3*(1+2*x)^(3/2)
1_Apostol_Problems	2	27	A	27	A	19	-2/27*(1+3*x)^(3/2)+2/45*(1+3*x)^(5/2)
1_Apostol_Problems	3	34	A	34	A	22	2/3*(1+x)^(3/2)-4/5*(1+x)^(5/2)+2/7*(1+x)^(7/2)
1_Apostol_Problems	4	27	A	27	A	19	2/27*(2-3*x)^(3/2)-4/9*(2-3*x)^(1/2)
1_Apostol_Problems	5	14	A	14	A	12	-1/4/(x^2+2*x+2)^2
1_Apostol_Problems	6	13	A	13	A	11	-cos(x)+1/3*cos(x)^3
1_Apostol_Problems	7	23	A	23	A	15	3/4*(-1+z)^(4/3)+3/7*(-1+z)^(7/3)
1_Apostol_Problems	8	8	A	8	A	6	-1/2*csc(x)^2
1_Apostol_Problems	9	16	A	16	A	12	-1/3*(4-sin(2*x))^(3/2)
1_Apostol_Problems	10	6	A	6	A	6	1/(3+cos(x))
1_Apostol_Problems	11	12	A	12	A	10	2*cos(x)/(cos(x)^3)^(1/2)
1_Apostol_Problems	12	10	A	10	A	8	-2*cos((1+x)^(1/2))
1_Apostol_Problems	13	9	A	9	A	9	-cos(x^n)/n
1_Apostol_Problems	14	15	A	15	A	11	-1/3*(-x^6+1)^(1/2)
1_Apostol_Problems	15	23	A	23	A	15	-4/5*(1+t)^(5/4)+4/9*(1+t)^(9/4)
1_Apostol_Problems	16	11	A	11	A	9	x/(x^2+1)^(1/2)
1_Apostol_Problems	17	15	A	15	A	11	1/40*(8*x^3+27)^(5/3)
1_Apostol_Problems	18	15	A	15	A	11	3/2*(-cos(x)+sin(x))^(2/3)
1_Apostol_Problems	19	32	A	32	F	0	2*((x^2+1)*(1+(x^2+1)^(1/2)))^(1/2)/(x^2+1)^(1/2)
1_Apostol_Problems	20	17	A	17	A	13	2*(1+(x^2+1)^(1/2))^(1/2)
1_Apostol_Problems	21	16	A	16	A	7	-5/2*(x^2-2*x+1)^(1/5)
1_Apostol_Problems	22	8	A	8	A	8	-x*cos(x)+sin(x)
1_Apostol_Problems	23	17	A	17	A	15	2*cos(x)-x^2*cos(x)+2*x*sin(x)
1_Apostol_Problems	24	23	A	23	A	20	-6*cos(x)+3*x^2*cos(x)-6*x*sin(x)+x^3*sin(x)
1_Apostol_Problems	25	24	A	24	A	21	6*x*cos(x)-x^3*cos(x)-6*sin(x)+3*x^2*sin(x)
1_Apostol_Problems	26	8	A	8	A	6	1/2*sin(x)^2
1_Apostol_Problems	27	23	A	23	A	14	-1/4*x+1/4*cos(x)*sin(x)+1/2*x*sin(x)^2
1_Apostol_Problems	28	14	A	14	A	10	1/2*x-1/2*cos(x)*sin(x)
1_Apostol_Problems	29	13	A	13	A	11	-cos(x)+1/3*cos(x)^3
1_Apostol_Problems	30	24	A	24	A	16	3/8*x-3/8*cos(x)*sin(x)-1/4*cos(x)*sin(x)^3
1_Apostol_Problems	31	21	A	21	A	17	-cos(x)+2/3*cos(x)^3-1/5*cos(x)^5
1_Apostol_Problems	32	34	A	34	A	24	5/16*x-5/16*cos(x)*sin(x)-5/24*cos(x)*sin(x)^3-1/6*cos(x)*sin(x)^5
1_Apostol_Problems	33	25	A	25	A	19	1/4*x^2-1/2*x*cos(x)*sin(x)+1/4*sin(x)^2
1_Apostol_Problems	34	33	A	33	A	23	-2/3*x*cos(x)+2/3*sin(x)-1/3*x*cos(x)*sin(x)^2+1/9*sin(x)^3
1_Apostol_Problems	35	41	A	41	A	26	-1/4*x+1/6*x^3+1/4*cos(x)*sin(x)-1/2*x^2*cos(x)*sin(x)+1/2*x*sin(x)^2
1_Apostol_Problems	36	14	A	14	A	10	1/2*x+1/2*cos(x)*sin(x)
1_Apostol_Problems	37	11	A	11	A	9	sin(x)-1/3*sin(x)^3
1_Apostol_Problems	38	24	A	24	A	16	3/8*x+3/8*cos(x)*sin(x)+1/4*cos(x)^3*sin(x)
1_Apostol_Problems	39	84	A	84	A	60	5/24*a^2*x*(a^2-x^2)^(3/2)+1/6*x*(a^2-x^2)^(5/2)+5/16*a^6*arctan(x/(a^2-x^2)^(1/2))+5/16*a^4*x*(a^2-x^2)^(1/2)
1_Apostol_Problems	40	38	A	38	A	34	-10/3*(x^2+5)^(3/2)+1/5*(x^2+5)^(5/2)+25*(x^2+5)^(1/2)
1_Apostol_Problems	41	172	A	172	F	0	2/5*t*(t^3+4)^(1/2)-8/15*2^(2/3)*(2^(2/3)+t)*EllipticF((t+2^(2/3)*(1-3^(1/2)))/(t+2^(2/3)*(1+3^(1/2))),I*3^(1/ 2)+2*I)*(1/2*6^(1/2)+1/2*2^(1/2))*((2*2^(1/3)-2^(2/3)*t+t^2)/(t+2^(2/3)*(1+3^(1/2)))^2)^(1/2)*3^(3/4)/(t^3+4)^ (1/2)/((2^(2/3)+t)/(t+2^(2/3)*(1+3^(1/2)))^2)^(1/2)
1_Apostol_Problems	42	6	A	6	A	6	-x+tan(x)
1_Apostol_Problems	43	14	A	14	A	12	x-tan(x)+1/3*tan(x)^3
1_Apostol_Problems	44	8	A	8	A	10	-x-cot(x)
1_Apostol_Problems	45	12	A	12	A	16	x+cot(x)-1/3*cot(x)^3
1_Apostol_Problems	46	22	A	22	A	20	-1/5*(2+3*x)*cos(5*x)+3/25*sin(5*x)
1_Apostol_Problems	47	13	A	13	A	9	1/3*(x^2+1)^(3/2)
1_Apostol_Problems	48	13	A	13	A	9	1/20*(-x^2+1)^10
1_Apostol_Problems	49	18	A	18	A	19	-1/8*(3+2*x)^2/(7+6*x)^2
1_Apostol_Problems	50	11	A	11	A	9	1/30*(x^5+1)^6
1_Apostol_Problems	51	56	A	56	B	-	-1/21*(1-x)^21+2/11*(1-x)^22-6/23*(1-x)^23+1/6*(1-x)^24-1/25*(1-x)^25
1_Apostol_Problems	52	4	A	4	A	4	cos(1/x)
1_Apostol_Problems	53	62	A	62	A	37	24*(-1+x)^(1/4)*cos((-1+x)^(1/4))-4*(-1+x)^(3/4)*cos((-1+x)^(1/4))-24*sin((-1+x)^(1/4))+12*sin((-1+x)^(1/4))*( -1+x)^(1/2)
1_Apostol_Problems	54	10	A	10	A	8	1/4*sin(x^2)^2
1_Apostol_Problems	55	16	A	16	A	12	-2/9*(4-3*sin(x)^2)^(3/2)
1_Apostol_Problems	56	10	A	10	A	8	1/3*ln(2+3*x)
1_Apostol_Problems	57	15	A	15	A	12	2*x-2*x*ln(x)+x*ln(x)^2
1_Apostol_Problems	58	17	A	17	A	13	-1/4*x^2+1/2*x^2*ln(x)
1_Apostol_Problems	59	28	A	28	A	17	1/4*x^2-1/2*x^2*ln(x)+1/2*x^2*ln(x)^2
1_Apostol_Problems	60	4	A	4	A	4	ln(1+t)
1_Apostol_Problems	61	3	A	3	A	3	ln(sin(x))
1_Apostol_Problems	62	28	A	28	A	28	-x^(1+n)/(1+n)^2+x^(1+n)*ln(a*x)/(1+n)
1_Apostol_Problems	63	28	A	28	A	17	2/27*x^3-2/9*x^3*ln(x)+1/3*x^3*ln(x)^2
1_Apostol_Problems	64	3	A	3	A	3	ln(ln(x))
1_Apostol_Problems	65	12	A	12	A	10	-1/2*ln(1-t)^2
1_Apostol_Problems	66	23	A	23	A	17	2/3*(1+ln(x))^(3/2)-2*(1+ln(x))^(1/2)
1_Apostol_Problems	67	39	A	39	A	23	-3/128*x^4+3/32*x^4*ln(x)-3/16*x^4*ln(x)^2+1/4*x^4*ln(x)^3
1_Apostol_Problems	68	9	A	9	A	6	1/3*exp(x^3)
1_Apostol_Problems	69	14	A	14	A	12	2^(1+x^(1/2))/ln(2)
1_Apostol_Problems	70	10	A	10	A	7	1/2*exp(2*sin(x))
1_Apostol_Problems	71	19	A	19	A	11	-1/2*exp(x)*cos(x)+1/2*exp(x)*sin(x)
1_Apostol_Problems	72	19	A	19	A	9	1/2*exp(x)*cos(x)+1/2*exp(x)*sin(x)
1_Apostol_Problems	73	10	A	10	A	9	x-ln(1+exp(x))
1_Apostol_Problems	74	11	A	11	A	6	-exp(x)+exp(x)*x
1_Apostol_Problems	75	16	A	16	A	9	-1/exp(x)-x/exp(x)
1_Apostol_Problems	76	19	A	19	A	11	2*exp(x)-2*exp(x)*x+exp(x)*x^2
1_Apostol_Problems	77	32	A	32	A	16	-1/4/exp(2*x)-1/2*x/exp(2*x)-1/2*x^2/exp(2*x)
1_Apostol_Problems	78	24	A	24	A	11	-2*exp(x^(1/2))+2*exp(x^(1/2))*x^(1/2)
1_Apostol_Problems	79	26	A	26	A	13	-1/2/exp(x^2)-1/2*x^2/exp(x^2)
1_Apostol_Problems	80	41	A	41	A	27	a*exp(a*x)*cos(b*x)/(a^2+b^2)+b*exp(a*x)*sin(b*x)/(a^2+b^2)
1_Apostol_Problems	81	42	A	42	A	29	-b*exp(a*x)*cos(b*x)/(a^2+b^2)+a*exp(a*x)*sin(b*x)/(a^2+b^2)
1_Apostol_Problems	82	15	A	15	A	13	x*arccot(x)+1/2*ln(x^2+1)
1_Apostol_Problems	83	19	A	19	B	-	x*arcsec(x)-arctanh((1-1/x^2)^(1/2))
1_Apostol_Problems	84	17	A	17	B	-	x*arccsc(x)+arctanh((1-1/x^2)^(1/2))
1_Apostol_Problems	85	25	A	25	A	23	-2*x+x*arcsin(x)^2+2*arcsin(x)*(-x^2+1)^(1/2)
1_Apostol_Problems	86	22	A	22	A	33	-arcsin(x)/x-arctanh((-x^2+1)^(1/2))
1_Apostol_Problems	87	16	A	16	A	6	arctan(x/(a^2-x^2)^(1/2))
1_Apostol_Problems	88	10	A	10	A	11	arcsin(1/2*(1+x)*2^(1/2))
1_Apostol_Problems	89	10	A	10	A	10	arctan(x/a)/a
1_Apostol_Problems	90	24	A	24	A	15	arctan(x*b^(1/2)/a^(1/2))/a^(1/2)/b^(1/2)
1_Apostol_Problems	91	19	A	19	A	16	-2/7*arctan(1/7*(1-2*x)*7^(1/2))*7^(1/2)
1_Apostol_Problems	92	21	A	21	A	15	-1/2*x+1/2*arctan(x)+1/2*x^2*arctan(x)
1_Apostol_Problems	93	40	A	40	A	33	1/9*(-x^2+1)^(3/2)+1/3*x^3*arccos(x)-1/3*(-x^2+1)^(1/2)
1_Apostol_Problems	94	35	A	35	A	34	-x*arctan(x)+1/2*arctan(x)^2+1/2*x^2*arctan(x)^2+1/2*ln(x^2+1)
1_Apostol_Problems	95	22	A	22	A	16	arctan(x^(1/2))+x*arctan(x^(1/2))-x^(1/2)
1_Apostol_Problems	96	8	A	8	A	6	arctan(x^(1/2))^2
1_Apostol_Problems	97	23	A	23	A	17	1/2*arcsin(x)+1/2*x*(-x^2+1)^(1/2)
1_Apostol_Problems	98	22	A	22	F	0	-1/2*exp(arctan(x))*(1-x)/(x^2+1)^(1/2)
1_Apostol_Problems	99	20	A	20	F	0	1/2*exp(arctan(x))*(1+x)/(x^2+1)^(1/2)
1_Apostol_Problems	100	19	A	19	A	15	-1/2*x/(x^2+1)+1/2*arctan(x)
1_Apostol_Problems	101	4	A	4	A	3	arctan(exp(x))
1_Apostol_Problems	102	27	A	27	A	19	-x-arccot(exp(x))/exp(x)+1/2*ln(1+exp(2*x))
1_Apostol_Problems	103	42	A	42	A	49	2*a*arctan(((a+x)/(a-x))^(1/2))-(a-x)*((a+x)/(a-x))^(1/2)
1_Apostol_Problems	104	71	A	71	F(-2)	0	-1/8*(a-b)^2*arctan(1/2*(a+b-2*x)/(-a*b+(a+b)*x-x^2)^(1/2))-1/4*(a+b-2*x)*(-a*b+(a+b)*x-x^2)^(1/2)
1_Apostol_Problems	105	32	A	32	F(-2)	0	-arctan(1/2*(a+b-2*x)/(-a*b+(a+b)*x-x^2)^(1/2))
1_Apostol_Problems	106	15	A	15	A	13	2*ln(1-x)+3*ln(3+x)
1_Apostol_Problems	107	19	A	19	A	13	7/4*ln(1-x)+1/4*ln(3+x)
1_Apostol_Problems	108	23	A	23	A	19	2*x+1/2*x^2+9*ln(3-x)+ln(1+x)
1_Apostol_Problems	109	23	A	23	A	17	2*ln(1-x)+1/2*ln(x)-1/2*ln(2+x)
1_Apostol_Problems	110	24	A	24	A	18	1/(1+x)+3/2*ln(1-x)-1/2*ln(1+x)
1_Apostol_Problems	111	28	A	28	A	28	ln(-x^3+1)+4/3*arctan(1/3*(1+2*x)*3^(1/2))*3^(1/2)
1_Apostol_Problems	112	49	A	49	A	36	1/2/(x^2+2)+1/3*ln(1-x)+1/3*ln(x^2+2)-1/6*arctan(1/2*x*2^(1/2))*2^(1/2)
1_Apostol_Problems	113	21	A	21	B	-	-1/2*arctanh(1/2*(cos(x)-sin(x))*2^(1/2))*2^(1/2)
1_Apostol_Problems	114	16	A	16	A	14	-ln(1+(-x^2+4)^(1/2))
1_Apostol_Problems	115	11	A	11	A	9	ln(2-x)+ln(5+x)
1_Apostol_Problems	116	23	A	23	A	19	-1/2*ln(1+x)+2*ln(2+x)-3/2*ln(3+x)
1_Apostol_Problems	117	30	A	30	A	20	1/3/(1-x)+2/9*ln(1-x)-2/9*ln(2+x)
1_Apostol_Problems	118	27	A	27	A	23	-x+1/2*x^2-ln(1-x)+3*ln(x)+ln(2+x)
1_Apostol_Problems	119	23	A	23	A	20	-3/(1+2*x)^2+3/(1+2*x)+ln(1+x)
1_Apostol_Problems	120	16	A	16	A	14	2*ln(1-x)+ln(x^2+x+1)
1_Apostol_Problems	121	18	A	18	A	12	x-8/3*arctan(1/2*x)+1/3*arctan(x)
1_Apostol_Problems	122	11	A	11	A	11	2*ln(x)-ln(1+x)
1_Apostol_Problems	123	24	A	24	A	24	1/2/(x^2+1)+ln(x)-1/2*ln(x^2+1)
1_Apostol_Problems	124	46	A	46	A	46	1/(2+x)+1/4/(3+x)^2+5/4/(3+x)+1/8*ln(1+x)+2*ln(2+x)-17/8*ln(3+x)
1_Apostol_Problems	125	10	A	10	A	10	1/(1+x)+ln(1+x)
1_Apostol_Problems	126	17	A	17	A	17	-ln(x)+1/2*ln(-x^2+1)
1_Apostol_Problems	127	20	A	20	A	14	x+4/5*ln(2-x)-9/5*ln(3+x)
1_Apostol_Problems	128	16	A	16	A	12	4/(2-x)+ln(2-x)
1_Apostol_Problems	129	14	A	14	A	14	1/(2-x)-arctan(-2+x)
1_Apostol_Problems	130	21	A	21	A	17	-3/2*ln(x)+4*ln(1+x)-5/2*ln(2+x)
1_Apostol_Problems	131	21	A	21	A	23	1/2*x/(-x^2+1)+1/2*arctanh(x)
1_Apostol_Problems	132	22	A	22	A	16	2/3*ln(1-x)-1/3*ln(x^2+x+1)
1_Apostol_Problems	133	10	A	10	A	14	1/(x^2+1)+ln(x)
1_Apostol_Problems	134	31	A	31	A	19	1/4/x^2+1/4/x+1/8*ln(2-x)-1/8*ln(x)
1_Apostol_Problems	135	18	A	18	A	16	-x+arctan(x)+ln(x)-1/2*ln(x^2+1)
1_Apostol_Problems	136	13	A	13	A	17	-1/2*arctan(x)-1/2*arctanh(x)
1_Apostol_Problems	137	85	A	85	A	72	1/4*arctan(-1+x*2^(1/2))*2^(1/2)+1/4*arctan(1+x*2^(1/2))*2^(1/2)-1/8*ln(1+x^2-x*2^(1/2))*2^(1/2)+1/8*ln(1+x^2+ x*2^(1/2))*2^(1/2)
1_Apostol_Problems	138	23	A	23	A	15	-1/2*x*(2+x)/(x^2+2*x+2)+arctan(1+x)
1_Apostol_Problems	139	11	A	11	A	11	-x/(x^5+x+1)
1_Apostol_Problems	140	45	A	45	A	23	1/10*x*5^(1/2)+1/5*arctan((2*cos(x)+sin(x))/(5-cos(x)+2*sin(x)+2*5^(1/2)))*5^(1/2)
1_Apostol_Problems	141	37	A	37	F(-2)	0	2*arctan((1-a)^(1/2)*tan(1/2*x)/(1+a)^(1/2))/(-a^2+1)^(1/2)
1_Apostol_Problems	142	56	A	56	A	37	-1/3*ln(-sin(1/2*x)+cos(1/2*x)*3^(1/2))*3^(1/2)+1/3*ln(sin(1/2*x)+cos(1/2*x)*3^(1/2))*3^(1/2)
1_Apostol_Problems	143	31	A	31	A	19	2/3*x*3^(1/2)-4/3*arctan(sin(x)/(2+cos(x)+3^(1/2)))*3^(1/2)
1_Apostol_Problems	144	36	A	36	A	14	x-1/2*x*2^(1/2)-1/2*arctan(cos(x)*sin(x)/(1+sin(x)^2+2^(1/2)))*2^(1/2)
1_Apostol_Problems	145	15	A	15	A	15	arctan(a*tan(x)/b)/a/b
1_Apostol_Problems	146	17	A	17	A	14	sin(x)/b/(b*cos(x)+a*sin(x))
1_Apostol_Problems	147	30	A	30	A	41	1/2*x-1/2*ln(1+cos(x)+sin(x))-1/2*ln(1+tan(1/2*x))
1_Apostol_Problems	148	29	A	29	A	22	3/2*arcsin(1/3*x*3^(1/2))+1/2*x*(-x^2+3)^(1/2)
1_Apostol_Problems	149	13	A	13	A	11	-(-x^2+3)^(1/2)
1_Apostol_Problems	150	37	A	37	A	41	-arctanh(1/3*(-x^2+3)^(1/2)*3^(1/2))*3^(1/2)+(-x^2+3)^(1/2)
1_Apostol_Problems	151	22	A	22	A	25	arctanh(x/(x^2+x)^(1/2))+(x^2+x)^(1/2)
1_Apostol_Problems	152	27	A	27	A	20	5/2*arcsinh(1/5*x*5^(1/2))+1/2*x*(x^2+5)^(1/2)
1_Apostol_Problems	153	27	A	27	A	22	-1/2*arcsinh(1/3*(1+2*x)*3^(1/2))+(x^2+x+1)^(1/2)
1_Apostol_Problems	154	14	A	14	A	15	2*arctanh(x/(x^2+x)^(1/2))
1_Apostol_Problems	155	68	A	68	A	59	-arcsin(1/3+2/3*x)+1/4*arctanh(1/4*(4-x)*2^(1/2)/(-x^2-x+2)^(1/2))*2^(1/2)-(-x^2-x+2)^(1/2)/x
1_Apostol_Problems	156	13	A	13	A	12	ln(t)*ln(1+t)+polylog(2,-t)
1_Apostol_Problems	157	15	A	15	A	2	-x*cos(x)+x*ln(exp(cos(x)))+sin(x)
1_Apostol_Problems	158	2	A	2	A	2	Ei(t)
1_Apostol_Problems	159	4	A	4	A	4	Ei(a*t)
1_Apostol_Problems	160	11	A	11	A	5	-exp(t)/t+Ei(t)
1_Apostol_Problems	161	14	A	14	A	9	exp(1/t)*t-Ei(1/t)
1_Apostol_Problems	162	15	A	15	A	16	exp(-1-a)*Ei(1+a-t)
1_Apostol_Problems	163	13	A	13	A	13	1/2*Ei(t^2+1)/exp(1)
1_Apostol_Problems	164	19	A	19	A	16	-exp(t)/(1+t)+Ei(1+t)/exp(1)
1_Apostol_Problems	165	18	A	18	A	18	-Ei(1+t)/exp(1)+exp(t)*ln(1+t)
1_Apostol_Problems	166	16	A	16	A	9	-1/exp(t)-t/exp(t)
1_Apostol_Problems	167	26	A	26	A	14	-2/exp(t)-2*t/exp(t)-t^2/exp(t)
1_Apostol_Problems	168	36	A	36	A	19	-6/exp(t)-6*t/exp(t)-3*t^2/exp(t)-t^3/exp(t)
1_Apostol_Problems	169	48	A	48	B	-	(a*a1+b*b1)*x/(a^2+b^2)-(-a*b1+a1*b)*ln(b*cos(x)+a*sin(x))/(a^2+b^2)
1_Apostol_Problems	170	2	A	2	A	3	Li(t)
1_Apostol_Problems	171	10	A	10	A	6	Li(t)-t/ln(t)
1_Apostol_Problems	172	22	A	22	A	22	-GAMMA(-n,-ln(t))*(-ln(t))^n/(ln(t)^n)
1_Apostol_Problems	173	12	A	12	A	11	exp(2)*Ei(-2+2*t)
1_Apostol_Problems	174	22	A	22	F	0	exp(4)*Ei(-4+2*x)-exp(2)*Ei(-2+2*x)
1_Apostol_Problems	175	103	A	103	F	0	2/3*(1+t)*EllipticF((1+t-3^(1/2))/(1+t+3^(1/2)),I*3^(1/2)+2*I)*(1/2*6^(1/2)+1/2*2^(1/2))*((t^2-t+1)/(1+t+3^(1/ 2))^2)^(1/2)*3^(3/4)/(t^3+1)^(1/2)/((1+t)/(1+t+3^(1/2))^2)^(1/2)
2_Bondarenko_Problems	1	22	A	22	A	20	(-1+sin(z)*2^(1/2))/(cos(z)-sin(z))
2_Bondarenko_Problems	2	32	A	32	F	0	-1/2/x+1/2*arcsin(x)+1/2*(-x^2+1)^(1/2)/x
2_Bondarenko_Problems	3	25	A	25	A	23	1/3*sin(x)/(cos(x)+1)^2+1/3*sin(x)/(cos(x)+1)
2_Bondarenko_Problems	4	58	A	58	C	-	cos(1)*FresnelS(2^(1/2)/Pi^(1/2)*(1+x)^(1/2))*2^(1/2)*Pi^(1/2)-FresnelC(2^(1/2)/Pi^(1/2)*(1+x)^(1/2))*sin(1)*2 ^(1/2)*Pi^(1/2)
2_Bondarenko_Problems	5	50	A	50	A	56	1/10*(-cos(x)+sin(x))/(cos(x)+sin(x))^5+1/15*(-cos(x)+sin(x))/(cos(x)+sin(x))^3+2/15*sin(x)/(cos(x)+sin(x))
2_Bondarenko_Problems	6	334	A	334	F	0	-4*x+x*ln(1/x^4+x^4)-arctan((-2*x+(2+2^(1/2))^(1/2))/(2-2^(1/2))^(1/2))*(2-2^(1/2))^(1/2)+arctan((2*x+(2+2^(1/ 2))^(1/2))/(2-2^(1/2))^(1/2))*(2-2^(1/2))^(1/2)-1/2*ln(1+x^2-x*(2-2^(1/2))^(1/2))*(2-2^(1/2))^(1/2)+1/2*ln(1+x ^2+x*(2-2^(1/2))^(1/2))*(2-2^(1/2))^(1/2)-arctan((-2*x+(2-2^(1/2))^(1/2))/(2+2^(1/2))^(1/2))*(2+2^(1/2))^(1/2) +arctan((2*x+(2-2^(1/2))^(1/2))/(2+2^(1/2))^(1/2))*(2+2^(1/2))^(1/2)-1/2*ln(1+x^2-x*(2+2^(1/2))^(1/2))*(2+2^(1 /2))^(1/2)+1/2*ln(1+x^2+x*(2+2^(1/2))^(1/2))*(2+2^(1/2))^(1/2)
2_Bondarenko_Problems	7	291	F	0	A	366	-8*arctanh((1+(1+x)^(1/2))^(1/2))-arctanh(1/2*(1+(1+x)^(1/2))^(1/2)*2^(1/2))*ln(1+x)*2^(1/2)+2*arctanh(1/2*2^( 1/2))*ln(1-(1+(1+x)^(1/2))^(1/2))*2^(1/2)-2*arctanh(1/2*2^(1/2))*ln(1+(1+(1+x)^(1/2))^(1/2))*2^(1/2)+polylog(2 ,-2^(1/2)*(1-(1+(1+x)^(1/2))^(1/2))/(2-2^(1/2)))*2^(1/2)-polylog(2,2^(1/2)*(1-(1+(1+x)^(1/2))^(1/2))/(2+2^(1/2 )))*2^(1/2)-polylog(2,-2^(1/2)*(1+(1+(1+x)^(1/2))^(1/2))/(2-2^(1/2)))*2^(1/2)+polylog(2,2^(1/2)*(1+(1+(1+x)^(1 /2))^(1/2))/(2+2^(1/2)))*2^(1/2)-2*ln(1+x)/(1+(1+x)^(1/2))^(1/2)
2_Bondarenko_Problems	8	308	F	0	A	378	16*arctanh((1+(1+x)^(1/2))^(1/2))-2*arctanh(1/2*(1+(1+x)^(1/2))^(1/2)*2^(1/2))*ln(1+x)*2^(1/2)+4*arctanh(1/2*2 ^(1/2))*ln(1-(1+(1+x)^(1/2))^(1/2))*2^(1/2)-4*arctanh(1/2*2^(1/2))*ln(1+(1+(1+x)^(1/2))^(1/2))*2^(1/2)+2*polyl og(2,-2^(1/2)*(1-(1+(1+x)^(1/2))^(1/2))/(2-2^(1/2)))*2^(1/2)-2*polylog(2,2^(1/2)*(1-(1+(1+x)^(1/2))^(1/2))/(2+ 2^(1/2)))*2^(1/2)-2*polylog(2,-2^(1/2)*(1+(1+(1+x)^(1/2))^(1/2))/(2-2^(1/2)))*2^(1/2)+2*polylog(2,2^(1/2)*(1+( 1+(1+x)^(1/2))^(1/2))/(2+2^(1/2)))*2^(1/2)-16*(1+(1+x)^(1/2))^(1/2)+4*ln(1+x)*(1+(1+x)^(1/2))^(1/2)
2_Bondarenko_Problems	9	84	A	84	F	0	1/2*ln(x+(x^2+1)^(1/2))-2*ln(1+(x+(x^2+1)^(1/2))^(1/2))-1/2/(x+(x^2+1)^(1/2))+1/(x+(x^2+1)^(1/2))^(1/2)+(x+(x^ 2+1)^(1/2))^(1/2)
2_Bondarenko_Problems	10	41	A	41	A	51	8/5*arctanh(1/5*(1+2*(1+(1+x)^(1/2))^(1/2))*5^(1/2))*5^(1/2)+2*(1+x)^(1/2)
2_Bondarenko_Problems	11	73	A	73	A	63	2/5*ln(1+5^(1/2)-2*(1+(1+x)^(1/2))^(1/2))*(5-5^(1/2))+2/5*ln(1-5^(1/2)-2*(1+(1+x)^(1/2))^(1/2))*(5+5^(1/2))
2_Bondarenko_Problems	12	73	A	73	A	77	8/5*arctanh(1/5*(1+2*(1-(1+x)^(1/2))^(1/2))*5^(1/2))*5^(1/2)+(1-(1+x)^(1/2))^2+2*(1+x)^(1/2)-4*(1-(1+x)^(1/2)) ^(1/2)
2_Bondarenko_Problems	13	365	A	365	F	0	1/2*I*arctanh(1/2*(2-(1-I)^(1/2)-(1+2*(1-I)^(1/2))*(1+x)^(1/2))/(-I+(1-I)^(1/2))^(1/2)/(x+(1+x)^(1/2))^(1/2))/ ((-1+I)/(I-(1-I)^(1/2)))^(1/2)-1/2*I*arctan(1/2*(2+(1-I)^(1/2)-(1-2*(1-I)^(1/2))*(1+x)^(1/2))/(I+(1-I)^(1/2))^ (1/2)/(x+(1+x)^(1/2))^(1/2))/((1-I)/(I+(1-I)^(1/2)))^(1/2)+1/2*I*arctan(1/2*(2+(1+I)^(1/2)-(1-2*(1+I)^(1/2))*( 1+x)^(1/2))/(-I+(1+I)^(1/2))^(1/2)/(x+(1+x)^(1/2))^(1/2))/((-1-I)/(I-(1+I)^(1/2)))^(1/2)-1/2*I*arctanh(1/2*(2- (1+I)^(1/2)-(1+2*(1+I)^(1/2))*(1+x)^(1/2))/(I+(1+I)^(1/2))^(1/2)/(x+(1+x)^(1/2))^(1/2))/((1+I)/(I+(1+I)^(1/2)) )^(1/2)
2_Bondarenko_Problems	14	337	A	337	F	0	1/2*I*arctanh(1/2*(2-(1-I)^(1/2)-(1+2*(1-I)^(1/2))*(1+x)^(1/2))/(-I+(1-I)^(1/2))^(1/2)/(x+(1+x)^(1/2))^(1/2))* (-I+(1-I)^(1/2))^(1/2)+1/2*I*arctan(1/2*(2+(1-I)^(1/2)-(1-2*(1-I)^(1/2))*(1+x)^(1/2))/(I+(1-I)^(1/2))^(1/2)/(x +(1+x)^(1/2))^(1/2))*(I+(1-I)^(1/2))^(1/2)-1/2*I*arctan(1/2*(2+(1+I)^(1/2)-(1-2*(1+I)^(1/2))*(1+x)^(1/2))/(-I+ (1+I)^(1/2))^(1/2)/(x+(1+x)^(1/2))^(1/2))*(-I+(1+I)^(1/2))^(1/2)-1/2*I*arctanh(1/2*(2-(1+I)^(1/2)-(1+2*(1+I)^( 1/2))*(1+x)^(1/2))/(I+(1+I)^(1/2))^(1/2)/(x+(1+x)^(1/2))^(1/2))*(I+(1+I)^(1/2))^(1/2)
2_Bondarenko_Problems	15	77	A	77	F	0	2/15*(2+6*x^(3/2)+x^(1/2)-(2-x^(1/2))*(1+2*x+2*x^(1/2))^(1/2))*(1+x^(1/2)+(1+2*x+2*x^(1/2))^(1/2))^(1/2)/x^(1/ 2)
2_Bondarenko_Problems	16	118	A	118	F	0	2/15*2^(1/2)*(4+3*x^(3/2)*2^(1/2)+2^(1/2)*x^(1/2)-2^(1/2)*(2*2^(1/2)-x^(1/2))*(1+x+2^(1/2)*x^(1/2))^(1/2))*(2^ (1/2)+x^(1/2)+2^(1/2)*(1+x+2^(1/2)*x^(1/2))^(1/2))^(1/2)/x^(1/2)
2_Bondarenko_Problems	17	83	A	83	F	0	-1/4*arctan(1/2*(3+(1+x)^(1/2))/(x+(1+x)^(1/2))^(1/2))+3/4*arctanh(1/2*(1-3*(1+x)^(1/2))/(x+(1+x)^(1/2))^(1/2) )-(x+(1+x)^(1/2))^(1/2)/x
2_Bondarenko_Problems	18	96	A	96	F	0	1/4*arctan(1/2*(3+(1+1/x)^(1/2))/(1/x+(1+1/x)^(1/2))^(1/2))-3/4*arctanh(1/2*(1-3*(1+1/x)^(1/2))/(1/x+(1+1/x)^( 1/2))^(1/2))+x*(1/x+(1+1/x)^(1/2))^(1/2)
2_Bondarenko_Problems	19	25	A	25	A	36	-arctanh(1/2*(1+exp(-x))^(1/2)*2^(1/2))*2^(1/2)
2_Bondarenko_Problems	20	25	A	25	A	35	-2*arctanh(1/2*(1+exp(-x))^(1/2)*2^(1/2))*2^(1/2)
2_Bondarenko_Problems	21	108	B	-	B	-	-523/256*arctanh(sin(x))+1/32*sin(x)/(1-2*sin(x)^2)^4-17/192*sin(x)/(1-2*sin(x)^2)^3+203/768*sin(x)/(1-2*sin(x )^2)^2-437/512*sin(x)/(1-2*sin(x)^2)+1483/1024*arctanh(sin(x)*2^(1/2))*2^(1/2)-43/256*sec(x)*tan(x)-1/128*sec( x)^3*tan(x)
2_Bondarenko_Problems	22	29	A	29	A	40	-ln(1+tan(1/2*x))+(-cos(x)+sin(x))/(1+cos(x)+sin(x))
2_Bondarenko_Problems	23	26	A	26	B	-	1/4*arctanh(1/2*(1+tanh(4*x))^(1/2)*2^(1/2))*2^(1/2)
2_Bondarenko_Problems	24	110	A	147	F	0	arctan(1/2*(I+(1+2*I)*exp(x))/(1-I)^(1/2)/(exp(x)+exp(2*x))^(1/2))/(1-I)^(1/2)-arctan(1/2*(I+(-1+2*I)*exp(x))/ (1+I)^(1/2)/(exp(x)+exp(2*x))^(1/2))/(1+I)^(1/2)+2*(exp(x)+exp(2*x))^(1/2)/exp(x)
2_Bondarenko_Problems	25	40	A	40	F	0	2*I*(sin(1/4*Pi+1/2*I*x)^2)^(1/2)/sin(1/4*Pi+1/2*I*x)*EllipticE(cos(1/4*Pi+1/2*I*x),2^(1/2))*2^(1/2)*sinh(x)^( 1/2)/(I*sinh(x))^(1/2)
2_Bondarenko_Problems	26	185	A	349	F	0	-2*x-arcsin(x)+x*ln(x^2+(-x^2+1)^(1/2))+1/2*arctanh(x*2^(1/2)/(5^(1/2)-1)^(1/2))*(-2+2*5^(1/2))^(1/2)-1/2*arct anh(1/2*x*(-2+2*5^(1/2))^(1/2)/(-x^2+1)^(1/2))*(-2+2*5^(1/2))^(1/2)+1/2*arctan(x*2^(1/2)/(5^(1/2)+1)^(1/2))*(2 +2*5^(1/2))^(1/2)+1/2*arctan(1/2*x*(2+2*5^(1/2))^(1/2)/(-x^2+1)^(1/2))*(2+2*5^(1/2))^(1/2)
2_Bondarenko_Problems	27	102	A	102	F	0	-1/2*ln((1/2-1/2*I)*(I-exp(x)))*ln(1+exp(x))-1/2*ln((-1/2-1/2*I)*(I+exp(x)))*ln(1+exp(x))-polylog(2,-exp(x))-1 /2*polylog(2,(1/2-1/2*I)*(1+exp(x)))-1/2*polylog(2,(1/2+1/2*I)*(1+exp(x)))
2_Bondarenko_Problems	28	159	A	159	F	0	8*sinh(x)-4*ln(2+sinh(x)^2)*sinh(x)+ln(2+sinh(x)^2)^2*sinh(x)-8*arctan(1/2*sinh(x)*2^(1/2))*2^(1/2)+4*I*arctan (1/2*sinh(x)*2^(1/2))^2*2^(1/2)+4*arctan(1/2*sinh(x)*2^(1/2))*ln(2+sinh(x)^2)*2^(1/2)+8*arctan(1/2*sinh(x)*2^( 1/2))*ln(2*2^(1/2)/(I*sinh(x)+2^(1/2)))*2^(1/2)+4*I*polylog(2,1-2*2^(1/2)/(I*sinh(x)+2^(1/2)))*2^(1/2)
2_Bondarenko_Problems	29	395	A	395	F	0	-2*ln(1+sinh(x)+sinh(x)^2)+8*sinh(x)-4*ln(1+sinh(x)+sinh(x)^2)*sinh(x)+ln(1+sinh(x)+sinh(x)^2)^2*sinh(x)+ln(1+ sinh(x)+sinh(x)^2)*ln(1+2*sinh(x)-I*3^(1/2))*(1-I*3^(1/2))-1/2*ln(1+2*sinh(x)-I*3^(1/2))^2*(1-I*3^(1/2))-ln(1+ 2*sinh(x)-I*3^(1/2))*ln(-1/6*I*(1+2*sinh(x)+I*3^(1/2))*3^(1/2))*(1-I*3^(1/2))-polylog(2,1/6*(I+2*I*sinh(x)+3^( 1/2))*3^(1/2))*(1-I*3^(1/2))+ln(1+sinh(x)+sinh(x)^2)*ln(1+2*sinh(x)+I*3^(1/2))*(1+I*3^(1/2))-1/2*ln(1+2*sinh(x )+I*3^(1/2))^2*(1+I*3^(1/2))-ln(1+2*sinh(x)+I*3^(1/2))*ln(1/6*I*(1+2*sinh(x)-I*3^(1/2))*3^(1/2))*(1+I*3^(1/2)) -polylog(2,1/6*(-I-2*I*sinh(x)+3^(1/2))*3^(1/2))*(1+I*3^(1/2))-4*arctan(1/3*(1+2*sinh(x))*3^(1/2))*3^(1/2)
2_Bondarenko_Problems	30	981	A	981	F	0	1/2*I*ln(x+(1+x)^(1/2))*ln((1-I)^(1/2)+(1+x)^(1/2))+1/2*I*ln((1+I)^(1/2)-(1+x)^(1/2))*ln((1-5^(1/2)+2*(1+x)^(1 /2))/(1+2*(1+I)^(1/2)-5^(1/2)))-1/2*I*ln((1-I)^(1/2)+(1+x)^(1/2))*ln((1-5^(1/2)+2*(1+x)^(1/2))/(1-2*(1-I)^(1/2 )-5^(1/2)))-1/2*I*polylog(2,-2*((1-I)^(1/2)+(1+x)^(1/2))/(1-2*(1-I)^(1/2)+5^(1/2)))-1/2*I*ln((1-I)^(1/2)+(1+x) ^(1/2))*ln((1+5^(1/2)+2*(1+x)^(1/2))/(1-2*(1-I)^(1/2)+5^(1/2)))+1/2*I*polylog(2,-2*((1+I)^(1/2)+(1+x)^(1/2))/( 1-2*(1+I)^(1/2)-5^(1/2)))-1/2*I*polylog(2,2*((1-I)^(1/2)-(1+x)^(1/2))/(1+2*(1-I)^(1/2)-5^(1/2)))-1/2*I*ln((1-I )^(1/2)-(1+x)^(1/2))*ln((1-5^(1/2)+2*(1+x)^(1/2))/(1+2*(1-I)^(1/2)-5^(1/2)))+1/2*I*polylog(2,2*((1+I)^(1/2)-(1 +x)^(1/2))/(1+2*(1+I)^(1/2)+5^(1/2)))+1/2*I*ln((1+I)^(1/2)+(1+x)^(1/2))*ln((1-5^(1/2)+2*(1+x)^(1/2))/(1-2*(1+I )^(1/2)-5^(1/2)))+1/2*I*polylog(2,2*((1+I)^(1/2)-(1+x)^(1/2))/(1+2*(1+I)^(1/2)-5^(1/2)))-1/2*I*ln(x+(1+x)^(1/2 ))*ln((1+I)^(1/2)+(1+x)^(1/2))-1/2*I*polylog(2,-2*((1-I)^(1/2)+(1+x)^(1/2))/(1-2*(1-I)^(1/2)-5^(1/2)))+1/2*I*l n((1+I)^(1/2)+(1+x)^(1/2))*ln((1+5^(1/2)+2*(1+x)^(1/2))/(1-2*(1+I)^(1/2)+5^(1/2)))-1/2*I*ln((1-I)^(1/2)-(1+x)^ (1/2))*ln((1+5^(1/2)+2*(1+x)^(1/2))/(1+2*(1-I)^(1/2)+5^(1/2)))+1/2*I*polylog(2,-2*((1+I)^(1/2)+(1+x)^(1/2))/(1 -2*(1+I)^(1/2)+5^(1/2)))+1/2*I*ln((1-I)^(1/2)-(1+x)^(1/2))*ln(x+(1+x)^(1/2))+1/2*I*ln((1+I)^(1/2)-(1+x)^(1/2)) *ln((1+5^(1/2)+2*(1+x)^(1/2))/(1+2*(1+I)^(1/2)+5^(1/2)))-1/2*I*ln((1+I)^(1/2)-(1+x)^(1/2))*ln(x+(1+x)^(1/2))-1 /2*I*polylog(2,2*((1-I)^(1/2)-(1+x)^(1/2))/(1+2*(1-I)^(1/2)+5^(1/2)))
2_Bondarenko_Problems	31	555	A	555	F	0	ln(1+x)-3*ln(1+x)*ln(x+(1+x)^(1/2))-ln(x+(1+x)^(1/2))^2/(1+x)+6*ln(1/2*5^(1/2)-1/2)*ln(1-5^(1/2)+2*(1+x)^(1/2) )+3*ln(1+x)*ln(1+2*(1+x)^(1/2)/(5^(1/2)+1))+6*polylog(2,-2*(1+x)^(1/2)/(5^(1/2)+1))-6*polylog(2,1+2*(1+x)^(1/2 )/(-5^(1/2)+1))-ln(1+5^(1/2)+2*(1+x)^(1/2))*(-5^(1/2)+1)+ln(x+(1+x)^(1/2))*ln(1+5^(1/2)+2*(1+x)^(1/2))*(3-5^(1 /2))-ln(1/10*(-1+5^(1/2)-2*(1+x)^(1/2))*5^(1/2))*ln(1+5^(1/2)+2*(1+x)^(1/2))*(3-5^(1/2))-1/2*ln(1+5^(1/2)+2*(1 +x)^(1/2))^2*(3-5^(1/2))-polylog(2,1/10*(1+5^(1/2)+2*(1+x)^(1/2))*5^(1/2))*(3-5^(1/2))-ln(1-5^(1/2)+2*(1+x)^(1 /2))*(5^(1/2)+1)+ln(x+(1+x)^(1/2))*ln(1-5^(1/2)+2*(1+x)^(1/2))*(3+5^(1/2))-1/2*ln(1-5^(1/2)+2*(1+x)^(1/2))^2*( 3+5^(1/2))-ln(1-5^(1/2)+2*(1+x)^(1/2))*ln(1/10*(1+5^(1/2)+2*(1+x)^(1/2))*5^(1/2))*(3+5^(1/2))-polylog(2,1/10*( -1+5^(1/2)-2*(1+x)^(1/2))*5^(1/2))*(3+5^(1/2))+2*ln(x+(1+x)^(1/2))/(1+x)^(1/2)
2_Bondarenko_Problems	32	313	A	313	F	0	ln(-1+(1+x)^(1/2))*ln(x+(1+x)^(1/2))+ln(1+(1+x)^(1/2))*ln(x+(1+x)^(1/2))-ln(-1+(1+x)^(1/2))*ln((1-5^(1/2)+2*(1 +x)^(1/2))/(3-5^(1/2)))-ln(1+(1+x)^(1/2))*ln((-1+5^(1/2)-2*(1+x)^(1/2))/(5^(1/2)+1))-ln(1+(1+x)^(1/2))*ln((-1- 5^(1/2)-2*(1+x)^(1/2))/(-5^(1/2)+1))-ln(-1+(1+x)^(1/2))*ln((1+5^(1/2)+2*(1+x)^(1/2))/(3+5^(1/2)))-polylog(2,2* (1-(1+x)^(1/2))/(3-5^(1/2)))-polylog(2,2*(1-(1+x)^(1/2))/(3+5^(1/2)))-polylog(2,2*(1+(1+x)^(1/2))/(-5^(1/2)+1) )-polylog(2,2*(1+(1+x)^(1/2))/(5^(1/2)+1))
2_Bondarenko_Problems	33	80	A	80	A	84	x*arctan(2*tan(x))+1/2*I*x*ln(1-3*exp(2*I*x))-1/2*I*x*ln(1-1/3*exp(2*I*x))-1/4*polylog(2,1/3*exp(2*I*x))+1/4*p olylog(2,3*exp(2*I*x))
2_Bondarenko_Problems	34	57	A	57	A	31	1/2*I*ln(x)*polylog(2,-I*x)-1/2*I*ln(x)*polylog(2,I*x)-1/2*I*polylog(3,-I*x)+1/2*I*polylog(3,I*x)
2_Bondarenko_Problems	35	121	A	121	F	0	arcsinh(x)-I*arctan((1+I*x)/(x^2+1)^(1/2))*arctan(x)^2+I*arctan(x)*polylog(2,-I*(1+I*x)/(x^2+1)^(1/2))-I*arcta n(x)*polylog(2,I*(1+I*x)/(x^2+1)^(1/2))-polylog(3,-I*(1+I*x)/(x^2+1)^(1/2))+polylog(3,I*(1+I*x)/(x^2+1)^(1/2)) -arctan(x)*(x^2+1)^(1/2)+1/2*x*arctan(x)^2*(x^2+1)^(1/2)
3_Bronstein_Problems	1	28	A	28	F	0	-1/4*arctanh((x^8+1)^(1/2))-1/4/(x^8+1)^(1/2)
3_Bronstein_Problems	2	2	A	2	A	2	arctan(x)
3_Bronstein_Problems	3	14	A	14	B	-	-1/4*arctanh((x^8+1)^(1/2))
3_Bronstein_Problems	4	252	A	252	F	0	2*(-x^3+1)^(1/2)/(1-x+3^(1/2))+2/3*(1-x)*EllipticF((1-x-3^(1/2))/(1-x+3^(1/2)),I*3^(1/2)+2*I)*2^(1/2)*((x^2+x+ 1)/(1-x+3^(1/2))^2)^(1/2)*3^(3/4)/(-x^3+1)^(1/2)/((1-x)/(1-x+3^(1/2))^2)^(1/2)-3^(1/4)*(1-x)*EllipticE((1-x-3^ (1/2))/(1-x+3^(1/2)),I*3^(1/2)+2*I)*(1/2*6^(1/2)-1/2*2^(1/2))*((x^2+x+1)/(1-x+3^(1/2))^2)^(1/2)/(-x^3+1)^(1/2) /((1-x)/(1-x+3^(1/2))^2)^(1/2)
3_Bronstein_Problems	5	16	A	16	B	-	-2/3*arctanh((-x^3+1)^(1/2))
3_Bronstein_Problems	6	76	A	76	F	0	1/8*ln(10001+3124*x^2-1408*x^3+54*x^4-128*x^5+20*x^6+x^8+(x^6+15*x^4-80*x^3+27*x^2-528*x+781)*(x^4+10*x^2-96*x -71)^(1/2))
3_Bronstein_Problems	7	13	A	13	B	-	-1/2*x^2-x*cot(x)
3_Bronstein_Problems	8	42	A	42	B	-	1/2*I*x^2-x*ln(1+exp(2*I*x))+1/2*I*polylog(2,-exp(2*I*x))+tan(x)
3_Bronstein_Problems	9	2	A	2	C	-	Si(x)
3_Bronstein_Problems	10	17	A	17	A	21	3*x*(exp(x)+x)^(2/3)+3*ln(x)
3_Bronstein_Problems	11	13	A	13	A	11	ln(x)-2/(x+ln(x))^(1/2)
3_Bronstein_Problems	12	13	F	0	F	0	ln(x)-2/(x+ln(x))^(1/2)
3_Bronstein_Problems	13	23	A	23	F	0	Li(x)-1/2*ln(x-ln(x))+1/2*ln(x+ln(x))
3_Bronstein_Problems	14	39	A	39	F	0	arctan(1/2*x*(x^4-3*x^2+1))+arctan(2*x-3^(1/2))+arctan(2*x+3^(1/2))
4_Charlwood_Problems	1	51	A	51	A	58	arctanh((-x^2+1)^(1/2))-x*arcsin(x)*(1-ln(x))-2*(-x^2+1)^(1/2)+ln(x)*(-x^2+1)^(1/2)
4_Charlwood_Problems	2	17	A	17	A	15	x-arcsin(x)*(-x^2+1)^(1/2)
4_Charlwood_Problems	3	69	F	0	A	4	-(3/8+x)*arcsin(x^(1/2)-(1+x)^(1/2))+1/8*(x^(1/2)+3*(1+x)^(1/2))*(-x+x^(1/2)*(1+x)^(1/2))^(1/2)*2^(1/2)
4_Charlwood_Problems	4	97	B	-	F	0	-2*x+x*ln(1+x*(x^2+1)^(1/2))-arctanh((x+(x^2+1)^(1/2))*(2+5^(1/2))^(1/2))*(-2+2*5^(1/2))^(1/2)+arctan((x+(x^2+ 1)^(1/2))*(-2+5^(1/2))^(1/2))*(2+2*5^(1/2))^(1/2)
4_Charlwood_Problems	5	45	C	-	F	0	1/3*x+1/3*arctan(cos(x)*(1+cos(x)^2)*sin(x)/(1+cos(x)^2*(1+cos(x)^2+cos(x)^4)^(1/2)))
4_Charlwood_Problems	6	56	A	56	F	0	-1/2*arcsinh(tan(x)^2)-1/2*arctanh(1/2*(1-tan(x)^2)*2^(1/2)/(1+tan(x)^4)^(1/2))*2^(1/2)+1/2*(1+tan(x)^4)^(1/2)
4_Charlwood_Problems	7	15	A	15	B	-	-2/3*arctanh((1+sec(x)^3)^(1/2))
4_Charlwood_Problems	8	137	A	137	F(-2)	0	arcsinh(1+tan(x))-1/2*arctanh((2*5^(1/2)+(5-5^(1/2))*tan(x))/(-10+10*5^(1/2))^(1/2)/(2+2*tan(x)+tan(x)^2)^(1/2 ))*(-2+2*5^(1/2))^(1/2)-1/2*arctan((2*5^(1/2)-(5+5^(1/2))*tan(x))/(10+10*5^(1/2))^(1/2)/(2+2*tan(x)+tan(x)^2)^ (1/2))*(2+2*5^(1/2))^(1/2)
4_Charlwood_Problems	9	41	A	41	A	60	1/2*arctan((-1+sec(x))^(1/2))-arctan((-1+sec(x))^(1/2))*cos(x)+1/2*cos(x)*(-1+sec(x))^(1/2)
4_Charlwood_Problems	10	44	A	62	F	0	1/10*exp(arcsin(x))*(3*x+x^3-3*(-x^2+1)^(1/2)-3*x^2*(-x^2+1)^(1/2))
4_Charlwood_Problems	11	68	A	68	F	0	4*x-2*arctan(x)-x*ln(x^2+1)-2*ln(x+(x^2+1)^(1/2))*(x^2+1)^(1/2)+ln(x^2+1)*ln(x+(x^2+1)^(1/2))*(x^2+1)^(1/2)
4_Charlwood_Problems	12	141	C	-	F	0	-1/2*arcsin(x)+x*arctan(x+(-x^2+1)^(1/2))-1/4*arctanh(x*(-x^2+1)^(1/2))-1/8*ln(x^4-x^2+1)-1/4*arctan(1/3*(2*x^ 2-1)*3^(1/2))*3^(1/2)+1/4*arctan((-1+x*3^(1/2))/(-x^2+1)^(1/2))*3^(1/2)+1/4*arctan((1+x*3^(1/2))/(-x^2+1)^(1/2 ))*3^(1/2)
4_Charlwood_Problems	13	152	C	-	F	0	-1/2*arcsin(x)+1/4*arctanh(x*(-x^2+1)^(1/2))+1/8*ln(x^4-x^2+1)-1/4*arctan(1/3*(2*x^2-1)*3^(1/2))*3^(1/2)+1/4*a rctan((-1+x*3^(1/2))/(-x^2+1)^(1/2))*3^(1/2)+1/4*arctan((1+x*3^(1/2))/(-x^2+1)^(1/2))*3^(1/2)-arctan(x+(-x^2+1 )^(1/2))*(-x^2+1)^(1/2)
4_Charlwood_Problems	14	45	A	51	F	0	1/2*arcsin(x)^2-ln(1+(-x^2+1)^(1/2))-x*arcsin(x)/(1+(-x^2+1)^(1/2))
4_Charlwood_Problems	15	34	A	34	F	0	-1/2*arcsin(x^2)+x*ln(x+(x^2+1)^(1/2))/(-x^2+1)^(1/2)
4_Charlwood_Problems	16	22	A	22	A	18	-1/2*arcsin(x^2)+x*arcsin(x)/(x^2+1)^(1/2)
4_Charlwood_Problems	17	32	A	32	F	0	-1/2*arccosh(x^2)+x*ln(x+(x^2-1)^(1/2))/(x^2+1)^(1/2)
4_Charlwood_Problems	18	43	A	43	A	41	-arctanh(x/(x^2-1)^(1/2))+(x^2-1)^(1/2)/x+ln(x)*(x^2-1)^(1/2)/x
4_Charlwood_Problems	19	28	A	28	A	34	-2/3*arctanh((x^3+1)^(1/2))+2/3*(x^3+1)^(1/2)
4_Charlwood_Problems	20	26	A	26	A	22	-x+ln(x+(x^2-1)^(1/2))*(x^2-1)^(1/2)
4_Charlwood_Problems	21	38	A	38	F	0	1/4*arcsinh(x)+1/4*x*(x^2+1)^(1/2)-1/2*arcsin(x)*(-x^4+1)^(1/2)
4_Charlwood_Problems	22	70	A	94	F	0	1/2*arctanh(x*(1-1/x^2)^(1/2)/(x^4-1)^(1/2))+1/2*arcsec(x)*(x^4-1)^(1/2)-1/2*(x^4-1)^(1/2)/x/(1-1/x^2)^(1/2)
4_Charlwood_Problems	23	58	A	58	F	0	-x*arctan(x)+1/2*ln(x^2+1)-1/2*ln(x+(x^2+1)^(1/2))^2+arctan(x)*ln(x+(x^2+1)^(1/2))*(x^2+1)^(1/2)
4_Charlwood_Problems	24	55	A	55	A	36	-ln(1+(-x^2+1)^(1/2))+(-x^2+1)^(1/2)-ln(1+(-x^2+1)^(1/2))*(-x^2+1)^(1/2)
4_Charlwood_Problems	25	26	A	26	A	22	-x+ln(x+(x^2+1)^(1/2))*(x^2+1)^(1/2)
4_Charlwood_Problems	26	78	A	78	F	0	1/2*arctanh(x*2^(1/2))*2^(1/2)-1/2*arctanh(2^(1/2)*(-x^2+1)^(1/2))*2^(1/2)+(-x^2+1)^(1/2)-ln(x+(-x^2+1)^(1/2)) *(-x^2+1)^(1/2)
4_Charlwood_Problems	27	39	A	39	A	35	-arcsin(x)-(-x^2+1)^(1/2)/x-ln(x)*(-x^2+1)^(1/2)/x
4_Charlwood_Problems	28	17	A	17	A	15	-arcsinh(x)+arctan(x)*(x^2+1)^(1/2)
4_Charlwood_Problems	29	57	A	57	F	0	-arctanh((-x^2+1)^(1/2))+arctanh(1/2*2^(1/2)*(-x^2+1)^(1/2))*2^(1/2)-arctan(x)*(-x^2+1)^(1/2)/x
4_Charlwood_Problems	30	45	A	45	F(-2)	0	-arcsin(x)+arctan(x*2^(1/2)/(-x^2+1)^(1/2))*2^(1/2)-arctan(x)*(-x^2+1)^(1/2)
4_Charlwood_Problems	31	29	A	29	A	22	-arctanh((x^2+1)^(1/2))-arctan(x)*(x^2+1)^(1/2)/x
4_Charlwood_Problems	32	21	A	21	A	19	ln(x)-arcsin(x)*(-x^2+1)^(1/2)/x
4_Charlwood_Problems	33	34	A	34	A	27	arctan((x^2-1)^(1/2))-(x^2-1)^(1/2)+ln(x)*(x^2-1)^(1/2)
4_Charlwood_Problems	34	33	A	33	A	29	arcsinh(x)-(x^2+1)^(1/2)/x-ln(x)*(x^2+1)^(1/2)/x
4_Charlwood_Problems	35	25	A	25	A	15	-x*ln(x)/(x^2)^(1/2)+arcsec(x)*(x^2-1)^(1/2)
4_Charlwood_Problems	36	34	A	34	A	25	arctanh((x^2+1)^(1/2))-(x^2+1)^(1/2)+ln(x)*(x^2+1)^(1/2)
4_Charlwood_Problems	37	16	A	16	A	24	-1/2*arctanh(1/2*cos(x)*2^(1/2))*2^(1/2)
4_Charlwood_Problems	38	23	A	23	F	0	1/2*arctanh(x*2^(1/2)/(x^4+1)^(1/2))*2^(1/2)
4_Charlwood_Problems	39	23	A	23	F	0	1/2*arctan(x*2^(1/2)/(x^4+1)^(1/2))*2^(1/2)
4_Charlwood_Problems	40	22	A	22	B	-	-x-arctanh(cos(x))-cos(x)*ln(sin(x))/(1+sin(x))
4_Charlwood_Problems	41	42	A	42	F	0	-4*arctanh(cos(x)/(1+sin(x))^(1/2))+4*cos(x)/(1+sin(x))^(1/2)-2*cos(x)*ln(sin(x))/(1+sin(x))^(1/2)
4_Charlwood_Problems	42	28	B	-	F	0	-1/2*arctanh(1/2*cos(x)*cot(x)*(-1+sec(x)^4)^(1/2)*2^(1/2))*2^(1/2)
4_Charlwood_Problems	43	34	A	34	B	-	-1/4*arctanh(1/2*(1-tan(x)^2)*2^(1/2)/(1+tan(x)^4)^(1/2))*2^(1/2)
4_Charlwood_Problems	44	39	A	50	F	0	1/6*arctanh(1/2*cos(x)*(1+sin(x)^2)*3^(1/2)/(1-sin(x)^6)^(1/2))*3^(1/2)
4_Charlwood_Problems	45	337	F	0	F	0	cot(x)*2^(1/2)*(-1+sec(x))^(1/2)*(1+sec(x))^(1/2)*(arctan(1/2*(-2^(1/2)-(-1+sec(x))^(1/2)+(1+sec(x))^(1/2))*(- 2+2*2^(1/2))^(1/2)/(-(-1+sec(x))^(1/2)+(1+sec(x))^(1/2))^(1/2))*(2^(1/2)-1)^(1/2)+arctanh((2+2*2^(1/2))^(1/2)* (-(-1+sec(x))^(1/2)+(1+sec(x))^(1/2))^(1/2)/(2^(1/2)-(-1+sec(x))^(1/2)+(1+sec(x))^(1/2)))*(2^(1/2)-1)^(1/2)-ar ctan(1/2*(-2^(1/2)-(-1+sec(x))^(1/2)+(1+sec(x))^(1/2))*(2+2*2^(1/2))^(1/2)/(-(-1+sec(x))^(1/2)+(1+sec(x))^(1/2 ))^(1/2))*(1+2^(1/2))^(1/2)-arctanh((-2+2*2^(1/2))^(1/2)*(-(-1+sec(x))^(1/2)+(1+sec(x))^(1/2))^(1/2)/(2^(1/2)- (-1+sec(x))^(1/2)+(1+sec(x))^(1/2)))*(1+2^(1/2))^(1/2))
4_Charlwood_Problems	46	77	A	77	A	67	3*x*arctan(x)-3/2*arctan(x)^2-1/2*x^2*arctan(x)^2-3/2*ln(x^2+1)-x*arctan(x)*ln(x^2+1)+1/2*(x^2+1)*arctan(x)^2* ln(x^2+1)+1/4*ln(x^2+1)^2
4_Charlwood_Problems	47	120	A	120	F	0	-1/2*arctan(-3^(1/2)+2*(x^2+1)^(1/2))+x*arctan(x*(x^2+1)^(1/2))-1/2*arctan(3^(1/2)+2*(x^2+1)^(1/2))-1/4*ln(2+x ^2-3^(1/2)*(x^2+1)^(1/2))*3^(1/2)+1/4*ln(2+x^2+3^(1/2)*(x^2+1)^(1/2))*3^(1/2)
4_Charlwood_Problems	48	31	A	37	A	26	-(1+x)*arctan(x^(1/2)-(1+x)^(1/2))+1/2*x^(1/2)
4_Charlwood_Problems	49	29	A	29	F	0	x*arcsin(x/(-x^2+1)^(1/2))+arctan((-2*x^2+1)^(1/2))
4_Charlwood_Problems	50	106	A	106	F	0	x*arctan(x*(-x^2+1)^(1/2))+1/2*arctanh(1/2*(-x^2+1)^(1/2)*(-2+2*5^(1/2))^(1/2))*(-2+2*5^(1/2))^(1/2)-1/2*arcta n(1/2*(-x^2+1)^(1/2)*(2+2*5^(1/2))^(1/2))*(2+2*5^(1/2))^(1/2)
5_Hearn_Problems	1	16	A	16	A	12	x+1/2*x^2+1/3*x^3
5_Hearn_Problems	2	22	A	22	A	16	1/5*x^5+2/3*x^6+4/7*x^7
5_Hearn_Problems	3	22	A	22	A	16	1/2*x^2+2/3*x^3+1/4*x^4
5_Hearn_Problems	4	2	A	2	A	2	ln(x)
5_Hearn_Problems	5	36	A	36	A	32	8/3/(1-x)^3-6/(1-x)^2+6/(1-x)+ln(1-x)
5_Hearn_Problems	6	32	A	32	A	24	-1/2/(1+x)+1/4*ln(1-x)-ln(x)+3/4*ln(1+x)
5_Hearn_Problems	7	40	A	40	A	40	(a*p+b)*ln(p-x)/(p-q)-(a*q+b)*ln(q-x)/(p-q)
5_Hearn_Problems	8	34	A	34	F(-2)	0	-2*arctanh((2*a*x+b)/(-4*a*c+b^2)^(1/2))/(-4*a*c+b^2)^(1/2)
5_Hearn_Problems	9	16	A	16	A	14	b*arctan(x)+1/2*a*ln(x^2+1)
5_Hearn_Problems	10	19	A	19	A	14	-1/2*arctan(1/2*(1-x)*2^(1/2))*2^(1/2)
5_Hearn_Problems	11	49	A	49	A	39	1/4/(1-x)-1/4/(x^2+1)+1/4*arctan(x)-1/2*ln(1-x)+1/4*ln(x^2+1)
5_Hearn_Problems	12	68	A	68	A	78	a*ln(a-x)/(a-b)/(a-c)-b*ln(b-x)/(a-b)/(b-c)+c*ln(c-x)/(a-c)/(b-c)
5_Hearn_Problems	13	47	A	47	A	43	-1/2*ln(a^2+x^2)/(a^2-b^2)+1/2*ln(b^2+x^2)/(a^2-b^2)
5_Hearn_Problems	14	40	A	40	A	40	a*arctan(x/a)/(a^2-b^2)-b*arctan(x/b)/(a^2-b^2)
5_Hearn_Problems	15	27	A	27	A	19	1/2*arctan(x)+1/2*ln(1-x)-1/4*ln(x^2+1)
5_Hearn_Problems	16	41	A	41	A	34	-1/3*ln(1+x)+1/6*ln(x^2-x+1)-1/3*arctan(1/3*(1-2*x)*3^(1/2))*3^(1/2)
5_Hearn_Problems	17	43	A	43	A	31	1/2/(1-x)+3/4*ln(1-x)-1/12*ln(1+x)-1/3*ln(x^2-x+1)
5_Hearn_Problems	18	85	A	85	A	72	1/4*arctan(-1+x*2^(1/2))*2^(1/2)+1/4*arctan(1+x*2^(1/2))*2^(1/2)-1/8*ln(1+x^2-x*2^(1/2))*2^(1/2)+1/8*ln(1+x^2+ x*2^(1/2))*2^(1/2)
5_Hearn_Problems	19	85	A	85	A	72	1/4*arctan(-1+x*2^(1/2))*2^(1/2)+1/4*arctan(1+x*2^(1/2))*2^(1/2)+1/8*ln(1+x^2-x*2^(1/2))*2^(1/2)-1/8*ln(1+x^2+ x*2^(1/2))*2^(1/2)
5_Hearn_Problems	20	67	A	67	A	53	-1/4*ln(x^2-x+1)+1/4*ln(x^2+x+1)-1/6*arctan(1/3*(1-2*x)*3^(1/2))*3^(1/2)+1/6*arctan(1/3*(1+2*x)*3^(1/2))*3^(1/ 2)
5_Hearn_Problems	21	18	A	18	A	18	(b*x+a)^(1+p)/b/(1+p)
5_Hearn_Problems	22	39	A	39	A	42	-a*(b*x+a)^(1+p)/b^2/(1+p)+(b*x+a)^(2+p)/b^2/(2+p)
5_Hearn_Problems	23	60	A	60	A	68	a^2*(b*x+a)^(1+p)/b^3/(1+p)-2*a*(b*x+a)^(2+p)/b^3/(2+p)+(b*x+a)^(3+p)/b^3/(3+p)
5_Hearn_Problems	24	10	A	10	A	10	ln(b*x+a)/b
5_Hearn_Problems	25	12	A	12	A	12	-1/b/(b*x+a)
5_Hearn_Problems	26	18	A	18	A	18	x/b-a*ln(b*x+a)/b^2
5_Hearn_Problems	27	31	A	31	A	29	-a*x/b^2+1/2*x^2/b+a^2*ln(b*x+a)/b^3
5_Hearn_Problems	28	18	A	18	A	18	ln(x)/a-ln(b*x+a)/a
5_Hearn_Problems	29	28	A	28	A	28	-1/a/x-b*ln(x)/a^2+b*ln(b*x+a)/a^2
5_Hearn_Problems	30	42	A	42	A	45	-1/a^2/x-b/a^2/(b*x+a)-2*b*ln(x)/a^3+2*b*ln(b*x+a)/a^3
5_Hearn_Problems	31	10	A	10	A	10	arctan(x/c)/c
5_Hearn_Problems	32	10	A	10	B	-	arctanh(x/c)/c
5_Hearn_Problems	33	78	A	78	A	66	1/6*ln(1-2^(1/3)*x)*2^(2/3)-1/12*ln(1+2^(1/3)*x+2^(2/3)*x^2)*2^(2/3)-1/6*arctan(1/3*(1+2*2^(1/3)*x)*3^(1/2))*2 ^(2/3)*3^(1/2)
5_Hearn_Problems	34	74	A	74	A	56	1/6*ln(2^(1/3)-x)*2^(1/3)-1/12*ln(2^(2/3)+2^(1/3)*x+x^2)*2^(1/3)-1/6*arctan(1/3*(1+2^(2/3)*x)*3^(1/2))*2^(1/3) *3^(1/2)
5_Hearn_Problems	35	115	A	115	A	97	1/3*ln(b^(1/3)-a^(1/3)*x)/a^(1/3)/b^(2/3)-1/6*ln(b^(2/3)+a^(1/3)*b^(1/3)*x+a^(2/3)*x^2)/a^(1/3)/b^(2/3)-1/3*ar ctan(1/3*(b^(1/3)+2*a^(1/3)*x)/b^(1/3)*3^(1/2))/a^(1/3)/b^(2/3)*3^(1/2)
5_Hearn_Problems	36	35	A	35	A	34	-1/4*arctan(1/2*x*2^(3/4))*2^(1/4)-1/4*arctanh(1/2*x*2^(3/4))*2^(1/4)
5_Hearn_Problems	37	35	A	35	A	41	-1/10*arctan(5^(1/4)*x)*5^(3/4)-1/10*arctanh(5^(1/4)*x)*5^(3/4)
5_Hearn_Problems	38	171	A	171	A	151	1/84*arctan(-1+1/7*3^(1/4)*7^(3/4)*x*2^(1/2))*3^(3/4)*7^(1/4)*2^(1/2)+1/84*arctan(1+1/7*3^(1/4)*7^(3/4)*x*2^(1 /2))*3^(3/4)*7^(1/4)*2^(1/2)-1/168*ln(3*x^2-3^(3/4)*7^(1/4)*x*2^(1/2)+21^(1/2))*3^(3/4)*7^(1/4)*2^(1/2)+1/168* ln(3*x^2+3^(3/4)*7^(1/4)*x*2^(1/2)+21^(1/2))*3^(3/4)*7^(1/4)*2^(1/2)
5_Hearn_Problems	39	73	A	73	F	0	-1/13*arctan(x*2^(1/2)/(3+13^(1/2))^(1/2))*26^(1/2)/(3+13^(1/2))^(1/2)-1/26*arctanh(x*2^(1/2)/(-3+13^(1/2))^(1 /2))*(78+26*13^(1/2))^(1/2)
5_Hearn_Problems	40	73	A	73	F	0	-1/13*arctanh(x*2^(1/2)/(3+13^(1/2))^(1/2))*26^(1/2)/(3+13^(1/2))^(1/2)-1/26*arctan(x*2^(1/2)/(-3+13^(1/2))^(1 /2))*(78+26*13^(1/2))^(1/2)
5_Hearn_Problems	41	72	A	72	A	75	-1/5*arctanh(x*2^(1/2)/(3+5^(1/2))^(1/2))*10^(1/2)/(3+5^(1/2))^(1/2)+arctanh(x*(1/2+1/2*5^(1/2)))*(1/2+1/10*5^ (1/2))
5_Hearn_Problems	42	67	A	67	F	0	1/2*arctanh(x/(1/2*6^(1/2)-1/2*2^(1/2)))/(3/2*2^(1/2)-1/2*6^(1/2))-1/2*arctanh(x/(1/2*6^(1/2)+1/2*2^(1/2)))/(3 /2*2^(1/2)+1/2*6^(1/2))
5_Hearn_Problems	43	67	A	67	F	0	1/2*arctan(x/(1/2*6^(1/2)-1/2*2^(1/2)))/(3/2*2^(1/2)-1/2*6^(1/2))-1/2*arctan(x/(1/2*6^(1/2)+1/2*2^(1/2)))/(3/2 *2^(1/2)+1/2*6^(1/2))
5_Hearn_Problems	44	196	A	196	F	0	-1/28*arctan((-2*x+(-1+2*2^(1/2))^(1/2))/(1+2*2^(1/2))^(1/2))*(-14+28*2^(1/2))^(1/2)+1/28*arctan((2*x+(-1+2*2^ (1/2))^(1/2))/(1+2*2^(1/2))^(1/2))*(-14+28*2^(1/2))^(1/2)-1/4*ln(x^2+2^(1/2)-x*(-1+2*2^(1/2))^(1/2))/(-2+4*2^( 1/2))^(1/2)+1/4*ln(x^2+2^(1/2)+x*(-1+2*2^(1/2))^(1/2))/(-2+4*2^(1/2))^(1/2)
5_Hearn_Problems	45	196	A	196	F	0	-1/28*arctan((-2*x+(1+2*2^(1/2))^(1/2))/(-1+2*2^(1/2))^(1/2))*(14+28*2^(1/2))^(1/2)+1/28*arctan((2*x+(1+2*2^(1 /2))^(1/2))/(-1+2*2^(1/2))^(1/2))*(14+28*2^(1/2))^(1/2)-1/4*ln(x^2+2^(1/2)-x*(1+2*2^(1/2))^(1/2))/(2+4*2^(1/2) )^(1/2)+1/4*ln(x^2+2^(1/2)+x*(1+2*2^(1/2))^(1/2))/(2+4*2^(1/2))^(1/2)
5_Hearn_Problems	46	73	A	73	A	65	-1/3*arctanh(x)+1/12*ln(x^2-x+1)-1/12*ln(x^2+x+1)+1/6*arctan(1/3*(1-2*x)*3^(1/2))*3^(1/2)-1/6*arctan(1/3*(1+2* x)*3^(1/2))*3^(1/2)
5_Hearn_Problems	47	138	A	138	A	112	-1/6*arctanh(1/2*x*2^(5/6))*2^(1/6)+1/24*ln(2^(1/3)-2^(1/6)*x+x^2)*2^(1/6)-1/24*ln(2^(1/3)+2^(1/6)*x+x^2)*2^(1 /6)-1/12*arctan(-1/3*3^(1/2)+1/3*2^(5/6)*x*3^(1/2))*2^(1/6)*3^(1/2)-1/12*arctan(1/3*3^(1/2)+1/3*2^(5/6)*x*3^(1 /2))*2^(1/6)*3^(1/2)
5_Hearn_Problems	48	138	A	138	A	107	1/6*arctan(1/2*x*2^(5/6))*2^(1/6)+1/12*arctan(x*2^(5/6)-3^(1/2))*2^(1/6)+1/12*arctan(x*2^(5/6)+3^(1/2))*2^(1/6 )-1/24*ln(2^(1/3)+x^2-2^(1/6)*x*3^(1/2))*2^(1/6)*3^(1/2)+1/24*ln(2^(1/3)+x^2+2^(1/6)*x*3^(1/2))*2^(1/6)*3^(1/2 )
5_Hearn_Problems	49	339	A	339	F	0	-1/16*ln(1+x^2-x*(2-2^(1/2))^(1/2))*(2-2^(1/2))^(1/2)+1/16*ln(1+x^2+x*(2-2^(1/2))^(1/2))*(2-2^(1/2))^(1/2)-1/4 *arctan((-2*x+(2-2^(1/2))^(1/2))/(2+2^(1/2))^(1/2))/(4-2*2^(1/2))^(1/2)+1/4*arctan((2*x+(2-2^(1/2))^(1/2))/(2+ 2^(1/2))^(1/2))/(4-2*2^(1/2))^(1/2)-1/16*ln(1+x^2-x*(2+2^(1/2))^(1/2))*(2+2^(1/2))^(1/2)+1/16*ln(1+x^2+x*(2+2^ (1/2))^(1/2))*(2+2^(1/2))^(1/2)-1/4*arctan((-2*x+(2+2^(1/2))^(1/2))/(2-2^(1/2))^(1/2))/(4+2*2^(1/2))^(1/2)+1/4 *arctan((2*x+(2+2^(1/2))^(1/2))/(2-2^(1/2))^(1/2))/(4+2*2^(1/2))^(1/2)
5_Hearn_Problems	50	97	A	97	A	88	-1/4*arctan(x)-1/4*arctanh(x)-1/8*arctan(-1+x*2^(1/2))*2^(1/2)-1/8*arctan(1+x*2^(1/2))*2^(1/2)+1/16*ln(1+x^2-x *2^(1/2))*2^(1/2)-1/16*ln(1+x^2+x*2^(1/2))*2^(1/2)
5_Hearn_Problems	51	275	A	275	F	0	-1/12*arctan((-2*x+1/2*6^(1/2)-1/2*2^(1/2))/(1/2*6^(1/2)+1/2*2^(1/2)))*6^(1/2)+1/12*arctan((2*x+1/2*6^(1/2)-1/ 2*2^(1/2))/(1/2*6^(1/2)+1/2*2^(1/2)))*6^(1/2)-1/12*arctan((-2*x+1/2*6^(1/2)+1/2*2^(1/2))/(1/2*6^(1/2)-1/2*2^(1 /2)))*6^(1/2)+1/12*arctan((2*x+1/2*6^(1/2)+1/2*2^(1/2))/(1/2*6^(1/2)-1/2*2^(1/2)))*6^(1/2)-1/24*ln(1+x^2-x*(1/ 2*6^(1/2)-1/2*2^(1/2)))*6^(1/2)+1/24*ln(1+x^2+x*(1/2*6^(1/2)-1/2*2^(1/2)))*6^(1/2)-1/24*ln(1+x^2-x*(1/2*6^(1/2 )+1/2*2^(1/2)))*6^(1/2)+1/24*ln(1+x^2+x*(1/2*6^(1/2)+1/2*2^(1/2)))*6^(1/2)
5_Hearn_Problems	52	49	A	49	A	40	-1/12*ln(x^4+1)+1/24*ln(x^8-x^4+1)-1/12*arctan(1/3*(-2*x^4+1)*3^(1/2))*3^(1/2)
5_Hearn_Problems	53	8	A	8	A	8	-x+x*ln(x)
5_Hearn_Problems	54	17	A	17	A	13	-1/4*x^2+1/2*x^2*ln(x)
5_Hearn_Problems	55	17	A	17	A	13	-1/9*x^3+1/3*x^3*ln(x)
5_Hearn_Problems	56	26	A	26	A	26	-x^(1+p)/(1+p)^2+x^(1+p)*ln(x)/(1+p)
5_Hearn_Problems	57	15	A	15	A	12	2*x-2*x*ln(x)+x*ln(x)^2
5_Hearn_Problems	58	127	A	127	A	71	-6237/156250000*x^10+6237/15625000*x^10*ln(x)-6237/3125000*x^10*ln(x)^2+2079/312500*x^10*ln(x)^3-2079/125000*x ^10*ln(x)^4+2079/62500*x^10*ln(x)^5-693/12500*x^10*ln(x)^6+99/1250*x^10*ln(x)^7-99/1000*x^10*ln(x)^8+11/100*x^ 10*ln(x)^9-11/100*x^10*ln(x)^10+1/10*x^10*ln(x)^11
5_Hearn_Problems	59	8	A	8	A	6	1/3*ln(x)^3
5_Hearn_Problems	60	2	A	2	A	3	Li(x)
5_Hearn_Problems	61	4	A	4	A	5	Li(1+x)
5_Hearn_Problems	62	3	A	3	A	3	ln(ln(x))
5_Hearn_Problems	63	17	A	17	A	6	-Ei(-ln(x))-1/x/ln(x)
5_Hearn_Problems	64	12	A	12	A	12	ln(x)^(1+p)/(1+p)
5_Hearn_Problems	65	28	A	28	A	25	-b*x-1/4*a*x^2+b*x*ln(x)+1/2*a*x^2*ln(x)
5_Hearn_Problems	66	54	A	54	A	47	-b^2*x-1/2*a*b*x^2-1/9*a^2*x^3-1/3*b^3*ln(x)/a+1/3*(a*x+b)^3*ln(x)/a
5_Hearn_Problems	67	29	A	29	A	38	x*ln(x)/b/(a*x+b)-ln(a*x+b)/a/b
5_Hearn_Problems	68	46	A	46	A	44	1/2*b*x/a-1/4*x^2-1/2*b^2*ln(a*x+b)/a^2+1/2*x^2*ln(a*x+b)
5_Hearn_Problems	69	59	A	59	A	57	-1/3*b^2*x/a^2+1/6*b*x^2/a-1/9*x^3+1/3*b^3*ln(a*x+b)/a^3+1/3*x^3*ln(a*x+b)
5_Hearn_Problems	70	23	A	23	A	23	-2*x+2*a*arctan(x/a)+x*ln(a^2+x^2)
5_Hearn_Problems	71	27	A	27	A	28	-1/2*x^2+1/2*(a^2+x^2)*ln(a^2+x^2)
5_Hearn_Problems	72	44	A	44	A	36	2/3*a^2*x-2/9*x^3-2/3*a^3*arctan(x/a)+1/3*x^3*ln(a^2+x^2)
5_Hearn_Problems	73	54	A	54	A	44	-2/5*a^4*x+2/15*a^2*x^3-2/25*x^5+2/5*a^5*arctan(x/a)+1/5*x^5*ln(a^2+x^2)
5_Hearn_Problems	74	25	A	25	A	31	-2*x+2*a*arctanh(x/a)+x*ln(-a^2+x^2)
5_Hearn_Problems	75	8	A	0	A	0	CannotIntegrate(ln(ln(ln(ln(x)))),x)
5_Hearn_Problems	76	4	A	4	A	4	-cos(x)
5_Hearn_Problems	77	2	A	2	A	2	sin(x)
5_Hearn_Problems	78	5	A	5	A	3	-ln(cos(x))
5_Hearn_Problems	79	3	A	3	A	3	ln(sin(x))
5_Hearn_Problems	80	21	A	21	A	25	1/2*ln(cos(x)+sin(x))-1/2/(1+tan(x))
5_Hearn_Problems	81	3	A	3	B	-	arctanh(sin(x))
5_Hearn_Problems	82	5	A	5	B	-	-arctanh(cos(x))
5_Hearn_Problems	83	14	A	14	A	10	1/2*x-1/2*cos(x)*sin(x)
5_Hearn_Problems	84	20	A	20	A	16	-1/2*x^2*cos(x^2)+1/2*sin(x^2)
5_Hearn_Problems	85	13	A	13	A	11	-cos(x)+1/3*cos(x)^3
5_Hearn_Problems	86	44	A	44	F	0	cos(x)*hypergeom([1/2, 1/2+1/2*p],[3/2+1/2*p],sin(x)^2)*sin(x)^(1+p)/(1+p)/(cos(x)^2)^(1/2)
5_Hearn_Problems	87	19	A	19	A	15	sin(x)+2/3*sin(x)^3+1/5*sin(x)^5
5_Hearn_Problems	88	14	A	14	A	10	1/2*x+1/2*cos(x)*sin(x)
5_Hearn_Problems	89	11	A	11	A	9	sin(x)-1/3*sin(x)^3
5_Hearn_Problems	90	2	A	2	A	2	tan(x)
5_Hearn_Problems	91	15	A	15	A	11	1/2*sin(x)-1/6*sin(3*x)
5_Hearn_Problems	92	8	A	8	A	8	-x*cos(x)+sin(x)
5_Hearn_Problems	93	17	A	17	A	15	2*cos(x)-x^2*cos(x)+2*x*sin(x)
5_Hearn_Problems	94	25	A	25	A	19	1/4*x^2-1/2*x*cos(x)*sin(x)+1/4*sin(x)^2
5_Hearn_Problems	95	41	A	41	A	26	-1/4*x+1/6*x^3+1/4*cos(x)*sin(x)-1/2*x^2*cos(x)*sin(x)+1/2*x*sin(x)^2
5_Hearn_Problems	96	33	A	33	A	23	-2/3*x*cos(x)+2/3*sin(x)-1/3*x*cos(x)*sin(x)^2+1/9*sin(x)^3
5_Hearn_Problems	97	7	A	7	A	7	cos(x)+x*sin(x)
5_Hearn_Problems	98	16	A	16	A	14	2*x*cos(x)-2*sin(x)+x^2*sin(x)
5_Hearn_Problems	99	25	A	25	A	19	1/4*x^2+1/4*cos(x)^2+1/2*x*cos(x)*sin(x)
5_Hearn_Problems	100	41	A	41	A	26	-1/4*x+1/6*x^3+1/2*x*cos(x)^2-1/4*cos(x)*sin(x)+1/2*x^2*cos(x)*sin(x)
5_Hearn_Problems	101	33	A	33	A	23	2/3*cos(x)+1/9*cos(x)^3+2/3*x*sin(x)+1/3*x*cos(x)^2*sin(x)
5_Hearn_Problems	102	2	A	2	C	-	Si(x)
5_Hearn_Problems	103	2	A	2	C	-	Ci(x)
5_Hearn_Problems	104	10	A	10	C	-	Ci(x)-sin(x)/x
5_Hearn_Problems	105	15	A	15	C	-	-1/2*Ci(2*x)+1/2*ln(x)
5_Hearn_Problems	106	12	A	12	A	20	ln(cos(x))+1/2*tan(x)^2
5_Hearn_Problems	107	11	A	11	A	11	-cos(b*x+a)/b
5_Hearn_Problems	108	10	A	10	A	10	sin(b*x+a)/b
5_Hearn_Problems	109	12	A	12	A	11	-ln(cos(b*x+a))/b
5_Hearn_Problems	110	11	A	11	A	11	ln(sin(b*x+a))/b
5_Hearn_Problems	111	12	A	12	B	-	-arctanh(cos(b*x+a))/b
5_Hearn_Problems	112	11	A	11	B	-	arctanh(sin(b*x+a))/b
5_Hearn_Problems	113	25	A	25	A	24	1/2*x-1/2*cos(b*x+a)*sin(b*x+a)/b
5_Hearn_Problems	114	27	A	27	A	22	-cos(b*x+a)/b+1/3*cos(b*x+a)^3/b
5_Hearn_Problems	115	25	A	25	A	22	1/2*x+1/2*cos(b*x+a)*sin(b*x+a)/b
5_Hearn_Problems	116	26	A	26	A	22	sin(b*x+a)/b-1/3*sin(b*x+a)^3/b
5_Hearn_Problems	117	10	A	10	A	10	tan(b*x+a)/b
5_Hearn_Problems	118	9	A	9	A	9	sin(x)/(cos(x)+1)
5_Hearn_Problems	119	12	A	12	A	10	-sin(x)/(1-cos(x))
5_Hearn_Problems	120	10	A	10	A	15	-cos(x)/(1+sin(x))
5_Hearn_Problems	121	11	A	11	A	15	cos(x)/(1-sin(x))
5_Hearn_Problems	122	40	A	40	F(-2)	0	2*arctan((b+a*tan(1/2*x))/(a^2-b^2)^(1/2))/(a^2-b^2)^(1/2)
5_Hearn_Problems	123	47	A	47	F(-2)	0	-2*arctanh((b-(1-a)*tan(1/2*x))/(-a^2+b^2+1)^(1/2))/(-a^2+b^2+1)^(1/2)
5_Hearn_Problems	124	73	A	73	A	117	-1/4*x/b^2+1/6*x^3+1/4*cos(b*x+a)*sin(b*x+a)/b^3-1/2*x^2*cos(b*x+a)*sin(b*x+a)/b+1/2*x*sin(b*x+a)^2/b^2
5_Hearn_Problems	125	15	A	15	A	11	1/2*sin(x)+1/6*sin(3*x)
5_Hearn_Problems	126	73	A	73	A	113	-1/4*x/b^2+1/6*x^3+1/2*x*cos(b*x+a)^2/b^2-1/4*cos(b*x+a)*sin(b*x+a)/b^3+1/2*x^2*cos(b*x+a)*sin(b*x+a)/b
5_Hearn_Problems	127	14	A	14	A	14	-1/2*cot(x)^2-ln(sin(x))
5_Hearn_Problems	128	104	A	104	B	-	-1/2*x^2+4/3*I*x^3+1/4*x^4-4*x^2*ln(1+exp(2*I*x))+ln(cos(x))+4*I*x*polylog(2,-exp(2*I*x))-2*polylog(3,-exp(2*I *x))+x*tan(x)-x^3*tan(x)-1/2*x^2*tan(x)^2+1/3*x^3*tan(x)^3
5_Hearn_Problems	129	153	A	153	B	-	19/20*x^2-23/15*I*x^3-1/4*x^4+23/5*x^2*ln(1+exp(2*I*x))-2*ln(cos(x))-23/5*I*x*polylog(2,-exp(2*I*x))+23/10*pol ylog(3,-exp(2*I*x))-19/10*x*tan(x)+x^3*tan(x)-1/20*tan(x)^2+4/5*x^2*tan(x)^2+1/10*x*tan(x)^3-1/3*x^3*tan(x)^3- 3/20*x^2*tan(x)^4+1/5*x^3*tan(x)^5
5_Hearn_Problems	130	15	A	15	B	-	-1/2*x^2+ln(cos(x))+x*tan(x)
5_Hearn_Problems	131	15	A	15	A	11	1/2*cos(x)-1/10*cos(5*x)
5_Hearn_Problems	132	24	A	24	A	10	1/8*x+1/8*cos(x)*sin(x)-1/4*cos(x)^3*sin(x)
5_Hearn_Problems	133	7	A	7	A	9	-cot(x)+tan(x)
5_Hearn_Problems	134	32	A	32	A	25	-d^x*cos(x)/(1+ln(d)^2)+d^x*ln(d)*sin(x)/(1+ln(d)^2)
5_Hearn_Problems	135	31	A	31	A	24	d^x*cos(x)*ln(d)/(1+ln(d)^2)+d^x*sin(x)/(1+ln(d)^2)
5_Hearn_Problems	136	84	A	84	A	60	2*d^x*cos(x)*ln(d)/(1+ln(d)^2)^2-d^x*x*cos(x)/(1+ln(d)^2)+d^x*sin(x)/(1+ln(d)^2)^2-d^x*ln(d)^2*sin(x)/(1+ln(d) ^2)^2+d^x*x*ln(d)*sin(x)/(1+ln(d)^2)
5_Hearn_Problems	137	83	A	83	A	58	d^x*cos(x)/(1+ln(d)^2)^2-d^x*cos(x)*ln(d)^2/(1+ln(d)^2)^2+d^x*x*cos(x)*ln(d)/(1+ln(d)^2)-2*d^x*ln(d)*sin(x)/(1 +ln(d)^2)^2+d^x*x*sin(x)/(1+ln(d)^2)
5_Hearn_Problems	138	162	A	162	A	107	2*d^x*cos(x)/(1+ln(d)^2)^3-6*d^x*cos(x)*ln(d)^2/(1+ln(d)^2)^3+4*d^x*x*cos(x)*ln(d)/(1+ln(d)^2)^2-d^x*x^2*cos(x )/(1+ln(d)^2)-6*d^x*ln(d)*sin(x)/(1+ln(d)^2)^3+2*d^x*ln(d)^3*sin(x)/(1+ln(d)^2)^3+2*d^x*x*sin(x)/(1+ln(d)^2)^2 -2*d^x*x*ln(d)^2*sin(x)/(1+ln(d)^2)^2+d^x*x^2*ln(d)*sin(x)/(1+ln(d)^2)
5_Hearn_Problems	139	161	A	161	A	105	-6*d^x*cos(x)*ln(d)/(1+ln(d)^2)^3+2*d^x*cos(x)*ln(d)^3/(1+ln(d)^2)^3+2*d^x*x*cos(x)/(1+ln(d)^2)^2-2*d^x*x*cos( x)*ln(d)^2/(1+ln(d)^2)^2+d^x*x^2*cos(x)*ln(d)/(1+ln(d)^2)-2*d^x*sin(x)/(1+ln(d)^2)^3+6*d^x*ln(d)^2*sin(x)/(1+l n(d)^2)^3-4*d^x*x*ln(d)*sin(x)/(1+ln(d)^2)^2+d^x*x^2*sin(x)/(1+ln(d)^2)
5_Hearn_Problems	140	261	A	261	A	186	-24*d^x*cos(x)*ln(d)/(1+ln(d)^2)^4+24*d^x*cos(x)*ln(d)^3/(1+ln(d)^2)^4+6*d^x*x*cos(x)/(1+ln(d)^2)^3-18*d^x*x*c os(x)*ln(d)^2/(1+ln(d)^2)^3+6*d^x*x^2*cos(x)*ln(d)/(1+ln(d)^2)^2-d^x*x^3*cos(x)/(1+ln(d)^2)-6*d^x*sin(x)/(1+ln (d)^2)^4+36*d^x*ln(d)^2*sin(x)/(1+ln(d)^2)^4-6*d^x*ln(d)^4*sin(x)/(1+ln(d)^2)^4-18*d^x*x*ln(d)*sin(x)/(1+ln(d) ^2)^3+6*d^x*x*ln(d)^3*sin(x)/(1+ln(d)^2)^3+3*d^x*x^2*sin(x)/(1+ln(d)^2)^2-3*d^x*x^2*ln(d)^2*sin(x)/(1+ln(d)^2) ^2+d^x*x^3*ln(d)*sin(x)/(1+ln(d)^2)
5_Hearn_Problems	141	260	A	260	A	184	-6*d^x*cos(x)/(1+ln(d)^2)^4+36*d^x*cos(x)*ln(d)^2/(1+ln(d)^2)^4-6*d^x*cos(x)*ln(d)^4/(1+ln(d)^2)^4-18*d^x*x*co s(x)*ln(d)/(1+ln(d)^2)^3+6*d^x*x*cos(x)*ln(d)^3/(1+ln(d)^2)^3+3*d^x*x^2*cos(x)/(1+ln(d)^2)^2-3*d^x*x^2*cos(x)* ln(d)^2/(1+ln(d)^2)^2+d^x*x^3*cos(x)*ln(d)/(1+ln(d)^2)+24*d^x*ln(d)*sin(x)/(1+ln(d)^2)^4-24*d^x*ln(d)^3*sin(x) /(1+ln(d)^2)^4-6*d^x*x*sin(x)/(1+ln(d)^2)^3+18*d^x*x*ln(d)^2*sin(x)/(1+ln(d)^2)^3-6*d^x*x^2*ln(d)*sin(x)/(1+ln (d)^2)^2+d^x*x^3*sin(x)/(1+ln(d)^2)
5_Hearn_Problems	142	25	A	25	A	19	-1/8*cos(2*x)-1/16*cos(4*x)+1/24*cos(6*x)
5_Hearn_Problems	143	30	A	30	A	22	1/4*x+1/8*sin(2*x)+1/16*sin(4*x)+1/24*sin(6*x)
5_Hearn_Problems	144	85	A	85	A	55	14/9*cos(k*x)/k^3-2/3*x^2*cos(k*x)/k-2/27*cos(k*x)^3/k^3+4/3*x*sin(k*x)/k^2-1/3*x^2*cos(k*x)*sin(k*x)^2/k+2/9* x*sin(k*x)^3/k^2
5_Hearn_Problems	145	14	A	0	A	-	CannotIntegrate(x*cos(k*csc(x))*cot(x)*csc(x),x)
5_Hearn_Problems	146	12	A	12	B	-	-x-cot(1/2*x)
5_Hearn_Problems	147	77	A	77	F(-2)	0	-2*c*arctan((c+b*tan(1/2*a*x))/(b^2-c^2)^(1/2))/a/(b^2-c^2)^(3/2)-b*cos(a*x)/a/(b^2-c^2)/(b+c*sin(a*x))
5_Hearn_Problems	148	17	A	17	A	12	-1/2*x*cos(ln(x))+1/2*x*sin(ln(x))
5_Hearn_Problems	149	17	A	17	A	10	1/2*x*cos(ln(x))+1/2*x*sin(ln(x))
5_Hearn_Problems	150	3	A	3	A	2	exp(x)
5_Hearn_Problems	151	8	A	8	A	8	a^x/ln(a)
5_Hearn_Problems	152	9	A	9	A	8	exp(a*x)/a
5_Hearn_Problems	153	4	A	4	A	4	Ei(a*x)
5_Hearn_Problems	154	24	A	24	A	23	x/a-ln(a+b*exp(m*x))/a/m
5_Hearn_Problems	155	12	A	12	A	10	exp(x)-ln(1+exp(x))
5_Hearn_Problems	156	13	A	13	A	14	exp((2+a)*x)/(2+a)
5_Hearn_Problems	157	31	A	31	A	23	arctan(exp(m*x)*a^(1/2)/b^(1/2))/m/a^(1/2)/b^(1/2)
5_Hearn_Problems	158	21	A	21	A	13	-exp(a*x)/a^2+exp(a*x)*x/a
5_Hearn_Problems	159	163	A	163	A	101	2432902008176640000*exp(x)-2432902008176640000*exp(x)*x+1216451004088320000*exp(x)*x^2-405483668029440000*exp( x)*x^3+101370917007360000*exp(x)*x^4-20274183401472000*exp(x)*x^5+3379030566912000*exp(x)*x^6-482718652416000* exp(x)*x^7+60339831552000*exp(x)*x^8-6704425728000*exp(x)*x^9+670442572800*exp(x)*x^10-60949324800*exp(x)*x^11 +5079110400*exp(x)*x^12-390700800*exp(x)*x^13+27907200*exp(x)*x^14-1860480*exp(x)*x^15+116280*exp(x)*x^16-6840 *exp(x)*x^17+380*exp(x)*x^18-20*exp(x)*x^19+exp(x)*x^20
5_Hearn_Problems	160	18	A	18	F(-2)	0	a^x/(b^x)/(ln(a)-ln(b))
5_Hearn_Problems	161	14	A	14	F(-2)	0	a^x*b^x/(ln(a)+ln(b))
5_Hearn_Problems	162	17	A	17	A	10	-a^x/x+Ei(x*ln(a))*ln(a)
5_Hearn_Problems	163	64	A	64	F	0	a^x/b^2/(b*x+1)+Ei((b*x+1)*ln(a)/b)/(a^(1/b))/b^2-Ei((b*x+1)*ln(a)/b)*ln(a)/(a^(1/b))/b^3
5_Hearn_Problems	164	16	A	16	A	16	exp(a*x)/a^2/(a*x+1)
5_Hearn_Problems	165	13	A	13	A	11	1/2*k^(x^2)/ln(k)
5_Hearn_Problems	166	11	A	11	C	-	1/2*erfi(x)*Pi^(1/2)
5_Hearn_Problems	167	9	A	9	A	6	1/2*exp(x^2)
5_Hearn_Problems	168	27	A	27	C	-	-exp(1/x)-exp(1/x)/x^2+exp(1/x)/x
5_Hearn_Problems	169	25	F	0	A	22	-exp(1-exp(x^2)*x)/(-1+exp(x^2)*x)
5_Hearn_Problems	170	12	A	0	A	0	CannotIntegrate(exp(exp(exp(exp(x)))),x)
5_Hearn_Problems	171	11	A	11	A	10	-Ei(x)+exp(x)*ln(x)
5_Hearn_Problems	172	22	A	22	A	15	-exp(x)+Ei(x)-exp(x)*ln(x)+exp(x)*x*ln(x)
5_Hearn_Problems	173	23	A	23	A	11	-1/4*exp(2*x)+1/2*exp(2*x)*ln(exp(x))
5_Hearn_Problems	174	16	A	16	A	12	x^2+1/3*x^3*2^(1/2)
5_Hearn_Problems	175	57	A	57	A	58	4*arctanh((a*x+b)^(1/2)/b^(1/2))*b^(1/2)/a-4*(a*x+b)^(1/2)/a+2*ln(x)*(a*x+b)^(1/2)/a
5_Hearn_Problems	176	116	A	116	F(-2)	0	-1/4*(-a*d+b*c)^2*arctanh(d^(1/2)*(b*x+a)^(1/2)/b^(1/2)/(d*x+c)^(1/2))/b^(3/2)/d^(3/2)+1/2*(b*x+a)^(3/2)*(d*x+ c)^(1/2)/b+1/4*(-a*d+b*c)*(b*x+a)^(1/2)*(d*x+c)^(1/2)/b/d
5_Hearn_Problems	177	16	A	16	A	12	2/3*(b*x+a)^(3/2)/b
5_Hearn_Problems	178	34	A	34	A	26	-2/3*a*(b*x+a)^(3/2)/b^2+2/5*(b*x+a)^(5/2)/b^2
5_Hearn_Problems	179	53	A	53	A	41	2/3*a^2*(b*x+a)^(3/2)/b^3-4/5*a*(b*x+a)^(5/2)/b^3+2/7*(b*x+a)^(7/2)/b^3
5_Hearn_Problems	180	35	A	35	A	42	-2*arctanh((b*x+a)^(1/2)/a^(1/2))*a^(1/2)+2*(b*x+a)^(1/2)
5_Hearn_Problems	181	39	A	39	A	47	-b*arctanh((b*x+a)^(1/2)/a^(1/2))/a^(1/2)-(b*x+a)^(1/2)/x
5_Hearn_Problems	182	14	A	14	A	12	2*(b*x+a)^(1/2)/b
5_Hearn_Problems	183	32	A	32	A	26	2/3*(b*x+a)^(3/2)/b^2-2*a*(b*x+a)^(1/2)/b^2
5_Hearn_Problems	184	51	A	51	A	41	-4/3*a*(b*x+a)^(3/2)/b^3+2/5*(b*x+a)^(5/2)/b^3+2*a^2*(b*x+a)^(1/2)/b^3
5_Hearn_Problems	185	23	A	23	A	32	-2*arctanh((b*x+a)^(1/2)/a^(1/2))/a^(1/2)
5_Hearn_Problems	186	41	A	41	A	60	b*arctanh((b*x+a)^(1/2)/a^(1/2))/a^(3/2)-(b*x+a)^(1/2)/a/x
5_Hearn_Problems	187	23	A	23	A	21	2*(b*x+a)^(1+1/2*p)/b/(2+p)
5_Hearn_Problems	188	48	A	48	A	45	-2*a*(b*x+a)^(1+1/2*p)/b^2/(2+p)+2*(b*x+a)^(2+1/2*p)/b^2/(4+p)
5_Hearn_Problems	189	55	A	55	A	52	x*arctan(-1+x*2^(1/2))-1/2*arctan(-1+x*2^(1/2))*2^(1/2)-1/4*ln(1+x^2-x*2^(1/2))*2^(1/2)
5_Hearn_Problems	190	12	A	12	A	14	arctanh(x/(x^2-1)^(1/2))
5_Hearn_Problems	191	43	A	43	B	-	-1/4*arcsinh(x^(1/2))+1/2*x^(3/2)*(1+x)^(1/2)+1/4*x^(1/2)*(1+x)^(1/2)
5_Hearn_Problems	192	22	A	22	A	16	2*sin(x^(1/2))-2*cos(x^(1/2))*x^(1/2)
5_Hearn_Problems	193	13	A	13	A	11	4/(-x^2+1)^(1/8)
5_Hearn_Problems	194	8	A	8	B	-	1/2*arcsin(x^2)
5_Hearn_Problems	195	14	A	14	B	-	-1/2*arctanh((x^4+1)^(1/2))
5_Hearn_Problems	196	18	A	18	F	0	1/2*arcsinh(1/3*(2*x^2+1)*3^(1/2))
5_Hearn_Problems	197	30	A	30	C	-	-1/2*arctan(1/2*(-x^2+2)/(-x^4+x^2-1)^(1/2))
5_Hearn_Problems	198	17	A	17	A	14	(x^2+1)^(1/2)/(1-x)
5_Hearn_Problems	199	2	A	2	A	2	arcsinh(x)
5_Hearn_Problems	200	20	A	20	A	14	x^(1/2)+(1+x)^(1/2)+(2+x)^(1/2)
5_Hearn_Problems	201	24	A	24	A	30	-(x^3+1)^(1/2)+(x^5-2*x+1)^(1/2)
5_Hearn_Problems	202	27	A	27	A	31	10*arctanh(x/(x^2-4)^(1/2))+arctanh(x/(x^2-1)^(1/2))
5_Hearn_Problems	203	82	A	82	F	0	-2*arctan((x+(a^2+x^2)^(1/2))^(1/2)/a^(1/2))*a^(1/2)-2*arctanh((x+(a^2+x^2)^(1/2))^(1/2)/a^(1/2))*a^(1/2)+2*(x +(a^2+x^2)^(1/2))^(1/2)
5_Hearn_Problems	204	12	A	12	B	-	ln(1+(x^3+1)^(1/2))
5_Hearn_Problems	205	40	A	40	A	36	1/2*arctanh(r*2^(1/2)*h^(1/2)/(2*h*r^2-alpha^2)^(1/2))*2^(1/2)/h^(1/2)
5_Hearn_Problems	206	46	A	46	A	59	arctan((2*h*r^2-alpha^2-epsilon^2)^(1/2)/(alpha^2+epsilon^2)^(1/2))/(alpha^2+epsilon^2)^(1/2)
5_Hearn_Problems	207	37	A	37	A	46	-arctan((alpha^2+k*r)/alpha/(2*h*r^2-alpha^2-2*k*r)^(1/2))/alpha
5_Hearn_Problems	208	61	A	61	A	84	-arctan((alpha^2+epsilon^2+k*r)/(alpha^2+epsilon^2)^(1/2)/(2*h*r^2-alpha^2-epsilon^2-2*k*r)^(1/2))/(alpha^2+ep silon^2)^(1/2)
5_Hearn_Problems	209	23	A	23	A	19	1/2*(2*e*r^2-alpha^2)^(1/2)/e
5_Hearn_Problems	210	28	A	28	A	24	1/2*(2*e*r^2-alpha^2-epsilon^2)^(1/2)/e
5_Hearn_Problems	211	56	A	56	F(-2)	0	-1/4*arctan(1/2*(-2*k*r^2+e)*2^(1/2)/k^(1/2)/(-2*k*r^4+2*e*r^2-alpha^2)^(1/2))*2^(1/2)/k^(1/2)
5_Hearn_Problems	212	81	A	81	A	68	-1/4*k*arctanh(1/2*(-2*e*r+k)*2^(1/2)/e^(1/2)/(2*e*r^2-alpha^2-2*k*r)^(1/2))/e^(3/2)*2^(1/2)+1/2*(2*e*r^2-alph a^2-2*k*r)^(1/2)/e
5_Hearn_Problems	213	44	A	44	F(-2)	0	-1/2*arctan((-h*r^2+alpha^2)/alpha/(-2*k*r^4+2*h*r^2-alpha^2)^(1/2))/alpha
5_Hearn_Problems	214	68	A	68	F(-2)	0	-1/2*arctan((-h*r^2+alpha^2+epsilon^2)/(alpha^2+epsilon^2)^(1/2)/(-2*k*r^4+2*h*r^2-alpha^2-epsilon^2)^(1/2))/( alpha^2+epsilon^2)^(1/2)
5_Hearn_Problems	215	13	A	13	A	11	1/9*a*sin(5+3*x)^3
5_Hearn_Problems	216	19	A	19	A	15	-1/2/x^2-1/2*ln(x^2)/x^2
5_Hearn_Problems	217	12	A	12	A	20	-x*cos(a+x)+sin(a+x)
5_Hearn_Problems	218	11	A	11	A	10	x/exp(x)/ln(x)
5_Hearn_Problems	219	27	A	27	A	23	1/2*x^2/a-1/2*b*ln(a*x^2+b)/a^2
5_Hearn_Problems	220	33	A	33	A	20	2/5*x^(3/2)/(1+x)^(5/2)+4/15*x^(3/2)/(1+x)^(3/2)
5_Hearn_Problems	221	9	A	9	A	9	ln(x)-ln(1+x)
5_Hearn_Problems	222	19	A	19	B	-	-arctanh(2^(1/2)*x^(1/2))*2^(1/2)
5_Hearn_Problems	223	19	A	19	A	11	2/3*x^(3/2)+2/7*x^(7/2)
5_Hearn_Problems	224	88	A	88	A	86	3*(-a+x)^(1/3)+1/2*a^(1/3)*ln(x)-3/2*a^(1/3)*ln(a^(1/3)+(-a+x)^(1/3))+a^(1/3)*arctan(1/3*(a^(1/3)-2*(-a+x)^(1/ 3))/a^(1/3)*3^(1/2))*3^(1/2)
5_Hearn_Problems	225	9	A	9	B	-	x*cosh(x)-sinh(x)
5_Hearn_Problems	226	9	A	9	B	-	-cosh(x)+x*sinh(x)
5_Hearn_Problems	227	9	A	9	A	7	1/2*ln(cosh(2*x))
5_Hearn_Problems	228	12	A	12	A	13	ln(a+I*x+eps*cosh(x))
5_Hearn_Problems	229	28	A	28	A	22	-1/4*cos(3+2*x)-1/16*cos(3+4*x)+1/4*x*sin(3)
5_Hearn_Problems	230	21	A	21	A	15	-1/2*x+1/2*arctan(x)+1/2*x^2*arctan(x)
5_Hearn_Problems	231	21	A	21	A	15	1/2*x+1/2*x^2*arccot(x)-1/2*arctan(x)
5_Hearn_Problems	232	23	A	23	A	22	-1/2*x^2+1/2*(x^2+a)*ln(x^2+a)
5_Hearn_Problems	233	18	A	18	A	14	-1/4*cos(a+2*x)+1/2*x*sin(a)
5_Hearn_Problems	234	18	A	18	A	14	-1/4*cos(a+2*x)-1/2*x*sin(a)
5_Hearn_Problems	235	12	A	12	F	0	-2*cos(x)/(1+sin(x))^(1/2)
5_Hearn_Problems	236	14	A	14	F	0	2*cos(x)/(1-sin(x))^(1/2)
5_Hearn_Problems	237	12	A	12	A	9	2*sin(x)/(cos(x)+1)^(1/2)
5_Hearn_Problems	238	14	A	14	A	20	-2*sin(x)/(1-cos(x))^(1/2)
5_Hearn_Problems	239	21	A	21	F	0	2/3*(-1+x)^(3/2)+2/3*x^(3/2)
5_Hearn_Problems	240	24	A	24	A	18	-2*ln(1-(1+x)^(1/2))-2*(1+x)^(1/2)
5_Hearn_Problems	241	12	A	12	B	-	1/2*arcsinh(1/6*x^2)
5_Hearn_Problems	242	32	A	32	A	24	6*x^(1/6)-3*x^(1/3)-6*ln(1+x^(1/6))+2*x^(1/2)
5_Hearn_Problems	243	33	A	33	A	26	-2*x+x*ln(3*x^2+2)+2/3*arctan(1/2*x*6^(1/2))*6^(1/2)
5_Hearn_Problems	244	3	A	3	A	3	ln(sin(x))
5_Hearn_Problems	245	12	A	12	A	16	x+cot(x)-1/3*cot(x)^3
5_Hearn_Problems	246	3	A	3	A	3	ln(cosh(x))
5_Hearn_Problems	247	3	A	3	A	3	ln(sinh(x))
5_Hearn_Problems	248	8	A	8	A	8	b^x/ln(b)
5_Hearn_Problems	249	49	A	49	A	10	-x*(2+1/x^4+x^4)^(1/2)/(x^4+1)+1/3*x^5*(2+1/x^4+x^4)^(1/2)/(x^4+1)
5_Hearn_Problems	250	16	A	16	A	12	2/3*x-1/9*ln(2+3*x)
5_Hearn_Problems	251	40	A	40	F	0	1/4*arcsinh(x)+1/2*x^2*ln(x+(x^2+1)^(1/2))-1/4*x*(x^2+1)^(1/2)
5_Hearn_Problems	252	128	A	128	A	58	-3/32*exp(2*x)+1/8*exp(2*x)*x+1/2*x^2+exp(x)*cos(x)-exp(x)*x*cos(x)-1/32*exp(2*x)*cos(2*x)+exp(x)*x*sin(x)+1/1 6*exp(2*x)*cos(x)*sin(x)-1/4*exp(2*x)*x*cos(x)*sin(x)-1/16*exp(2*x)*sin(x)^2+1/4*exp(2*x)*x*sin(x)^2+1/32*exp( 2*x)*sin(2*x)
5_Hearn_Problems	253	30	A	30	A	17	1/2*exp(x)*x*cos(x)-1/2*exp(x)*sin(x)+1/2*exp(x)*x*sin(x)
5_Hearn_Problems	254	11	A	11	A	7	1/3/(3-x)^3
5_Hearn_Problems	255	40	A	40	A	32	1/3*ln(1-x)-1/6*ln(x^2+x+1)+1/3*arctan(1/3*(1+2*x)*3^(1/2))*3^(1/2)
5_Hearn_Problems	256	8	A	8	B	-	-1/2*arctanh(x^2)
5_Hearn_Problems	257	227	A	227	F	0	1/8*(2+I*(-2)^(1/4))*ln(x)*ln(1-(1/2+1/2*I)*x*2^(1/4))+1/16*(4+(1-I)*2^(3/4))*ln(x)*ln(1+(1/2+1/2*I)*x*2^(1/4) )+1/8*(2+(-2)^(1/4))*ln(x)*ln(1-1/2*(-1)^(3/4)*x*2^(3/4))+1/8*(2-(-2)^(1/4))*ln(x)*ln(1+1/2*(-1)^(3/4)*x*2^(3/ 4))+1/16*(4+(1-I)*2^(3/4))*polylog(2,(-1/2-1/2*I)*x*2^(1/4))+1/8*(2+I*(-2)^(1/4))*polylog(2,(1/2+1/2*I)*x*2^(1 /4))+1/8*(2-(-2)^(1/4))*polylog(2,-1/2*(-1)^(3/4)*x*2^(3/4))+1/8*(2+(-2)^(1/4))*polylog(2,1/2*(-1)^(3/4)*x*2^( 3/4))
5_Hearn_Problems	258	24	A	24	A	25	-3*x+x*ln(x)+(1+x)*ln(1+x)+(2+x)*ln(2+x)
5_Hearn_Problems	259	78	A	78	A	57	1/15*ln(5^(1/3)+x)*5^(1/3)-1/30*ln(5^(2/3)-5^(1/3)*x+x^2)*5^(1/3)-1/15*arctan(1/15*(5^(1/3)-2*x)*5^(2/3)*3^(1/ 2))*5^(1/3)*3^(1/2)
5_Hearn_Problems	260	2	A	2	A	2	arcsinh(x)
5_Hearn_Problems	261	27	A	27	A	20	3/2*arcsinh(1/3*x*3^(1/2))+1/2*x*(x^2+3)^(1/2)
5_Hearn_Problems	262	10	A	10	A	10	1/(1+x)+ln(1+x)
5_Hearn_Problems	263	16	A	16	A	14	x*arcsin(x)+(-x^2+1)^(1/2)
5_Hearn_Problems	264	40	A	40	A	33	-1/9*(-x^2+1)^(3/2)+1/3*x^3*arcsin(x)+1/3*(-x^2+1)^(1/2)
5_Hearn_Problems	265	21	A	21	A	13	-ln(cos(x)-sin(x))+ln(2*cos(x)-sin(x))
5_Hearn_Problems	266	14	A	14	A	10	1/2*x+1/2*cos(x)*sin(x)
5_Hearn_Problems	267	18	A	18	A	16	-1/x+3*ln(2-x)+2*ln(x)
5_Hearn_Problems	268	10	A	10	A	6	1/2*arcsinh(2/3*x)
5_Hearn_Problems	269	6	A	6	A	4	arcsinh(1/2*x)
5_Hearn_Problems	270	21	A	21	A	16	-1/18*arctan(1/6*(2-3*x)*6^(1/2))*6^(1/2)
5_Hearn_Problems	271	53	A	53	A	47	1/2/(1-x)-1/3/x^3-1/x^2-2/x-5/2*ln(1-x)+2*ln(x)+1/4*ln(x^2+1)
5_Hearn_Problems	272	49	A	49	A	41	a*x+1/12*(27*a+9*b+3*c+d)*ln(3-x)-1/3*d*ln(x)-1/4*(a-b+c-d)*ln(1+x)
5_Hearn_Problems	273	15	A	0	A	0	Unintegrable(1/(2-ln(x^2+1))^5,x)
5_Hearn_Problems	274	28	A	28	A	27	exp(x^2)*ln(x)-ln(x)/(x+ln(x)^2)+ln(x+ln(x)^2)
5_Hearn_Problems	275	199	A	199	A	160	24*exp(1/2*x+x*z)*Pi^4*x^3/(64*Pi^4+20*Pi^2*x^2+x^4)-24*exp(1/2*x+x*z)*Pi^3*x^4*cos(Pi*z)*sin(Pi*z)/(64*Pi^4+2 0*Pi^2*x^2+x^4)+12*exp(1/2*x+x*z)*Pi^2*x^5*sin(Pi*z)^2/(64*Pi^4+20*Pi^2*x^2+x^4)-4*exp(1/2*x+x*z)*Pi*x^4*cos(P i*z)*sin(Pi*z)^3/(16*Pi^2+x^2)+exp(1/2*x+x*z)*x^5*sin(Pi*z)^4/(16*Pi^2+x^2)
5_Hearn_Problems	276	18	A	18	A	15	x*erf(x)+1/exp(x^2)/Pi^(1/2)
5_Hearn_Problems	277	24	A	24	A	21	(a+x)*erf(a+x)+1/exp((a+x)^2)/Pi^(1/2)
5_Hearn_Problems	278	94	F	0	F	0	-arctanh(x*(2+x)*(33*x^3+27*x^2-x+7)/(31*x^3+37*x^2+2)/(x^4+4*x^3+2*x^2+1)^(1/2))+1/2*(1+2*x)*(x^4+4*x^3+2*x^2 +1)^(1/2)/(2*x^2-1)
5_Hearn_Problems	279	142	F	0	F	0	-1/4*arctanh((1-3*y)*(-5*y^2-5*y+1)^(1/2)/(1-5*y)/(-y^2-y+1)^(1/2))-1/2*arctanh((4+3*y)*(-5*y^2-5*y+1)^(1/2)/( 6+5*y)/(-y^2-y+1)^(1/2))+9/4*arctanh(1/3*(11+7*y)*(-5*y^2-5*y+1)^(1/2)/(7+5*y)/(-y^2-y+1)^(1/2))
5_Hearn_Problems	280	21	A	21	B	-	ln(1+(x^2-4)^(1/2)+(x^2-1)^(1/2))
5_Hearn_Problems	281	4030	F	0	F	0	1/2*x^2*(-1+2*2^(1/2))-2^(1/2)*(-1/3*(x^4+2*x^2+4*x+1)^(1/2)+1/3*(1+x)*(x^4+2*x^2+4*x+1)^(1/2)+4*I*(-13+3*33^( 1/2))^(1/3)*(x^4+2*x^2+4*x+1)^(1/2)/(4*2^(2/3)*(-I+3^(1/2))-2*I*(-13+3*33^(1/2))^(1/3)+6*I*x*(-13+3*33^(1/2))^ (1/3)+2^(1/3)*(3^(1/2)+I)*(-13+3*33^(1/2))^(2/3))-8*2^(2/3)*EllipticE((26-6*33^(1/2)+6*x*(-13+3*33^(1/2))+(-13 -13*I*3^(1/2)+9*I*11^(1/2)+3*33^(1/2))*(-26+6*33^(1/2))^(1/3)+4*I*(3^(1/2)+I)*(-26+6*33^(1/2))^(2/3))^(1/2)/(( 39+13*I*3^(1/2)-9*I*11^(1/2)-9*33^(1/2)+4*(3-I*3^(1/2))*(-26+6*33^(1/2))^(1/3))/(39-13*I*3^(1/2)+9*I*11^(1/2)- 9*33^(1/2)+4*(3+I*3^(1/2))*(-26+6*33^(1/2))^(1/3)))^(1/2)/(26-6*33^(1/2)+6*x*(-13+3*33^(1/2))+(-13+13*I*3^(1/2 )-9*I*11^(1/2)+3*33^(1/2))*(-26+6*33^(1/2))^(1/3)+(-4-4*I*3^(1/2))*(-26+6*33^(1/2))^(2/3))^(1/2),((84+28*I*3^( 1/2)-12*I*11^(1/2)-12*33^(1/2)+(3-I*3^(1/2)-3*I*11^(1/2)+3*33^(1/2))*(-26+6*33^(1/2))^(1/3))/(84-28*I*3^(1/2)+ 12*I*11^(1/2)-12*33^(1/2)+(3+I*3^(1/2)+3*I*11^(1/2)+3*33^(1/2))*(-26+6*33^(1/2))^(1/3)))^(1/2))*(x^4+2*x^2+4*x +1)^(1/2)*3^(1/2)/(-13+3*33^(1/2)+4*(-26+6*33^(1/2))^(1/3))^(1/2)*(I*(-19899+x*(59697-10335*33^(1/2))+3445*33^ (1/2)+(-26+6*33^(1/2))^(2/3)*(-2574+466*33^(1/2))+(-26+6*33^(1/2))^(1/3)*(-19899+3445*33^(1/2)))/(-39-13*I*3^( 1/2)+9*I*11^(1/2)+9*33^(1/2)+4*I*(3*I+3^(1/2))*(-26+6*33^(1/2))^(1/3))/(26-6*33^(1/2)+6*x*(-13+3*33^(1/2))+(-1 3+13*I*3^(1/2)-9*I*11^(1/2)+3*33^(1/2))*(-26+6*33^(1/2))^(1/3)+(-4-4*I*3^(1/2))*(-26+6*33^(1/2))^(2/3)))^(1/2) /(4*2^(2/3)-(-13+3*33^(1/2))^(1/3)+3*x*(-13+3*33^(1/2))^(1/3)-2^(1/3)*(-13+3*33^(1/2))^(2/3))/(26-6*33^(1/2)+6 *x*(-13+3*33^(1/2))+(-13+13*I*3^(1/2)-9*I*11^(1/2)+3*33^(1/2))*(-26+6*33^(1/2))^(1/3)+(-4-4*I*3^(1/2))*(-26+6* 33^(1/2))^(2/3))^(1/2)/(I*(1+x)/(26-6*33^(1/2)+6*x*(-13+3*33^(1/2))+(-13+13*I*3^(1/2)-9*I*11^(1/2)+3*33^(1/2)) *(-26+6*33^(1/2))^(1/3)+(-4-4*I*3^(1/2))*(-26+6*33^(1/2))^(2/3))/(104-24*33^(1/2)+(-13-13*I*3^(1/2)+9*I*11^(1/ 2)+3*33^(1/2))*(-26+6*33^(1/2))^(1/3)+4*I*(3^(1/2)+I)*(-26+6*33^(1/2))^(2/3)))^(1/2)/(26-6*33^(1/2)+6*x*(-13+3 *33^(1/2))+(-13-13*I*3^(1/2)+9*I*11^(1/2)+3*33^(1/2))*(-26+6*33^(1/2))^(1/3)+4*I*(3^(1/2)+I)*(-26+6*33^(1/2))^ (2/3))^(1/2)+1/6*EllipticPi(1/6*(13-3*33^(1/2)-2^(1/3)*(-13+3*33^(1/2))^(4/3)+4*(-26+6*33^(1/2))^(2/3)+x*(-39+ 9*33^(1/2)))^(1/2)*2^(5/6)*3^(1/2)/(-13+3*33^(1/2))^(2/3)/(1+x)^(1/2)/((-39+13*I*3^(1/2)-9*I*11^(1/2)+9*33^(1/ 2)-4*I*(-3*I+3^(1/2))*(-26+6*33^(1/2))^(1/3))/(104-24*33^(1/2)+(-13+13*I*3^(1/2)-9*I*11^(1/2)+3*33^(1/2))*(-26 +6*33^(1/2))^(1/3)+(-4-4*I*3^(1/2))*(-26+6*33^(1/2))^(2/3)))^(1/2),2^(1/3)*(4*2^(1/3)*(-3*I+3^(1/2))+(3*I+3^(1 /2))*(-13+3*33^(1/2))^(2/3))/(4*2^(2/3)*(-I+3^(1/2))-8*I*(-13+3*33^(1/2))^(1/3)+2^(1/3)*(3^(1/2)+I)*(-13+3*33^ (1/2))^(2/3)),((84-28*I*3^(1/2)+12*I*11^(1/2)-12*33^(1/2)+(3+I*3^(1/2)+3*I*11^(1/2)+3*33^(1/2))*(-26+6*33^(1/2 ))^(1/3))/(84+28*I*3^(1/2)-12*I*11^(1/2)-12*33^(1/2)+(3-I*3^(1/2)-3*I*11^(1/2)+3*33^(1/2))*(-26+6*33^(1/2))^(1 /3)))^(1/2))*(4*2^(2/3)+2*(-13+3*33^(1/2))^(1/3)-2^(1/3)*(-13+3*33^(1/2))^(2/3))*(4*2^(2/3)*(3^(1/2)+I)-4*I*(- 13+3*33^(1/2))^(1/3)+2^(1/3)*(-I+3^(1/2))*(-13+3*33^(1/2))^(2/3))*(4*2^(2/3)*(-I+3^(1/2))+4*I*(-13+3*33^(1/2)) ^(1/3)+2^(1/3)*(3^(1/2)+I)*(-13+3*33^(1/2))^(2/3))*(1+x)^(1/2)*(x^4+2*x^2+4*x+1)^(1/2)*((-39+13*I*3^(1/2)-9*I* 11^(1/2)+9*33^(1/2)-4*I*(-3*I+3^(1/2))*(-26+6*33^(1/2))^(1/3))/(104-24*33^(1/2)+(-13+13*I*3^(1/2)-9*I*11^(1/2) +3*33^(1/2))*(-26+6*33^(1/2))^(1/3)+(-4-4*I*3^(1/2))*(-26+6*33^(1/2))^(2/3)))^(1/2)*((104-24*33^(1/2)+2*(1+14* I*3^(1/2)-6*I*11^(1/2)+33^(1/2))*(-26+6*33^(1/2))^(1/3)+(-7-I*3^(1/2)-3*I*11^(1/2)+33^(1/2))*(-26+6*33^(1/2))^ (2/3)+2*x*(-52+12*33^(1/2)+2^(1/3)*(-13+3*33^(1/2))^(4/3)-4*(-26+6*33^(1/2))^(2/3)))/(1+x)/(-39+13*I*3^(1/2)-9 *I*11^(1/2)+9*33^(1/2)-4*I*(-3*I+3^(1/2))*(-26+6*33^(1/2))^(1/3)))^(1/2)*((104-24*33^(1/2)+2*(1-14*I*3^(1/2)+6 *I*11^(1/2)+33^(1/2))*(-26+6*33^(1/2))^(1/3)+(-7+I*3^(1/2)+3*I*11^(1/2)+33^(1/2))*(-26+6*33^(1/2))^(2/3)+2*x*( -52+12*33^(1/2)+2^(1/3)*(-13+3*33^(1/2))^(4/3)-4*(-26+6*33^(1/2))^(2/3)))/(1+x)/(-39-13*I*3^(1/2)+9*I*11^(1/2) +9*33^(1/2)+4*I*(3*I+3^(1/2))*(-26+6*33^(1/2))^(1/3)))^(1/2)*2^(5/6)*3^(1/2)/(4*2^(2/3)*(3^(1/2)+I)+2*I*(-13+3 *33^(1/2))^(1/3)-6*I*x*(-13+3*33^(1/2))^(1/3)+2^(1/3)*(-I+3^(1/2))*(-13+3*33^(1/2))^(2/3))/(4*2^(2/3)*(-I+3^(1 /2))-2*I*(-13+3*33^(1/2))^(1/3)+6*I*x*(-13+3*33^(1/2))^(1/3)+2^(1/3)*(3^(1/2)+I)*(-13+3*33^(1/2))^(2/3))/(13-3 *33^(1/2)-2^(1/3)*(-13+3*33^(1/2))^(4/3)+4*(-26+6*33^(1/2))^(2/3)+x*(-39+9*33^(1/2)))^(1/2)+1/18*I*EllipticF(1 /6*I*(-52+12*33^(1/2)+2^(1/3)*(-13+3*33^(1/2))^(4/3)-4*(-26+6*33^(1/2))^(2/3))^(1/2)*(26-6*33^(1/2)+6*x*(-13+3 *33^(1/2))+(-13-13*I*3^(1/2)+9*I*11^(1/2)+3*33^(1/2))*(-26+6*33^(1/2))^(1/3)+4*I*(3^(1/2)+I)*(-26+6*33^(1/2))^ (2/3))^(1/2)*2^(5/6)*3^(1/2)/(-13+3*33^(1/2))^(2/3)/(1+x)^(1/2)/(39+13*I*3^(1/2)-9*I*11^(1/2)-9*33^(1/2)+4*(3- I*3^(1/2))*(-26+6*33^(1/2))^(1/3))^(1/2),((84*I-28*3^(1/2)+12*11^(1/2)-12*I*33^(1/2)+(3*I+3^(1/2)+3*11^(1/2)+3 *I*33^(1/2))*(-26+6*33^(1/2))^(1/3))/(-56*3^(1/2)+24*11^(1/2)+2*(-26+6*33^(1/2))^(1/3)*(3^(1/2)+3*11^(1/2))))^ (1/2))*(2^(1/3)*(13-13*I*3^(1/2)+9*I*11^(1/2)-3*33^(1/2))+4*2^(2/3)*(1+I*3^(1/2))*(-13+3*33^(1/2))^(1/3)+20*(- 13+3*33^(1/2))^(2/3))*(4*2^(2/3)*(3^(1/2)+I)+8*I*(-13+3*33^(1/2))^(1/3)+2^(1/3)*(-I+3^(1/2))*(-13+3*33^(1/2))^ (2/3))*(x^4+2*x^2+4*x+1)^(1/2)*(1/(-13+3*33^(1/2)+4*(-26+6*33^(1/2))^(1/3))*(-52+12*33^(1/2)+2^(1/3)*(-13+3*33 ^(1/2))^(4/3)-4*(-26+6*33^(1/2))^(2/3)))^(1/2)*((-8*I*(-13+3*33^(1/2))+(-43*I-13*3^(1/2)+9*11^(1/2)+5*I*33^(1/ 2))*(-26+6*33^(1/2))^(1/3)+(2*I+4*3^(1/2)-2*I*33^(1/2))*(-26+6*33^(1/2))^(2/3)+x*(8*I*(-13+3*33^(1/2))+(13*I-1 3*3^(1/2)+9*11^(1/2)-3*I*33^(1/2))*(-26+6*33^(1/2))^(1/3)+4*(3^(1/2)+I)*(-26+6*33^(1/2))^(2/3)))/(1+x))^(1/2)* 2^(1/3)*3^(1/4)/(-13+3*33^(1/2))^(1/3)/(4*2^(2/3)*(-I+3^(1/2))-2*I*(-13+3*33^(1/2))^(1/3)+6*I*x*(-13+3*33^(1/2 ))^(1/3)+2^(1/3)*(3^(1/2)+I)*(-13+3*33^(1/2))^(2/3))/(1+x)^(1/2)/(39+13*I*3^(1/2)-9*I*11^(1/2)-9*33^(1/2)+4*(3 -I*3^(1/2))*(-26+6*33^(1/2))^(1/3))^(1/2)/(26-6*33^(1/2)+6*x*(-13+3*33^(1/2))+(-13-13*I*3^(1/2)+9*I*11^(1/2)+3 *33^(1/2))*(-26+6*33^(1/2))^(1/3)+4*I*(3^(1/2)+I)*(-26+6*33^(1/2))^(2/3))^(1/2)/((-104+24*33^(1/2)-(5-3*I*3^(1 /2)+3*I*11^(1/2)+33^(1/2))*(-26+6*33^(1/2))^(2/3)+(-26+6*33^(1/2))^(1/3)*(-41+15*I*3^(1/2)-3*I*11^(1/2)+7*33^( 1/2))+x*(104-24*33^(1/2)+(-13-13*I*3^(1/2)+9*I*11^(1/2)+3*33^(1/2))*(-26+6*33^(1/2))^(1/3)+4*I*(3^(1/2)+I)*(-2 6+6*33^(1/2))^(2/3)))/(1+x)/(-39-13*I*3^(1/2)+9*I*11^(1/2)+9*33^(1/2)+4*I*(3*I+3^(1/2))*(-26+6*33^(1/2))^(1/3) ))^(1/2))
5_Hearn_Problems	282	330	A	330	F	0	1/384*(3-4*mc)*mc^8*Pi^2/exp(x/y)/x+3/8*mc^5*Pi^2*y/exp(x/y)+1/48*(3-22*mc)*mc^2*Pi^2*x*y/exp(x/y)-1/128*(1+4* mc)*Pi^2*x^2*y/exp(x/y)+1/48*(3-22*mc)*mc^2*Pi^2*y^2/exp(x/y)+1/4*mc^3*Pi^2*y^2/exp(x/y)-1/64*(1+4*mc)*Pi^2*x* y^2/exp(x/y)-1/64*(1+4*mc)*Pi^2*y^3/exp(x/y)+1/16*(1-2*mc)*mc^6*Pi^2*Ei(-x/y)+1/384*(3-4*mc)*mc^8*Pi^2*Ei(-x/y )/y+1/32*mc^3*Pi^2*(-12*mc^2+3*mc-8*y)*y*Ei(-x/y)-1/32*mc^3*Pi^2*(3*(1-4*mc)*mc-8*x)*y*ln(x/mc^2)/exp(x/y)+1/4 *mc^3*Pi^2*y^2*ln(x/mc^2)/exp(x/y)
5_Hearn_Problems	283	4	A	4	A	4	-2*cos(x)
5_Hearn_Problems	284	71	F	0	F	0	-1/2*ln(-1+x^7+x*(2^(1/2)-1)+x^2*2^(1/2))*(2^(1/2)-1)+1/2*ln(1+x-x^7+x*2^(1/2)+x^2*2^(1/2))*(1+2^(1/2))
6_Hebisch_Problems	1	51	A	51	B	-	871*exp(x)-870*exp(x)*x+435*exp(x)*x^2-145*exp(x)*x^3+36*exp(x)*x^4-7*exp(x)*x^5+exp(x)*x^6
6_Hebisch_Problems	2	10	F	0	F	0	Ei(x/(x^2+2))
6_Hebisch_Problems	3	28	F	0	F	0	exp(x/(x^2+2))*(x^2+2)+Ei(x/(x^2+2))
6_Hebisch_Problems	4	6	A	6	F	0	Ei(x+exp(x))
6_Hebisch_Problems	5	13	F	0	F	0	exp(1/(x^2-1))*(1+x)
6_Hebisch_Problems	6	10	A	10	A	9	exp(1+1/ln(x))*x
6_Hebisch_Problems	7	10	F	0	A	9	exp(x+1/ln(x))*x
7_Jeffrey_Problems	1	16	A	16	A	13	x+2*arctan(sin(x)/(2-cos(x)))
7_Jeffrey_Problems	2	19	A	38	F	0	-arctan((2*cos(x)-sin(x))/(2+sin(x)))
7_Jeffrey_Problems	3	19	B	-	B	-	-ln(1-3*cos(x)+sin(x))+ln(3+cos(x)+sin(x))
7_Jeffrey_Problems	4	19	A	31	B	-	-ln(1+cos(x)-2*sin(x))+ln(3+cos(x)+sin(x))
7_Jeffrey_Problems	5	43	F	0	A	63	x-2*arctan(sin(x)/(3+cos(x)))-2*arctan((3*sin(x)+7*cos(x)*sin(x))/(1+2*cos(x)+5*cos(x)^2))
7_Jeffrey_Problems	6	25	F	0	B	-	x-2*arctan(2*cos(x)*sin(x)/(1-cos(x)+2*cos(x)^2))
7_Jeffrey_Problems	7	14	A	14	A	15	x+2*arctan(cos(x)/(2+sin(x)))
7_Jeffrey_Problems	8	34	A	34	A	12	x*2^(1/2)-arctan(cos(x)*sin(x)/(1+cos(x)^2+2^(1/2)))*2^(1/2)
7_Jeffrey_Problems	9	54	A	54	F(-2)	0	2*arctan((r+(p-q)*tan(1/2*x))/(p^2-q^2-r^2)^(1/2))/(p^2-q^2-r^2)^(1/2)
8_Moses_Problems	1	12	A	12	A	16	x+cot(x)-1/3*cot(x)^3
8_Moses_Problems	2	13	A	13	A	15	-1/3/x^3+1/x+arctan(x)
8_Moses_Problems	3	19	A	19	A	11	2/3*x^(3/2)+2/5*x^(5/2)
8_Moses_Problems	4	2	A	2	A	2	sin(x)
8_Moses_Problems	5	9	A	9	A	6	1/2*exp(x^2)
8_Moses_Problems	6	8	A	8	A	6	1/2*sec(x)^2
8_Moses_Problems	7	13	A	13	A	9	1/3*(x^2+1)^(3/2)
8_Moses_Problems	8	19	A	19	A	11	-1/2*exp(x)*cos(x)+1/2*exp(x)*sin(x)
8_Moses_Problems	9	8	A	8	A	6	-1/3*csc(x)^3
8_Moses_Problems	10	4	A	4	C	-	Si(exp(x))
8_Moses_Problems	11	2	A	2	C	-	Si(y)
8_Moses_Problems	12	8	A	8	A	7	exp(x)-cos(x)
8_Moses_Problems	13	7	A	7	A	6	exp(x^2)*x
8_Moses_Problems	14	28	A	28	A	19	-2*exp(x)+1/2*exp(2*x)+2*exp(x)*x+1/3*x^3
8_Moses_Problems	15	22	A	22	A	16	2*exp(x)+1/2*exp(2*x)+1/3*x^3
8_Moses_Problems	16	8	A	8	A	6	1/2*sin(x)^2
8_Moses_Problems	17	9	A	9	A	6	1/2*exp(x^2)
8_Moses_Problems	18	13	A	13	A	9	1/3*(x^2+1)^(3/2)
8_Moses_Problems	19	6	A	6	A	5	ln(1+exp(x))
8_Moses_Problems	20	9	A	9	A	5	2/5*x^(5/2)
8_Moses_Problems	21	10	A	10	A	8	1/2*sin(3+2*x)
8_Moses_Problems	22	8	A	8	A	7	exp(2*x)*y*z
8_Moses_Problems	23	10	A	10	A	7	-1/3*cos(exp(x))^3
8_Moses_Problems	24	23	A	23	A	15	-2/3*(1+x)^(3/2)+2/5*(1+x)^(5/2)
8_Moses_Problems	25	13	A	13	A	17	-1/2*arctan(x)-1/2*arctanh(x)
8_Moses_Problems	26	18	A	18	A	13	1/6*arctan(1/2*exp(x)*6^(1/2))*6^(1/2)
8_Moses_Problems	27	31	A	31	A	19	1/2*arctan(exp(2*x)*B^(1/2)/A^(1/2))/A^(1/2)/B^(1/2)
8_Moses_Problems	28	8	A	8	A	8	exp(1)*ln(1+exp(x))
8_Moses_Problems	29	12	A	12	A	14	(10*exp(1))^x/(1+ln(10))
8_Moses_Problems	30	20	A	20	A	16	-1/2*x^2*cos(x^2)+1/2*sin(x^2)
8_Moses_Problems	31	49	A	49	A	40	-1/12*ln(x^4+1)+1/24*ln(x^8-x^4+1)-1/12*arctan(1/3*(-2*x^4+1)*3^(1/2))*3^(1/2)
8_Moses_Problems	32	115	A	115	F	0	1/4*I*x^(1+3*a)*GAMMA(3/2+1/2/a,-I*x^(2*a))/a/((-I*x^(2*a))^(1/2*(1+3*a)/a))-1/4*I*x^(1+3*a)*GAMMA(3/2+1/2/a,I *x^(2*a))/a/((I*x^(2*a))^(1/2*(1+3*a)/a))
8_Moses_Problems	33	22	A	22	A	16	2*cos(x^(1/2))+2*sin(x^(1/2))*x^(1/2)
8_Moses_Problems	34	23	A	23	A	15	-2/3*(1+x)^(3/2)+2/5*(1+x)^(5/2)
8_Moses_Problems	35	32	A	32	A	24	6*x^(1/6)-3*x^(1/3)-6*ln(1+x^(1/6))+2*x^(1/2)
8_Moses_Problems	36	44	A	44	B	-	-1/4*arcsinh(2^(1/2)*(1+x)^(1/2))*2^(1/2)+1/2*(1+x)^(1/2)*(3+2*x)^(1/2)
8_Moses_Problems	37	35	A	35	A	44	1/3*x^3/(-x^2+1)^(3/2)+arcsin(x)-x/(-x^2+1)^(1/2)
8_Moses_Problems	38	75	A	75	B	-	5/24*x^(3/2)*(1+x)^(3/2)+1/4*x^(3/2)*(1+x)^(5/2)-5/64*arcsinh(x^(1/2))+5/32*x^(3/2)*(1+x)^(1/2)+5/64*x^(1/2)*( 1+x)^(1/2)
8_Moses_Problems	39	35	A	35	A	44	1/3*x^3/(-x^2+1)^(3/2)+arcsin(x)-x/(-x^2+1)^(1/2)
8_Moses_Problems	40	51	A	51	B	-	B*arctan(B*y/(-B^2*y^2+A^2+B^2)^(1/2))+A*arctanh(A*y/(-B^2*y^2+A^2+B^2)^(1/2))
8_Moses_Problems	41	14	A	14	A	10	1/2*x-1/2*cos(x)*sin(x)
8_Moses_Problems	42	49	A	57	B	-	-B*arctan(B*cos(x)/(A^2+B^2*sin(x)^2)^(1/2))-A*arctanh(A*cos(x)/(A^2+B^2*sin(x)^2)^(1/2))
8_Moses_Problems	43	9	A	9	A	9	sin(x)/(cos(x)+1)
8_Moses_Problems	44	11	A	11	A	6	-exp(x)+exp(x)*x
8_Moses_Problems	45	9	A	9	A	8	exp(x)/(1+x)
8_Moses_Problems	46	7	A	7	A	6	exp(x^2)*x
8_Moses_Problems	47	11	A	11	C	-	1/2*erfi(x)*Pi^(1/2)
8_Moses_Problems	48	2	A	2	A	2	Ei(x)
8_Moses_Problems	49	41	A	41	A	34	-1/3*ln(1+x)+1/6*ln(x^2-x+1)-1/3*arctan(1/3*(1-2*x)*3^(1/2))*3^(1/2)
8_Moses_Problems	50	47	A	73	A	65	-1/3*arctanh(x)-1/6*arctanh(x/(x^2+1))-1/6*arctan(x*3^(1/2)/(-x^2+1))*3^(1/2)
8_Moses_Problems	51	21	A	21	A	39	arctanh(x/A)/A/(A^2-B^2)
8_Moses_Problems	52	17	A	17	A	13	-1/4*x^2+1/2*x^2*ln(x)
8_Moses_Problems	53	40	A	40	A	33	-1/9*(-x^2+1)^(3/2)+1/3*x^3*arcsin(x)+1/3*(-x^2+1)^(1/2)
8_Moses_Problems	54	7	A	7	A	7	-1/(1+x)
8_Moses_Problems	55	8	A	8	A	8	x/(1+ln(x))
8_Moses_Problems	56	3	A	3	A	3	arctan(ln(x))
8_Moses_Problems	57	2	A	2	A	3	Li(x)
8_Moses_Problems	58	14	A	14	A	14	cos(x)-x*cos(x)+sin(x)+x*sin(x)
8_Moses_Problems	59	17	A	17	A	11	-1/exp(x)+x-x/exp(x)
8_Moses_Problems	60	38	A	38	A	24	-2*exp(x)-1/4*exp(2*x)+2*exp(x)*x+1/2*exp(2*x)*x+1/2*x^2
8_Moses_Problems	61	7	A	7	A	7	cos(x)+x*sin(x)
8_Moses_Problems	62	22	A	22	A	16	2*cos(x^(1/2))+2*sin(x^(1/2))*x^(1/2)
8_Moses_Problems	63	7	A	7	A	7	cos(x)+x*sin(x)
8_Moses_Problems	64	28	A	28	A	17	1/4*x^2-1/2*x^2*ln(x)+1/2*x^2*ln(x)^2
8_Moses_Problems	65	11	A	11	A	9	sin(x)+1/4*sin(x)^4
8_Moses_Problems	66	3	A	3	A	3	arctan(ln(x))
8_Moses_Problems	67	3	A	3	F	0	arctan(arcsin(x))
8_Moses_Problems	68	16	A	16	B	-	1/2*x-1/2*ln(cos(x)+sin(x))
8_Moses_Problems	69	53	A	53	B	-	-B*arctan(B*y/(-B^2*y^2+A^2+B^2)^(1/2))-A*arctanh(A*y/(-B^2*y^2+A^2+B^2)^(1/2))
8_Moses_Problems	70	16	A	16	B	-	-B*z-A*arctanh(A*tan(z)/B)
8_Moses_Problems	71	16	A	16	B	-	-B*arctan(w)-A*arctanh(A*w/B)
8_Moses_Problems	72	16	A	16	B	-	-B*arctan(w)-A*arctanh(A*w/B)
8_Moses_Problems	73	35	A	35	A	44	1/3*x^3/(-x^2+1)^(3/2)+arcsin(x)-x/(-x^2+1)^(1/2)
8_Moses_Problems	74	14	A	14	A	12	y-tan(y)+1/3*tan(y)^3
8_Moses_Problems	75	13	A	13	A	11	-z+1/3*z^3+arctan(z)
8_Moses_Problems	76	7	A	7	A	6	exp(x^2)*x
8_Moses_Problems	77	24	A	24	A	23	exp(x^2)*x+1/2*exp(x^2)/(x^2+1)
8_Moses_Problems	78	9	A	9	A	8	-exp(-1-x)
8_Moses_Problems	79	25	A	25	A	24	-1/4*x^2+1/2*x^2*ln(x)+1/2*ln(x)^2
8_Moses_Problems	80	8	A	8	A	6	1/2*arctan(x^2)
8_Moses_Problems	81	16	A	16	A	12	1/2*x^2-1/2*arctan(x^2)
8_Moses_Problems	82	14	A	14	A	16	1/2*x+1/2*cos(x)*sin(x)
8_Moses_Problems	83	35	A	35	A	44	1/3*x^3/(-x^2+1)^(3/2)+arcsin(x)-x/(-x^2+1)^(1/2)
8_Moses_Problems	84	17	A	17	A	15	arcsin(x)-x/(-x^2+1)^(1/2)
8_Moses_Problems	85	19	A	19	A	11	-1/2*exp(x)*cos(x)+1/2*exp(x)*sin(x)
8_Moses_Problems	86	2	A	2	A	2	ln(x)
8_Moses_Problems	87	45	A	45	B	-	-1/12*ln(cos(t)-sin(t))-1/4*ln(cos(t)+sin(t))+1/3*ln(2*cos(t)+sin(t))-1/2/(1+tan(t))
8_Moses_Problems	88	14	A	14	A	10	1/2*x+1/2*cos(x)*sin(x)
8_Moses_Problems	89	17	A	17	A	11	2/5*x^(5/2)+2*x^(1/2)
8_Moses_Problems	90	23	A	23	A	19	-arcsinh(1/2+1/2*x)+(x^2+2*x+5)^(1/2)
8_Moses_Problems	91	8	A	8	A	6	1/3*sin(x)^3
8_Moses_Problems	92	6	A	6	A	5	ln(1+exp(x))
8_Moses_Problems	93	12	A	12	A	10	exp(x)-ln(1+exp(x))
8_Moses_Problems	94	12	A	12	A	10	-sin(x)/(1-cos(x))
8_Moses_Problems	95	8	A	8	A	6	1/2*sec(x)^2
8_Moses_Problems	96	17	A	17	A	13	-1/4*x^2+1/2*x^2*ln(x)
8_Moses_Problems	97	8	A	8	A	6	1/2*sin(x)^2
8_Moses_Problems	98	24	A	24	A	22	2*arcsin(-1+x)-(-x^2+2*x)^(1/2)
8_Moses_Problems	99	20	A	20	A	13	1/3*arctan(1/2*exp(x)*6^(1/2))*6^(1/2)
8_Moses_Problems	100	35	A	35	A	44	1/3*x^3/(-x^2+1)^(3/2)+arcsin(x)-x/(-x^2+1)^(1/2)
8_Moses_Problems	101	20	A	20	A	14	1/2*exp(2*x)-1/2*arctan(exp(2*x))
8_Moses_Problems	102	33	A	33	A	26	-2*x+x*ln(3*x^2+2)+2/3*arctan(1/2*x*6^(1/2))*6^(1/2)
8_Moses_Problems	103	21	A	21	A	19	x/r/(2*H*r^2-a^2)^(1/2)
8_Moses_Problems	104	26	A	26	A	23	x/r/(2*H*r^2-a^2-e^2)^(1/2)
8_Moses_Problems	105	27	A	27	A	25	x/r/(-2*K*r^4+2*H*r^2-a^2)^(1/2)
8_Moses_Problems	106	32	A	32	A	29	x/r/(-2*K*r^4+2*H*r^2-a^2-e^2)^(1/2)
8_Moses_Problems	107	24	A	24	A	23	x/r/(-a^2-2*r*(-H*r+K))^(1/2)
8_Moses_Problems	108	29	A	29	A	27	x/r/(2*H*r^2-2*K*r-a^2-e^2)^(1/2)
8_Moses_Problems	109	19	A	19	A	18	r*x/(-a^2+2*exp(1)*r^2)^(1/2)
8_Moses_Problems	110	24	A	24	A	22	r*x/(-a^2-e^2+2*exp(1)*r^2)^(1/2)
8_Moses_Problems	111	25	A	25	A	24	r*x/(-a^2+2*exp(1)*r^2-2*K*r^4)^(1/2)
8_Moses_Problems	112	30	A	30	A	28	r*x/(-a^2-e^2+2*exp(1)*r^2-2*K*r^4)^(1/2)
8_Moses_Problems	113	27	A	27	A	25	r*x/(2*H*r^2-2*K*r-a^2-e^2)^(1/2)
9_Stewart_Problems	1	11	A	11	A	11	x^(1+n)/(1+n)
9_Stewart_Problems	2	3	A	3	A	2	exp(x)
9_Stewart_Problems	3	2	A	2	A	2	ln(x)
9_Stewart_Problems	4	8	A	8	A	8	a^x/ln(a)
9_Stewart_Problems	5	4	A	4	A	4	-cos(x)
9_Stewart_Problems	6	2	A	2	A	2	sin(x)
9_Stewart_Problems	7	2	A	2	A	2	tan(x)
9_Stewart_Problems	8	4	A	4	A	6	-cot(x)
9_Stewart_Problems	9	2	A	2	A	4	sec(x)
9_Stewart_Problems	10	4	A	4	A	6	-csc(x)
9_Stewart_Problems	11	2	A	2	A	2	cosh(x)
9_Stewart_Problems	12	2	A	2	A	2	sinh(x)
9_Stewart_Problems	13	5	A	5	A	3	-ln(cos(x))
9_Stewart_Problems	14	3	A	3	A	3	ln(sin(x))
9_Stewart_Problems	15	8	A	8	A	8	-x*cos(x)+sin(x)
9_Stewart_Problems	16	8	A	8	A	8	-x+x*ln(x)
9_Stewart_Problems	17	19	A	19	A	11	2*exp(x)-2*exp(x)*x+exp(x)*x^2
9_Stewart_Problems	18	19	A	19	A	11	-1/2*exp(x)*cos(x)+1/2*exp(x)*sin(x)
9_Stewart_Problems	19	15	A	15	A	13	x*arctan(x)-1/2*ln(x^2+1)
9_Stewart_Problems	20	20	A	20	A	11	-1/4*exp(2*x)+1/2*exp(2*x)*x
9_Stewart_Problems	21	7	A	7	A	7	cos(x)+x*sin(x)
9_Stewart_Problems	22	18	A	18	A	14	-1/4*x*cos(4*x)+1/16*sin(4*x)
9_Stewart_Problems	23	17	A	17	A	13	-1/4*x^2+1/2*x^2*ln(x)
9_Stewart_Problems	24	29	A	29	A	21	2/9*x*cos(3*x)-2/27*sin(3*x)+1/3*x^2*sin(3*x)
9_Stewart_Problems	25	29	A	29	A	21	1/4*cos(2*x)-1/2*x^2*cos(2*x)+1/2*x*sin(2*x)
9_Stewart_Problems	26	15	A	15	A	12	2*x-2*x*ln(x)+x*ln(x)^2
9_Stewart_Problems	27	16	A	16	A	14	x*arcsin(x)+(-x^2+1)^(1/2)
9_Stewart_Problems	28	23	A	23	A	14	-1/4*t+1/4*cos(t)*sin(t)+1/2*t*sin(t)^2
9_Stewart_Problems	29	8	A	8	B	-	ln(cos(t))+t*tan(t)
9_Stewart_Problems	30	17	A	17	A	13	-1/9*t^3+1/3*t^3*ln(t)
9_Stewart_Problems	31	27	A	27	A	16	-6*exp(t)+6*exp(t)*t-3*exp(t)*t^2+exp(t)*t^3
9_Stewart_Problems	32	27	A	27	A	19	-3/13*exp(2*t)*cos(3*t)+2/13*exp(2*t)*sin(3*t)
9_Stewart_Problems	33	27	A	27	A	17	-1/10*cos(3*t)/exp(t)+3/10*sin(3*t)/exp(t)
9_Stewart_Problems	34	9	A	9	B	-	y*cosh(y)-sinh(y)
9_Stewart_Problems	35	19	A	19	B	-	-cosh(a*y)/a^2+y*sinh(a*y)/a
9_Stewart_Problems	36	16	A	16	A	9	-1/exp(t)-t/exp(t)
9_Stewart_Problems	37	21	A	21	A	13	-4/9*t^(3/2)+2/3*t^(3/2)*ln(t)
9_Stewart_Problems	38	18	A	18	A	14	1/4*cos(2*x)+1/2*x*sin(2*x)
9_Stewart_Problems	39	26	A	26	A	14	-2/exp(x)-2*x/exp(x)-x^2/exp(x)
9_Stewart_Problems	40	18	A	18	A	16	x*arccos(x)-(-x^2+1)^(1/2)
9_Stewart_Problems	41	9	A	9	B	-	-x*cot(x)+ln(sin(x))
9_Stewart_Problems	42	17	A	17	A	13	1/4*cos(2*x)-1/16*cos(8*x)
9_Stewart_Problems	43	17	A	17	A	13	1/4*sin(2*x)-1/12*sin(6*x)
9_Stewart_Problems	44	11	A	11	A	11	-sin(x)+ln(sin(x))*sin(x)
9_Stewart_Problems	45	22	A	22	A	11	-1/2*exp(x^2)+1/2*exp(x^2)*x^2
9_Stewart_Problems	46	15	A	15	A	12	-2*exp(x)+exp(x)*(3+2*x)
9_Stewart_Problems	47	19	A	19	A	14	-5^x/ln(5)^2+5^x*x/ln(5)
9_Stewart_Problems	48	17	A	17	A	10	1/2*x*cos(ln(x))+1/2*x*sin(ln(x))
9_Stewart_Problems	49	24	A	24	A	11	-2*exp(x^(1/2))+2*exp(x^(1/2))*x^(1/2)
9_Stewart_Problems	50	14	A	14	A	9	-1/2*x+1/2*x*ln(x)
9_Stewart_Problems	51	17	A	17	A	12	-1/2*x*cos(ln(x))+1/2*x*sin(ln(x))
9_Stewart_Problems	52	22	A	22	A	16	2*sin(x^(1/2))-2*cos(x^(1/2))*x^(1/2)
9_Stewart_Problems	53	20	A	20	A	16	1/3*cos(x^3)+1/3*x^3*sin(x^3)
9_Stewart_Problems	54	28	A	28	A	16	exp(x^2)-exp(x^2)*x^2+1/2*exp(x^2)*x^4
9_Stewart_Problems	55	21	A	21	A	15	-1/2*x+1/2*arctan(x)+1/2*x^2*arctan(x)
9_Stewart_Problems	56	18	A	18	A	16	cos(Pi*x)/Pi^2+x*sin(Pi*x)/Pi
9_Stewart_Problems	57	21	A	21	A	13	-4/9*x^(3/2)+2/3*x^(3/2)*ln(x)
9_Stewart_Problems	58	18	A	18	A	10	1/2*x-1/6*cos(3*x)*sin(3*x)
9_Stewart_Problems	59	14	A	14	A	10	1/2*x+1/2*cos(x)*sin(x)
9_Stewart_Problems	60	24	A	24	A	16	3/8*x+3/8*cos(x)*sin(x)+1/4*cos(x)^3*sin(x)
9_Stewart_Problems	61	13	A	13	A	11	-cos(x)+1/3*cos(x)^3
9_Stewart_Problems	62	17	A	17	A	13	-1/5*cos(x)^5+1/7*cos(x)^7
9_Stewart_Problems	63	17	A	17	A	13	1/5*sin(x)^5-1/7*sin(x)^7
9_Stewart_Problems	64	36	A	36	A	18	1/16*x+1/16*cos(x)*sin(x)-1/8*cos(x)^3*sin(x)-1/6*cos(x)^3*sin(x)^3
9_Stewart_Problems	65	24	A	24	A	10	1/8*x+1/8*cos(x)*sin(x)-1/4*cos(x)^3*sin(x)
9_Stewart_Problems	66	22	A	22	A	14	3/2*x+cos(2*x)-1/4*cos(2*x)*sin(2*x)
9_Stewart_Problems	67	20	A	20	A	14	1/4*x-1/4*cos(1/6*Pi+2*x)
9_Stewart_Problems	68	25	A	25	A	19	1/6*sin(x)^6-1/4*sin(x)^8+1/10*sin(x)^10
9_Stewart_Problems	69	34	A	34	A	24	5/16*x-5/16*cos(x)*sin(x)-5/24*cos(x)*sin(x)^3-1/6*cos(x)*sin(x)^5
9_Stewart_Problems	70	34	A	34	A	24	5/16*x+5/16*cos(x)*sin(x)+5/24*cos(x)^3*sin(x)+1/6*cos(x)^5*sin(x)
9_Stewart_Problems	71	46	A	46	A	18	1/16*x+1/32*cos(2*x)*sin(2*x)+1/48*cos(2*x)^3*sin(2*x)-1/12*cos(2*x)^5*sin(2*x)
9_Stewart_Problems	72	21	A	21	A	17	-cos(x)+2/3*cos(x)^3-1/5*cos(x)^5
9_Stewart_Problems	73	46	A	46	A	16	3/128*x+3/128*cos(x)*sin(x)+1/64*cos(x)^3*sin(x)-1/16*cos(x)^5*sin(x)-1/8*cos(x)^5*sin(x)^3
9_Stewart_Problems	74	21	A	21	A	13	-2/3*cos(x)^(3/2)+2/7*cos(x)^(7/2)
9_Stewart_Problems	75	21	A	21	A	13	2/3*sin(x)^(3/2)-2/7*sin(x)^(7/2)
9_Stewart_Problems	76	19	A	19	A	12	cos(x^(1/2))*sin(x^(1/2))+x^(1/2)
9_Stewart_Problems	77	19	A	19	A	15	-1/2*cos(x^2)+1/6*cos(x^2)^3
9_Stewart_Problems	78	14	A	14	A	16	1/2*cos(x)^2-ln(cos(x))
9_Stewart_Problems	79	22	A	22	A	20	-1/2*csc(x)^2-2*ln(sin(x))+1/2*sin(x)^2
9_Stewart_Problems	80	5	A	5	A	5	ln(1+sin(x))
9_Stewart_Problems	81	11	A	11	A	15	cos(x)/(1-sin(x))
9_Stewart_Problems	82	6	A	6	A	6	-x+tan(x)
9_Stewart_Problems	83	14	A	14	A	12	x-tan(x)+1/3*tan(x)^3
9_Stewart_Problems	84	11	A	11	A	9	tan(x)+1/3*tan(x)^3
9_Stewart_Problems	85	19	A	19	A	15	tan(x)+2/3*tan(x)^3+1/5*tan(x)^5
9_Stewart_Problems	86	8	A	8	A	6	1/5*tan(x)^5
9_Stewart_Problems	87	17	A	17	A	13	1/3*tan(x)^3+1/5*tan(x)^5
9_Stewart_Problems	88	8	A	8	A	6	1/3*sec(x)^3
9_Stewart_Problems	89	17	A	17	A	14	-1/3*sec(x)^3+1/5*sec(x)^5
9_Stewart_Problems	90	22	A	22	A	34	-ln(cos(x))-1/2*tan(x)^2+1/4*tan(x)^4
9_Stewart_Problems	91	22	A	22	A	18	-x+tan(x)-1/3*tan(x)^3+1/5*tan(x)^5
9_Stewart_Problems	92	19	A	19	A	20	sec(x)-2/3*sec(x)^3+1/5*sec(x)^5
9_Stewart_Problems	93	25	A	25	A	20	1/3*sec(x)^3-2/5*sec(x)^5+1/7*sec(x)^7
9_Stewart_Problems	94	8	A	8	A	10	1/6*sec(x)^6
9_Stewart_Problems	95	17	A	17	B	-	-1/6*sec(x)^6+1/8*sec(x)^8
9_Stewart_Problems	96	8	A	8	A	10	1/2*sec(x)^2
9_Stewart_Problems	97	16	A	16	B	-	-1/2*arctanh(sin(x))+1/2*sec(x)*tan(x)
9_Stewart_Problems	98	8	A	8	A	10	-x-cot(x)
9_Stewart_Problems	99	14	A	14	A	14	-1/2*cot(x)^2-ln(sin(x))
9_Stewart_Problems	100	17	A	17	A	14	-1/5*cot(x)^5-1/7*cot(x)^7
9_Stewart_Problems	101	17	A	17	A	14	1/4*csc(x)^4-1/6*csc(x)^6
9_Stewart_Problems	102	5	A	5	A	8	-arctanh(cos(x))
9_Stewart_Problems	103	16	A	16	B	-	-1/2*arctanh(cos(x))-1/2*cot(x)*csc(x)
9_Stewart_Problems	104	8	A	8	B	-	-arctanh(cos(x))+cos(x)
9_Stewart_Problems	105	13	A	13	A	14	-cot(x)-1/3*cot(x)^3
9_Stewart_Problems	106	17	A	17	A	13	1/6*sin(3*x)-1/14*sin(7*x)
9_Stewart_Problems	107	17	A	17	A	13	-1/4*cos(2*x)-1/8*cos(4*x)
9_Stewart_Problems	108	15	A	15	A	11	1/2*sin(x)+1/14*sin(7*x)
9_Stewart_Problems	109	17	A	17	A	13	1/6*sin(3*x)-1/18*sin(9*x)
9_Stewart_Problems	110	8	A	8	A	6	-1/6*cos(x)^6
9_Stewart_Problems	111	30	A	30	A	22	1/4*x+1/8*sin(2*x)+1/16*sin(4*x)+1/24*sin(6*x)
9_Stewart_Problems	112	5	A	5	B	-	cos(x)*sin(x)
9_Stewart_Problems	113	15	A	15	B	-	-1/2*arctanh(cos(x))+1/2*arctanh(sin(x))
9_Stewart_Problems	114	14	A	14	A	16	1/2*cos(x)^2-ln(cos(x))
9_Stewart_Problems	115	22	A	22	A	20	-1/2*csc(x)^2-2*ln(sin(x))+1/2*sin(x)^2
9_Stewart_Problems	116	8	A	8	A	6	1/3*sec(x)^3
9_Stewart_Problems	117	17	A	17	A	14	-1/3*sec(x)^3+1/5*sec(x)^5
9_Stewart_Problems	118	25	A	25	A	21	-arcsin(1/3*x)-(-x^2+9)^(1/2)/x
9_Stewart_Problems	119	16	A	16	A	12	-1/4*(x^2+4)^(1/2)/x
9_Stewart_Problems	120	9	A	9	A	7	(x^2+4)^(1/2)
9_Stewart_Problems	121	16	A	16	A	18	arctanh(x/(-a^2+x^2)^(1/2))
9_Stewart_Problems	122	31	A	31	A	26	9/16/(4*x^2+9)^(1/2)+1/16*(4*x^2+9)^(1/2)
9_Stewart_Problems	123	27	A	27	A	21	-arcsin(1/2+1/2*x)-(-x^2-2*x+3)^(1/2)
9_Stewart_Problems	124	16	A	16	A	14	-(-x^2+1)^(1/2)/x
9_Stewart_Problems	125	31	A	31	A	26	-4/3*(-x^2+4)^(3/2)+1/5*(-x^2+4)^(5/2)
9_Stewart_Problems	126	13	A	13	A	11	-(-x^2+1)^(1/2)
9_Stewart_Problems	127	15	A	15	A	11	-1/3*(-x^2+4)^(3/2)
9_Stewart_Problems	128	25	A	25	A	19	1/4*arcsin(2*x)+1/2*x*(-4*x^2+1)^(1/2)
9_Stewart_Problems	129	25	A	25	A	22	1/3*(x^2+4)^(3/2)-4*(x^2+4)^(1/2)
9_Stewart_Problems	130	6	A	6	A	4	arcsinh(1/3*x)
9_Stewart_Problems	131	21	A	21	A	15	1/2*arcsinh(x)+1/2*x*(x^2+1)^(1/2)
9_Stewart_Problems	132	35	A	35	A	22	1/128*arctan(1/4*(x^2-16)^(1/2))+1/32*(x^2-16)^(1/2)/x^2
9_Stewart_Problems	133	23	A	23	A	19	1/3*(-a^2+x^2)^(3/2)/a^2/x^3
9_Stewart_Problems	134	30	A	30	A	19	-2*arctan(1/2*(9*x^2-4)^(1/2))+(9*x^2-4)^(1/2)
9_Stewart_Problems	135	18	A	18	A	14	1/9*(16*x^2-9)^(1/2)/x
9_Stewart_Problems	136	34	A	34	A	22	-arctan(x/(a^2-x^2)^(1/2))+x/(a^2-x^2)^(1/2)
9_Stewart_Problems	137	29	A	29	A	22	5/2*arcsin(1/5*x*5^(1/2))-1/2*x*(-x^2+5)^(1/2)
9_Stewart_Problems	138	23	A	23	A	14	-1/3*arctanh(1/3*(x^2+3)^(1/2)*3^(1/2))*3^(1/2)
9_Stewart_Problems	139	13	A	13	A	9	-1/3/(x^2+4)^(3/2)
9_Stewart_Problems	140	31	A	31	A	26	-4/243*(-9*x^2+4)^(3/2)+1/405*(-9*x^2+4)^(5/2)
9_Stewart_Problems	141	45	A	45	A	31	81/8*arcsin(1/3*x)-9/8*x*(-x^2+9)^(1/2)+1/4*x^3*(-x^2+9)^(1/2)
9_Stewart_Problems	142	13	A	13	A	9	5/3*(x^2+1)^(3/2)
9_Stewart_Problems	143	16	A	16	A	12	-1/25*x/(4*x^2-25)^(1/2)
9_Stewart_Problems	144	33	A	33	A	36	1/2*arcsin(-1+x)-1/2*(1-x)*(-x^2+2*x)^(1/2)
9_Stewart_Problems	145	8	A	8	A	6	arcsinh(1+1/2*x)
9_Stewart_Problems	146	25	A	25	A	22	1/3*arctanh((1+3*x)/(9*x^2+6*x-8)^(1/2))
9_Stewart_Problems	147	44	A	44	A	36	6*arcsin(-1+1/2*x)-3*(-x^2+4*x)^(1/2)-1/2*x*(-x^2+4*x)^(1/2)
9_Stewart_Problems	148	26	A	26	A	22	1/2*(1+x)/(x^2+2*x+2)+1/2*arctan(1+x)
9_Stewart_Problems	149	43	A	43	A	59	1/27*(2+x)/(-x^2-4*x+5)^(3/2)+2/243*(2+x)/(-x^2-4*x+5)^(1/2)
9_Stewart_Problems	150	33	A	33	A	22	9/2*arcsin(1/3*exp(t))+1/2*exp(t)*(9-exp(2*t))^(1/2)
9_Stewart_Problems	151	30	A	30	A	22	-3*arctan(1/3*(-9+exp(2*t))^(1/2))+(-9+exp(2*t))^(1/2)
9_Stewart_Problems	152	14	A	14	A	6	arctanh(x/(a^2+x^2)^(1/2))
9_Stewart_Problems	153	15	A	15	A	13	2*ln(1-x)-ln(2+x)
9_Stewart_Problems	154	26	A	26	A	20	2*x+1/2*x^2+1/3*x^3+2*ln(1-x)
9_Stewart_Problems	155	25	A	25	A	19	1/10*ln(1-2*x)+1/2*ln(x)-1/10*ln(2+x)
9_Stewart_Problems	156	30	A	30	A	24	2/(1-x)+x+1/2*x^2+ln(1-x)-ln(1+x)
9_Stewart_Problems	157	23	A	23	A	17	-1/2*arctan(1/2*x)+ln(x)+1/2*ln(x^2+4)
9_Stewart_Problems	158	38	A	38	A	31	x+1/8*ln(4*x^2-4*x+3)+1/8*arctan(1/2*(1-2*x)*2^(1/2))*2^(1/2)
9_Stewart_Problems	159	103	A	103	A	77	1/8*(1+x)/(x^2+1)^2-3/8*(1-x)/(x^2+1)+3/16*x/(x^2+1)+7/16*arctan(x)+1/8*ln(1-x)-ln(x)+15/16*ln(x^2+1)-1/2*ln(x ^2+x+1)-1/3*arctan(1/3*(1+2*x)*3^(1/2))*3^(1/2)
9_Stewart_Problems	160	33	A	33	A	29	1/2*(-1-2*x)/(x^2+1)-2*arctan(x)+ln(x)-1/2*ln(x^2+1)
9_Stewart_Problems	161	19	A	19	A	15	1/2*x/(x^2+1)+1/2*arctan(x)
9_Stewart_Problems	162	19	A	19	A	13	1/3*ln(1-x)-1/3*ln(2+x)
9_Stewart_Problems	163	19	A	19	A	15	7/11*ln(3-2*x)-7/11*ln(4+x)
9_Stewart_Problems	164	32	A	32	A	26	-9/32/(1-2*x)+41/128*ln(1-2*x)-25/128*ln(3+2*x)
9_Stewart_Problems	165	43	A	43	A	34	-12/1375/(3+5*x)^2+201/15125/(3+5*x)+20/3993*ln(6-x)+1493/499125*ln(3+5*x)
9_Stewart_Problems	166	21	A	21	A	19	1/2/x^2+1/x+ln(1-x)-ln(x)
9_Stewart_Problems	167	25	A	25	A	23	x+1/2*x^2-ln(x)+1/2*ln(-x^2+1)
9_Stewart_Problems	168	11	A	11	A	13	-ln(x)+ln(x^2+2)
9_Stewart_Problems	169	36	A	36	A	31	6*arctan(x)-1/2*ln(x^2+1)+ln(x^2+2)-5*arctan(1/2*x*2^(1/2))*2^(1/2)
9_Stewart_Problems	170	29	A	29	A	21	-13/24*x/(x^2+4)+25/144*arctan(1/2*x)+1/9*arctan(x)
9_Stewart_Problems	171	60	A	60	A	47	-79/273/(5+x)+200/3211*ln(3-2*x)+2731/24843*ln(5+x)-481/5586*ln(x^2+x+1)+451/8379*arctan(1/3*(1+2*x)*3^(1/2))* 3^(1/2)
9_Stewart_Problems	172	37	A	37	A	30	-1/4*x^3/(x^2+9)^2-3/8*x/(x^2+9)+1/8*arctan(1/3*x)
9_Stewart_Problems	173	97	A	97	A	75	-399/736/(1-x)^2-1843/4416/(1-x)+19/276*(39+44*x)/(1-x)^2/(4*x^2+5*x+3)+209/2304*ln(1-x)-209/4608*ln(4*x^2+5*x +3)+114437/1218816*arctan(1/23*(5+8*x)*23^(1/2))*23^(1/2)
9_Stewart_Problems	174	46	A	46	A	35	-1/2/x-1/4*ln(x)+5/8*ln(x^2+x+2)+1/28*arctan(1/7*(1+2*x)*7^(1/2))*7^(1/2)
9_Stewart_Problems	175	48	A	48	A	37	1/2/x^2+1/3*ln(1-x)-1/6*ln(x^2+x+1)-1/3*arctan(1/3*(1+2*x)*3^(1/2))*3^(1/2)
9_Stewart_Problems	176	15	A	15	A	13	-x+1/2*x^2+ln(1+x)
9_Stewart_Problems	177	10	A	10	A	8	x+5*ln(5-x)
9_Stewart_Problems	178	13	A	13	A	11	ln(1-x)+3*ln(2+x)
9_Stewart_Problems	179	11	A	11	A	11	ln(1+x)-ln(2+x)
9_Stewart_Problems	180	12	A	12	A	12	3*x-7*ln(3+2*x)
9_Stewart_Problems	181	26	A	26	A	26	-ln(a+x)/(a-b)+ln(b+x)/(a-b)
9_Stewart_Problems	182	14	A	14	A	12	x+2*ln(1-x)-ln(x)
9_Stewart_Problems	183	26	A	26	A	18	1/2*x^2+1/7*ln(3-x)-1/7*ln(4+x)
9_Stewart_Problems	184	14	A	14	A	14	-1/(1+x)+2*ln(1+x)
9_Stewart_Problems	185	23	A	23	A	19	1/3*ln(x)-ln(1+x)+2/3*ln(3+2*x)
9_Stewart_Problems	186	17	A	17	A	15	2*ln(1-x)+ln(x)+3*ln(3+x)
9_Stewart_Problems	187	12	A	12	A	12	2/(2+x)+ln(2+x)
9_Stewart_Problems	188	30	A	30	A	20	1/5/(1-x)-1/25*ln(1-x)+1/25*ln(4+x)
9_Stewart_Problems	189	28	A	28	A	20	4/5/(2+x)+9/25*ln(3-x)+16/25*ln(2+x)
9_Stewart_Problems	190	14	A	14	A	14	1/x+2*ln(x)+3*ln(2+x)
9_Stewart_Problems	191	19	A	19	A	17	ln(1-x)-2*ln(2+x)-3*ln(3+x)
9_Stewart_Problems	192	15	A	15	A	13	1/3*ln(x^3+3*x^2+4)
9_Stewart_Problems	193	25	A	25	A	27	1/(1-x)-1/x-2*ln(1-x)+2*ln(x)
9_Stewart_Problems	194	21	A	21	A	22	-1/2/(1+x)^2+2/(1+x)+ln(1+x)
9_Stewart_Problems	195	8	A	8	A	16	1/x-arctanh(x)
9_Stewart_Problems	196	15	A	15	A	13	1/2*ln(x^4-x^2+1)
9_Stewart_Problems	197	18	A	18	A	14	1/2*x^2-1/2*ln(x^2+1)
9_Stewart_Problems	198	20	A	20	A	18	-2*arctan(1+x)+1/2*ln(x^2+2*x+2)
9_Stewart_Problems	199	31	A	31	A	26	1/2*ln(x^2+x+1)-1/3*arctan(1/3*(1+2*x)*3^(1/2))*3^(1/2)
9_Stewart_Problems	200	27	A	27	A	21	x+3/8*arctan(1/2+x)+1/8*ln(4*x^2+4*x+5)
9_Stewart_Problems	201	23	A	23	A	19	-3*arctan(x)+2*ln(1-x)+1/2*ln(x^2+1)
9_Stewart_Problems	202	28	A	28	A	23	ln(x)-1/2*ln(x^2+3)+2/3*arctan(1/3*x*3^(1/2))*3^(1/2)
9_Stewart_Problems	203	41	A	41	A	32	1/3*ln(1-x)-1/6*ln(x^2+x+1)-1/3*arctan(1/3*(1+2*x)*3^(1/2))*3^(1/2)
9_Stewart_Problems	204	41	A	41	A	35	x-1/3*ln(1+x)+1/6*ln(x^2-x+1)+1/3*arctan(1/3*(1-2*x)*3^(1/2))*3^(1/2)
9_Stewart_Problems	205	24	A	24	A	20	1/(-1+x)+arctan(x)+ln(1-x)-1/2*ln(x^2+1)
9_Stewart_Problems	206	14	A	14	A	18	x-1/2*arctan(x)-1/2*arctanh(x)
9_Stewart_Problems	207	29	A	29	A	24	-3*arctan(x)+3/2*ln(x^2+1)+arctan(1/2*x*2^(1/2))*2^(1/2)
9_Stewart_Problems	208	23	A	23	A	17	-3/2*arctan(1/2*x)+arctan(x)+1/2*ln(x^2+4)
9_Stewart_Problems	209	39	A	39	A	32	1/6*(-7-4*x)/(x^2+2*x+4)-2/9*arctan(1/3*(1+x)*3^(1/2))*3^(1/2)
9_Stewart_Problems	210	10	A	10	A	14	1/(x^2+1)+ln(x)
9_Stewart_Problems	211	11	A	11	A	11	ln(2-3*sin(x)+sin(x)^2)
9_Stewart_Problems	212	20	A	20	A	17	-cos(x)+arctan(1/5*cos(x)*5^(1/2))*5^(1/2)
9_Stewart_Problems	213	19	A	19	A	13	1/4*ln(1-x)-1/4*ln(3+x)
9_Stewart_Problems	214	17	A	17	A	11	1/2*ln(2-x)-1/2*ln(x)
9_Stewart_Problems	215	21	A	21	A	17	1/8*ln(1-2*x)+3/8*ln(7+2*x)
9_Stewart_Problems	216	49	A	49	A	37	1/10*ln(1+2*x-5^(1/2))*(5-5^(1/2))+1/10*ln(1+2*x+5^(1/2))*(5+5^(1/2))
9_Stewart_Problems	217	63	A	63	A	50	-3146/80155*ln(7-3*x)-334/323*ln(1+2*x)+4822/4879*ln(2+5*x)+11049/260015*ln(x^2+x+5)+3988/260015*arctan(1/19*( 1+2*x)*19^(1/2))*19^(1/2)
9_Stewart_Problems	218	86	A	86	A	59	5828/9075/(2-5*x)+1/1452*(-313-502*x)/(2*x^2+1)-59096/99825*ln(2-5*x)+2843/7986*ln(2*x^2+1)+503/15972*arctan(x *2^(1/2))*2^(1/2)
9_Stewart_Problems	219	24	A	24	A	28	-4*arctanh(1/2*(4+x)^(1/2))+2*(4+x)^(1/2)
9_Stewart_Problems	220	200	A	200	B	-	6/5*ln(1-x^(1/6))-3/10*ln(2+x^(1/6)+2*x^(1/3)+x^(1/6)*5^(1/2))*(-5^(1/2)+1)-3/10*ln(2+x^(1/6)+2*x^(1/3)-x^(1/6 )*5^(1/2))*(5^(1/2)+1)+2*x^(1/2)+3/5*arctan((1+4*x^(1/6)-5^(1/2))/(10+2*5^(1/2))^(1/2))*(10-2*5^(1/2))^(1/2)-3 /5*arctan(1/20*(1+4*x^(1/6)+5^(1/2))*(50+10*5^(1/2))^(1/2))*(10+2*5^(1/2))^(1/2)
9_Stewart_Problems	221	18	A	18	B	-	-1/5*arctanh(3/5*cos(x)+4/5*sin(x))
9_Stewart_Problems	222	18	A	18	A	15	-2*ln(1+x^(1/2))+2*x^(1/2)
9_Stewart_Problems	223	32	A	32	A	28	3*x^(1/3)-3/2*x^(2/3)+x-3*ln(1+1/x^(1/3))-ln(x)
9_Stewart_Problems	224	16	A	16	A	12	-2*arctan(x^(1/2))+2*x^(1/2)
9_Stewart_Problems	225	10	A	10	B	-	-2*arctanh((1+x)^(1/2))
9_Stewart_Problems	226	14	A	14	A	17	3/2*ln(1-x^(2/3))
9_Stewart_Problems	227	31	A	31	A	21	4/3*ln(2-(2+x)^(1/2))+2/3*ln(1+(2+x)^(1/2))
9_Stewart_Problems	228	32	A	32	A	22	4/3*(-1+x)^(3/2)+2/5*(-1+x)^(5/2)+2*(-1+x)^(1/2)
9_Stewart_Problems	229	31	A	31	A	24	-2*arctan(1/2*(-1+x)^(1/2)*2^(1/2))*2^(1/2)+2*(-1+x)^(1/2)
9_Stewart_Problems	230	29	A	29	A	19	4/3*(1+x^(1/2))^(3/2)-4*(1+x^(1/2))^(1/2)
9_Stewart_Problems	231	8	A	8	A	6	2*arctan(x^(1/2))
9_Stewart_Problems	232	21	A	21	A	15	x+4*ln(1-x^(1/2))+4*x^(1/2)
9_Stewart_Problems	233	30	A	30	A	22	-6*x^(1/3)-3*x^(2/3)-x-6*ln(1-x^(1/3))
9_Stewart_Problems	234	27	A	27	A	19	-3/4*(x^2+1)^(2/3)+3/10*(x^2+1)^(5/3)
9_Stewart_Problems	235	201	A	201	B	-	6*x^(1/6)+x+6/5*ln(1-x^(1/6))-3/10*ln(2+x^(1/6)+2*x^(1/3)-x^(1/6)*5^(1/2))*(-5^(1/2)+1)-3/10*ln(2+x^(1/6)+2*x^ (1/3)+x^(1/6)*5^(1/2))*(5^(1/2)+1)-3/5*arctan(1/20*(1+4*x^(1/6)+5^(1/2))*(50+10*5^(1/2))^(1/2))*(10-2*5^(1/2)) ^(1/2)-3/5*arctan((1+4*x^(1/6)-5^(1/2))/(10+2*5^(1/2))^(1/2))*(10+2*5^(1/2))^(1/2)
9_Stewart_Problems	236	62	A	62	A	45	4/3*ln(1+x^(1/4))-2/3*ln(1-x^(1/4)+x^(1/2))+4/3*arctan(1/3*(1-2*x^(1/4))*3^(1/2))*3^(1/2)+2*x^(1/2)
9_Stewart_Problems	237	130	A	130	A	82	12*x^(1/12)-6*x^(1/6)+4*x^(1/4)-3*x^(1/3)+12/5*x^(5/12)+12/7*x^(7/12)-3/2*x^(2/3)+4/3*x^(3/4)-6/5*x^(5/6)+12/1 1*x^(11/12)-x+12/13*x^(13/12)-6/7*x^(7/6)+4/5*x^(5/4)-12*ln(1+x^(1/12))-2*x^(1/2)
9_Stewart_Problems	238	24	A	24	A	37	-arctan((-1+1/x)^(1/2))+x*(-1+1/x)^(1/2)
9_Stewart_Problems	239	11	A	11	A	11	ln(sin(x))-ln(1+sin(x))
9_Stewart_Problems	240	17	A	17	A	15	-ln(1+exp(x))+2*ln(2+exp(x))
9_Stewart_Problems	241	12	A	12	B	-	-2*arctanh((1+exp(x))^(1/2))
9_Stewart_Problems	242	28	A	28	A	35	-2*arctanh((1-exp(x))^(1/2))+2*(1-exp(x))^(1/2)
9_Stewart_Problems	243	43	A	43	A	30	-1/4*ln(cos(1/2*x)-3*sin(1/2*x))+1/4*ln(3*cos(1/2*x)-sin(1/2*x))
9_Stewart_Problems	244	21	A	21	B	-	-1/2*arctanh(1/2*(cos(x)-sin(x))*2^(1/2))*2^(1/2)
9_Stewart_Problems	245	11	A	11	B	-	-ln(1+cot(1/2*x))
9_Stewart_Problems	246	18	A	18	B	-	-1/5*arctanh(3/5*cos(x)-4/5*sin(x))
9_Stewart_Problems	247	24	A	24	A	25	-1/2*arctanh(cos(x))+1/2*cot(x)*csc(x)-1/2*csc(x)^2
9_Stewart_Problems	248	24	A	24	B	-	1/4*ln(tan(1/2*x))+1/8*tan(1/2*x)^2
9_Stewart_Problems	249	18	A	18	A	23	1/2*arctanh(sin(x))-1/2/(1+sin(x))
9_Stewart_Problems	250	36	A	36	A	61	-arctanh((a*cos(x)-b*sin(x))/(a^2+b^2)^(1/2))/(a^2+b^2)^(1/2)
9_Stewart_Problems	251	15	A	15	A	15	arctan(a*tan(x)/b)/a/b
9_Stewart_Problems	252	12	A	12	A	8	1/2*ln(-x^2+1)
9_Stewart_Problems	253	17	A	17	B	-	2/3*x^(3/2)+1/2*x^2
9_Stewart_Problems	254	12	A	12	A	10	-sin(x)/(1-cos(x))
9_Stewart_Problems	255	16	A	16	B	-	-1/2*arctanh(sin(x))+1/2*sec(x)*tan(x)
9_Stewart_Problems	256	17	A	17	A	14	-1/3*sec(x)^3+1/5*sec(x)^5
9_Stewart_Problems	257	24	A	24	A	11	-2*exp(x^(1/2))+2*exp(x^(1/2))*x^(1/2)
9_Stewart_Problems	258	42	A	42	A	30	19*x+3/2*x^2+1/3*x^3+3126/35*ln(5-x)-1/10*ln(x)-31/14*ln(2+x)
9_Stewart_Problems	259	8	A	8	A	6	2*ln(x)^(1/2)
9_Stewart_Problems	260	12	A	12	A	10	2*x+11*ln(3-x)
9_Stewart_Problems	261	5	A	5	A	3	exp(exp(x))
9_Stewart_Problems	262	24	A	24	A	10	1/8*x+1/8*cos(x)*sin(x)-1/4*cos(x)^3*sin(x)
9_Stewart_Problems	263	8	A	8	A	8	-ln(cos(x)+sin(x))
9_Stewart_Problems	264	13	A	13	A	11	-(-x^2+1)^(1/2)
9_Stewart_Problems	265	17	A	17	A	13	-1/16*x^4+1/4*x^4*ln(x)
9_Stewart_Problems	266	24	A	24	A	18	-4*arctan(1/2*(-2+x)^(1/2))+2*(-2+x)^(1/2)
9_Stewart_Problems	267	12	A	12	A	12	2/(2+x)+ln(2+x)
9_Stewart_Problems	268	16	A	16	A	16	-2*x+2*arctan(x)+x*ln(x^2+1)
9_Stewart_Problems	269	22	A	22	A	29	-2*arctanh((1+ln(x))^(1/2))+2*(1+ln(x))^(1/2)
9_Stewart_Problems	270	27	A	27	A	19	-2/9*(1+x^(1/2))^9+1/5*(1+x^(1/2))^10
9_Stewart_Problems	271	17	A	17	B	-	-1/4*sec(x)^4+1/6*sec(x)^6
9_Stewart_Problems	272	22	A	22	A	16	arctan(-1+x)+1/2*ln(x^2-2*x+2)
9_Stewart_Problems	273	32	A	32	A	24	-1/4*arcsin(x)+1/2*x^2*arcsin(x)+1/4*x*(-x^2+1)^(1/2)
9_Stewart_Problems	274	30	A	30	A	35	-3*arctanh(1/3*(-x^2+9)^(1/2))+(-x^2+9)^(1/2)
9_Stewart_Problems	275	13	A	13	A	13	-ln(1+x)+2*ln(2+x)
9_Stewart_Problems	276	16	A	16	B	-	-2*x*cosh(x)+2*sinh(x)+x^2*sinh(x)
9_Stewart_Problems	277	17	A	17	A	15	1/4*ln(x^4+2*x^2+4*x)
9_Stewart_Problems	278	3	A	3	A	3	arctan(sin(x))
9_Stewart_Problems	279	22	A	22	A	16	2*cos(x^(1/2))+2*sin(x^(1/2))*x^(1/2)
9_Stewart_Problems	280	9	A	9	A	9	-cos(Pi*x)/Pi
9_Stewart_Problems	281	12	A	12	A	10	exp(x)-ln(1+exp(x))
9_Stewart_Problems	282	27	A	27	A	19	3/34*exp(3*x)*cos(5*x)+5/34*exp(3*x)*sin(5*x)
9_Stewart_Problems	283	17	A	17	A	13	1/4*sin(2*x)+1/16*sin(8*x)
9_Stewart_Problems	284	25	A	25	A	19	1/2*arctan(x)+1/2*ln(1+x)-1/4*ln(x^2+1)
9_Stewart_Problems	285	39	A	39	A	29	-1/3*x+1/6*x^2-1/9*x^3+1/3*ln(1+x)+1/3*x^3*ln(1+x)
9_Stewart_Problems	286	26	A	26	A	13	-1/3/exp(x^3)-1/3*x^3/exp(x^3)
9_Stewart_Problems	287	12	A	12	A	10	-x+1/4*tan(4*x)
9_Stewart_Problems	288	25	A	25	A	22	1/3*arctanh((2+3*x)/(9*x^2+12*x-5)^(1/2))
9_Stewart_Problems	289	27	A	27	A	21	-1/6*x^2+1/3*x^3*arctan(x)+1/6*ln(x^2+1)
9_Stewart_Problems	290	19	A	19	A	11	3/2*x^(2/3)-6/7*x^(7/6)
9_Stewart_Problems	291	6	A	6	B	-	-arctanh(exp(x))
9_Stewart_Problems	292	14	A	14	A	10	1/6*arctan(1/3*x^2+1/3)
9_Stewart_Problems	293	12	A	12	A	8	3/4*ln(1+x^(4/3))
9_Stewart_Problems	294	34	A	34	A	18	1/16*x+1/16*cos(x)*sin(x)+1/24*cos(x)^3*sin(x)-1/6*cos(x)^5*sin(x)
9_Stewart_Problems	295	12	A	12	A	8	arcsin(2/3+1/3*x)
9_Stewart_Problems	296	16	A	16	A	14	-ln(1+(-x^2+1)^(1/2))
9_Stewart_Problems	297	7	A	7	A	5	ln(1-cos(x))
9_Stewart_Problems	298	6	A	6	B	-	-arctanh(exp(x))
9_Stewart_Problems	299	43	A	43	A	32	1/12*ln(2-x)-1/24*ln(x^2+2*x+4)-1/12*arctan(1/3*(1+x)*3^(1/2))*3^(1/2)
9_Stewart_Problems	300	37	A	37	A	74	-120*cosh(x)-60*x^2*cosh(x)-5*x^4*cosh(x)+120*x*sinh(x)+20*x^3*sinh(x)+x^5*sinh(x)
9_Stewart_Problems	301	9	A	9	A	7	1/2*ln(tan(x))^2
9_Stewart_Problems	302	20	A	20	A	16	-x^2+1/3*x^3+1/4*x^4
9_Stewart_Problems	303	12	A	12	A	9	x-2*ln(1-exp(x))
9_Stewart_Problems	304	21	A	21	A	17	1/6*ln(x^2+1)-1/6*ln(x^2+4)
9_Stewart_Problems	305	43	A	43	A	30	-1/3*ln(cos(1/2*x)-2*sin(1/2*x))+1/3*ln(2*cos(1/2*x)-sin(1/2*x))
9_Stewart_Problems	306	24	A	24	A	16	-3/4*c*(c+x)^(4/3)+3/7*(c+x)^(7/3)
9_Stewart_Problems	307	38	A	38	A	16	6*exp(x^(1/3))-6*exp(x^(1/3))*x^(1/3)+3*exp(x^(1/3))*x^(2/3)
9_Stewart_Problems	308	37	A	37	A	30	ln(4+x+(1+x)^(1/2))-2/11*arctan(1/11*(1+2*(1+x)^(1/2))*11^(1/2))*11^(1/2)
9_Stewart_Problems	309	17	A	17	A	15	1/x+x+2*ln(1-x)-ln(x)
9_Stewart_Problems	310	40	A	40	A	38	7/4*cos(2*x)-2*x*cos(2*x)-1/2*x^2*cos(2*x)+sin(2*x)+1/2*x*sin(2*x)
9_Stewart_Problems	311	5	A	5	A	5	-sin(cos(x))
9_Stewart_Problems	312	6	A	6	A	4	arcsin(1/4*x)
9_Stewart_Problems	313	37	A	37	B	-	1/9/(1+x)^9-3/8/(1+x)^8+3/7/(1+x)^7-1/6/(1+x)^6
9_Stewart_Problems	314	21	A	21	A	18	1/6*csc(2*x)^3-1/10*csc(2*x)^5
9_Stewart_Problems	315	30	A	30	A	24	1/2*x+1/3*x^3-2*x*cos(x)+2*sin(x)-1/2*cos(x)*sin(x)
9_Stewart_Problems	316	4	A	4	A	3	exp(arctan(x))
9_Stewart_Problems	317	13	A	13	A	15	ln(x)-1/4*ln(x^4+1)
9_Stewart_Problems	318	44	A	44	A	21	-3/8/exp(2*t)-3/4*t/exp(2*t)-3/4*t^2/exp(2*t)-1/2*t^3/exp(2*t)
9_Stewart_Problems	319	41	A	41	A	27	-6*t^(1/6)-6/5*t^(5/6)+6/7*t^(7/6)+6*arctan(t^(1/6))+2*t^(1/2)
9_Stewart_Problems	320	25	A	25	A	19	-1/8*cos(2*x)-1/16*cos(4*x)+1/24*cos(6*x)
9_Stewart_Problems	321	12	A	12	A	10	-x+x*ln(1/2*x)
9_Stewart_Problems	322	41	A	41	A	43	2*arctan(((1+x)/(1-x))^(1/2))-(1-x)*((1+x)/(1-x))^(1/2)
9_Stewart_Problems	323	34	A	34	A	27	arctan((x^2-1)^(1/2))-(x^2-1)^(1/2)+ln(x)*(x^2-1)^(1/2)
9_Stewart_Problems	324	19	A	19	A	17	arctan(x/a)+1/2*ln(a^2+x^2)
9_Stewart_Problems	325	38	A	38	A	39	-5/8*arcsin(1/5*(1-2*x)*5^(1/2))-1/4*(1-2*x)*(-x^2+x+1)^(1/2)
9_Stewart_Problems	326	12	A	12	A	8	1/20*arctan(1/4*x^5)
9_Stewart_Problems	327	31	A	31	A	26	1/2*ln(x^2+x+2)+3/7*arctan(1/7*(1+2*x)*7^(1/2))*7^(1/2)
9_Stewart_Problems	328	10	A	10	B	-	-arctanh(sin(x))+x*sec(x)
9_Stewart_Problems	329	15	A	15	B	-	-1/2*arctanh(x^2/a^2)/a^2
9_Stewart_Problems	330	21	A	21	F	0	-2/3*x^(3/2)+2/3*(1+x)^(3/2)
9_Stewart_Problems	331	23	A	23	A	19	1/3*ln(1-2*exp(x))-1/3*ln(1+exp(x))
9_Stewart_Problems	332	20	A	20	A	16	-ln(1+x)+2*arctan(x^(1/2))*x^(1/2)
9_Stewart_Problems	333	18	A	18	A	18	ln(x)-ln(1+x)-ln(1+x)/x
9_Stewart_Problems	334	12	A	12	A	19	exp(-x)-arctanh(exp(x))
9_Stewart_Problems	335	8	A	8	A	10	-x-2*cot(x)
9_Stewart_Problems	336	18	A	18	A	12	2/5*arctan(1/5*(-25+2*x)^(1/2))
9_Stewart_Problems	337	11	A	11	F	0	-arcsin(1/3*cos(x)^2)
9_Stewart_Problems	338	30	A	30	A	22	5/16*arcsin(2/5*x*5^(1/2))-1/8*x*(-4*x^2+5)^(1/2)
9_Stewart_Problems	339	24	A	24	A	21	6*x*cos(x)-x^3*cos(x)-6*sin(x)+3*x^2*sin(x)
9_Stewart_Problems	340	50	A	50	A	49	1/3*(x^2+2*x+4)^(3/2)-3/2*arcsinh(1/3*(1+x)*3^(1/2))-1/2*(1+x)*(x^2+2*x+4)^(1/2)
9_Stewart_Problems	341	11	A	11	A	9	1/18*(x^2+5)^9
9_Stewart_Problems	342	25	A	25	A	19	-1/3*cos(x)^3+2/5*cos(x)^5-1/7*cos(x)^7
9_Stewart_Problems	343	27	A	27	A	19	-3/25*cos(4*x)/exp(3*x)+4/25*sin(4*x)/exp(3*x)
9_Stewart_Problems	344	24	A	24	A	34	-arctanh(cos(1/2*x))-cot(1/2*x)*csc(1/2*x)
9_Stewart_Problems	345	34	A	34	A	33	3*arctanh(3*x/(9*x^2-1)^(1/2))-(9*x^2-1)^(1/2)/x
9_Stewart_Problems	346	30	A	30	A	35	-2*arctanh(1/2*(-3*x^2+4)^(1/2))+(-3*x^2+4)^(1/2)
9_Stewart_Problems	347	32	A	32	A	16	2/27*exp(3*x)-2/9*exp(3*x)*x+1/3*exp(3*x)*x^2
9_Stewart_Problems	348	23	A	23	A	17	2/3*(1+sin(x))^(3/2)-2*(1+sin(x))^(1/2)
9_Stewart_Problems	349	27	A	27	A	21	1/2*x^2*arcsin(x^2)+1/2*(-x^4+1)^(1/2)
9_Stewart_Problems	350	38	A	38	A	53	-1/8*arcsin(x^2)+1/4*x^4*arcsin(x^2)+1/8*x^2*(-x^4+1)^(1/2)
9_Stewart_Problems	351	5	A	5	A	4	arctan(sinh(exp(x)))
9_Stewart_Problems	352	29	A	29	A	21	2/9*x*cos(3*x)-2/27*sin(3*x)+1/3*x^2*sin(3*x)
9_Stewart_Problems	353	36	A	36	A	36	9/2*arcsin(2/3+1/3*x)+1/2*(2+x)*(-x^2-4*x+5)^(1/2)
9_Stewart_Problems	354	28	A	28	A	22	1/4*x^4+ln(x^2+2^(1/2))-1/2*x^2*2^(1/2)
9_Stewart_Problems	355	26	A	26	B	-	3/8*arctanh(sin(x))+3/8*sec(x)*tan(x)+1/4*sec(x)^3*tan(x)
9_Stewart_Problems	356	46	A	46	A	24	5/16*x-5/32*cos(2*x)*sin(2*x)-5/48*cos(2*x)*sin(2*x)^3-1/12*cos(2*x)*sin(2*x)^5
9_Stewart_Problems	357	20	A	20	A	16	-1/9*sin(x)^3+1/3*ln(sin(x))*sin(x)^3
9_Stewart_Problems	358	21	A	21	A	16	-1/exp(x)-2*x+2*ln(1+2*exp(x))
9_Stewart_Problems	359	37	A	37	A	47	2*arctanh(1/2*(2+3*cos(x))^(1/2)*2^(1/2))*2^(1/2)-2*(2+3*cos(x))^(1/2)
9_Stewart_Problems	360	28	A	28	A	29	4*arctanh(x/(x^2-4*x)^(1/2))+(x^2-4*x)^(1/2)
9_Stewart_Problems	361	19	A	19	A	15	sin(x)-2/3*sin(x)^3+1/5*sin(x)^5
9_Stewart_Problems	362	46	A	46	A	24	-24/exp(x)-24*x/exp(x)-12*x^2/exp(x)-4*x^3/exp(x)-x^4/exp(x)
9_Stewart_Problems	363	18	A	18	B	-	1/5*arctanh(x^5/(x^10-2)^(1/2))
9_Stewart_Problems	364	27	A	27	A	19	1/10*exp(x)*cos(4+3*x)+3/10*exp(x)*sin(4+3*x)
9_Stewart_Problems	365	18	A	22	A	16	-exp(x)+(1+exp(x))*ln(1+exp(x))
9_Stewart_Problems	366	27	A	27	A	21	-1/6*x^2+1/3*x^3*arctan(x)+1/6*ln(x^2+1)
9_Stewart_Problems	367	26	A	26	A	20	-arctan((-1+exp(2*x))^(1/2))+(-1+exp(2*x))^(1/2)
9_Stewart_Problems	368	15	A	15	A	9	-2*exp(sin(x))+2*exp(sin(x))*sin(x)
9_Stewart_Problems	369	47	A	47	A	34	25/8*arcsin(1/5*x*5^(1/2))-5/8*x*(-x^2+5)^(1/2)+1/4*x^3*(-x^2+5)^(1/2)
9_Stewart_Problems	370	11	A	11	A	9	1/15*(x^3+1)^5
9_Stewart_Problems	371	17	A	17	A	13	1/4*sin(x)^4-1/6*sin(x)^6
9_Stewart_Problems	372	17	A	17	A	13	1/3*tan(x)^3+1/5*tan(x)^5
9_Stewart_Problems	373	27	A	27	A	19	-1/6*(1+2*x)^(3/2)+1/10*(1+2*x)^(5/2)
9_Stewart_Problems	374	24	A	24	A	16	3/8*x-3/8*cos(x)*sin(x)-1/4*cos(x)*sin(x)^3
9_Stewart_Problems	375	12	A	12	A	20	ln(cos(x))+1/2*tan(x)^2
9_Stewart_Problems	376	40	A	40	A	34	1/3*(x^2+1)^(3/2)-2/5*(x^2+1)^(5/2)+1/7*(x^2+1)^(7/2)
10_Timofeev_Problems	1	14	A	14	B	-	arctanh(b*x/a)/a/b
10_Timofeev_Problems	2	14	A	14	A	14	arctan(b*x/a)/a/b
10_Timofeev_Problems	3	13	A	13	A	17	1/2*arctanh(sin(2*a*x))/a
10_Timofeev_Problems	4	11	A	11	B	-	-3/4*arctanh(cos(1/3*x))
10_Timofeev_Problems	5	15	A	15	B	-	-1/2*arctanh(sin(1/4*Pi+2*x))
10_Timofeev_Problems	6	2	A	2	A	4	sec(x)
10_Timofeev_Problems	7	4	A	4	A	6	-csc(x)
10_Timofeev_Problems	8	6	A	6	B	-	1/2*tan(x)
10_Timofeev_Problems	9	9	A	9	A	9	sin(x)/(cos(x)+1)
10_Timofeev_Problems	10	12	A	12	A	10	-sin(x)/(1-cos(x))
10_Timofeev_Problems	11	12	A	12	A	13	ln(a-b*cos(x))/b
10_Timofeev_Problems	12	15	A	15	A	15	arctan(b*sin(x)/a)/a/b
10_Timofeev_Problems	13	15	A	15	B	-	arctanh(b*sin(x)/a)/a/b
10_Timofeev_Problems	14	17	A	17	A	17	ln(a^2+b^2*sin(x)^2)/b^2
10_Timofeev_Problems	15	19	A	19	A	20	-ln(a^2-b^2*sin(x)^2)/b^2
10_Timofeev_Problems	16	18	A	22	A	18	-ln(a^2+b^2*cos(x)^2)/b^2
10_Timofeev_Problems	17	18	A	22	A	19	ln(a^2-b^2*cos(x)^2)/b^2
10_Timofeev_Problems	18	41	A	41	A	13	1/6*x*3^(1/2)+1/6*arctan(cos(x)*sin(x)/(3+sin(x)^2+2*3^(1/2)))*3^(1/2)
10_Timofeev_Problems	19	6	A	6	B	-	-arctanh(exp(x))
10_Timofeev_Problems	20	3	A	3	A	3	ln(ln(x))
10_Timofeev_Problems	21	3	A	3	A	3	arctan(ln(x))
10_Timofeev_Problems	22	9	A	9	A	7	-ln(1-ln(x))
10_Timofeev_Problems	23	9	A	9	A	9	ln(1+ln(x/a))
10_Timofeev_Problems	24	25	A	25	A	22	-1/x+x+3*ln(x)+4/x^(1/2)-4*x^(1/2)
10_Timofeev_Problems	25	30	A	30	A	20	-3/2*x^(2/3)-6/7*x^(7/6)+2*ln(x)+4*x^(1/2)
10_Timofeev_Problems	26	10	A	10	A	10	x-2*ln(3+2*x)
10_Timofeev_Problems	27	47	A	47	A	36	1/12*ln(-3*x+6^(1/2))*(4-5*6^(1/2))+1/12*ln(3*x+6^(1/2))*(4+5*6^(1/2))
10_Timofeev_Problems	28	30	A	30	A	23	1/3*ln(3*x^2+2)-5/6*arctan(1/2*x*6^(1/2))*6^(1/2)
10_Timofeev_Problems	29	21	A	21	A	13	2/3*sin(3/4*x)-2/5*sin(5/4*x)
10_Timofeev_Problems	30	15	A	15	A	11	1/2*sin(x)+1/14*sin(7*x)
10_Timofeev_Problems	31	21	A	21	B	-	-x-cot(a)*ln(cos(x))+cot(a)*ln(cos(a-x))
10_Timofeev_Problems	32	14	A	14	A	10	1/2*x-1/2*cos(x)*sin(x)
10_Timofeev_Problems	33	14	A	14	A	10	1/2*x+1/2*cos(x)*sin(x)
10_Timofeev_Problems	34	8	A	8	A	6	-1/4*cos(x)^4
10_Timofeev_Problems	35	11	A	11	A	14	-1/3/sin(x)^3+1/sin(x)
10_Timofeev_Problems	36	7	A	7	A	9	-cot(x)+tan(x)
10_Timofeev_Problems	37	14	A	14	A	12	-x-4/3*cot(3/4*x)
10_Timofeev_Problems	38	16	A	16	A	12	-ln(cos(2*x))+1/2*tan(2*x)
10_Timofeev_Problems	39	10	A	10	A	12	-4*x-cot(x)+tan(x)
10_Timofeev_Problems	40	14	A	14	A	14	-x-2*cos(x)/(1+sin(x))
10_Timofeev_Problems	41	11	A	11	B	-	x+cos(x)/(1+sin(x))
10_Timofeev_Problems	42	16	A	16	A	23	-x-sin(x)/(1-cos(x))
10_Timofeev_Problems	43	25	A	25	A	18	2/exp(1/2*x)-6*exp(1/2*x)+exp(x)+3*x
10_Timofeev_Problems	44	21	A	21	A	13	-1/4*ln(1-x)+1/4*ln(5-x)
10_Timofeev_Problems	45	14	A	14	A	10	1/6*arctan(1/2*x^3-3/2)
10_Timofeev_Problems	46	51	A	51	A	35	1/10*ln(2-x-5^(1/2))*(5-4*5^(1/2))+1/10*ln(2-x+5^(1/2))*(5+4*5^(1/2))
10_Timofeev_Problems	47	33	A	33	A	25	-3*(1+x)^(1/3)+3/2*(1+x)^(2/3)+3*ln(1+(1+x)^(1/3))
10_Timofeev_Problems	48	29	A	29	A	18	2*arctan(a^(1/2)*x^(1/2)/b^(1/2))/a^(1/2)/b^(1/2)
10_Timofeev_Problems	49	27	A	27	A	22	-1/3*(x^2+1)^(3/2)+1/5*(x^2+1)^(5/2)
10_Timofeev_Problems	50	22	A	22	A	18	1/2*arctan(x^2/(a^4-x^4)^(1/2))
10_Timofeev_Problems	51	22	A	22	A	12	arctan((-a^2+x^2)^(1/2)/a)/a
10_Timofeev_Problems	52	23	A	23	A	34	-arctanh((a^2-x^2)^(1/2)/a)/a
10_Timofeev_Problems	53	21	A	21	A	12	-arctanh((a^2+x^2)^(1/2)/a)/a
10_Timofeev_Problems	54	12	A	12	A	8	arcsin(-1/3+2/3*x)
10_Timofeev_Problems	55	19	A	19	A	16	-1/3*arcsinh(1/11*(2-3*x)*11^(1/2))*3^(1/2)
10_Timofeev_Problems	56	8	A	8	A	6	arcsin(-1+2*x)
10_Timofeev_Problems	57	27	A	27	A	21	2*arcsin(-1/3+2/3*x)-2*(-x^2+x+2)^(1/2)
10_Timofeev_Problems	58	32	A	32	A	33	-1/2*arctanh(1/4*(4+x)*2^(1/2)/(-x^2+x+2)^(1/2))*2^(1/2)
10_Timofeev_Problems	59	21	A	23	A	17	2/3*(-x^2+x+2)^(1/2)/(-2+x)
10_Timofeev_Problems	60	28	A	28	A	33	-arctanh(cos(x))-1/(1-cos(x))-3*sin(x)/(1-cos(x))
10_Timofeev_Problems	61	37	A	48	A	13	1/10*x*10^(1/2)-1/10*arctan(3*cos(x)*sin(x)/(2+3*cos(x)^2+10^(1/2)))*10^(1/2)
10_Timofeev_Problems	62	14	A	14	B	-	1/2*ln(tan(x))-1/2*tan(x)
10_Timofeev_Problems	63	11	A	11	A	15	1/2*arctanh(2*cos(x)*sin(x))
10_Timofeev_Problems	64	18	A	19	A	14	1/7*(a^2-4*cos(x)^2)^(7/4)
10_Timofeev_Problems	65	18	A	18	A	14	-3/8*(a^2-4*sin(x)^2)^(2/3)
10_Timofeev_Problems	66	17	A	17	A	15	arctan((-1+a^(2*x))^(1/2))/ln(a)
10_Timofeev_Problems	67	20	A	20	A	18	2*arctanh(exp(1/2*x)/(-1+exp(x))^(1/2))
10_Timofeev_Problems	68	12	A	12	A	12	arctan(x)^(1+n)/(1+n)
10_Timofeev_Problems	69	42	A	42	F(-2)	0	2/5*a*arcsin(x/a)^(5/2)*(1-x^2/a^2)^(1/2)/(a^2-x^2)^(1/2)
10_Timofeev_Problems	70	8	A	8	A	6	1/2/arccos(x)^2
10_Timofeev_Problems	71	28	A	28	A	17	1/4*x^2-1/2*x^2*ln(x)+1/2*x^2*ln(x)^2
10_Timofeev_Problems	72	17	A	17	A	13	-1/16/x^4-1/4*ln(x)/x^4
10_Timofeev_Problems	73	36	A	38	A	28	-1/3*x-1/6*x^2-1/3*ln(-1+x)+1/3*x^3*ln((-1+x)/x)
10_Timofeev_Problems	74	19	A	19	A	15	sin(x)-2/3*sin(x)^3+1/5*sin(x)^5
10_Timofeev_Problems	75	34	A	34	A	18	1/16*x+1/16*cos(x)*sin(x)+1/24*cos(x)^3*sin(x)-1/6*cos(x)^5*sin(x)
10_Timofeev_Problems	76	26	A	26	B	-	-3/8*arctanh(cos(x))-3/8*cot(x)*csc(x)-1/4*cot(x)*csc(x)^3
10_Timofeev_Problems	77	23	A	23	A	11	-1/2*cos(x)/exp(x)-1/2*sin(x)/exp(x)
10_Timofeev_Problems	78	27	A	27	A	19	-3/13*exp(2*x)*cos(3*x)+2/13*exp(2*x)*sin(3*x)
10_Timofeev_Problems	79	31	A	31	A	24	a^x*cos(x)*ln(a)/(1+ln(a)^2)+a^x*sin(x)/(1+ln(a)^2)
10_Timofeev_Problems	80	17	A	17	A	10	1/2*x*cos(ln(x))+1/2*x*sin(ln(x))
10_Timofeev_Problems	81	12	A	12	B	-	-x+tan(x)+ln(cos(x))*tan(x)
10_Timofeev_Problems	82	15	A	15	B	-	-1/2*x^2+ln(cos(x))+x*tan(x)
10_Timofeev_Problems	83	22	A	22	A	33	-arcsin(x)/x-arctanh((-x^2+1)^(1/2))
10_Timofeev_Problems	84	25	A	25	A	23	-2*x+x*arcsin(x)^2+2*arcsin(x)*(-x^2+1)^(1/2)
10_Timofeev_Problems	85	23	A	23	A	24	x*arctan(x)-1/2*arctan(x)^2-1/2*ln(x^2+1)
10_Timofeev_Problems	86	38	A	57	B	-	(1+x)*(arccos((x/(1+x))^(1/2))+(1/(1+x))^(1/2)*(x/(1+x))^(1/2))
10_Timofeev_Problems	87	25	A	25	A	21	2*x^4+36/5*x^5+9*x^6+27/7*x^7
10_Timofeev_Problems	88	39	A	39	A	29	-x+5/2*x^2-2/3*x^3-7/2*x^4+3/5*x^5+3/2*x^6
10_Timofeev_Problems	89	23	A	23	A	23	(a+b*x^k)^(1+n)/b/k/(1+n)
10_Timofeev_Problems	90	30	A	30	A	22	1/8*x-1/8*x^2+1/6*x^3-1/16*ln(1+2*x)
10_Timofeev_Problems	91	41	A	41	A	26	4/27*x-2/27*x^3+1/15*x^5-4/81*arctan(1/2*x*6^(1/2))*6^(1/2)
10_Timofeev_Problems	92	21	A	21	A	15	-1/5*ln(1-3*x)+1/5*ln(2-x)
10_Timofeev_Problems	93	33	A	33	A	28	3/2*ln(x^2-x+1)-1/3*arctan(1/3*(1-2*x)*3^(1/2))*3^(1/2)
10_Timofeev_Problems	94	25	A	25	A	21	x-3/2*arctan(1/2+1/2*x)-ln(x^2+2*x+5)
10_Timofeev_Problems	95	47	A	47	A	38	-1/2*x^2+x^3+1/4*ln(2*x^2-x+1)-1/14*arctan(1/7*(1-4*x)*7^(1/2))*7^(1/2)
10_Timofeev_Problems	96	25	A	25	A	17	1/2*ln(2-x)+1/6*ln(x)+1/3*ln(3+x)
10_Timofeev_Problems	97	33	A	33	A	25	9/2*ln(a-x)-17*ln(2*a-x)+35/2*ln(3*a-x)
10_Timofeev_Problems	98	37	A	61	A	25	-1/3*ln(1-x)+1/3*ln(2-x)+2/3*ln(1+x)-2/3*ln(2+x)
10_Timofeev_Problems	99	31	A	31	A	43	-1/2*arctanh(1/2*x*2^(1/2))*2^(1/2)-1/3*arctanh(1/3*x*3^(1/2))*3^(1/2)
10_Timofeev_Problems	100	41	A	41	A	25	-1/6*ln(1-x)+1/2*ln(2-x)-1/2*ln(3-x)+1/6*ln(4-x)
10_Timofeev_Problems	101	25	A	25	A	22	-1/(1-x)^2+2/(1-x)+ln(1-x)
10_Timofeev_Problems	102	36	A	36	A	32	-108*x+27/2*x^2-2*x^3+1/4*x^4+243/(3+x)+405*ln(3+x)
10_Timofeev_Problems	103	41	A	41	A	30	-133/8/(3-x)^2+407/16/(3-x)+313/64*ln(3-x)+7/64*ln(1+x)
10_Timofeev_Problems	104	27	A	27	A	29	99/(3+x)+181/(4+x)+264*ln(3+x)-263*ln(4+x)
10_Timofeev_Problems	105	39	A	39	A	29	1/2*(3+x)/(-x^2+1)-3/4*ln(1-x)+2*ln(x)-5/4*ln(1+x)
10_Timofeev_Problems	106	46	A	46	A	40	1/2/(1-x)-1/2/x^2-1/x-7/4*ln(1-x)+2*ln(x)-1/4*ln(1+x)
10_Timofeev_Problems	107	29	A	29	A	23	x+1/2*x^2-arctan(x)+ln(1-x)-1/2*ln(x^2+1)
10_Timofeev_Problems	108	27	A	27	A	21	-1/2*arctan(x)+ln(x)-1/2*ln(1+x)-1/4*ln(x^2+1)
10_Timofeev_Problems	109	24	A	24	A	25	-1/3*arctanh(x)+1/3*arctan(1/2*x*2^(1/2))*2^(1/2)
10_Timofeev_Problems	110	41	A	41	A	32	1/(1+x)-1/3*ln(1+x)+2/3*ln(x^2+2)+4/3*arctan(1/2*x*2^(1/2))*2^(1/2)
10_Timofeev_Problems	111	46	A	46	A	36	2/5/(1+2*x)+1/50*arctan(x)-1/2*ln(1+x)+16/25*ln(1+2*x)-7/100*ln(x^2+1)
10_Timofeev_Problems	112	47	A	47	A	36	-1/2/(1-x)^2+5/2/(1-x)-arctan(x)-3/2*ln(1-x)+3/4*ln(x^2+1)
10_Timofeev_Problems	113	67	A	67	A	53	-1/4*ln(x^2-x+1)+1/4*ln(x^2+x+1)-1/6*arctan(1/3*(1-2*x)*3^(1/2))*3^(1/2)+1/6*arctan(1/3*(1+2*x)*3^(1/2))*3^(1/ 2)
10_Timofeev_Problems	114	48	A	48	A	54	-1/3*ln(x)+1/12*ln(-x^4+9)+1/3*arctan(1/3*x*3^(1/2))*3^(1/2)-1/3*arctanh(1/3*x*3^(1/2))*3^(1/2)
10_Timofeev_Problems	115	58	A	58	A	43	-83/4/(4-x)^2+41/4/(4-x)+3/16*arctan(-1+1/2*x)-45/16*ln(4-x)+45/32*ln(x^2-4*x+8)
10_Timofeev_Problems	116	51	A	51	A	35	-1/12*arctan(1/2*x)+1/6*arctan(x)-1/4*arctan(1/2*x*2^(1/2))*2^(1/2)+1/6*arctan(1/3*x*3^(1/2))*3^(1/2)
10_Timofeev_Problems	117	41	A	41	A	33	1/12*ln(x^2+1)-1/4*ln(x^2+2)+1/4*ln(x^2+3)-1/12*ln(x^2+4)
10_Timofeev_Problems	118	56	A	56	A	49	1/3*ln(a+x)/a^2-1/6*ln(a^2-a*x+x^2)/a^2-1/3*arctan(1/3*(a-2*x)/a*3^(1/2))/a^2*3^(1/2)
10_Timofeev_Problems	119	56	A	56	A	49	-1/3*ln(a+x)/a+1/6*ln(a^2-a*x+x^2)/a-1/3*arctan(1/3*(a-2*x)/a*3^(1/2))/a*3^(1/2)
10_Timofeev_Problems	120	12	A	12	A	10	1/3*ln(a^3+x^3)
10_Timofeev_Problems	121	22	A	22	A	23	ln(x)/a^3-1/3*ln(a^3+x^3)/a^3
10_Timofeev_Problems	122	63	A	63	A	57	-1/a^3/x+1/3*ln(a+x)/a^4-1/6*ln(a^2-a*x+x^2)/a^4+1/3*arctan(1/3*(a-2*x)/a*3^(1/2))/a^4*3^(1/2)
10_Timofeev_Problems	123	65	A	65	A	57	-1/2/a^3/x^2-1/3*ln(a+x)/a^5+1/6*ln(a^2-a*x+x^2)/a^5+1/3*arctan(1/3*(a-2*x)/a*3^(1/2))/a^5*3^(1/2)
10_Timofeev_Problems	124	33	A	33	A	31	-1/3/a^3/x^3-ln(x)/a^6+1/3*ln(a^3+x^3)/a^6
10_Timofeev_Problems	125	73	A	73	A	66	-1/4/a^3/x^4+1/a^6/x-1/3*ln(a+x)/a^7+1/6*ln(a^2-a*x+x^2)/a^7-1/3*arctan(1/3*(a-2*x)/a*3^(1/2))/a^7*3^(1/2)
10_Timofeev_Problems	126	46	A	46	F	0	x^(1-m)*hypergeom([1, 1/3-1/3*m],[4/3-1/3*m],-x^3/a^3)/a^3/(1-m)
10_Timofeev_Problems	127	27	A	27	A	32	1/2*arctan(x/a)/a^3+1/2*arctanh(x/a)/a^3
10_Timofeev_Problems	128	15	A	15	B	-	1/2*arctanh(x^2/a^2)/a^2
10_Timofeev_Problems	129	24	A	24	A	25	ln(x)/a^4-1/4*ln(a^4-x^4)/a^4
10_Timofeev_Problems	130	35	A	35	A	40	-1/a^4/x-1/2*arctan(x/a)/a^5+1/2*arctanh(x/a)/a^5
10_Timofeev_Problems	131	26	A	26	A	37	-1/2/a^4/x^2+1/2*arctanh(x^2/a^2)/a^6
10_Timofeev_Problems	132	37	A	37	A	40	-1/3/a^4/x^3+1/2*arctan(x/a)/a^7+1/2*arctanh(x/a)/a^7
10_Timofeev_Problems	133	45	A	45	F	0	x^(1-m)*hypergeom([1, 1/4-1/4*m],[5/4-1/4*m],x^4/a^4)/a^4/(1-m)
10_Timofeev_Problems	134	15	A	15	A	13	1/2*arctan(x^2/a^2)/a^2
10_Timofeev_Problems	135	109	A	109	A	98	-1/4*arctan(1-x*2^(1/2)/a)/a*2^(1/2)+1/4*arctan(1+x*2^(1/2)/a)/a*2^(1/2)+1/8*ln(a^2+x^2-a*x*2^(1/2))/a*2^(1/2) -1/8*ln(a^2+x^2+a*x*2^(1/2))/a*2^(1/2)
10_Timofeev_Problems	136	201	A	201	A	180	1/5*ln(a+x)/a^4-1/20*ln(a^2+x^2-1/2*a*x*(-5^(1/2)+1))*(-5^(1/2)+1)/a^4-1/20*ln(a^2+x^2-1/2*a*x*(5^(1/2)+1))*(5 ^(1/2)+1)/a^4-1/10*arctan(1/20*(-4*x+a*(5^(1/2)+1))*(50+10*5^(1/2))^(1/2)/a)*(10-2*5^(1/2))^(1/2)/a^4-1/10*arc tan((-4*x+a*(-5^(1/2)+1))/a/(10+2*5^(1/2))^(1/2))*(10+2*5^(1/2))^(1/2)/a^4
10_Timofeev_Problems	137	201	A	201	A	160	-1/5*ln(a+x)/a^3+1/20*ln(a^2+x^2-1/2*a*x*(5^(1/2)+1))*(-5^(1/2)+1)/a^3+1/20*ln(a^2+x^2-1/2*a*x*(-5^(1/2)+1))*( 5^(1/2)+1)/a^3+1/10*arctan((-4*x+a*(-5^(1/2)+1))/a/(10+2*5^(1/2))^(1/2))*(10-2*5^(1/2))^(1/2)/a^3-1/10*arctan( 1/20*(-4*x+a*(5^(1/2)+1))*(50+10*5^(1/2))^(1/2)/a)*(10+2*5^(1/2))^(1/2)/a^3
10_Timofeev_Problems	138	201	A	201	A	160	1/5*ln(a+x)/a^2-1/20*ln(a^2+x^2-1/2*a*x*(5^(1/2)+1))*(-5^(1/2)+1)/a^2-1/20*ln(a^2+x^2-1/2*a*x*(-5^(1/2)+1))*(5 ^(1/2)+1)/a^2+1/10*arctan((-4*x+a*(-5^(1/2)+1))/a/(10+2*5^(1/2))^(1/2))*(10-2*5^(1/2))^(1/2)/a^2-1/10*arctan(1 /20*(-4*x+a*(5^(1/2)+1))*(50+10*5^(1/2))^(1/2)/a)*(10+2*5^(1/2))^(1/2)/a^2
10_Timofeev_Problems	139	201	A	201	A	180	-1/5*ln(a+x)/a+1/20*ln(a^2+x^2-1/2*a*x*(-5^(1/2)+1))*(-5^(1/2)+1)/a+1/20*ln(a^2+x^2-1/2*a*x*(5^(1/2)+1))*(5^(1 /2)+1)/a-1/10*arctan(1/20*(-4*x+a*(5^(1/2)+1))*(50+10*5^(1/2))^(1/2)/a)*(10-2*5^(1/2))^(1/2)/a-1/10*arctan((-4 *x+a*(-5^(1/2)+1))/a/(10+2*5^(1/2))^(1/2))*(10+2*5^(1/2))^(1/2)/a
10_Timofeev_Problems	140	12	A	12	A	10	1/5*ln(a^5+x^5)
10_Timofeev_Problems	141	22	A	22	A	23	ln(x)/a^5-1/5*ln(a^5+x^5)/a^5
10_Timofeev_Problems	142	209	A	209	A	192	-1/a^5/x+1/5*ln(a+x)/a^6-1/20*ln(a^2+x^2-1/2*a*x*(-5^(1/2)+1))*(-5^(1/2)+1)/a^6-1/20*ln(a^2+x^2-1/2*a*x*(5^(1/ 2)+1))*(5^(1/2)+1)/a^6+1/10*arctan(1/20*(-4*x+a*(5^(1/2)+1))*(50+10*5^(1/2))^(1/2)/a)*(10-2*5^(1/2))^(1/2)/a^6 +1/10*arctan((-4*x+a*(-5^(1/2)+1))/a/(10+2*5^(1/2))^(1/2))*(10+2*5^(1/2))^(1/2)/a^6
10_Timofeev_Problems	143	211	A	211	A	173	-1/2/a^5/x^2-1/5*ln(a+x)/a^7+1/20*ln(a^2+x^2-1/2*a*x*(5^(1/2)+1))*(-5^(1/2)+1)/a^7+1/20*ln(a^2+x^2-1/2*a*x*(-5 ^(1/2)+1))*(5^(1/2)+1)/a^7-1/10*arctan((-4*x+a*(-5^(1/2)+1))/a/(10+2*5^(1/2))^(1/2))*(10-2*5^(1/2))^(1/2)/a^7+ 1/10*arctan(1/20*(-4*x+a*(5^(1/2)+1))*(50+10*5^(1/2))^(1/2)/a)*(10+2*5^(1/2))^(1/2)/a^7
10_Timofeev_Problems	144	211	A	211	A	172	-1/3/a^5/x^3+1/5*ln(a+x)/a^8-1/20*ln(a^2+x^2-1/2*a*x*(5^(1/2)+1))*(-5^(1/2)+1)/a^8-1/20*ln(a^2+x^2-1/2*a*x*(-5 ^(1/2)+1))*(5^(1/2)+1)/a^8-1/10*arctan((-4*x+a*(-5^(1/2)+1))/a/(10+2*5^(1/2))^(1/2))*(10-2*5^(1/2))^(1/2)/a^8+ 1/10*arctan(1/20*(-4*x+a*(5^(1/2)+1))*(50+10*5^(1/2))^(1/2)/a)*(10+2*5^(1/2))^(1/2)/a^8
10_Timofeev_Problems	145	46	A	46	F	0	x^(1-m)*hypergeom([1, 1/5-1/5*m],[6/5-1/5*m],-x^5/a^5)/a^5/(1-m)
10_Timofeev_Problems	146	35	A	35	A	27	2/3*arctan(x)+1/3*arctan(2*x-3^(1/2))+1/3*arctan(2*x+3^(1/2))
10_Timofeev_Problems	147	60	A	60	A	54	1/22*(3+2*x)/(x^2+3*x+5)^2+3/121*(3+2*x)/(x^2+3*x+5)+12/1331*arctan(1/11*(3+2*x)*11^(1/2))*11^(1/2)
10_Timofeev_Problems	148	43	A	43	A	38	1/6*x/(x^2+1)^3-1/24*x/(x^2+1)^2+7/16*x/(x^2+1)+7/16*arctan(x)
10_Timofeev_Problems	149	90	A	90	F(-2)	0	1/2*(-b*B+A*c+(A*b-B*a)*x)/(-a*c+b^2)/(a*x^2+2*b*x+c)-1/2*(A*b-B*a)*arctanh((a*x+b)/(-a*c+b^2)^(1/2))/(-a*c+b^ 2)^(3/2)
10_Timofeev_Problems	150	38	A	38	A	33	(1-x)/(x^2-4*x+5)+2*arctan(-2+x)+5/2*ln(x^2-4*x+5)
10_Timofeev_Problems	151	57	A	57	A	42	1/3*x/(-x^3+1)-2/9*ln(1-x)+1/9*ln(x^2+x+1)+2/9*arctan(1/3*(1+2*x)*3^(1/2))*3^(1/2)
10_Timofeev_Problems	152	36	A	36	A	31	-4/x-7/4*x/(x^2+1)^2-25/8*x/(x^2+1)-57/8*arctan(x)
10_Timofeev_Problems	153	49	A	49	A	40	1/6*ln(x^2+1)-1/12*ln(x^4-x^2+1)-1/6*arctan(1/3*(-2*x^2+1)*3^(1/2))*3^(1/2)
10_Timofeev_Problems	154	13	A	20	A	14	ln(-n*x+x^n)/n
10_Timofeev_Problems	155	41	A	41	A	34	1/12*ln(3*x^4-2*x^2+1)-1/12*arctan(1/2*(-3*x^2+1)*2^(1/2))*2^(1/2)
10_Timofeev_Problems	156	32	A	32	A	24	1/6*x^2+1/14*ln(-x^2+1)-8/63*ln(3*x^2+4)
10_Timofeev_Problems	157	25	A	25	A	17	-1/24*ln(-x^3+1)+1/24*ln(-x^3+9)
10_Timofeev_Problems	158	36	A	36	A	32	-7/3/(2-x)^3+2/(2-x)^2+2/(2-x)+ln(2-x)
10_Timofeev_Problems	159	45	A	45	B	-	1/11/(1-x)^11-3/10/(1-x)^10+1/3/(1-x)^9-1/8/(1-x)^8
10_Timofeev_Problems	160	55	A	55	A	48	-25/128/(1+2*x)^4+7/24/(1+2*x)^3-3/32/(1+2*x)^2+1/8/(1+2*x)+1/32*ln(1+2*x)
10_Timofeev_Problems	161	36	A	36	A	38	1/8/(1-x)-1/8/(1+x)^2-1/4/(1+x)+3/8*arctanh(x)
10_Timofeev_Problems	162	35	A	35	A	31	6/25/(5-6*x)-1/25/x-12/125*ln(5-6*x)+12/125*ln(x)
10_Timofeev_Problems	163	61	A	61	A	50	1/16*(1-x)/(-x^2+2*x+3)^2+3/128*(1-x)/(-x^2+2*x+3)+3/512*ln(3-x)-3/512*ln(1+x)
10_Timofeev_Problems	164	51	A	51	A	44	1/36*(-2+x)/(x^2-4*x+13)^2+1/216*(-2+x)/(x^2-4*x+13)+1/648*arctan(-2/3+1/3*x)
10_Timofeev_Problems	165	54	A	54	A	60	-1/2/(2+x)^2+4/(2+x)+1/3/(3+x)^3+3/2/(3+x)^2+6/(3+x)+10*ln(2+x)-10*ln(3+x)
10_Timofeev_Problems	166	36	A	42	A	40	4*x+1/3*x^3-2*x/(x^2-2)-5*arctanh(1/2*x*2^(1/2))*2^(1/2)
10_Timofeev_Problems	167	58	A	58	A	41	35/16*x-1/6*x^7/(x^2+4)^3-7/24*x^5/(x^2+4)^2-35/48*x^3/(x^2+4)-35/8*arctan(1/2*x)
10_Timofeev_Problems	168	43	A	43	A	36	1/28*(-39-19*x)/(3*x^2+2*x+5)-19/392*arctan(1/14*(1+3*x)*14^(1/2))*14^(1/2)
10_Timofeev_Problems	169	43	A	43	A	47	1/20*(-18+7*x)/(-3*x^2+4*x+2)-7/200*arctanh(1/10*(2-3*x)*10^(1/2))*10^(1/2)
10_Timofeev_Problems	170	37	A	37	A	30	-1/8*x^2/(x^4+1)^2+1/16*x^2/(x^4+1)+1/16*arctan(x^2)
10_Timofeev_Problems	171	32	A	39	A	28	1/4/(x^4+2*x^2+2)+1/4*ln(x^4+2*x^2+2)
10_Timofeev_Problems	172	13	A	13	A	11	-1/8/(a^4+x^4)^2
10_Timofeev_Problems	173	54	A	54	A	57	1/8/a^4/(a^4+x^4)^2+1/4/a^8/(a^4+x^4)+ln(x)/a^12-1/4*ln(a^4+x^4)/a^12
10_Timofeev_Problems	174	157	A	157	A	147	-45/32/a^12/x+1/8/a^4/x/(a^4+x^4)^2+9/32/a^8/x/(a^4+x^4)+45/128*arctan(1-x*2^(1/2)/a)/a^13*2^(1/2)-45/128*arct an(1+x*2^(1/2)/a)/a^13*2^(1/2)-45/256*ln(a^2+x^2-a*x*2^(1/2))/a^13*2^(1/2)+45/256*ln(a^2+x^2+a*x*2^(1/2))/a^13 *2^(1/2)
10_Timofeev_Problems	175	64	A	64	A	60	-15/16/a^12/x^2+1/8/a^4/x^2/(a^4+x^4)^2+5/16/a^8/x^2/(a^4+x^4)-15/16*arctan(x^2/a^2)/a^14
10_Timofeev_Problems	176	39	A	39	A	34	-9/80/(2*x^5+3)^2+3/20/(2*x^5+3)+1/40*ln(2*x^5+3)
10_Timofeev_Problems	177	319	A	319	A	335	-1/20*x^2/(2*x^5+3)^2+1/150*x^2/(2*x^5+3)-1/1500*ln(3^(1/5)+2^(1/5)*x)*2^(3/5)*3^(2/5)+1/6000*ln(2^(3/5)*3^(2/ 5)+2*x^2-1/2*3^(1/5)*2^(4/5)*x*(5^(1/2)+1))*(-5^(1/2)+1)*2^(3/5)*3^(2/5)+1/6000*ln(2^(3/5)*3^(2/5)+2*x^2-1/2*3 ^(1/5)*2^(4/5)*x*(-5^(1/2)+1))*(5^(1/2)+1)*2^(3/5)*3^(2/5)-1/1500*arctan(1/5*(25-10*5^(1/2))^(1/2)+2/3*2^(7/10 )*x*3^(4/5)/(5+5^(1/2))^(1/2))*(5-5^(1/2))^(1/2)*2^(1/10)*3^(2/5)+1/1500*arctan(2/3*2^(7/10)*x*3^(4/5)/(5-5^(1 /2))^(1/2)-1/5*(25+10*5^(1/2))^(1/2))*(5+5^(1/2))^(1/2)*2^(1/10)*3^(2/5)
10_Timofeev_Problems	178	59	A	59	A	56	-1/8/x+3/20/x/(-2*x^2+3)^2+1/8/x/(-2*x^2+3)+1/24*arctanh(1/3*x*6^(1/2))*6^(1/2)
10_Timofeev_Problems	179	36	A	36	A	31	-4/x-7/4*x/(x^2+1)^2-25/8*x/(x^2+1)-57/8*arctan(x)
10_Timofeev_Problems	180	38	A	38	A	38	-3/2/(1-x)^2+2/(1-x)+1/(1+x)+ln(1-x)-2*ln(1+x)
10_Timofeev_Problems	181	64	A	64	A	50	1/3*x*(-x^2+x)/(x^3+1)+ln(x)-4/9*ln(1+x)-5/18*ln(x^2-x+1)-1/9*arctan(1/3*(1-2*x)*3^(1/2))*3^(1/2)
10_Timofeev_Problems	182	63	A	63	A	59	-2/(1+x)+1/3*(-7-5*x)/(x^2+x+1)-ln(1+x)+1/2*ln(x^2+x+1)-25/9*arctan(1/3*(1+2*x)*3^(1/2))*3^(1/2)
10_Timofeev_Problems	183	43	A	43	A	36	1/10/(1-4*x)^2-3/25/(1-4*x)-9/125*ln(1-4*x)+9/125*ln(2-3*x)
10_Timofeev_Problems	184	27	A	27	A	43	1/150/(-5*x^2+2)^6-1/250/(-5*x^2+2)^5
10_Timofeev_Problems	185	46	A	46	A	39	-1/250*x^2+2/625/(-5*x^2+2)^2-6/625/(-5*x^2+2)-3/625*ln(-5*x^2+2)
10_Timofeev_Problems	186	44	A	50	A	37	-1/18/(-2+x)^2+2/27/(-2+x)+1/27/(1+x)+1/27*ln(-2+x)-1/27*ln(1+x)
10_Timofeev_Problems	187	54	A	54	A	60	-1/2/(2+x)^2+4/(2+x)+1/3/(3+x)^3+3/2/(3+x)^2+6/(3+x)+10*ln(2+x)-10*ln(3+x)
10_Timofeev_Problems	188	36	A	36	A	32	-108*x+27/2*x^2-2*x^3+1/4*x^4+243/(3+x)+405*ln(3+x)
10_Timofeev_Problems	189	44	A	44	A	38	a*b1*x+1/2*(a*c1+2*b*b1)*x^2+1/3*(2*b*c1+b1*c)*x^3+1/4*c*c1*x^4
10_Timofeev_Problems	190	96	A	96	A	91	a^2*b1*x+1/2*a*(a*c1+4*b*b1)*x^2+2/3*(2*a*b*c1+a*b1*c+2*b^2*b1)*x^3+1/2*(a*c*c1+2*b^2*c1+2*b*b1*c)*x^4+1/5*c*( 4*b*c1+b1*c)*x^5+1/6*c^2*c1*x^6
10_Timofeev_Problems	191	167	A	167	A	171	a^3*b1*x+1/2*a^2*(a*c1+6*b*b1)*x^2+a*(2*a*b*c1+a*b1*c+4*b^2*b1)*x^3+1/4*(3*a^2*c*c1+12*a*b^2*c1+12*a*b*b1*c+8* b^3*b1)*x^4+1/5*(12*a*b*c*c1+3*a*b1*c^2+8*b^3*c1+12*b^2*b1*c)*x^5+1/2*c*(a*c*c1+4*b^2*c1+2*b*b1*c)*x^6+1/7*c^2 *(6*b*c1+b1*c)*x^7+1/8*c^3*c1*x^8
10_Timofeev_Problems	192	263	A	263	A	273	a^4*b1*x+1/2*a^3*(a*c1+8*b*b1)*x^2+4/3*a^2*(2*a*b*c1+a*b1*c+6*b^2*b1)*x^3+a*(a^2*c*c1+6*a*b^2*c1+6*a*b*b1*c+8* b^3*b1)*x^4+2/5*(12*a^2*b*c*c1+3*a^2*b1*c^2+16*a*b^3*c1+24*a*b^2*b1*c+8*b^4*b1)*x^5+1/3*(3*a^2*c^2*c1+24*a*b^2 *c*c1+12*a*b*b1*c^2+8*b^4*c1+16*b^3*b1*c)*x^6+4/7*c*(6*a*b*c*c1+a*b1*c^2+8*b^3*c1+6*b^2*b1*c)*x^7+1/2*c^2*(a*c *c1+6*b^2*c1+2*b*b1*c)*x^8+1/9*c^3*(8*b*c1+b1*c)*x^9+1/10*c^4*c1*x^10
10_Timofeev_Problems	193	159	A	159	F	0	1/2*c1*(c*x^2+2*b*x+a)^(1+n)/c/(1+n)-2^n*(-b*c1+b1*c)*(c*x^2+2*b*x+a)^(1+n)*hypergeom([-n, 1+n],[2+n],1/2*(b+c *x+(-a*c+b^2)^(1/2))/(-a*c+b^2)^(1/2))*((-b-c*x+(-a*c+b^2)^(1/2))/(-a*c+b^2)^(1/2))^(-1-n)/c/(1+n)/(-a*c+b^2)^ (1/2)
10_Timofeev_Problems	194	65	A	65	F(-2)	0	1/2*c1*ln(c*x^2+2*b*x+a)/c-(-b*c1+b1*c)*arctanh((c*x+b)/(-a*c+b^2)^(1/2))/c/(-a*c+b^2)^(1/2)
10_Timofeev_Problems	195	89	A	89	F(-2)	0	1/2*(-b*b1+a*c1-(-b*c1+b1*c)*x)/(-a*c+b^2)/(c*x^2+2*b*x+a)+1/2*(-b*c1+b1*c)*arctanh((c*x+b)/(-a*c+b^2)^(1/2))/ (-a*c+b^2)^(3/2)
10_Timofeev_Problems	196	130	A	130	F(-2)	0	1/4*(-b*b1+a*c1-(-b*c1+b1*c)*x)/(-a*c+b^2)/(c*x^2+2*b*x+a)^2+3/8*(-b*c1+b1*c)*(c*x+b)/(-a*c+b^2)^2/(c*x^2+2*b* x+a)-3/8*c*(-b*c1+b1*c)*arctanh((c*x+b)/(-a*c+b^2)^(1/2))/(-a*c+b^2)^(5/2)
10_Timofeev_Problems	197	173	A	173	F(-2)	0	1/6*(-b*b1+a*c1-(-b*c1+b1*c)*x)/(-a*c+b^2)/(c*x^2+2*b*x+a)^3+5/24*(-b*c1+b1*c)*(c*x+b)/(-a*c+b^2)^2/(c*x^2+2*b *x+a)^2-5/16*c*(-b*c1+b1*c)*(c*x+b)/(-a*c+b^2)^3/(c*x^2+2*b*x+a)+5/16*c^2*(-b*c1+b1*c)*arctanh((c*x+b)/(-a*c+b ^2)^(1/2))/(-a*c+b^2)^(7/2)
10_Timofeev_Problems	198	169	A	169	F	0	1/2*c1*(c*x^2+2*b*x+a)^(1-n)/c/(1-n)-(-b*c1+b1*c)*(c*x^2+2*b*x+a)^(1-n)*hypergeom([n, 1-n],[2-n],1/2*(b+c*x+(- a*c+b^2)^(1/2))/(-a*c+b^2)^(1/2))*((-b-c*x+(-a*c+b^2)^(1/2))/(-a*c+b^2)^(1/2))^(-1+n)/(2^n)/c/(1-n)/(-a*c+b^2) ^(1/2)
10_Timofeev_Problems	199	49	A	49	A	41	1/4*ln(3+2*x-3^(1/2))*(1-3^(1/2))+1/4*ln(3+2*x+3^(1/2))*(1+3^(1/2))
10_Timofeev_Problems	200	61	A	61	A	67	1/4*(5+4*x)/(2*x^2+6*x+3)^2+1/2*(-3-2*x)/(2*x^2+6*x+3)+1/3*arctanh(1/3*(3+2*x)*3^(1/2))*3^(1/2)
10_Timofeev_Problems	201	36	A	36	A	30	1/9*(13+7*x)/(x^2+5*x+4)+7/27*ln(1+x)-7/27*ln(4+x)
10_Timofeev_Problems	202	87	A	87	A	90	1/4*(-3-2*x)/(x^2+3*x+2)^4+7/6*(3+2*x)/(x^2+3*x+2)^3-35/6*(3+2*x)/(x^2+3*x+2)^2+35*(3+2*x)/(x^2+3*x+2)+70*ln(1 +x)-70*ln(2+x)
10_Timofeev_Problems	203	81	A	81	A	69	-1/490/x^2-69/1715/x+1/35*(-2+3*x)/x^2/(2*x^2-6*x+7)+80/2401*ln(x)-40/2401*ln(2*x^2-6*x+7)-234/60025*arctan(1/ 5*(3-2*x)*5^(1/2))*5^(1/2)
10_Timofeev_Problems	204	104	A	104	A	90	735*x+1/4*x^8*(4+3*x)/(x^2+3*x+2)^4-1/12*x^6*(110+81*x)/(x^2+3*x+2)^3+1/2*x^4*(184+135*x)/(x^2+3*x+2)^2-1/2*x^ 2*(2206+1593*x)/(x^2+3*x+2)-1471*ln(1+x)+1472*ln(2+x)
10_Timofeev_Problems	205	102	A	102	A	94	1/4*(1+2*x)*(7+6*x)/(2*x^2+5*x+3)^4+1/3*(73+62*x)/(2*x^2+5*x+3)^3-155/3*(5+4*x)/(2*x^2+5*x+3)^2+620*(5+4*x)/(2 *x^2+5*x+3)+2480*ln(1+x)-2480*ln(3+2*x)
10_Timofeev_Problems	206	40	A	40	A	39	-1/6*a^3/x^6+3/4*a^2*b/x^4-3/2*a*b^2/x^2-b^3*ln(x)
10_Timofeev_Problems	207	83	A	83	A	83	-1/16*x^10/(a^4+x^4)^4-5/96*x^6/(a^4+x^4)^3-5/128*x^2/(a^4+x^4)^2+5/256*x^2/a^4/(a^4+x^4)+5/256*arctan(x^2/a^2 )/a^6
10_Timofeev_Problems	208	49	A	49	A	31	8/7*x^(7/2)-x^4+2/9*x^(9/2)+8/11*x^(11/2)-2/3*x^6+2/13*x^(13/2)
10_Timofeev_Problems	209	55	A	55	A	31	-45/43*x^(43/15)+360/37*x^(37/10)+60/113*x^(113/30)-120/23*x^(23/5)-1/14*x^(14/3)+8/11*x^(11/2)
10_Timofeev_Problems	210	22	A	22	A	18	-2*ln(1+(1+x)^(1/2))+2*(1+x)^(1/2)
10_Timofeev_Problems	211	15	A	15	A	12	-x+2/3*(1+x)^(3/2)
10_Timofeev_Problems	212	25	A	25	A	20	x+4*ln(1-(1+x)^(1/2))+4*(1+x)^(1/2)
10_Timofeev_Problems	213	33	A	33	A	25	6*(1+x)^(1/6)+3*(1+x)^(1/3)+6*ln(1-(1+x)^(1/6))
10_Timofeev_Problems	214	29	A	29	A	19	-3*(1+x^(1/4))^(4/3)+12/7*(1+x^(1/4))^(7/3)
10_Timofeev_Problems	215	52	A	52	A	55	-15/4*arctanh((1+x)^(1/2))+15/4/(1+x)^(1/2)-1/2/x^2/(1+x)^(1/2)+5/4/x/(1+x)^(1/2)
10_Timofeev_Problems	216	118	A	118	A	111	3003/320/(1-x)^(5/2)+1001/64/(1-x)^(3/2)-1/4/(1-x)^(5/2)/x^4-13/24/(1-x)^(5/2)/x^3-143/96/(1-x)^(5/2)/x^2-429/ 64/(1-x)^(5/2)/x-3003/64*arctanh((1-x)^(1/2))+3003/64/(1-x)^(1/2)
10_Timofeev_Problems	217	104	A	104	A	105	1/4*(-1+x)^(1/3)/x^4+11/36*(-1+x)^(1/3)/x^3+11/27*(-1+x)^(1/3)/x^2+55/81*(-1+x)^(1/3)/x+55/81*ln(1+(-1+x)^(1/3 ))-55/243*ln(x)-110/243*arctan(1/3*(1-2*(-1+x)^(1/3))*3^(1/2))*3^(1/2)
10_Timofeev_Problems	218	38	A	38	A	43	-2*arctan(((1-x)/(1+x))^(1/2))+(1+x)*((1-x)/(1+x))^(1/2)
10_Timofeev_Problems	219	92	A	95	A	130	-1/4*(a-b)*(a+3*b)*arctan(((-a+x)/(b-x))^(1/2))+1/4*(a-5*b)*(b-x)*((-a+x)/(b-x))^(1/2)+1/2*(b-x)^2*((-a+x)/(b- x))^(1/2)
10_Timofeev_Problems	220	54	A	54	F	0	1/6*arctan(1/4*(-5+x)^(1/2)*(3+x)^(1/2))+1/15*arctanh(5^(1/2)*(3+x)^(1/2)/(-5+x)^(1/2))*5^(1/2)
10_Timofeev_Problems	221	304	A	319	F	0	5/16*(1-x)^(3/4)*(1+x)^(1/4)-1/16*(1-x)^(1/4)*(1+x)^(3/4)+1/24*(1-x)^(5/4)*(1+x)^(3/4)+3/16*arctan(-1+(1-x)^(1 /4)*2^(1/2)/(1+x)^(1/4))*2^(1/2)+3/16*arctan(1+(1-x)^(1/4)*2^(1/2)/(1+x)^(1/4))*2^(1/2)+1/16*ln(1-(1-x)^(1/4)* 2^(1/2)/(1+x)^(1/4)+(1-x)^(1/2)/(1+x)^(1/2))*2^(1/2)-1/16*ln(1+(1-x)^(1/4)*2^(1/2)/(1+x)^(1/4)+(1-x)^(1/2)/(1+ x)^(1/2))*2^(1/2)+7/24*(-x^2+1)^(5/4)/(1-x)^(1/2)+1/6*x*(-x^2+1)^(5/4)/(1-x)^(1/2)+1/6*(-x^2+1)^(5/4)*(1+x)^(1 /2)
10_Timofeev_Problems	222	292	A	522	F	0	-1/12*(1-3*x)*(1-x)^(2/3)*(1+x)^(1/3)-1/4*(1-x)*(3+x)+1/12*(1-x)^(1/3)*(1+x)^(2/3)*(1+3*x)+1/12*(1-x)^(1/6)*(1 +x)^(5/6)*(2+3*x)-1/12*(1-x)^(5/6)*(1+x)^(1/6)*(10+3*x)+1/6*arctan((1+x)^(1/6)/(1-x)^(1/6))-5/6*arctan(((1-x)^ (1/3)-(1+x)^(1/3))/(1-x)^(1/6)/(1+x)^(1/6))-4/9*arctan(1/3*((1-x)^(1/3)-2*(1+x)^(1/3))/(1-x)^(1/3)*3^(1/2))*3^ (1/2)+1/18*arctanh((1-x)^(1/6)*(1+x)^(1/6)*3^(1/2)/((1-x)^(1/3)+(1+x)^(1/3)))*3^(1/2)+1/4*x*(1-x)^(1/2)*(1+x)^ (1/2)
10_Timofeev_Problems	223	25	A	29	F	0	-3/2*(-1+x)*(1+x)/((-1+x)^4*(1+x)^2)^(1/3)
10_Timofeev_Problems	224	25	A	30	F	0	4/3*(-1+x)*(2+x)/((-1+x)^3*(2+x)^5)^(1/4)
10_Timofeev_Problems	225	53	A	63	F	0	-3/8*(-1+x)*(1+x)/((-1+x)^7*(1+x)^2)^(1/3)+9/16*(-1+x)^2*(1+x)/((-1+x)^7*(1+x)^2)^(1/3)
10_Timofeev_Problems	226	67	B	-	F	0	-1/2*ln(1+x)-3/2*ln(1+(1-x)/((-1+x)^2*(1+x))^(1/3))+arctan(1/3*(1+2*(-1+x)/((-1+x)^2*(1+x))^(1/3))*3^(1/2))*3^ (1/2)
10_Timofeev_Problems	227	122	A	133	F	0	-4/3*(-2+x)*(1+x)/((-2+x)*(1+x)^3)^(1/2)+2*(1+x)^(3/2)*arcsinh(1/3*(-2+x)^(1/2)*3^(1/2))*(-2+x)^(1/2)/((-2+x)* (1+x)^3)^(1/2)-(1+x)^(3/2)*arctan(2^(1/2)*(1+x)^(1/2)/(-2+x)^(1/2))*2^(1/2)*(-2+x)^(1/2)/((-2+x)*(1+x)^3)^(1/2 )
10_Timofeev_Problems	228	150	B	-	F	0	-((-1+x)^2*(1+x))^(1/3)/x+1/6*ln(x)-2/3*ln(1+x)-3/2*ln(1+(1-x)/((-1+x)^2*(1+x))^(1/3))-1/2*ln(1+(-1+x)/((-1+x) ^2*(1+x))^(1/3))-1/3*arctan(1/3*(1-2*(-1+x)/((-1+x)^2*(1+x))^(1/3))*3^(1/2))*3^(1/2)-arctan(1/3*(1+2*(-1+x)/(( -1+x)^2*(1+x))^(1/3))*3^(1/2))*3^(1/2)
10_Timofeev_Problems	229	43	A	43	A	51	1/12*(1-x)/(x^2-2*x-3)^(3/2)+1/24*(-1+x)/(x^2-2*x-3)^(1/2)
10_Timofeev_Problems	230	42	A	42	F	0	(3-x)*arctanh(1/2*(1+x)^(1/2))*(1+x)^(1/2)/(x^3-5*x^2+3*x+9)^(1/2)
10_Timofeev_Problems	231	139	A	139	F	0	1/8*(3-x)*(1+x)/(x^3-5*x^2+3*x+9)^(3/2)+5/64*(3-x)^2*(1+x)/(x^3-5*x^2+3*x+9)^(3/2)-15/256*(3-x)^3*(1+x)/(x^3-5 *x^2+3*x+9)^(3/2)+15/512*(3-x)^3*(1+x)^(3/2)*arctanh(1/2*(1+x)^(1/2))/(x^3-5*x^2+3*x+9)^(3/2)
10_Timofeev_Problems	232	75	B	-	F	0	-1/2*ln(1+x)-3/2*ln(1+(3-x)/(x^3-5*x^2+3*x+9)^(1/3))+arctan(1/3*(1+2*(-3+x)/(x^3-5*x^2+3*x+9)^(1/3))*3^(1/2))* 3^(1/2)
10_Timofeev_Problems	233	29	A	29	F	0	3/4*(3-x)*(1+x)/(x^3-5*x^2+3*x+9)^(2/3)
10_Timofeev_Problems	234	92	A	92	F	0	3/20*(3-x)*(1+x)/(x^3-5*x^2+3*x+9)^(4/3)+9/80*(3-x)^2*(1+x)/(x^3-5*x^2+3*x+9)^(4/3)-27/320*(3-x)^3*(1+x)/(x^3- 5*x^2+3*x+9)^(4/3)
10_Timofeev_Problems	235	19	A	19	A	16	-1/2*arcsin(1/41*(3-4*x)*41^(1/2))*2^(1/2)
10_Timofeev_Problems	236	8	A	8	A	8	arcsin(-2+x)
10_Timofeev_Problems	237	12	A	12	A	11	1/3*arcsin(5+6*x)*3^(1/2)
10_Timofeev_Problems	238	31	A	31	F	0	1/10*arctan(1/2*x*5^(1/2)/(-x^2+1)^(1/2))*5^(1/2)
10_Timofeev_Problems	239	31	A	31	F	0	1/30*arctanh(1/2*x*15^(1/2)/(4*x^2+1)^(1/2))*15^(1/2)
10_Timofeev_Problems	240	24	A	24	B	-	1/2*arctanh(1/2*(-x^2+5)^(1/2)*2^(1/2))*2^(1/2)
10_Timofeev_Problems	241	25	A	25	B	-	-1/2*arctan(1/2*(-x^2+3)^(1/2)*2^(1/2))*2^(1/2)
10_Timofeev_Problems	242	43	A	43	F	0	-1/2*arctan(x/(x^2+2)^(1/2))-1/6*arctanh(x*3^(1/2)/(x^2+2)^(1/2))*3^(1/2)
10_Timofeev_Problems	243	62	A	62	A	54	-1/6*arctanh(1/3*(x^2+2*x+4)^(1/2)*3^(1/2))*3^(1/2)-1/14*arctanh(1/7*(2*x+5)*7^(1/2)/(x^2+2*x+4)^(1/2))*7^(1/2 )
10_Timofeev_Problems	244	82	A	82	F	0	1/12*arctanh((x^2+2*x+5)^(1/2))-1/12*arctan(1/3*(1+x)*3^(1/2)/(x^2+2*x+5)^(1/2))*3^(1/2)-1/156*arctanh(1/13*(7 +3*x)*13^(1/2)/(x^2+2*x+5)^(1/2))*13^(1/2)
10_Timofeev_Problems	245	63	A	63	F	0	1/11*arctan(1/11*(4*x^2+4*x+5)^(1/2)*11^(1/2))*11^(1/2)-1/165*arctanh(1/15*(1+2*x)*165^(1/2)/(4*x^2+4*x+5)^(1/ 2))*165^(1/2)
10_Timofeev_Problems	246	56	A	56	F	0	-2*arctan(1/2*(1-x)*2^(1/2)/(x^2+x+1)^(1/2))*2^(1/2)+arctanh(1/2*(1+x)*2^(1/2)/(x^2+x+1)^(1/2))*2^(1/2)
10_Timofeev_Problems	247	70	A	70	F	0	-1/21*arctanh((1+x)*7^(1/2)/(x^2+6*x-1)^(1/2))*7^(1/2)-5/84*arctan(1/4*(2-x)*7^(1/2)*2^(1/2)/(x^2+6*x-1)^(1/2) )*14^(1/2)
10_Timofeev_Problems	248	80	A	89	F	0	-1/35*(2*A+B)*arctan((2-x)*35^(1/2)/(10*x^2-22*x+13)^(1/2))*35^(1/2)-1/70*(A+B)*arctanh(1/2*(1-x)*35^(1/2)/(10 *x^2-22*x+13)^(1/2))*35^(1/2)
10_Timofeev_Problems	249	38	A	38	F	0	1/70*arctanh(1/2*(1-x)*35^(1/2)/(10*x^2-22*x+13)^(1/2))*35^(1/2)
10_Timofeev_Problems	250	65	A	65	A	48	125/16*arcsin(1/5*x*5^(1/2))-25/16*x*(-x^2+5)^(1/2)-5/24*x^3*(-x^2+5)^(1/2)+1/6*x^5*(-x^2+5)^(1/2)
10_Timofeev_Problems	251	49	A	49	A	37	-1/10*(x^2+2)^(1/2)/x^5+1/15*(x^2+2)^(1/2)/x^3-1/15/x*(x^2+2)^(1/2)
10_Timofeev_Problems	252	49	A	49	A	37	1/15*x/(2*x^2+3)^(5/2)+4/135*x/(2*x^2+3)^(3/2)+8/405*x/(2*x^2+3)^(1/2)
10_Timofeev_Problems	253	12	A	12	A	10	ln(a+(x^2+1)^(1/2))
10_Timofeev_Problems	254	12	A	12	A	10	arcsinh(x)+1/(x^2+1)^(1/2)
10_Timofeev_Problems	255	27	A	27	F	0	arcsinh(x)-1/2*arctanh(1/2*x*2^(1/2)/(x^2+1)^(1/2))*2^(1/2)
10_Timofeev_Problems	256	48	A	48	F	0	3/8*arctanh(1/2*x*2^(1/2)/(x^2+1)^(1/2))*2^(1/2)-1/4*x*(x^2+1)^(1/2)/(x^2+2)
10_Timofeev_Problems	257	41	A	41	B	-	arctanh(x/(x^2-2)^(1/2))-1/2*arctanh(1/3*x*6^(1/2)/(x^2-2)^(1/2))*6^(1/2)
10_Timofeev_Problems	258	47	A	47	F	0	2*arctan(x*2^(1/2)/(-x^2+1)^(1/2))*2^(1/2)+x*(-x^2+1)^(1/2)/(x^2+1)
10_Timofeev_Problems	259	88	A	88	F	0	-x+5*arcsin(x)+20*ln(5+(-x^2+1)^(1/2))+25/12*arctan(1/12*x*6^(1/2))*6^(1/2)-25/12*arctan(5/12*x*6^(1/2)/(-x^2+ 1)^(1/2))*6^(1/2)-4*(-x^2+1)^(1/2)
10_Timofeev_Problems	260	136	A	136	F	0	8/9*x-1/6*x^2-41/54*arcsinh(x)+7/27*arctanh(1/2*(1-x)/(x^2+1)^(1/2))-7/54*ln(3*x^2+2*x+3)+4/27*arctan(1/4*(1+3 *x)*2^(1/2))*2^(1/2)+4/27*arctan(1/2*(1+x)*2^(1/2)/(x^2+1)^(1/2))*2^(1/2)+8/9*(x^2+1)^(1/2)-1/6*x*(x^2+1)^(1/2 )
10_Timofeev_Problems	261	64	A	64	A	63	-1/3*(2*r*x-x^2)^(3/2)+r^3*arctan(x/(2*r*x-x^2)^(1/2))-1/2*r*(r-x)*(2*r*x-x^2)^(1/2)
10_Timofeev_Problems	262	89	A	89	A	81	-5/12*r*(2*r*x-x^2)^(3/2)-1/4*x*(2*r*x-x^2)^(3/2)+5/4*r^4*arctan(x/(2*r*x-x^2)^(1/2))-5/8*r^2*(r-x)*(2*r*x-x^2 )^(1/2)
10_Timofeev_Problems	263	113	A	113	A	101	-7/12*r^2*(2*r*x-x^2)^(3/2)-7/20*r*x*(2*r*x-x^2)^(3/2)-1/5*x^2*(2*r*x-x^2)^(3/2)+7/4*r^5*arctan(x/(2*r*x-x^2)^ (1/2))-7/8*r^3*(r-x)*(2*r*x-x^2)^(1/2)
10_Timofeev_Problems	264	49	A	49	A	54	-1/2*arctan((x^2+2*x)^(1/2))-1/6*arctanh(1/3*(1+2*x)*3^(1/2)/(x^2+2*x)^(1/2))*3^(1/2)
10_Timofeev_Problems	265	79	A	79	A	66	1/6*arctan(1/3*(1-2*x)*3^(1/2)/(-x^2+2*x)^(1/2))*3^(1/2)-5/6*(-x^2+2*x)^(1/2)/(1+x)^2-2/3*(-x^2+2*x)^(1/2)/(1+ x)
10_Timofeev_Problems	266	12	A	12	A	11	arcsinh(1/3*(1+2*x)*3^(1/2))
10_Timofeev_Problems	267	53	A	53	A	48	7/16*arcsinh(1/3*(1+2*x)*3^(1/2))+1/3*x^2*(x^2+x+1)^(1/2)-1/24*(1+10*x)*(x^2+x+1)^(1/2)
10_Timofeev_Problems	268	19	A	19	A	22	2/3*(1+2*x)/(x^2+x+1)^(1/2)
10_Timofeev_Problems	269	17	A	17	A	22	-2/3*(2+x)/(x^2+x+1)^(1/2)
10_Timofeev_Problems	270	56	A	56	A	47	-3/2*arcsinh(1/3*(1+2*x)*3^(1/2))-2/3*x^2*(2+x)/(x^2+x+1)^(1/2)+1/3*(2*x+5)*(x^2+x+1)^(1/2)
10_Timofeev_Problems	271	65	A	65	A	56	-5/24*(x^2+x+1)^(3/2)+1/4*x*(x^2+x+1)^(3/2)+3/128*arcsinh(1/3*(1+2*x)*3^(1/2))+1/64*(1+2*x)*(x^2+x+1)^(1/2)
10_Timofeev_Problems	272	55	A	55	A	56	1/8*(1+2*x)*(x^2+x+1)^(3/2)+27/128*arcsinh(1/3*(1+2*x)*3^(1/2))+9/64*(1+2*x)*(x^2+x+1)^(1/2)
10_Timofeev_Problems	273	74	A	74	A	77	5/64*(1+2*x)*(x^2+x+1)^(3/2)+1/12*(1+2*x)*(x^2+x+1)^(5/2)+135/1024*arcsinh(1/3*(1+2*x)*3^(1/2))+45/512*(1+2*x) *(x^2+x+1)^(1/2)
10_Timofeev_Problems	274	38	A	38	A	37	1/2*arctanh(1/2*(2+x)/(x^2+x+1)^(1/2))-(x^2+x+1)^(1/2)/x
10_Timofeev_Problems	275	57	A	57	A	50	1/8*arctanh(1/2*(2+x)/(x^2+x+1)^(1/2))-1/2*(x^2+x+1)^(1/2)/x^2+3/4*(x^2+x+1)^(1/2)/x
10_Timofeev_Problems	276	62	A	62	A	58	3/2*arctanh(1/2*(2+x)/(x^2+x+1)^(1/2))+2/3*(1-x)/x/(x^2+x+1)^(1/2)-5/3*(x^2+x+1)^(1/2)/x
10_Timofeev_Problems	277	79	A	79	A	71	-3/8*arctanh(1/2*(2+x)/(x^2+x+1)^(1/2))+2/3*(1-x)/x^2/(x^2+x+1)^(1/2)-7/6*(x^2+x+1)^(1/2)/x^2+37/12*(x^2+x+1)^ (1/2)/x
10_Timofeev_Problems	278	22	A	22	A	25	-arctanh(1/2*(1-x)/(x^2+x+1)^(1/2))
10_Timofeev_Problems	279	86	A	86	F	0	1/2*arctanh(1/2*(4+x)/(x^2+2*x+4)^(1/2))-1/6*arctanh(1/3*(x^2+2*x+4)^(1/2)*3^(1/2))*3^(1/2)-1/14*arctanh(1/7*( 2*x+5)*7^(1/2)/(x^2+2*x+4)^(1/2))*7^(1/2)
10_Timofeev_Problems	280	62	A	62	A	61	arcsinh(1/3*(1+x)*3^(1/2))-2/7*arctanh(1/7*(2*x+5)*7^(1/2)/(x^2+2*x+4)^(1/2))*7^(1/2)+(x^2+2*x+4)^(1/2)/(1-x)
10_Timofeev_Problems	281	76	A	76	F	0	arctanh((x^2+2*x+4)^(1/2))-1/8*arctan(1/2*(1+x)*2^(1/2)/(x^2+2*x+4)^(1/2))*2^(1/2)-1/4*(3-x)*(x^2+2*x+4)^(1/2) /(x^2+2*x+3)
10_Timofeev_Problems	282	36	A	36	A	28	(x^2+2*x-3)^(1/2)+1/2*(x^2+2*x-3)^(1/2)/(1-x)
10_Timofeev_Problems	283	87	A	87	F	0	-1/8*arcsinh(1/7*(1+2*x)*7^(1/2))-arctanh((x^2+x+2)^(1/2))+1/3*arctan(1/3*(1+2*x)*3^(1/2)/(x^2+x+2)^(1/2))*3^( 1/2)-7/4*(x^2+x+2)^(1/2)+1/2*x*(x^2+x+2)^(1/2)
10_Timofeev_Problems	284	58	A	58	A	76	1/15*(1+x)/(x^2+2*x+4)^(5/2)+4/135*(1+x)/(x^2+2*x+4)^(3/2)+8/405*(1+x)/(x^2+2*x+4)^(1/2)
10_Timofeev_Problems	285	47	A	47	A	59	1/39*(-4-3*x)/(3*x^2+8*x+1)^(3/2)+2/169*(4+3*x)/(3*x^2+8*x+1)^(1/2)
10_Timofeev_Problems	286	47	A	47	A	59	1/57*(-2+3*x)/(-3*x^2+4*x+5)^(3/2)-2/361*(2-3*x)/(-3*x^2+4*x+5)^(1/2)
10_Timofeev_Problems	287	29	A	29	F	0	1/(1+x)+arcsinh(1+x)-(x^2+2*x+2)^(1/2)/(1+x)
10_Timofeev_Problems	288	45	A	59	F	0	-x-3/2*arcsinh(1/3*(1+2*x)*3^(1/2))+2*ln(x+(x^2+x+1)^(1/2))+(x^2+x+1)^(1/2)
10_Timofeev_Problems	289	79	A	79	F	0	-1/9*x^3-1/6*x^4-5/36*(x^2+x+1)^(3/2)+1/6*x*(x^2+x+1)^(3/2)+1/64*arcsinh(1/3*(1+2*x)*3^(1/2))+1/96*(1+2*x)*(x^ 2+x+1)^(1/2)
10_Timofeev_Problems	290	80	A	80	F	0	x+5/2*arcsinh(1/3*(1+2*x)*3^(1/2))+4*arctanh(1/2*(1-x)/(x^2+x+1)^(1/2))-arctanh(1/2*(2+x)/(x^2+x+1)^(1/2))+ln( x)-4*ln(1+x)-3*(x^2+x+1)^(1/2)
10_Timofeev_Problems	291	158	A	158	F	0	11/2*arcsinh(1/3*(1+x)*3^(1/2))+43/8*arcsinh(1/3*(1+2*x)*3^(1/2))-2*arctanh(1/14*(1+5*x)*7^(1/2)/(x^2+x+1)^(1/ 2))*7^(1/2)+2*arctanh(1/7*(1-2*x)*7^(1/2)/(x^2+2*x+4)^(1/2))*7^(1/2)-2*(x^2+x+1)^(1/2)+1/4*(1+2*x)*(x^2+x+1)^( 1/2)-2*(x^2+2*x+4)^(1/2)+1/2*(1+x)*(x^2+2*x+4)^(1/2)
10_Timofeev_Problems	292	41	A	41	A	38	3/4*arctan((-1+x)^(1/2))+1/2*(-1+x)^(1/2)/x^2+3/4*(-1+x)^(1/2)/x
10_Timofeev_Problems	293	13	A	13	A	11	-1/(1-3/x)^(1/3)
10_Timofeev_Problems	294	71	A	71	A	76	12*(-1+3*x)^(1/3)-(-1+3*x)^(4/3)/x+2*ln(x)-6*ln(1+(-1+3*x)^(1/3))+4*arctan(1/3*(1-2*(-1+3*x)^(1/3))*3^(1/2))*3 ^(1/2)
10_Timofeev_Problems	295	40	A	40	A	28	-16/63*(4-3*x)^(7/3)+4/45*(4-3*x)^(10/3)-1/117*(4-3*x)^(13/3)
10_Timofeev_Problems	296	48	A	48	A	52	4*(1-2*x^(1/3))^(3/4)+6*arctan((1-2*x^(1/3))^(1/4))-6*arctanh((1-2*x^(1/3))^(1/4))
10_Timofeev_Problems	297	69	A	69	A	45	-27/2*(3-2*x^(1/2))^(1/4)+27/10*(3-2*x^(1/2))^(5/4)-1/2*(3-2*x^(1/2))^(9/4)+1/26*(3-2*x^(1/2))^(13/4)
10_Timofeev_Problems	298	193	A	193	A	157	5/4*arctan(-1+2^(1/2)*(-1+2*x^(1/2))^(1/4))*2^(1/2)+5/4*arctan(1+2^(1/2)*(-1+2*x^(1/2))^(1/4))*2^(1/2)-5/8*ln( 1-2^(1/2)*(-1+2*x^(1/2))^(1/4)+(-1+2*x^(1/2))^(1/2))*2^(1/2)+5/8*ln(1+2^(1/2)*(-1+2*x^(1/2))^(1/4)+(-1+2*x^(1/ 2))^(1/2))*2^(1/2)-5/2*(-1+2*x^(1/2))^(1/4)/x^(1/2)-(-1+2*x^(1/2))^(5/4)/x
10_Timofeev_Problems	299	13	A	13	A	9	3/28*(x^7+1)^(4/3)
10_Timofeev_Problems	300	13	A	13	A	9	-3/14/(x^7+1)^(2/3)
10_Timofeev_Problems	301	59	A	59	A	64	-1/18*ln(x)+1/42*ln(3+(2*x^7-27)^(1/3))-1/63*arctan(1/9*(3-2*(2*x^7-27)^(1/3))*3^(1/2))*3^(1/2)
10_Timofeev_Problems	302	70	A	70	A	66	-1/7*(x^7+1)^(2/3)/x^7-1/3*ln(x)+1/7*ln(1-(x^7+1)^(1/3))+2/21*arctan(1/3*(1+2*(x^7+1)^(1/3))*3^(1/2))*3^(1/2)
10_Timofeev_Problems	303	68	A	68	A	83	-(4*x^4+3)^(1/4)/x-1/2*arctan(x*2^(1/2)/(4*x^4+3)^(1/4))*2^(1/2)+1/2*arctanh(x*2^(1/2)/(4*x^4+3)^(1/4))*2^(1/2 )
10_Timofeev_Problems	304	93	A	93	A	130	15/32*x^3*(4*x^4+3)^(1/4)+1/8*x^3*(4*x^4+3)^(5/4)-45/256*arctan(x*2^(1/2)/(4*x^4+3)^(1/4))*2^(1/2)+45/256*arct anh(x*2^(1/2)/(4*x^4+3)^(1/4))*2^(1/2)
10_Timofeev_Problems	305	93	A	93	A	129	3/128*x^3*(4*x^4+3)^(1/4)+1/8*x^7*(4*x^4+3)^(1/4)+27/1024*arctan(x*2^(1/2)/(4*x^4+3)^(1/4))*2^(1/2)-27/1024*ar ctanh(x*2^(1/2)/(4*x^4+3)^(1/4))*2^(1/2)
10_Timofeev_Problems	306	93	A	129	F	0	1/2*x*(x*(-x^2+1))^(1/3)+1/12*ln(x)-1/4*ln(x+(x*(-x^2+1))^(1/3))+1/6*arctan(1/3*(2*x-(x*(-x^2+1))^(1/3))/(x*(- x^2+1))^(1/3)*3^(1/2))*3^(1/2)
10_Timofeev_Problems	307	126	A	114	F	0	21/128*arctanh(x^(2/3)/((1+x^(1/3))*x)^(1/2))+7/64*((1+x^(1/3))*x)^(1/2)-21/128*((1+x^(1/3))*x)^(1/2)/x^(1/3)- 7/80*x^(1/3)*((1+x^(1/3))*x)^(1/2)+3/40*x^(2/3)*((1+x^(1/3))*x)^(1/2)+3/5*x*((1+x^(1/3))*x)^(1/2)
10_Timofeev_Problems	308	34	A	34	F	0	-1/12*arctanh(1/3*(2*x^4+1)*3^(1/2)/(2*x^8+1)^(1/2))*3^(1/2)
10_Timofeev_Problems	309	58	A	58	F	0	1/15*(x^10+x^5+1)^(3/2)-3/80*arcsinh(1/3*(2*x^5+1)*3^(1/2))-1/40*(2*x^5+1)*(x^10+x^5+1)^(1/2)
10_Timofeev_Problems	310	71	A	71	A	52	1/128*arctanh(1/2*(x^2+4)/(x^4+2*x^2+4)^(1/2))-1/16*(x^4+2*x^2+4)^(1/2)/x^4+3/64*(x^4+2*x^2+4)^(1/2)/x^2
10_Timofeev_Problems	311	21	A	21	B	-	arctanh((x^2+1)/(x^4+3*x^2+1)^(1/2))
10_Timofeev_Problems	312	17	A	17	A	13	5/16*(x^4-3*x^2)^(8/5)
10_Timofeev_Problems	313	46	A	46	A	34	-4/27*(3*x^3-1)^(1/4)-4/33*(3*x^3-1)^(11/12)+4/243*(3*x^3-1)^(9/4)
10_Timofeev_Problems	314	78	A	78	F	0	-1/3*arctan(1/3*(1+2*3^(1/3)*x/(x^3+2)^(1/3))*3^(1/2))*3^(1/6)-1/18*ln(x^3-1)*3^(2/3)+1/6*ln(3^(1/3)*x-(x^3+2) ^(1/3))*3^(2/3)
10_Timofeev_Problems	315	141	A	141	F	0	1/4*arctan(-1+x*2^(1/2)/(x^4+2)^(1/4))*2^(1/2)+1/4*arctan(1+x*2^(1/2)/(x^4+2)^(1/4))*2^(1/2)-1/8*ln(1-x*2^(1/2 )/(x^4+2)^(1/4)+x^2/(x^4+2)^(1/2))*2^(1/2)+1/8*ln(1+x*2^(1/2)/(x^4+2)^(1/4)+x^2/(x^4+2)^(1/2))*2^(1/2)
10_Timofeev_Problems	316	63	A	63	A	94	1/3*x*(x^3+2)^(2/3)+5/6*ln(-x+(x^3+2)^(1/3))-5/9*arctan(1/3*(1+2*x/(x^3+2)^(1/3))*3^(1/2))*3^(1/2)
10_Timofeev_Problems	317	74	A	74	F	0	1/8*x*(x^4+1)^(3/4)/(x^4+2)+3/32*arctan(1/2*x*2^(3/4)/(x^4+1)^(1/4))*2^(1/4)+3/32*arctanh(1/2*x*2^(3/4)/(x^4+1 )^(1/4))*2^(1/4)
10_Timofeev_Problems	318	48	A	59	B	-	-5/33*x*(x^5-2)/(x^5+3)^(11/5)+5/297*x/(x^5+3)^(6/5)+97/891*x/(x^5+3)^(1/5)
10_Timofeev_Problems	319	90	A	90	F	0	-1/3*arctan(1/3*(1+2*3^(1/3)*(1+x)/(2+(1+x)^3)^(1/3))*3^(1/2))*3^(1/6)-1/18*ln(1-(1+x)^3)*3^(2/3)+1/6*ln(3^(1/ 3)*(1+x)-(2+(1+x)^3)^(1/3))*3^(2/3)
10_Timofeev_Problems	320	23	A	23	F	0	1/2*arctan(x*2^(1/2)/(x^4+1)^(1/2))*2^(1/2)
10_Timofeev_Problems	321	23	A	23	F	0	1/2*arctanh(x*2^(1/2)/(x^4+1)^(1/2))*2^(1/2)
10_Timofeev_Problems	322	16	A	23	B	-	arctanh((x^2-1)/(x^4+1)^(1/2))
10_Timofeev_Problems	323	16	A	23	B	-	arctanh((x^2+1)/(x^4+1)^(1/2))
10_Timofeev_Problems	324	26	A	26	F	0	1/3*arctanh(x*3^(1/2)/(x^4+x^2+1)^(1/2))*3^(1/2)
10_Timofeev_Problems	325	15	A	15	F	0	arctan(x/(x^4+x^2+1)^(1/2))
10_Timofeev_Problems	326	16	A	16	A	22	1/x*(x^4+x^2+1)^(1/2)
10_Timofeev_Problems	327	74	A	74	F	0	1/2*arctan(1/2*(a+2*(a^2-b+1)*x+a*x^2)*2^(1/2)/(1-b)^(1/2)/(2*a*x^3+x^4+2*b*x^2+2*a*x+1)^(1/2))*2^(1/2)/(1-b)^ (1/2)
10_Timofeev_Problems	328	22	A	22	F	0	arctan(x/(-x^2+(x^4+1)^(1/2))^(1/2))
10_Timofeev_Problems	329	24	A	24	F	0	arctan(x/(-x^2+(1+x^(2*n))^(1/n))^(1/2))
10_Timofeev_Problems	330	14	A	14	A	10	1/2*x+1/2*cos(x)*sin(x)
10_Timofeev_Problems	331	11	A	11	A	9	sin(x)-1/3*sin(x)^3
10_Timofeev_Problems	332	24	A	24	A	16	3/8*x-3/8*cos(x)*sin(x)-1/4*cos(x)*sin(x)^3
10_Timofeev_Problems	333	34	A	34	A	24	5/16*x+5/16*cos(x)*sin(x)+5/24*cos(x)^3*sin(x)+1/6*cos(x)^5*sin(x)
10_Timofeev_Problems	334	44	A	44	A	30	35/128*x-35/128*cos(x)*sin(x)-35/192*cos(x)*sin(x)^3-7/48*cos(x)*sin(x)^5-1/8*cos(x)*sin(x)^7
10_Timofeev_Problems	335	20	B	-	A	23	3/8*x+1/2*cos(x)-1/8*cos(x)*sin(x)
10_Timofeev_Problems	336	31	A	31	A	23	-1/3*sin(5/12*Pi+3*x)+1/9*sin(5/12*Pi+3*x)^3
10_Timofeev_Problems	337	21	A	21	A	20	-cot(x)-2/3*cot(x)^3-1/5*cot(x)^5
10_Timofeev_Problems	338	36	A	36	A	54	-5/16*arctanh(cos(x))-5/16*cot(x)*csc(x)-5/24*cot(x)*csc(x)^3-1/6*cot(x)*csc(x)^5
10_Timofeev_Problems	339	41	A	41	A	33	tan(x)+5/3*tan(x)^3+2*tan(x)^5+10/7*tan(x)^7+5/9*tan(x)^9+1/11*tan(x)^11
10_Timofeev_Problems	340	40	A	40	A	51	1/6*arctanh(sin(1/4*Pi+3*x))+1/6*sec(1/4*Pi+3*x)*tan(1/4*Pi+3*x)
10_Timofeev_Problems	341	22	A	22	A	18	-x+tan(x)-1/3*tan(x)^3+1/5*tan(x)^5
10_Timofeev_Problems	342	20	A	20	A	22	1/2*cot(x)^2-1/4*cot(x)^4+ln(sin(x))
10_Timofeev_Problems	343	32	A	32	A	30	x+3*cot(1/4*Pi+1/3*x)-cot(1/4*Pi+1/3*x)^3
10_Timofeev_Problems	344	56	A	56	A	24	3/256*x+3/256*cos(x)*sin(x)+1/128*cos(x)^3*sin(x)+1/160*cos(x)^5*sin(x)-3/80*cos(x)^7*sin(x)-1/10*cos(x)^7*sin (x)^3
10_Timofeev_Problems	345	33	A	33	A	25	-1/7*cos(x)^7+1/3*cos(x)^9-3/11*cos(x)^11+1/13*cos(x)^13
10_Timofeev_Problems	346	46	A	46	A	40	5/2*cos(x)^2-5/2*cos(x)^4+5/3*cos(x)^6-5/8*cos(x)^8+1/10*cos(x)^10-ln(cos(x))
10_Timofeev_Problems	347	41	A	41	A	37	-10*cot(x)-5/3*cot(x)^3-1/5*cot(x)^5+10*tan(x)+5/3*tan(x)^3+1/5*tan(x)^5
10_Timofeev_Problems	348	24	A	24	A	10	1/8*x+1/8*cos(x)*sin(x)-1/4*cos(x)^3*sin(x)
10_Timofeev_Problems	349	46	A	46	A	16	3/128*x+3/128*cos(x)*sin(x)+1/64*cos(x)^3*sin(x)-1/16*cos(x)^5*sin(x)-1/8*cos(x)^5*sin(x)^3
10_Timofeev_Problems	350	68	A	68	A	24	5/1024*x+5/1024*cos(x)*sin(x)+5/1536*cos(x)^3*sin(x)+1/384*cos(x)^5*sin(x)-1/64*cos(x)^7*sin(x)-1/24*cos(x)^7* sin(x)^3-1/12*cos(x)^7*sin(x)^5
10_Timofeev_Problems	351	90	A	90	A	30	35/32768*x+35/32768*cos(x)*sin(x)+35/49152*cos(x)^3*sin(x)+7/12288*cos(x)^5*sin(x)+1/2048*cos(x)^7*sin(x)-1/25 6*cos(x)^9*sin(x)-5/384*cos(x)^9*sin(x)^3-1/32*cos(x)^9*sin(x)^5-1/16*cos(x)^9*sin(x)^7
10_Timofeev_Problems	352	68	A	68	F	0	cos(x)^(-1+2*m)*(cos(x)^2)^(1/2-m)*hypergeom([1/2+m, 1/2-m],[3/2+m],sin(x)^2)*sin(x)^(1+2*m)/(1+2*m)
10_Timofeev_Problems	353	32	A	32	A	41	-1/4*cot(1/4*Pi+2*x)^2+1/2*ln(tan(1/4*Pi+2*x))
10_Timofeev_Problems	354	8	A	8	A	6	1/3*tan(x)^3
10_Timofeev_Problems	355	11	A	11	A	14	csc(x)-1/3*csc(x)^3
10_Timofeev_Problems	356	8	A	8	A	6	1/3*sec(x)^3
10_Timofeev_Problems	357	26	A	26	A	38	1/8*arctanh(cos(x))+1/8*cot(x)*csc(x)-1/4*cot(x)*csc(x)^3
10_Timofeev_Problems	358	17	A	17	A	14	1/4*csc(x)^4-1/6*csc(x)^6
10_Timofeev_Problems	359	31	A	31	A	19	2/3*sec(x)^(3/2)-4/7*sec(x)^(7/2)+2/11*sec(x)^(11/2)
10_Timofeev_Problems	360	21	A	21	A	13	2/5*tan(x)^(5/2)+2/9*tan(x)^(9/2)
10_Timofeev_Problems	361	38	A	38	A	54	-1/16*arctanh(cos(x))-1/16*cot(x)*csc(x)+1/8*cot(x)*csc(x)^3-1/6*cot(x)^3*csc(x)^3
10_Timofeev_Problems	362	76	A	76	A	74	-1/4*arctanh(sin(1/4*Pi+1/2*x))-1/4*sec(1/4*Pi+1/2*x)*tan(1/4*Pi+1/2*x)+1/2*sec(1/4*Pi+1/2*x)^3*tan(1/4*Pi+1/2 *x)
10_Timofeev_Problems	363	88	A	84	A	115	1/2*x+4*a*x+2*cos(x)^2+cos(x)^4+4*a*cot(x)-1/2*a^2*cot(x)^2+(4-a)*a*ln(cos(x))+(a^2+4)*ln(sin(x))+1/2*cos(x)*s in(x)-cos(x)^3*sin(x)+a^2*tan(x)+1/3*a^2*tan(x)^3
10_Timofeev_Problems	364	70	A	70	A	54	227/32*x+10*cos(x)-3*cos(x)^2-2/3*cos(x)^3-3*sin(x)-99/32*cos(x)*sin(x)-3/2*sin(x)^3-1/16*cos(x)*sin(x)^3+3/8* sin(x)^4-3/80*sin(x)^5
10_Timofeev_Problems	365	33	A	33	A	36	-285/2*x+5*(3-2*cot(x))^2+(3-2*cot(x))^3-42*cot(x)+4*ln(sin(x))
10_Timofeev_Problems	366	16	A	16	A	14	16*x-15*tan(x)+5/3*tan(x)^3
10_Timofeev_Problems	367	12	A	12	B	-	arctanh(sin(x))-8/3*sin(x)^3
10_Timofeev_Problems	368	17	A	17	A	13	1/6*sin(3*x)+1/10*sin(5*x)
10_Timofeev_Problems	369	26	A	26	B	-	35/8*arctanh(sin(x))-29/8*sec(x)*tan(x)+1/4*sec(x)^3*tan(x)
10_Timofeev_Problems	370	38	A	38	A	30	1/16*x+1/8*sin(2*x)+3/32*sin(4*x)+1/24*sin(6*x)+1/128*sin(8*x)
10_Timofeev_Problems	371	20	A	20	A	33	6*csc(x)^2-1/4*csc(x)^4+16*ln(sin(x))
10_Timofeev_Problems	372	12	A	12	A	19	-2*csc(x)^2-8*ln(sin(x))
10_Timofeev_Problems	373	64	A	65	B	-	1/2*ln(sin(x))-1/4*ln(1+cos(x)*sin(x))-1/6*x*3^(1/2)+1/6*arctan((1-2*cos(x)^2)/(2+2*cos(x)*sin(x)+3^(1/2)))*3^ (1/2)
10_Timofeev_Problems	374	11	A	17	B	-	-1/2*ln(-4+csc(x)^2)
10_Timofeev_Problems	375	7	A	7	A	9	-arctan(cos(2*x))
10_Timofeev_Problems	376	53	A	83	A	27	1/6*x*3^(1/2)+1/3*arctan((cos(x)-sin(x)*3^(1/2))/(sin(x)+cos(x)*3^(1/2)+4+2*3^(1/2)))*3^(1/2)
10_Timofeev_Problems	377	33	B	-	A	39	-1/23*arctanh((cos(x)-sin(x))*23^(1/2)/(8+3*cos(x)+3*sin(x)))*23^(1/2)
10_Timofeev_Problems	378	27	A	27	A	7	1/3*x+1/3*arctan(2*cos(x)*sin(x)/(1+2*sin(x)^2))
10_Timofeev_Problems	379	28	A	28	A	28	4/25*x-3/25*ln(2*cos(x)+sin(x))+2/5/(2+tan(x))
10_Timofeev_Problems	380	67	A	67	A	38	8/225*x*15^(1/2)-8/225*arctan((1-2*cos(x)^2)/(4+2*cos(x)*sin(x)+15^(1/2)))*15^(1/2)+1/15*(1+4*tan(x))/(2+tan(x )+2*tan(x)^2)
10_Timofeev_Problems	381	55	A	55	A	28	1/36*x*6^(1/2)-1/36*arctan(cos(x)*sin(x)/(2+cos(x)^2+6^(1/2)))*6^(1/2)+1/6*tan(x)/(3+2*tan(x)^2)
10_Timofeev_Problems	382	42	A	42	A	44	-67/250*x-28/125*ln(cos(x)+3*sin(x))-7/10/(1+3*tan(x))^2-29/50/(1+3*tan(x))
10_Timofeev_Problems	383	9	A	9	F	0	1/2*arctanh(2*sin(x))
10_Timofeev_Problems	384	15	A	15	B	-	1/2*arctanh(cos(x)*2^(1/2))*2^(1/2)
10_Timofeev_Problems	385	17	A	17	B	-	-1/2*x+1/4*arctanh(2*cos(x)*sin(x))
10_Timofeev_Problems	386	21	A	21	B	-	1/3*ln(cos(x))-1/24*ln(3-4*cos(x)^2)
10_Timofeev_Problems	387	21	A	21	B	-	1/3*ln(sin(x))-1/6*ln(3-4*sin(x)^2)
10_Timofeev_Problems	388	26	A	26	B	-	-1/4*arctanh(sin(x))+1/4*arctanh(sin(x)*2^(1/2))*2^(1/2)
10_Timofeev_Problems	389	26	A	26	B	-	-1/4*arctanh(sin(x))+1/8*arctanh(sin(x)*2^(1/2))*2^(1/2)
10_Timofeev_Problems	390	16	A	16	F	0	-cos(2*x)/(1+sin(2*x))^(1/2)
10_Timofeev_Problems	391	17	A	17	F	0	cos(2*x)/(1-sin(2*x))^(1/2)
10_Timofeev_Problems	392	27	A	27	A	41	1/2*arctanh(1/2*sin(2*x)*2^(1/2)/(1+cos(2*x))^(1/2))*2^(1/2)
10_Timofeev_Problems	393	30	A	30	B	-	-1/2*arctanh(1/2*sin(2*x)*2^(1/2)/(1-cos(2*x))^(1/2))*2^(1/2)
10_Timofeev_Problems	394	53	A	53	B	-	-1/6*sin(3*x)/(1-cos(3*x))^(3/2)-1/12*arctanh(1/2*sin(3*x)*2^(1/2)/(1-cos(3*x))^(1/2))*2^(1/2)
10_Timofeev_Problems	395	73	A	73	F	0	3/5*cos(2/3*x)*(1-sin(2/3*x))^(3/2)+32/5*cos(2/3*x)/(1-sin(2/3*x))^(1/2)+8/5*cos(2/3*x)*(1-sin(2/3*x))^(1/2)
10_Timofeev_Problems	396	55	A	55	A	43	-4/(1+2*sin(x))^(1/4)+1/12*(1+2*sin(x))^(3/2)+3/4/(1+2*sin(x))^(1/2)-1/2*(1+2*sin(x))^(1/2)
10_Timofeev_Problems	397	98	A	98	A	80	1/2*arctan(-1+2^(1/2)*tan(x)^(1/2))*2^(1/2)+1/2*arctan(1+2^(1/2)*tan(x)^(1/2))*2^(1/2)+1/4*ln(1-2^(1/2)*tan(x) ^(1/2)+tan(x))*2^(1/2)-1/4*ln(1+2^(1/2)*tan(x)^(1/2)+tan(x))*2^(1/2)
10_Timofeev_Problems	398	57	A	69	A	52	3/20*ln(1+tan(5*x)^(2/3))-1/20*ln(1+tan(5*x)^2)-1/10*arctan(1/3*(1-2*tan(5*x)^(2/3))*3^(1/2))*3^(1/2)
10_Timofeev_Problems	399	87	A	87	B	-	-9/500*arctan(1/2*(1-3*tan(2*x))*2^(1/2)/(4+3*tan(2*x))^(1/2))*2^(1/2)+13/500*arctanh(1/2*(3+tan(2*x))*2^(1/2) /(4+3*tan(2*x))^(1/2))*2^(1/2)-3/25/(4+3*tan(2*x))^(1/2)
10_Timofeev_Problems	400	40	A	40	A	30	1/3*ln(4-3*tan(x))+8/3/(4-3*tan(x))^(1/2)+2/3*(4-3*tan(x))^(1/2)
10_Timofeev_Problems	401	84	A	133	A	117	-1/2*x+1/2*ln(cos(x))+ln(1-tan(x)^(1/2))+1/2*arctan(1/2*(1-tan(x))*2^(1/2)/tan(x)^(1/2))*2^(1/2)+1/2*arctanh(1 /2*(1+tan(x))*2^(1/2)/tan(x)^(1/2))*2^(1/2)+1/(1-tan(x)^(1/2))
10_Timofeev_Problems	402	31	A	31	F	0	-1/2*arcsin(cos(x)-sin(x))-1/2*ln(cos(x)+sin(x)+sin(2*x)^(1/2))
10_Timofeev_Problems	403	31	A	31	F	0	-1/2*arcsin(cos(x)-sin(x))+1/2*ln(cos(x)+sin(x)+sin(2*x)^(1/2))
10_Timofeev_Problems	404	45	A	45	F	0	-1/4*arcsin(cos(x)-sin(x))+1/4*ln(cos(x)+sin(x)+sin(2*x)^(1/2))-1/2*cos(x)*sin(2*x)^(1/2)
10_Timofeev_Problems	405	47	A	47	F	0	-1/2*ln(cos(x)+sin(x)+sin(2*x)^(1/2))+1/2*cos(x)*sin(2*x)^(1/2)+1/2*sin(x)*sin(2*x)^(1/2)
10_Timofeev_Problems	406	61	A	61	F	0	-1/16*arcsin(cos(x)-sin(x))+1/16*ln(cos(x)+sin(x)+sin(2*x)^(1/2))+1/5*sin(x)^5/sin(2*x)^(5/2)-1/4*sin(x)/sin(2 *x)^(1/2)
10_Timofeev_Problems	407	61	A	61	F	0	-1/16*arcsin(cos(x)-sin(x))-1/16*ln(cos(x)+sin(x)+sin(2*x)^(1/2))-1/5*cos(x)^5/sin(2*x)^(5/2)+1/4*cos(x)/sin(2 *x)^(1/2)
10_Timofeev_Problems	408	16	A	16	F	0	-1/5*csc(x)^5*sin(2*x)^(5/2)
10_Timofeev_Problems	409	31	A	31	F	0	4/5*sec(x)*sin(2*x)^(1/2)+1/5*sec(x)^3*sin(2*x)^(1/2)
10_Timofeev_Problems	410	29	A	29	F	0	-2/3*cos(x)/sin(2*x)^(3/2)+4/3*sin(x)/sin(2*x)^(1/2)
10_Timofeev_Problems	411	68	A	95	F(-1)	-	33/32*arctanh(1/2*sin(2*x)^(1/2)/cos(x))-9/16*cos(x)/sin(2*x)^(1/2)-5/24*cos(x)*cot(x)/sin(2*x)^(1/2)+1/20*cos (x)*cot(x)^2/sin(2*x)^(1/2)
10_Timofeev_Problems	412	19	A	29	A	6	2/3*cos(x)*sin(x)*(sec(x)^4*tan(x))^(1/2)
10_Timofeev_Problems	413	92	B	-	F	0	3/8*arctan(1/2*(1-cot(x))*csc(x)^2*(sin(x)^4*tan(x))^(1/2)*2^(1/2))*2^(1/2)+3/8*ln(cos(x)+sin(x)-cot(x)*csc(x) *2^(1/2)*(sin(x)^4*tan(x))^(1/2))*2^(1/2)-1/2*cot(x)*(sin(x)^4*tan(x))^(1/2)
10_Timofeev_Problems	414	47	A	47	A	13	3/5*cos(x)^3*sin(x)*(sec(x)^12*tan(x)^2)^(1/3)+3/11*cos(x)*sin(x)^3*(sec(x)^12*tan(x)^2)^(1/3)
10_Timofeev_Problems	415	70	A	70	A	77	-4/9*cos(x)^5*sin(x)/(cos(x)^11*sin(x)^13)^(1/4)-8*cos(x)^3*sin(x)^3/(cos(x)^11*sin(x)^13)^(1/4)+4/7*cos(x)*si n(x)^5/(cos(x)^11*sin(x)^13)^(1/4)
10_Timofeev_Problems	416	108	B	-	F	0	-ln(cos(x)+sin(x)-sec(x)*2^(1/2)*(cos(x)^3*sin(x))^(1/2))*2^(1/2)-sin(2*x)/(cos(x)^3*sin(x))^(1/2)-arcsin(cos( x)-sin(x))*cos(x)*sin(2*x)^(1/2)/(cos(x)^3*sin(x))^(1/2)-arctanh(sin(x))*cos(x)*sin(2*x)^(1/2)/(cos(x)^3*sin(x ))^(1/2)
10_Timofeev_Problems	417	364	A	665	F	0	2^(1/4)*arccoth(1/2*cos(x)*(sin(x)+cos(x)*2^(1/2))*2^(1/4)/(cos(x)^3*sin(x))^(1/2))-2^(1/4)*arccoth(1/2*(2^(1/ 2)+tan(x))*2^(1/4)/tan(x)^(1/2))+2^(1/4)*arctan(1/2*cos(x)*(-sin(x)+cos(x)*2^(1/2))*2^(1/4)/(cos(x)^3*sin(x))^ (1/2))-2^(1/4)*arctan(1/2*(2^(1/2)-tan(x))*2^(1/4)/tan(x)^(1/2))-2*arccoth(1/2*cos(x)*(cos(x)+sin(x))*2^(1/2)/ (cos(x)^3*sin(x))^(1/2))*2^(1/2)-2*arctan(1/2*cos(x)*(cos(x)-sin(x))*2^(1/2)/(cos(x)^3*sin(x))^(1/2))*2^(1/2)+ 4*csc(x)*sec(x)*(cos(x)^3*sin(x))^(1/2)+1/4*csc(x)^2*ln(1+cos(x)^2)*sec(x)^2*(cos(x)^3*sin(x))^(1/2)*(cos(x)*s in(x)^3)^(1/2)+1/2*csc(x)^2*ln(sin(x))*sec(x)^2*(cos(x)^3*sin(x))^(1/2)*(cos(x)*sin(x)^3)^(1/2)+4/tan(x)^(1/2) -1/4*csc(x)^2*ln(1+cos(x)^2)*(cos(x)*sin(x)^3)^(1/2)*tan(x)^(1/2)+1/2*csc(x)^2*ln(sin(x))*(cos(x)*sin(x)^3)^(1 /2)*tan(x)^(1/2)
10_Timofeev_Problems	418	125	A	141	A	60	-9/10*sin(x)^4/(cos(x)^5*sin(x))^(2/3)-9/4*sec(x)^8*(cos(x)^5*sin(x))^(4/3)+3/2*(cos(x)^5*sin(x))^(1/3)*(sec(x )^6*tan(x))^(1/3)+3/4*(cos(x)^5*sin(x))^(1/3)*tan(x)^2*(sec(x)^6*tan(x))^(1/3)+3/14*(cos(x)^5*sin(x))^(1/3)*ta n(x)^4*(sec(x)^6*tan(x))^(1/3)
10_Timofeev_Problems	419	73	A	67	A	55	-5/24*cos(x)*(1+2*cos(x)^2)^(3/2)-1/6*cos(x)*(1+2*cos(x)^2)^(5/2)-5/32*arcsinh(cos(x)*2^(1/2))*2^(1/2)-5/16*co s(x)*(1+2*cos(x)^2)^(1/2)
10_Timofeev_Problems	420	69	A	69	A	53	625/32*arcsin(2/5*sin(x)*5^(1/2))+25/24*sin(x)*(5-4*sin(x)^2)^(3/2)+1/6*sin(x)*(5-4*sin(x)^2)^(5/2)+125/16*sin (x)*(5-4*sin(x)^2)^(1/2)
10_Timofeev_Problems	421	58	A	58	C	-	3/16*arctan(2*sin(x)/(-1-4*sin(x)^2)^(1/2))+1/4*sin(x)*(-1-4*sin(x)^2)^(3/2)-3/8*sin(x)*(-1-4*sin(x)^2)^(1/2)
10_Timofeev_Problems	422	55	A	55	A	43	1/10*cos(x)/(-2+7*cos(x)^2)^(5/2)-1/15*cos(x)/(-2+7*cos(x)^2)^(3/2)+1/15*cos(x)/(-2+7*cos(x)^2)^(1/2)
10_Timofeev_Problems	423	39	A	39	B	-	2/25*arcsin(1/2*sin(x)*10^(1/2))*5^(1/2)+1/10*sin(x)/(2-5*sin(x)^2)^(1/2)
10_Timofeev_Problems	424	48	A	48	A	69	-1/2*arcsin(2/3*cos(x))-55/27*cos(x)/(9-4*cos(x)^2)^(3/2)+295/243*cos(x)/(9-4*cos(x)^2)^(1/2)
10_Timofeev_Problems	425	49	A	49	B	-	-1/4/(-5+4*sin(x)^2)^(3/2)-5/8/(-5+4*sin(x)^2)^(1/2)+1/8*(-5+4*sin(x)^2)^(1/2)
10_Timofeev_Problems	426	111	A	119	C	-	2*arctan(cos(x)/(-5+sin(x)^2)^(1/2))-2*arctanh(sin(x)/(-5+sin(x)^2)^(1/2))-1/5*arctan(cos(x)*5^(1/2)/(-5+sin(x )^2)^(1/2))*5^(1/2)-2/5*arctan(1/5*(-5+sin(x)^2)^(1/2)*5^(1/2))*5^(1/2)+2*(-5+sin(x)^2)^(1/2)+2/5*(-5+sin(x)^2 )^(1/2)/sin(x)
10_Timofeev_Problems	427	112	A	112	F(-1)	-	3/4*arcsin(2/3*sin(x)*3^(1/2))-3/4*arctan(sin(x)/(-1+4*cos(x)^2)^(1/2))-3/4*arctan(sin(x)/(-1+8*cos(x)^2)^(1/2 ))+5/8*arcsin(2/7*sin(x)*14^(1/2))*2^(1/2)-1/2*sin(x)*(-1+4*cos(x)^2)^(1/2)-1/2*sin(x)*(-1+8*cos(x)^2)^(1/2)
10_Timofeev_Problems	428	33	A	33	A	25	5/36*(2-3*sin(x)^2)^(8/5)-20/117*(2-3*sin(x)^2)^(13/5)
10_Timofeev_Problems	429	33	A	33	B	-	1/4*arcsin(sin(x)*2^(1/2))*2^(1/2)+1/2*sin(x)*cos(2*x)^(1/2)
10_Timofeev_Problems	430	55	A	55	B	-	-1/4*cos(x)*cos(2*x)^(3/2)-3/16*arctanh(cos(x)*2^(1/2)/cos(2*x)^(1/2))*2^(1/2)+3/8*cos(x)*cos(2*x)^(1/2)
10_Timofeev_Problems	431	16	A	16	B	-	-1/3*cos(3*x)/cos(2*x)^(3/2)
10_Timofeev_Problems	432	49	A	49	F	0	-5/2*arctan(sin(x)/cos(2*x)^(1/2))+2*arcsin(sin(x)*2^(1/2))*2^(1/2)-1/2*sec(x)*cos(2*x)^(1/2)*tan(x)
10_Timofeev_Problems	433	87	A	91	B	-	-11/20*cos(x)/cos(2*x)^(3/2)-2/3*cos(x)^3/cos(2*x)^(3/2)+3/10*cos(x)*sin(x)^2/cos(2*x)^(5/2)-1/2*arctanh(cos(x )*2^(1/2)/cos(2*x)^(1/2))*2^(1/2)+63/20*cos(x)/cos(2*x)^(1/2)
10_Timofeev_Problems	434	68	A	68	F	0	8*arctan(2*tan(x)/(-1-5*tan(x)^2)^(1/2))-7/2*arctan(5^(1/2)*tan(x)/(-1-5*tan(x)^2)^(1/2))*5^(1/2)-5/2*(-1-5*ta n(x)^2)^(1/2)*tan(x)
10_Timofeev_Problems	435	40	A	40	F	0	1/8*arctan(2*tan(x)/(-1-5*tan(x)^2)^(1/2))-5/4*tan(x)/(-1-5*tan(x)^2)^(1/2)
10_Timofeev_Problems	436	94	A	94	F(-1)	-	-1/4*arctanh(2*tan(x)/(1+5*tan(x)^2)^(1/2))-1/4*cos(x)/(1+5*tan(x)^2)^(1/2)-5/2*cot(x)/(1+5*tan(x)^2)^(1/2)-1/ 8*cos(x)*(1+5*tan(x)^2)^(1/2)+9/2*cot(x)*(1+5*tan(x)^2)^(1/2)
10_Timofeev_Problems	437	39	A	39	B	-	-2/3*(4-cot(x)^2)^(1/2)*tan(x)-1/3*(4-cot(x)^2)^(1/2)*tan(x)^3
10_Timofeev_Problems	438	73	A	73	F	0	-1/18*arctanh(1/3*(5-4*sec(x)^2)^(1/2)*3^(1/2))*3^(1/2)-1/25*arctanh(1/5*(5-4*sec(x)^2)^(1/2)*5^(1/2))*5^(1/2) -2/15/(5-4*sec(x)^2)^(1/2)
10_Timofeev_Problems	439	57	A	57	A	47	-3/4*ln(tan(x))+3/8*ln(4+9*tan(x)^2)-1/4*cot(x)/(4+9*tan(x)^2)^(1/2)-7/8*tan(x)/(4+9*tan(x)^2)^(1/2)
10_Timofeev_Problems	440	66	A	66	F	0	-32*arctan(1/2*(1+5*tan(x)^2)^(1/2))+16*(1+5*tan(x)^2)^(1/2)-4/3*(1+5*tan(x)^2)^(3/2)+1/5*(1+5*tan(x)^2)^(5/2)
10_Timofeev_Problems	441	54	A	54	F	0	1/32*arctan(1/2*(1+5*tan(x)^2)^(1/2))+1/16/(1+5*tan(x)^2)^(1/2)-1/12/(1+5*tan(x)^2)^(3/2)
10_Timofeev_Problems	442	133	A	133	F	0	1/2*ln(cos(x))/(a^3-b^3)^(1/3)+3/4*ln((a^3-b^3)^(1/3)-(a^3+b^3*tan(x)^2)^(1/3))/(a^3-b^3)^(1/3)+1/2*arctan(1/3 *(1+2*(a^3+b^3*tan(x)^2)^(1/3)/(a^3-b^3)^(1/3))*3^(1/2))*3^(1/2)/(a^3-b^3)^(1/3)
10_Timofeev_Problems	443	69	A	69	F	0	2*ln(cos(x))+3*ln(2-(1-7*tan(x)^2)^(1/3))+2*arctan(1/3*(1+(1-7*tan(x)^2)^(1/3))*3^(1/2))*3^(1/2)+3/4*(1-7*tan( x)^2)^(2/3)
10_Timofeev_Problems	444	52	A	52	A	71	-arctan((a^4+b^4*csc(x)^2)^(1/4)/a)/a+arctanh((a^4+b^4*csc(x)^2)^(1/4)/a)/a
10_Timofeev_Problems	445	54	A	54	A	74	-arctan((a^4-b^4*csc(x)^2)^(1/4)/a)/a+arctanh((a^4-b^4*csc(x)^2)^(1/4)/a)/a
10_Timofeev_Problems	446	133	A	174	F(-1)	-	1/4*ln(sec(x)^2)-3/2*ln(1-(1-3*sec(x)^2)^(1/6))+1/3*ln(1-(1-3*sec(x)^2)^(1/2))-(1-3*sec(x)^2)^(1/6)-1/4*(1-3*s ec(x)^2)^(2/3)+arctan(1/3*(1+2*(1-3*sec(x)^2)^(1/6))*3^(1/2))*3^(1/2)+1/2/(1-(1-3*sec(x)^2)^(1/2))
10_Timofeev_Problems	447	100	B	-	F	0	2*arctanh(tan(x)/(tan(x)*tan(2*x))^(1/2))-11/8*arctanh(2^(1/2)*tan(x)/(tan(x)*tan(2*x))^(1/2))*2^(1/2)+3/4*tan (x)/(tan(x)*tan(2*x))^(1/2)+1/2*tan(x)/(tan(x)*tan(2*x))^(3/2)+2/3*tan(x)^3/(tan(x)*tan(2*x))^(3/2)
10_Timofeev_Problems	448	112	A	112	A	136	-3/a^3/n/(a^3-b^3*cos(x)^n)^(1/3)+1/2*ln(cos(x))/a^4-3/2*ln(a-(a^3-b^3*cos(x)^n)^(1/3))/a^4/n-arctan(1/3*(a+2* (a^3-b^3*cos(x)^n)^(1/3))/a*3^(1/2))*3^(1/2)/a^4/n
10_Timofeev_Problems	449	95	A	162	B	-	1/3*arctanh((1+2*cos(x)^9)^(1/6))-1/9*arctanh((1+2*cos(x)^9)^(1/2))-2/15*(1+2*cos(x)^9)^(5/6)+1/9*arctan(1/3*( 1-(1+2*cos(x)^9)^(1/3))/(1+2*cos(x)^9)^(1/6)*3^(1/2))*3^(1/2)
10_Timofeev_Problems	450	49	A	49	A	37	4/125/(2-5*sin(x)^3)^(1/3)+2/125*(2-5*sin(x)^3)^(2/3)-1/625*(2-5*sin(x)^3)^(5/3)
10_Timofeev_Problems	451	20	A	20	B	-	-3/32*(1+(1-8*tan(x)^2)^(1/3))^2
10_Timofeev_Problems	452	27	A	35	F	0	-ln(tan(x))+3/2*ln(1-(1-8*tan(x)^2)^(1/3))
10_Timofeev_Problems	453	101	A	126	A	100	2*(-1+5*sin(x)^2)^(1/4)-3/2*arctan(1/2*(-1+5*sin(x)^2)^(1/4)*2^(1/2))*2^(1/2)-1/4*arctanh(1/2*(-1+5*sin(x)^2)^ (1/4)*2^(1/2))*2^(1/2)-1/2*(-1+5*sin(x)^2)^(1/4)/(2+(-1+5*sin(x)^2)^(1/2))
10_Timofeev_Problems	454	25	A	25	F	0	-3/40*cos(2*x)^(5/3)-3/64*cos(2*x)^(8/3)
10_Timofeev_Problems	455	102	A	154	F	0	7/4*cos(2*x)^(1/4)-1/5*cos(2*x)^(5/4)+1/36*cos(2*x)^(9/4)+1/2*arctan(1/2*(1-cos(2*x)^(1/2))/cos(2*x)^(1/4)*2^( 1/2))*2^(1/2)-1/2*arctanh(1/2*(1+cos(2*x)^(1/2))/cos(2*x)^(1/4)*2^(1/2))*2^(1/2)
10_Timofeev_Problems	456	17	A	18	B	-	-arctanh(tan(x)/(tan(x)*tan(2*x))^(1/2))
10_Timofeev_Problems	457	32	A	32	F(-2)	0	arctan(2^(1/2)*tan(x)/(1-tan(x)^2)^(1/2))-1/2*arcsin(tan(x))*2^(1/2)
10_Timofeev_Problems	458	31	A	31	A	27	-1/20/x^4+1/50/x^2+1/125*ln(x)-1/250*ln(x^2+5)
10_Timofeev_Problems	459	39	A	39	A	30	-1/25/x^5+1/75/x^3-1/125/x-1/625*arctan(1/5*x*5^(1/2))*5^(1/2)
10_Timofeev_Problems	460	58	A	58	A	46	1/24/(-x^2+4)^3+1/64/(-x^2+4)^2+1/128/(-x^2+4)+1/256*ln(x)-1/512*ln(-x^2+4)
10_Timofeev_Problems	461	52	A	52	A	33	-1/6/(x^2-2)^(3/2)+1/8*arctan(1/2*(x^2-2)^(1/2)*2^(1/2))*2^(1/2)+1/4/(x^2-2)^(1/2)
10_Timofeev_Problems	462	61	A	61	A	42	-10/3*(x^2-10)^(3/2)+1/5*(x^2-10)^(5/2)-100*arctan(1/10*(x^2-10)^(1/2)*10^(1/2))*10^(1/2)+100*(x^2-10)^(1/2)
10_Timofeev_Problems	463	16	A	16	A	14	1/2*x^(2+2*n)/(1+n)
10_Timofeev_Problems	464	46	A	46	A	35	1/2*x^2-125/4/(-x^2+5)^2+75/2/(-x^2+5)+15/2*ln(-x^2+5)
10_Timofeev_Problems	465	40	A	40	A	36	1/8/(-x^2+1)^4+1/3/(-x^2+1)^3-3/4/(-x^2+1)^2
10_Timofeev_Problems	466	27	A	27	A	19	-7/23*(x^2+1)^(23/14)+7/37*(x^2+1)^(37/14)
10_Timofeev_Problems	467	38	A	38	A	28	-48/7/(x^2-4)^(7/6)-24/(x^2-4)^(1/6)+3/5*(x^2-4)^(5/6)
10_Timofeev_Problems	468	33	A	33	A	25	1/3*x/(2*x^2+1)^(3/2)+2/3*x/(2*x^2+1)^(1/2)
10_Timofeev_Problems	469	43	A	43	A	51	1/6*(1-x)/(x^2-2*x-1)^(3/2)+1/6*(-1+x)/(x^2-2*x-1)^(1/2)
10_Timofeev_Problems	470	47	A	47	A	35	1/24/x^3/(x^2-8)^(1/2)+1/48/x/(x^2-8)^(1/2)-1/192*x/(x^2-8)^(1/2)
10_Timofeev_Problems	471	28	A	28	A	16	-15/2/x^(10/3)-15/2/x^(4/3)+3/2*x^(2/3)
10_Timofeev_Problems	472	52	A	52	A	53	-1/6/x^6+3/4/x^4-3/x^2-1/4/(x^2+1)^2-2/(x^2+1)-10*ln(x)+5*ln(x^2+1)
10_Timofeev_Problems	473	25	A	25	F	0	-9/10*(1+2/x^2)^(7/9)*x/(x^2+2)^(1/2)
10_Timofeev_Problems	474	50	A	50	B	-	1/70*x^5*10^(1/2)/(-x^2+10^(1/2))^(7/2)+1/175*x^5/(-x^2+10^(1/2))^(5/2)
10_Timofeev_Problems	475	24	A	24	A	21	-arcsin(1/3*x*3^(1/2))+x/(-x^2+3)^(1/2)
10_Timofeev_Problems	476	40	A	40	A	45	-1/3*(-x^2+25)^(3/2)/x^3+arcsin(1/5*x)+(-x^2+25)^(1/2)/x
10_Timofeev_Problems	477	49	A	49	A	37	1/5*x/(-2*x^2+1)^(5/2)+4/15*x/(-2*x^2+1)^(3/2)+8/15*x/(-2*x^2+1)^(1/2)
10_Timofeev_Problems	478	47	A	47	A	59	1/6*(-3+x)/(-x^2+6*x-7)^(3/2)+1/6*(-3+x)/(-x^2+6*x-7)^(1/2)
10_Timofeev_Problems	479	36	A	36	A	32	x-3*x^2+2*x^3+4*x^4-12/5*x^5-4*x^6-8/7*x^7
10_Timofeev_Problems	480	39	A	39	A	29	-x+3/2*x^2+11/3*x^3-3/4*x^4-11/5*x^5+5/6*x^6
10_Timofeev_Problems	481	47	A	47	A	59	1/6*(1-2*x)/(2*x^2-8*x+1)^(3/2)-2/21*(2-x)/(2*x^2-8*x+1)^(1/2)
10_Timofeev_Problems	482	45	A	45	B	-	-4/15*(1+x)/(-4*x^2+2*x+1)^(3/2)+1/75*(-7-122*x)/(-4*x^2+2*x+1)^(1/2)
10_Timofeev_Problems	483	83	A	83	A	55	16/15*x*cos(x)+8/45*x*cos(x)^3+2/25*x*cos(x)^5-298/225*sin(x)+8/15*x^2*sin(x)+4/15*x^2*cos(x)^2*sin(x)+1/5*x^2 *cos(x)^4*sin(x)+76/675*sin(x)^3-2/125*sin(x)^5
10_Timofeev_Problems	484	73	A	73	A	49	40/9*x*cos(x)-2/3*x^3*cos(x)-40/9*sin(x)+2*x^2*sin(x)+2/9*x*cos(x)*sin(x)^2-1/3*x^3*cos(x)*sin(x)^2-2/27*sin(x )^3+1/3*x^2*sin(x)^3
10_Timofeev_Problems	485	105	A	105	A	66	-245/1152*x+5/48*x^3+245/1152*cos(x)*sin(x)-5/16*x^2*cos(x)*sin(x)+5/16*x*sin(x)^2+65/1728*cos(x)*sin(x)^3-5/2 4*x^2*cos(x)*sin(x)^3+5/48*x*sin(x)^4+1/108*cos(x)*sin(x)^5-1/6*x^2*cos(x)*sin(x)^5+1/18*x*sin(x)^6
10_Timofeev_Problems	486	44	A	44	A	35	4/9*x*cos(x)-4/9*sin(x)+2/9*x*cos(x)*sin(x)^2-2/27*sin(x)^3+1/3*x^2*sin(x)^3
10_Timofeev_Problems	487	33	A	33	F(-2)	0	-3/4*x^2-1/4*cos(x)^2-x*cot(x)+ln(sin(x))-1/2*x*cos(x)*sin(x)
10_Timofeev_Problems	488	30	A	30	B	-	5/6*arctanh(sin(x))-x*sec(x)+1/3*x*sec(x)^3-1/6*sec(x)*tan(x)
10_Timofeev_Problems	489	16	A	16	B	-	1/2*x*sec(x)^2-1/2*tan(x)
10_Timofeev_Problems	490	62	A	62	A	66	1/4*x+1/2*I*x^2-x*ln(1+exp(2*I*x))+1/2*I*polylog(2,-exp(2*I*x))-1/4*cos(x)*sin(x)-1/2*x*sin(x)^2
10_Timofeev_Problems	491	59	A	59	B	-	1/2*x-1/2*I*x^2+x*ln(1+exp(2*I*x))-1/2*I*polylog(2,-exp(2*I*x))-1/2*tan(x)+1/2*x*tan(x)^2
10_Timofeev_Problems	492	12	A	12	B	-	2/(1+cot(x)/x)
10_Timofeev_Problems	493	20	A	20	B	-	-cot(x)+x*csc(x)/(x*cos(x)-sin(x))
10_Timofeev_Problems	494	22	A	22	F(-2)	0	a^(m*x)*b^(n*x)/(m*ln(a)+n*ln(b))
10_Timofeev_Problems	495	34	A	41	F(-2)	0	-2*x+(a^x/(b^x)-b^x/(a^x))/(ln(a)-ln(b))
10_Timofeev_Problems	496	9	A	9	A	7	exp(-x)+exp(x)
10_Timofeev_Problems	497	22	A	22	A	16	-1/2/exp(2*x)+1/2*exp(2*x)-2*x
10_Timofeev_Problems	498	31	A	31	A	23	1/3/exp(3*x)-3/exp(x)-3*exp(x)+1/3*exp(3*x)
10_Timofeev_Problems	499	36	A	36	A	28	-1/4/exp(4*x)+2/exp(2*x)-2*exp(2*x)+1/4*exp(4*x)+6*x
10_Timofeev_Problems	500	48	A	52	F	0	-(-1/exp(x)+exp(x))^n*(1-exp(2*x))*hypergeom([1, 1+1/2*n],[1-1/2*n],exp(2*x))/n
10_Timofeev_Problems	501	43	A	43	A	41	3*x-1/12/(a^(12*x))/ln(a)+1/2/(a^(6*x))/ln(a)-1/6*a^(6*x)/ln(a)
10_Timofeev_Problems	502	27	A	27	A	27	a^(k*x)/k/ln(a)+a^(l*x)/l/ln(a)
10_Timofeev_Problems	503	53	A	53	A	51	1/2*a^(2*k*x)/k/ln(a)+1/2*a^(2*l*x)/l/ln(a)+2*a^((k+l)*x)/(k+l)/ln(a)
10_Timofeev_Problems	504	79	A	79	A	77	1/3*a^(3*k*x)/k/ln(a)+1/3*a^(3*l*x)/l/ln(a)+3*a^((2*k+l)*x)/(2*k+l)/ln(a)+3*a^((k+2*l)*x)/(k+2*l)/ln(a)
10_Timofeev_Problems	505	98	A	98	A	99	1/4*a^(4*k*x)/k/ln(a)+1/4*a^(4*l*x)/l/ln(a)+3*a^(2*(k+l)*x)/(k+l)/ln(a)+4*a^((3*k+l)*x)/(3*k+l)/ln(a)+4*a^((k+ 3*l)*x)/(k+3*l)/ln(a)
10_Timofeev_Problems	506	72	A	80	F	0	(1+a^((k-l)*x))*(a^(k*x)+a^(l*x))^n*hypergeom([1, 1+k*n/(k-l)],[1+l*n/(k-l)],-a^((k-l)*x))/l/n/ln(a)
10_Timofeev_Problems	507	28	A	28	A	28	a^(k*x)/k/ln(a)-a^(l*x)/l/ln(a)
10_Timofeev_Problems	508	53	A	53	A	51	1/2*a^(2*k*x)/k/ln(a)+1/2*a^(2*l*x)/l/ln(a)-2*a^((k+l)*x)/(k+l)/ln(a)
10_Timofeev_Problems	509	79	A	79	A	77	1/3*a^(3*k*x)/k/ln(a)-1/3*a^(3*l*x)/l/ln(a)-3*a^((2*k+l)*x)/(2*k+l)/ln(a)+3*a^((k+2*l)*x)/(k+2*l)/ln(a)
10_Timofeev_Problems	510	98	A	98	A	99	1/4*a^(4*k*x)/k/ln(a)+1/4*a^(4*l*x)/l/ln(a)+3*a^(2*(k+l)*x)/(k+l)/ln(a)-4*a^((3*k+l)*x)/(3*k+l)/ln(a)-4*a^((k+ 3*l)*x)/(k+3*l)/ln(a)
10_Timofeev_Problems	511	74	A	82	F	0	(1-a^((k-l)*x))*(a^(k*x)-a^(l*x))^n*hypergeom([1, 1+k*n/(k-l)],[1+l*n/(k-l)],a^((k-l)*x))/l/n/ln(a)
10_Timofeev_Problems	512	15	A	15	A	15	x+a^(m*x)/m/ln(a)
10_Timofeev_Problems	513	33	A	33	A	31	x+2*a^(m*x)/m/ln(a)+1/2*a^(2*m*x)/m/ln(a)
10_Timofeev_Problems	514	50	A	50	A	46	x+3*a^(m*x)/m/ln(a)+3/2*a^(2*m*x)/m/ln(a)+1/3*a^(3*m*x)/m/ln(a)
10_Timofeev_Problems	515	65	A	65	A	61	x+4*a^(m*x)/m/ln(a)+3*a^(2*m*x)/m/ln(a)+4/3*a^(3*m*x)/m/ln(a)+1/4*a^(4*m*x)/m/ln(a)
10_Timofeev_Problems	516	40	A	40	F	0	-(1+a^(m*x))^(1+n)*hypergeom([1, 1+n],[2+n],1+a^(m*x))/m/(1+n)/ln(a)
10_Timofeev_Problems	517	16	A	16	A	16	x-a^(m*x)/m/ln(a)
10_Timofeev_Problems	518	33	A	33	A	31	x-2*a^(m*x)/m/ln(a)+1/2*a^(2*m*x)/m/ln(a)
10_Timofeev_Problems	519	50	A	50	A	46	x-3*a^(m*x)/m/ln(a)+3/2*a^(2*m*x)/m/ln(a)-1/3*a^(3*m*x)/m/ln(a)
10_Timofeev_Problems	520	65	A	65	A	61	x-4*a^(m*x)/m/ln(a)+3*a^(2*m*x)/m/ln(a)-4/3*a^(3*m*x)/m/ln(a)+1/4*a^(4*m*x)/m/ln(a)
10_Timofeev_Problems	521	44	A	44	F	0	-(1-a^(m*x))^(1+n)*hypergeom([1, 1+n],[2+n],1-a^(m*x))/m/(1+n)/ln(a)
10_Timofeev_Problems	522	24	A	24	A	23	x/b-ln(b+a*exp(n*x))/b/n
10_Timofeev_Problems	523	100	A	123	A	100	1/2*ln(b^(1/3)+a^(1/3)*exp(x))/a^(1/3)/b^(2/3)-1/6*ln(b+a*exp(3*x))/a^(1/3)/b^(2/3)-1/3*arctan(1/3*(b^(1/3)-2* a^(1/3)*exp(x))/b^(1/3)*3^(1/2))/a^(1/3)/b^(2/3)*3^(1/2)
10_Timofeev_Problems	524	12	A	12	A	11	-x+2*ln(1+exp(x))
10_Timofeev_Problems	525	47	A	47	A	37	1/12*ln(1-2*exp(2*x)+3*exp(4*x))-1/12*arctan(1/2*(1-3*exp(2*x))*2^(1/2))*2^(1/2)
10_Timofeev_Problems	526	39	A	39	A	28	exp(x)+1/2*exp(2*x)-arctan(exp(x))+ln(1-exp(x))-1/2*ln(1+exp(2*x))
10_Timofeev_Problems	527	30	A	30	A	32	(a+b*exp(n*x))^((r+s)/s)*s/b/n/(r+s)
10_Timofeev_Problems	528	54	A	54	A	56	12*(1-2*exp(1/3*x))^(1/4)-6*arctan((1-2*exp(1/3*x))^(1/4))-6*arctanh((1-2*exp(1/3*x))^(1/4))
10_Timofeev_Problems	529	59	A	59	F	0	-(a+b*exp(n*x))^((r+s)/s)*s*hypergeom([1, (r+s)/s],[2+r/s],1+b*exp(n*x)/a)/a/n/(r+s)
10_Timofeev_Problems	530	18	A	18	A	7	arctanh(exp(x)/(a^2+exp(2*x))^(1/2))
10_Timofeev_Problems	531	20	A	20	A	20	arctanh(exp(x)/(-a^2+exp(2*x))^(1/2))
10_Timofeev_Problems	532	40	A	40	A	39	2/3*arctanh(1/4*(2-5*exp(3/4*x))/(-2+exp(3/4*x)+exp(3/2*x))^(1/2))
10_Timofeev_Problems	533	37	A	57	F	0	1/6*(-3+exp(7*x))^(5/3)*hypergeom([1, 29/21],[5/7],1/3*exp(7*x))/exp(2*x)
10_Timofeev_Problems	534	73	A	73	A	49	-216*(3-exp(1/2*x))^(1/4)+216/5*(3-exp(1/2*x))^(5/4)-8*(3-exp(1/2*x))^(9/4)+8/13*(3-exp(1/2*x))^(13/4)
10_Timofeev_Problems	535	44	A	44	A	19	-96/exp(1/2*x)-48*x/exp(1/2*x)-12*x^2/exp(1/2*x)-2*x^3/exp(1/2*x)
10_Timofeev_Problems	536	39	A	39	A	7	-1/2/exp(1/2*x)/x^2+1/4/exp(1/2*x)/x+1/8*Ei(-1/2*x)
10_Timofeev_Problems	537	44	A	44	A	27	2/27*a^(3*x)/ln(a)^3-2/9*a^(3*x)*x/ln(a)^2+1/3*a^(3*x)*x^2/ln(a)
10_Timofeev_Problems	538	12	A	12	A	18	1/2*exp(x^2)*x^2
10_Timofeev_Problems	539	32	A	32	A	25	1/2*x-1/2*x/(1+exp(2*x))-1/4*ln(1+exp(2*x))
10_Timofeev_Problems	540	15	A	15	A	21	exp(x)*(-x^2+1)^(1/2)
10_Timofeev_Problems	541	27	A	27	A	19	-3/13*cos(2*x)/exp(3*x)+2/13*sin(2*x)/exp(3*x)
10_Timofeev_Problems	542	35	A	35	A	39	-30/13*cos(1/2*x)/exp(x)^(1/3)+6/13*sin(1/2*x)/exp(x)^(1/3)
10_Timofeev_Problems	543	57	A	57	A	31	-4/3*cos(3/2*x)*ln(3)/(3^(3*x))^(1/4)/(4+ln(3)^2)+8/3*sin(3/2*x)/(3^(3*x))^(1/4)/(4+ln(3)^2)
10_Timofeev_Problems	544	54	A	54	A	45	2*exp(m*x)/m/(m^2+4)+exp(m*x)*m*cos(x)^2/(m^2+4)+2*exp(m*x)*cos(x)*sin(x)/(m^2+4)
10_Timofeev_Problems	545	82	A	82	A	73	-6*exp(m*x)*cos(x)/(m^4+10*m^2+9)+6*exp(m*x)*m*sin(x)/(m^4+10*m^2+9)-3*exp(m*x)*cos(x)*sin(x)^2/(m^2+9)+exp(m* x)*m*sin(x)^3/(m^2+9)
10_Timofeev_Problems	546	79	A	79	A	27	-48/65*cos(1/3*x)/exp(x)^(1/2)-2/5*cos(1/3*x)^3/exp(x)^(1/2)+32/65*sin(1/3*x)/exp(x)^(1/2)+4/5*cos(1/3*x)^2*si n(1/3*x)/exp(x)^(1/2)
10_Timofeev_Problems	547	36	A	36	A	27	1/16*exp(2*x)-1/80*exp(2*x)*cos(4*x)-1/40*exp(2*x)*sin(4*x)
10_Timofeev_Problems	548	36	A	36	A	27	1/24*exp(3*x)-1/120*exp(3*x)*cos(6*x)-1/60*exp(3*x)*sin(6*x)
10_Timofeev_Problems	549	58	A	85	F	0	-exp(m*x)/m+4*exp((2*I+m)*x)*hypergeom([2, 1-1/2*I*m],[2-1/2*I*m],-exp(2*I*x))/(2*I+m)
10_Timofeev_Problems	550	45	A	45	F	0	-4*exp((2*I+m)*x)*hypergeom([2, 1-1/2*I*m],[2-1/2*I*m],exp(2*I*x))/(2*I+m)
10_Timofeev_Problems	551	51	A	77	F	0	8*exp((3*I+m)*x)*hypergeom([3, 3/2-1/2*I*m],[5/2-1/2*I*m],-exp(2*I*x))/(3*I+m)
10_Timofeev_Problems	552	28	A	28	F	0	(1-I)*exp((1+I)*x)*hypergeom([2, 1-I],[2-I],-exp(I*x))
10_Timofeev_Problems	553	26	A	26	F	0	(-1+I)*exp((1+I)*x)*hypergeom([2, 1-I],[2-I],exp(I*x))
10_Timofeev_Problems	554	30	A	30	F	0	(-1+I)*exp((1-I)*x)*hypergeom([2, 1+I],[2+I],-I/exp(I*x))
10_Timofeev_Problems	555	30	A	30	F	0	(1+I)*exp((1+I)*x)*hypergeom([2, 1-I],[2-I],-I*exp(I*x))
10_Timofeev_Problems	556	15	A	15	A	22	-exp(x)*sin(x)/(1-cos(x))
10_Timofeev_Problems	557	41	A	45	F	0	(-2+2*I)*exp((1+I)*x)*hypergeom([2, 1-I],[2-I],exp(I*x))+exp(x)*sin(x)/(1-cos(x))
10_Timofeev_Problems	558	12	A	12	A	22	exp(x)*sin(x)/(cos(x)+1)
10_Timofeev_Problems	559	42	A	44	F	0	(2-2*I)*exp((1+I)*x)*hypergeom([2, 1-I],[2-I],-exp(I*x))-exp(x)*sin(x)/(cos(x)+1)
10_Timofeev_Problems	560	46	A	48	F	0	(2+2*I)*exp((1+I)*x)*hypergeom([2, 1-I],[2-I],-I*exp(I*x))-exp(x)*cos(x)/(1-sin(x))
10_Timofeev_Problems	561	14	A	14	A	22	exp(x)*cos(x)/(1-sin(x))
10_Timofeev_Problems	562	43	A	47	F	0	(-2-2*I)*exp((1+I)*x)*hypergeom([2, 1-I],[2-I],I*exp(I*x))+exp(x)*cos(x)/(1+sin(x))
10_Timofeev_Problems	563	13	A	13	A	22	-exp(x)*cos(x)/(1+sin(x))
10_Timofeev_Problems	564	30	A	30	A	17	1/2*exp(x)*x*cos(x)-1/2*exp(x)*sin(x)+1/2*exp(x)*x*sin(x)
10_Timofeev_Problems	565	50	A	50	A	26	-1/2*exp(x)*cos(x)+exp(x)*x*cos(x)-1/2*exp(x)*x^2*cos(x)-1/2*exp(x)*sin(x)+1/2*exp(x)*x^2*sin(x)
10_Timofeev_Problems	566	75	A	75	A	33	-13/250*cos(x)/exp(3*x)-3/25*x*cos(x)/exp(3*x)-1/10*x^2*cos(x)/exp(3*x)-9/250*sin(x)/exp(3*x)-4/25*x*sin(x)/ex p(3*x)-3/10*x^2*sin(x)/exp(3*x)
10_Timofeev_Problems	567	187	A	253	A	77	-132/125*exp(1/2*x)*cos(x)+18/25*exp(1/2*x)*x*cos(x)+48/185*exp(1/2*x)*x^2*cos(x)+2/37*exp(1/2*x)*x^2*cos(x)^3 -428/50653*exp(1/2*x)*cos(3*x)+70/1369*exp(1/2*x)*x*cos(3*x)-24/125*exp(1/2*x)*sin(x)-24/25*exp(1/2*x)*x*sin(x )+96/185*exp(1/2*x)*x^2*sin(x)+12/37*exp(1/2*x)*x^2*cos(x)^2*sin(x)-792/50653*exp(1/2*x)*sin(3*x)-24/1369*exp( 1/2*x)*x*sin(3*x)
10_Timofeev_Problems	568	87	A	87	A	41	1/250*exp(2*x)*cos(4*x)+2/25*exp(2*x)*x*cos(4*x)-1/5*exp(2*x)*x^2*cos(4*x)-11/500*exp(2*x)*sin(4*x)+3/50*exp(2 *x)*x*sin(4*x)+1/10*exp(2*x)*x^2*sin(4*x)
10_Timofeev_Problems	569	185	A	185	A	77	-44/125*exp(1/2*x)*cos(x)+6/25*exp(1/2*x)*x*cos(x)+1/10*exp(1/2*x)*x^2*cos(x)+428/50653*exp(1/2*x)*cos(3*x)-70 /1369*exp(1/2*x)*x*cos(3*x)-1/74*exp(1/2*x)*x^2*cos(3*x)-8/125*exp(1/2*x)*sin(x)-8/25*exp(1/2*x)*x*sin(x)+1/5* exp(1/2*x)*x^2*sin(x)+792/50653*exp(1/2*x)*sin(3*x)+24/1369*exp(1/2*x)*x*sin(3*x)-3/37*exp(1/2*x)*x^2*sin(3*x)
10_Timofeev_Problems	570	2	A	2	A	2	sinh(x)
10_Timofeev_Problems	571	2	A	2	A	2	cosh(x)
10_Timofeev_Problems	572	3	A	3	A	3	ln(cosh(x))
10_Timofeev_Problems	573	3	A	3	A	3	ln(sinh(x))
10_Timofeev_Problems	574	3	A	3	A	3	arctan(sinh(x))
10_Timofeev_Problems	575	5	A	5	A	5	-arctanh(cosh(x))
10_Timofeev_Problems	576	14	A	14	A	16	1/2*x+1/2*cosh(x)*sinh(x)
10_Timofeev_Problems	577	19	A	19	B	-	cosh(x)-2/3*cosh(x)^3+1/5*cosh(x)^5
10_Timofeev_Problems	578	14	A	14	B	-	x-tanh(x)-1/3*tanh(x)^3
10_Timofeev_Problems	579	16	A	16	B	-	1/2*arctanh(cosh(x))-1/2*coth(x)*csch(x)
10_Timofeev_Problems	580	26	A	26	B	-	3/8*arctan(sinh(x))+3/8*sech(x)*tanh(x)+1/4*sech(x)^3*tanh(x)
10_Timofeev_Problems	581	18	A	18	B	-	-cosh(x)^2+1/4*cosh(x)^4+ln(cosh(x))
10_Timofeev_Problems	582	31	A	31	F	0	-4/3*sech(x)^(3/4)+8/11*sech(x)^(11/4)-4/19*sech(x)^(19/4)
10_Timofeev_Problems	583	41	A	42	F(-2)	0	2*arctanh((a-b)*tanh(1/2*x)/(a^2-b^2)^(1/2))/(a^2-b^2)^(1/2)
10_Timofeev_Problems	584	25	A	25	B	-	1/3*sinh(x)/(1+cosh(x))^2+1/3*sinh(x)/(1+cosh(x))
10_Timofeev_Problems	585	39	A	39	A	41	a*x/(a^2-b^2)-b*ln(a*cosh(x)+b*sinh(x))/(a^2-b^2)
10_Timofeev_Problems	586	31	A	31	B	-	arctanh(a*tanh(x)/(a^2+b^2)^(1/2))/a/(a^2+b^2)^(1/2)
10_Timofeev_Problems	587	35	A	35	F(-2)	0	arctanh(a*tanh(x)/(a^2-b^2)^(1/2))/a/(a^2-b^2)^(1/2)
10_Timofeev_Problems	588	25	A	25	B	-	1/4*arctanh(2^(1/2)*tanh(x))*2^(1/2)+1/2*tanh(x)
10_Timofeev_Problems	589	33	A	33	B	-	-4/9*arctan(1/3*(1-2*tanh(x))*3^(1/2))*3^(1/2)-1/3/(1+tanh(x))
10_Timofeev_Problems	590	30	A	30	A	42	1/4*x+1/8*sinh(2*x)+1/16*sinh(4*x)+1/24*sinh(6*x)
10_Timofeev_Problems	591	30	A	30	A	42	-1/4*x+1/8*sinh(2*x)-1/12*sinh(3*x)+1/20*sinh(5*x)
10_Timofeev_Problems	592	69	A	102	F	0	1/6*arctan(sinh(x)/sinh(2*x)^(1/2))+arctan(sech(x)*(cosh(x)*sinh(x))^(1/2))*2^(1/2)-1/3*arctanh(sech(x)*(cosh( x)*sinh(x))^(1/2))*2^(1/2)+cosh(x)/sinh(2*x)^(1/2)
10_Timofeev_Problems	593	37	A	37	B	-	-1/27*cosh(x)/(-9+4*cosh(x)^2)^(3/2)+2/243*cosh(x)/(-9+4*cosh(x)^2)^(1/2)
10_Timofeev_Problems	594	29	A	29	B	-	2/(1-sinh(x)^2)^(1/2)+2*(1-sinh(x)^2)^(1/2)
10_Timofeev_Problems	595	15	A	15	F	0	1/2*arcsinh(sinh(x)*2^(1/2))*2^(1/2)
10_Timofeev_Problems	596	16	A	16	B	-	1/2*x^2+ln(cosh(x))-x*tanh(x)
10_Timofeev_Problems	597	16	A	16	B	-	1/2*x^2-x*coth(x)+ln(sinh(x))
10_Timofeev_Problems	598	20	A	20	A	13	-exp(x)+1/2*exp(2*x)+exp(x)*x
10_Timofeev_Problems	599	15	A	15	B	-	x-(1-x)*tanh(1/2*x)
10_Timofeev_Problems	600	20	A	20	A	22	8/3*exp(6*x)/(1-exp(2*x))^3
10_Timofeev_Problems	601	13	A	13	B	-	-8/3/(1+exp(2*x))^3
10_Timofeev_Problems	602	9	A	9	A	6	1/2*exp(2*x)
10_Timofeev_Problems	603	13	A	19	F(-2)	0	exp((-1+m)*x)/(-1+m)
10_Timofeev_Problems	604	1	A	1	A	1	x
10_Timofeev_Problems	605	22	A	22	A	16	-2/(1-exp(x))-2*ln(1-exp(x))
10_Timofeev_Problems	606	13	A	13	A	11	exp(x)+2/(1+exp(x))
10_Timofeev_Problems	607	15	A	15	A	11	exp(x)-2/(1-exp(x))
10_Timofeev_Problems	608	26	A	26	A	26	-x^(1+m)/(1+m)^2+x^(1+m)*ln(x)/(1+m)
10_Timofeev_Problems	609	42	A	42	A	42	2*x^(1+m)/(1+m)^3-2*x^(1+m)*ln(x)/(1+m)^2+x^(1+m)*ln(x)^2/(1+m)
10_Timofeev_Problems	610	34	A	34	A	22	-16/27/x^(3/2)-8/9*ln(x)/x^(3/2)-2/3*ln(x)^2/x^(3/2)
10_Timofeev_Problems	611	28	A	28	A	25	-a*x-1/4*b*x^2+a*x*ln(x)+1/2*b*x^2*ln(x)
10_Timofeev_Problems	612	67	A	67	A	69	-a^3*x-3/4*a^2*b*x^2-1/3*a*b^2*x^3-1/16*b^3*x^4-1/4*a^4*ln(x)/b+1/4*(b*x+a)^4*ln(x)/b
10_Timofeev_Problems	613	23	A	23	A	36	-35*x+34*x*ln(x)-17*x*ln(x)^2+3*x*ln(x)^3
10_Timofeev_Problems	614	60	A	60	A	66	-3*x+169/625*x^5+4*x*ln(x)-44/125*x^5*ln(x)-3*x*ln(x)^2-3/25*x^5*ln(x)^2+x*ln(x)^3+1/5*x^5*ln(x)^3
10_Timofeev_Problems	615	43	A	43	A	8	-4/3*Ei(-2*ln(x))-1/3/x^2/ln(x)^3+1/3/x^2/ln(x)^2-2/3/x^2/ln(x)
10_Timofeev_Problems	616	29	A	29	A	25	ln(x)*ln(1+b*x/a)/b+polylog(2,-b*x/a)/b
10_Timofeev_Problems	617	29	A	29	A	38	x*ln(x)/a/(b*x+a)-ln(b*x+a)/a/b
10_Timofeev_Problems	618	12	A	12	A	12	ln(x)^(1+n)/(1+n)
10_Timofeev_Problems	619	19	A	19	A	19	(a+b*ln(x))^(1+n)/b/(1+n)
10_Timofeev_Problems	620	11	A	11	A	11	ln(a+b*ln(x))/b
10_Timofeev_Problems	621	23	A	23	F(-2)	0	(a+b*ln(x))^(1-n)/b/(1-n)
10_Timofeev_Problems	622	16	A	16	A	7	arctanh(ln(x)/(a^2+ln(x)^2)^(1/2))
10_Timofeev_Problems	623	18	A	18	A	20	arctanh(ln(x)/(-a^2+ln(x)^2)^(1/2))
10_Timofeev_Problems	624	18	A	18	A	7	arctan(ln(x)/(a^2-ln(x)^2)^(1/2))
10_Timofeev_Problems	625	22	A	22	A	13	-arctanh((a^2+ln(x)^2)^(1/2)/a)/a
10_Timofeev_Problems	626	24	A	24	A	37	-arctanh((a^2-ln(x)^2)^(1/2)/a)/a
10_Timofeev_Problems	627	23	A	23	A	13	arctan((-a^2+ln(x)^2)^(1/2)/a)/a
10_Timofeev_Problems	628	11	A	11	A	11	-ln(x)+ln(x)*ln(ln(x))
10_Timofeev_Problems	629	20	A	20	A	15	2*ln(x)-2*ln(x)*ln(ln(x))+ln(x)*ln(ln(x))^2
10_Timofeev_Problems	630	29	A	29	A	22	-6*ln(x)+6*ln(x)*ln(ln(x))-3*ln(x)*ln(ln(x))^2+ln(x)*ln(ln(x))^3
10_Timofeev_Problems	631	38	A	38	A	29	24*ln(x)-24*ln(x)*ln(ln(x))+12*ln(x)*ln(ln(x))^2-4*ln(x)*ln(ln(x))^3+ln(x)*ln(ln(x))^4
10_Timofeev_Problems	632	24	A	24	A	29	GAMMA(1+n,-ln(ln(x)))*ln(ln(x))^n/((-ln(ln(x)))^n)
10_Timofeev_Problems	633	4	A	4	A	4	ln(ln(sin(x)))
10_Timofeev_Problems	634	7	A	7	A	9	-cos(x)+sec(x)
10_Timofeev_Problems	635	11	A	11	A	11	-cosh(x)+cosh(x)*ln(cosh(x))
10_Timofeev_Problems	636	9	A	9	A	7	1/2*ln(cosh(x))^2
10_Timofeev_Problems	637	26	A	26	F	0	x*ln(x-(x^2+1)^(1/2))+(x^2+1)^(1/2)
10_Timofeev_Problems	638	35	A	35	A	25	1/2/x+1/2*ln(1-x)-1/2*ln(-1+x)/x^2-1/2*ln(x)
10_Timofeev_Problems	639	32	A	32	A	20	-2*exp(x)+ln(1+exp(2*x))/exp(x)+exp(x)*ln(1+exp(2*x))
10_Timofeev_Problems	640	52	A	52	A	42	-4/3*exp(1/2*x)-4/9*exp(3/2*x)+4/3*arctanh(exp(1/2*x))+2/3*exp(3/2*x)*ln(-1+exp(x))
10_Timofeev_Problems	641	30	A	30	A	25	-sin(x)+ln(sin(x))*sin(x)+1/9*sin(x)^3-1/3*ln(sin(x))*sin(x)^3
10_Timofeev_Problems	642	30	A	30	A	25	-tan(x)+ln(tan(x))*tan(x)-1/9*tan(x)^3+1/3*ln(tan(x))*tan(x)^3
10_Timofeev_Problems	643	28	A	28	B	-	-1/2*x+ln(cos(1/2*x))*sin(x)/(cos(x)+1)+tan(1/2*x)
10_Timofeev_Problems	644	60	A	60	A	86	-2/3*x-1/9*sin(x)/(cos(x)+1)^2+8/9*sin(x)/(cos(x)+1)-1/3*ln(sin(x))*sin(x)/(cos(x)+1)^2+2/3*ln(sin(x))*sin(x)/ (cos(x)+1)
10_Timofeev_Problems	645	65	A	65	A	51	-1/12/x^2-1/4*arccos(x)^2/x^4+1/3*ln(x)+1/6*arccos(x)*(-x^2+1)^(1/2)/x^3+1/3*arccos(x)*(-x^2+1)^(1/2)/x
10_Timofeev_Problems	646	61	A	61	A	47	-4/9*x-2/27*x^3+1/3*x^3*arcsin(x)^2+4/9*arcsin(x)*(-x^2+1)^(1/2)+2/9*x^2*arcsin(x)*(-x^2+1)^(1/2)
10_Timofeev_Problems	647	53	A	53	A	44	1/12*x^2+1/2*x*arctan(x)-1/6*x^3*arctan(x)-1/4*arctan(x)^2+1/4*x^4*arctan(x)^2-1/3*ln(x^2+1)
10_Timofeev_Problems	648	61	A	61	A	64	-1/12/x^2-1/6*arctan(x)/x^3+1/2*arctan(x)/x+1/4*arctan(x)^2-1/4*arctan(x)^2/x^4-2/3*ln(x)+1/3*ln(x^2+1)
10_Timofeev_Problems	649	63	A	63	A	95	1/12*x^2+1/4*x^4*arccsc(x)^2+1/3*ln(x)+1/3*x*arccsc(x)*(1-1/x^2)^(1/2)+1/6*x^3*arccsc(x)*(1-1/x^2)^(1/2)
10_Timofeev_Problems	650	148	A	148	F	0	-3/128/x^4-45/128/x^2-45/128*arcsec(x)^2+3/16*arcsec(x)^2/x^4+9/16*arcsec(x)^2/x^2+3/32*arcsec(x)^4-1/4*arcsec (x)^4/x^4-3/32*arcsec(x)*(1-1/x^2)^(1/2)/x^3-45/64*arcsec(x)*(1-1/x^2)^(1/2)/x+1/4*arcsec(x)^3*(1-1/x^2)^(1/2) /x^3+3/8*arcsec(x)^3*(1-1/x^2)^(1/2)/x
10_Timofeev_Problems	651	34	A	34	A	30	-1/4*x^2+1/4*arcsin(x)^2+1/2*x*arcsin(x)*(-x^2+1)^(1/2)
10_Timofeev_Problems	652	34	A	34	A	30	1/4*x^2-1/4*arccos(x)^2+1/2*x*arccos(x)*(-x^2+1)^(1/2)
10_Timofeev_Problems	653	30	A	30	A	22	-1/3*x+1/9*x^3-1/3*(-x^2+1)^(3/2)*arccos(x)
10_Timofeev_Problems	654	59	A	59	A	50	-5/16*x^2+1/16*x^4+1/4*x*(-x^2+1)^(3/2)*arcsin(x)+3/16*arcsin(x)^2+3/8*x*arcsin(x)*(-x^2+1)^(1/2)
10_Timofeev_Problems	655	37	A	37	A	27	1/5*x-2/15*x^3+1/25*x^5-1/5*(-x^2+1)^(5/2)*arcsin(x)
10_Timofeev_Problems	656	61	A	61	A	49	-2/35*x-1/105*x^3+8/175*x^5-1/49*x^7-1/5*(-x^2+1)^(5/2)*arccos(x)+1/7*(-x^2+1)^(7/2)*arccos(x)
10_Timofeev_Problems	657	95	A	95	F	0	4/3*x-1/9*x^3+1/3*(-x^2+1)^(3/2)*arccos(x)+2*I*arccos(x)*arctan(x+I*(-x^2+1)^(1/2))-I*polylog(2,-I*(x+I*(-x^2+ 1)^(1/2)))+I*polylog(2,I*(x+I*(-x^2+1)^(1/2)))+arccos(x)*(-x^2+1)^(1/2)
10_Timofeev_Problems	658	41	A	41	A	35	-1/20/x^4+1/5/x^2-1/5*(-x^2+1)^(5/2)*arcsin(x)/x^5+1/5*ln(x)
10_Timofeev_Problems	659	34	A	34	A	32	1/4*x^2+1/4*arcsin(x)^2-1/2*x*arcsin(x)*(-x^2+1)^(1/2)
10_Timofeev_Problems	660	61	A	61	A	52	3/16*x^2+1/16*x^4+3/16*arcsin(x)^2-3/8*x*arcsin(x)*(-x^2+1)^(1/2)-1/4*x^3*arcsin(x)*(-x^2+1)^(1/2)
10_Timofeev_Problems	661	19	A	19	A	25	-arctanh(x)+arcsin(x)/(-x^2+1)^(1/2)
10_Timofeev_Problems	662	17	A	17	A	25	arctanh(x)+arccos(x)/(-x^2+1)^(1/2)
10_Timofeev_Problems	663	62	A	62	A	48	-1/6/(-x^2+1)+1/3*x*arcsin(x)/(-x^2+1)^(3/2)+1/3*ln(-x^2+1)+2/3*x*arcsin(x)/(-x^2+1)^(1/2)
10_Timofeev_Problems	664	36	A	36	A	45	-x-arctanh(x)+arcsin(x)/(-x^2+1)^(1/2)+arcsin(x)*(-x^2+1)^(1/2)
10_Timofeev_Problems	665	62	A	62	F	0	-2*arcsin(x)*arctanh(I*x+(-x^2+1)^(1/2))-arctanh(x)+I*polylog(2,-I*x-(-x^2+1)^(1/2))-I*polylog(2,I*x+(-x^2+1)^ (1/2))+arcsin(x)/(-x^2+1)^(1/2)
10_Timofeev_Problems	666	54	A	54	A	42	1/6/x^2-2/3*ln(x)-1/3*arccos(x)*(-x^2+1)^(1/2)/x^3-2/3*arccos(x)*(-x^2+1)^(1/2)/x
10_Timofeev_Problems	667	66	A	66	A	52	2/27*(-x^2+1)^(3/2)-2/3*x*arccos(x)+2/9*x^3*arccos(x)-1/3*(-x^2+1)^(3/2)*arccos(x)^2+4/9*(-x^2+1)^(1/2)
10_Timofeev_Problems	668	73	A	73	F	0	-3/8*x^2-3/8*arcsin(x)^2+3/4*x^2*arcsin(x)^2+1/8*arcsin(x)^4+3/4*x*arcsin(x)*(-x^2+1)^(1/2)-1/2*x*arcsin(x)^3* (-x^2+1)^(1/2)
10_Timofeev_Problems	669	32	A	32	A	26	1/4*x/(x^2+1)+1/4*arctan(x)-1/2*arctan(x)/(x^2+1)
10_Timofeev_Problems	670	44	A	44	A	39	1/16*x/(x^2+1)^2+3/32*x/(x^2+1)+3/32*arctan(x)-1/4*arctan(x)/(x^2+1)^2
10_Timofeev_Problems	671	23	A	23	A	24	x*arctan(x)-1/2*arctan(x)^2-1/2*ln(x^2+1)
10_Timofeev_Problems	672	67	A	67	F	0	-1/2*x+1/2*arctan(x)+1/2*x^2*arctan(x)+1/2*I*arctan(x)^2+arctan(x)*ln(2/(1+I*x))+1/2*I*polylog(2,1-2/(1+I*x))
10_Timofeev_Problems	673	34	A	34	A	40	-1/4/(x^2+1)-1/2*x*arctan(x)/(x^2+1)+1/4*arctan(x)^2
10_Timofeev_Problems	674	79	A	79	F	0	-1/4*x/(x^2+1)-1/4*arctan(x)+1/2*arctan(x)/(x^2+1)-1/2*I*arctan(x)^2-arctan(x)*ln(2/(1+I*x))-1/2*I*polylog(2,1 -2/(1+I*x))
10_Timofeev_Problems	675	89	A	89	F	0	-1/2*x+1/4*x/(x^2+1)+3/4*arctan(x)+1/2*x^2*arctan(x)-1/2*arctan(x)/(x^2+1)+I*arctan(x)^2+2*arctan(x)*ln(2/(1+I *x))+I*polylog(2,1-2/(1+I*x))
10_Timofeev_Problems	676	22	A	22	A	21	-arctan(x)/x+x*arctan(x)+ln(x)-ln(x^2+1)
10_Timofeev_Problems	677	31	A	31	A	31	-1/12/x^3-1/4/x-1/4*(x^2+1)^2*arctan(x)/x^4
10_Timofeev_Problems	678	63	A	63	A	71	-1/12/x^3-3/4/x-3/4*arctan(x)-1/4*arctan(x)/x^4-arctan(x)/x^2+1/2*I*polylog(2,-I*x)-1/2*I*polylog(2,I*x)
10_Timofeev_Problems	679	28	A	28	A	27	-arctan(x)/x-1/2*arctan(x)^2+ln(x)-1/2*ln(x^2+1)
10_Timofeev_Problems	680	39	A	39	A	36	-arctan(x)/x-1/2*arctan(x)^2-1/2*arctan(x)^2/x^2+ln(x)-1/2*ln(x^2+1)
10_Timofeev_Problems	681	60	A	60	A	71	-1/12/x^2-1/6*arctan(x)/x^3-1/2*arctan(x)/x-1/4*(x^2+1)^2*arctan(x)^2/x^4+1/3*ln(x)-1/6*ln(x^2+1)
10_Timofeev_Problems	682	79	A	82	A	94	-1/32/(x^2+1)^2+5/32/(x^2+1)+1/8*x^3*arctan(x)/(x^2+1)^2+3/16*x*arctan(x)/(x^2+1)-3/32*arctan(x)^2+1/4*x^4*arc tan(x)^2/(x^2+1)^2
10_Timofeev_Problems	683	107	A	116	F	0	-(x^2)^(1/2)/x^2-2*I*arcsec(x)*arctan(1/x+I*(1-1/x^2)^(1/2))*(x^2)^(1/2)/x+I*polylog(2,-I*(1/x+I*(1-1/x^2)^(1/ 2)))*(x^2)^(1/2)/x-I*polylog(2,I*(1/x+I*(1-1/x^2)^(1/2)))*(x^2)^(1/2)/x-arcsec(x)*(x^2-1)^(1/2)/x
10_Timofeev_Problems	684	106	A	133	F	0	-5/3*(x^2-1)^(3/2)*arccsc(x)/x^2+1/3*(x^2-1)^(5/2)*arccsc(x)/x^2+1/12*(2*x^4+3)/x/(x^2)^(1/2)-5/4*x*arccsc(x)^ 2/(x^2)^(1/2)-7/3*x*ln(x)/(x^2)^(1/2)-5/2*arccsc(x)*(x^2-1)^(1/2)/x^2
10_Timofeev_Problems	685	41	A	41	A	27	1/3*(x^2-1)^(3/2)*arcsec(x)/x^3+1/3/(x^2)^(1/2)-1/9/x^2/(x^2)^(1/2)
10_Timofeev_Problems	686	65	A	67	A	48	5/6*arccoth((x^2)^(1/2))-1/3*x*arcsec(x)/(x^2-1)^(3/2)+1/6*(x^2)^(1/2)/(-x^2+1)+2/3*x*arcsec(x)/(x^2-1)^(1/2)
10_Timofeev_Problems	687	51	A	53	A	46	-1/6*arccoth((x^2)^(1/2))-1/3*x^3*arcsec(x)/(x^2-1)^(3/2)+1/6*(x^2)^(1/2)/(-x^2+1)
10_Timofeev_Problems	688	82	A	84	F	0	-1/3*arcsec(x)/(x^2-1)^(3/2)+1/6*x/(-x^2+1)/(x^2)^(1/2)-2/3*x*ln(x)/(x^2)^(1/2)+1/3*x*ln(x^2-1)/(x^2)^(1/2)-ar csec(x)/(x^2-1)^(1/2)
10_Timofeev_Problems	689	175	A	232	F	0	-13/6*arccoth((x^2)^(1/2))-5/6*x^3*arcsec(x)/(x^2-1)^(3/2)+1/2*x^5*arcsec(x)/(x^2-1)^(3/2)+1/6*(-3*x^2+2)*(x^2 )^(1/2)/(x^2-1)-5*I*arcsec(x)*arctan(1/x+I*(1-1/x^2)^(1/2))*(x^2)^(1/2)/x+5/2*I*polylog(2,-I*(1/x+I*(1-1/x^2)^ (1/2)))*(x^2)^(1/2)/x-5/2*I*polylog(2,I*(1/x+I*(1-1/x^2)^(1/2)))*(x^2)^(1/2)/x-5/2*x*arcsec(x)/(x^2-1)^(1/2)
10_Timofeev_Problems	690	23	A	23	A	17	1/(x^2)^(1/2)+arcsec(x)*(x^2-1)^(1/2)/x
10_Timofeev_Problems	691	70	A	91	B	-	-11/6*arccoth((x^2)^(1/2))+1/3*(8*x^4-12*x^2+3)*arccsc(x)/x/(x^2-1)^(3/2)-1/(x^2)^(1/2)+1/6*(x^2)^(1/2)/(x^2-1 )
10_Timofeev_Problems	692	74	A	101	A	58	24*arccsc(x)/(x^2)^(1/2)-4*arccsc(x)^3/(x^2)^(1/2)+24*(x^2-1)^(1/2)/x-12*arccsc(x)^2*(x^2-1)^(1/2)/x+arccsc(x) ^4*(x^2-1)^(1/2)/x
10_Timofeev_Problems	693	133	A	172	F	0	-1/4*(x^2-1)^(3/2)*arcsec(x)^2/x^4-3/8*arcsec(x)/x/(x^2)^(1/2)+9/64*x*arcsec(x)/(x^2)^(1/2)+1/8*(x^2-1)^2*arcs ec(x)/x^3/(x^2)^(1/2)+1/8*x*arcsec(x)^3/(x^2)^(1/2)+1/64*(17*x^2-2)*(x^2-1)^(1/2)/x^4-3/8*arcsec(x)^2*(x^2-1)^ (1/2)/x^2
10_Timofeev_Problems	694	110	A	146	A	93	-2/9*(x^2-1)^(3/2)*arcsec(x)/x^3+1/3*(x^2-1)^(3/2)*arcsec(x)^3/x^3+2/27*(-21*x^2+1)/x^2/(x^2)^(1/2)+2/3*arcsec (x)^2/(x^2)^(1/2)+1/3*(x^2-1)*arcsec(x)^2/x^2/(x^2)^(1/2)-4/3*arcsec(x)*(x^2-1)^(1/2)/x
10_Timofeev_Problems	695	55	B	-	B	-	(a+x)*arcsin(((-a+x)/(a+x))^(1/2))-a*2^(1/2)*((-a+x)/(a+x))^(1/2)/(a/(a+x))^(1/2)
10_Timofeev_Problems	696	40	A	40	B	-	x*arctan(((-a+x)/(a+x))^(1/2))-a*arctanh(((-a+x)/(a+x))^(1/2))
10_Timofeev_Problems	697	39	A	39	A	31	-1/4/(1+x)-1/2*arctan(x)/(1+x)^2+1/4*ln(1+x)-1/8*ln(x^2+1)
10_Timofeev_Problems	698	122	A	122	A	118	arctan(a-x)*ln(2/(1-I*(a-x)))-arctan(a-x)*ln(-2*(a+x)/(I-2*a)/(1-I*(a-x)))-1/2*I*polylog(2,1-2/(1-I*(a-x)))+1/ 2*I*polylog(2,1+2*(a+x)/(I-2*a)/(1-I*(a-x)))
10_Timofeev_Problems	699	28	A	28	F	0	-1/2*arcsin((-x^2+1)^(1/2))^2*(x^2)^(1/2)/x
10_Timofeev_Problems	700	31	A	31	A	25	-1/2*ln(x^2+2)+arctan((x^2+1)^(1/2))*(x^2+1)^(1/2)
10_Timofeev_Problems	701	57	A	57	F	0	2/3*arcsin(x)/(1-x)^(3/2)-1/6*arctanh(1/2*2^(1/2)*(1+x)^(1/2))*2^(1/2)-1/3*(1+x)^(1/2)/(1-x)
10_Timofeev_Problems	702	82	A	140	A	116	2/7*(-1+x)^(7/2)*arccsc(x)+4/7*x*arctanh((x^2-1)^(1/2)/(-1+x)^(1/2))/(x^2)^(1/2)+4/105*x*(3*x^2-19*x+83)*(x^2- 1)^(1/2)/(-1+x)^(1/2)/(x^2)^(1/2)
10_Timofeev_Problems	703	49	A	49	F	0	-2/3*arcsin(1/2*cosh(x)*2^(1/2))+1/6*sech(x)*(1-sinh(x)^2)^(1/2)+arcsin(sinh(x))*tanh(x)-1/3*arcsin(sinh(x))*t anh(x)^3
10_Timofeev_Problems	704	36	A	36	A	54	1/6*coth(x)-1/3*arccot(cosh(x))*csch(x)^3+1/12*arctanh(1/2*2^(1/2)*tanh(x))*2^(1/2)
10_Timofeev_Problems	705	28	A	28	A	16	exp(x)*arcsin(tanh(x))-cosh(x)*ln(1+exp(2*x))*(sech(x)^2)^(1/2)
11_Welz_Problems	1	15	A	15	A	13	-2*(-a*x+1)^(1/2)/a
11_Welz_Problems	2	15	C	-	B	-	-2*(-a*x+1)^(1/2)/a
11_Welz_Problems	3	82	A	82	F	0	4/3*x/(-3*x^2+1)-1/9*arctanh(x*3^(1/2))*3^(1/2)+1/9*arctanh(1/2*3^(1/2)*(x^2+1)^(1/2))*3^(1/2)-2/3*(x^2+1)^(1/ 2)/(-3*x^2+1)
11_Welz_Problems	4	43	A	43	F	0	5/16*arctanh(1/2*x/(x^2-1)^(1/2))+3/8*x*(x^2-1)^(1/2)/(-3*x^2+4)
11_Welz_Problems	5	74	A	74	F	0	8/9/(1-3*x)-8/9*arcsinh(x^(1/2))+10/9*arctanh(2*x^(1/2)/(1+x)^(1/2))+5/9*ln(1-3*x)-4/3*x^(1/2)*(1+x)^(1/2)/(1- 3*x)
11_Welz_Problems	6	64	A	64	A	53	arctanh(x/(x^2-1)^(1/2))-1/2*I*arctan(1/2*(1-I*x)*2^(1/2)/(x^2-1)^(1/2))*2^(1/2)+(x^2-1)^(1/2)/(I-x)
11_Welz_Problems	7	48	A	48	F	0	3/8*arctanh(x*2^(1/2)/(x^2-1)^(1/2))*2^(1/2)-1/4*x*(x^2-1)^(1/2)/(x^2+1)
11_Welz_Problems	8	30	A	30	F	0	4/3*(-1+x)^(3/2)-4/3*x^(3/2)+2*(-1+x)^(1/2)
11_Welz_Problems	9	220	A	365	F	0	1/5*(2-4*x)/(x^(1/2)+(x^2-1)^(1/2))-1/50*arctan((x^2-1)^(1/2)*(-2+2*5^(1/2))^(1/2)/(2-x*(-5^(1/2)+1)))*(-110+5 0*5^(1/2))^(1/2)+1/25*arctan(1/2*x^(1/2)*(2+2*5^(1/2))^(1/2))*(-110+50*5^(1/2))^(1/2)-1/25*arctanh(1/2*x^(1/2) *(-2+2*5^(1/2))^(1/2))*(110+50*5^(1/2))^(1/2)-1/50*arctanh((x^2-1)^(1/2)*(2+2*5^(1/2))^(1/2)/(2-x-x*5^(1/2)))* (110+50*5^(1/2))^(1/2)
11_Welz_Problems	10	220	B	-	F	0	1/5*(2-4*x)/(x^(1/2)+(x^2-1)^(1/2))-1/50*arctan((x^2-1)^(1/2)*(-2+2*5^(1/2))^(1/2)/(2-x*(-5^(1/2)+1)))*(-110+5 0*5^(1/2))^(1/2)+1/25*arctan(1/2*x^(1/2)*(2+2*5^(1/2))^(1/2))*(-110+50*5^(1/2))^(1/2)-1/25*arctanh(1/2*x^(1/2) *(-2+2*5^(1/2))^(1/2))*(110+50*5^(1/2))^(1/2)-1/50*arctanh((x^2-1)^(1/2)*(2+2*5^(1/2))^(1/2)/(2-x-x*5^(1/2)))* (110+50*5^(1/2))^(1/2)
11_Welz_Problems	11	138	A	138	F(-2)	0	1/2*arctanh((I+x)/(1-I)^(1/2)/(-I+x^2)^(1/2))/(1-I)^(3/2)*2^(1/2)-1/2*arctanh((I-x)/(1+I)^(1/2)/(I+x^2)^(1/2)) /(1+I)^(3/2)*2^(1/2)-(1/4+1/4*I)*(-I+x^2)^(1/2)/(1+x)*2^(1/2)+(-1/4+1/4*I)*(I+x^2)^(1/2)/(1+x)*2^(1/2)
11_Welz_Problems	12	125	A	125	F	0	-1/4*(1-I)^(3/2)*arctanh((1+I*x)/(1-I)^(1/2)/(1-I*x^2)^(1/2))-1/4*(1+I)^(3/2)*arctanh((1-I*x)/(1+I)^(1/2)/(1+I *x^2)^(1/2))-1/2*(1-I*x^2)^(1/2)/(1+x)-1/2*(1+I*x^2)^(1/2)/(1+x)
11_Welz_Problems	13	81	A	81	F	0	-1/2*arctanh((1+I*x)/(1-I)^(1/2)/(1-I*x^2)^(1/2))*(1-I)^(1/2)-1/2*arctanh((1-I*x)/(1+I)^(1/2)/(1+I*x^2)^(1/2)) *(1+I)^(1/2)
11_Welz_Problems	14	31	A	31	F	0	1/2*arctanh(x*2^(1/2)/(x^2+(x^4+1)^(1/2))^(1/2))*2^(1/2)
11_Welz_Problems	15	33	A	33	F	0	1/2*arctan(x*2^(1/2)/(-x^2+(x^4+1)^(1/2))^(1/2))*2^(1/2)
11_Welz_Problems	16	19	A	19	A	15	-2/(-1+x)^(1/2)-2/(1+x)^(1/2)
11_Welz_Problems	17	52	A	52	F	0	-1/2*a*(x+(x^2+a)^(1/2))^(-1+b)/(1-b)+1/2*(x+(x^2+a)^(1/2))^(1+b)/(1+b)
11_Welz_Problems	18	56	A	56	F	0	-1/2*a*(x-(x^2+a)^(1/2))^(-1+b)/(1-b)+1/2*(x-(x^2+a)^(1/2))^(1+b)/(1+b)
11_Welz_Problems	19	17	A	17	F	0	(x+(x^2+a)^(1/2))^b/b
11_Welz_Problems	20	20	A	20	F	0	-(x-(x^2+a)^(1/2))^b/b
11_Welz_Problems	21	42	A	42	A	40	1/a/(a+b*exp(p*x))/p+x/a^2-ln(a+b*exp(p*x))/a^2/p
11_Welz_Problems	22	22	A	22	A	20	-1/2/a/(b+a*exp(2*p*x))/p
11_Welz_Problems	23	62	A	62	A	51	1/2*x/a/b/p-1/2*x/a/(b+a*exp(2*p*x))/p-1/4*ln(b+a*exp(2*p*x))/a/b/p^2
11_Welz_Problems	24	86	A	86	F	0	arctan((1+x)*2^(1/2)/(x^2-x+1)^(1/2))*2^(1/2)-1/6*arctanh(1/3*(1-x)*6^(1/2)/(x^2-x+1)^(1/2))*6^(1/2)+(1+x)*(x^ 2-x+1)^(1/2)/(x^2+x+1)
11_Welz_Problems	25	19	A	19	F	0	2*(x+(a^2+x^2)^(1/2))^(1/2)
11_Welz_Problems	26	26	A	26	F	0	2*(b*x+(b^2*x^2+a)^(1/2))^(1/2)/b
11_Welz_Problems	27	63	A	63	F	0	-2*arctan((x+(a^2+x^2)^(1/2))^(1/2)/a^(1/2))/a^(3/2)-2*arctanh((x+(a^2+x^2)^(1/2))^(1/2)/a^(1/2))/a^(3/2)
11_Welz_Problems	28	82	A	82	F	0	-2*arctan((x+(a^2+x^2)^(1/2))^(1/2)/a^(1/2))*a^(1/2)-2*arctanh((x+(a^2+x^2)^(1/2))^(1/2)/a^(1/2))*a^(1/2)+2*(x +(a^2+x^2)^(1/2))^(1/2)
11_Welz_Problems	29	606	A	606	A	518	-302177/1152*x+3/256*x^4+8029/2304*x^2-763/3456*x^3+377/64*(2+x)^2-71/216*(2+x)^3+3/256*(2+x)^4-5609/96*polylo g(2,-2-x)-563/8*polylog(3,-2-x)-195/2*polylog(4,-2-x)-43/12*ln(2+x)^2+3891/128*ln(3+x)+2069/144*ln(2+x)+1/4*x^ 4*ln(2+x)^3*ln(3+x)-25*x*ln(2+x)*ln(3+x)+13/4*x^2*ln(2+x)*ln(3+x)-7/12*x^3*ln(2+x)*ln(3+x)+3/32*x^4*ln(2+x)*ln (3+x)+6*x*ln(2+x)^2*ln(3+x)-3/2*x^2*ln(2+x)^2*ln(3+x)+1/2*x^3*ln(2+x)^2*ln(3+x)-3/16*x^4*ln(2+x)^2*ln(3+x)-187 /64*x^2*ln(2+x)+83/288*x^3*ln(2+x)-3/128*x^4*ln(2+x)+6733/32*(2+x)*ln(2+x)-377/32*(2+x)^2*ln(2+x)+71/72*(2+x)^ 3*ln(2+x)-3/64*(2+x)^4*ln(2+x)-17/48*x^3*ln(2+x)^2+3/64*x^4*ln(2+x)^2-1251/16*(2+x)*ln(2+x)^2+273/32*(2+x)^2*l n(2+x)^2-3/4*(2+x)^3*ln(2+x)^2+3/64*(2+x)^4*ln(2+x)^2+65/4*(2+x)*ln(2+x)^3-33/8*(2+x)^2*ln(2+x)^3+3/4*(2+x)^3* ln(2+x)^3-1/16*(2+x)^4*ln(2+x)^3-115/48*x^2*ln(3+x)+37/144*x^3*ln(3+x)-3/128*x^4*ln(3+x)+415/12*(3+x)*ln(3+x)- 4083/32*ln(2+x)*ln(3+x)+963/16*ln(2+x)^2*ln(3+x)-81/4*ln(2+x)^3*ln(3+x)+563/8*ln(2+x)*polylog(2,-2-x)-195/4*ln (2+x)^2*polylog(2,-2-x)+195/2*ln(2+x)*polylog(3,-2-x)
11_Welz_Problems	30	17	A	17	F	0	(x+(x^2+b)^(1/2))^a/a
11_Welz_Problems	31	52	A	52	F	0	-1/2*b*(x+(x^2+b)^(1/2))^(-1+a)/(1-a)+1/2*(x+(x^2+b)^(1/2))^(1+a)/(1+a)
11_Welz_Problems	32	34	A	34	A	48	1/6*x^(1+a)*(6+3*x^a+2*x^(2*a))^(1+1/a)/(1+a)
11_Welz_Problems	33	58	A	58	A	62	-1/2*ln(x)+3/4*ln(1-(-x^2+1)^(1/3))+1/2*arctan(1/3*(1+2*(-x^2+1)^(1/3))*3^(1/2))*3^(1/2)
11_Welz_Problems	34	58	A	58	A	62	-1/2*ln(x)+3/4*ln(1-(-x^2+1)^(1/3))-1/2*arctan(1/3*(1+2*(-x^2+1)^(1/3))*3^(1/2))*3^(1/2)
11_Welz_Problems	35	49	A	49	A	78	1/2*ln(x+(-x^3+1)^(1/3))-1/3*arctan(1/3*(1-2*x/(-x^3+1)^(1/3))*3^(1/2))*3^(1/2)
11_Welz_Problems	36	55	A	55	A	62	-1/2*ln(x)+1/2*ln(1-(-x^3+1)^(1/3))+1/3*arctan(1/3*(1+2*(-x^3+1)^(1/3))*3^(1/2))*3^(1/2)
11_Welz_Problems	37	97	A	97	F	0	-1/8*ln((1-x)*(1+x)^2)*2^(2/3)+3/8*ln(-1+x+2^(2/3)*(-x^3+1)^(1/3))*2^(2/3)-1/4*arctan(1/3*(1+2^(1/3)*(1-x)/(-x ^3+1)^(1/3))*3^(1/2))*3^(1/2)*2^(2/3)
11_Welz_Problems	38	145	A	145	F	0	1/8*ln((1-x)*(1+x)^2)*2^(2/3)+1/2*ln(x+(-x^3+1)^(1/3))-3/8*ln(-1+x+2^(2/3)*(-x^3+1)^(1/3))*2^(2/3)-1/3*arctan( 1/3*(1-2*x/(-x^3+1)^(1/3))*3^(1/2))*3^(1/2)+1/4*arctan(1/3*(1+2^(1/3)*(1-x)/(-x^3+1)^(1/3))*3^(1/2))*3^(1/2)*2 ^(2/3)
11_Welz_Problems	39	110	A	176	F	0	-1/8*ln(2-x)*2^(2/3)-1/4*ln(x)*2^(2/3)+3/8*ln(2-x-2^(2/3)*(x^2-3*x+2)^(1/3))*2^(2/3)+1/4*arctan(-1/3*3^(1/2)-1 /3*2^(1/3)*(2-x)/(x^2-3*x+2)^(1/3)*3^(1/2))*3^(1/2)*2^(2/3)
11_Welz_Problems	40	81	A	131	F	0	1/4*ln(1-x)-3/4*ln(1-x+(x^3-3*x^2+7*x-5)^(1/3))+1/2*arctan(1/3*3^(1/2)+2/3*(-1+x)/(x^3-3*x^2+7*x-5)^(1/3)*3^(1 /2))*3^(1/2)
11_Welz_Problems	41	66	A	117	F	0	1/4*ln(x)-3/4*ln(-x+(x*(x^2-q))^(1/3))+1/2*arctan(1/3*3^(1/2)+2/3*x/(x*(x^2-q))^(1/3)*3^(1/2))*3^(1/2)
11_Welz_Problems	42	79	A	145	F	0	1/4*ln(1-x)-3/4*ln(1-x+((-1+x)*(x^2+q-2*x))^(1/3))+1/2*arctan(1/3*3^(1/2)+2/3*(-1+x)/((-1+x)*(x^2+q-2*x))^(1/3 )*3^(1/2))*3^(1/2)
11_Welz_Problems	43	118	F	0	F	0	1/4*ln(1-x)/q^(1/3)+1/2*ln(x)/q^(1/3)-3/4*ln(-q^(1/3)*(-1+x)+((-1+x)*(-2*q*x+x^2+q))^(1/3))/q^(1/3)+1/2*arctan (1/3*3^(1/2)+2/3*q^(1/3)*(-1+x)/((-1+x)*(-2*q*x+x^2+q))^(1/3)*3^(1/2))*3^(1/2)/q^(1/3)
11_Welz_Problems	44	111	F	0	F	0	1/2*ln(x)/k^(1/3)+1/2*ln(1-(1+k)*x)/k^(1/3)-3/2*ln(-k^(1/3)*x+((1-x)*x*(-k*x+1))^(1/3))/k^(1/3)+arctan(1/3*(1+ 2*k^(1/3)*x/((1-x)*x*(-k*x+1))^(1/3))*3^(1/2))*3^(1/2)/k^(1/3)
11_Welz_Problems	45	176	F	0	F	0	1/2*ln(1-(2-k)*x)*2^(1/3)/(1-k)^(1/3)+1/4*ln(-k*x+1)*2^(1/3)/(1-k)^(1/3)-3/4*ln(-1+k*x+2^(2/3)*(1-k)^(1/3)*((1 -x)*x*(-k*x+1))^(1/3))*2^(1/3)/(1-k)^(1/3)-1/2*arctan(1/3*(1+2^(1/3)*(-k*x+1)/(1-k)^(1/3)/((1-x)*x*(-k*x+1))^( 1/3))*3^(1/2))*3^(1/2)*2^(1/3)/(1-k)^(1/3)
11_Welz_Problems	46	493	A	570	F	0	1/24*(a+b)*ln((1-x)*(1+x)^2)*2^(2/3)-1/12*(a-c)*ln(x^3+1)*2^(2/3)-1/12*(b+c)*ln(x^3+1)*2^(2/3)+1/12*(a+b)*ln(1 +2^(2/3)*(1-x)^2/(-x^3+1)^(2/3)-2^(1/3)*(1-x)/(-x^3+1)^(1/3))*2^(2/3)-1/6*(a+b)*ln(1+2^(1/3)*(1-x)/(-x^3+1)^(1 /3))*2^(2/3)+1/4*(b+c)*ln(2^(1/3)-(-x^3+1)^(1/3))*2^(2/3)+1/4*(a-c)*ln(-2^(1/3)*x-(-x^3+1)^(1/3))*2^(2/3)+1/2* c*ln(x+(-x^3+1)^(1/3))-1/8*(a+b)*ln(-1+x+2^(2/3)*(-x^3+1)^(1/3))*2^(2/3)+1/6*(a+b)*arctan(1/3*(1-2*2^(1/3)*(1- x)/(-x^3+1)^(1/3))*3^(1/2))*2^(2/3)*3^(1/2)+1/12*(a+b)*arctan(1/3*(1+2^(1/3)*(1-x)/(-x^3+1)^(1/3))*3^(1/2))*2^ (2/3)*3^(1/2)-1/3*c*arctan(1/3*(1-2*x/(-x^3+1)^(1/3))*3^(1/2))*3^(1/2)-1/6*(a-c)*arctan(1/3*(1-2*2^(1/3)*x/(-x ^3+1)^(1/3))*3^(1/2))*2^(2/3)*3^(1/2)+1/6*(b+c)*arctan(1/3*(1+2^(2/3)*(-x^3+1)^(1/3))*3^(1/2))*2^(2/3)*3^(1/2)
11_Welz_Problems	47	407	A	407	F	0	-19255/395136/(3-2*x)^(9/2)-462025/30118144/(3-2*x)^(7/2)-38491/8605184/(3-2*x)^(5/2)-141045/120472576/(3-2*x) ^(3/2)+1/28*x/(3-2*x)^(9/2)/(2*x^2+x+1)^4+1/1176*(23+73*x)/(3-2*x)^(9/2)/(2*x^2+x+1)^3+1/32928*(1387+3049*x)/( 3-2*x)^(9/2)/(2*x^2+x+1)^2+5/153664*(3049+4377*x)/(3-2*x)^(9/2)/(2*x^2+x+1)-38225/240945152/(3-2*x)^(1/2)+5/13 492928512*ln(3-2*x+14^(1/2)-(3-2*x)^(1/2)*(7+2*14^(1/2))^(1/2))*(-298093007954+81630132224*14^(1/2))^(1/2)-5/1 3492928512*ln(3-2*x+14^(1/2)+(3-2*x)^(1/2)*(7+2*14^(1/2))^(1/2))*(-298093007954+81630132224*14^(1/2))^(1/2)+5/ 6746464256*arctan((-2*(3-2*x)^(1/2)+(7+2*14^(1/2))^(1/2))/(-7+2*14^(1/2))^(1/2))*(298093007954+81630132224*14^ (1/2))^(1/2)-5/6746464256*arctan((2*(3-2*x)^(1/2)+(7+2*14^(1/2))^(1/2))/(-7+2*14^(1/2))^(1/2))*(298093007954+8 1630132224*14^(1/2))^(1/2)
11_Welz_Problems	48	648	A	648	F	0	4718120139975/351733660450816/(3-2*x)^(19/2)-815900548375/629418129227776/(3-2*x)^(17/2)-3029508823715/1555033 025150976/(3-2*x)^(15/2)-13515743021825/13476952884641792/(3-2*x)^(13/2)-5846828446875/14513641568075776/(3-2* x)^(11/2)-37283626871975/261245548225363968/(3-2*x)^(9/2)-132355162272575/2844673747342852096/(3-2*x)^(7/2)-11 557581705725/812763927812243456/(3-2*x)^(5/2)-46601678385075/11378694989371408384/(3-2*x)^(3/2)+1/63*x/(3-2*x) ^(19/2)/(2*x^2+x+1)^9+1/7056*(53+173*x)/(3-2*x)^(19/2)/(2*x^2+x+1)^8+1/691488*(8477+21409*x)/(3-2*x)^(19/2)/(2 *x^2+x+1)^7+5/6453888*(21409+47471*x)/(3-2*x)^(19/2)/(2*x^2+x+1)^6+41/90354432*(47471+92875*x)/(3-2*x)^(19/2)/ (2*x^2+x+1)^5+41/5059848192*(3436375+5677637*x)/(3-2*x)^(19/2)/(2*x^2+x+1)^4+451/10119696384*(811091+998691*x) /(3-2*x)^(19/2)/(2*x^2+x+1)^3+451/283351498752*(28962039+14627273*x)/(3-2*x)^(19/2)/(2*x^2+x+1)^2+11275/396692 0982528*(14627273-35058731*x)/(3-2*x)^(19/2)/(2*x^2+x+1)-24229218097975/22757389978742816768/(3-2*x)^(1/2)+112 75/1274413838809597739008*ln(3-2*x+14^(1/2)-(3-2*x)^(1/2)*(7+2*14^(1/2))^(1/2))*(9756589235-2148932869*14^(1/2 ))*(-14+4*14^(1/2))^(1/2)-11275/1274413838809597739008*ln(3-2*x+14^(1/2)+(3-2*x)^(1/2)*(7+2*14^(1/2))^(1/2))*( 9756589235-2148932869*14^(1/2))*(-14+4*14^(1/2))^(1/2)+11275/637206919404798869504*arctan((-2*(3-2*x)^(1/2)+(7 +2*14^(1/2))^(1/2))/(-7+2*14^(1/2))^(1/2))*(9756589235+2148932869*14^(1/2))*(14+4*14^(1/2))^(1/2)-11275/637206 919404798869504*arctan((2*(3-2*x)^(1/2)+(7+2*14^(1/2))^(1/2))/(-7+2*14^(1/2))^(1/2))*(9756589235+2148932869*14 ^(1/2))*(14+4*14^(1/2))^(1/2)
11_Welz_Problems	49	1058	A	1058	F	0	-143401467550777247627940437025/73985542663511997461099839851260280832/(3-2*x)^(9/2)-4611053278117143010907562 317585/7250583181024175751187784305423507521536/(3-2*x)^(7/2)-405965372440630510720926890227/20715951945783359 28910795515835287863296/(3-2*x)^(5/2)-4986681479187781853417316522775/8700699817229010901425341166508209025843 2/(3-2*x)^(3/2)+173441368149804378661935869705/896508488907352010051592447177261056/(3-2*x)^(19/2)-22724090823 469905152713519545/1604278348571050965355481221264572416/(3-2*x)^(17/2)-101190274412779618678573275245/3963511 214116714149701777134888943616/(3-2*x)^(15/2)-460503190416958283087439337135/343504305223448559640820685023708 44672/(3-2*x)^(13/2)-2211619588790911794826342607495/406920484649315986036049119181931544576/(3-2*x)^(11/2)-13 056959628363355534285785425/106924014357253562723941220352/(3-2*x)^(39/2)-3948194343291401740321996415/2028814 63139404195937734623232/(3-2*x)^(37/2)-304688229262620222736480811/537361713180043545997243056128/(3-2*x)^(35/ 2)+2124315846756567455653862925/1688851098565851144562763890688/(3-2*x)^(33/2)+47657515074514118796095929535/6 6632852434325399703658138959872/(3-2*x)^(31/2)+34911619993974714062172751985/124667917457770102671360389021696 /(3-2*x)^(29/2)+149066309808794760843017404825/1624981820656451683095663001731072/(3-2*x)^(27/2)+1584861396416 9066543734380171/601845118761648771516912222863360/(3-2*x)^(25/2)+11155168222970774232376891145/16851663325326 16560247354224017408/(3-2*x)^(23/2)+14011818498091020272474956375/10110997995195699361484125344104448/(3-2*x)^ (21/2)+115/3248261265098830736532127368829731369648128*ln(3-2*x+14^(1/2)-(3-2*x)^(1/2)*(7+2*14^(1/2))^(1/2))*( 30297118912219360725028693061-8061110911143276053983022787*14^(1/2))*(-14+4*14^(1/2))^(1/2)-115/32482612650988 30736532127368829731369648128*ln(3-2*x+14^(1/2)+(3-2*x)^(1/2)*(7+2*14^(1/2))^(1/2))*(3029711891221936072502869 3061-8061110911143276053983022787*14^(1/2))*(-14+4*14^(1/2))^(1/2)+115/162413063254941536826606368441486568482 4064*arctan((-2*(3-2*x)^(1/2)+(7+2*14^(1/2))^(1/2))/(-7+2*14^(1/2))^(1/2))*(30297118912219360725028693061+8061 110911143276053983022787*14^(1/2))*(14+4*14^(1/2))^(1/2)-115/1624130632549415368266063684414865684824064*arcta n((2*(3-2*x)^(1/2)+(7+2*14^(1/2))^(1/2))/(-7+2*14^(1/2))^(1/2))*(30297118912219360725028693061+806111091114327 6053983022787*14^(1/2))*(14+4*14^(1/2))^(1/2)-927027754781476746208047620505/580046654481934060095022744433880 60172288/(3-2*x)^(1/2)+5/595601664*(751303+1831285*x)/(3-2*x)^(39/2)/(2*x^2+x+1)^16+1/25015269888*(184959785+4 29411497*x)/(3-2*x)^(39/2)/(2*x^2+x+1)^15+1/4902992898048*(41652915209+92630823167*x)/(3-2*x)^(39/2)/(2*x^2+x+ 1)^14+1/297448235814912*(2871555518177+6100156355517*x)/(3-2*x)^(39/2)/(2*x^2+x+1)^13+1/7138757659557888*(7755 9130805859+156274047129113*x)/(3-2*x)^(39/2)/(2*x^2+x+1)^12+5/1099368679571914752*(2656658801194921+5020880176 134289*x)/(3-2*x)^(39/2)/(2*x^2+x+1)^11+1/3420258114223734784*(45187921585208601+78752911037377255*x)/(3-2*x)^ (39/2)/(2*x^2+x+1)^10+1/430952522392190582784*(6063974149878048635+9477172618423641847*x)/(3-2*x)^(39/2)/(2*x^ 2+x+1)^9+1/48266682507925345271808*(691833601144925854831+919498192874055581221*x)/(3-2*x)^(39/2)/(2*x^2+x+1)^ 8+23/1576711628592227945545728*(919498192874055581221+908287136092467468517*x)/(3-2*x)^(39/2)/(2*x^2+x+1)^7+11 5/10187982830903626725064704*(908287136092467468517+298281884944522225747*x)/(3-2*x)^(39/2)/(2*x^2+x+1)^6+23/2 0375965661807253450129408*(2599313568802265110081-10426142448623187379187*x)/(3-2*x)^(39/2)/(2*x^2+x+1)^5-23/2 0018492580021161284337664*(10426142448623187379187+27513723463194262383705*x)/(3-2*x)^(39/2)/(2*x^2+x+1)^4-115 /76434244396444433994743808*(26513224428169016478843+30673415406553789342019*x)/(3-2*x)^(39/2)/(2*x^2+x+1)^3-1 15/125891696652967303050166272*(88411609113007981044643-5712269536245152162963*x)/(3-2*x)^(39/2)/(2*x^2+x+1)^2 +115/195831528126838026966925312*(28561347681225760814815+965934812839019490346107*x)/(3-2*x)^(39/2)/(2*x^2+x+ 1)+1/133*x/(3-2*x)^(39/2)/(2*x^2+x+1)^19+1/33516*(113+373*x)/(3-2*x)^(39/2)/(2*x^2+x+1)^18+1/7976808*(40657+10 7329*x)/(3-2*x)^(39/2)/(2*x^2+x+1)^17
11_Welz_Problems	50	378	A	378	F	0	1/123480000*(-3450497+2004270*x)/(x^2-2*x+3)^(9/2)+1/411600000*(-4878869+2578034*x)/(x^2-2*x+3)^(7/2)+1/686000 0000*(-30316369+15043110*x)/(x^2-2*x+3)^(5/2)+1/41160000000*(-63043297+29625922*x)/(x^2-2*x+3)^(3/2)+1/280*(-1 +10*x)/(x^2-2*x+3)^(9/2)/(2*x^2+x+1)^4+1/1050*(28+67*x)/(x^2-2*x+3)^(9/2)/(2*x^2+x+1)^3+1/117600*(5485+8878*x) /(x^2-2*x+3)^(9/2)/(2*x^2+x+1)^2+3/343000*(8822+8233*x)/(x^2-2*x+3)^(9/2)/(2*x^2+x+1)-31/411600000000*(7434109 -3088870*x)/(x^2-2*x+3)^(1/2)-1/9604000000000*arctanh(1/7*(308108167+x*(932587773-620347970*2^(1/2))-312239803 *2^(1/2))*35^(1/2)/(-151363871237318045+110320475741093888*2^(1/2))^(1/2)/(x^2-2*x+3)^(1/2))*(-105954709866122 63150+7722433301876572160*2^(1/2))^(1/2)+1/9604000000000*arctan(1/7*(308108167+312239803*2^(1/2)+x*(932587773+ 620347970*2^(1/2)))*35^(1/2)/(151363871237318045+110320475741093888*2^(1/2))^(1/2)/(x^2-2*x+3)^(1/2))*(1059547 0986612263150+7722433301876572160*2^(1/2))^(1/2)
11_Welz_Problems	51	638	A	638	F	0	1/1840124479200000000*(37358055634422583-14024622879097678*x)/(x^2-2*x+3)^(19/2)+1/104273720488000000000*(4768 49951294984711-125181871472148210*x)/(x^2-2*x+3)^(17/2)+1/15641058073200000000000*(7851758375483333511+1942164 996204584234*x)/(x^2-2*x+3)^(15/2)-11/406667509903200000000000*(7502325106308201089-7813986379726516886*x)/(x^ 2-2*x+3)^(13/2)-3/1147010925368000000000000*(69053268515296359011-44840736195018286006*x)/(x^2-2*x+3)^(11/2)+1 /9384634843920000000000000*(-838519439380295335657+466189390555853643870*x)/(x^2-2*x+3)^(9/2)+1/31282116146400 000000000000*(-1117646664729238460189+568839749685437871554*x)/(x^2-2*x+3)^(7/2)+1/521368602440000000000000000 *(-6551405511565449301689+3127298559983309301910*x)/(x^2-2*x+3)^(5/2)+1/1042737204880000000000000000*(-4179039 782398459850819+1886993445589652402694*x)/(x^2-2*x+3)^(3/2)+1/630*(-1+10*x)/(x^2-2*x+3)^(19/2)/(2*x^2+x+1)^9+1 /88200*(887+2218*x)/(x^2-2*x+3)^(19/2)/(2*x^2+x+1)^8+1/1080450*(14453+29371*x)/(x^2-2*x+3)^(19/2)/(2*x^2+x+1)^ 7+1/605052000*(8837931+17459234*x)/(x^2-2*x+3)^(19/2)/(2*x^2+x+1)^6+1/26471025000*(447940041+813432205*x)/(x^2 -2*x+3)^(19/2)/(2*x^2+x+1)^5+1/29647548000000*(592729157441+911061463974*x)/(x^2-2*x+3)^(19/2)/(2*x^2+x+1)^4+1 /12353145000000*(277010166219+310705340015*x)/(x^2-2*x+3)^(19/2)/(2*x^2+x+1)^3+1/276710448000000*(548822129434 9+1384103301166*x)/(x^2-2*x+3)^(19/2)/(2*x^2+x+1)^2+1/2421216420000000*(-37857197792117-146548895467025*x)/(x^ 2-2*x+3)^(19/2)/(2*x^2+x+1)+1/10427372048800000000000000000*(-12105495874518671061833+5117656435043679338190*x )/(x^2-2*x+3)^(1/2)-1/2259801992000000000000000000*arctanh(1/7*(272944589523248381749+x*(656826642296538601431 -464885615909893491590*2^(1/2))-191941026386645109841*2^(1/2))*35^(1/2)/(-810422259212746896054789447978008548 46405+57305922523001707126026363878666500308992*2^(1/2))^(1/2)/(x^2-2*x+3)^(1/2))*(-56729558144892282723835261 35846059839248350+4011414576610119498821845471506655021629440*2^(1/2))^(1/2)+1/2259801992000000000000000000*ar ctan(1/7*(272944589523248381749+191941026386645109841*2^(1/2)+x*(656826642296538601431+464885615909893491590*2 ^(1/2)))*35^(1/2)/(81042225921274689605478944797800854846405+57305922523001707126026363878666500308992*2^(1/2) )^(1/2)/(x^2-2*x+3)^(1/2))*(5672955814489228272383526135846059839248350+40114145766101194988218454715066550216 29440*2^(1/2))^(1/2)
11_Welz_Problems	52	66	C	-	F	0	-arctan((-a+x)*2^(1/2)*(-a+(a^2+1)^(1/2))^(1/2)/((-a+x)*(x^2+1))^(1/2))*2^(1/2)*(a+(a^2+1)^(1/2))^(1/2)
11_Welz_Problems	53	198	A	198	F	0	-1/12*a*arctanh(x)*2^(1/3)+1/4*a*arctanh(x/(1+2^(1/3)*(-x^2+1)^(1/3)))*2^(1/3)-1/8*b*ln(x^2+3)*2^(1/3)+3/8*b*l n(2^(2/3)-(-x^2+1)^(1/3))*2^(1/3)+1/12*a*arctan(1/x*3^(1/2))*2^(1/3)*3^(1/2)+1/12*a*arctan((1-2^(1/3)*(-x^2+1) ^(1/3))*3^(1/2)/x)*2^(1/3)*3^(1/2)+1/4*b*arctan(1/3*(1+(-2*x^2+2)^(1/3))*3^(1/2))*3^(1/2)*2^(1/3)
11_Welz_Problems	54	198	A	198	F	0	-1/12*a*arctan(x)*2^(1/3)+1/4*a*arctan(x/(1+2^(1/3)*(x^2+1)^(1/3)))*2^(1/3)+1/8*b*ln(-x^2+3)*2^(1/3)-3/8*b*ln( 2^(2/3)-(x^2+1)^(1/3))*2^(1/3)-1/12*a*arctanh(1/x*3^(1/2))*2^(1/3)*3^(1/2)-1/12*a*arctanh((1-2^(1/3)*(x^2+1)^( 1/3))*3^(1/2)/x)*2^(1/3)*3^(1/2)-1/4*b*arctan(1/3*(1+2^(1/3)*(x^2+1)^(1/3))*3^(1/2))*3^(1/2)*2^(1/3)
11_Welz_Problems	55	97	A	97	F	0	-1/4*ln(x)*2^(1/3)+1/4*ln(6-3*x-3*2^(1/3)*(3*x^2-6*x+4)^(1/3))*2^(1/3)+1/6*arctan(-1/3*3^(1/2)-1/3*2^(2/3)*(2- x)/(3*x^2-6*x+4)^(1/3)*3^(1/2))*2^(1/3)*3^(1/2)
11_Welz_Problems	56	73	A	73	A	105	1/3*x^2*(-x^3+1)^(1/3)-1/6*ln(-x-(-x^3+1)^(1/3))-1/9*arctan(1/3*(1-2*x/(-x^3+1)^(1/3))*3^(1/2))*3^(1/2)
11_Welz_Problems	57	67	A	67	A	71	(-x^3+1)^(1/3)-1/2*ln(x)+1/2*ln(1-(-x^3+1)^(1/3))-1/3*arctan(1/3*(1+2*(-x^3+1)^(1/3))*3^(1/2))*3^(1/2)
11_Welz_Problems	58	482	A	482	F	0	(-x^3+1)^(1/3)-1/3*2^(1/3)*ln(x^3+1)+1/6*ln(2^(2/3)+(-1+x)/(-x^3+1)^(1/3))*2^(1/3)-1/6*ln(1+2^(2/3)*(1-x)^2/(- x^3+1)^(2/3)-2^(1/3)*(1-x)/(-x^3+1)^(1/3))*2^(1/3)+1/3*2^(1/3)*ln(1+2^(1/3)*(1-x)/(-x^3+1)^(1/3))-1/12*ln(2*2^ (1/3)+(1-x)^2/(-x^3+1)^(2/3)+2^(2/3)*(1-x)/(-x^3+1)^(1/3))*2^(1/3)+1/2*ln(2^(1/3)-(-x^3+1)^(1/3))*2^(1/3)-1/2* ln(-x-(-x^3+1)^(1/3))+1/2*ln(-2^(1/3)*x-(-x^3+1)^(1/3))*2^(1/3)+1/3*2^(1/3)*arctan(1/3*(1-2*2^(1/3)*(1-x)/(-x^ 3+1)^(1/3))*3^(1/2))*3^(1/2)+1/6*arctan(1/3*(1+2^(1/3)*(1-x)/(-x^3+1)^(1/3))*3^(1/2))*2^(1/3)*3^(1/2)-1/3*arct an(1/3*(1-2*x/(-x^3+1)^(1/3))*3^(1/2))*3^(1/2)+1/3*2^(1/3)*arctan(1/3*(1-2*2^(1/3)*x/(-x^3+1)^(1/3))*3^(1/2))* 3^(1/2)-1/3*2^(1/3)*arctan(1/3*(1+2^(2/3)*(-x^3+1)^(1/3))*3^(1/2))*3^(1/2)
11_Welz_Problems	59	280	A	408	F	0	-1/4*ln(-3*(-1+x)*(x^2-x+1))*2^(1/3)+1/4*ln(2^(1/3)-(-x^3+1)^(1/3))*2^(1/3)+3/4*ln(-2^(1/3)*(-1+x)+(-x^3+1)^(1 /3))*2^(1/3)+1/2*ln(x+(-x^3+1)^(1/3))-1/4*ln(2^(1/3)*x+(-x^3+1)^(1/3))*2^(1/3)+1/3*arctan(1/3*(1-2*x/(-x^3+1)^ (1/3))*3^(1/2))*3^(1/2)-1/6*2^(1/3)*arctan(1/3*(1-2*2^(1/3)*x/(-x^3+1)^(1/3))*3^(1/2))*3^(1/2)-1/6*2^(1/3)*arc tan(1/3*(1+2^(2/3)*(-x^3+1)^(1/3))*3^(1/2))*3^(1/2)+1/2*arctan(1/3*(1+2*2^(1/3)*(-1+x)/(-x^3+1)^(1/3))*3^(1/2) )*3^(1/2)*2^(1/3)
11_Welz_Problems	60	232	A	232	F	0	(-x^3+1)^(1/3)+1/2*x*AppellF1(1/3,-1/3,1,4/3,x^3,-1/8*x^3)-3^(1/6)*arctan(2/9*(-x^3+1)^(1/3)*3^(5/6)+1/3*3^(1/ 2))+3^(1/6)*arctan(1/3*(1-3^(2/3)*x/(-x^3+1)^(1/3))*3^(1/2))-1/3*ln(x^3+8)*3^(2/3)+1/2*3^(2/3)*ln(3^(2/3)-(-x^ 3+1)^(1/3))-ln(-x-(-x^3+1)^(1/3))+1/2*3^(2/3)*ln(-1/2*3^(2/3)*x-(-x^3+1)^(1/3))-2/3*arctan(1/3*(1-2*x/(-x^3+1) ^(1/3))*3^(1/2))*3^(1/2)
11_Welz_Problems	61	168	A	168	F	0	-1/4*x^2*AppellF1(2/3,1,1/3,5/3,x^3,-1/2*x^3)*2^(2/3)+1/3*arctan(1/3*(3^(1/3)+2*(x^3+2)^(1/3))*3^(1/6))*3^(1/6 )+2/3*arctan(1/3*(1+2*3^(1/3)*x/(x^3+2)^(1/3))*3^(1/2))*3^(1/6)+1/18*ln(-x^3+1)*3^(2/3)+1/6*ln(3^(1/3)-(x^3+2) ^(1/3))*3^(2/3)-1/3*ln(3^(1/3)*x-(x^3+2)^(1/3))*3^(2/3)
11_Welz_Problems	62	25	A	25	A	23	1/8*ln(320*x^4+80*x^3-12*x^2+24*x+9)
11_Welz_Problems	63	59	A	59	F	0	-1/22*arctan(1/55*(7-40*x)*11^(1/2))*11^(1/2)+1/22*arctan(1/66*(800*x^3-40*x^2+30*x+57)*11^(1/2))*11^(1/2)
11_Welz_Problems	64	78	A	78	F	0	2*ln(320*x^4+80*x^3-12*x^2+24*x+9)+2*arctan(1/55*(7-40*x)*11^(1/2))*11^(1/2)-2*arctan(1/66*(800*x^3-40*x^2+30* x+57)*11^(1/2))*11^(1/2)
11_Welz_Problems	65	49	A	49	F	0	1/2*arctan(x*(x^2+1)/(-x^4+1)^(1/2))+1/2*arctanh(x*(-x^2+1)/(-x^4+1)^(1/2))
11_Welz_Problems	66	53	A	53	F	0	1/4*arctan(x*2^(1/2)/(x^4+1)^(1/2))*2^(1/2)+1/4*arctanh(x*2^(1/2)/(x^4+1)^(1/2))*2^(1/2)
11_Welz_Problems	67	75	A	75	F	0	1/4*arctan(x*(2-p)^(1/2)/(x^4+p*x^2+1)^(1/2))*(2-p)^(1/2)+1/4*arctanh(x*(2+p)^(1/2)/(x^4+p*x^2+1)^(1/2))*(2+p) ^(1/2)
11_Welz_Problems	68	171	A	171	F	0	1/4*arctanh(1/4*x*(p-2*x^2+(p^2+4)^(1/2))*(-p+(p^2+4)^(1/2))^(1/2)*2^(1/2)/(-x^4+p*x^2+1)^(1/2))*(-p+(p^2+4)^( 1/2))^(1/2)*2^(1/2)-1/4*arctan(1/4*x*(p-2*x^2-(p^2+4)^(1/2))*(p+(p^2+4)^(1/2))^(1/2)*2^(1/2)/(-x^4+p*x^2+1)^(1 /2))*(p+(p^2+4)^(1/2))^(1/2)*2^(1/2)
11_Welz_Problems	69	80	A	80	F	0	-b*arctan((x^2-1)^(1/4))+b*arctanh((x^2-1)^(1/4))+1/4*a*arctan(1/2*x/(x^2-1)^(1/4)*2^(1/2))*2^(1/2)+1/4*a*arct anh(1/2*x/(x^2-1)^(1/4)*2^(1/2))*2^(1/2)
11_Welz_Problems	70	88	A	88	F	0	b*arctan((-x^2-1)^(1/4))-b*arctanh((-x^2-1)^(1/4))+1/4*a*arctan(1/2*x/(-x^2-1)^(1/4)*2^(1/2))*2^(1/2)+1/4*a*ar ctanh(1/2*x/(-x^2-1)^(1/4)*2^(1/2))*2^(1/2)
11_Welz_Problems	71	149	A	149	F	0	1/2*a*arctan((1-(-x^2+1)^(1/2))/x/(-x^2+1)^(1/4))+1/2*a*arctanh((1+(-x^2+1)^(1/2))/x/(-x^2+1)^(1/4))+1/2*b*arc tan(1/2*(1-(-x^2+1)^(1/2))/(-x^2+1)^(1/4)*2^(1/2))*2^(1/2)+1/2*b*arctanh(1/2*(1+(-x^2+1)^(1/2))/(-x^2+1)^(1/4) *2^(1/2))*2^(1/2)
11_Welz_Problems	72	135	A	135	F	0	-1/2*a*arctan((1+(x^2+1)^(1/2))/x/(x^2+1)^(1/4))-1/2*a*arctanh((1-(x^2+1)^(1/2))/x/(x^2+1)^(1/4))-1/2*b*arctan (1/2*(1-(x^2+1)^(1/2))/(x^2+1)^(1/4)*2^(1/2))*2^(1/2)-1/2*b*arctanh(1/2*(1+(x^2+1)^(1/2))/(x^2+1)^(1/4)*2^(1/2 ))*2^(1/2)
11_Welz_Problems	73	127	A	127	F	0	-1/6*arctanh((1+2^(1/3)*x)/(-x^3+1)^(1/2))*2^(1/3)+1/18*arctanh((-x^3+1)^(1/2))*2^(1/3)-1/18*arctan((1-2^(1/3) *x)*3^(1/2)/(-x^3+1)^(1/2))*2^(1/3)*3^(1/2)+1/18*arctan(1/3*(-x^3+1)^(1/2)*3^(1/2))*2^(1/3)*3^(1/2)
11_Welz_Problems	74	157	A	157	F	0	-1/6*arctan((1+2^(1/3)*d^(1/3)*x)/(d*x^3-1)^(1/2))*2^(1/3)/d^(2/3)-1/18*arctan((d*x^3-1)^(1/2))*2^(1/3)/d^(2/3 )-1/18*arctanh((1-2^(1/3)*d^(1/3)*x)*3^(1/2)/(d*x^3-1)^(1/2))*2^(1/3)/d^(2/3)*3^(1/2)-1/18*arctanh(1/3*(d*x^3- 1)^(1/2)*3^(1/2))*2^(1/3)/d^(2/3)*3^(1/2)
11_Welz_Problems	75	74	A	74	F	0	1/18*arctan(1/3*(1-x)^2/(x^3-1)^(1/2))+1/18*arctan(1/3*(x^3-1)^(1/2))-1/18*arctanh((1-x)*3^(1/2)/(x^3-1)^(1/2) )*3^(1/2)
11_Welz_Problems	76	103	A	103	F	0	1/18*arctanh(1/3*(1+d^(1/3)*x)^2/(d*x^3+1)^(1/2))/d^(2/3)-1/18*arctanh(1/3*(d*x^3+1)^(1/2))/d^(2/3)-1/18*arcta n((1+d^(1/3)*x)*3^(1/2)/(d*x^3+1)^(1/2))/d^(2/3)*3^(1/2)
11_Welz_Problems	77	81	A	81	F	0	1/4*arctan((1-(-3*x^2+1)^(1/3))/x)+1/12*arctanh(1/3*x*3^(1/2))*3^(1/2)-1/12*arctanh(1/9*(1-(-3*x^2+1)^(1/3))^2 /x*3^(1/2))*3^(1/2)
11_Welz_Problems	78	81	A	81	F	0	-1/4*arctanh((1-(3*x^2+1)^(1/3))/x)+1/12*arctan(1/3*x*3^(1/2))*3^(1/2)+1/12*arctan(1/9*(1-(3*x^2+1)^(1/3))^2/x *3^(1/2))*3^(1/2)
11_Welz_Problems	79	113	A	113	F	0	-1/12*arctanh(x)*2^(1/3)+1/4*arctanh(x/(1+2^(1/3)*(-x^2+1)^(1/3)))*2^(1/3)+1/12*arctan(1/x*3^(1/2))*2^(1/3)*3^ (1/2)+1/12*arctan((1-2^(1/3)*(-x^2+1)^(1/3))*3^(1/2)/x)*2^(1/3)*3^(1/2)
11_Welz_Problems	80	109	A	109	F	0	-1/12*arctan(x)*2^(1/3)+1/4*arctan(x/(1+2^(1/3)*(x^2+1)^(1/3)))*2^(1/3)-1/12*arctanh(1/x*3^(1/2))*2^(1/3)*3^(1 /2)-1/12*arctanh((1-2^(1/3)*(x^2+1)^(1/3))*3^(1/2)/x)*2^(1/3)*3^(1/2)
11_Welz_Problems	81	87	A	87	F	0	-2*arctan((1-a)*x^(1/2)/(a^2-(a^2+1)*x+x^2)^(1/2))*x^(1/2)*(a^2-(a^2+1)*x+x^2)^(1/2)/(1-a)/(a^2*x-(a^2+1)*x^2+ x^3)^(1/2)
11_Welz_Problems	82	1	C	-	F	0	0
11_Welz_Problems	83	46	C	-	F	0	ln((-a^2+2*a*x+x^2-2*x-2*((1-x)*x*(a^2-2*a*x+x))^(1/2))/(a-x)^2)
11_Welz_Problems	84	32	A	32	F	0	2/3*arctan((1+2^(1/3)*x)*3^(1/2)/(x^3+1)^(1/2))*3^(1/2)
11_Welz_Problems	85	23	A	23	F	0	-2/3*arctanh(1/3*(1+x)^2/(x^3+1)^(1/2))
11_Welz_Problems	86	218	A	218	F	0	-1/12*arctan(1/2*3^(1/4)*(1+x)*(1+3^(1/2))*2^(1/2)/(x^3+1)^(1/2))*(2-3^(1/2))*3^(1/4)*2^(1/2)-1/18*arctan(1/6* (1-3^(1/2))*(x^3+1)^(1/2)*3^(1/4)*2^(1/2))*(2-3^(1/2))*3^(1/4)*2^(1/2)-1/36*arctanh(1/2*3^(1/4)*(1+x)*(1-3^(1/ 2))*2^(1/2)/(x^3+1)^(1/2))*(2-3^(1/2))*3^(3/4)*2^(1/2)-1/18*arctanh(1/2*3^(1/4)*(1-2*x+3^(1/2))*2^(1/2)/(x^3+1 )^(1/2))*(2-3^(1/2))*3^(3/4)*2^(1/2)
11_Welz_Problems	87	210	A	210	F	0	-1/18*arctan(1/2*3^(1/4)*(1-2*x-3^(1/2))*2^(1/2)/(x^3+1)^(1/2))*(2+3^(1/2))*3^(3/4)*2^(1/2)-1/36*arctan(1/2*3^ (1/4)*(1+x)*(1+3^(1/2))*2^(1/2)/(x^3+1)^(1/2))*(2+3^(1/2))*3^(3/4)*2^(1/2)+1/12*arctanh(1/2*3^(1/4)*(1+x)*(1-3 ^(1/2))*2^(1/2)/(x^3+1)^(1/2))*(2+3^(1/2))*3^(1/4)*2^(1/2)+1/18*arctanh(1/6*(1+3^(1/2))*(x^3+1)^(1/2)*3^(1/4)* 2^(1/2))*(2+3^(1/2))*3^(1/4)*2^(1/2)
11_Welz_Problems	88	222	A	222	F	0	1/36*arctan(1/2*3^(1/4)*(1-x)*(1-3^(1/2))*2^(1/2)/(x^3-1)^(1/2))*(2-3^(1/2))*3^(3/4)*2^(1/2)+1/18*arctan(1/2*3 ^(1/4)*(1+2*x+3^(1/2))*2^(1/2)/(x^3-1)^(1/2))*(2-3^(1/2))*3^(3/4)*2^(1/2)+1/12*arctanh(1/2*3^(1/4)*(1-x)*(1+3^ (1/2))*2^(1/2)/(x^3-1)^(1/2))*(2-3^(1/2))*3^(1/4)*2^(1/2)-1/18*arctanh(1/6*(1-3^(1/2))*(x^3-1)^(1/2)*3^(1/4)*2 ^(1/2))*(2-3^(1/2))*3^(1/4)*2^(1/2)
11_Welz_Problems	89	214	A	214	F	0	-1/12*arctan(1/2*3^(1/4)*(1-x)*(1-3^(1/2))*2^(1/2)/(x^3-1)^(1/2))*(2+3^(1/2))*3^(1/4)*2^(1/2)+1/18*arctan(1/6* (1+3^(1/2))*(x^3-1)^(1/2)*3^(1/4)*2^(1/2))*(2+3^(1/2))*3^(1/4)*2^(1/2)+1/18*arctanh(1/2*3^(1/4)*(1+2*x-3^(1/2) )*2^(1/2)/(x^3-1)^(1/2))*(2+3^(1/2))*3^(3/4)*2^(1/2)+1/36*arctanh(1/2*3^(1/4)*(1-x)*(1+3^(1/2))*2^(1/2)/(x^3-1 )^(1/2))*(2+3^(1/2))*3^(3/4)*2^(1/2)
11_Welz_Problems	90	65	A	65	F	0	1/3*arctanh((1+x-3^(1/2))^2/(-9+6*3^(1/2))^(1/2)/(-4+x^4+4*3^(1/2)*x^2)^(1/2))*(-3+2*3^(1/2))^(1/2)
11_Welz_Problems	91	63	A	63	F	0	-1/3*arctan((1+x+3^(1/2))^2/(9+6*3^(1/2))^(1/2)/(-4+x^4-4*3^(1/2)*x^2)^(1/2))*(3+2*3^(1/2))^(1/2)
11_Welz_Problems	92	53	A	53	F	0	ln(1+x)-3/2*ln(2+x-(x^3+2)^(1/3))+arctan(1/3*(1+2*(2+x)/(x^3+2)^(1/3))*3^(1/2))*3^(1/2)
11_Welz_Problems	93	108	A	108	F	0	-1/2*ln(1+x)+3/4*ln(2+x-(x^3+2)^(1/3))-1/4*ln(-x+(x^3+2)^(1/3))+1/6*arctan(1/3*(1+2*x/(x^3+2)^(1/3))*3^(1/2))* 3^(1/2)-1/2*arctan(1/3*(1+2*(2+x)/(x^3+2)^(1/3))*3^(1/2))*3^(1/2)
11_Welz_Problems	94	98	A	98	F	0	1/6*ln(-x^3+1)/(a+b)^(1/3)-1/2*ln((a+b)^(1/3)*x-(b*x^3+a)^(1/3))/(a+b)^(1/3)+1/3*arctan(1/3*(1+2*(a+b)^(1/3)*x /(b*x^3+a)^(1/3))*3^(1/2))/(a+b)^(1/3)*3^(1/2)
11_Welz_Problems	95	154	A	154	F	0	1/2*ln((a+b)^(1/3)-(b*x^3+a)^(1/3))/(a+b)^(1/3)-1/2*ln((a+b)^(1/3)*x-(b*x^3+a)^(1/3))/(a+b)^(1/3)+1/3*arctan(1 /3*(1+2*(a+b)^(1/3)*x/(b*x^3+a)^(1/3))*3^(1/2))/(a+b)^(1/3)*3^(1/2)+1/3*arctan(1/3*(1+2*(b*x^3+a)^(1/3)/(a+b)^ (1/3))*3^(1/2))/(a+b)^(1/3)*3^(1/2)
11_Welz_Problems	96	96	A	96	A	110	1/6*ln(-x^3+1)/(a+b)^(1/3)-1/2*ln((a+b)^(1/3)-(b*x^3+a)^(1/3))/(a+b)^(1/3)-1/3*arctan(1/3*(1+2*(b*x^3+a)^(1/3) /(a+b)^(1/3))*3^(1/2))/(a+b)^(1/3)*3^(1/2)
11_Welz_Problems	97	88	A	88	F	0	-1/12*ln(x^3+1)*2^(2/3)+1/4*ln(-2^(1/3)*x-(-x^3+1)^(1/3))*2^(2/3)-1/6*arctan(1/3*(1-2*2^(1/3)*x/(-x^3+1)^(1/3) )*3^(1/2))*2^(2/3)*3^(1/2)
11_Welz_Problems	98	233	A	233	F	0	1/24*ln((1-x)*(1+x)^2)*2^(2/3)+1/12*ln(1+2^(2/3)*(1-x)^2/(-x^3+1)^(2/3)-2^(1/3)*(1-x)/(-x^3+1)^(1/3))*2^(2/3)- 1/6*ln(1+2^(1/3)*(1-x)/(-x^3+1)^(1/3))*2^(2/3)-1/8*ln(-1+x+2^(2/3)*(-x^3+1)^(1/3))*2^(2/3)+1/6*arctan(1/3*(1-2 *2^(1/3)*(1-x)/(-x^3+1)^(1/3))*3^(1/2))*2^(2/3)*3^(1/2)+1/12*arctan(1/3*(1+2^(1/3)*(1-x)/(-x^3+1)^(1/3))*3^(1/ 2))*3^(1/2)*2^(2/3)
11_Welz_Problems	99	82	A	82	A	86	-1/12*ln(x^3+1)*2^(2/3)+1/4*ln(2^(1/3)-(-x^3+1)^(1/3))*2^(2/3)+1/6*arctan(1/3*(1+2^(2/3)*(-x^3+1)^(1/3))*3^(1/ 2))*2^(2/3)*3^(1/2)
11_Welz_Problems	100	135	B	-	F	0	1/4*ln(1+2^(2/3)*(1-x)^2/(-x^3+1)^(2/3)-2^(1/3)*(1-x)/(-x^3+1)^(1/3))*2^(2/3)-1/2*ln(1+2^(1/3)*(1-x)/(-x^3+1)^ (1/3))*2^(2/3)+1/2*arctan(1/3*(1-2*2^(1/3)*(1-x)/(-x^3+1)^(1/3))*3^(1/2))*2^(2/3)*3^(1/2)
11_Welz_Problems	101	135	B	-	F	0	1/4*ln(1+2^(2/3)*(1-x)^2/(-x^3+1)^(2/3)-2^(1/3)*(1-x)/(-x^3+1)^(1/3))*2^(2/3)-1/2*ln(1+2^(1/3)*(1-x)/(-x^3+1)^ (1/3))*2^(2/3)+1/2*arctan(1/3*(1-2*2^(1/3)*(1-x)/(-x^3+1)^(1/3))*3^(1/2))*2^(2/3)*3^(1/2)
11_Welz_Problems	102	119	B	-	F	0	-1/4*ln(1+2^(2/3)*(1+x)^2/(x^3+1)^(2/3)-2^(1/3)*(1+x)/(x^3+1)^(1/3))*2^(2/3)+1/2*ln(1+2^(1/3)*(1+x)/(x^3+1)^(1 /3))*2^(2/3)-1/2*arctan(1/3*(1-2*2^(1/3)*(1+x)/(x^3+1)^(1/3))*3^(1/2))*3^(1/2)*2^(2/3)
11_Welz_Problems	103	43	A	43	F	0	1/(-x^3+1)^(1/3)+x/(-x^3+1)^(1/3)-x^2*hypergeom([2/3, 4/3],[5/3],x^3)
11_Welz_Problems	104	43	A	43	F	0	1/(-x^3+1)^(1/3)+x/(-x^3+1)^(1/3)-x^2*hypergeom([2/3, 4/3],[5/3],x^3)
11_Welz_Problems	105	39	A	39	F	0	(1+(1-2*x)*x)/(-x^3+1)^(1/3)+x^2*hypergeom([1/3, 2/3],[5/3],x^3)
11_Welz_Problems	106	67	A	67	B	-	1/3*x*(-x^3+1)^(2/3)+1/3*ln(x+(-x^3+1)^(1/3))-2/9*arctan(1/3*(1-2*x/(-x^3+1)^(1/3))*3^(1/2))*3^(1/2)
11_Welz_Problems	107	70	A	70	A	73	1/2*(-x^3+1)^(2/3)-1/2*ln(x)+1/2*ln(1-(-x^3+1)^(1/3))+1/3*arctan(1/3*(1+2*(-x^3+1)^(1/3))*3^(1/2))*3^(1/2)
11_Welz_Problems	108	384	A	384	F	0	1/2*(-x^3+1)^(2/3)/b-1/2*(a^3+b^3)*x^2*AppellF1(2/3,1/3,1,5/3,x^3,-b^3*x^3/a^3)/a^2/b^2+1/2*a*x^2*hypergeom([1 /3, 2/3],[5/3],x^3)/b^2-1/3*(a^3+b^3)^(2/3)*ln(b^3*x^3+a^3)/b^3+1/2*(a^3+b^3)^(2/3)*ln(-(a^3+b^3)^(1/3)*x/a-(- x^3+1)^(1/3))/b^3-1/2*a^2*ln(x+(-x^3+1)^(1/3))/b^3+1/2*(a^3+b^3)^(2/3)*ln((a^3+b^3)^(1/3)-b*(-x^3+1)^(1/3))/b^ 3+1/3*a^2*arctan(1/3*(1-2*x/(-x^3+1)^(1/3))*3^(1/2))/b^3*3^(1/2)-1/3*(a^3+b^3)^(2/3)*arctan(1/3*(1-2*(a^3+b^3) ^(1/3)*x/a/(-x^3+1)^(1/3))*3^(1/2))/b^3*3^(1/2)+1/3*(a^3+b^3)^(2/3)*arctan(1/3*(1+2*b*(-x^3+1)^(1/3)/(a^3+b^3) ^(1/3))*3^(1/2))/b^3*3^(1/2)
11_Welz_Problems	109	234	A	234	F	0	-1/3*(-x^3+1)^(2/3)/(x^3+1)+1/3*x*(-x^3+1)^(2/3)/(x^3+1)+2/3*x^2*(-x^3+1)^(2/3)/(x^3+1)+1/3*x^2*hypergeom([1/3 , 2/3],[5/3],x^3)-1/6*ln(2^(1/3)-(-x^3+1)^(1/3))*2^(2/3)+1/6*ln(-2^(1/3)*x-(-x^3+1)^(1/3))*2^(2/3)-1/9*arctan( 1/3*(1-2*2^(1/3)*x/(-x^3+1)^(1/3))*3^(1/2))*2^(2/3)*3^(1/2)-1/9*arctan(1/3*(1+2^(2/3)*(-x^3+1)^(1/3))*3^(1/2)) *2^(2/3)*3^(1/2)
11_Welz_Problems	110	199	A	250	F	0	(-x^3+1)^(2/3)/(x^2-x+1)+1/2*ln(2^(1/3)-(-x^3+1)^(1/3))*2^(2/3)-1/2*ln(-2^(1/3)*x-(-x^3+1)^(1/3))*2^(2/3)+ln(x +(-x^3+1)^(1/3))-2/3*arctan(1/3*(1-2*x/(-x^3+1)^(1/3))*3^(1/2))*3^(1/2)+1/3*arctan(1/3*(1-2*2^(1/3)*x/(-x^3+1) ^(1/3))*3^(1/2))*2^(2/3)*3^(1/2)+1/3*arctan(1/3*(1+2^(2/3)*(-x^3+1)^(1/3))*3^(1/2))*2^(2/3)*3^(1/2)
11_Welz_Problems	111	177	A	177	F	0	1/2*(-x^3+1)^(2/3)+1/2*x^2*hypergeom([1/3, 2/3],[5/3],x^3)-1/4*ln((1-x)*(1+x)^2)*2^(2/3)-1/2*ln(x+(-x^3+1)^(1/ 3))+3/4*ln(-1+x+2^(2/3)*(-x^3+1)^(1/3))*2^(2/3)+1/3*arctan(1/3*(1-2*x/(-x^3+1)^(1/3))*3^(1/2))*3^(1/2)-1/2*arc tan(1/3*(1+2^(1/3)*(1-x)/(-x^3+1)^(1/3))*3^(1/2))*3^(1/2)*2^(2/3)
11_Welz_Problems	112	177	A	177	F	0	1/2*(-x^3+1)^(2/3)+1/2*x^2*hypergeom([1/3, 2/3],[5/3],x^3)-1/4*ln((1-x)*(1+x)^2)*2^(2/3)-1/2*ln(x+(-x^3+1)^(1/ 3))+3/4*ln(-1+x+2^(2/3)*(-x^3+1)^(1/3))*2^(2/3)+1/3*arctan(1/3*(1-2*x/(-x^3+1)^(1/3))*3^(1/2))*3^(1/2)-1/2*arc tan(1/3*(1+2^(1/3)*(1-x)/(-x^3+1)^(1/3))*3^(1/2))*3^(1/2)*2^(2/3)
11_Welz_Problems	113	132	A	132	F	0	-1/6*ln(x^3+1)*2^(2/3)+1/2*ln(-2^(1/3)*x-(-x^3+1)^(1/3))*2^(2/3)-1/2*ln(x+(-x^3+1)^(1/3))+1/3*arctan(1/3*(1-2* x/(-x^3+1)^(1/3))*3^(1/2))*3^(1/2)-1/3*arctan(1/3*(1-2*2^(1/3)*x/(-x^3+1)^(1/3))*3^(1/2))*2^(2/3)*3^(1/2)
11_Welz_Problems	114	250	A	250	F	0	-1/2*x^2*hypergeom([1/3, 2/3],[5/3],x^3)+1/12*ln((1-x)*(1+x)^2)*2^(2/3)+1/6*ln(1+2^(2/3)*(1-x)^2/(-x^3+1)^(2/3 )-2^(1/3)*(1-x)/(-x^3+1)^(1/3))*2^(2/3)-1/3*ln(1+2^(1/3)*(1-x)/(-x^3+1)^(1/3))*2^(2/3)-1/4*ln(-1+x+2^(2/3)*(-x ^3+1)^(1/3))*2^(2/3)+1/3*arctan(1/3*(1-2*2^(1/3)*(1-x)/(-x^3+1)^(1/3))*3^(1/2))*2^(2/3)*3^(1/2)+1/6*arctan(1/3 *(1+2^(1/3)*(1-x)/(-x^3+1)^(1/3))*3^(1/2))*3^(1/2)*2^(2/3)
11_Welz_Problems	115	383	A	648	F	0	1/2*x^2*hypergeom([1/3, 2/3],[5/3],x^3)-1/12*ln((1-x)*(1+x)^2)*2^(2/3)-1/6*ln(x^3+1)*2^(2/3)-1/6*ln(1+2^(2/3)* (1-x)^2/(-x^3+1)^(2/3)-2^(1/3)*(1-x)/(-x^3+1)^(1/3))*2^(2/3)+1/3*ln(1+2^(1/3)*(1-x)/(-x^3+1)^(1/3))*2^(2/3)+1/ 2*ln(-2^(1/3)*x-(-x^3+1)^(1/3))*2^(2/3)-1/2*ln(x+(-x^3+1)^(1/3))+1/4*ln(-1+x+2^(2/3)*(-x^3+1)^(1/3))*2^(2/3)-1 /3*arctan(1/3*(1-2*2^(1/3)*(1-x)/(-x^3+1)^(1/3))*3^(1/2))*2^(2/3)*3^(1/2)-1/6*arctan(1/3*(1+2^(1/3)*(1-x)/(-x^ 3+1)^(1/3))*3^(1/2))*3^(1/2)*2^(2/3)+1/3*arctan(1/3*(1-2*x/(-x^3+1)^(1/3))*3^(1/2))*3^(1/2)-1/3*arctan(1/3*(1- 2*2^(1/3)*x/(-x^3+1)^(1/3))*3^(1/2))*2^(2/3)*3^(1/2)
11_Welz_Problems	116	272	A	272	F	0	1/6*ln(2^(2/3)+(-1+x)/(-x^3+1)^(1/3))*2^(1/3)-1/6*ln(1+2^(2/3)*(1-x)^2/(-x^3+1)^(2/3)-2^(1/3)*(1-x)/(-x^3+1)^( 1/3))*2^(1/3)+1/3*2^(1/3)*ln(1+2^(1/3)*(1-x)/(-x^3+1)^(1/3))-1/12*ln(2*2^(1/3)+(1-x)^2/(-x^3+1)^(2/3)+2^(2/3)* (1-x)/(-x^3+1)^(1/3))*2^(1/3)+1/3*2^(1/3)*arctan(1/3*(1-2*2^(1/3)*(1-x)/(-x^3+1)^(1/3))*3^(1/2))*3^(1/2)+1/6*a rctan(1/3*(1+2^(1/3)*(1-x)/(-x^3+1)^(1/3))*3^(1/2))*2^(1/3)*3^(1/2)
12_Wester_Problems	1	40	A	40	A	23	-49/20/(-1+2*x)^(5/2)+7/2/(-1+2*x)^(3/2)-9/4/(-1+2*x)^(1/2)
12_Wester_Problems	2	24	A	24	A	35	-1/10*arctanh(1/5*exp(m*x)*10^(1/2))/m*10^(1/2)
12_Wester_Problems	3	42	A	42	F(-2)	0	2*arctan((a-b)^(1/2)*tan(1/2*x)/(a+b)^(1/2))/(a-b)^(1/2)/(a+b)^(1/2)
12_Wester_Problems	4	15	A	15	A	15	1/4*ln(3+4*tan(1/2*x))
12_Wester_Problems	5	21	A	21	A	29	-1/3*ln(4+3*cot(1/4*Pi+1/2*x))
12_Wester_Problems	6	12	A	21	A	15	-1/(2+tan(1/2*x))
12_Wester_Problems	7	43	A	43	A	23	1/11*11^(1/2)*x+2/11*arctan((4*cos(x)-3*sin(x))/(6+3*cos(x)+4*sin(x)+11^(1/2)))*11^(1/2)
12_Wester_Problems	8	30	A	30	A	34	-2*x+2*a*arctanh(x/a)+1/2*x*ln((-a^2+x^2)^2)
