# section 6: 283 C entries, answers dumped (all switches default)
# maxima: Maxima-version: "branch_5_50_base_84_g4204fb669"
# maxima: Maxima build date: "2026-08-31 13:27:47"
## 6 Hyperbolic functions/6.1 Hyperbolic sine/6.1.1 (c+d x)^m (a+b sinh)^n.mac e6 L17
GRADE C 112 4
ANSWER %i*((b*((cosh((%i*(%i*a+%pi/2)*d+b*c)/d)*expintegral_shi(b*x+(b*c)/d))/d-(sinh((%i*(%i*a+%pi/2)*d+b*c)/d)*expintegral_chi(b*x+(b*c)/d))/d))/d+(%i*sinh(b*x+a))/(d*(d*x+c)))
OPTIMAL1 -((b*sinh((b*c)/d-a)*expintegral_shi(b*x+(b*c)/d))/d^2)+(b*cosh((b*c)/d-a)*expintegral_chi(b*x+(b*c)/d))/d^2-sinh(b*x+a)/(d*(d*x+c))
## 6 Hyperbolic functions/6.1 Hyperbolic sine/6.1.1 (c+d x)^m (a+b sinh)^n.mac e12 L23
GRADE C 108 4
ANSWER -(log(d*x+c)/(2*d))-((sin((2*%i*b*c-(2*%i*a+%pi/2)*d)/d)*expintegral_chi(2*b*x+(2*b*c)/d))/d-(%i*cos((2*%i*b*c-(2*%i*a+%pi/2)*d)/d)*expintegral_shi(2*b*x+(2*b*c)/d))/d)/2
OPTIMAL1 -(log(d*x+c)/(2*d))-(sinh((2*b*c)/d-2*a)*expintegral_shi(2*b*x+(2*b*c)/d))/(2*d)+(cosh((2*b*c)/d-2*a)*expintegral_chi(2*b*x+(2*b*c)/d))/(2*d)
## 6 Hyperbolic functions/6.1 Hyperbolic sine/6.1.1 (c+d x)^m (a+b sinh)^n.mac e14 L25
GRADE C 182 4
ANSWER (2*b^2*(-(log(d*x+c)/(2*d))-((sin((2*%i*b*c-(2*%i*a+%pi/2)*d)/d)*expintegral_chi(2*b*x+(2*b*c)/d))/d-(%i*cos((2*%i*b*c-(2*%i*a+%pi/2)*d)/d)*expintegral_shi(2*b*x+(2*b*c)/d))/d)/2))/d^2+(b^2*log(d*x+c))/d^3-sinh(b*x+a)^2/(2*d*(-(d*x)-c)^2)+(b*cosh(b*x+a)*sinh(b*x+a))/(d^2*(-(d*x)-c))
OPTIMAL1 -((b^2*sinh((2*b*c)/d-2*a)*expintegral_shi(2*b*x+(2*b*c)/d))/d^3)+(b^2*cosh((2*b*c)/d-2*a)*expintegral_chi(2*b*x+(2*b*c)/d))/d^3-sinh(b*x+a)^2/(2*d*(d*x+c)^2)-(b*cosh(b*x+a)*sinh(b*x+a))/(d^2*(d*x+c))
## 6 Hyperbolic functions/6.1 Hyperbolic sine/6.1.1 (c+d x)^m (a+b sinh)^n.mac e21 L32
GRADE C 219 4
ANSWER -(%i*((%i*sinh(b*x+a)^3)/(d*(-(d*x)-c))-(3*b*((-((cosh((-(%i*(%i*a+%pi/2)*d)-b*c)/d)*expintegral_shi(b*x+(b*c)/d))/d)-(sinh((-(%i*(%i*a+%pi/2)*d)-b*c)/d)*expintegral_chi(b*x+(b*c)/d))/d)/4-(-((cosh((-(%i*(3*%i*a+%pi/2)*d)-3*b*c)/d)*expintegral_shi(3*b*x+(3*b*c)/d))/d)-(sinh((-(%i*(3*%i*a+%pi/2)*d)-3*b*c)/d)*expintegral_chi(3*b*x+(3*b*c)/d))/d)/4))/d))
OPTIMAL1 -((3*b*sinh((3*b*c)/d-3*a)*expintegral_shi(3*b*x+(3*b*c)/d))/(4*d^2))+(3*b*cosh((3*b*c)/d-3*a)*expintegral_chi(3*b*x+(3*b*c)/d))/(4*d^2)+(3*b*sinh((b*c)/d-a)*expintegral_shi(b*x+(b*c)/d))/(4*d^2)-(3*b*cosh((b*c)/d-a)*expintegral_chi(b*x+(b*c)/d))/(4*d^2)-sinh(b*x+a)^3/(d*(d*x+c))
## 6 Hyperbolic functions/6.1 Hyperbolic sine/6.1.1 (c+d x)^m (a+b sinh)^n.mac e30 L43
GRADE C 35 3
ANSWER (d*log(%i*sinh(b*x+a)))/b^2+((-(d*x)-c)*coth(b*x+a))/b
OPTIMAL1 (d*log(sinh(b*x+a)))/b^2+((-(d*x)-c)*coth(b*x+a))/b
## 6 Hyperbolic functions/6.1 Hyperbolic sine/6.1.1 (c+d x)^m (a+b sinh)^n.mac e161 L220
GRADE C 127 4
ANSWER %i*b*((f*((cosh((c*f+%i*d*(%i*e+%pi/2))/d)*expintegral_shi(f*x+(c*f)/d))/d-(sinh((c*f+%i*d*(%i*e+%pi/2))/d)*expintegral_chi(f*x+(c*f)/d))/d))/d+(%i*sinh(f*x+e))/(d*(d*x+c)))-a/(d*(d*x+c))
OPTIMAL1 -((b*f*sinh((c*f)/d-e)*expintegral_shi(f*x+(c*f)/d))/d^2)+(b*f*cosh((c*f)/d-e)*expintegral_chi(f*x+(c*f)/d))/d^2-(b*sinh(f*x+e))/(d*(d*x+c))-a/(d*(d*x+c))
## 6 Hyperbolic functions/6.1 Hyperbolic sine/6.1.1 (c+d x)^m (a+b sinh)^n.mac e166 L225
GRADE C 188 4
ANSWER b^2*(-(((sin((2*%i*c*f-d*(2*%i*e+%pi/2))/d)*expintegral_chi(2*f*x+(2*c*f)/d))/d-(%i*cos((2*%i*c*f-d*(2*%i*e+%pi/2))/d)*expintegral_shi(2*f*x+(2*c*f)/d))/d)/2)-log(d*x+c)/(2*d))+2*a*b*((cosh((c*f-d*e)/d)*expintegral_shi(f*x+(c*f)/d))/d-(sinh((c*f-d*e)/d)*expintegral_chi(f*x+(c*f)/d))/d)+(a^2*log(d*x+c))/d
OPTIMAL1 -((b^2*sinh((2*c*f)/d-2*e)*expintegral_shi(2*f*x+(2*c*f)/d))/(2*d))+(b^2*cosh((2*c*f)/d-2*e)*expintegral_chi(2*f*x+(2*c*f)/d))/(2*d)+(2*a*b*cosh((c*f)/d-e)*expintegral_shi(f*x+(c*f)/d))/d-(2*a*b*sinh((c*f)/d-e)*expintegral_chi(f*x+(c*f)/d))/d-(b^2*log(d*x+c))/(2*d)+(a^2*log(d*x+c))/d
## 6 Hyperbolic functions/6.1 Hyperbolic sine/6.1.1 (c+d x)^m (a+b sinh)^n.mac e167 L226
GRADE C 232 4
ANSWER b^2*(sinh(f*x+e)^2/(d*(-(d*x)-c))-(2*f*(-((cosh((2*d*e-2*c*f)/d)*expintegral_shi(2*f*x+(2*c*f)/d))/(2*d))-(sinh((2*d*e-2*c*f)/d)*expintegral_chi(2*f*x+(2*c*f)/d))/(2*d)))/d)+2*%i*a*b*((f*((cosh((c*f+%i*d*(%i*e+%pi/2))/d)*expintegral_shi(f*x+(c*f)/d))/d-(sinh((c*f+%i*d*(%i*e+%pi/2))/d)*expintegral_chi(f*x+(c*f)/d))/d))/d+(%i*sinh(f*x+e))/(d*(d*x+c)))-a^2/(d*(d*x+c))
OPTIMAL1 (b^2*f*cosh((2*c*f)/d-2*e)*expintegral_shi(2*f*x+(2*c*f)/d))/d^2-(b^2*f*sinh((2*c*f)/d-2*e)*expintegral_chi(2*f*x+(2*c*f)/d))/d^2-(2*a*b*f*sinh((c*f)/d-e)*expintegral_shi(f*x+(c*f)/d))/d^2+(2*a*b*f*cosh((c*f)/d-e)*expintegral_chi(f*x+(c*f)/d))/d^2-(b^2*sinh(f*x+e)^2)/(d*(d*x+c))-(2*a*b*sinh(f*x+e))/(d*(d*x+c))-a^2/(d*(d*x+c))
## 6 Hyperbolic functions/6.1 Hyperbolic sine/6.1.1 (c+d x)^m (a+b sinh)^n.mac e168 L227
GRADE C 326 4
ANSWER b^2*((2*f^2*(-(((sin((2*%i*c*f-d*(2*%i*e+%pi/2))/d)*expintegral_chi(2*f*x+(2*c*f)/d))/d-(%i*cos((2*%i*c*f-d*(2*%i*e+%pi/2))/d)*expintegral_shi(2*f*x+(2*c*f)/d))/d)/2)-log(d*x+c)/(2*d)))/d^2-sinh(f*x+e)^2/(2*d*(-(d*x)-c)^2)+(f*cosh(f*x+e)*sinh(f*x+e))/(d^2*(-(d*x)-c))+(f^2*log(d*x+c))/d^3)+2*a*b*(-((f*(-((f*((cosh((c*f-d*e)/d)*expintegral_shi(f*x+(c*f)/d))/d-(sinh((c*f-d*e)/d)*expintegral_chi(f*x+(c*f)/d))/d))/d)-cosh(f*x+e)/(d*(-(d*x)-c))))/(2*d))-sinh(f*x+e)/(2*d*(-(d*x)-c)^2))-a^2/(2*d*(d*x+c)^2)
OPTIMAL1 -((b^2*f^2*sinh((2*c*f)/d-2*e)*expintegral_shi(2*f*x+(2*c*f)/d))/d^3)+(b^2*f^2*cosh((2*c*f)/d-2*e)*expintegral_chi(2*f*x+(2*c*f)/d))/d^3+(a*b*f^2*cosh((c*f)/d-e)*expintegral_shi(f*x+(c*f)/d))/d^3-(a*b*f^2*sinh((c*f)/d-e)*expintegral_chi(f*x+(c*f)/d))/d^3-(b^2*sinh(f*x+e)^2)/(2*d*(d*x+c)^2)-(b^2*f*cosh(f*x+e)*sinh(f*x+e))/(d^2*(d*x+c))-(a*b*sinh(f*x+e))/(d*(d*x+c)^2)-(a*b*f*cosh(f*x+e))/(d^2*(d*x+c))-a^2/(2*d*(d*x+c)^2)
## 6 Hyperbolic functions/6.1 Hyperbolic sine/6.1.1 (c+d x)^m (a+b sinh)^n.mac e245 L328
GRADE C 336 4
ANSWER ((f*log(%i*sinh(d*x+c)))/d^2+((-(f*x)-e)*coth(d*x+c))/d)/a-(b*((-((2*atanh(%e^(d*x+c))*(f*x+e))/d)+(li[2](%e^(d*x+c))*f)/d^2-(li[2](-%e^(d*x+c))*f)/d^2)/a-(2*b*((2*b*((log((2*%e^(d*x+c)*b)/(2*a-sqrt(4*b^2+4*a^2))+1)*(f*x+e))/(2*b*d)+(li[2](-((2*%e^(d*x+c)*b)/(2*a-sqrt(4*b^2+4*a^2))))*f)/(2*b*d^2)))/sqrt(4*b^2+4*a^2)-(2*b*((log((2*%e^(d*x+c)*b)/(sqrt(4*b^2+4*a^2)+2*a)+1)*(f*x+e))/(2*b*d)+(li[2](-((2*%e^(d*x+c)*b)/(sqrt(4*b^2+4*a^2)+2*a)))*f)/(2*b*d^2)))/sqrt(4*b^2+4*a^2)))/a))/a
OPTIMAL1 (f*log(sinh(d*x+c)))/(a*d^2)-((f*x+e)*coth(d*x+c))/(a*d)-(b^2*log((%e^(d*x+c)*b)/(sqrt(b^2+a^2)+a)+1)*(f*x+e))/(a^2*sqrt(b^2+a^2)*d)+(b^2*log((%e^(d*x+c)*b)/(a-sqrt(b^2+a^2))+1)*(f*x+e))/(a^2*sqrt(b^2+a^2)*d)+(2*atanh(%e^(d*x+c))*b*(f*x+e))/(a^2*d)-(b^2*li[2](-((%e^(d*x+c)*b)/(sqrt(b^2+a^2)+a)))*f)/(a^2*sqrt(b^2+a^2)*d^2)+(b^2*li[2](-((%e^(d*x+c)*b)/(a-sqrt(b^2+a^2))))*f)/(a^2*sqrt(b^2+a^2)*d^2)-(li[2](%e^(d*x+c))*b*f)/(a^2*d^2)+(li[2](-%e^(d*x+c))*b*f)/(a^2*d^2)
## 6 Hyperbolic functions/6.1 Hyperbolic sine/6.1.1 (c+d x)^m (a+b sinh)^n.mac e250 L333
GRADE C 441 4
ANSWER -((b*(((f*log(%i*sinh(d*x+c)))/d^2+((-(f*x)-e)*coth(d*x+c))/d)/a-(b*((-((2*atanh(%e^(d*x+c))*(f*x+e))/d)+(li[2](%e^(d*x+c))*f)/d^2-(li[2](-%e^(d*x+c))*f)/d^2)/a-(2*b*((2*b*((log((2*%e^(d*x+c)*b)/(2*a-sqrt(4*b^2+4*a^2))+1)*(f*x+e))/(2*b*d)+(li[2](-((2*%e^(d*x+c)*b)/(2*a-sqrt(4*b^2+4*a^2))))*f)/(2*b*d^2)))/sqrt(4*b^2+4*a^2)-(2*b*((log((2*%e^(d*x+c)*b)/(sqrt(4*b^2+4*a^2)+2*a)+1)*(f*x+e))/(2*b*d)+(li[2](-((2*%e^(d*x+c)*b)/(sqrt(4*b^2+4*a^2)+2*a)))*f)/(2*b*d^2)))/sqrt(4*b^2+4*a^2)))/a))/a))/a)-(((f*x+e)*coth(d*x+c)*csch(d*x+c))/(2*d)+(f*csch(d*x+c))/(2*d^2)-((2*atanh(%e^(d*x+c))*(f*x+e))/d-(li[2](%e^(d*x+c))*f)/d^2+(li[2](-%e^(d*x+c))*f)/d^2)/2)/a
OPTIMAL1 -((b*f*log(sinh(d*x+c)))/(a^2*d^2))-((f*x+e)*coth(d*x+c)*csch(d*x+c))/(2*a*d)-(f*csch(d*x+c))/(2*a*d^2)+(b*(f*x+e)*coth(d*x+c))/(a^2*d)+(b^3*log((%e^(d*x+c)*b)/(sqrt(b^2+a^2)+a)+1)*(f*x+e))/(a^3*sqrt(b^2+a^2)*d)-(b^3*log((%e^(d*x+c)*b)/(a-sqrt(b^2+a^2))+1)*(f*x+e))/(a^3*sqrt(b^2+a^2)*d)-(2*atanh(%e^(d*x+c))*b^2*(f*x+e))/(a^3*d)+(atanh(%e^(d*x+c))*(f*x+e))/(a*d)+(b^3*li[2](-((%e^(d*x+c)*b)/(sqrt(b^2+a^2)+a)))*f)/(a^3*sqrt(b^2+a^2)*d^2)-(b^3*li[2](-((%e^(d*x+c)*b)/(a-sqrt(b^2+a^2))))*f)/(a^3*sqrt(b^2+a^2)*d^2)+(li[2](%e^(d*x+c))*b^2*f)/(a^3*d^2)-(li[2](-%e^(d*x+c))*b^2*f)/(a^3*d^2)-(li[2](%e^(d*x+c))*f)/(2*a*d^2)+(li[2](-%e^(d*x+c))*f)/(2*a*d^2)
## 6 Hyperbolic functions/6.1 Hyperbolic sine/6.1.1 (c+d x)^m (a+b sinh)^n.mac e443 L594
GRADE C 150 3
ANSWER (-((4*b^3*atanh((2*b-2*a*tanh((d*x+c)/2))/sqrt(4*b^2+4*a^2)))/(sqrt(4*b^2+4*a^2)*(-(a*b^2)-a^3)))+log(%i*tanh((d*x+c)/2))/a+1/((%i*b+a)*(%i*tanh((d*x+c)/2)+1))+1/((%i*b-a)*(%i*tanh((d*x+c)/2)-1)))/d
OPTIMAL1 -(atanh(cosh(d*x+c))/(a*d))+(2*b^3*atanh((b-a*tanh((d*x+c)/2))/sqrt(b^2+a^2)))/(a*(b^2+a^2)^(3/2)*d)-(b*sech(d*x+c)*(a*sinh(d*x+c)+b))/(a*(b^2+a^2)*d)+sech(d*x+c)/(a*d)
## 6 Hyperbolic functions/6.1 Hyperbolic sine/6.1.1 (c+d x)^m (a+b sinh)^n.mac e471 L630
GRADE C 201 3
ANSWER (%i*(-((8*%i*b^4*atanh((2*b-2*a*tanh((d*x+c)/2))/sqrt(4*b^2+4*a^2)))/(sqrt(4*b^2+4*a^2)*(-(a^2*b^2)-a^4)))+(2*%i*b*log(%i*tanh((d*x+c)/2)))/a^2-2/((%i*b+a)*(%i*tanh((d*x+c)/2)+1))+2/((%i*b-a)*(%i*tanh((d*x+c)/2)-1))+(%i*tanh((d*x+c)/2))/a+%i/(a*tanh((d*x+c)/2))))/(2*d)
OPTIMAL1 (b*atanh(cosh(d*x+c)))/(a^2*d)-(2*b^4*atanh((b-a*tanh((d*x+c)/2))/sqrt(b^2+a^2)))/(a^2*(b^2+a^2)^(3/2)*d)-tanh(d*x+c)/(a*d)+(b^2*sech(d*x+c)*(a*sinh(d*x+c)+b))/(a^2*(b^2+a^2)*d)-(b*sech(d*x+c))/(a^2*d)-coth(d*x+c)/(a*d)
## 6 Hyperbolic functions/6.1 Hyperbolic sine/6.1.1 (c+d x)^m (a+b sinh)^n.mac e477 L642
GRADE C 538 4
ANSWER ((f*((f*log(%i*sinh(d*x+c)))/d^2+((-(f*x)-e)*coth(d*x+c))/d))/d-((f*x+e)^2*csch(d*x+c)^2)/(2*d))/a-(b*((-(((f*x+e)^2*csch(d*x+c))/d)-(2*f*((2*atanh(%e^(d*x+c))*(f*x+e))/d-(li[2](%e^(d*x+c))*f)/d^2+(li[2](-%e^(d*x+c))*f)/d^2))/d)/a-(b*(-((b*(-((f*x+e)^3/(3*b*f))+(log((%e^(d*x+c)*b)/(sqrt(b^2+a^2)+a)+1)*(f*x+e)^2)/(b*d)+(log((%e^(d*x+c)*b)/(a-sqrt(b^2+a^2))+1)*(f*x+e)^2)/(b*d)-(2*f*((li[2](-((%e^(d*x+c)*b)/(sqrt(b^2+a^2)+a)))*(-(f*x)-e))/d+(li[3](-((%e^(d*x+c)*b)/(sqrt(b^2+a^2)+a)))*f)/d^2))/(b*d)-(2*f*((li[2](-((%e^(d*x+c)*b)/(a-sqrt(b^2+a^2))))*(-(f*x)-e))/d+(li[3](-((%e^(d*x+c)*b)/(a-sqrt(b^2+a^2))))*f)/d^2))/(b*d)))/a)-((f*x+e)^3/(3*f)-2*((log(1-%e^(2*(d*x+c)))*(f*x+e)^2)/(2*d)-(f*((li[2](%e^(2*(d*x+c)))*(-(f*x)-e))/(2*d)+(li[3](%e^(2*(d*x+c)))*f)/(4*d^2)))/d))/a))/a))/a
OPTIMAL1 (f^2*log(sinh(d*x+c)))/(a*d^3)-((f*x+e)^2*csch(d*x+c)^2)/(2*a*d)+(b*(f*x+e)^2*csch(d*x+c))/(a^2*d)-(f*(f*x+e)*coth(d*x+c))/(a*d^2)-(b^2*log((%e^(d*x+c)*b)/(sqrt(b^2+a^2)+a)+1)*(f*x+e)^2)/(a^3*d)-(b^2*log((%e^(d*x+c)*b)/(a-sqrt(b^2+a^2))+1)*(f*x+e)^2)/(a^3*d)+(log(1-%e^(2*(d*x+c)))*b^2*(f*x+e)^2)/(a^3*d)-(2*b^2*li[2](-((%e^(d*x+c)*b)/(sqrt(b^2+a^2)+a)))*f*(f*x+e))/(a^3*d^2)-(2*b^2*li[2](-((%e^(d*x+c)*b)/(a-sqrt(b^2+a^2))))*f*(f*x+e))/(a^3*d^2)+(li[2](%e^(2*(d*x+c)))*b^2*f*(f*x+e))/(a^3*d^2)+(4*atanh(%e^(d*x+c))*b*f*(f*x+e))/(a^2*d^2)+(2*b^2*li[3](-((%e^(d*x+c)*b)/(sqrt(b^2+a^2)+a)))*f^2)/(a^3*d^3)+(2*b^2*li[3](-((%e^(d*x+c)*b)/(a-sqrt(b^2+a^2))))*f^2)/(a^3*d^3)-(li[3](%e^(2*(d*x+c)))*b^2*f^2)/(2*a^3*d^3)-(2*li[2](%e^(d*x+c))*b*f^2)/(a^2*d^3)+(2*li[2](-%e^(d*x+c))*b*f^2)/(a^2*d^3)
## 6 Hyperbolic functions/6.1 Hyperbolic sine/6.1.1 (c+d x)^m (a+b sinh)^n.mac e498 L667
GRADE C 241 3
ANSWER -(((16*b^5*atanh((2*b-2*a*tanh((d*x+c)/2))/sqrt(4*b^2+4*a^2)))/(sqrt(4*b^2+4*a^2)*(-(a^3*b^2)-a^5))-((4*b^2-6*a^2)*log(%i*tanh((d*x+c)/2)))/a^3+4/((%i*b+a)*(%i*tanh((d*x+c)/2)+1))+4/((%i*b-a)*(%i*tanh((d*x+c)/2)-1))-tanh((d*x+c)/2)^2/(2*a)-(2*b*tanh((d*x+c)/2))/a^2-(2*b)/(a^2*tanh((d*x+c)/2))+1/(2*a*tanh((d*x+c)/2)^2))/(4*d))
OPTIMAL1 -((b^2*atanh(cosh(d*x+c)))/(a^3*d))+(3*atanh(cosh(d*x+c)))/(2*a*d)+(2*b^5*atanh((b-a*tanh((d*x+c)/2))/sqrt(b^2+a^2)))/(a^3*(b^2+a^2)^(3/2)*d)+(b*tanh(d*x+c))/(a^2*d)-(b^3*sech(d*x+c)*(a*sinh(d*x+c)+b))/(a^3*(b^2+a^2)*d)-(csch(d*x+c)^2*sech(d*x+c))/(2*a*d)+(b^2*sech(d*x+c))/(a^3*d)-(3*sech(d*x+c))/(2*a*d)+(b*coth(d*x+c))/(a^2*d)
## 6 Hyperbolic functions/6.1 Hyperbolic sine/6.1.5 Hyperbolic sine functions.mac e305 L406
GRADE C 27 5
ANSWER -((%e^(2*(b*x+a))*hypergeometric([1,1],[2],%e^(2*(b*x+a))))/b)
OPTIMAL1 log(1-%e^(2*b*x+2*a))/b
## 6 Hyperbolic functions/6.1 Hyperbolic sine/6.1.7 hyper^m (a+b sinh^n)^p.mac e29 L42
GRADE C 230 3
ANSWER -((a^3*((2*%i*atan((2*sqrt(b)-2*%i*sqrt(a)*tanh((d*x+c)/2))/sqrt(4*a-4*b)))/(sqrt(a)*sqrt(4*a-4*b)*d)-(2*%i*atan((2*%i*sqrt(a)*tanh((d*x+c)/2)+2*sqrt(b))/sqrt(4*a-4*b)))/(sqrt(a)*sqrt(4*a-4*b)*d)))/b^3)+((cosh(d*x+c)*sinh(d*x+c)^3)/(4*d)+(3*(x/2-(cosh(d*x+c)*sinh(d*x+c))/(2*d)))/4)/b-(a*((cosh(d*x+c)*sinh(d*x+c))/(2*d)-x/2))/b^2+(a^2*x)/b^3
OPTIMAL1 -((a^(5/2)*atanh((sqrt(a-b)*tanh(d*x+c))/sqrt(a)))/(sqrt(a-b)*b^3*d))+(cosh(d*x+c)*sinh(d*x+c)^3)/(4*b*d)-((3*b+4*a)*cosh(d*x+c)*sinh(d*x+c))/(8*b^2*d)+((3*b^2+4*a*b+8*a^2)*x)/(8*b^3)
## 6 Hyperbolic functions/6.1 Hyperbolic sine/6.1.7 hyper^m (a+b sinh^n)^p.mac e31 L44
GRADE C 171 3
ANSWER (a^2*((2*%i*atan((2*sqrt(b)-2*%i*sqrt(a)*tanh((d*x+c)/2))/sqrt(4*a-4*b)))/(sqrt(a)*sqrt(4*a-4*b)*d)-(2*%i*atan((2*%i*sqrt(a)*tanh((d*x+c)/2)+2*sqrt(b))/sqrt(4*a-4*b)))/(sqrt(a)*sqrt(4*a-4*b)*d)))/b^2+((cosh(d*x+c)*sinh(d*x+c))/(2*d)-x/2)/b-(a*x)/b^2
OPTIMAL1 (a^(3/2)*atanh((sqrt(a-b)*tanh(d*x+c))/sqrt(a)))/(sqrt(a-b)*b^2*d)+(cosh(d*x+c)*sinh(d*x+c))/(2*b*d)-((b+2*a)*x)/(2*b^2)
## 6 Hyperbolic functions/6.1 Hyperbolic sine/6.1.7 hyper^m (a+b sinh^n)^p.mac e33 L46
GRADE C 139 3
ANSWER x/b-(a*((2*%i*atan((2*sqrt(b)-2*%i*sqrt(a)*tanh((d*x+c)/2))/sqrt(4*a-4*b)))/(sqrt(a)*sqrt(4*a-4*b)*d)-(2*%i*atan((2*%i*sqrt(a)*tanh((d*x+c)/2)+2*sqrt(b))/sqrt(4*a-4*b)))/(sqrt(a)*sqrt(4*a-4*b)*d)))/b
OPTIMAL1 x/b-(sqrt(a)*atanh((sqrt(a-b)*tanh(d*x+c))/sqrt(a)))/(sqrt(a-b)*b*d)
## 6 Hyperbolic functions/6.1 Hyperbolic sine/6.1.7 hyper^m (a+b sinh^n)^p.mac e35 L48
GRADE C 127 3
ANSWER (2*%i*atan((2*sqrt(b)-2*%i*sqrt(a)*tanh((d*x+c)/2))/sqrt(4*a-4*b)))/(sqrt(a)*sqrt(4*a-4*b)*d)-(2*%i*atan((2*%i*sqrt(a)*tanh((d*x+c)/2)+2*sqrt(b))/sqrt(4*a-4*b)))/(sqrt(a)*sqrt(4*a-4*b)*d)
OPTIMAL1 atanh((sqrt(a-b)*tanh(d*x+c))/sqrt(a))/(sqrt(a)*sqrt(a-b)*d)
## 6 Hyperbolic functions/6.1 Hyperbolic sine/6.1.7 hyper^m (a+b sinh^n)^p.mac e44 L57
GRADE C 179 3
ANSWER (cosh(d*x+c)*sinh(d*x+c))/(2*(a-b)*d*(b*sinh(d*x+c)^2+a))-((2*%i*atan((2*sqrt(b)-2*%i*sqrt(a)*tanh((d*x+c)/2))/sqrt(4*a-4*b)))/(sqrt(a)*sqrt(4*a-4*b)*d)-(2*%i*atan((2*%i*sqrt(a)*tanh((d*x+c)/2)+2*sqrt(b))/sqrt(4*a-4*b)))/(sqrt(a)*sqrt(4*a-4*b)*d))/(2*(a-b))
OPTIMAL1 (cosh(d*x+c)*sinh(d*x+c))/(2*(a-b)*d*(b*sinh(d*x+c)^2+a))-atanh((sqrt(a-b)*tanh(d*x+c))/sqrt(a))/(2*sqrt(a)*(a-b)^(3/2)*d)
## 6 Hyperbolic functions/6.1 Hyperbolic sine/6.1.7 hyper^m (a+b sinh^n)^p.mac e46 L59
GRADE C 191 3
ANSWER -(((b-2*a)*((2*%i*atan((2*sqrt(b)-2*%i*sqrt(a)*tanh((d*x+c)/2))/sqrt(4*a-4*b)))/(sqrt(a)*sqrt(4*a-4*b)*d)-(2*%i*atan((2*%i*sqrt(a)*tanh((d*x+c)/2)+2*sqrt(b))/sqrt(4*a-4*b)))/(sqrt(a)*sqrt(4*a-4*b)*d)))/(2*a*(a-b)))-(b*cosh(d*x+c)*sinh(d*x+c))/(2*a*(a-b)*d*(b*sinh(d*x+c)^2+a))
OPTIMAL1 ((2*a-b)*atanh((sqrt(a-b)*tanh(d*x+c))/sqrt(a)))/(2*a^(3/2)*(a-b)^(3/2)*d)-(b*cosh(d*x+c)*sinh(d*x+c))/(2*a*(a-b)*d*(b*sinh(d*x+c)^2+a))
## 6 Hyperbolic functions/6.1 Hyperbolic sine/6.1.7 hyper^m (a+b sinh^n)^p.mac e53 L66
GRADE C 259 3
ANSWER (cosh(d*x+c)*sinh(d*x+c))/(4*(a-b)*d*(b*sinh(d*x+c)^2+a)^2)-(((4*a^2-a*b)*((2*%i*atan((2*sqrt(b)-2*%i*sqrt(a)*tanh((d*x+c)/2))/sqrt(4*a-4*b)))/(sqrt(a)*sqrt(4*a-4*b)*d)-(2*%i*atan((2*%i*sqrt(a)*tanh((d*x+c)/2)+2*sqrt(b))/sqrt(4*a-4*b)))/(sqrt(a)*sqrt(4*a-4*b)*d)))/(2*a*(a-b))-((a*b+2*a^2)*cosh(d*x+c)*sinh(d*x+c))/(2*a*(a-b)*d*(b*sinh(d*x+c)^2+a)))/(4*a*(a-b))
OPTIMAL1 -(((4*a-b)*atanh((sqrt(a-b)*tanh(d*x+c))/sqrt(a)))/(8*a^(3/2)*(a-b)^(5/2)*d))+((b+2*a)*cosh(d*x+c)*sinh(d*x+c))/(8*a*(a-b)^2*d*(b*sinh(d*x+c)^2+a))+(cosh(d*x+c)*sinh(d*x+c))/(4*(a-b)*d*(b*sinh(d*x+c)^2+a)^2)
## 6 Hyperbolic functions/6.1 Hyperbolic sine/6.1.7 hyper^m (a+b sinh^n)^p.mac e55 L68
GRADE C 273 3
ANSWER -((((-(3*b^2)+8*a*b-8*a^2)*((2*%i*atan((2*sqrt(b)-2*%i*sqrt(a)*tanh((d*x+c)/2))/sqrt(4*a-4*b)))/(sqrt(a)*sqrt(4*a-4*b)*d)-(2*%i*atan((2*%i*sqrt(a)*tanh((d*x+c)/2)+2*sqrt(b))/sqrt(4*a-4*b)))/(sqrt(a)*sqrt(4*a-4*b)*d)))/(2*a*(a-b))-((b*(3*b-4*a)-2*a*b)*cosh(d*x+c)*sinh(d*x+c))/(2*a*(a-b)*d*(b*sinh(d*x+c)^2+a)))/(4*a*(a-b)))-(b*cosh(d*x+c)*sinh(d*x+c))/(4*a*(a-b)*d*(b*sinh(d*x+c)^2+a)^2)
OPTIMAL1 ((3*b^2-8*a*b+8*a^2)*atanh((sqrt(a-b)*tanh(d*x+c))/sqrt(a)))/(8*a^(5/2)*(a-b)^(5/2)*d)-(3*(2*a-b)*b*cosh(d*x+c)*sinh(d*x+c))/(8*a^2*(a-b)^2*d*(b*sinh(d*x+c)^2+a))-(b*cosh(d*x+c)*sinh(d*x+c))/(4*a*(a-b)*d*(b*sinh(d*x+c)^2+a)^2)
## 6 Hyperbolic functions/6.1 Hyperbolic sine/6.1.7 hyper^m (a+b sinh^n)^p.mac e60 L73
GRADE C 37 3
ANSWER (%i*cosh(x))/(2*(%i*sinh(x)+1))-(%i*cosh(x))/(2*(1-%i*sinh(x)))
OPTIMAL1 tanh(x)
## 6 Hyperbolic functions/6.1 Hyperbolic sine/6.1.7 hyper^m (a+b sinh^n)^p.mac e71 L88
GRADE C 292 4
ANSWER -((%i*(((%i*(a-4*b)*sinh(f*x+e)*sqrt(sinh(f*x+e)^2+1)*sqrt(b*sinh(f*x+e)^2+a))/(3*b)-(-((sqrt(a)*(-(a*(8*b^2-3*a*b-2*a^2))-b*(a^2-4*a*b))*sqrt((b*sinh(f*x+e)^2)/a+1)*elliptic_f(%i*asinh((sqrt(b)*sinh(f*x+e))/sqrt(a)),a/b))/(b^(3/2)*sqrt(b*sinh(f*x+e)^2+a)))-((8*b^2-3*a*b-2*a^2)*sqrt(b*sinh(f*x+e)^2+a)*elliptic_e(%i*asinh(sinh(f*x+e)),b/a))/(b*sqrt((b*sinh(f*x+e)^2)/a+1)))/(3*b))/5+(%i*sinh(f*x+e)^3*sqrt(sinh(f*x+e)^2+1)*sqrt(b*sinh(f*x+e)^2+a))/5))/f)
OPTIMAL1 -(((a-4*b)*sech(f*x+e)*sqrt(b*sinh(f*x+e)^2+a)*elliptic_f(atan(sinh(f*x+e)),1-b/a))/(15*b*f*sqrt((sech(f*x+e)^2*(b*sinh(f*x+e)^2+a))/a)))+((-(8*b^2)+3*a*b+2*a^2)*sech(f*x+e)*sqrt(b*sinh(f*x+e)^2+a)*elliptic_e(atan(sinh(f*x+e)),1-b/a))/(15*b^2*f*sqrt((sech(f*x+e)^2*(b*sinh(f*x+e)^2+a))/a))-((-(8*b^2)+3*a*b+2*a^2)*sqrt(b*sinh(f*x+e)^2+a)*tanh(f*x+e))/(15*b^2*f)+(cosh(f*x+e)*sinh(f*x+e)^3*sqrt(b*sinh(f*x+e)^2+a))/(5*f)+((a-4*b)*cosh(f*x+e)*sinh(f*x+e)*sqrt(b*sinh(f*x+e)^2+a))/(15*b*f)
## 6 Hyperbolic functions/6.1 Hyperbolic sine/6.1.7 hyper^m (a+b sinh^n)^p.mac e74 L91
GRADE C 125 4
ANSWER (%i*((%i*sqrt(sinh(f*x+e)^2+1)*sqrt(b*sinh(f*x+e)^2+a))/sinh(f*x+e)-(sqrt(a)*sqrt(b)*sqrt((b*sinh(f*x+e)^2)/a+1)*elliptic_e(%i*asinh((sqrt(b)*sinh(f*x+e))/sqrt(a)),a/b))/sqrt(b*sinh(f*x+e)^2+a)))/f
OPTIMAL1 (b*sech(f*x+e)*sqrt(b*sinh(f*x+e)^2+a)*elliptic_f(atan(sinh(f*x+e)),1-b/a))/(a*f*sqrt((sech(f*x+e)^2*(b*sinh(f*x+e)^2+a))/a))-(sech(f*x+e)*sqrt(b*sinh(f*x+e)^2+a)*elliptic_e(atan(sinh(f*x+e)),1-b/a))/(f*sqrt((sech(f*x+e)^2*(b*sinh(f*x+e)^2+a))/a))+(sqrt(b*sinh(f*x+e)^2+a)*tanh(f*x+e))/f-(coth(f*x+e)*sqrt(b*sinh(f*x+e)^2+a))/f
## 6 Hyperbolic functions/6.1 Hyperbolic sine/6.1.7 hyper^m (a+b sinh^n)^p.mac e75 L92
GRADE C 273 4
ANSWER -((%i*(((%i*(2*a-b)*sqrt(sinh(f*x+e)^2+1)*sqrt(b*sinh(f*x+e)^2+a))/(a*sinh(f*x+e))-(-((sqrt(a)*(-(a*(b^2-2*a*b))-a*b^2)*sqrt((b*sinh(f*x+e)^2)/a+1)*elliptic_f(%i*asinh((sqrt(b)*sinh(f*x+e))/sqrt(a)),a/b))/(b^(3/2)*sqrt(b*sinh(f*x+e)^2+a)))-((b^2-2*a*b)*sqrt(b*sinh(f*x+e)^2+a)*elliptic_e(%i*asinh(sinh(f*x+e)),b/a))/(b*sqrt((b*sinh(f*x+e)^2)/a+1)))/a)/3-(%i*sqrt(sinh(f*x+e)^2+1)*sqrt(b*sinh(f*x+e)^2+a))/(3*sinh(f*x+e)^3)))/f)
OPTIMAL1 -((b*sech(f*x+e)*sqrt(b*sinh(f*x+e)^2+a)*elliptic_f(atan(sinh(f*x+e)),1-b/a))/(3*a*f*sqrt((sech(f*x+e)^2*(b*sinh(f*x+e)^2+a))/a)))+((2*a-b)*sech(f*x+e)*sqrt(b*sinh(f*x+e)^2+a)*elliptic_e(atan(sinh(f*x+e)),1-b/a))/(3*a*f*sqrt((sech(f*x+e)^2*(b*sinh(f*x+e)^2+a))/a))-((2*a-b)*sqrt(b*sinh(f*x+e)^2+a)*tanh(f*x+e))/(3*a*f)-(coth(f*x+e)*csch(f*x+e)^2*sqrt(b*sinh(f*x+e)^2+a))/(3*f)+((2*a-b)*coth(f*x+e)*sqrt(b*sinh(f*x+e)^2+a))/(3*a*f)
## 6 Hyperbolic functions/6.1 Hyperbolic sine/6.1.7 hyper^m (a+b sinh^n)^p.mac e82 L99
GRADE C 406 4
ANSWER -((%i*((%i*b*sinh(f*x+e)^5*sqrt(sinh(f*x+e)^2+1)*sqrt(b*sinh(f*x+e)^2+a))/7-(-(((%i*(24*b^3-33*a*b^2+3*a^2*b)*sinh(f*x+e)*sqrt(sinh(f*x+e)^2+1)*sqrt(b*sinh(f*x+e)^2+a))/(3*b)-(-((sqrt(a)*(-(a*(-(48*b^4)+72*a*b^3-12*a^2*b^2-6*a^3*b))-b*(24*a*b^3-33*a^2*b^2+3*a^3*b))*sqrt((b*sinh(f*x+e)^2)/a+1)*elliptic_f(%i*asinh((sqrt(b)*sinh(f*x+e))/sqrt(a)),a/b))/(b^(3/2)*sqrt(b*sinh(f*x+e)^2+a)))-((-(48*b^4)+72*a*b^3-12*a^2*b^2-6*a^3*b)*sqrt(b*sinh(f*x+e)^2+a)*elliptic_e(%i*asinh(sinh(f*x+e)),b/a))/(b*sqrt((b*sinh(f*x+e)^2)/a+1)))/(3*b))/(5*b))-(%i*(8*a*b-6*b^2)*sinh(f*x+e)^3*sqrt(sinh(f*x+e)^2+1)*sqrt(b*sinh(f*x+e)^2+a))/(5*b))/7))/f)
OPTIMAL1 -(((8*b^2-11*a*b+a^2)*sech(f*x+e)*sqrt(b*sinh(f*x+e)^2+a)*elliptic_f(atan(sinh(f*x+e)),1-b/a))/(35*b*f*sqrt((sech(f*x+e)^2*(b*sinh(f*x+e)^2+a))/a)))+(2*(a-2*b)*(-(4*b^2)+4*a*b+a^2)*sech(f*x+e)*sqrt(b*sinh(f*x+e)^2+a)*elliptic_e(atan(sinh(f*x+e)),1-b/a))/(35*b^2*f*sqrt((sech(f*x+e)^2*(b*sinh(f*x+e)^2+a))/a))-(2*(a-2*b)*(-(4*b^2)+4*a*b+a^2)*sqrt(b*sinh(f*x+e)^2+a)*tanh(f*x+e))/(35*b^2*f)+(b*cosh(f*x+e)*sinh(f*x+e)^5*sqrt(b*sinh(f*x+e)^2+a))/(7*f)+(2*(4*a-3*b)*cosh(f*x+e)*sinh(f*x+e)^3*sqrt(b*sinh(f*x+e)^2+a))/(35*f)+((8*b^2-11*a*b+a^2)*cosh(f*x+e)*sinh(f*x+e)*sqrt(b*sinh(f*x+e)^2+a))/(35*b*f)
## 6 Hyperbolic functions/6.1 Hyperbolic sine/6.1.7 hyper^m (a+b sinh^n)^p.mac e85 L102
GRADE C 207 4
ANSWER (%i*(-((sqrt(a)*(2*a*b^2-a*(b^2+a*b))*sqrt((b*sinh(f*x+e)^2)/a+1)*elliptic_f(%i*asinh((sqrt(b)*sinh(f*x+e))/sqrt(a)),a/b))/(b^(3/2)*sqrt(b*sinh(f*x+e)^2+a)))-((b^2+a*b)*sqrt(b*sinh(f*x+e)^2+a)*elliptic_e(%i*asinh(sinh(f*x+e)),b/a))/(b*sqrt((b*sinh(f*x+e)^2)/a+1))+(%i*a*sqrt(sinh(f*x+e)^2+1)*sqrt(b*sinh(f*x+e)^2+a))/sinh(f*x+e)))/f
OPTIMAL1 (2*b*sech(f*x+e)*sqrt(b*sinh(f*x+e)^2+a)*elliptic_f(atan(sinh(f*x+e)),1-b/a))/(f*sqrt((sech(f*x+e)^2*(b*sinh(f*x+e)^2+a))/a))-((b+a)*sech(f*x+e)*sqrt(b*sinh(f*x+e)^2+a)*elliptic_e(atan(sinh(f*x+e)),1-b/a))/(f*sqrt((sech(f*x+e)^2*(b*sinh(f*x+e)^2+a))/a))+((b+a)*sqrt(b*sinh(f*x+e)^2+a)*tanh(f*x+e))/f-(a*coth(f*x+e)*sqrt(b*sinh(f*x+e)^2+a))/f
## 6 Hyperbolic functions/6.1 Hyperbolic sine/6.1.7 hyper^m (a+b sinh^n)^p.mac e86 L103
GRADE C 296 4
ANSWER -((%i*(((%i*(2*a^2-4*a*b)*sqrt(sinh(f*x+e)^2+1)*sqrt(b*sinh(f*x+e)^2+a))/(a*sinh(f*x+e))-(-((sqrt(a)*(-(a*(4*a*b^2-2*a^2*b))-b*(a^2*b-3*a*b^2))*sqrt((b*sinh(f*x+e)^2)/a+1)*elliptic_f(%i*asinh((sqrt(b)*sinh(f*x+e))/sqrt(a)),a/b))/(b^(3/2)*sqrt(b*sinh(f*x+e)^2+a)))-((4*a*b^2-2*a^2*b)*sqrt(b*sinh(f*x+e)^2+a)*elliptic_e(%i*asinh(sinh(f*x+e)),b/a))/(b*sqrt((b*sinh(f*x+e)^2)/a+1)))/a)/3-(%i*a*sqrt(sinh(f*x+e)^2+1)*sqrt(b*sinh(f*x+e)^2+a))/(3*sinh(f*x+e)^3)))/f)
OPTIMAL1 -(((a-3*b)*b*sech(f*x+e)*sqrt(b*sinh(f*x+e)^2+a)*elliptic_f(atan(sinh(f*x+e)),1-b/a))/(3*a*f*sqrt((sech(f*x+e)^2*(b*sinh(f*x+e)^2+a))/a)))+(2*(a-2*b)*sech(f*x+e)*sqrt(b*sinh(f*x+e)^2+a)*elliptic_e(atan(sinh(f*x+e)),1-b/a))/(3*f*sqrt((sech(f*x+e)^2*(b*sinh(f*x+e)^2+a))/a))-(2*(a-2*b)*sqrt(b*sinh(f*x+e)^2+a)*tanh(f*x+e))/(3*f)-(a*coth(f*x+e)*csch(f*x+e)^2*sqrt(b*sinh(f*x+e)^2+a))/(3*f)+(2*(a-2*b)*coth(f*x+e)*sqrt(b*sinh(f*x+e)^2+a))/(3*f)
## 6 Hyperbolic functions/6.1 Hyperbolic sine/6.1.7 hyper^m (a+b sinh^n)^p.mac e102 L121
GRADE C 207 4
ANSWER -((%i*((%i*sinh(f*x+e)*sqrt(sinh(f*x+e)^2+1)*sqrt(b*sinh(f*x+e)^2+a))/(3*b)-((2*(b+a)*sqrt(b*sinh(f*x+e)^2+a)*elliptic_e(%i*asinh(sinh(f*x+e)),b/a))/(b*sqrt((b*sinh(f*x+e)^2)/a+1))-(sqrt(a)*(2*a*(b+a)-a*b)*sqrt((b*sinh(f*x+e)^2)/a+1)*elliptic_f(%i*asinh((sqrt(b)*sinh(f*x+e))/sqrt(a)),a/b))/(b^(3/2)*sqrt(b*sinh(f*x+e)^2+a)))/(3*b)))/f)
OPTIMAL1 -((sech(f*x+e)*sqrt(b*sinh(f*x+e)^2+a)*elliptic_f(atan(sinh(f*x+e)),1-b/a))/(3*b*f*sqrt((sech(f*x+e)^2*(b*sinh(f*x+e)^2+a))/a)))+(2*(b+a)*sech(f*x+e)*sqrt(b*sinh(f*x+e)^2+a)*elliptic_e(atan(sinh(f*x+e)),1-b/a))/(3*b^2*f*sqrt((sech(f*x+e)^2*(b*sinh(f*x+e)^2+a))/a))-(2*(b+a)*sqrt(b*sinh(f*x+e)^2+a)*tanh(f*x+e))/(3*b^2*f)+(cosh(f*x+e)*sinh(f*x+e)*sqrt(b*sinh(f*x+e)^2+a))/(3*b*f)
## 6 Hyperbolic functions/6.1 Hyperbolic sine/6.1.7 hyper^m (a+b sinh^n)^p.mac e105 L124
GRADE C 208 4
ANSWER (%i*((b*((sqrt(a)*sqrt((b*sinh(f*x+e)^2)/a+1)*elliptic_f(%i*asinh((sqrt(b)*sinh(f*x+e))/sqrt(a)),a/b))/(sqrt(b)*sqrt(b*sinh(f*x+e)^2+a))-(sqrt(a)*sqrt((b*sinh(f*x+e)^2)/a+1)*elliptic_e(%i*asinh((sqrt(b)*sinh(f*x+e))/sqrt(a)),a/b))/(sqrt(b)*sqrt(b*sinh(f*x+e)^2+a))))/a+(%i*sqrt(sinh(f*x+e)^2+1)*sqrt(b*sinh(f*x+e)^2+a))/(a*sinh(f*x+e))))/f
OPTIMAL1 -((sech(f*x+e)*sqrt(b*sinh(f*x+e)^2+a)*elliptic_e(atan(sinh(f*x+e)),1-b/a))/(a*f*sqrt((sech(f*x+e)^2*(b*sinh(f*x+e)^2+a))/a)))+(sqrt(b*sinh(f*x+e)^2+a)*tanh(f*x+e))/(a*f)-(coth(f*x+e)*sqrt(b*sinh(f*x+e)^2+a))/(a*f)
## 6 Hyperbolic functions/6.1 Hyperbolic sine/6.1.7 hyper^m (a+b sinh^n)^p.mac e106 L125
GRADE C 277 4
ANSWER -((%i*(((%i*(2*b+2*a)*sqrt(sinh(f*x+e)^2+1)*sqrt(b*sinh(f*x+e)^2+a))/(a*sinh(f*x+e))-((2*(b^2+a*b)*sqrt(b*sinh(f*x+e)^2+a)*elliptic_e(%i*asinh(sinh(f*x+e)),b/a))/(b*sqrt((b*sinh(f*x+e)^2)/a+1))-(sqrt(a)*(2*a*(b^2+a*b)-a*b^2)*sqrt((b*sinh(f*x+e)^2)/a+1)*elliptic_f(%i*asinh((sqrt(b)*sinh(f*x+e))/sqrt(a)),a/b))/(b^(3/2)*sqrt(b*sinh(f*x+e)^2+a)))/a)/(3*a)-(%i*sqrt(sinh(f*x+e)^2+1)*sqrt(b*sinh(f*x+e)^2+a))/(3*a*sinh(f*x+e)^3)))/f)
OPTIMAL1 -((b*sech(f*x+e)*sqrt(b*sinh(f*x+e)^2+a)*elliptic_f(atan(sinh(f*x+e)),1-b/a))/(3*a^2*f*sqrt((sech(f*x+e)^2*(b*sinh(f*x+e)^2+a))/a)))+(2*(b+a)*sech(f*x+e)*sqrt(b*sinh(f*x+e)^2+a)*elliptic_e(atan(sinh(f*x+e)),1-b/a))/(3*a^2*f*sqrt((sech(f*x+e)^2*(b*sinh(f*x+e)^2+a))/a))-(2*(b+a)*sqrt(b*sinh(f*x+e)^2+a)*tanh(f*x+e))/(3*a^2*f)-(coth(f*x+e)*csch(f*x+e)^2*sqrt(b*sinh(f*x+e)^2+a))/(3*a*f)+(2*(b+a)*coth(f*x+e)*sqrt(b*sinh(f*x+e)^2+a))/(3*a^2*f)
## 6 Hyperbolic functions/6.1 Hyperbolic sine/6.1.7 hyper^m (a+b sinh^n)^p.mac e111 L130
GRADE C 309 4
ANSWER (%i*(((%i*(b-4*a)*sinh(f*x+e)*sqrt(sinh(f*x+e)^2+1)*sqrt(b*sinh(f*x+e)^2+a))/(3*b)-(-((sqrt(a)*(-(a*(-(2*b^2)-3*a*b+8*a^2))-b*(a*b-4*a^2))*sqrt((b*sinh(f*x+e)^2)/a+1)*elliptic_f(%i*asinh((sqrt(b)*sinh(f*x+e))/sqrt(a)),a/b))/(b^(3/2)*sqrt(b*sinh(f*x+e)^2+a)))-((-(2*b^2)-3*a*b+8*a^2)*sqrt(b*sinh(f*x+e)^2+a)*elliptic_e(%i*asinh(sinh(f*x+e)),b/a))/(b*sqrt((b*sinh(f*x+e)^2)/a+1)))/(3*b))/((a-b)*b)+(%i*a*sinh(f*x+e)^3*sqrt(sinh(f*x+e)^2+1))/((a-b)*b*sqrt(b*sinh(f*x+e)^2+a))))/f
OPTIMAL1 -(((4*a-b)*sech(f*x+e)*sqrt(b*sinh(f*x+e)^2+a)*elliptic_f(atan(sinh(f*x+e)),1-b/a))/(3*(a-b)*b^2*f*sqrt((sech(f*x+e)^2*(b*sinh(f*x+e)^2+a))/a)))+((-(2*b^2)-3*a*b+8*a^2)*sech(f*x+e)*sqrt(b*sinh(f*x+e)^2+a)*elliptic_e(atan(sinh(f*x+e)),1-b/a))/(3*(a-b)*b^3*f*sqrt((sech(f*x+e)^2*(b*sinh(f*x+e)^2+a))/a))-((-(2*b^2)-3*a*b+8*a^2)*sqrt(b*sinh(f*x+e)^2+a)*tanh(f*x+e))/(3*(a-b)*b^3*f)+((4*a-b)*cosh(f*x+e)*sinh(f*x+e)*sqrt(b*sinh(f*x+e)^2+a))/(3*(a-b)*b^2*f)-(a*cosh(f*x+e)*sinh(f*x+e)^3)/((a-b)*b*f*sqrt(b*sinh(f*x+e)^2+a))
## 6 Hyperbolic functions/6.1 Hyperbolic sine/6.1.7 hyper^m (a+b sinh^n)^p.mac e112 L131
GRADE C 221 4
ANSWER -((%i*((-((sqrt(a)*(-(a*(b-2*a))-a*b)*sqrt((b*sinh(f*x+e)^2)/a+1)*elliptic_f(%i*asinh((sqrt(b)*sinh(f*x+e))/sqrt(a)),a/b))/(b^(3/2)*sqrt(b*sinh(f*x+e)^2+a)))-((b-2*a)*sqrt(b*sinh(f*x+e)^2+a)*elliptic_e(%i*asinh(sinh(f*x+e)),b/a))/(b*sqrt((b*sinh(f*x+e)^2)/a+1)))/((a-b)*b)-(%i*a*sinh(f*x+e)*sqrt(sinh(f*x+e)^2+1))/((a-b)*b*sqrt(b*sinh(f*x+e)^2+a))))/f)
OPTIMAL1 (sech(f*x+e)*sqrt(b*sinh(f*x+e)^2+a)*elliptic_f(atan(sinh(f*x+e)),1-b/a))/((a-b)*b*f*sqrt((sech(f*x+e)^2*(b*sinh(f*x+e)^2+a))/a))-((2*a-b)*sech(f*x+e)*sqrt(b*sinh(f*x+e)^2+a)*elliptic_e(atan(sinh(f*x+e)),1-b/a))/((a-b)*b^2*f*sqrt((sech(f*x+e)^2*(b*sinh(f*x+e)^2+a))/a))+((2*a-b)*sqrt(b*sinh(f*x+e)^2+a)*tanh(f*x+e))/((a-b)*b^2*f)-(a*cosh(f*x+e)*sinh(f*x+e))/((a-b)*b*f*sqrt(b*sinh(f*x+e)^2+a))
## 6 Hyperbolic functions/6.1 Hyperbolic sine/6.1.7 hyper^m (a+b sinh^n)^p.mac e115 L134
GRADE C 292 4
ANSWER (%i*((%i*b*sqrt(sinh(f*x+e)^2+1))/(a*(a-b)*sinh(f*x+e)*sqrt(b*sinh(f*x+e)^2+a))-((%i*(2*b-a)*sqrt(sinh(f*x+e)^2+1)*sqrt(b*sinh(f*x+e)^2+a))/(a*sinh(f*x+e))-(-((sqrt(a)*(-(a*b^2)-a*(a*b-2*b^2))*sqrt((b*sinh(f*x+e)^2)/a+1)*elliptic_f(%i*asinh((sqrt(b)*sinh(f*x+e))/sqrt(a)),a/b))/(b^(3/2)*sqrt(b*sinh(f*x+e)^2+a)))-((a*b-2*b^2)*sqrt(b*sinh(f*x+e)^2+a)*elliptic_e(%i*asinh(sinh(f*x+e)),b/a))/(b*sqrt((b*sinh(f*x+e)^2)/a+1)))/a)/(a*(a-b))))/f
OPTIMAL1 -((b*sech(f*x+e)*sqrt(b*sinh(f*x+e)^2+a)*elliptic_f(atan(sinh(f*x+e)),1-b/a))/(a^2*(a-b)*f*sqrt((sech(f*x+e)^2*(b*sinh(f*x+e)^2+a))/a)))+((2*b-a)*sech(f*x+e)*sqrt(b*sinh(f*x+e)^2+a)*elliptic_e(atan(sinh(f*x+e)),1-b/a))/(a^2*(a-b)*f*sqrt((sech(f*x+e)^2*(b*sinh(f*x+e)^2+a))/a))+((a-2*b)*sqrt(b*sinh(f*x+e)^2+a)*tanh(f*x+e))/(a^2*(a-b)*f)-((a-2*b)*coth(f*x+e)*sqrt(b*sinh(f*x+e)^2+a))/(a^2*(a-b)*f)-(b*coth(f*x+e))/(a*(a-b)*f*sqrt(b*sinh(f*x+e)^2+a))
## 6 Hyperbolic functions/6.1 Hyperbolic sine/6.1.7 hyper^m (a+b sinh^n)^p.mac e120 L139
GRADE C 335 4
ANSWER (%i*(((%i*(-(a*(3*b-4*a))-3*a*b)*sinh(f*x+e)*sqrt(sinh(f*x+e)^2+1))/((a-b)*b*sqrt(b*sinh(f*x+e)^2+a))-(-((sqrt(a)*(-(a*(-(3*b^2)+13*a*b-8*a^2))-b*(4*a^2-6*a*b))*sqrt((b*sinh(f*x+e)^2)/a+1)*elliptic_f(%i*asinh((sqrt(b)*sinh(f*x+e))/sqrt(a)),a/b))/(b^(3/2)*sqrt(b*sinh(f*x+e)^2+a)))-((-(3*b^2)+13*a*b-8*a^2)*sqrt(b*sinh(f*x+e)^2+a)*elliptic_e(%i*asinh(sinh(f*x+e)),b/a))/(b*sqrt((b*sinh(f*x+e)^2)/a+1)))/((a-b)*b))/(3*(a-b)*b)+(%i*a*sinh(f*x+e)^3*sqrt(sinh(f*x+e)^2+1))/(3*(a-b)*b*(b*sinh(f*x+e)^2+a)^(3/2))))/f
OPTIMAL1 (2*(2*a-3*b)*sech(f*x+e)*sqrt(b*sinh(f*x+e)^2+a)*elliptic_f(atan(sinh(f*x+e)),1-b/a))/(3*(a-b)^2*b^2*f*sqrt((sech(f*x+e)^2*(b*sinh(f*x+e)^2+a))/a))-((3*b^2-13*a*b+8*a^2)*sech(f*x+e)*sqrt(b*sinh(f*x+e)^2+a)*elliptic_e(atan(sinh(f*x+e)),1-b/a))/(3*(a-b)^2*b^3*f*sqrt((sech(f*x+e)^2*(b*sinh(f*x+e)^2+a))/a))+((3*b^2-13*a*b+8*a^2)*sqrt(b*sinh(f*x+e)^2+a)*tanh(f*x+e))/(3*(a-b)^2*b^3*f)-(2*a*(2*a-3*b)*cosh(f*x+e)*sinh(f*x+e))/(3*(a-b)^2*b^2*f*sqrt(b*sinh(f*x+e)^2+a))-(a*cosh(f*x+e)*sinh(f*x+e)^3)/(3*(a-b)*b*f*(b*sinh(f*x+e)^2+a)^(3/2))
## 6 Hyperbolic functions/6.1 Hyperbolic sine/6.1.7 hyper^m (a+b sinh^n)^p.mac e121 L140
GRADE C 319 4
ANSWER -((%i*((-((-((sqrt(a)*(-(a*(4*a*b-2*a^2))-b*(a^2-3*a*b))*sqrt((b*sinh(f*x+e)^2)/a+1)*elliptic_f(%i*asinh((sqrt(b)*sinh(f*x+e))/sqrt(a)),a/b))/(b^(3/2)*sqrt(b*sinh(f*x+e)^2+a)))-((4*a*b-2*a^2)*sqrt(b*sinh(f*x+e)^2+a)*elliptic_e(%i*asinh(sinh(f*x+e)),b/a))/(b*sqrt((b*sinh(f*x+e)^2)/a+1)))/(a*(a-b)))-(%i*(a*(3*b-2*a)+a*b)*sinh(f*x+e)*sqrt(sinh(f*x+e)^2+1))/(a*(a-b)*sqrt(b*sinh(f*x+e)^2+a)))/(3*(a-b)*b)-(%i*a*sinh(f*x+e)*sqrt(sinh(f*x+e)^2+1))/(3*(a-b)*b*(b*sinh(f*x+e)^2+a)^(3/2))))/f)
OPTIMAL1 (2*sqrt(a)*(a-2*b)*cosh(f*x+e)*elliptic_e(atan((sqrt(b)*sinh(f*x+e))/sqrt(a)),1-a/b))/(3*(a-b)^2*b^(3/2)*f*sqrt(b*sinh(f*x+e)^2+a)*sqrt((a*cosh(f*x+e)^2)/(b*sinh(f*x+e)^2+a)))-((a-3*b)*sech(f*x+e)*sqrt(b*sinh(f*x+e)^2+a)*elliptic_f(atan(sinh(f*x+e)),1-b/a))/(3*a*(a-b)^2*b*f*sqrt((sech(f*x+e)^2*(b*sinh(f*x+e)^2+a))/a))-(a*cosh(f*x+e)*sinh(f*x+e))/(3*(a-b)*b*f*(b*sinh(f*x+e)^2+a)^(3/2))
## 6 Hyperbolic functions/6.1 Hyperbolic sine/6.1.7 hyper^m (a+b sinh^n)^p.mac e124 L143
GRADE C 411 4
ANSWER (%i*((%i*b*sqrt(sinh(f*x+e)^2+1))/(3*a*(a-b)*sinh(f*x+e)*(b*sinh(f*x+e)^2+a)^(3/2))-((%i*(b*(4*b-3*a)-3*a*b)*sqrt(sinh(f*x+e)^2+1))/(a*(a-b)*sinh(f*x+e)*sqrt(b*sinh(f*x+e)^2+a))-((%i*(8*b^2-13*a*b+3*a^2)*sqrt(sinh(f*x+e)^2+1)*sqrt(b*sinh(f*x+e)^2+a))/(a*sinh(f*x+e))-(-((sqrt(a)*(-(a*(-(8*b^3)+13*a*b^2-3*a^2*b))-b*(4*a*b^2-6*a^2*b))*sqrt((b*sinh(f*x+e)^2)/a+1)*elliptic_f(%i*asinh((sqrt(b)*sinh(f*x+e))/sqrt(a)),a/b))/(b^(3/2)*sqrt(b*sinh(f*x+e)^2+a)))-((-(8*b^3)+13*a*b^2-3*a^2*b)*sqrt(b*sinh(f*x+e)^2+a)*elliptic_e(%i*asinh(sinh(f*x+e)),b/a))/(b*sqrt((b*sinh(f*x+e)^2)/a+1)))/a)/(a*(a-b)))/(3*a*(a-b))))/f
OPTIMAL1 -((2*(3*a-2*b)*b*sech(f*x+e)*sqrt(b*sinh(f*x+e)^2+a)*elliptic_f(atan(sinh(f*x+e)),1-b/a))/(3*a^3*(a-b)^2*f*sqrt((sech(f*x+e)^2*(b*sinh(f*x+e)^2+a))/a)))-((8*b^2-13*a*b+3*a^2)*sech(f*x+e)*sqrt(b*sinh(f*x+e)^2+a)*elliptic_e(atan(sinh(f*x+e)),1-b/a))/(3*a^3*(a-b)^2*f*sqrt((sech(f*x+e)^2*(b*sinh(f*x+e)^2+a))/a))+((8*b^2-13*a*b+3*a^2)*sqrt(b*sinh(f*x+e)^2+a)*tanh(f*x+e))/(3*a^3*(a-b)^2*f)-((8*b^2-13*a*b+3*a^2)*coth(f*x+e)*sqrt(b*sinh(f*x+e)^2+a))/(3*a^3*(a-b)^2*f)-(2*(3*a-2*b)*b*coth(f*x+e))/(3*a^2*(a-b)^2*f*sqrt(b*sinh(f*x+e)^2+a))-(b*coth(f*x+e))/(3*a*(a-b)*f*(b*sinh(f*x+e)^2+a)^(3/2))
## 6 Hyperbolic functions/6.1 Hyperbolic sine/6.1.7 hyper^m (a+b sinh^n)^p.mac e236 L275
GRADE C 338 3
ANSWER (sqrt(a)*((2*%i*atan((2*b^(1/4)-2*%i*a^(1/4)*tanh((d*x+c)/2))/sqrt(4*sqrt(a)-4*sqrt(b))))/(a^(1/4)*sqrt(4*sqrt(a)-4*sqrt(b))*d)-(2*%i*atan((2*%i*a^(1/4)*tanh((d*x+c)/2)+2*b^(1/4))/sqrt(4*sqrt(a)-4*sqrt(b))))/(a^(1/4)*sqrt(4*sqrt(a)-4*sqrt(b))*d))-sqrt(a)*((2*atanh((2*b^(1/4)-2*a^(1/4)*tanh((d*x+c)/2))/sqrt(4*sqrt(b)+4*sqrt(a))))/(a^(1/4)*sqrt(4*sqrt(b)+4*sqrt(a))*d)-(2*atanh((2*a^(1/4)*tanh((d*x+c)/2)+2*b^(1/4))/sqrt(4*sqrt(b)+4*sqrt(a))))/(a^(1/4)*sqrt(4*sqrt(b)+4*sqrt(a))*d)))/(2*b)-x/b
OPTIMAL1 (a^(1/4)*atanh((sqrt(sqrt(b)+sqrt(a))*tanh(d*x+c))/a^(1/4)))/(2*sqrt(sqrt(b)+sqrt(a))*b*d)+(a^(1/4)*atanh((sqrt(sqrt(a)-sqrt(b))*tanh(d*x+c))/a^(1/4)))/(2*sqrt(sqrt(a)-sqrt(b))*b*d)-x/b
## 6 Hyperbolic functions/6.1 Hyperbolic sine/6.1.7 hyper^m (a+b sinh^n)^p.mac e238 L277
GRADE C 331 3
ANSWER (sqrt(a)*((2*%i*atan((2*b^(1/4)-2*%i*a^(1/4)*tanh((d*x+c)/2))/sqrt(4*sqrt(a)-4*sqrt(b))))/(a^(1/4)*sqrt(4*sqrt(a)-4*sqrt(b))*d)-(2*%i*atan((2*%i*a^(1/4)*tanh((d*x+c)/2)+2*b^(1/4))/sqrt(4*sqrt(a)-4*sqrt(b))))/(a^(1/4)*sqrt(4*sqrt(a)-4*sqrt(b))*d))-sqrt(a)*((2*atanh((2*b^(1/4)-2*a^(1/4)*tanh((d*x+c)/2))/sqrt(4*sqrt(b)+4*sqrt(a))))/(a^(1/4)*sqrt(4*sqrt(b)+4*sqrt(a))*d)-(2*atanh((2*a^(1/4)*tanh((d*x+c)/2)+2*b^(1/4))/sqrt(4*sqrt(b)+4*sqrt(a))))/(a^(1/4)*sqrt(4*sqrt(b)+4*sqrt(a))*d)))/(2*a)
OPTIMAL1 atanh((sqrt(sqrt(b)+sqrt(a))*tanh(d*x+c))/a^(1/4))/(2*a^(3/4)*sqrt(sqrt(b)+sqrt(a))*d)+atanh((sqrt(sqrt(a)-sqrt(b))*tanh(d*x+c))/a^(1/4))/(2*a^(3/4)*sqrt(sqrt(a)-sqrt(b))*d)
## 6 Hyperbolic functions/6.1 Hyperbolic sine/6.1.7 hyper^m (a+b sinh^n)^p.mac e265 L304
GRADE C 111 3
ANSWER ((x/sqrt(2)-sqrt(2)*atanh(cosh(x)/(sinh(x)+sqrt(2)+1)))/2+(x/sqrt(2)-sqrt(2)*atanh(cosh(x)/(sinh(x)-sqrt(2)-1)))/2+(%i*cosh(x))/(2*(%i*sinh(x)+1))-(%i*cosh(x))/(2*(1-%i*sinh(x))))/2
OPTIMAL1 atanh(sqrt(2)*tanh(x))/2^(3/2)+tanh(x)/2
## 6 Hyperbolic functions/6.1 Hyperbolic sine/6.1.7 hyper^m (a+b sinh^n)^p.mac e266 L305
GRADE C 161 3
ANSWER (-((2*(-1)^(1/4)*atan((2*(-1)^(1/4)*tanh(x/2)+2*%i)/sqrt(4-4*%i)))/sqrt(4-4*%i))+(2*(-1)^(1/4)*atanh((2*(-1)^(1/4)*tanh(x/2)+2)/sqrt(4*%i+4)))/sqrt(4*%i+4)+(2*(-1)^(1/4)*atan((2*%i-2*(-1)^(1/4)*tanh(x/2))/sqrt(4-4*%i)))/sqrt(4-4*%i)-(2*(-1)^(1/4)*atanh((2-2*(-1)^(1/4)*tanh(x/2))/sqrt(4*%i+4)))/sqrt(4*%i+4))/2
OPTIMAL1 (sqrt(sqrt(2)+1)*log(sqrt(2)*tanh(x)^2+sqrt(2*(sqrt(2)+1))*tanh(x)+1))/8-(sqrt(sqrt(2)+1)*log(2*tanh(x)^2-2*sqrt(sqrt(2)+1)*tanh(x)+sqrt(2)))/8+atan((2*tanh(x)+sqrt(sqrt(2)+1))/sqrt(sqrt(2)-1))/(4*sqrt(sqrt(2)+1))-atan((sqrt(sqrt(2)+1)-2*tanh(x))/sqrt(sqrt(2)-1))/(4*sqrt(sqrt(2)+1))
## 6 Hyperbolic functions/6.1 Hyperbolic sine/6.1.7 hyper^m (a+b sinh^n)^p.mac e268 L311
GRADE C 732 3
ANSWER (-((sqrt(3)*%i+1)*a^(1/3)*((2*sqrt(sqrt(3)*%i+1)*atanh((2*sqrt(sqrt(3)*%i+1)*a^(1/6)*tanh(x/2)+2^(3/2)*b^(1/6))/sqrt(8*b^(1/3)+(4*sqrt(3)*%i+4)*a^(1/3))))/((-(sqrt(3)*%i)-1)*a^(1/6)*sqrt(8*b^(1/3)+(4*sqrt(3)*%i+4)*a^(1/3)))-(2*sqrt(sqrt(3)*%i+1)*atanh((2^(3/2)*b^(1/6)-2*sqrt(sqrt(3)*%i+1)*a^(1/6)*tanh(x/2))/sqrt(8*b^(1/3)+(4*sqrt(3)*%i+4)*a^(1/3))))/((-(sqrt(3)*%i)-1)*a^(1/6)*sqrt(8*b^(1/3)+(4*sqrt(3)*%i+4)*a^(1/3)))))+(sqrt(3)*%i-1)*a^(1/3)*((2*sqrt(1-sqrt(3)*%i)*atanh((2*sqrt(1-sqrt(3)*%i)*a^(1/6)*tanh(x/2)+2^(3/2)*b^(1/6))/sqrt(8*b^(1/3)+(4-4*sqrt(3)*%i)*a^(1/3))))/((sqrt(3)*%i-1)*a^(1/6)*sqrt(8*b^(1/3)+(4-4*sqrt(3)*%i)*a^(1/3)))-(2*sqrt(1-sqrt(3)*%i)*atanh((2^(3/2)*b^(1/6)-2*sqrt(1-sqrt(3)*%i)*a^(1/6)*tanh(x/2))/sqrt(8*b^(1/3)+(4-4*sqrt(3)*%i)*a^(1/3))))/((sqrt(3)*%i-1)*a^(1/6)*sqrt(8*b^(1/3)+(4-4*sqrt(3)*%i)*a^(1/3))))+a^(1/3)*((2*atanh((2*a^(1/6)*tanh(x/2)+2*%i*b^(1/6))/sqrt(4*a^(1/3)-4*b^(1/3))))/(a^(1/6)*sqrt(4*a^(1/3)-4*b^(1/3)))-(2*atanh((2*%i*b^(1/6)-2*a^(1/6)*tanh(x/2))/sqrt(4*a^(1/3)-4*b^(1/3))))/(a^(1/6)*sqrt(4*a^(1/3)-4*b^(1/3)))))/(3*a)
OPTIMAL1 atanh((sqrt(a^(1/3)-b^(1/3))*tanh(x))/a^(1/6))/(a^(5/6)*sqrt(a^(1/3)-b^(1/3)))
## 6 Hyperbolic functions/6.1 Hyperbolic sine/6.1.7 hyper^m (a+b sinh^n)^p.mac e272 L315
GRADE C 443 3
ANSWER (-((-1)^(1/4)*((2*(-1)^(1/8)*atan((2*(-1)^(3/8)*tanh(x/2)+2*%i)/sqrt(4-4*(-1)^(3/4))))/sqrt(4-4*(-1)^(3/4))-(2*(-1)^(1/8)*atan((2*%i-2*(-1)^(3/8)*tanh(x/2))/sqrt(4-4*(-1)^(3/4))))/sqrt(4-4*(-1)^(3/4))))+(-1)^(1/4)*((2*(-1)^(1/8)*atanh((2*(-1)^(3/8)*tanh(x/2)+2)/sqrt(4*(-1)^(3/4)+4)))/sqrt(4*(-1)^(3/4)+4)-(2*(-1)^(1/8)*atanh((2-2*(-1)^(3/8)*tanh(x/2))/sqrt(4*(-1)^(3/4)+4)))/sqrt(4*(-1)^(3/4)+4))+(-1)^(1/4)*((2*atan((2*%i-2*(-1)^(1/8)*tanh(x/2))/sqrt(4-4*(-1)^(1/4))))/((-1)^(1/8)*sqrt(4-4*(-1)^(1/4)))-(2*atan((2*(-1)^(1/8)*tanh(x/2)+2*%i)/sqrt(4-4*(-1)^(1/4))))/((-1)^(1/8)*sqrt(4-4*(-1)^(1/4))))-(-1)^(1/4)*((2*atanh((2-2*(-1)^(1/8)*tanh(x/2))/sqrt(4*(-1)^(1/4)+4)))/((-1)^(1/8)*sqrt(4*(-1)^(1/4)+4))-(2*atanh((2*(-1)^(1/8)*tanh(x/2)+2)/sqrt(4*(-1)^(1/4)+4)))/((-1)^(1/8)*sqrt(4*(-1)^(1/4)+4))))/4
OPTIMAL1 atanh(sqrt((-1)^(3/4)+1)*tanh(x))/(4*sqrt((-1)^(3/4)+1))+atanh(sqrt(1-(-1)^(3/4))*tanh(x))/(4*sqrt(1-(-1)^(3/4)))+atanh(sqrt((-1)^(1/4)+1)*tanh(x))/(4*sqrt((-1)^(1/4)+1))+atanh(sqrt(1-(-1)^(1/4))*tanh(x))/(4*sqrt(1-(-1)^(1/4)))
## 6 Hyperbolic functions/6.1 Hyperbolic sine/6.1.7 hyper^m (a+b sinh^n)^p.mac e274 L317
GRADE C 466 3
ANSWER ((x/sqrt(2)-sqrt(2)*atanh(cosh(x)/(sinh(x)+sqrt(2)+1)))/2+(x/sqrt(2)-sqrt(2)*atanh(cosh(x)/(sinh(x)-sqrt(2)-1)))/2-(sqrt(3)*%i-1)*((2*sqrt(sqrt(3)*%i-1)*atanh((2*sqrt(sqrt(3)*%i-1)*tanh(x/2)+2^(3/2))/sqrt(4*sqrt(3)*%i+4)))/((1-sqrt(3)*%i)*sqrt(4*sqrt(3)*%i+4))-(2*sqrt(sqrt(3)*%i-1)*atanh((2^(3/2)-2*sqrt(sqrt(3)*%i-1)*tanh(x/2))/sqrt(4*sqrt(3)*%i+4)))/((1-sqrt(3)*%i)*sqrt(4*sqrt(3)*%i+4)))+(sqrt(3)*%i+1)*((2*sqrt(-(sqrt(3)*%i)-1)*atanh((2*sqrt(-(sqrt(3)*%i)-1)*tanh(x/2)+2^(3/2))/sqrt(4-4*sqrt(3)*%i)))/(sqrt(4-4*sqrt(3)*%i)*(sqrt(3)*%i+1))-(2*sqrt(-(sqrt(3)*%i)-1)*atanh((2^(3/2)-2*sqrt(-(sqrt(3)*%i)-1)*tanh(x/2))/sqrt(4-4*sqrt(3)*%i)))/(sqrt(4-4*sqrt(3)*%i)*(sqrt(3)*%i+1))))/3
OPTIMAL1 (sqrt(2)*atanh(sqrt(2)*tanh(x)))/3+atanh(sqrt(2)*tanh(x))/(3*sqrt(2))
## 6 Hyperbolic functions/6.1 Hyperbolic sine/6.1.7 hyper^m (a+b sinh^n)^p.mac e357 L420
GRADE C 294 4
ANSWER -((%i*((%i*sinh(f*x+e)*sqrt(sinh(f*x+e)^2+1)*(b*sinh(f*x+e)^2+a)^(3/2))/(5*b)-(-((-((sqrt(a)*(-(a*(-(3*b^2)-7*a*b+2*a^2))-b*(9*a*b-a^2))*sqrt((b*sinh(f*x+e)^2)/a+1)*elliptic_f(%i*asinh((sqrt(b)*sinh(f*x+e))/sqrt(a)),a/b))/(b^(3/2)*sqrt(b*sinh(f*x+e)^2+a)))-((-(3*b^2)-7*a*b+2*a^2)*sqrt(b*sinh(f*x+e)^2+a)*elliptic_e(%i*asinh(sinh(f*x+e)),b/a))/(b*sqrt((b*sinh(f*x+e)^2)/a+1)))/3)-(%i*(6*b-2*a)*sinh(f*x+e)*sqrt(sinh(f*x+e)^2+1)*sqrt(b*sinh(f*x+e)^2+a))/3)/(5*b)))/f)
OPTIMAL1 -(((a-9*b)*sech(f*x+e)*sqrt(b*sinh(f*x+e)^2+a)*elliptic_f(atan(sinh(f*x+e)),1-b/a))/(15*b*f*sqrt((sech(f*x+e)^2*(b*sinh(f*x+e)^2+a))/a)))+((-(3*b^2)-7*a*b+2*a^2)*sech(f*x+e)*sqrt(b*sinh(f*x+e)^2+a)*elliptic_e(atan(sinh(f*x+e)),1-b/a))/(15*b^2*f*sqrt((sech(f*x+e)^2*(b*sinh(f*x+e)^2+a))/a))-((-(3*b^2)-7*a*b+2*a^2)*sqrt(b*sinh(f*x+e)^2+a)*tanh(f*x+e))/(15*b^2*f)+(cosh(f*x+e)*sinh(f*x+e)*(b*sinh(f*x+e)^2+a)^(3/2))/(5*b*f)-(2*(a-3*b)*cosh(f*x+e)*sinh(f*x+e)*sqrt(b*sinh(f*x+e)^2+a))/(15*b*f)
## 6 Hyperbolic functions/6.1 Hyperbolic sine/6.1.7 hyper^m (a+b sinh^n)^p.mac e358 L421
GRADE C 201 4
ANSWER -((%i*((%i*sinh(f*x+e)*sqrt(sinh(f*x+e)^2+1)*sqrt(b*sinh(f*x+e)^2+a))/3-(-((sqrt(a)*(2*a*b-a*(b+a))*sqrt((b*sinh(f*x+e)^2)/a+1)*elliptic_f(%i*asinh((sqrt(b)*sinh(f*x+e))/sqrt(a)),a/b))/(b^(3/2)*sqrt(b*sinh(f*x+e)^2+a)))-((b+a)*sqrt(b*sinh(f*x+e)^2+a)*elliptic_e(%i*asinh(sinh(f*x+e)),b/a))/(b*sqrt((b*sinh(f*x+e)^2)/a+1)))/3))/f)
OPTIMAL1 (2*sech(f*x+e)*sqrt(b*sinh(f*x+e)^2+a)*elliptic_f(atan(sinh(f*x+e)),1-b/a))/(3*f*sqrt((sech(f*x+e)^2*(b*sinh(f*x+e)^2+a))/a))-((b+a)*sech(f*x+e)*sqrt(b*sinh(f*x+e)^2+a)*elliptic_e(atan(sinh(f*x+e)),1-b/a))/(3*b*f*sqrt((sech(f*x+e)^2*(b*sinh(f*x+e)^2+a))/a))+((b+a)*sqrt(b*sinh(f*x+e)^2+a)*tanh(f*x+e))/(3*b*f)+(cosh(f*x+e)*sinh(f*x+e)*sqrt(b*sinh(f*x+e)^2+a))/(3*f)
## 6 Hyperbolic functions/6.1 Hyperbolic sine/6.1.7 hyper^m (a+b sinh^n)^p.mac e360 L423
GRADE C 200 4
ANSWER -((%i*(b*((sqrt(a)*sqrt((b*sinh(f*x+e)^2)/a+1)*elliptic_f(%i*asinh((sqrt(b)*sinh(f*x+e))/sqrt(a)),a/b))/(sqrt(b)*sqrt(b*sinh(f*x+e)^2+a))-(sqrt(a)*sqrt((b*sinh(f*x+e)^2)/a+1)*elliptic_e(%i*asinh((sqrt(b)*sinh(f*x+e))/sqrt(a)),a/b))/(sqrt(b)*sqrt(b*sinh(f*x+e)^2+a)))+(%i*sinh(f*x+e)*sqrt(b*sinh(f*x+e)^2+a))/sqrt(sinh(f*x+e)^2+1)))/f)
OPTIMAL1 (sech(f*x+e)*sqrt(b*sinh(f*x+e)^2+a)*elliptic_e(atan(sinh(f*x+e)),1-b/a))/(f*sqrt((sech(f*x+e)^2*(b*sinh(f*x+e)^2+a))/a))
## 6 Hyperbolic functions/6.1 Hyperbolic sine/6.1.7 hyper^m (a+b sinh^n)^p.mac e361 L424
GRADE C 274 4
ANSWER -((%i*((%i*sinh(f*x+e)*sqrt(b*sinh(f*x+e)^2+a))/(3*(sinh(f*x+e)^2+1)^(3/2))-((-((sqrt(a)*(-(a*(b^2-2*a*b))-a*b^2)*sqrt((b*sinh(f*x+e)^2)/a+1)*elliptic_f(%i*asinh((sqrt(b)*sinh(f*x+e))/sqrt(a)),a/b))/(b^(3/2)*sqrt(b*sinh(f*x+e)^2+a)))-((b^2-2*a*b)*sqrt(b*sinh(f*x+e)^2+a)*elliptic_e(%i*asinh(sinh(f*x+e)),b/a))/(b*sqrt((b*sinh(f*x+e)^2)/a+1)))/(a-b)+(%i*(b-2*a)*sinh(f*x+e)*sqrt(b*sinh(f*x+e)^2+a))/((a-b)*sqrt(sinh(f*x+e)^2+1)))/3))/f)
OPTIMAL1 -((b*sech(f*x+e)*sqrt(b*sinh(f*x+e)^2+a)*elliptic_f(atan(sinh(f*x+e)),1-b/a))/(3*(a-b)*f*sqrt((sech(f*x+e)^2*(b*sinh(f*x+e)^2+a))/a)))+((2*a-b)*sech(f*x+e)*sqrt(b*sinh(f*x+e)^2+a)*elliptic_e(atan(sinh(f*x+e)),1-b/a))/(3*(a-b)*f*sqrt((sech(f*x+e)^2*(b*sinh(f*x+e)^2+a))/a))+(sech(f*x+e)^2*sqrt(b*sinh(f*x+e)^2+a)*tanh(f*x+e))/(3*f)
## 6 Hyperbolic functions/6.1 Hyperbolic sine/6.1.7 hyper^m (a+b sinh^n)^p.mac e368 L431
GRADE C 402 4
ANSWER -((%i*((%i*b*sinh(f*x+e)*(sinh(f*x+e)^2+1)^(5/2)*sqrt(b*sinh(f*x+e)^2+a))/7-(-((-((-((sqrt(a)*(-(a*(-(6*(b^4+a^3*b))+30*a*b^3+30*a^2*b^2))-b*(3*a*b^3-54*a^2*b^2+3*a^3*b))*sqrt((b*sinh(f*x+e)^2)/a+1)*elliptic_f(%i*asinh((sqrt(b)*sinh(f*x+e))/sqrt(a)),a/b))/(b^(3/2)*sqrt(b*sinh(f*x+e)^2+a)))-((-(6*(b^4+a^3*b))+30*a*b^3+30*a^2*b^2)*sqrt(b*sinh(f*x+e)^2+a)*elliptic_e(%i*asinh(sinh(f*x+e)),b/a))/(b*sqrt((b*sinh(f*x+e)^2)/a+1)))/(3*b))-(%i*(6*b^3-27*a*b^2-3*a^2*b)*sinh(f*x+e)*sqrt(sinh(f*x+e)^2+1)*sqrt(b*sinh(f*x+e)^2+a))/(3*b))/(5*b))-(%i*(8*a*b-2*b^2)*sinh(f*x+e)*(sinh(f*x+e)^2+1)^(3/2)*sqrt(b*sinh(f*x+e)^2+a))/(5*b))/7))/f)
OPTIMAL1 -(((b^2-18*a*b+a^2)*sech(f*x+e)*sqrt(b*sinh(f*x+e)^2+a)*elliptic_f(atan(sinh(f*x+e)),1-b/a))/(35*b*f*sqrt((sech(f*x+e)^2*(b*sinh(f*x+e)^2+a))/a)))+(2*(b+a)*(b^2-6*a*b+a^2)*sech(f*x+e)*sqrt(b*sinh(f*x+e)^2+a)*elliptic_e(atan(sinh(f*x+e)),1-b/a))/(35*b^2*f*sqrt((sech(f*x+e)^2*(b*sinh(f*x+e)^2+a))/a))-(2*(b+a)*(b^2-6*a*b+a^2)*sqrt(b*sinh(f*x+e)^2+a)*tanh(f*x+e))/(35*b^2*f)+(b*cosh(f*x+e)^5*sinh(f*x+e)*sqrt(b*sinh(f*x+e)^2+a))/(7*f)+(2*(4*a-b)*cosh(f*x+e)^3*sinh(f*x+e)*sqrt(b*sinh(f*x+e)^2+a))/(35*f)+((-(2*b^2)+9*a*b+a^2)*cosh(f*x+e)*sinh(f*x+e)*sqrt(b*sinh(f*x+e)^2+a))/(35*b*f)
## 6 Hyperbolic functions/6.1 Hyperbolic sine/6.1.7 hyper^m (a+b sinh^n)^p.mac e369 L432
GRADE C 307 4
ANSWER -((%i*((%i*b*sinh(f*x+e)*(sinh(f*x+e)^2+1)^(3/2)*sqrt(b*sinh(f*x+e)^2+a))/5-(-((-((sqrt(a)*(-(a*(2*b^3-7*a*b^2-3*a^2*b))-b*(9*a^2*b-a*b^2))*sqrt((b*sinh(f*x+e)^2)/a+1)*elliptic_f(%i*asinh((sqrt(b)*sinh(f*x+e))/sqrt(a)),a/b))/(b^(3/2)*sqrt(b*sinh(f*x+e)^2+a)))-((2*b^3-7*a*b^2-3*a^2*b)*sqrt(b*sinh(f*x+e)^2+a)*elliptic_e(%i*asinh(sinh(f*x+e)),b/a))/(b*sqrt((b*sinh(f*x+e)^2)/a+1)))/(3*b))-(%i*(6*a*b-2*b^2)*sinh(f*x+e)*sqrt(sinh(f*x+e)^2+1)*sqrt(b*sinh(f*x+e)^2+a))/(3*b))/5))/f)
OPTIMAL1 ((9*a-b)*sech(f*x+e)*sqrt(b*sinh(f*x+e)^2+a)*elliptic_f(atan(sinh(f*x+e)),1-b/a))/(15*f*sqrt((sech(f*x+e)^2*(b*sinh(f*x+e)^2+a))/a))-((-(2*b^2)+7*a*b+3*a^2)*sech(f*x+e)*sqrt(b*sinh(f*x+e)^2+a)*elliptic_e(atan(sinh(f*x+e)),1-b/a))/(15*b*f*sqrt((sech(f*x+e)^2*(b*sinh(f*x+e)^2+a))/a))+((-(2*b^2)+7*a*b+3*a^2)*sqrt(b*sinh(f*x+e)^2+a)*tanh(f*x+e))/(15*b*f)+(b*cosh(f*x+e)^3*sinh(f*x+e)*sqrt(b*sinh(f*x+e)^2+a))/(5*f)+(2*(3*a-b)*cosh(f*x+e)*sinh(f*x+e)*sqrt(b*sinh(f*x+e)^2+a))/(15*f)
## 6 Hyperbolic functions/6.1 Hyperbolic sine/6.1.7 hyper^m (a+b sinh^n)^p.mac e371 L434
GRADE C 212 4
ANSWER -((%i*((sqrt(a)*(a*b^2-a*(2*b^2-a*b))*sqrt((b*sinh(f*x+e)^2)/a+1)*elliptic_f(%i*asinh((sqrt(b)*sinh(f*x+e))/sqrt(a)),a/b))/(b^(3/2)*sqrt(b*sinh(f*x+e)^2+a))+((2*b^2-a*b)*sqrt(b*sinh(f*x+e)^2+a)*elliptic_e(%i*asinh(sinh(f*x+e)),b/a))/(b*sqrt((b*sinh(f*x+e)^2)/a+1))+(%i*(a-b)*sinh(f*x+e)*sqrt(b*sinh(f*x+e)^2+a))/sqrt(sinh(f*x+e)^2+1)))/f)
OPTIMAL1 (b*sech(f*x+e)*sqrt(b*sinh(f*x+e)^2+a)*elliptic_f(atan(sinh(f*x+e)),1-b/a))/(f*sqrt((sech(f*x+e)^2*(b*sinh(f*x+e)^2+a))/a))+((a-2*b)*sech(f*x+e)*sqrt(b*sinh(f*x+e)^2+a)*elliptic_e(atan(sinh(f*x+e)),1-b/a))/(f*sqrt((sech(f*x+e)^2*(b*sinh(f*x+e)^2+a))/a))+((2*b-a)*sqrt(b*sinh(f*x+e)^2+a)*tanh(f*x+e))/f+((a-b)*sqrt(b*sinh(f*x+e)^2+a)*tanh(f*x+e))/f
## 6 Hyperbolic functions/6.1 Hyperbolic sine/6.1.7 hyper^m (a+b sinh^n)^p.mac e372 L435
GRADE C 302 4
ANSWER -((%i*((%i*(a-b)*sinh(f*x+e)*sqrt(b*sinh(f*x+e)^2+a))/(3*(sinh(f*x+e)^2+1)^(3/2))-((-((sqrt(a)*(-(a*(2*b^3-2*a^2*b))-b*(a^2*b-a*b^2))*sqrt((b*sinh(f*x+e)^2)/a+1)*elliptic_f(%i*asinh((sqrt(b)*sinh(f*x+e))/sqrt(a)),a/b))/(b^(3/2)*sqrt(b*sinh(f*x+e)^2+a)))-((2*b^3-2*a^2*b)*sqrt(b*sinh(f*x+e)^2+a)*elliptic_e(%i*asinh(sinh(f*x+e)),b/a))/(b*sqrt((b*sinh(f*x+e)^2)/a+1)))/(a-b)+(%i*(2*b^2-2*a^2)*sinh(f*x+e)*sqrt(b*sinh(f*x+e)^2+a))/((a-b)*sqrt(sinh(f*x+e)^2+1)))/3))/f)
OPTIMAL1 -((b*sech(f*x+e)*sqrt(b*sinh(f*x+e)^2+a)*elliptic_f(atan(sinh(f*x+e)),1-b/a))/(3*f*sqrt((sech(f*x+e)^2*(b*sinh(f*x+e)^2+a))/a)))+(2*(b+a)*sech(f*x+e)*sqrt(b*sinh(f*x+e)^2+a)*elliptic_e(atan(sinh(f*x+e)),1-b/a))/(3*f*sqrt((sech(f*x+e)^2*(b*sinh(f*x+e)^2+a))/a))+((a-b)*sech(f*x+e)^2*sqrt(b*sinh(f*x+e)^2+a)*tanh(f*x+e))/(3*f)
## 6 Hyperbolic functions/6.1 Hyperbolic sine/6.1.7 hyper^m (a+b sinh^n)^p.mac e377 L442
GRADE C 219 4
ANSWER -((%i*((%i*sinh(f*x+e)*sqrt(sinh(f*x+e)^2+1)*sqrt(b*sinh(f*x+e)^2+a))/(3*b)-(-((sqrt(a)*(-(a*(4*b-2*a))-(a-3*b)*b)*sqrt((b*sinh(f*x+e)^2)/a+1)*elliptic_f(%i*asinh((sqrt(b)*sinh(f*x+e))/sqrt(a)),a/b))/(b^(3/2)*sqrt(b*sinh(f*x+e)^2+a)))-((4*b-2*a)*sqrt(b*sinh(f*x+e)^2+a)*elliptic_e(%i*asinh(sinh(f*x+e)),b/a))/(b*sqrt((b*sinh(f*x+e)^2)/a+1)))/(3*b)))/f)
OPTIMAL1 -(((a-3*b)*sech(f*x+e)*sqrt(b*sinh(f*x+e)^2+a)*elliptic_f(atan(sinh(f*x+e)),1-b/a))/(3*a*b*f*sqrt((sech(f*x+e)^2*(b*sinh(f*x+e)^2+a))/a)))+(2*(a-2*b)*sech(f*x+e)*sqrt(b*sinh(f*x+e)^2+a)*elliptic_e(atan(sinh(f*x+e)),1-b/a))/(3*b^2*f*sqrt((sech(f*x+e)^2*(b*sinh(f*x+e)^2+a))/a))-(2*(a-2*b)*sqrt(b*sinh(f*x+e)^2+a)*tanh(f*x+e))/(3*b^2*f)+(cosh(f*x+e)*sinh(f*x+e)*sqrt(b*sinh(f*x+e)^2+a))/(3*b*f)
## 6 Hyperbolic functions/6.1 Hyperbolic sine/6.1.7 hyper^m (a+b sinh^n)^p.mac e378 L443
GRADE C 80 4
ANSWER -((%i*sqrt(a)*sqrt((b*sinh(f*x+e)^2)/a+1)*elliptic_e(%i*asinh((sqrt(b)*sinh(f*x+e))/sqrt(a)),a/b))/(sqrt(b)*f*sqrt(b*sinh(f*x+e)^2+a)))
OPTIMAL1 (sech(f*x+e)*sqrt(b*sinh(f*x+e)^2+a)*elliptic_f(atan(sinh(f*x+e)),1-b/a))/(a*f*sqrt((sech(f*x+e)^2*(b*sinh(f*x+e)^2+a))/a))-(sech(f*x+e)*sqrt(b*sinh(f*x+e)^2+a)*elliptic_e(atan(sinh(f*x+e)),1-b/a))/(b*f*sqrt((sech(f*x+e)^2*(b*sinh(f*x+e)^2+a))/a))+(sqrt(b*sinh(f*x+e)^2+a)*tanh(f*x+e))/(b*f)
## 6 Hyperbolic functions/6.1 Hyperbolic sine/6.1.7 hyper^m (a+b sinh^n)^p.mac e380 L445
GRADE C 137 4
ANSWER -((%i*((%i*sinh(f*x+e)*sqrt(b*sinh(f*x+e)^2+a))/((a-b)*sqrt(sinh(f*x+e)^2+1))-(sqrt(a)*sqrt(b)*sqrt((b*sinh(f*x+e)^2)/a+1)*elliptic_e(%i*asinh((sqrt(b)*sinh(f*x+e))/sqrt(a)),a/b))/((a-b)*sqrt(b*sinh(f*x+e)^2+a))))/f)
OPTIMAL1 (sech(f*x+e)*sqrt(b*sinh(f*x+e)^2+a)*elliptic_e(atan(sinh(f*x+e)),1-b/a))/((a-b)*f*sqrt((sech(f*x+e)^2*(b*sinh(f*x+e)^2+a))/a))-(b*sech(f*x+e)*sqrt(b*sinh(f*x+e)^2+a)*elliptic_f(atan(sinh(f*x+e)),1-b/a))/(a*(a-b)*f*sqrt((sech(f*x+e)^2*(b*sinh(f*x+e)^2+a))/a))
## 6 Hyperbolic functions/6.1 Hyperbolic sine/6.1.7 hyper^m (a+b sinh^n)^p.mac e381 L446
GRADE C 301 4
ANSWER -((%i*(-(((-((sqrt(a)*(-(b*(3*b^2-a*b))-a*(2*a*b-4*b^2))*sqrt((b*sinh(f*x+e)^2)/a+1)*elliptic_f(%i*asinh((sqrt(b)*sinh(f*x+e))/sqrt(a)),a/b))/(b^(3/2)*sqrt(b*sinh(f*x+e)^2+a)))-((2*a*b-4*b^2)*sqrt(b*sinh(f*x+e)^2+a)*elliptic_e(%i*asinh(sinh(f*x+e)),b/a))/(b*sqrt((b*sinh(f*x+e)^2)/a+1)))/(a-b)+(%i*(2*a-4*b)*sinh(f*x+e)*sqrt(b*sinh(f*x+e)^2+a))/((a-b)*sqrt(sinh(f*x+e)^2+1)))/(3*(b-a)))-(%i*sinh(f*x+e)*sqrt(b*sinh(f*x+e)^2+a))/(3*(b-a)*(sinh(f*x+e)^2+1)^(3/2))))/f)
OPTIMAL1 -(((a-3*b)*b*sech(f*x+e)*sqrt(b*sinh(f*x+e)^2+a)*elliptic_f(atan(sinh(f*x+e)),1-b/a))/(3*a*(a-b)^2*f*sqrt((sech(f*x+e)^2*(b*sinh(f*x+e)^2+a))/a)))+(2*(a-2*b)*sech(f*x+e)*sqrt(b*sinh(f*x+e)^2+a)*elliptic_e(atan(sinh(f*x+e)),1-b/a))/(3*(a-b)^2*f*sqrt((sech(f*x+e)^2*(b*sinh(f*x+e)^2+a))/a))+(sech(f*x+e)^2*sqrt(b*sinh(f*x+e)^2+a)*tanh(f*x+e))/(3*(a-b)*f)
## 6 Hyperbolic functions/6.1 Hyperbolic sine/6.1.7 hyper^m (a+b sinh^n)^p.mac e386 L451
GRADE C 307 4
ANSWER -((%i*((%i*(b-a)*sinh(f*x+e)*(sinh(f*x+e)^2+1)^(3/2))/(a*b*sqrt(b*sinh(f*x+e)^2+a))-(-((-((sqrt(a)*(-(a*(3*b^2-13*a*b+8*a^2))-b*(6*a*b-4*a^2))*sqrt((b*sinh(f*x+e)^2)/a+1)*elliptic_f(%i*asinh((sqrt(b)*sinh(f*x+e))/sqrt(a)),a/b))/(b^(3/2)*sqrt(b*sinh(f*x+e)^2+a)))-((3*b^2-13*a*b+8*a^2)*sqrt(b*sinh(f*x+e)^2+a)*elliptic_e(%i*asinh(sinh(f*x+e)),b/a))/(b*sqrt((b*sinh(f*x+e)^2)/a+1)))/(3*b))-(%i*(4*a-3*b)*sinh(f*x+e)*sqrt(sinh(f*x+e)^2+1)*sqrt(b*sinh(f*x+e)^2+a))/(3*b))/(a*b)))/f)
OPTIMAL1 -((2*(2*a-3*b)*sech(f*x+e)*sqrt(b*sinh(f*x+e)^2+a)*elliptic_f(atan(sinh(f*x+e)),1-b/a))/(3*a*b^2*f*sqrt((sech(f*x+e)^2*(b*sinh(f*x+e)^2+a))/a)))+((3*b^2-13*a*b+8*a^2)*sech(f*x+e)*sqrt(b*sinh(f*x+e)^2+a)*elliptic_e(atan(sinh(f*x+e)),1-b/a))/(3*a*b^3*f*sqrt((sech(f*x+e)^2*(b*sinh(f*x+e)^2+a))/a))-((3*b^2-13*a*b+8*a^2)*sqrt(b*sinh(f*x+e)^2+a)*tanh(f*x+e))/(3*a*b^3*f)+((4*a-3*b)*cosh(f*x+e)*sinh(f*x+e)*sqrt(b*sinh(f*x+e)^2+a))/(3*a*b^2*f)+((b-a)*cosh(f*x+e)^3*sinh(f*x+e))/(a*b*f*sqrt(b*sinh(f*x+e)^2+a))
## 6 Hyperbolic functions/6.1 Hyperbolic sine/6.1.7 hyper^m (a+b sinh^n)^p.mac e387 L452
GRADE C 221 4
ANSWER -((%i*((%i*(b-a)*sinh(f*x+e)*sqrt(sinh(f*x+e)^2+1))/(a*b*sqrt(b*sinh(f*x+e)^2+a))-(-((sqrt(a)*(a*b-a*(2*a-b))*sqrt((b*sinh(f*x+e)^2)/a+1)*elliptic_f(%i*asinh((sqrt(b)*sinh(f*x+e))/sqrt(a)),a/b))/(b^(3/2)*sqrt(b*sinh(f*x+e)^2+a)))-((2*a-b)*sqrt(b*sinh(f*x+e)^2+a)*elliptic_e(%i*asinh(sinh(f*x+e)),b/a))/(b*sqrt((b*sinh(f*x+e)^2)/a+1)))/(a*b)))/f)
OPTIMAL1 (sech(f*x+e)*sqrt(b*sinh(f*x+e)^2+a)*elliptic_f(atan(sinh(f*x+e)),1-b/a))/(a*b*f*sqrt((sech(f*x+e)^2*(b*sinh(f*x+e)^2+a))/a))-((2*a-b)*sech(f*x+e)*sqrt(b*sinh(f*x+e)^2+a)*elliptic_e(atan(sinh(f*x+e)),1-b/a))/(a*b^2*f*sqrt((sech(f*x+e)^2*(b*sinh(f*x+e)^2+a))/a))+((2*a-b)*sqrt(b*sinh(f*x+e)^2+a)*tanh(f*x+e))/(a*b^2*f)+((b-a)*cosh(f*x+e)*sinh(f*x+e))/(a*b*f*sqrt(b*sinh(f*x+e)^2+a))
## 6 Hyperbolic functions/6.1 Hyperbolic sine/6.1.7 hyper^m (a+b sinh^n)^p.mac e388 L453
GRADE C 206 4
ANSWER -((%i*((%i*sinh(f*x+e)*sqrt(sinh(f*x+e)^2+1))/(a*sqrt(b*sinh(f*x+e)^2+a))-((sqrt(a)*sqrt((b*sinh(f*x+e)^2)/a+1)*elliptic_e(%i*asinh((sqrt(b)*sinh(f*x+e))/sqrt(a)),a/b))/(sqrt(b)*sqrt(b*sinh(f*x+e)^2+a))-(sqrt(a)*sqrt((b*sinh(f*x+e)^2)/a+1)*elliptic_f(%i*asinh((sqrt(b)*sinh(f*x+e))/sqrt(a)),a/b))/(sqrt(b)*sqrt(b*sinh(f*x+e)^2+a)))/a))/f)
OPTIMAL1 (cosh(f*x+e)*elliptic_e(atan((sqrt(b)*sinh(f*x+e))/sqrt(a)),1-a/b))/(sqrt(a)*sqrt(b)*f*sqrt(b*sinh(f*x+e)^2+a)*sqrt((a*cosh(f*x+e)^2)/(b*sinh(f*x+e)^2+a)))
## 6 Hyperbolic functions/6.1 Hyperbolic sine/6.1.7 hyper^m (a+b sinh^n)^p.mac e390 L455
GRADE C 289 4
ANSWER -((%i*((b*(-((-((sqrt(a)*(-(2*a*b)-a*(-b-a))*sqrt((b*sinh(f*x+e)^2)/a+1)*elliptic_f(%i*asinh((sqrt(b)*sinh(f*x+e))/sqrt(a)),a/b))/(b^(3/2)*sqrt(b*sinh(f*x+e)^2+a)))-((-b-a)*sqrt(b*sinh(f*x+e)^2+a)*elliptic_e(%i*asinh(sinh(f*x+e)),b/a))/(b*sqrt((b*sinh(f*x+e)^2)/a+1)))/(a*(a-b)))-(%i*(-b-a)*sinh(f*x+e)*sqrt(sinh(f*x+e)^2+1))/(a*(a-b)*sqrt(b*sinh(f*x+e)^2+a))))/(a-b)+(%i*sinh(f*x+e))/((a-b)*sqrt(sinh(f*x+e)^2+1)*sqrt(b*sinh(f*x+e)^2+a))))/f)
OPTIMAL1 (sqrt(b)*(b+a)*cosh(f*x+e)*elliptic_e(atan((sqrt(b)*sinh(f*x+e))/sqrt(a)),1-a/b))/(sqrt(a)*(a-b)^2*f*sqrt(b*sinh(f*x+e)^2+a)*sqrt((a*cosh(f*x+e)^2)/(b*sinh(f*x+e)^2+a)))-(2*b*sech(f*x+e)*sqrt(b*sinh(f*x+e)^2+a)*elliptic_f(atan(sinh(f*x+e)),1-b/a))/(a*(a-b)^2*f*sqrt((sech(f*x+e)^2*(b*sinh(f*x+e)^2+a))/a))+tanh(f*x+e)/((a-b)*f*sqrt(b*sinh(f*x+e)^2+a))
## 6 Hyperbolic functions/6.1 Hyperbolic sine/6.1.7 hyper^m (a+b sinh^n)^p.mac e395 L460
GRADE C 323 4
ANSWER -((%i*((%i*(b-a)*sinh(f*x+e)*(sinh(f*x+e)^2+1)^(3/2))/(3*a*b*(b*sinh(f*x+e)^2+a)^(3/2))-((-((sqrt(a)*(-(a*(-(2*b^2)-3*a*b+8*a^2))-b*(a*b-4*a^2))*sqrt((b*sinh(f*x+e)^2)/a+1)*elliptic_f(%i*asinh((sqrt(b)*sinh(f*x+e))/sqrt(a)),a/b))/(b^(3/2)*sqrt(b*sinh(f*x+e)^2+a)))-((-(2*b^2)-3*a*b+8*a^2)*sqrt(b*sinh(f*x+e)^2+a)*elliptic_e(%i*asinh(sinh(f*x+e)),b/a))/(b*sqrt((b*sinh(f*x+e)^2)/a+1)))/(a*b)+(%i*((-(2*b)-a)*b+a*(4*a-b))*sinh(f*x+e)*sqrt(sinh(f*x+e)^2+1))/(a*b*sqrt(b*sinh(f*x+e)^2+a)))/(3*a*b)))/f)
OPTIMAL1 ((4*a-b)*sech(f*x+e)*sqrt(b*sinh(f*x+e)^2+a)*elliptic_f(atan(sinh(f*x+e)),1-b/a))/(3*a^2*b^2*f*sqrt((sech(f*x+e)^2*(b*sinh(f*x+e)^2+a))/a))-((-(2*b^2)-3*a*b+8*a^2)*sech(f*x+e)*sqrt(b*sinh(f*x+e)^2+a)*elliptic_e(atan(sinh(f*x+e)),1-b/a))/(3*a^2*b^3*f*sqrt((sech(f*x+e)^2*(b*sinh(f*x+e)^2+a))/a))+((-(2*b^2)-3*a*b+8*a^2)*sqrt(b*sinh(f*x+e)^2+a)*tanh(f*x+e))/(3*a^2*b^3*f)-(2*(a-b)*(b+2*a)*cosh(f*x+e)*sinh(f*x+e))/(3*a^2*b^2*f*sqrt(b*sinh(f*x+e)^2+a))-((a-b)*cosh(f*x+e)^3*sinh(f*x+e))/(3*a*b*f*(b*sinh(f*x+e)^2+a)^(3/2))
## 6 Hyperbolic functions/6.1 Hyperbolic sine/6.1.7 hyper^m (a+b sinh^n)^p.mac e396 L461
GRADE C 322 4
ANSWER -((%i*((%i*(b-a)*sinh(f*x+e)*sqrt(sinh(f*x+e)^2+1))/(3*a*b*(b*sinh(f*x+e)^2+a)^(3/2))-(-((-((sqrt(a)*(-(a*(2*a^2-2*b^2))-b*(a*b-a^2))*sqrt((b*sinh(f*x+e)^2)/a+1)*elliptic_f(%i*asinh((sqrt(b)*sinh(f*x+e))/sqrt(a)),a/b))/(b^(3/2)*sqrt(b*sinh(f*x+e)^2+a)))-((2*a^2-2*b^2)*sqrt(b*sinh(f*x+e)^2+a)*elliptic_e(%i*asinh(sinh(f*x+e)),b/a))/(b*sqrt((b*sinh(f*x+e)^2)/a+1)))/(a*(a-b)))-(%i*(a*(b+2*a)+(-(2*b)-a)*b)*sinh(f*x+e)*sqrt(sinh(f*x+e)^2+1))/(a*(a-b)*sqrt(b*sinh(f*x+e)^2+a)))/(3*a*b)))/f)
OPTIMAL1 (2*(b+a)*cosh(f*x+e)*elliptic_e(atan((sqrt(b)*sinh(f*x+e))/sqrt(a)),1-a/b))/(3*a^(3/2)*b^(3/2)*f*sqrt(b*sinh(f*x+e)^2+a)*sqrt((a*cosh(f*x+e)^2)/(b*sinh(f*x+e)^2+a)))-(sech(f*x+e)*sqrt(b*sinh(f*x+e)^2+a)*elliptic_f(atan(sinh(f*x+e)),1-b/a))/(3*a^2*b*f*sqrt((sech(f*x+e)^2*(b*sinh(f*x+e)^2+a))/a))-((a-b)*cosh(f*x+e)*sinh(f*x+e))/(3*a*b*f*(b*sinh(f*x+e)^2+a)^(3/2))
## 6 Hyperbolic functions/6.1 Hyperbolic sine/6.1.7 hyper^m (a+b sinh^n)^p.mac e397 L462
GRADE C 279 4
ANSWER -((%i*((%i*sinh(f*x+e)*sqrt(sinh(f*x+e)^2+1))/(3*a*(b*sinh(f*x+e)^2+a)^(3/2))-(-((-((sqrt(a)*(-(a*b)-a*(a-2*b))*sqrt((b*sinh(f*x+e)^2)/a+1)*elliptic_f(%i*asinh((sqrt(b)*sinh(f*x+e))/sqrt(a)),a/b))/(b^(3/2)*sqrt(b*sinh(f*x+e)^2+a)))-((a-2*b)*sqrt(b*sinh(f*x+e)^2+a)*elliptic_e(%i*asinh(sinh(f*x+e)),b/a))/(b*sqrt((b*sinh(f*x+e)^2)/a+1)))/(a*(a-b)))-(%i*(a-2*b)*sinh(f*x+e)*sqrt(sinh(f*x+e)^2+1))/(a*(a-b)*sqrt(b*sinh(f*x+e)^2+a)))/(3*a)))/f)
OPTIMAL1 ((a-2*b)*cosh(f*x+e)*elliptic_e(atan((sqrt(b)*sinh(f*x+e))/sqrt(a)),1-a/b))/(3*a^(3/2)*(a-b)*sqrt(b)*f*sqrt(b*sinh(f*x+e)^2+a)*sqrt((a*cosh(f*x+e)^2)/(b*sinh(f*x+e)^2+a)))+(sech(f*x+e)*sqrt(b*sinh(f*x+e)^2+a)*elliptic_f(atan(sinh(f*x+e)),1-b/a))/(3*a^2*(a-b)*f*sqrt((sech(f*x+e)^2*(b*sinh(f*x+e)^2+a))/a))+(cosh(f*x+e)*sinh(f*x+e))/(3*a*f*(b*sinh(f*x+e)^2+a)^(3/2))
## 6 Hyperbolic functions/6.1 Hyperbolic sine/6.1.7 hyper^m (a+b sinh^n)^p.mac e399 L464
GRADE C 397 4
ANSWER -((%i*((b*(-((-((-((sqrt(a)*(-(a*(-(2*b^2)+7*a*b+3*a^2))-b*(a*b-9*a^2))*sqrt((b*sinh(f*x+e)^2)/a+1)*elliptic_f(%i*asinh((sqrt(b)*sinh(f*x+e))/sqrt(a)),a/b))/(b^(3/2)*sqrt(b*sinh(f*x+e)^2+a)))-((-(2*b^2)+7*a*b+3*a^2)*sqrt(b*sinh(f*x+e)^2+a)*elliptic_e(%i*asinh(sinh(f*x+e)),b/a))/(b*sqrt((b*sinh(f*x+e)^2)/a+1)))/(a*(a-b)))-(%i*(a*(b+3*a)+(6*a-2*b)*b)*sinh(f*x+e)*sqrt(sinh(f*x+e)^2+1))/(a*(a-b)*sqrt(b*sinh(f*x+e)^2+a)))/(3*a*(a-b)))-(%i*(-b-3*a)*sinh(f*x+e)*sqrt(sinh(f*x+e)^2+1))/(3*a*(a-b)*(b*sinh(f*x+e)^2+a)^(3/2))))/(a-b)+(%i*sinh(f*x+e))/((a-b)*sqrt(sinh(f*x+e)^2+1)*(b*sinh(f*x+e)^2+a)^(3/2))))/f)
OPTIMAL1 (sqrt(b)*(-(2*b^2)+7*a*b+3*a^2)*cosh(f*x+e)*elliptic_e(atan((sqrt(b)*sinh(f*x+e))/sqrt(a)),1-a/b))/(3*a^(3/2)*(a-b)^3*f*sqrt(b*sinh(f*x+e)^2+a)*sqrt((a*cosh(f*x+e)^2)/(b*sinh(f*x+e)^2+a)))-((9*a-b)*b*sech(f*x+e)*sqrt(b*sinh(f*x+e)^2+a)*elliptic_f(atan(sinh(f*x+e)),1-b/a))/(3*a^2*(a-b)^3*f*sqrt((sech(f*x+e)^2*(b*sinh(f*x+e)^2+a))/a))+tanh(f*x+e)/((a-b)*f*(b*sinh(f*x+e)^2+a)^(3/2))+(b*(b+3*a)*cosh(f*x+e)*sinh(f*x+e))/(3*a*(a-b)^2*f*(b*sinh(f*x+e)^2+a)^(3/2))
## 6 Hyperbolic functions/6.1 Hyperbolic sine/6.1.7 hyper^m (a+b sinh^n)^p.mac e463 L556
GRADE C 290 4
ANSWER -((%i*(-(((%i*(4*b-3*a)*sinh(f*x+e)*sqrt(b*sinh(f*x+e)^2+a))/((b-a)*sqrt(sinh(f*x+e)^2+1))-(-((sqrt(a)*(-(a*(7*a*b-8*b^2))-b*(4*a*b-3*a^2))*sqrt((b*sinh(f*x+e)^2)/a+1)*elliptic_f(%i*asinh((sqrt(b)*sinh(f*x+e))/sqrt(a)),a/b))/(b^(3/2)*sqrt(b*sinh(f*x+e)^2+a)))-((7*a*b-8*b^2)*sqrt(b*sinh(f*x+e)^2+a)*elliptic_e(%i*asinh(sinh(f*x+e)),b/a))/(b*sqrt((b*sinh(f*x+e)^2)/a+1)))/(b-a))/3)-(%i*sinh(f*x+e)^3*sqrt(b*sinh(f*x+e)^2+a))/(3*(sinh(f*x+e)^2+1)^(3/2))))/f)
OPTIMAL1 ((3*a-4*b)*sech(f*x+e)*sqrt(b*sinh(f*x+e)^2+a)*elliptic_f(atan(sinh(f*x+e)),1-b/a))/(3*(a-b)*f*sqrt((sech(f*x+e)^2*(b*sinh(f*x+e)^2+a))/a))-((7*a-8*b)*sech(f*x+e)*sqrt(b*sinh(f*x+e)^2+a)*elliptic_e(atan(sinh(f*x+e)),1-b/a))/(3*(a-b)*f*sqrt((sech(f*x+e)^2*(b*sinh(f*x+e)^2+a))/a))-(sqrt(b*sinh(f*x+e)^2+a)*tanh(f*x+e)^3)/(3*f)-((3*a-4*b)*sqrt(b*sinh(f*x+e)^2+a)*tanh(f*x+e))/(3*(a-b)*f)+((7*a-8*b)*sqrt(b*sinh(f*x+e)^2+a)*tanh(f*x+e))/(3*(a-b)*f)
## 6 Hyperbolic functions/6.1 Hyperbolic sine/6.1.7 hyper^m (a+b sinh^n)^p.mac e464 L557
GRADE C 176 4
ANSWER (%i*((a^(3/2)*sqrt((b*sinh(f*x+e)^2)/a+1)*elliptic_f(%i*asinh((sqrt(b)*sinh(f*x+e))/sqrt(a)),a/b))/(sqrt(b)*sqrt(b*sinh(f*x+e)^2+a))-(2*sqrt(b*sinh(f*x+e)^2+a)*elliptic_e(%i*asinh(sinh(f*x+e)),b/a))/sqrt((b*sinh(f*x+e)^2)/a+1)+(%i*sinh(f*x+e)*sqrt(b*sinh(f*x+e)^2+a))/sqrt(sinh(f*x+e)^2+1)))/f
OPTIMAL1 (sech(f*x+e)*sqrt(b*sinh(f*x+e)^2+a)*elliptic_f(atan(sinh(f*x+e)),1-b/a))/(f*sqrt((sech(f*x+e)^2*(b*sinh(f*x+e)^2+a))/a))-(2*sech(f*x+e)*sqrt(b*sinh(f*x+e)^2+a)*elliptic_e(atan(sinh(f*x+e)),1-b/a))/(f*sqrt((sech(f*x+e)^2*(b*sinh(f*x+e)^2+a))/a))+(sqrt(b*sinh(f*x+e)^2+a)*tanh(f*x+e))/f
## 6 Hyperbolic functions/6.1 Hyperbolic sine/6.1.7 hyper^m (a+b sinh^n)^p.mac e466 L559
GRADE C 194 4
ANSWER (%i*(-((sqrt(a)*(-((-b-a)*b)-2*a*b)*sqrt((b*sinh(f*x+e)^2)/a+1)*elliptic_f(%i*asinh((sqrt(b)*sinh(f*x+e))/sqrt(a)),a/b))/(b^(3/2)*sqrt(b*sinh(f*x+e)^2+a)))-(2*sqrt(b*sinh(f*x+e)^2+a)*elliptic_e(%i*asinh(sinh(f*x+e)),b/a))/sqrt((b*sinh(f*x+e)^2)/a+1)+(%i*sqrt(sinh(f*x+e)^2+1)*sqrt(b*sinh(f*x+e)^2+a))/sinh(f*x+e)))/f
OPTIMAL1 ((b+a)*sech(f*x+e)*sqrt(b*sinh(f*x+e)^2+a)*elliptic_f(atan(sinh(f*x+e)),1-b/a))/(a*f*sqrt((sech(f*x+e)^2*(b*sinh(f*x+e)^2+a))/a))-(2*sech(f*x+e)*sqrt(b*sinh(f*x+e)^2+a)*elliptic_e(atan(sinh(f*x+e)),1-b/a))/(f*sqrt((sech(f*x+e)^2*(b*sinh(f*x+e)^2+a))/a))+(2*sqrt(b*sinh(f*x+e)^2+a)*tanh(f*x+e))/f-(coth(f*x+e)*sqrt(b*sinh(f*x+e)^2+a))/f
## 6 Hyperbolic functions/6.1 Hyperbolic sine/6.1.7 hyper^m (a+b sinh^n)^p.mac e467 L560
GRADE C 283 4
ANSWER -((%i*(((-((sqrt(a)*(-(a*(-b^2-7*a*b))-b*(5*a*b+3*a^2))*sqrt((b*sinh(f*x+e)^2)/a+1)*elliptic_f(%i*asinh((sqrt(b)*sinh(f*x+e))/sqrt(a)),a/b))/(b^(3/2)*sqrt(b*sinh(f*x+e)^2+a)))-((-b^2-7*a*b)*sqrt(b*sinh(f*x+e)^2+a)*elliptic_e(%i*asinh(sinh(f*x+e)),b/a))/(b*sqrt((b*sinh(f*x+e)^2)/a+1)))/a+(%i*(-b-3*a)*sqrt(sinh(f*x+e)^2+1)*sqrt(b*sinh(f*x+e)^2+a))/(a*sinh(f*x+e)))/3-(%i*(sinh(f*x+e)^2+1)^(3/2)*sqrt(b*sinh(f*x+e)^2+a))/(3*sinh(f*x+e)^3)))/f)
OPTIMAL1 ((5*b+3*a)*sech(f*x+e)*sqrt(b*sinh(f*x+e)^2+a)*elliptic_f(atan(sinh(f*x+e)),1-b/a))/(3*a*f*sqrt((sech(f*x+e)^2*(b*sinh(f*x+e)^2+a))/a))-((b+7*a)*sech(f*x+e)*sqrt(b*sinh(f*x+e)^2+a)*elliptic_e(atan(sinh(f*x+e)),1-b/a))/(3*a*f*sqrt((sech(f*x+e)^2*(b*sinh(f*x+e)^2+a))/a))+((b+7*a)*sqrt(b*sinh(f*x+e)^2+a)*tanh(f*x+e))/(3*a*f)-(coth(f*x+e)^3*sqrt(b*sinh(f*x+e)^2+a))/(3*f)-((b+3*a)*coth(f*x+e)*sqrt(b*sinh(f*x+e)^2+a))/(3*a*f)
## 6 Hyperbolic functions/6.1 Hyperbolic sine/6.1.7 hyper^m (a+b sinh^n)^p.mac e474 L567
GRADE C 345 4
ANSWER -((%i*(-((-((-((sqrt(a)*(-(a*(48*b^3-24*a*b^2))-b*(9*a^2*b-24*a*b^2))*sqrt((b*sinh(f*x+e)^2)/a+1)*elliptic_f(%i*asinh((sqrt(b)*sinh(f*x+e))/sqrt(a)),a/b))/(b^(3/2)*sqrt(b*sinh(f*x+e)^2+a)))-((48*b^3-24*a*b^2)*sqrt(b*sinh(f*x+e)^2+a)*elliptic_e(%i*asinh(sinh(f*x+e)),b/a))/(b*sqrt((b*sinh(f*x+e)^2)/a+1)))/(3*b))+(%i*(9*a*b-24*b^2)*sinh(f*x+e)*sqrt(sinh(f*x+e)^2+1)*sqrt(b*sinh(f*x+e)^2+a))/(3*b)-(%i*(3*a-6*b)*sinh(f*x+e)^3*sqrt(b*sinh(f*x+e)^2+a))/sqrt(sinh(f*x+e)^2+1))/3)-(%i*sinh(f*x+e)^3*(b*sinh(f*x+e)^2+a)^(3/2))/(3*(sinh(f*x+e)^2+1)^(3/2))))/f)
OPTIMAL1 ((3*a-8*b)*sech(f*x+e)*sqrt(b*sinh(f*x+e)^2+a)*elliptic_f(atan(sinh(f*x+e)),1-b/a))/(3*f*sqrt((sech(f*x+e)^2*(b*sinh(f*x+e)^2+a))/a))-(8*(a-2*b)*sech(f*x+e)*sqrt(b*sinh(f*x+e)^2+a)*elliptic_e(atan(sinh(f*x+e)),1-b/a))/(3*f*sqrt((sech(f*x+e)^2*(b*sinh(f*x+e)^2+a))/a))-((b*sinh(f*x+e)^2+a)^(3/2)*tanh(f*x+e)^3)/(3*f)+((a-2*b)*sinh(f*x+e)^2*sqrt(b*sinh(f*x+e)^2+a)*tanh(f*x+e))/f+(8*(a-2*b)*sqrt(b*sinh(f*x+e)^2+a)*tanh(f*x+e))/(3*f)-((3*a-8*b)*cosh(f*x+e)*sinh(f*x+e)*sqrt(b*sinh(f*x+e)^2+a))/(3*f)
## 6 Hyperbolic functions/6.1 Hyperbolic sine/6.1.7 hyper^m (a+b sinh^n)^p.mac e475 L568
GRADE C 265 4
ANSWER (%i*((-((sqrt(a)*(-(a*(7*a*b-8*b^2))-b*(4*a*b-3*a^2))*sqrt((b*sinh(f*x+e)^2)/a+1)*elliptic_f(%i*asinh((sqrt(b)*sinh(f*x+e))/sqrt(a)),a/b))/(b^(3/2)*sqrt(b*sinh(f*x+e)^2+a)))-((7*a*b-8*b^2)*sqrt(b*sinh(f*x+e)^2+a)*elliptic_e(%i*asinh(sinh(f*x+e)),b/a))/(b*sqrt((b*sinh(f*x+e)^2)/a+1)))/3+(%i*sinh(f*x+e)*(b*sinh(f*x+e)^2+a)^(3/2))/sqrt(sinh(f*x+e)^2+1)-(4*%i*b*sinh(f*x+e)*sqrt(sinh(f*x+e)^2+1)*sqrt(b*sinh(f*x+e)^2+a))/3))/f
OPTIMAL1 ((3*a-4*b)*sech(f*x+e)*sqrt(b*sinh(f*x+e)^2+a)*elliptic_f(atan(sinh(f*x+e)),1-b/a))/(3*f*sqrt((sech(f*x+e)^2*(b*sinh(f*x+e)^2+a))/a))-((7*a-8*b)*sech(f*x+e)*sqrt(b*sinh(f*x+e)^2+a)*elliptic_e(atan(sinh(f*x+e)),1-b/a))/(3*f*sqrt((sech(f*x+e)^2*(b*sinh(f*x+e)^2+a))/a))-((b*sinh(f*x+e)^2+a)^(3/2)*tanh(f*x+e))/f+((7*a-8*b)*sqrt(b*sinh(f*x+e)^2+a)*tanh(f*x+e))/(3*f)+(4*b*cosh(f*x+e)*sinh(f*x+e)*sqrt(b*sinh(f*x+e)^2+a))/(3*f)
## 6 Hyperbolic functions/6.1 Hyperbolic sine/6.1.7 hyper^m (a+b sinh^n)^p.mac e477 L570
GRADE C 267 4
ANSWER (%i*(-((-((sqrt(a)*(-(a*(-b^2-7*a*b))-b*(5*a*b+3*a^2))*sqrt((b*sinh(f*x+e)^2)/a+1)*elliptic_f(%i*asinh((sqrt(b)*sinh(f*x+e))/sqrt(a)),a/b))/(b^(3/2)*sqrt(b*sinh(f*x+e)^2+a)))-((-b^2-7*a*b)*sqrt(b*sinh(f*x+e)^2+a)*elliptic_e(%i*asinh(sinh(f*x+e)),b/a))/(b*sqrt((b*sinh(f*x+e)^2)/a+1)))/3)+(%i*sqrt(sinh(f*x+e)^2+1)*(b*sinh(f*x+e)^2+a)^(3/2))/sinh(f*x+e)-(4*%i*b*sinh(f*x+e)*sqrt(sinh(f*x+e)^2+1)*sqrt(b*sinh(f*x+e)^2+a))/3))/f
OPTIMAL1 ((5*b+3*a)*sech(f*x+e)*sqrt(b*sinh(f*x+e)^2+a)*elliptic_f(atan(sinh(f*x+e)),1-b/a))/(3*f*sqrt((sech(f*x+e)^2*(b*sinh(f*x+e)^2+a))/a))-((b+7*a)*sech(f*x+e)*sqrt(b*sinh(f*x+e)^2+a)*elliptic_e(atan(sinh(f*x+e)),1-b/a))/(3*f*sqrt((sech(f*x+e)^2*(b*sinh(f*x+e)^2+a))/a))+((b+7*a)*sqrt(b*sinh(f*x+e)^2+a)*tanh(f*x+e))/(3*f)-(coth(f*x+e)*(b*sinh(f*x+e)^2+a)^(3/2))/f+(4*b*cosh(f*x+e)*sinh(f*x+e)*sqrt(b*sinh(f*x+e)^2+a))/(3*f)
## 6 Hyperbolic functions/6.1 Hyperbolic sine/6.1.7 hyper^m (a+b sinh^n)^p.mac e478 L571
GRADE C 344 4
ANSWER -((%i*((-((-((sqrt(a)*(-(24*a*(b^3+a*b^2))-b*(-(9*b^3)-30*a*b^2-9*a^2*b))*sqrt((b*sinh(f*x+e)^2)/a+1)*elliptic_f(%i*asinh((sqrt(b)*sinh(f*x+e))/sqrt(a)),a/b))/(b^(3/2)*sqrt(b*sinh(f*x+e)^2+a)))-(24*(b^3+a*b^2)*sqrt(b*sinh(f*x+e)^2+a)*elliptic_e(%i*asinh(sinh(f*x+e)),b/a))/(b*sqrt((b*sinh(f*x+e)^2)/a+1)))/(3*b))+(%i*(-(3*b)-3*a)*(sinh(f*x+e)^2+1)^(3/2)*sqrt(b*sinh(f*x+e)^2+a))/sinh(f*x+e)-(%i*(-(15*b^2)-9*a*b)*sinh(f*x+e)*sqrt(sinh(f*x+e)^2+1)*sqrt(b*sinh(f*x+e)^2+a))/(3*b))/3-(%i*(sinh(f*x+e)^2+1)^(3/2)*(b*sinh(f*x+e)^2+a)^(3/2))/(3*sinh(f*x+e)^3)))/f)
OPTIMAL1 ((b+3*a)*(3*b+a)*sech(f*x+e)*sqrt(b*sinh(f*x+e)^2+a)*elliptic_f(atan(sinh(f*x+e)),1-b/a))/(3*a*f*sqrt((sech(f*x+e)^2*(b*sinh(f*x+e)^2+a))/a))-(8*(b+a)*sech(f*x+e)*sqrt(b*sinh(f*x+e)^2+a)*elliptic_e(atan(sinh(f*x+e)),1-b/a))/(3*f*sqrt((sech(f*x+e)^2*(b*sinh(f*x+e)^2+a))/a))+(8*(b+a)*sqrt(b*sinh(f*x+e)^2+a)*tanh(f*x+e))/(3*f)-(coth(f*x+e)^3*(b*sinh(f*x+e)^2+a)^(3/2))/(3*f)+((5*b+3*a)*cosh(f*x+e)*sinh(f*x+e)*sqrt(b*sinh(f*x+e)^2+a))/(3*f)-((b+a)*cosh(f*x+e)^2*coth(f*x+e)*sqrt(b*sinh(f*x+e)^2+a))/f
## 6 Hyperbolic functions/6.1 Hyperbolic sine/6.1.7 hyper^m (a+b sinh^n)^p.mac e485 L580
GRADE C 300 4
ANSWER -((%i*(((-((sqrt(a)*(-(a*(4*a*b-2*b^2))-b*(a*b-3*a^2))*sqrt((b*sinh(f*x+e)^2)/a+1)*elliptic_f(%i*asinh((sqrt(b)*sinh(f*x+e))/sqrt(a)),a/b))/(b^(3/2)*sqrt(b*sinh(f*x+e)^2+a)))-((4*a*b-2*b^2)*sqrt(b*sinh(f*x+e)^2+a)*elliptic_e(%i*asinh(sinh(f*x+e)),b/a))/(b*sqrt((b*sinh(f*x+e)^2)/a+1)))/(a-b)+(%i*(4*a-2*b)*sinh(f*x+e)*sqrt(b*sinh(f*x+e)^2+a))/((a-b)*sqrt(sinh(f*x+e)^2+1)))/(3*(b-a))-(%i*sinh(f*x+e)*sqrt(b*sinh(f*x+e)^2+a))/(3*(b-a)*(sinh(f*x+e)^2+1)^(3/2))))/f)
OPTIMAL1 ((3*a-b)*sech(f*x+e)*sqrt(b*sinh(f*x+e)^2+a)*elliptic_f(atan(sinh(f*x+e)),1-b/a))/(3*(a-b)^2*f*sqrt((sech(f*x+e)^2*(b*sinh(f*x+e)^2+a))/a))-(2*(2*a-b)*sech(f*x+e)*sqrt(b*sinh(f*x+e)^2+a)*elliptic_e(atan(sinh(f*x+e)),1-b/a))/(3*(a-b)^2*f*sqrt((sech(f*x+e)^2*(b*sinh(f*x+e)^2+a))/a))+(sech(f*x+e)^2*sqrt(b*sinh(f*x+e)^2+a)*tanh(f*x+e))/(3*(a-b)*f)
## 6 Hyperbolic functions/6.1 Hyperbolic sine/6.1.7 hyper^m (a+b sinh^n)^p.mac e486 L581
GRADE C 116 4
ANSWER (%i*((%i*sinh(f*x+e)*sqrt(b*sinh(f*x+e)^2+a))/((a-b)*sqrt(sinh(f*x+e)^2+1))-(sqrt(b*sinh(f*x+e)^2+a)*elliptic_e(%i*asinh(sinh(f*x+e)),b/a))/((a-b)*sqrt((b*sinh(f*x+e)^2)/a+1))))/f
OPTIMAL1 (sech(f*x+e)*sqrt(b*sinh(f*x+e)^2+a)*elliptic_f(atan(sinh(f*x+e)),1-b/a))/((a-b)*f*sqrt((sech(f*x+e)^2*(b*sinh(f*x+e)^2+a))/a))-(sech(f*x+e)*sqrt(b*sinh(f*x+e)^2+a)*elliptic_e(atan(sinh(f*x+e)),1-b/a))/((a-b)*f*sqrt((sech(f*x+e)^2*(b*sinh(f*x+e)^2+a))/a))
## 6 Hyperbolic functions/6.1 Hyperbolic sine/6.1.7 hyper^m (a+b sinh^n)^p.mac e488 L583
GRADE C 110 4
ANSWER (%i*((%i*sqrt(sinh(f*x+e)^2+1)*sqrt(b*sinh(f*x+e)^2+a))/(a*sinh(f*x+e))-(sqrt(b*sinh(f*x+e)^2+a)*elliptic_e(%i*asinh(sinh(f*x+e)),b/a))/(a*sqrt((b*sinh(f*x+e)^2)/a+1))))/f
OPTIMAL1 (sech(f*x+e)*sqrt(b*sinh(f*x+e)^2+a)*elliptic_f(atan(sinh(f*x+e)),1-b/a))/(a*f*sqrt((sech(f*x+e)^2*(b*sinh(f*x+e)^2+a))/a))-(sech(f*x+e)*sqrt(b*sinh(f*x+e)^2+a)*elliptic_e(atan(sinh(f*x+e)),1-b/a))/(a*f*sqrt((sech(f*x+e)^2*(b*sinh(f*x+e)^2+a))/a))+(sqrt(b*sinh(f*x+e)^2+a)*tanh(f*x+e))/(a*f)-(coth(f*x+e)*sqrt(b*sinh(f*x+e)^2+a))/(a*f)
## 6 Hyperbolic functions/6.1 Hyperbolic sine/6.1.7 hyper^m (a+b sinh^n)^p.mac e489 L584
GRADE C 289 4
ANSWER -((%i*(((%i*(2*b-4*a)*sqrt(sinh(f*x+e)^2+1)*sqrt(b*sinh(f*x+e)^2+a))/(a*sinh(f*x+e))-(-((sqrt(a)*(-(a*(4*a*b-2*b^2))-b*(a*b-3*a^2))*sqrt((b*sinh(f*x+e)^2)/a+1)*elliptic_f(%i*asinh((sqrt(b)*sinh(f*x+e))/sqrt(a)),a/b))/(b^(3/2)*sqrt(b*sinh(f*x+e)^2+a)))-((4*a*b-2*b^2)*sqrt(b*sinh(f*x+e)^2+a)*elliptic_e(%i*asinh(sinh(f*x+e)),b/a))/(b*sqrt((b*sinh(f*x+e)^2)/a+1)))/a)/(3*a)-(%i*sqrt(sinh(f*x+e)^2+1)*sqrt(b*sinh(f*x+e)^2+a))/(3*a*sinh(f*x+e)^3)))/f)
OPTIMAL1 ((3*a-b)*sech(f*x+e)*sqrt(b*sinh(f*x+e)^2+a)*elliptic_f(atan(sinh(f*x+e)),1-b/a))/(3*a^2*f*sqrt((sech(f*x+e)^2*(b*sinh(f*x+e)^2+a))/a))-(2*(2*a-b)*sech(f*x+e)*sqrt(b*sinh(f*x+e)^2+a)*elliptic_e(atan(sinh(f*x+e)),1-b/a))/(3*a^2*f*sqrt((sech(f*x+e)^2*(b*sinh(f*x+e)^2+a))/a))+(2*(2*a-b)*sqrt(b*sinh(f*x+e)^2+a)*tanh(f*x+e))/(3*a^2*f)-(coth(f*x+e)*csch(f*x+e)^2*sqrt(b*sinh(f*x+e)^2+a))/(3*a*f)-(2*(2*a-b)*coth(f*x+e)*sqrt(b*sinh(f*x+e)^2+a))/(3*a^2*f)
## 6 Hyperbolic functions/6.1 Hyperbolic sine/6.1.7 hyper^m (a+b sinh^n)^p.mac e496 L591
GRADE C 372 4
ANSWER -((%i*((a*((-((-((sqrt(a)*(-(a*(-b^2-7*a*b))-b*(5*a*b+3*a^2))*sqrt((b*sinh(f*x+e)^2)/a+1)*elliptic_f(%i*asinh((sqrt(b)*sinh(f*x+e))/sqrt(a)),a/b))/(b^(3/2)*sqrt(b*sinh(f*x+e)^2+a)))-((-b^2-7*a*b)*sqrt(b*sinh(f*x+e)^2+a)*elliptic_e(%i*asinh(sinh(f*x+e)),b/a))/(b*sqrt((b*sinh(f*x+e)^2)/a+1)))/(a*(a-b)))-(%i*((-b-3*a)*b-4*a*b)*sinh(f*x+e)*sqrt(sinh(f*x+e)^2+1))/(a*(a-b)*sqrt(b*sinh(f*x+e)^2+a)))/(a-b)+(4*%i*sinh(f*x+e))/((a-b)*sqrt(sinh(f*x+e)^2+1)*sqrt(b*sinh(f*x+e)^2+a))))/(3*(b-a))-(%i*sinh(f*x+e))/(3*(b-a)*(sinh(f*x+e)^2+1)^(3/2)*sqrt(b*sinh(f*x+e)^2+a))))/f)
OPTIMAL1 -((sqrt(a)*sqrt(b)*(b+7*a)*cosh(f*x+e)*elliptic_e(atan((sqrt(b)*sinh(f*x+e))/sqrt(a)),1-a/b))/(3*(a-b)^3*f*sqrt(b*sinh(f*x+e)^2+a)*sqrt((a*cosh(f*x+e)^2)/(b*sinh(f*x+e)^2+a))))+((5*b+3*a)*sech(f*x+e)*sqrt(b*sinh(f*x+e)^2+a)*elliptic_f(atan(sinh(f*x+e)),1-b/a))/(3*(a-b)^3*f*sqrt((sech(f*x+e)^2*(b*sinh(f*x+e)^2+a))/a))+(sech(f*x+e)^2*tanh(f*x+e))/(3*(a-b)*f*sqrt(b*sinh(f*x+e)^2+a))-(4*a*tanh(f*x+e))/(3*(a-b)^2*f*sqrt(b*sinh(f*x+e)^2+a))
## 6 Hyperbolic functions/6.1 Hyperbolic sine/6.1.7 hyper^m (a+b sinh^n)^p.mac e497 L592
GRADE C 276 4
ANSWER (%i*((%i*sinh(f*x+e))/((a-b)*sqrt(sinh(f*x+e)^2+1)*sqrt(b*sinh(f*x+e)^2+a))-(-((-((sqrt(a)*(-(b*(-(a*b)-a^2))-2*a^2*b)*sqrt((b*sinh(f*x+e)^2)/a+1)*elliptic_f(%i*asinh((sqrt(b)*sinh(f*x+e))/sqrt(a)),a/b))/(b^(3/2)*sqrt(b*sinh(f*x+e)^2+a)))-(2*a*sqrt(b*sinh(f*x+e)^2+a)*elliptic_e(%i*asinh(sinh(f*x+e)),b/a))/sqrt((b*sinh(f*x+e)^2)/a+1))/(a*(a-b)))-(2*%i*b*sinh(f*x+e)*sqrt(sinh(f*x+e)^2+1))/((a-b)*sqrt(b*sinh(f*x+e)^2+a)))/(a-b)))/f
OPTIMAL1 -((2*sqrt(a)*sqrt(b)*cosh(f*x+e)*elliptic_e(atan((sqrt(b)*sinh(f*x+e))/sqrt(a)),1-a/b))/((a-b)^2*f*sqrt(b*sinh(f*x+e)^2+a)*sqrt((a*cosh(f*x+e)^2)/(b*sinh(f*x+e)^2+a))))+((b+a)*sech(f*x+e)*sqrt(b*sinh(f*x+e)^2+a)*elliptic_f(atan(sinh(f*x+e)),1-b/a))/(a*(a-b)^2*f*sqrt((sech(f*x+e)^2*(b*sinh(f*x+e)^2+a))/a))-tanh(f*x+e)/((a-b)*f*sqrt(b*sinh(f*x+e)^2+a))
## 6 Hyperbolic functions/6.1 Hyperbolic sine/6.1.7 hyper^m (a+b sinh^n)^p.mac e499 L594
GRADE C 238 4
ANSWER (%i*(-((-(((a^(3/2)*sqrt((b*sinh(f*x+e)^2)/a+1)*elliptic_f(%i*asinh((sqrt(b)*sinh(f*x+e))/sqrt(a)),a/b))/(sqrt(b)*sqrt(b*sinh(f*x+e)^2+a))-(2*sqrt(b*sinh(f*x+e)^2+a)*elliptic_e(%i*asinh(sinh(f*x+e)),b/a))/sqrt((b*sinh(f*x+e)^2)/a+1))/a)-(2*%i*sqrt(sinh(f*x+e)^2+1)*sqrt(b*sinh(f*x+e)^2+a))/(a*sinh(f*x+e)))/a)-(%i*sqrt(sinh(f*x+e)^2+1))/(a*sinh(f*x+e)*sqrt(b*sinh(f*x+e)^2+a))))/f
OPTIMAL1 (sech(f*x+e)*sqrt(b*sinh(f*x+e)^2+a)*elliptic_f(atan(sinh(f*x+e)),1-b/a))/(a^2*f*sqrt((sech(f*x+e)^2*(b*sinh(f*x+e)^2+a))/a))-(2*sech(f*x+e)*sqrt(b*sinh(f*x+e)^2+a)*elliptic_e(atan(sinh(f*x+e)),1-b/a))/(a^2*f*sqrt((sech(f*x+e)^2*(b*sinh(f*x+e)^2+a))/a))+(2*sqrt(b*sinh(f*x+e)^2+a)*tanh(f*x+e))/(a^2*f)-(2*coth(f*x+e)*sqrt(b*sinh(f*x+e)^2+a))/(a^2*f)+coth(f*x+e)/(a*f*sqrt(b*sinh(f*x+e)^2+a))
## 6 Hyperbolic functions/6.1 Hyperbolic sine/6.1.7 hyper^m (a+b sinh^n)^p.mac e500 L595
GRADE C 368 4
ANSWER -((%i*((-(((%i*(7*a*b-8*b^2)*sqrt(sinh(f*x+e)^2+1)*sqrt(b*sinh(f*x+e)^2+a))/(a*sinh(f*x+e))-(-((sqrt(a)*(-(a*(8*b^3-7*a*b^2))-b*(3*a^2*b-4*a*b^2))*sqrt((b*sinh(f*x+e)^2)/a+1)*elliptic_f(%i*asinh((sqrt(b)*sinh(f*x+e))/sqrt(a)),a/b))/(b^(3/2)*sqrt(b*sinh(f*x+e)^2+a)))-((8*b^3-7*a*b^2)*sqrt(b*sinh(f*x+e)^2+a)*elliptic_e(%i*asinh(sinh(f*x+e)),b/a))/(b*sqrt((b*sinh(f*x+e)^2)/a+1)))/a)/(3*a))-(%i*(4*b-3*a)*sqrt(sinh(f*x+e)^2+1)*sqrt(b*sinh(f*x+e)^2+a))/(3*a*sinh(f*x+e)^3))/(a*b)+(%i*(b-a)*sqrt(sinh(f*x+e)^2+1))/(a*b*sinh(f*x+e)^3*sqrt(b*sinh(f*x+e)^2+a))))/f)
OPTIMAL1 ((3*a-4*b)*sech(f*x+e)*sqrt(b*sinh(f*x+e)^2+a)*elliptic_f(atan(sinh(f*x+e)),1-b/a))/(3*a^3*f*sqrt((sech(f*x+e)^2*(b*sinh(f*x+e)^2+a))/a))-((7*a-8*b)*sech(f*x+e)*sqrt(b*sinh(f*x+e)^2+a)*elliptic_e(atan(sinh(f*x+e)),1-b/a))/(3*a^3*f*sqrt((sech(f*x+e)^2*(b*sinh(f*x+e)^2+a))/a))+((7*a-8*b)*sqrt(b*sinh(f*x+e)^2+a)*tanh(f*x+e))/(3*a^3*f)+((3*a-4*b)*coth(f*x+e)*csch(f*x+e)^2*sqrt(b*sinh(f*x+e)^2+a))/(3*a^2*b*f)-((7*a-8*b)*coth(f*x+e)*sqrt(b*sinh(f*x+e)^2+a))/(3*a^3*f)+((b-a)*coth(f*x+e)*csch(f*x+e)^2)/(a*b*f*sqrt(b*sinh(f*x+e)^2+a))
## 6 Hyperbolic functions/6.1 Hyperbolic sine/6.1.7 hyper^m (a+b sinh^n)^p.mac e507 L602
GRADE C 502 4
ANSWER -((%i*(((-((-((-((sqrt(a)*(-(24*a*(a^2*b^2+a^3*b))-b*(-(9*a^2*b^2)-30*a^3*b-9*a^4))*sqrt((b*sinh(f*x+e)^2)/a+1)*elliptic_f(%i*asinh((sqrt(b)*sinh(f*x+e))/sqrt(a)),a/b))/(b^(3/2)*sqrt(b*sinh(f*x+e)^2+a)))-(24*(a^2*b^2+a^3*b)*sqrt(b*sinh(f*x+e)^2+a)*elliptic_e(%i*asinh(sinh(f*x+e)),b/a))/(b*sqrt((b*sinh(f*x+e)^2)/a+1)))/(a*(a-b)))-(%i*(a*(9*a*b^2+15*a^2*b)+b*(15*a^2*b+9*a^3))*sinh(f*x+e)*sqrt(sinh(f*x+e)^2+1))/(a*(a-b)*sqrt(b*sinh(f*x+e)^2+a)))/(3*a*(a-b)))-(%i*(a*(-(6*b^2)-12*a*b)+b*(-(3*a*b)-3*a^2))*sinh(f*x+e)*sqrt(sinh(f*x+e)^2+1))/(3*a*(a-b)*(b*sinh(f*x+e)^2+a)^(3/2)))/(a-b)+(%i*(2*b+4*a)*sinh(f*x+e))/((a-b)*sqrt(sinh(f*x+e)^2+1)*(b*sinh(f*x+e)^2+a)^(3/2)))/(3*(b-a))-(%i*sinh(f*x+e))/(3*(b-a)*(sinh(f*x+e)^2+1)^(3/2)*(b*sinh(f*x+e)^2+a)^(3/2))))/f)
OPTIMAL1 -((8*sqrt(a)*sqrt(b)*(b+a)*cosh(f*x+e)*elliptic_e(atan((sqrt(b)*sinh(f*x+e))/sqrt(a)),1-a/b))/(3*(a-b)^4*f*sqrt(b*sinh(f*x+e)^2+a)*sqrt((a*cosh(f*x+e)^2)/(b*sinh(f*x+e)^2+a))))+((b+3*a)*(3*b+a)*sech(f*x+e)*sqrt(b*sinh(f*x+e)^2+a)*elliptic_f(atan(sinh(f*x+e)),1-b/a))/(3*a*(a-b)^4*f*sqrt((sech(f*x+e)^2*(b*sinh(f*x+e)^2+a))/a))+(sech(f*x+e)^2*tanh(f*x+e))/(3*(a-b)*f*(b*sinh(f*x+e)^2+a)^(3/2))-(2*(b+2*a)*tanh(f*x+e))/(3*(a-b)^2*f*(b*sinh(f*x+e)^2+a)^(3/2))-(b*(3*b+5*a)*cosh(f*x+e)*sinh(f*x+e))/(3*(a-b)^3*f*(b*sinh(f*x+e)^2+a)^(3/2))
## 6 Hyperbolic functions/6.1 Hyperbolic sine/6.1.7 hyper^m (a+b sinh^n)^p.mac e508 L603
GRADE C 389 4
ANSWER (%i*((%i*sinh(f*x+e))/((a-b)*sqrt(sinh(f*x+e)^2+1)*(b*sinh(f*x+e)^2+a)^(3/2))-(-((-((-((sqrt(a)*(-(a*(-(a*b^2)-7*a^2*b))-b*(5*a^2*b+3*a^3))*sqrt((b*sinh(f*x+e)^2)/a+1)*elliptic_f(%i*asinh((sqrt(b)*sinh(f*x+e))/sqrt(a)),a/b))/(b^(3/2)*sqrt(b*sinh(f*x+e)^2+a)))-((-(a*b^2)-7*a^2*b)*sqrt(b*sinh(f*x+e)^2+a)*elliptic_e(%i*asinh(sinh(f*x+e)),b/a))/(b*sqrt((b*sinh(f*x+e)^2)/a+1)))/(a*(a-b)))-(%i*(b*(-(a*b)-3*a^2)-4*a^2*b)*sinh(f*x+e)*sqrt(sinh(f*x+e)^2+1))/(a*(a-b)*sqrt(b*sinh(f*x+e)^2+a)))/(3*a*(a-b)))-(4*%i*b*sinh(f*x+e)*sqrt(sinh(f*x+e)^2+1))/(3*(a-b)*(b*sinh(f*x+e)^2+a)^(3/2)))/(a-b)))/f
OPTIMAL1 -((sqrt(b)*(b+7*a)*cosh(f*x+e)*elliptic_e(atan((sqrt(b)*sinh(f*x+e))/sqrt(a)),1-a/b))/(3*sqrt(a)*(a-b)^3*f*sqrt(b*sinh(f*x+e)^2+a)*sqrt((a*cosh(f*x+e)^2)/(b*sinh(f*x+e)^2+a))))+((5*b+3*a)*sech(f*x+e)*sqrt(b*sinh(f*x+e)^2+a)*elliptic_f(atan(sinh(f*x+e)),1-b/a))/(3*a*(a-b)^3*f*sqrt((sech(f*x+e)^2*(b*sinh(f*x+e)^2+a))/a))-tanh(f*x+e)/((a-b)*f*(b*sinh(f*x+e)^2+a)^(3/2))-(4*b*cosh(f*x+e)*sinh(f*x+e))/(3*(a-b)^2*f*(b*sinh(f*x+e)^2+a)^(3/2))
## 6 Hyperbolic functions/6.1 Hyperbolic sine/6.1.7 hyper^m (a+b sinh^n)^p.mac e510 L605
GRADE C 362 4
ANSWER (%i*(-(((%i*(3*a-4*b)*sqrt(sinh(f*x+e)^2+1))/(a*(a-b)*sinh(f*x+e)*sqrt(b*sinh(f*x+e)^2+a))-((%i*(7*a-8*b)*sqrt(sinh(f*x+e)^2+1)*sqrt(b*sinh(f*x+e)^2+a))/(a*sinh(f*x+e))-(-((sqrt(a)*(-(a*(8*b^2-7*a*b))-b*(3*a^2-4*a*b))*sqrt((b*sinh(f*x+e)^2)/a+1)*elliptic_f(%i*asinh((sqrt(b)*sinh(f*x+e))/sqrt(a)),a/b))/(b^(3/2)*sqrt(b*sinh(f*x+e)^2+a)))-((8*b^2-7*a*b)*sqrt(b*sinh(f*x+e)^2+a)*elliptic_e(%i*asinh(sinh(f*x+e)),b/a))/(b*sqrt((b*sinh(f*x+e)^2)/a+1)))/a)/(a*(a-b)))/(3*a))-(%i*sqrt(sinh(f*x+e)^2+1))/(3*a*sinh(f*x+e)*(b*sinh(f*x+e)^2+a)^(3/2))))/f
OPTIMAL1 ((3*a-4*b)*sech(f*x+e)*sqrt(b*sinh(f*x+e)^2+a)*elliptic_f(atan(sinh(f*x+e)),1-b/a))/(3*a^3*(a-b)*f*sqrt((sech(f*x+e)^2*(b*sinh(f*x+e)^2+a))/a))-((7*a-8*b)*sech(f*x+e)*sqrt(b*sinh(f*x+e)^2+a)*elliptic_e(atan(sinh(f*x+e)),1-b/a))/(3*a^3*(a-b)*f*sqrt((sech(f*x+e)^2*(b*sinh(f*x+e)^2+a))/a))+((7*a-8*b)*sqrt(b*sinh(f*x+e)^2+a)*tanh(f*x+e))/(3*a^3*(a-b)*f)-((7*a-8*b)*coth(f*x+e)*sqrt(b*sinh(f*x+e)^2+a))/(3*a^3*(a-b)*f)+((3*a-4*b)*coth(f*x+e))/(3*a^2*(a-b)*f*sqrt(b*sinh(f*x+e)^2+a))+coth(f*x+e)/(3*a*f*(b*sinh(f*x+e)^2+a)^(3/2))
## 6 Hyperbolic functions/6.1 Hyperbolic sine/6.1.7 hyper^m (a+b sinh^n)^p.mac e511 L606
GRADE C 497 4
ANSWER -((%i*((-((-(((%i*(-(48*b^3)+72*a*b^2-24*a^2*b)*sqrt(sinh(f*x+e)^2+1)*sqrt(b*sinh(f*x+e)^2+a))/(a*sinh(f*x+e))-(-((sqrt(a)*(-(a*(48*b^4-72*a*b^3+24*a^2*b^2))-b*(-(24*a*b^3)+33*a^2*b^2-9*a^3*b))*sqrt((b*sinh(f*x+e)^2)/a+1)*elliptic_f(%i*asinh((sqrt(b)*sinh(f*x+e))/sqrt(a)),a/b))/(b^(3/2)*sqrt(b*sinh(f*x+e)^2+a)))-((48*b^4-72*a*b^3+24*a^2*b^2)*sqrt(b*sinh(f*x+e)^2+a)*elliptic_e(%i*asinh(sinh(f*x+e)),b/a))/(b*sqrt((b*sinh(f*x+e)^2)/a+1)))/a)/(3*a))-(%i*(24*b^2-33*a*b+9*a^2)*sqrt(sinh(f*x+e)^2+1)*sqrt(b*sinh(f*x+e)^2+a))/(3*a*sinh(f*x+e)^3))/(a*(a-b)))-(%i*(b*(6*b-3*a)+a*(2*a-5*b))*sqrt(sinh(f*x+e)^2+1))/(a*(a-b)*sinh(f*x+e)^3*sqrt(b*sinh(f*x+e)^2+a)))/(3*a*b)+(%i*(b-a)*sqrt(sinh(f*x+e)^2+1))/(3*a*b*sinh(f*x+e)^3*(b*sinh(f*x+e)^2+a)^(3/2))))/f)
OPTIMAL1 ((3*a-8*b)*sech(f*x+e)*sqrt(b*sinh(f*x+e)^2+a)*elliptic_f(atan(sinh(f*x+e)),1-b/a))/(3*a^4*f*sqrt((sech(f*x+e)^2*(b*sinh(f*x+e)^2+a))/a))-(8*(a-2*b)*sech(f*x+e)*sqrt(b*sinh(f*x+e)^2+a)*elliptic_e(atan(sinh(f*x+e)),1-b/a))/(3*a^4*f*sqrt((sech(f*x+e)^2*(b*sinh(f*x+e)^2+a))/a))+(8*(a-2*b)*sqrt(b*sinh(f*x+e)^2+a)*tanh(f*x+e))/(3*a^4*f)+((3*a-8*b)*coth(f*x+e)*csch(f*x+e)^2*sqrt(b*sinh(f*x+e)^2+a))/(3*a^3*b*f)-(8*(a-2*b)*coth(f*x+e)*sqrt(b*sinh(f*x+e)^2+a))/(3*a^4*f)-(2*(a-3*b)*coth(f*x+e)*csch(f*x+e)^2)/(3*a^2*b*f*sqrt(b*sinh(f*x+e)^2+a))-((a-b)*coth(f*x+e)*csch(f*x+e)^2)/(3*a*b*f*(b*sinh(f*x+e)^2+a)^(3/2))
## 6 Hyperbolic functions/6.2 Hyperbolic cosine/6.2.1 (c+d x)^m (a+b cosh)^n.mac e5 L16
GRADE C 84 4
ANSWER (%i*cos(((%i*a+%pi/2)*d-%i*b*c)/d)*expintegral_shi(b*x+(b*c)/d))/d+(sin(((%i*a+%pi/2)*d-%i*b*c)/d)*expintegral_chi(b*x+(b*c)/d))/d
OPTIMAL1 (cosh((b*c)/d-a)*expintegral_chi(b*x+(b*c)/d))/d-(sinh((b*c)/d-a)*expintegral_shi(b*x+(b*c)/d))/d
## 6 Hyperbolic functions/6.2 Hyperbolic cosine/6.2.1 (c+d x)^m (a+b cosh)^n.mac e7 L18
GRADE C 149 4
ANSWER (%i*b*((%i*b*((sin((%i*b*c-(%i*a+%pi/2)*d)/d)*expintegral_chi(b*x+(b*c)/d))/d-(%i*cos((%i*b*c-(%i*a+%pi/2)*d)/d)*expintegral_shi(b*x+(b*c)/d))/d))/d-(%i*sinh(b*x+a))/(d*(-(d*x)-c))))/(2*d)-cosh(b*x+a)/(2*d*(d*x+c)^2)
OPTIMAL1 -((b^2*sinh((b*c)/d-a)*expintegral_shi(b*x+(b*c)/d))/(2*d^3))+(b^2*cosh((b*c)/d-a)*expintegral_chi(b*x+(b*c)/d))/(2*d^3)-(b*sinh(b*x+a))/(2*d^2*(d*x+c))-cosh(b*x+a)/(2*d*(d*x+c)^2)
## 6 Hyperbolic functions/6.2 Hyperbolic cosine/6.2.1 (c+d x)^m (a+b cosh)^n.mac e12 L23
GRADE C 106 4
ANSWER log(d*x+c)/(2*d)+((%i*cos(((2*%i*a+%pi/2)*d-2*%i*b*c)/d)*expintegral_shi(2*b*x+(2*b*c)/d))/d+(sin(((2*%i*a+%pi/2)*d-2*%i*b*c)/d)*expintegral_chi(2*b*x+(2*b*c)/d))/d)/2
OPTIMAL1 log(d*x+c)/(2*d)-(sinh((2*b*c)/d-2*a)*expintegral_shi(2*b*x+(2*b*c)/d))/(2*d)+(cosh((2*b*c)/d-2*a)*expintegral_chi(2*b*x+(2*b*c)/d))/(2*d)
## 6 Hyperbolic functions/6.2 Hyperbolic cosine/6.2.1 (c+d x)^m (a+b cosh)^n.mac e14 L25
GRADE C 176 4
ANSWER (2*b^2*(log(d*x+c)/(2*d)+((%i*cos(((2*%i*a+%pi/2)*d-2*%i*b*c)/d)*expintegral_shi(2*b*x+(2*b*c)/d))/d+(sin(((2*%i*a+%pi/2)*d-2*%i*b*c)/d)*expintegral_chi(2*b*x+(2*b*c)/d))/d)/2))/d^2-(b^2*log(d*x+c))/d^3-(b*cosh(b*x+a)*sinh(b*x+a))/(d^2*(d*x+c))-cosh(b*x+a)^2/(2*d*(d*x+c)^2)
OPTIMAL1 -((b^2*sinh((2*b*c)/d-2*a)*expintegral_shi(2*b*x+(2*b*c)/d))/d^3)+(b^2*cosh((2*b*c)/d-2*a)*expintegral_chi(2*b*x+(2*b*c)/d))/d^3-(b*cosh(b*x+a)*sinh(b*x+a))/(d^2*(d*x+c))-cosh(b*x+a)^2/(2*d*(d*x+c)^2)
## 6 Hyperbolic functions/6.2 Hyperbolic cosine/6.2.1 (c+d x)^m (a+b cosh)^n.mac e20 L31
GRADE C 181 4
ANSWER ((%i*cos(((3*%i*a+%pi/2)*d-3*%i*b*c)/d)*expintegral_shi(3*b*x+(3*b*c)/d))/d+(sin(((3*%i*a+%pi/2)*d-3*%i*b*c)/d)*expintegral_chi(3*b*x+(3*b*c)/d))/d)/4+(3*((%i*cos(((%i*a+%pi/2)*d-%i*b*c)/d)*expintegral_shi(b*x+(b*c)/d))/d+(sin(((%i*a+%pi/2)*d-%i*b*c)/d)*expintegral_chi(b*x+(b*c)/d))/d))/4
OPTIMAL1 -((sinh((3*b*c)/d-3*a)*expintegral_shi(3*b*x+(3*b*c)/d))/(4*d))+(cosh((3*b*c)/d-3*a)*expintegral_chi(3*b*x+(3*b*c)/d))/(4*d)-(3*sinh((b*c)/d-a)*expintegral_shi(b*x+(b*c)/d))/(4*d)+(3*cosh((b*c)/d-a)*expintegral_chi(b*x+(b*c)/d))/(4*d)
## 6 Hyperbolic functions/6.2 Hyperbolic cosine/6.2.1 (c+d x)^m (a+b cosh)^n.mac e22 L33
GRADE C 335 4
ANSWER (9*b^2*(((%i*cos(((3*%i*a+%pi/2)*d-3*%i*b*c)/d)*expintegral_shi(3*b*x+(3*b*c)/d))/d+(sin(((3*%i*a+%pi/2)*d-3*%i*b*c)/d)*expintegral_chi(3*b*x+(3*b*c)/d))/d)/4+(3*((%i*cos(((%i*a+%pi/2)*d-%i*b*c)/d)*expintegral_shi(b*x+(b*c)/d))/d+(sin(((%i*a+%pi/2)*d-%i*b*c)/d)*expintegral_chi(b*x+(b*c)/d))/d))/4))/(2*d^2)-(3*b^2*((%i*cos(((%i*a+%pi/2)*d-%i*b*c)/d)*expintegral_shi(b*x+(b*c)/d))/d+(sin(((%i*a+%pi/2)*d-%i*b*c)/d)*expintegral_chi(b*x+(b*c)/d))/d))/d^2-(3*b*cosh(b*x+a)^2*sinh(b*x+a))/(2*d^2*(d*x+c))-cosh(b*x+a)^3/(2*d*(d*x+c)^2)
OPTIMAL1 -((9*b^2*sinh((3*b*c)/d-3*a)*expintegral_shi(3*b*x+(3*b*c)/d))/(8*d^3))+(9*b^2*cosh((3*b*c)/d-3*a)*expintegral_chi(3*b*x+(3*b*c)/d))/(8*d^3)-(3*b^2*sinh((b*c)/d-a)*expintegral_shi(b*x+(b*c)/d))/(8*d^3)+(3*b^2*cosh((b*c)/d-a)*expintegral_chi(b*x+(b*c)/d))/(8*d^3)-(3*b*cosh(b*x+a)^2*sinh(b*x+a))/(2*d^2*(d*x+c))-cosh(b*x+a)^3/(2*d*(d*x+c)^2)
## 6 Hyperbolic functions/6.2 Hyperbolic cosine/6.2.1 (c+d x)^m (a+b cosh)^n.mac e102 L139
GRADE C 98 4
ANSWER a*((%i*cos((d*(%i*e+%pi/2)-%i*c*f)/d)*expintegral_shi(f*x+(c*f)/d))/d+(sin((d*(%i*e+%pi/2)-%i*c*f)/d)*expintegral_chi(f*x+(c*f)/d))/d)+(a*log(d*x+c))/d
OPTIMAL1 -((a*sinh((c*f)/d-e)*expintegral_shi(f*x+(c*f)/d))/d)+(a*cosh((c*f)/d-e)*expintegral_chi(f*x+(c*f)/d))/d+(a*log(d*x+c))/d
## 6 Hyperbolic functions/6.2 Hyperbolic cosine/6.2.1 (c+d x)^m (a+b cosh)^n.mac e104 L141
GRADE C 167 4
ANSWER a*((%i*f*((%i*f*((sin((%i*c*f-d*(%i*e+%pi/2))/d)*expintegral_chi(f*x+(c*f)/d))/d-(%i*cos((%i*c*f-d*(%i*e+%pi/2))/d)*expintegral_shi(f*x+(c*f)/d))/d))/d-(%i*sinh(f*x+e))/(d*(-(d*x)-c))))/(2*d)-cosh(f*x+e)/(2*d*(d*x+c)^2))-a/(2*d*(d*x+c)^2)
OPTIMAL1 -((a*f^2*sinh((c*f)/d-e)*expintegral_shi(f*x+(c*f)/d))/(2*d^3))+(a*f^2*cosh((c*f)/d-e)*expintegral_chi(f*x+(c*f)/d))/(2*d^3)-(a*f*sinh(f*x+e))/(2*d^2*(d*x+c))-(a*cosh(f*x+e))/(2*d*(d*x+c)^2)-a/(2*d*(d*x+c)^2)
## 6 Hyperbolic functions/6.2 Hyperbolic cosine/6.2.1 (c+d x)^m (a+b cosh)^n.mac e108 L145
GRADE C 199 4
ANSWER 4*a^2*(((%i*cos((d*(2*%i*e+%pi/2)-2*%i*c*f)/d)*expintegral_shi(2*f*x+(2*c*f)/d))/d+(sin((d*(2*%i*e+%pi/2)-2*%i*c*f)/d)*expintegral_chi(2*f*x+(2*c*f)/d))/d)/8+((%i*cos((d*(%i*e+%pi/2)-%i*c*f)/d)*expintegral_shi(f*x+(c*f)/d))/d+(sin((d*(%i*e+%pi/2)-%i*c*f)/d)*expintegral_chi(f*x+(c*f)/d))/d)/2+(3*log(d*x+c))/(8*d))
OPTIMAL1 -((a^2*sinh((2*c*f)/d-2*e)*expintegral_shi(2*f*x+(2*c*f)/d))/(2*d))+(a^2*cosh((2*c*f)/d-2*e)*expintegral_chi(2*f*x+(2*c*f)/d))/(2*d)-(2*a^2*sinh((c*f)/d-e)*expintegral_shi(f*x+(c*f)/d))/d+(2*a^2*cosh((c*f)/d-e)*expintegral_chi(f*x+(c*f)/d))/d+(3*a^2*log(d*x+c))/(2*d)
## 6 Hyperbolic functions/6.2 Hyperbolic cosine/6.2.1 (c+d x)^m (a+b cosh)^n.mac e110 L147
GRADE C 381 4
ANSWER 4*a^2*((2*f^2*(((%i*cos((d*(2*%i*e+%pi/2)-2*%i*c*f)/d)*expintegral_shi(2*f*x+(2*c*f)/d))/d+(sin((d*(2*%i*e+%pi/2)-2*%i*c*f)/d)*expintegral_chi(2*f*x+(2*c*f)/d))/d)/8+((%i*cos((d*(%i*e+%pi/2)-%i*c*f)/d)*expintegral_shi(f*x+(c*f)/d))/d+(sin((d*(%i*e+%pi/2)-%i*c*f)/d)*expintegral_chi(f*x+(c*f)/d))/d)/2+(3*log(d*x+c))/(8*d)))/d^2-(3*f^2*(((%i*cos((d*(%i*e+%pi/2)-%i*c*f)/d)*expintegral_shi(f*x+(c*f)/d))/d+(sin((d*(%i*e+%pi/2)-%i*c*f)/d)*expintegral_chi(f*x+(c*f)/d))/d)/2+log(d*x+c)/(2*d)))/(2*d^2)-(f*cosh((f*x+e)/2)^3*sinh((f*x+e)/2))/(d^2*(d*x+c))-cosh((f*x+e)/2)^4/(2*d*(d*x+c)^2))
OPTIMAL1 -((a^2*f^2*sinh((2*c*f)/d-2*e)*expintegral_shi(2*f*x+(2*c*f)/d))/d^3)+(a^2*f^2*cosh((2*c*f)/d-2*e)*expintegral_chi(2*f*x+(2*c*f)/d))/d^3-(a^2*f^2*sinh((c*f)/d-e)*expintegral_shi(f*x+(c*f)/d))/d^3+(a^2*f^2*cosh((c*f)/d-e)*expintegral_chi(f*x+(c*f)/d))/d^3-(4*a^2*f*cosh((f*x)/2+e/2)^3*sinh((f*x)/2+e/2))/(d^2*(d*x+c))-(2*a^2*cosh((f*x)/2+e/2)^4)/(d*(d*x+c)^2)
## 6 Hyperbolic functions/6.2 Hyperbolic cosine/6.2.1 (c+d x)^m (a+b cosh)^n.mac e121 L164
GRADE C 127 3
ANSWER (((6*((4*((2*x*sinh((d*x+c)/2))/d-(4*cosh((d*x+c)/2))/d^2))/d-(2*x^2*cosh((d*x+c)/2))/d))/d+(2*x^3*sinh((d*x+c)/2))/d)*sqrt(a*cosh(d*x+c)+a))/sin((%i*d*x)/2+(%i*c+%pi/2)/2+%pi/4)
OPTIMAL1 (2*x^3*tanh((d*x)/2+c/2)*sqrt(a*cosh(d*x+c)+a))/d+(48*x*tanh((d*x)/2+c/2)*sqrt(a*cosh(d*x+c)+a))/d^3-(12*x^2*sqrt(a*cosh(d*x+c)+a))/d^2-(96*sqrt(a*cosh(d*x+c)+a))/d^4
## 6 Hyperbolic functions/6.2 Hyperbolic cosine/6.2.1 (c+d x)^m (a+b cosh)^n.mac e122 L165
GRADE C 103 3
ANSWER (((4*((4*sinh((d*x+c)/2))/d^2-(2*x*cosh((d*x+c)/2))/d))/d+(2*x^2*sinh((d*x+c)/2))/d)*sqrt(a*cosh(d*x+c)+a))/sin((%i*d*x)/2+(%i*c+%pi/2)/2+%pi/4)
OPTIMAL1 (2*x^2*tanh((d*x)/2+c/2)*sqrt(a*cosh(d*x+c)+a))/d+(16*tanh((d*x)/2+c/2)*sqrt(a*cosh(d*x+c)+a))/d^3-(8*x*sqrt(a*cosh(d*x+c)+a))/d^2
## 6 Hyperbolic functions/6.2 Hyperbolic cosine/6.2.1 (c+d x)^m (a+b cosh)^n.mac e123 L166
GRADE C 79 3
ANSWER (((2*x*sinh((d*x+c)/2))/d-(4*cosh((d*x+c)/2))/d^2)*sqrt(a*cosh(d*x+c)+a))/sin((%i*d*x)/2+(%i*c+%pi/2)/2+%pi/4)
OPTIMAL1 (2*x*tanh((d*x)/2+c/2)*sqrt(a*cosh(d*x+c)+a))/d-(4*sqrt(a*cosh(d*x+c)+a))/d^2
## 6 Hyperbolic functions/6.2 Hyperbolic cosine/6.2.1 (c+d x)^m (a+b cosh)^n.mac e124 L167
GRADE C 76 4
ANSWER ((sinh(c/2)*expintegral_shi((d*x)/2)+cosh(c/2)*expintegral_chi((d*x)/2))*sqrt(a*cosh(d*x+c)+a))/sin((%i*d*x)/2+(%i*c+%pi/2)/2+%pi/4)
OPTIMAL1 sinh(c/2)*expintegral_shi((d*x)/2)*sech((d*x)/2+c/2)*sqrt(a*cosh(d*x+c)+a)+cosh(c/2)*expintegral_chi((d*x)/2)*sech((d*x)/2+c/2)*sqrt(a*cosh(d*x+c)+a)
## 6 Hyperbolic functions/6.2 Hyperbolic cosine/6.2.1 (c+d x)^m (a+b cosh)^n.mac e125 L168
GRADE C 99 4
ANSWER ((-(cosh((d*x+c)/2)/x)-(d*(-(cosh(c/2)*expintegral_shi((d*x)/2))-sinh(c/2)*expintegral_chi((d*x)/2)))/2)*sqrt(a*cosh(d*x+c)+a))/sin((%i*d*x)/2+(%i*c+%pi/2)/2+%pi/4)
OPTIMAL1 (cosh(c/2)*d*expintegral_shi((d*x)/2)*sech((d*x)/2+c/2)*sqrt(a*cosh(d*x+c)+a))/2+(sinh(c/2)*d*expintegral_chi((d*x)/2)*sech((d*x)/2+c/2)*sqrt(a*cosh(d*x+c)+a))/2-sqrt(a*cosh(d*x+c)+a)/x
## 6 Hyperbolic functions/6.2 Hyperbolic cosine/6.2.1 (c+d x)^m (a+b cosh)^n.mac e126 L169
GRADE C 119 4
ANSWER ((-((d*(sinh((d*x+c)/2)/x-(d*(sinh(c/2)*expintegral_shi((d*x)/2)+cosh(c/2)*expintegral_chi((d*x)/2)))/2))/4)-cosh((d*x+c)/2)/(2*x^2))*sqrt(a*cosh(d*x+c)+a))/sin((%i*d*x)/2+(%i*c+%pi/2)/2+%pi/4)
OPTIMAL1 -((d*tanh((d*x)/2+c/2)*sqrt(a*cosh(d*x+c)+a))/(4*x))+(sinh(c/2)*d^2*expintegral_shi((d*x)/2)*sech((d*x)/2+c/2)*sqrt(a*cosh(d*x+c)+a))/8+(cosh(c/2)*d^2*expintegral_chi((d*x)/2)*sech((d*x)/2+c/2)*sqrt(a*cosh(d*x+c)+a))/8-sqrt(a*cosh(d*x+c)+a)/(2*x^2)
## 6 Hyperbolic functions/6.2 Hyperbolic cosine/6.2.1 (c+d x)^m (a+b cosh)^n.mac e159 L216
GRADE C 98 4
ANSWER b*((%i*cos((d*(%i*e+%pi/2)-%i*c*f)/d)*expintegral_shi(f*x+(c*f)/d))/d+(sin((d*(%i*e+%pi/2)-%i*c*f)/d)*expintegral_chi(f*x+(c*f)/d))/d)+(a*log(d*x+c))/d
OPTIMAL1 -((b*sinh((c*f)/d-e)*expintegral_shi(f*x+(c*f)/d))/d)+(b*cosh((c*f)/d-e)*expintegral_chi(f*x+(c*f)/d))/d+(a*log(d*x+c))/d
## 6 Hyperbolic functions/6.2 Hyperbolic cosine/6.2.1 (c+d x)^m (a+b cosh)^n.mac e161 L218
GRADE C 167 4
ANSWER b*((%i*f*((%i*f*((sin((%i*c*f-d*(%i*e+%pi/2))/d)*expintegral_chi(f*x+(c*f)/d))/d-(%i*cos((%i*c*f-d*(%i*e+%pi/2))/d)*expintegral_shi(f*x+(c*f)/d))/d))/d-(%i*sinh(f*x+e))/(d*(-(d*x)-c))))/(2*d)-cosh(f*x+e)/(2*d*(d*x+c)^2))-a/(2*d*(d*x+c)^2)
OPTIMAL1 -((b*f^2*sinh((c*f)/d-e)*expintegral_shi(f*x+(c*f)/d))/(2*d^3))+(b*f^2*cosh((c*f)/d-e)*expintegral_chi(f*x+(c*f)/d))/(2*d^3)-(b*f*sinh(f*x+e))/(2*d^2*(d*x+c))-(b*cosh(f*x+e))/(2*d*(d*x+c)^2)-a/(2*d*(d*x+c)^2)
## 6 Hyperbolic functions/6.2 Hyperbolic cosine/6.2.1 (c+d x)^m (a+b cosh)^n.mac e165 L222
GRADE C 212 4
ANSWER b^2*(((%i*cos((d*(2*%i*e+%pi/2)-2*%i*c*f)/d)*expintegral_shi(2*f*x+(2*c*f)/d))/d+(sin((d*(2*%i*e+%pi/2)-2*%i*c*f)/d)*expintegral_chi(2*f*x+(2*c*f)/d))/d)/2+log(d*x+c)/(2*d))+2*a*b*((%i*cos((d*(%i*e+%pi/2)-%i*c*f)/d)*expintegral_shi(f*x+(c*f)/d))/d+(sin((d*(%i*e+%pi/2)-%i*c*f)/d)*expintegral_chi(f*x+(c*f)/d))/d)+(a^2*log(d*x+c))/d
OPTIMAL1 -((b^2*sinh((2*c*f)/d-2*e)*expintegral_shi(2*f*x+(2*c*f)/d))/(2*d))+(b^2*cosh((2*c*f)/d-2*e)*expintegral_chi(2*f*x+(2*c*f)/d))/(2*d)-(2*a*b*sinh((c*f)/d-e)*expintegral_shi(f*x+(c*f)/d))/d+(2*a*b*cosh((c*f)/d-e)*expintegral_chi(f*x+(c*f)/d))/d+(b^2*log(d*x+c))/(2*d)+(a^2*log(d*x+c))/d
## 6 Hyperbolic functions/6.2 Hyperbolic cosine/6.2.1 (c+d x)^m (a+b cosh)^n.mac e167 L224
GRADE C 351 4
ANSWER b^2*((2*f^2*(((%i*cos((d*(2*%i*e+%pi/2)-2*%i*c*f)/d)*expintegral_shi(2*f*x+(2*c*f)/d))/d+(sin((d*(2*%i*e+%pi/2)-2*%i*c*f)/d)*expintegral_chi(2*f*x+(2*c*f)/d))/d)/2+log(d*x+c)/(2*d)))/d^2-(f*cosh(f*x+e)*sinh(f*x+e))/(d^2*(d*x+c))-cosh(f*x+e)^2/(2*d*(d*x+c)^2)-(f^2*log(d*x+c))/d^3)+2*a*b*((%i*f*((%i*f*((sin((%i*c*f-d*(%i*e+%pi/2))/d)*expintegral_chi(f*x+(c*f)/d))/d-(%i*cos((%i*c*f-d*(%i*e+%pi/2))/d)*expintegral_shi(f*x+(c*f)/d))/d))/d-(%i*sinh(f*x+e))/(d*(-(d*x)-c))))/(2*d)-cosh(f*x+e)/(2*d*(d*x+c)^2))-a^2/(2*d*(d*x+c)^2)
OPTIMAL1 -((b^2*f^2*sinh((2*c*f)/d-2*e)*expintegral_shi(2*f*x+(2*c*f)/d))/d^3)+(b^2*f^2*cosh((2*c*f)/d-2*e)*expintegral_chi(2*f*x+(2*c*f)/d))/d^3-(a*b*f^2*sinh((c*f)/d-e)*expintegral_shi(f*x+(c*f)/d))/d^3+(a*b*f^2*cosh((c*f)/d-e)*expintegral_chi(f*x+(c*f)/d))/d^3-(b^2*f*cosh(f*x+e)*sinh(f*x+e))/(d^2*(d*x+c))-(a*b*f*sinh(f*x+e))/(d^2*(d*x+c))-(b^2*cosh(f*x+e)^2)/(2*d*(d*x+c)^2)-(a*b*cosh(f*x+e))/(d*(d*x+c)^2)-a^2/(2*d*(d*x+c)^2)
## 6 Hyperbolic functions/6.2 Hyperbolic cosine/6.2.2 (e x)^m (a+b x^n)^p cosh.mac e18 L29
GRADE C 253 4
ANSWER (a^4*((%i*cos((b*(%i*c+%pi/2)-%i*a*d)/b)*expintegral_shi(d*x+(a*d)/b))/b+(sin((b*(%i*c+%pi/2)-%i*a*d)/b)*expintegral_chi(d*x+(a*d)/b))/b))/b^4+(b^3*((3*((2*((x*sinh(d*x+c))/d-cosh(d*x+c)/d^2))/d-(x^2*cosh(d*x+c))/d))/d+(x^3*sinh(d*x+c))/d)-a*b^2*((2*(sinh(d*x+c)/d^2-(x*cosh(d*x+c))/d))/d+(x^2*sinh(d*x+c))/d)+a^2*b*((x*sinh(d*x+c))/d-cosh(d*x+c)/d^2)-(a^3*sinh(d*x+c))/d)/b^4
OPTIMAL1 -((a^4*sinh((a*d)/b-c)*expintegral_shi(d*x+(a*d)/b))/b^5)+(a^4*cosh((a*d)/b-c)*expintegral_chi(d*x+(a*d)/b))/b^5+(x^3*sinh(d*x+c))/(b*d)-(a*x^2*sinh(d*x+c))/(b^2*d)+(a^2*x*sinh(d*x+c))/(b^3*d)+(6*x*sinh(d*x+c))/(b*d^3)-(a^3*sinh(d*x+c))/(b^4*d)-(2*a*sinh(d*x+c))/(b^2*d^3)-(3*x^2*cosh(d*x+c))/(b*d^2)+(2*a*x*cosh(d*x+c))/(b^2*d^2)-(a^2*cosh(d*x+c))/(b^3*d^2)-(6*cosh(d*x+c))/(b*d^4)
## 6 Hyperbolic functions/6.2 Hyperbolic cosine/6.2.2 (e x)^m (a+b x^n)^p cosh.mac e19 L30
GRADE C 184 4
ANSWER (b^2*((2*(sinh(d*x+c)/d^2-(x*cosh(d*x+c))/d))/d+(x^2*sinh(d*x+c))/d)-a*b*((x*sinh(d*x+c))/d-cosh(d*x+c)/d^2)+(a^2*sinh(d*x+c))/d)/b^3-(a^3*((%i*cos((b*(%i*c+%pi/2)-%i*a*d)/b)*expintegral_shi(d*x+(a*d)/b))/b+(sin((b*(%i*c+%pi/2)-%i*a*d)/b)*expintegral_chi(d*x+(a*d)/b))/b))/b^3
OPTIMAL1 (a^3*sinh((a*d)/b-c)*expintegral_shi(d*x+(a*d)/b))/b^4-(a^3*cosh((a*d)/b-c)*expintegral_chi(d*x+(a*d)/b))/b^4+(x^2*sinh(d*x+c))/(b*d)-(a*x*sinh(d*x+c))/(b^2*d)+(a^2*sinh(d*x+c))/(b^3*d)+(2*sinh(d*x+c))/(b*d^3)-(2*x*cosh(d*x+c))/(b*d^2)+(a*cosh(d*x+c))/(b^2*d^2)
## 6 Hyperbolic functions/6.2 Hyperbolic cosine/6.2.2 (e x)^m (a+b x^n)^p cosh.mac e20 L31
GRADE C 126 4
ANSWER (a^2*((%i*cos((b*(%i*c+%pi/2)-%i*a*d)/b)*expintegral_shi(d*x+(a*d)/b))/b+(sin((b*(%i*c+%pi/2)-%i*a*d)/b)*expintegral_chi(d*x+(a*d)/b))/b))/b^2+(-(((a-b*x)*sinh(d*x+c))/d)-(b*cosh(d*x+c))/d^2)/b^2
OPTIMAL1 -((a^2*sinh((a*d)/b-c)*expintegral_shi(d*x+(a*d)/b))/b^3)+(a^2*cosh((a*d)/b-c)*expintegral_chi(d*x+(a*d)/b))/b^3+(x*sinh(d*x+c))/(b*d)-(a*sinh(d*x+c))/(b^2*d)-cosh(d*x+c)/(b*d^2)
## 6 Hyperbolic functions/6.2 Hyperbolic cosine/6.2.2 (e x)^m (a+b x^n)^p cosh.mac e21 L32
GRADE C 104 4
ANSWER sinh(d*x+c)/(b*d)-(a*((%i*cos((b*(%i*c+%pi/2)-%i*a*d)/b)*expintegral_shi(d*x+(a*d)/b))/b+(sin((b*(%i*c+%pi/2)-%i*a*d)/b)*expintegral_chi(d*x+(a*d)/b))/b))/b
OPTIMAL1 (a*sinh((a*d)/b-c)*expintegral_shi(d*x+(a*d)/b))/b^2-(a*cosh((a*d)/b-c)*expintegral_chi(d*x+(a*d)/b))/b^2+sinh(d*x+c)/(b*d)
## 6 Hyperbolic functions/6.2 Hyperbolic cosine/6.2.2 (e x)^m (a+b x^n)^p cosh.mac e22 L33
GRADE C 84 4
ANSWER (%i*cos((b*(%i*c+%pi/2)-%i*a*d)/b)*expintegral_shi(d*x+(a*d)/b))/b+(sin((b*(%i*c+%pi/2)-%i*a*d)/b)*expintegral_chi(d*x+(a*d)/b))/b
OPTIMAL1 (cosh((a*d)/b-c)*expintegral_chi(d*x+(a*d)/b))/b-(sinh((a*d)/b-c)*expintegral_shi(d*x+(a*d)/b))/b
## 6 Hyperbolic functions/6.2 Hyperbolic cosine/6.2.2 (e x)^m (a+b x^n)^p cosh.mac e23 L34
GRADE C 110 4
ANSWER (sinh(c)*expintegral_shi(d*x)+cosh(c)*expintegral_chi(d*x))/a-(b*((%i*cos((b*(%i*c+%pi/2)-%i*a*d)/b)*expintegral_shi(d*x+(a*d)/b))/b+(sin((b*(%i*c+%pi/2)-%i*a*d)/b)*expintegral_chi(d*x+(a*d)/b))/b))/a
OPTIMAL1 (sinh((a*d)/b-c)*expintegral_shi(d*x+(a*d)/b))/a-(cosh((a*d)/b-c)*expintegral_chi(d*x+(a*d)/b))/a+(sinh(c)*expintegral_shi(d*x))/a+(cosh(c)*expintegral_chi(d*x))/a
## 6 Hyperbolic functions/6.2 Hyperbolic cosine/6.2.2 (e x)^m (a+b x^n)^p cosh.mac e24 L35
GRADE C 149 4
ANSWER (b^2*((%i*cos((b*(%i*c+%pi/2)-%i*a*d)/b)*expintegral_shi(d*x+(a*d)/b))/b+(sin((b*(%i*c+%pi/2)-%i*a*d)/b)*expintegral_chi(d*x+(a*d)/b))/b))/a^2+(-(cosh(d*x+c)/x)-d*(-(cosh(c)*expintegral_shi(d*x))-sinh(c)*expintegral_chi(d*x)))/a-(b*(sinh(c)*expintegral_shi(d*x)+cosh(c)*expintegral_chi(d*x)))/a^2
OPTIMAL1 -((b*sinh((a*d)/b-c)*expintegral_shi(d*x+(a*d)/b))/a^2)+(b*cosh((a*d)/b-c)*expintegral_chi(d*x+(a*d)/b))/a^2-cosh(d*x+c)/(a*x)+(cosh(c)*d*expintegral_shi(d*x))/a-(b*sinh(c)*expintegral_shi(d*x))/a^2+(sinh(c)*d*expintegral_chi(d*x))/a-(b*cosh(c)*expintegral_chi(d*x))/a^2
## 6 Hyperbolic functions/6.2 Hyperbolic cosine/6.2.2 (e x)^m (a+b x^n)^p cosh.mac e25 L36
GRADE C 205 4
ANSWER -((b^3*((%i*cos((b*(%i*c+%pi/2)-%i*a*d)/b)*expintegral_shi(d*x+(a*d)/b))/b+(sin((b*(%i*c+%pi/2)-%i*a*d)/b)*expintegral_chi(d*x+(a*d)/b))/b))/a^3)+(-((d*(sinh(d*x+c)/x-d*(sinh(c)*expintegral_shi(d*x)+cosh(c)*expintegral_chi(d*x))))/2)-cosh(d*x+c)/(2*x^2))/a-(b*(-(cosh(d*x+c)/x)-d*(-(cosh(c)*expintegral_shi(d*x))-sinh(c)*expintegral_chi(d*x))))/a^2+(b^2*(sinh(c)*expintegral_shi(d*x)+cosh(c)*expintegral_chi(d*x)))/a^3
OPTIMAL1 (b^2*sinh((a*d)/b-c)*expintegral_shi(d*x+(a*d)/b))/a^3-(b^2*cosh((a*d)/b-c)*expintegral_chi(d*x+(a*d)/b))/a^3-(d*sinh(d*x+c))/(2*a*x)+(b*cosh(d*x+c))/(a^2*x)-cosh(d*x+c)/(2*a*x^2)+(sinh(c)*d^2*expintegral_shi(d*x))/(2*a)-(b*cosh(c)*d*expintegral_shi(d*x))/a^2+(b^2*sinh(c)*expintegral_shi(d*x))/a^3+(cosh(c)*d^2*expintegral_chi(d*x))/(2*a)-(b*sinh(c)*d*expintegral_chi(d*x))/a^2+(b^2*cosh(c)*expintegral_chi(d*x))/a^3
## 6 Hyperbolic functions/6.2 Hyperbolic cosine/6.2.2 (e x)^m (a+b x^n)^p cosh.mac e26 L37
GRADE C 276 4
ANSWER (a^4*(-((d*(-((cosh((b*c-a*d)/b)*expintegral_shi(d*x+(a*d)/b))/b)-(sinh((b*c-a*d)/b)*expintegral_chi(d*x+(a*d)/b))/b))/b)-cosh(d*x+c)/(b*(b*x+a))))/b^4-(4*a^3*((%i*cos((b*(%i*c+%pi/2)-%i*a*d)/b)*expintegral_shi(d*x+(a*d)/b))/b+(sin((b*(%i*c+%pi/2)-%i*a*d)/b)*expintegral_chi(d*x+(a*d)/b))/b))/b^4+(b^2*((2*(sinh(d*x+c)/d^2-(x*cosh(d*x+c))/d))/d+(x^2*sinh(d*x+c))/d)-2*a*b*((x*sinh(d*x+c))/d-cosh(d*x+c)/d^2)+(3*a^2*sinh(d*x+c))/d)/b^4
OPTIMAL1 (4*a^3*sinh((a*d)/b-c)*expintegral_shi(d*x+(a*d)/b))/b^5+(a^4*d*cosh((a*d)/b-c)*expintegral_shi(d*x+(a*d)/b))/b^6-(a^4*d*sinh((a*d)/b-c)*expintegral_chi(d*x+(a*d)/b))/b^6-(4*a^3*cosh((a*d)/b-c)*expintegral_chi(d*x+(a*d)/b))/b^5+(x^2*sinh(d*x+c))/(b^2*d)-(2*a*x*sinh(d*x+c))/(b^3*d)+(3*a^2*sinh(d*x+c))/(b^4*d)+(2*sinh(d*x+c))/(b^2*d^3)-(a^4*cosh(d*x+c))/(b^5*(b*x+a))-(2*x*cosh(d*x+c))/(b^2*d^2)+(2*a*cosh(d*x+c))/(b^3*d^2)
## 6 Hyperbolic functions/6.2 Hyperbolic cosine/6.2.2 (e x)^m (a+b x^n)^p cosh.mac e27 L38
GRADE C 221 4
ANSWER -((a^3*(-((d*(-((cosh((b*c-a*d)/b)*expintegral_shi(d*x+(a*d)/b))/b)-(sinh((b*c-a*d)/b)*expintegral_chi(d*x+(a*d)/b))/b))/b)-cosh(d*x+c)/(b*(b*x+a))))/b^3)+(3*a^2*((%i*cos((b*(%i*c+%pi/2)-%i*a*d)/b)*expintegral_shi(d*x+(a*d)/b))/b+(sin((b*(%i*c+%pi/2)-%i*a*d)/b)*expintegral_chi(d*x+(a*d)/b))/b))/b^3+(-(((2*a-b*x)*sinh(d*x+c))/d)-(b*cosh(d*x+c))/d^2)/b^3
OPTIMAL1 -((3*a^2*sinh((a*d)/b-c)*expintegral_shi(d*x+(a*d)/b))/b^4)-(a^3*d*cosh((a*d)/b-c)*expintegral_shi(d*x+(a*d)/b))/b^5+(a^3*d*sinh((a*d)/b-c)*expintegral_chi(d*x+(a*d)/b))/b^5+(3*a^2*cosh((a*d)/b-c)*expintegral_chi(d*x+(a*d)/b))/b^4+(x*sinh(d*x+c))/(b^2*d)-(2*a*sinh(d*x+c))/(b^3*d)+(a^3*cosh(d*x+c))/(b^4*(b*x+a))-cosh(d*x+c)/(b^2*d^2)
## 6 Hyperbolic functions/6.2 Hyperbolic cosine/6.2.2 (e x)^m (a+b x^n)^p cosh.mac e28 L39
GRADE C 195 4
ANSWER (a^2*(-((d*(-((cosh((b*c-a*d)/b)*expintegral_shi(d*x+(a*d)/b))/b)-(sinh((b*c-a*d)/b)*expintegral_chi(d*x+(a*d)/b))/b))/b)-cosh(d*x+c)/(b*(b*x+a))))/b^2-(2*a*((%i*cos((b*(%i*c+%pi/2)-%i*a*d)/b)*expintegral_shi(d*x+(a*d)/b))/b+(sin((b*(%i*c+%pi/2)-%i*a*d)/b)*expintegral_chi(d*x+(a*d)/b))/b))/b^2+sinh(d*x+c)/(b^2*d)
OPTIMAL1 (2*a*sinh((a*d)/b-c)*expintegral_shi(d*x+(a*d)/b))/b^3+(a^2*d*cosh((a*d)/b-c)*expintegral_shi(d*x+(a*d)/b))/b^4-(a^2*d*sinh((a*d)/b-c)*expintegral_chi(d*x+(a*d)/b))/b^4-(2*a*cosh((a*d)/b-c)*expintegral_chi(d*x+(a*d)/b))/b^3+sinh(d*x+c)/(b^2*d)-(a^2*cosh(d*x+c))/(b^3*(b*x+a))
## 6 Hyperbolic functions/6.2 Hyperbolic cosine/6.2.2 (e x)^m (a+b x^n)^p cosh.mac e29 L40
GRADE C 179 4
ANSWER ((%i*cos((b*(%i*c+%pi/2)-%i*a*d)/b)*expintegral_shi(d*x+(a*d)/b))/b+(sin((b*(%i*c+%pi/2)-%i*a*d)/b)*expintegral_chi(d*x+(a*d)/b))/b)/b-(a*(-((d*(-((cosh((b*c-a*d)/b)*expintegral_shi(d*x+(a*d)/b))/b)-(sinh((b*c-a*d)/b)*expintegral_chi(d*x+(a*d)/b))/b))/b)-cosh(d*x+c)/(b*(b*x+a))))/b
OPTIMAL1 -((sinh((a*d)/b-c)*expintegral_shi(d*x+(a*d)/b))/b^2)-(a*d*cosh((a*d)/b-c)*expintegral_shi(d*x+(a*d)/b))/b^3+(a*d*sinh((a*d)/b-c)*expintegral_chi(d*x+(a*d)/b))/b^3+(cosh((a*d)/b-c)*expintegral_chi(d*x+(a*d)/b))/b^2+(a*cosh(d*x+c))/(b^2*(b*x+a))
## 6 Hyperbolic functions/6.2 Hyperbolic cosine/6.2.2 (e x)^m (a+b x^n)^p cosh.mac e31 L42
GRADE C 200 4
ANSWER -((b*(-((d*(-((cosh((b*c-a*d)/b)*expintegral_shi(d*x+(a*d)/b))/b)-(sinh((b*c-a*d)/b)*expintegral_chi(d*x+(a*d)/b))/b))/b)-cosh(d*x+c)/(b*(b*x+a))))/a)-(b*((%i*cos((b*(%i*c+%pi/2)-%i*a*d)/b)*expintegral_shi(d*x+(a*d)/b))/b+(sin((b*(%i*c+%pi/2)-%i*a*d)/b)*expintegral_chi(d*x+(a*d)/b))/b))/a^2+(sinh(c)*expintegral_shi(d*x)+cosh(c)*expintegral_chi(d*x))/a^2
OPTIMAL1 (sinh((a*d)/b-c)*expintegral_shi(d*x+(a*d)/b))/a^2-(d*cosh((a*d)/b-c)*expintegral_shi(d*x+(a*d)/b))/(a*b)+(d*sinh((a*d)/b-c)*expintegral_chi(d*x+(a*d)/b))/(a*b)-(cosh((a*d)/b-c)*expintegral_chi(d*x+(a*d)/b))/a^2+cosh(d*x+c)/(a*(b*x+a))+(sinh(c)*expintegral_shi(d*x))/a^2+(cosh(c)*expintegral_chi(d*x))/a^2
## 6 Hyperbolic functions/6.2 Hyperbolic cosine/6.2.2 (e x)^m (a+b x^n)^p cosh.mac e32 L43
GRADE C 241 4
ANSWER (b^2*(-((d*(-((cosh((b*c-a*d)/b)*expintegral_shi(d*x+(a*d)/b))/b)-(sinh((b*c-a*d)/b)*expintegral_chi(d*x+(a*d)/b))/b))/b)-cosh(d*x+c)/(b*(b*x+a))))/a^2+(2*b^2*((%i*cos((b*(%i*c+%pi/2)-%i*a*d)/b)*expintegral_shi(d*x+(a*d)/b))/b+(sin((b*(%i*c+%pi/2)-%i*a*d)/b)*expintegral_chi(d*x+(a*d)/b))/b))/a^3+(-(cosh(d*x+c)/x)-d*(-(cosh(c)*expintegral_shi(d*x))-sinh(c)*expintegral_chi(d*x)))/a^2-(2*b*(sinh(c)*expintegral_shi(d*x)+cosh(c)*expintegral_chi(d*x)))/a^3
OPTIMAL1 -((2*b*sinh((a*d)/b-c)*expintegral_shi(d*x+(a*d)/b))/a^3)+(d*cosh((a*d)/b-c)*expintegral_shi(d*x+(a*d)/b))/a^2-(d*sinh((a*d)/b-c)*expintegral_chi(d*x+(a*d)/b))/a^2+(2*b*cosh((a*d)/b-c)*expintegral_chi(d*x+(a*d)/b))/a^3-(b*cosh(d*x+c))/(a^2*(b*x+a))-cosh(d*x+c)/(a^2*x)+(cosh(c)*d*expintegral_shi(d*x))/a^2-(2*b*sinh(c)*expintegral_shi(d*x))/a^3+(sinh(c)*d*expintegral_chi(d*x))/a^2-(2*b*cosh(c)*expintegral_chi(d*x))/a^3
## 6 Hyperbolic functions/6.2 Hyperbolic cosine/6.2.2 (e x)^m (a+b x^n)^p cosh.mac e33 L44
GRADE C 353 4
ANSWER -((a^3*((%i*d*((%i*d*((sin((%i*a*d-b*(%i*c+%pi/2))/b)*expintegral_chi(d*x+(a*d)/b))/b-(%i*cos((%i*a*d-b*(%i*c+%pi/2))/b)*expintegral_shi(d*x+(a*d)/b))/b))/b-(%i*sinh(d*x+c))/(b*(-(b*x)-a))))/(2*b)-cosh(d*x+c)/(2*b*(b*x+a)^2)))/b^3)+(3*a^2*(-((d*(-((cosh((b*c-a*d)/b)*expintegral_shi(d*x+(a*d)/b))/b)-(sinh((b*c-a*d)/b)*expintegral_chi(d*x+(a*d)/b))/b))/b)-cosh(d*x+c)/(b*(b*x+a))))/b^3-(3*a*((%i*cos((b*(%i*c+%pi/2)-%i*a*d)/b)*expintegral_shi(d*x+(a*d)/b))/b+(sin((b*(%i*c+%pi/2)-%i*a*d)/b)*expintegral_chi(d*x+(a*d)/b))/b))/b^3+sinh(d*x+c)/(b^3*d)
OPTIMAL1 (a^3*d^2*sinh((a*d)/b-c)*expintegral_shi(d*x+(a*d)/b))/(2*b^6)+(3*a*sinh((a*d)/b-c)*expintegral_shi(d*x+(a*d)/b))/b^4+(3*a^2*d*cosh((a*d)/b-c)*expintegral_shi(d*x+(a*d)/b))/b^5-(3*a^2*d*sinh((a*d)/b-c)*expintegral_chi(d*x+(a*d)/b))/b^5-(a^3*d^2*cosh((a*d)/b-c)*expintegral_chi(d*x+(a*d)/b))/(2*b^6)-(3*a*cosh((a*d)/b-c)*expintegral_chi(d*x+(a*d)/b))/b^4+(a^3*d*sinh(d*x+c))/(2*b^5*(b*x+a))+sinh(d*x+c)/(b^3*d)-(3*a^2*cosh(d*x+c))/(b^4*(b*x+a))+(a^3*cosh(d*x+c))/(2*b^4*(b*x+a)^2)
## 6 Hyperbolic functions/6.2 Hyperbolic cosine/6.2.2 (e x)^m (a+b x^n)^p cosh.mac e34 L45
GRADE C 335 4
ANSWER (a^2*((%i*d*((%i*d*((sin((%i*a*d-b*(%i*c+%pi/2))/b)*expintegral_chi(d*x+(a*d)/b))/b-(%i*cos((%i*a*d-b*(%i*c+%pi/2))/b)*expintegral_shi(d*x+(a*d)/b))/b))/b-(%i*sinh(d*x+c))/(b*(-(b*x)-a))))/(2*b)-cosh(d*x+c)/(2*b*(b*x+a)^2)))/b^2-(2*a*(-((d*(-((cosh((b*c-a*d)/b)*expintegral_shi(d*x+(a*d)/b))/b)-(sinh((b*c-a*d)/b)*expintegral_chi(d*x+(a*d)/b))/b))/b)-cosh(d*x+c)/(b*(b*x+a))))/b^2+((%i*cos((b*(%i*c+%pi/2)-%i*a*d)/b)*expintegral_shi(d*x+(a*d)/b))/b+(sin((b*(%i*c+%pi/2)-%i*a*d)/b)*expintegral_chi(d*x+(a*d)/b))/b)/b^2
OPTIMAL1 -((a^2*d^2*sinh((a*d)/b-c)*expintegral_shi(d*x+(a*d)/b))/(2*b^5))-(sinh((a*d)/b-c)*expintegral_shi(d*x+(a*d)/b))/b^3-(2*a*d*cosh((a*d)/b-c)*expintegral_shi(d*x+(a*d)/b))/b^4+(2*a*d*sinh((a*d)/b-c)*expintegral_chi(d*x+(a*d)/b))/b^4+(a^2*d^2*cosh((a*d)/b-c)*expintegral_chi(d*x+(a*d)/b))/(2*b^5)+(cosh((a*d)/b-c)*expintegral_chi(d*x+(a*d)/b))/b^3-(a^2*d*sinh(d*x+c))/(2*b^4*(b*x+a))+(2*a*cosh(d*x+c))/(b^3*(b*x+a))-(a^2*cosh(d*x+c))/(2*b^3*(b*x+a)^2)
## 6 Hyperbolic functions/6.2 Hyperbolic cosine/6.2.2 (e x)^m (a+b x^n)^p cosh.mac e35 L46
GRADE C 244 4
ANSWER (-((d*(-((cosh((b*c-a*d)/b)*expintegral_shi(d*x+(a*d)/b))/b)-(sinh((b*c-a*d)/b)*expintegral_chi(d*x+(a*d)/b))/b))/b)-cosh(d*x+c)/(b*(b*x+a)))/b-(a*((%i*d*((%i*d*((sin((%i*a*d-b*(%i*c+%pi/2))/b)*expintegral_chi(d*x+(a*d)/b))/b-(%i*cos((%i*a*d-b*(%i*c+%pi/2))/b)*expintegral_shi(d*x+(a*d)/b))/b))/b-(%i*sinh(d*x+c))/(b*(-(b*x)-a))))/(2*b)-cosh(d*x+c)/(2*b*(b*x+a)^2)))/b
OPTIMAL1 (a*d^2*sinh((a*d)/b-c)*expintegral_shi(d*x+(a*d)/b))/(2*b^4)+(d*cosh((a*d)/b-c)*expintegral_shi(d*x+(a*d)/b))/b^3-(d*sinh((a*d)/b-c)*expintegral_chi(d*x+(a*d)/b))/b^3-(a*d^2*cosh((a*d)/b-c)*expintegral_chi(d*x+(a*d)/b))/(2*b^4)+(a*d*sinh(d*x+c))/(2*b^3*(b*x+a))-cosh(d*x+c)/(b^2*(b*x+a))+(a*cosh(d*x+c))/(2*b^2*(b*x+a)^2)
## 6 Hyperbolic functions/6.2 Hyperbolic cosine/6.2.2 (e x)^m (a+b x^n)^p cosh.mac e36 L47
GRADE C 149 4
ANSWER (%i*d*((%i*d*((sin((%i*a*d-b*(%i*c+%pi/2))/b)*expintegral_chi(d*x+(a*d)/b))/b-(%i*cos((%i*a*d-b*(%i*c+%pi/2))/b)*expintegral_shi(d*x+(a*d)/b))/b))/b-(%i*sinh(d*x+c))/(b*(-(b*x)-a))))/(2*b)-cosh(d*x+c)/(2*b*(b*x+a)^2)
OPTIMAL1 -((d^2*sinh((a*d)/b-c)*expintegral_shi(d*x+(a*d)/b))/(2*b^3))+(d^2*cosh((a*d)/b-c)*expintegral_chi(d*x+(a*d)/b))/(2*b^3)-(d*sinh(d*x+c))/(2*b^2*(b*x+a))-cosh(d*x+c)/(2*b*(b*x+a)^2)
## 6 Hyperbolic functions/6.2 Hyperbolic cosine/6.2.2 (e x)^m (a+b x^n)^p cosh.mac e37 L48
GRADE C 355 4
ANSWER -((b*((%i*d*((%i*d*((sin((%i*a*d-b*(%i*c+%pi/2))/b)*expintegral_chi(d*x+(a*d)/b))/b-(%i*cos((%i*a*d-b*(%i*c+%pi/2))/b)*expintegral_shi(d*x+(a*d)/b))/b))/b-(%i*sinh(d*x+c))/(b*(-(b*x)-a))))/(2*b)-cosh(d*x+c)/(2*b*(b*x+a)^2)))/a)-(b*(-((d*(-((cosh((b*c-a*d)/b)*expintegral_shi(d*x+(a*d)/b))/b)-(sinh((b*c-a*d)/b)*expintegral_chi(d*x+(a*d)/b))/b))/b)-cosh(d*x+c)/(b*(b*x+a))))/a^2-(b*((%i*cos((b*(%i*c+%pi/2)-%i*a*d)/b)*expintegral_shi(d*x+(a*d)/b))/b+(sin((b*(%i*c+%pi/2)-%i*a*d)/b)*expintegral_chi(d*x+(a*d)/b))/b))/a^3+(sinh(c)*expintegral_shi(d*x)+cosh(c)*expintegral_chi(d*x))/a^3
OPTIMAL1 (d^2*sinh((a*d)/b-c)*expintegral_shi(d*x+(a*d)/b))/(2*a*b^2)+(sinh((a*d)/b-c)*expintegral_shi(d*x+(a*d)/b))/a^3-(d*cosh((a*d)/b-c)*expintegral_shi(d*x+(a*d)/b))/(a^2*b)+(d*sinh((a*d)/b-c)*expintegral_chi(d*x+(a*d)/b))/(a^2*b)-(d^2*cosh((a*d)/b-c)*expintegral_chi(d*x+(a*d)/b))/(2*a*b^2)-(cosh((a*d)/b-c)*expintegral_chi(d*x+(a*d)/b))/a^3+(d*sinh(d*x+c))/(2*a*b*(b*x+a))+cosh(d*x+c)/(a^2*(b*x+a))+cosh(d*x+c)/(2*a*(b*x+a)^2)+(sinh(c)*expintegral_shi(d*x))/a^3+(cosh(c)*expintegral_chi(d*x))/a^3
## 6 Hyperbolic functions/6.2 Hyperbolic cosine/6.2.2 (e x)^m (a+b x^n)^p cosh.mac e38 L49
GRADE C 398 4
ANSWER (b^2*((%i*d*((%i*d*((sin((%i*a*d-b*(%i*c+%pi/2))/b)*expintegral_chi(d*x+(a*d)/b))/b-(%i*cos((%i*a*d-b*(%i*c+%pi/2))/b)*expintegral_shi(d*x+(a*d)/b))/b))/b-(%i*sinh(d*x+c))/(b*(-(b*x)-a))))/(2*b)-cosh(d*x+c)/(2*b*(b*x+a)^2)))/a^2+(2*b^2*(-((d*(-((cosh((b*c-a*d)/b)*expintegral_shi(d*x+(a*d)/b))/b)-(sinh((b*c-a*d)/b)*expintegral_chi(d*x+(a*d)/b))/b))/b)-cosh(d*x+c)/(b*(b*x+a))))/a^3+(3*b^2*((%i*cos((b*(%i*c+%pi/2)-%i*a*d)/b)*expintegral_shi(d*x+(a*d)/b))/b+(sin((b*(%i*c+%pi/2)-%i*a*d)/b)*expintegral_chi(d*x+(a*d)/b))/b))/a^4+(-(cosh(d*x+c)/x)-d*(-(cosh(c)*expintegral_shi(d*x))-sinh(c)*expintegral_chi(d*x)))/a^3-(3*b*(sinh(c)*expintegral_shi(d*x)+cosh(c)*expintegral_chi(d*x)))/a^4
OPTIMAL1 -((d^2*sinh((a*d)/b-c)*expintegral_shi(d*x+(a*d)/b))/(2*a^2*b))-(3*b*sinh((a*d)/b-c)*expintegral_shi(d*x+(a*d)/b))/a^4+(2*d*cosh((a*d)/b-c)*expintegral_shi(d*x+(a*d)/b))/a^3-(2*d*sinh((a*d)/b-c)*expintegral_chi(d*x+(a*d)/b))/a^3+(d^2*cosh((a*d)/b-c)*expintegral_chi(d*x+(a*d)/b))/(2*a^2*b)+(3*b*cosh((a*d)/b-c)*expintegral_chi(d*x+(a*d)/b))/a^4-(d*sinh(d*x+c))/(2*a^2*(b*x+a))-(2*b*cosh(d*x+c))/(a^3*(b*x+a))-(b*cosh(d*x+c))/(2*a^2*(b*x+a)^2)-cosh(d*x+c)/(a^3*x)+(cosh(c)*d*expintegral_shi(d*x))/a^3-(3*b*sinh(c)*expintegral_shi(d*x))/a^4+(sinh(c)*d*expintegral_chi(d*x))/a^3-(3*b*cosh(c)*expintegral_chi(d*x))/a^4
## 6 Hyperbolic functions/6.2 Hyperbolic cosine/6.2.2 (e x)^m (a+b x^n)^p cosh.mac e39 L50
GRADE C 455 4
ANSWER -((b^3*((%i*d*((%i*d*((sin((%i*a*d-b*(%i*c+%pi/2))/b)*expintegral_chi(d*x+(a*d)/b))/b-(%i*cos((%i*a*d-b*(%i*c+%pi/2))/b)*expintegral_shi(d*x+(a*d)/b))/b))/b-(%i*sinh(d*x+c))/(b*(-(b*x)-a))))/(2*b)-cosh(d*x+c)/(2*b*(b*x+a)^2)))/a^3)-(3*b^3*(-((d*(-((cosh((b*c-a*d)/b)*expintegral_shi(d*x+(a*d)/b))/b)-(sinh((b*c-a*d)/b)*expintegral_chi(d*x+(a*d)/b))/b))/b)-cosh(d*x+c)/(b*(b*x+a))))/a^4-(6*b^3*((%i*cos((b*(%i*c+%pi/2)-%i*a*d)/b)*expintegral_shi(d*x+(a*d)/b))/b+(sin((b*(%i*c+%pi/2)-%i*a*d)/b)*expintegral_chi(d*x+(a*d)/b))/b))/a^5+(-((d*(sinh(d*x+c)/x-d*(sinh(c)*expintegral_shi(d*x)+cosh(c)*expintegral_chi(d*x))))/2)-cosh(d*x+c)/(2*x^2))/a^3-(3*b*(-(cosh(d*x+c)/x)-d*(-(cosh(c)*expintegral_shi(d*x))-sinh(c)*expintegral_chi(d*x))))/a^4+(6*b^2*(sinh(c)*expintegral_shi(d*x)+cosh(c)*expintegral_chi(d*x)))/a^5
OPTIMAL1 (d^2*sinh((a*d)/b-c)*expintegral_shi(d*x+(a*d)/b))/(2*a^3)+(6*b^2*sinh((a*d)/b-c)*expintegral_shi(d*x+(a*d)/b))/a^5-(3*b*d*cosh((a*d)/b-c)*expintegral_shi(d*x+(a*d)/b))/a^4+(3*b*d*sinh((a*d)/b-c)*expintegral_chi(d*x+(a*d)/b))/a^4-(d^2*cosh((a*d)/b-c)*expintegral_chi(d*x+(a*d)/b))/(2*a^3)-(6*b^2*cosh((a*d)/b-c)*expintegral_chi(d*x+(a*d)/b))/a^5+(b*d*sinh(d*x+c))/(2*a^3*(b*x+a))-(d*sinh(d*x+c))/(2*a^3*x)+(3*b^2*cosh(d*x+c))/(a^4*(b*x+a))+(b^2*cosh(d*x+c))/(2*a^3*(b*x+a)^2)+(3*b*cosh(d*x+c))/(a^4*x)-cosh(d*x+c)/(2*a^3*x^2)+(sinh(c)*d^2*expintegral_shi(d*x))/(2*a^3)-(3*b*cosh(c)*d*expintegral_shi(d*x))/a^4+(6*b^2*sinh(c)*expintegral_shi(d*x))/a^5+(cosh(c)*d^2*expintegral_chi(d*x))/(2*a^3)-(3*b*sinh(c)*d*expintegral_chi(d*x))/a^4+(6*b^2*cosh(c)*expintegral_chi(d*x))/a^5
## 6 Hyperbolic functions/6.2 Hyperbolic cosine/6.2.5 Hyperbolic cosine functions.mac e268 L357
GRADE C 28 5
ANSWER (%e^(2*(b*x+a))*hypergeometric([1,1],[2],-%e^(2*(b*x+a))))/b
OPTIMAL1 log(%e^(2*b*x+2*a)+1)/b
## 6 Hyperbolic functions/6.2 Hyperbolic cosine/6.2.5 Hyperbolic cosine functions.mac e295 L390
GRADE C 33 5
ANSWER (%e^(2*c*(b*x+a))*hypergeometric([1,1],[2],-%e^(2*c*(b*x+a))))/(b*c)
OPTIMAL1 log(%e^(2*c*(b*x+a))+1)/(b*c)
## 6 Hyperbolic functions/6.2 Hyperbolic cosine/6.2.7 hyper^m (a+b cosh^n)^p.mac e16 L35
GRADE C 201 3
ANSWER atanh((sqrt(sqrt(a)-%i*sqrt(b))*tanh(x/2))/sqrt(%i*sqrt(b)+sqrt(a)))/(sqrt(a)*sqrt(sqrt(a)-%i*sqrt(b))*sqrt(%i*sqrt(b)+sqrt(a)))-(sqrt(sqrt(a)-%i*sqrt(b))*atanh((sqrt(%i*sqrt(b)+sqrt(a))*tanh(x/2))/sqrt(sqrt(a)-%i*sqrt(b))))/(sqrt(a)*(%i*sqrt(b)-sqrt(a))*sqrt(%i*sqrt(b)+sqrt(a)))
OPTIMAL1 atanh((sqrt(a)*tanh(x))/sqrt(b+a))/(sqrt(a)*sqrt(b+a))
## 6 Hyperbolic functions/6.2 Hyperbolic cosine/6.2.7 hyper^m (a+b cosh^n)^p.mac e21 L56
GRADE C 271 3
ANSWER ((3*((cosh(x)*sinh(x))/2+x/2))/4+(cosh(x)^3*sinh(x))/4)/b-(a*((cosh(x)*sinh(x))/2+x/2))/b^2+(a^2*x)/b^3-(a^3*(atanh((sqrt(sqrt(a)-%i*sqrt(b))*tanh(x/2))/sqrt(%i*sqrt(b)+sqrt(a)))/(sqrt(a)*sqrt(sqrt(a)-%i*sqrt(b))*sqrt(%i*sqrt(b)+sqrt(a)))-(sqrt(sqrt(a)-%i*sqrt(b))*atanh((sqrt(%i*sqrt(b)+sqrt(a))*tanh(x/2))/sqrt(sqrt(a)-%i*sqrt(b))))/(sqrt(a)*(%i*sqrt(b)-sqrt(a))*sqrt(%i*sqrt(b)+sqrt(a)))))/b^3
OPTIMAL1 -((a^(5/2)*atanh((sqrt(a)*tanh(x))/sqrt(b+a)))/(b^3*sqrt(b+a)))+(cosh(x)^3*sinh(x))/(4*b)-((4*a-3*b)*cosh(x)*sinh(x))/(8*b^2)+((3*b^2-4*a*b+8*a^2)*x)/(8*b^3)
## 6 Hyperbolic functions/6.2 Hyperbolic cosine/6.2.7 hyper^m (a+b cosh^n)^p.mac e23 L58
GRADE C 234 3
ANSWER ((cosh(x)*sinh(x))/2+x/2)/b-(a*x)/b^2+(a^2*(atanh((sqrt(sqrt(a)-%i*sqrt(b))*tanh(x/2))/sqrt(%i*sqrt(b)+sqrt(a)))/(sqrt(a)*sqrt(sqrt(a)-%i*sqrt(b))*sqrt(%i*sqrt(b)+sqrt(a)))-(sqrt(sqrt(a)-%i*sqrt(b))*atanh((sqrt(%i*sqrt(b)+sqrt(a))*tanh(x/2))/sqrt(sqrt(a)-%i*sqrt(b))))/(sqrt(a)*(%i*sqrt(b)-sqrt(a))*sqrt(%i*sqrt(b)+sqrt(a)))))/b^2
OPTIMAL1 (a^(3/2)*atanh((sqrt(a)*tanh(x))/sqrt(b+a)))/(b^2*sqrt(b+a))+(cosh(x)*sinh(x))/(2*b)-((2*a-b)*x)/(2*b^2)
## 6 Hyperbolic functions/6.2 Hyperbolic cosine/6.2.7 hyper^m (a+b cosh^n)^p.mac e25 L60
GRADE C 213 3
ANSWER x/b-(a*(atanh((sqrt(sqrt(a)-%i*sqrt(b))*tanh(x/2))/sqrt(%i*sqrt(b)+sqrt(a)))/(sqrt(a)*sqrt(sqrt(a)-%i*sqrt(b))*sqrt(%i*sqrt(b)+sqrt(a)))-(sqrt(sqrt(a)-%i*sqrt(b))*atanh((sqrt(%i*sqrt(b)+sqrt(a))*tanh(x/2))/sqrt(sqrt(a)-%i*sqrt(b))))/(sqrt(a)*(%i*sqrt(b)-sqrt(a))*sqrt(%i*sqrt(b)+sqrt(a)))))/b
OPTIMAL1 x/b-(sqrt(a)*atanh((sqrt(a)*tanh(x))/sqrt(b+a)))/(b*sqrt(b+a))
## 6 Hyperbolic functions/6.2 Hyperbolic cosine/6.2.7 hyper^m (a+b cosh^n)^p.mac e27 L62
GRADE C 201 3
ANSWER atanh((sqrt(sqrt(a)-%i*sqrt(b))*tanh(x/2))/sqrt(%i*sqrt(b)+sqrt(a)))/(sqrt(a)*sqrt(sqrt(a)-%i*sqrt(b))*sqrt(%i*sqrt(b)+sqrt(a)))-(sqrt(sqrt(a)-%i*sqrt(b))*atanh((sqrt(%i*sqrt(b)+sqrt(a))*tanh(x/2))/sqrt(sqrt(a)-%i*sqrt(b))))/(sqrt(a)*(%i*sqrt(b)-sqrt(a))*sqrt(%i*sqrt(b)+sqrt(a)))
OPTIMAL1 atanh((sqrt(a)*tanh(x))/sqrt(b+a))/(sqrt(a)*sqrt(b+a))
## 6 Hyperbolic functions/6.2 Hyperbolic cosine/6.2.7 hyper^m (a+b cosh^n)^p.mac e33 L68
GRADE C 248 3
ANSWER -((b*cosh(x)*sinh(x))/(2*a*(b+a)*(b*cosh(x)^2+a)))-((-b-2*a)*(atanh((sqrt(sqrt(a)-%i*sqrt(b))*tanh(x/2))/sqrt(%i*sqrt(b)+sqrt(a)))/(sqrt(a)*sqrt(sqrt(a)-%i*sqrt(b))*sqrt(%i*sqrt(b)+sqrt(a)))-(sqrt(sqrt(a)-%i*sqrt(b))*atanh((sqrt(%i*sqrt(b)+sqrt(a))*tanh(x/2))/sqrt(sqrt(a)-%i*sqrt(b))))/(sqrt(a)*(%i*sqrt(b)-sqrt(a))*sqrt(%i*sqrt(b)+sqrt(a)))))/(2*a*(b+a))
OPTIMAL1 ((b+2*a)*atanh((sqrt(a)*tanh(x))/sqrt(b+a)))/(2*a^(3/2)*(b+a)^(3/2))-(b*cosh(x)*sinh(x))/(2*a*(b+a)*(b*cosh(x)^2+a))
## 6 Hyperbolic functions/6.2 Hyperbolic cosine/6.2.7 hyper^m (a+b cosh^n)^p.mac e34 L69
GRADE C 310 3
ANSWER -((((2*a*b-(-(3*b)-4*a)*b)*cosh(x)*sinh(x))/(2*a*(b+a)*(b*cosh(x)^2+a))+((-(3*b^2)-8*a*b-8*a^2)*(atanh((sqrt(sqrt(a)-%i*sqrt(b))*tanh(x/2))/sqrt(%i*sqrt(b)+sqrt(a)))/(sqrt(a)*sqrt(sqrt(a)-%i*sqrt(b))*sqrt(%i*sqrt(b)+sqrt(a)))-(sqrt(sqrt(a)-%i*sqrt(b))*atanh((sqrt(%i*sqrt(b)+sqrt(a))*tanh(x/2))/sqrt(sqrt(a)-%i*sqrt(b))))/(sqrt(a)*(%i*sqrt(b)-sqrt(a))*sqrt(%i*sqrt(b)+sqrt(a)))))/(2*a*(b+a)))/(4*a*(b+a)))-(b*cosh(x)*sinh(x))/(4*a*(b+a)*(b*cosh(x)^2+a)^2)
OPTIMAL1 ((3*b^2+8*a*b+8*a^2)*atanh((sqrt(a)*tanh(x))/sqrt(b+a)))/(8*a^(5/2)*(b+a)^(5/2))-(3*b*(b+2*a)*cosh(x)*sinh(x))/(8*a^2*(b+a)^2*(b*cosh(x)^2+a))-(b*cosh(x)*sinh(x))/(4*a*(b+a)*(b*cosh(x)^2+a)^2)
## 6 Hyperbolic functions/6.2 Hyperbolic cosine/6.2.7 hyper^m (a+b cosh^n)^p.mac e35 L70
GRADE C 83 3
ANSWER (x/sqrt(2)-sqrt(2)*%i*atan(sinh(x)/(%i*cosh(x)+sqrt(2)+1)))/2+(x/sqrt(2)-sqrt(2)*%i*atan(sinh(x)/(%i*cosh(x)-sqrt(2)-1)))/2
OPTIMAL1 atanh(tanh(x)/sqrt(2))/sqrt(2)
## 6 Hyperbolic functions/6.2 Hyperbolic cosine/6.2.7 hyper^m (a+b cosh^n)^p.mac e36 L71
GRADE C 104 3
ANSWER (3*((x/sqrt(2)-sqrt(2)*%i*atan(sinh(x)/(%i*cosh(x)+sqrt(2)+1)))/2+(x/sqrt(2)-sqrt(2)*%i*atan(sinh(x)/(%i*cosh(x)-sqrt(2)-1)))/2))/4-(cosh(x)*sinh(x))/(4*(cosh(x)^2+1))
OPTIMAL1 (3*atanh(tanh(x)/sqrt(2)))/2^(5/2)-(cosh(x)*sinh(x))/(4*(cosh(x)^2+1))
## 6 Hyperbolic functions/6.2 Hyperbolic cosine/6.2.7 hyper^m (a+b cosh^n)^p.mac e37 L72
GRADE C 125 3
ANSWER -(((9*cosh(x)*sinh(x))/(4*(cosh(x)^2+1))-(19*((x/sqrt(2)-sqrt(2)*%i*atan(sinh(x)/(%i*cosh(x)+sqrt(2)+1)))/2+(x/sqrt(2)-sqrt(2)*%i*atan(sinh(x)/(%i*cosh(x)-sqrt(2)-1)))/2))/4)/8)-(cosh(x)*sinh(x))/(8*(cosh(x)^2+1)^2)
OPTIMAL1 (19*atanh(tanh(x)/sqrt(2)))/2^(11/2)-(9*cosh(x)*sinh(x))/(32*(cosh(x)^2+1))-(cosh(x)*sinh(x))/(8*(cosh(x)^2+1)^2)
## 6 Hyperbolic functions/6.2 Hyperbolic cosine/6.2.7 hyper^m (a+b cosh^n)^p.mac e56 L99
GRADE C 433 3
ANSWER ((2*(sqrt(3)*%i-1)*a^(1/3)*sqrt(-(2*b^(1/3))-(sqrt(3)*%i-1)*a^(1/3))*atanh((sqrt(2*b^(1/3)-(sqrt(3)*%i-1)*a^(1/3))*tanh(x/2))/sqrt(-(2*b^(1/3))-(sqrt(3)*%i-1)*a^(1/3))))/(sqrt(2*b^(1/3)-(sqrt(3)*%i-1)*a^(1/3))*(2*b^(1/3)+(sqrt(3)*%i-1)*a^(1/3)))-(2*(sqrt(3)*%i+1)*a^(1/3)*sqrt(-(2*b^(1/3))-(-(sqrt(3)*%i)-1)*a^(1/3))*atanh((sqrt(2*b^(1/3)-(-(sqrt(3)*%i)-1)*a^(1/3))*tanh(x/2))/sqrt(-(2*b^(1/3))-(-(sqrt(3)*%i)-1)*a^(1/3))))/(sqrt(2*b^(1/3)-(-(sqrt(3)*%i)-1)*a^(1/3))*(2*b^(1/3)+(-(sqrt(3)*%i)-1)*a^(1/3)))+(2*a^(1/3)*atanh((sqrt(a^(1/3)-b^(1/3))*tanh(x/2))/sqrt(b^(1/3)+a^(1/3))))/(sqrt(a^(1/3)-b^(1/3))*sqrt(b^(1/3)+a^(1/3))))/(3*a)
OPTIMAL1 (2*atanh((sqrt(a^(1/3)-b^(1/3))*tanh(x/2))/sqrt(b^(1/3)+a^(1/3))))/(a^(2/3)*sqrt(a^(1/3)-b^(1/3))*sqrt(b^(1/3)+a^(1/3)))
## 6 Hyperbolic functions/6.2 Hyperbolic cosine/6.2.7 hyper^m (a+b cosh^n)^p.mac e57 L100
GRADE C 386 3
ANSWER ((2*(sqrt(3)*%i+1)*a^(1/3)*atanh((sqrt((sqrt(3)*%i+1)*a^(1/3)-2*b^(1/3))*tanh(x/2))/sqrt(2*b^(1/3)+(sqrt(3)*%i+1)*a^(1/3))))/(sqrt((sqrt(3)*%i+1)*a^(1/3)-2*b^(1/3))*sqrt(2*b^(1/3)+(sqrt(3)*%i+1)*a^(1/3)))-(2*(sqrt(3)*%i-1)*a^(1/3)*atanh((sqrt((1-sqrt(3)*%i)*a^(1/3)-2*b^(1/3))*tanh(x/2))/sqrt(2*b^(1/3)+(1-sqrt(3)*%i)*a^(1/3))))/(sqrt((1-sqrt(3)*%i)*a^(1/3)-2*b^(1/3))*sqrt(2*b^(1/3)+(1-sqrt(3)*%i)*a^(1/3)))-(2*a^(1/3)*sqrt(a^(1/3)-b^(1/3))*atanh((sqrt(b^(1/3)+a^(1/3))*tanh(x/2))/sqrt(a^(1/3)-b^(1/3))))/((b^(1/3)-a^(1/3))*sqrt(b^(1/3)+a^(1/3))))/(3*a)
OPTIMAL1 (2*atanh((sqrt(b^(1/3)+a^(1/3))*tanh(x/2))/sqrt(a^(1/3)-b^(1/3))))/(a^(2/3)*sqrt(a^(1/3)-b^(1/3))*sqrt(b^(1/3)+a^(1/3)))
## 6 Hyperbolic functions/6.2 Hyperbolic cosine/6.2.7 hyper^m (a+b cosh^n)^p.mac e58 L101
GRADE C 189 3
ANSWER (sinh(x)/(cosh(x)+1)-(2*sqrt(sqrt(3)*%i-1)*(sqrt(3)*%i+1)*atanh((sqrt(sqrt(3)*%i+3)*tanh(x/2))/sqrt(sqrt(3)*%i-1)))/((1-sqrt(3)*%i)*sqrt(sqrt(3)*%i+3))+(2*(sqrt(3)*%i-1)*atan((sqrt(3-sqrt(3)*%i)*tanh(x/2))/sqrt(sqrt(3)*%i+1)))/(sqrt(3-sqrt(3)*%i)*sqrt(sqrt(3)*%i+1)))/3
OPTIMAL1 sinh(x)/(3*(cosh(x)+1))-((-1)^(1/4)*atanh((-1)^(3/4)*3^(1/4)*tanh(x/2)))/3^(5/4)-((-1)^(1/4)*atan((-1)^(3/4)*3^(1/4)*tanh(x/2)))/3^(5/4)
## 6 Hyperbolic functions/6.2 Hyperbolic cosine/6.2.7 hyper^m (a+b cosh^n)^p.mac e60 L105
GRADE C 532 3
ANSWER (sqrt(a)*(((-1)^(1/4)*atanh((sqrt((-1)^(1/4)*a^(1/4)-b^(1/4))*tanh(x/2))/sqrt(b^(1/4)+(-1)^(1/4)*a^(1/4))))/(a^(1/4)*sqrt((-1)^(1/4)*a^(1/4)-b^(1/4))*sqrt(b^(1/4)+(-1)^(1/4)*a^(1/4)))-((-1)^(1/4)*atanh((sqrt(-b^(1/4)-(-1)^(1/4)*a^(1/4))*tanh(x/2))/sqrt(b^(1/4)-(-1)^(1/4)*a^(1/4))))/(a^(1/4)*sqrt(-b^(1/4)-(-1)^(1/4)*a^(1/4))*sqrt(b^(1/4)-(-1)^(1/4)*a^(1/4))))-sqrt(a)*(((-1)^(1/4)*sqrt((-1)^(1/4)*a^(1/4)-%i*b^(1/4))*atan((sqrt(-(%i*b^(1/4))-(-1)^(1/4)*a^(1/4))*tanh(x/2))/sqrt((-1)^(1/4)*a^(1/4)-%i*b^(1/4))))/(a^(1/4)*sqrt(-(%i*b^(1/4))-(-1)^(1/4)*a^(1/4))*(%i*b^(1/4)-(-1)^(1/4)*a^(1/4)))-((-1)^(1/4)*sqrt(-(%i*b^(1/4))-(-1)^(1/4)*a^(1/4))*atan((sqrt((-1)^(1/4)*a^(1/4)-%i*b^(1/4))*tanh(x/2))/sqrt(-(%i*b^(1/4))-(-1)^(1/4)*a^(1/4))))/(a^(1/4)*sqrt((-1)^(1/4)*a^(1/4)-%i*b^(1/4))*(%i*b^(1/4)+(-1)^(1/4)*a^(1/4)))))/(2*a)
OPTIMAL1 (sqrt(sqrt(b+a)+sqrt(a))*log(sqrt(a)*tanh(x)^2+sqrt(2)*a^(1/4)*sqrt(sqrt(b+a)+sqrt(a))*tanh(x)+sqrt(b+a)))/(2^(5/2)*a^(3/4)*sqrt(b+a))-(sqrt(sqrt(b+a)+sqrt(a))*log(sqrt(a)*tanh(x)^2-sqrt(2)*a^(1/4)*sqrt(sqrt(b+a)+sqrt(a))*tanh(x)+sqrt(b+a)))/(2^(5/2)*a^(3/4)*sqrt(b+a))-(sqrt(sqrt(a)-sqrt(b+a))*atanh((sqrt(2)*a^(1/4)*tanh(x)+sqrt(sqrt(b+a)+sqrt(a)))/sqrt(sqrt(a)-sqrt(b+a))))/(2^(3/2)*a^(3/4)*sqrt(b+a))+(sqrt(sqrt(a)-sqrt(b+a))*atanh((sqrt(sqrt(b+a)+sqrt(a))-sqrt(2)*a^(1/4)*tanh(x))/sqrt(sqrt(a)-sqrt(b+a))))/(2^(3/2)*a^(3/4)*sqrt(b+a))
## 6 Hyperbolic functions/6.2 Hyperbolic cosine/6.2.7 hyper^m (a+b cosh^n)^p.mac e61 L106
GRADE C 395 3
ANSWER (sqrt(a)*(atanh((sqrt(a^(1/4)-%i*b^(1/4))*tanh(x/2))/sqrt(%i*b^(1/4)+a^(1/4)))/(a^(1/4)*sqrt(a^(1/4)-%i*b^(1/4))*sqrt(%i*b^(1/4)+a^(1/4)))-(sqrt(a^(1/4)-%i*b^(1/4))*atanh((sqrt(%i*b^(1/4)+a^(1/4))*tanh(x/2))/sqrt(a^(1/4)-%i*b^(1/4))))/(a^(1/4)*(%i*b^(1/4)-a^(1/4))*sqrt(%i*b^(1/4)+a^(1/4))))-sqrt(a)*((sqrt(a^(1/4)-b^(1/4))*atanh((sqrt(b^(1/4)+a^(1/4))*tanh(x/2))/sqrt(a^(1/4)-b^(1/4))))/(a^(1/4)*(b^(1/4)-a^(1/4))*sqrt(b^(1/4)+a^(1/4)))-atanh((sqrt(a^(1/4)-b^(1/4))*tanh(x/2))/sqrt(b^(1/4)+a^(1/4)))/(a^(1/4)*sqrt(a^(1/4)-b^(1/4))*sqrt(b^(1/4)+a^(1/4)))))/(2*a)
OPTIMAL1 atanh((a^(1/4)*tanh(x))/sqrt(sqrt(b)+sqrt(a)))/(2*a^(3/4)*sqrt(sqrt(b)+sqrt(a)))+atanh((a^(1/4)*tanh(x))/sqrt(sqrt(a)-sqrt(b)))/(2*a^(3/4)*sqrt(sqrt(a)-sqrt(b)))
## 6 Hyperbolic functions/6.2 Hyperbolic cosine/6.2.7 hyper^m (a+b cosh^n)^p.mac e62 L107
GRADE C 274 3
ANSWER (-(((-1)^(1/4)*atan((sqrt(%i+(-1)^(1/4))*tanh(x/2))/sqrt(%i-(-1)^(1/4))))/(sqrt(%i-(-1)^(1/4))*sqrt(%i+(-1)^(1/4))))+((-1)^(1/4)*atanh((sqrt((-1)^(1/4)-%i)*tanh(x/2))/sqrt(%i+(-1)^(1/4))))/(sqrt((-1)^(1/4)-%i)*sqrt(%i+(-1)^(1/4)))-((-1)^(1/4)*sqrt((-1)^(1/4)-1)*atanh((sqrt((-1)^(1/4)+1)*tanh(x/2))/sqrt((-1)^(1/4)-1)))/((1-(-1)^(1/4))*sqrt((-1)^(1/4)+1))+((-1)^(1/4)*atan((sqrt(1-(-1)^(1/4))*tanh(x/2))/sqrt((-1)^(1/4)+1)))/(sqrt(1-(-1)^(1/4))*sqrt((-1)^(1/4)+1)))/2
OPTIMAL1 (sqrt(sqrt(2)+1)*log(sqrt(2)*coth(x)^2+sqrt(2*(sqrt(2)+1))*coth(x)+1))/8-(sqrt(sqrt(2)+1)*log(2*coth(x)^2-2*sqrt(sqrt(2)+1)*coth(x)+sqrt(2)))/8+atan((2*coth(x)+sqrt(sqrt(2)+1))/sqrt(sqrt(2)-1))/(4*sqrt(sqrt(2)+1))-atan((sqrt(sqrt(2)+1)-2*coth(x))/sqrt(sqrt(2)-1))/(4*sqrt(sqrt(2)+1))
## 6 Hyperbolic functions/6.2 Hyperbolic cosine/6.2.7 hyper^m (a+b cosh^n)^p.mac e63 L108
GRADE C 113 3
ANSWER ((x/sqrt(2)-sqrt(2)*%i*atan(sinh(x)/(%i*cosh(x)+sqrt(2)+1)))/2+(x/sqrt(2)-sqrt(2)*%i*atan(sinh(x)/(%i*cosh(x)-sqrt(2)-1)))/2+sinh(x)/(2*(cosh(x)+1))-sinh(x)/(2*(1-cosh(x))))/2
OPTIMAL1 atanh(tanh(x)/sqrt(2))/2^(3/2)+coth(x)/2
## 6 Hyperbolic functions/6.2 Hyperbolic cosine/6.2.7 hyper^m (a+b cosh^n)^p.mac e64 L111
GRADE C 604 3
ANSWER ((2*a^(1/5)*atanh((sqrt(a^(1/5)-%e^((4*%i*%pi)/5)*b^(1/5))*tanh(x/2))/sqrt(%e^((4*%i*%pi)/5)*b^(1/5)+a^(1/5))))/(sqrt(a^(1/5)-%e^((4*%i*%pi)/5)*b^(1/5))*sqrt(%e^((4*%i*%pi)/5)*b^(1/5)+a^(1/5)))+(2*a^(1/5)*atanh((sqrt(a^(1/5)-%e^((2*%i*%pi)/5)*b^(1/5))*tanh(x/2))/sqrt(%e^((2*%i*%pi)/5)*b^(1/5)+a^(1/5))))/(sqrt(a^(1/5)-%e^((2*%i*%pi)/5)*b^(1/5))*sqrt(%e^((2*%i*%pi)/5)*b^(1/5)+a^(1/5)))+(2*%e^((4*%i*%pi)/5)*a^(1/5)*sqrt(-b^(1/5)-%e^((4*%i*%pi)/5)*a^(1/5))*atanh((sqrt(b^(1/5)-%e^((4*%i*%pi)/5)*a^(1/5))*tanh(x/2))/sqrt(-b^(1/5)-%e^((4*%i*%pi)/5)*a^(1/5))))/(sqrt(b^(1/5)-%e^((4*%i*%pi)/5)*a^(1/5))*(b^(1/5)+%e^((4*%i*%pi)/5)*a^(1/5)))+(2*%e^((2*%i*%pi)/5)*a^(1/5)*atanh((sqrt(%e^((2*%i*%pi)/5)*a^(1/5)-b^(1/5))*tanh(x/2))/sqrt(b^(1/5)+%e^((2*%i*%pi)/5)*a^(1/5))))/(sqrt(%e^((2*%i*%pi)/5)*a^(1/5)-b^(1/5))*sqrt(b^(1/5)+%e^((2*%i*%pi)/5)*a^(1/5)))+(2*a^(1/5)*atanh((sqrt(a^(1/5)-b^(1/5))*tanh(x/2))/sqrt(b^(1/5)+a^(1/5))))/(sqrt(a^(1/5)-b^(1/5))*sqrt(b^(1/5)+a^(1/5))))/(5*a)
OPTIMAL1 (2*atanh((sqrt(a^(1/5)-b^(1/5))*tanh(x/2))/sqrt(b^(1/5)+a^(1/5))))/(a^(4/5)*sqrt(a^(1/5)-b^(1/5))*sqrt(b^(1/5)+a^(1/5)))
## 6 Hyperbolic functions/6.2 Hyperbolic cosine/6.2.7 hyper^m (a+b cosh^n)^p.mac e65 L112
GRADE C 1094 3
ANSWER (a^(1/3)*(atanh((sqrt(a^(1/6)-%i*b^(1/6))*tanh(x/2))/sqrt(%i*b^(1/6)+a^(1/6)))/(a^(1/6)*sqrt(a^(1/6)-%i*b^(1/6))*sqrt(%i*b^(1/6)+a^(1/6)))-(sqrt(a^(1/6)-%i*b^(1/6))*atanh((sqrt(%i*b^(1/6)+a^(1/6))*tanh(x/2))/sqrt(a^(1/6)-%i*b^(1/6))))/(a^(1/6)*(%i*b^(1/6)-a^(1/6))*sqrt(%i*b^(1/6)+a^(1/6))))-(sqrt(3)*%i+1)*a^(1/3)*((sqrt(sqrt(3)*%i+1)*atanh((sqrt(sqrt(sqrt(3)*%i+1)*a^(1/6)-sqrt(2)*b^(1/6))*tanh(x/2))/sqrt(sqrt(2)*b^(1/6)+sqrt(sqrt(3)*%i+1)*a^(1/6))))/((-(sqrt(3)*%i)-1)*a^(1/6)*sqrt(sqrt(sqrt(3)*%i+1)*a^(1/6)-sqrt(2)*b^(1/6))*sqrt(sqrt(2)*b^(1/6)+sqrt(sqrt(3)*%i+1)*a^(1/6)))-(sqrt(sqrt(3)*%i+1)*sqrt(sqrt(sqrt(3)*%i+1)*a^(1/6)-sqrt(2)*b^(1/6))*atanh((sqrt(sqrt(2)*b^(1/6)+sqrt(sqrt(3)*%i+1)*a^(1/6))*tanh(x/2))/sqrt(sqrt(sqrt(3)*%i+1)*a^(1/6)-sqrt(2)*b^(1/6))))/((-(sqrt(3)*%i)-1)*a^(1/6)*(sqrt(2)*b^(1/6)-sqrt(sqrt(3)*%i+1)*a^(1/6))*sqrt(sqrt(2)*b^(1/6)+sqrt(sqrt(3)*%i+1)*a^(1/6))))+(sqrt(3)*%i-1)*a^(1/3)*((sqrt(1-sqrt(3)*%i)*atanh((sqrt(sqrt(1-sqrt(3)*%i)*a^(1/6)-sqrt(2)*b^(1/6))*tanh(x/2))/sqrt(sqrt(2)*b^(1/6)+sqrt(1-sqrt(3)*%i)*a^(1/6))))/((sqrt(3)*%i-1)*a^(1/6)*sqrt(sqrt(1-sqrt(3)*%i)*a^(1/6)-sqrt(2)*b^(1/6))*sqrt(sqrt(2)*b^(1/6)+sqrt(1-sqrt(3)*%i)*a^(1/6)))-(sqrt(1-sqrt(3)*%i)*sqrt(sqrt(1-sqrt(3)*%i)*a^(1/6)-sqrt(2)*b^(1/6))*atanh((sqrt(sqrt(2)*b^(1/6)+sqrt(1-sqrt(3)*%i)*a^(1/6))*tanh(x/2))/sqrt(sqrt(1-sqrt(3)*%i)*a^(1/6)-sqrt(2)*b^(1/6))))/((sqrt(3)*%i-1)*a^(1/6)*(sqrt(2)*b^(1/6)-sqrt(1-sqrt(3)*%i)*a^(1/6))*sqrt(sqrt(2)*b^(1/6)+sqrt(1-sqrt(3)*%i)*a^(1/6)))))/(3*a)
OPTIMAL1 atanh((a^(1/6)*tanh(x))/sqrt(b^(1/3)+a^(1/3)))/(a^(5/6)*sqrt(b^(1/3)+a^(1/3)))
## 6 Hyperbolic functions/6.2 Hyperbolic cosine/6.2.7 hyper^m (a+b cosh^n)^p.mac e67 L114
GRADE C 670 3
ANSWER (-((2*a^(1/5)*sqrt(a^(1/5)-%e^((4*%i*%pi)/5)*b^(1/5))*atanh((sqrt(%e^((4*%i*%pi)/5)*b^(1/5)+a^(1/5))*tanh(x/2))/sqrt(a^(1/5)-%e^((4*%i*%pi)/5)*b^(1/5))))/((%e^((4*%i*%pi)/5)*b^(1/5)-a^(1/5))*sqrt(%e^((4*%i*%pi)/5)*b^(1/5)+a^(1/5))))-(2*a^(1/5)*sqrt(a^(1/5)-%e^((2*%i*%pi)/5)*b^(1/5))*atanh((sqrt(%e^((2*%i*%pi)/5)*b^(1/5)+a^(1/5))*tanh(x/2))/sqrt(a^(1/5)-%e^((2*%i*%pi)/5)*b^(1/5))))/((%e^((2*%i*%pi)/5)*b^(1/5)-a^(1/5))*sqrt(%e^((2*%i*%pi)/5)*b^(1/5)+a^(1/5)))-(2*%e^((4*%i*%pi)/5)*a^(1/5)*atanh((sqrt(-b^(1/5)-%e^((4*%i*%pi)/5)*a^(1/5))*tanh(x/2))/sqrt(b^(1/5)-%e^((4*%i*%pi)/5)*a^(1/5))))/(sqrt(-b^(1/5)-%e^((4*%i*%pi)/5)*a^(1/5))*sqrt(b^(1/5)-%e^((4*%i*%pi)/5)*a^(1/5)))-(2*%e^((2*%i*%pi)/5)*a^(1/5)*sqrt(%e^((2*%i*%pi)/5)*a^(1/5)-b^(1/5))*atanh((sqrt(b^(1/5)+%e^((2*%i*%pi)/5)*a^(1/5))*tanh(x/2))/sqrt(%e^((2*%i*%pi)/5)*a^(1/5)-b^(1/5))))/((b^(1/5)-%e^((2*%i*%pi)/5)*a^(1/5))*sqrt(b^(1/5)+%e^((2*%i*%pi)/5)*a^(1/5)))-(2*a^(1/5)*sqrt(a^(1/5)-b^(1/5))*atanh((sqrt(b^(1/5)+a^(1/5))*tanh(x/2))/sqrt(a^(1/5)-b^(1/5))))/((b^(1/5)-a^(1/5))*sqrt(b^(1/5)+a^(1/5))))/(5*a)
OPTIMAL1 (2*atanh((sqrt(b^(1/5)+a^(1/5))*tanh(x/2))/sqrt(a^(1/5)-b^(1/5))))/(a^(4/5)*sqrt(a^(1/5)-b^(1/5))*sqrt(b^(1/5)+a^(1/5)))
## 6 Hyperbolic functions/6.2 Hyperbolic cosine/6.2.7 hyper^m (a+b cosh^n)^p.mac e68 L115
GRADE C 1061 3
ANSWER ((sqrt(3)*%i+1)*a^(1/3)*(atanh((sqrt(sqrt(sqrt(3)*%i+1)*a^(1/6)-sqrt(2)*%i*b^(1/6))*tanh(x/2))/sqrt(sqrt(2)*%i*b^(1/6)+sqrt(sqrt(3)*%i+1)*a^(1/6)))/(sqrt(sqrt(3)*%i+1)*a^(1/6)*sqrt(sqrt(sqrt(3)*%i+1)*a^(1/6)-sqrt(2)*%i*b^(1/6))*sqrt(sqrt(2)*%i*b^(1/6)+sqrt(sqrt(3)*%i+1)*a^(1/6)))-(sqrt(sqrt(sqrt(3)*%i+1)*a^(1/6)-sqrt(2)*%i*b^(1/6))*atanh((sqrt(sqrt(2)*%i*b^(1/6)+sqrt(sqrt(3)*%i+1)*a^(1/6))*tanh(x/2))/sqrt(sqrt(sqrt(3)*%i+1)*a^(1/6)-sqrt(2)*%i*b^(1/6))))/(sqrt(sqrt(3)*%i+1)*a^(1/6)*(sqrt(2)*%i*b^(1/6)-sqrt(sqrt(3)*%i+1)*a^(1/6))*sqrt(sqrt(2)*%i*b^(1/6)+sqrt(sqrt(3)*%i+1)*a^(1/6))))-(sqrt(3)*%i-1)*a^(1/3)*(atanh((sqrt(sqrt(1-sqrt(3)*%i)*a^(1/6)-sqrt(2)*%i*b^(1/6))*tanh(x/2))/sqrt(sqrt(2)*%i*b^(1/6)+sqrt(1-sqrt(3)*%i)*a^(1/6)))/(sqrt(1-sqrt(3)*%i)*a^(1/6)*sqrt(sqrt(1-sqrt(3)*%i)*a^(1/6)-sqrt(2)*%i*b^(1/6))*sqrt(sqrt(2)*%i*b^(1/6)+sqrt(1-sqrt(3)*%i)*a^(1/6)))-(sqrt(sqrt(1-sqrt(3)*%i)*a^(1/6)-sqrt(2)*%i*b^(1/6))*atanh((sqrt(sqrt(2)*%i*b^(1/6)+sqrt(1-sqrt(3)*%i)*a^(1/6))*tanh(x/2))/sqrt(sqrt(1-sqrt(3)*%i)*a^(1/6)-sqrt(2)*%i*b^(1/6))))/(sqrt(1-sqrt(3)*%i)*a^(1/6)*(sqrt(2)*%i*b^(1/6)-sqrt(1-sqrt(3)*%i)*a^(1/6))*sqrt(sqrt(2)*%i*b^(1/6)+sqrt(1-sqrt(3)*%i)*a^(1/6))))-a^(1/3)*((sqrt(a^(1/6)-b^(1/6))*atanh((sqrt(b^(1/6)+a^(1/6))*tanh(x/2))/sqrt(a^(1/6)-b^(1/6))))/(a^(1/6)*(b^(1/6)-a^(1/6))*sqrt(b^(1/6)+a^(1/6)))-atanh((sqrt(a^(1/6)-b^(1/6))*tanh(x/2))/sqrt(b^(1/6)+a^(1/6)))/(a^(1/6)*sqrt(a^(1/6)-b^(1/6))*sqrt(b^(1/6)+a^(1/6)))))/(3*a)
OPTIMAL1 atanh((a^(1/6)*tanh(x))/sqrt(a^(1/3)-b^(1/3)))/(a^(5/6)*sqrt(a^(1/3)-b^(1/3)))
## 6 Hyperbolic functions/6.2 Hyperbolic cosine/6.2.7 hyper^m (a+b cosh^n)^p.mac e71 L118
GRADE C 736 3
ANSWER ((x/sqrt(2)-sqrt(2)*%i*atan(sinh(x)/(%i*cosh(x)+sqrt(2)+1)))/2+(x/sqrt(2)-sqrt(2)*%i*atan(sinh(x)/(%i*cosh(x)-sqrt(2)-1)))/2-(sqrt(3)*%i+1)*((sqrt(sqrt(3)*%i+1)*atan((sqrt(sqrt(2)-sqrt(sqrt(3)*%i+1))*tanh(x/2))/sqrt(sqrt(sqrt(3)*%i+1)+sqrt(2))))/((-(sqrt(3)*%i)-1)*sqrt(sqrt(2)-sqrt(sqrt(3)*%i+1))*sqrt(sqrt(sqrt(3)*%i+1)+sqrt(2)))-(sqrt(sqrt(3)*%i+1)*sqrt(sqrt(sqrt(3)*%i+1)-sqrt(2))*atanh((sqrt(sqrt(sqrt(3)*%i+1)+sqrt(2))*tanh(x/2))/sqrt(sqrt(sqrt(3)*%i+1)-sqrt(2))))/((-(sqrt(3)*%i)-1)*(sqrt(2)-sqrt(sqrt(3)*%i+1))*sqrt(sqrt(sqrt(3)*%i+1)+sqrt(2))))+(sqrt(3)*%i-1)*((sqrt(1-sqrt(3)*%i)*sqrt(-sqrt(1-sqrt(3)*%i)-sqrt(2))*atanh((sqrt(sqrt(2)-sqrt(1-sqrt(3)*%i))*tanh(x/2))/sqrt(-sqrt(1-sqrt(3)*%i)-sqrt(2))))/((sqrt(3)*%i-1)*sqrt(sqrt(2)-sqrt(1-sqrt(3)*%i))*(sqrt(1-sqrt(3)*%i)+sqrt(2)))-(sqrt(1-sqrt(3)*%i)*atan((sqrt(sqrt(1-sqrt(3)*%i)+sqrt(2))*tanh(x/2))/sqrt(sqrt(2)-sqrt(1-sqrt(3)*%i))))/((sqrt(3)*%i-1)*sqrt(sqrt(2)-sqrt(1-sqrt(3)*%i))*sqrt(sqrt(1-sqrt(3)*%i)+sqrt(2)))))/3
OPTIMAL1 (sqrt(2)*atanh(tanh(x)/sqrt(2)))/3+atanh(tanh(x)/sqrt(2))/(3*sqrt(2))
## 6 Hyperbolic functions/6.2 Hyperbolic cosine/6.2.7 hyper^m (a+b cosh^n)^p.mac e72 L119
GRADE C 597 3
ANSWER (-((-1)^(1/4)*(((-1)^(1/8)*sqrt((-1)^(3/8)-%i)*atanh((sqrt(%i+(-1)^(3/8))*tanh(x/2))/sqrt((-1)^(3/8)-%i)))/((%i-(-1)^(3/8))*sqrt(%i+(-1)^(3/8)))-((-1)^(1/8)*atanh((sqrt((-1)^(3/8)-%i)*tanh(x/2))/sqrt(%i+(-1)^(3/8))))/(sqrt((-1)^(3/8)-%i)*sqrt(%i+(-1)^(3/8)))))+(-1)^(1/4)*(atanh((sqrt((-1)^(1/8)-%i)*tanh(x/2))/sqrt(%i+(-1)^(1/8)))/((-1)^(1/8)*sqrt((-1)^(1/8)-%i)*sqrt(%i+(-1)^(1/8)))-(sqrt((-1)^(1/8)-%i)*atanh((sqrt(%i+(-1)^(1/8))*tanh(x/2))/sqrt((-1)^(1/8)-%i)))/((-1)^(1/8)*(%i-(-1)^(1/8))*sqrt(%i+(-1)^(1/8))))+(-1)^(1/4)*(((-1)^(1/8)*sqrt(-(-1)^(3/8)-1)*atanh((sqrt(1-(-1)^(3/8))*tanh(x/2))/sqrt(-(-1)^(3/8)-1)))/(sqrt(1-(-1)^(3/8))*((-1)^(3/8)+1))-((-1)^(1/8)*sqrt((-1)^(3/8)-1)*atanh((sqrt((-1)^(3/8)+1)*tanh(x/2))/sqrt((-1)^(3/8)-1)))/((1-(-1)^(3/8))*sqrt((-1)^(3/8)+1)))-(-1)^(1/4)*(atan((sqrt((-1)^(1/8)+1)*tanh(x/2))/sqrt(1-(-1)^(1/8)))/((-1)^(1/8)*sqrt(1-(-1)^(1/8))*sqrt((-1)^(1/8)+1))-atan((sqrt(1-(-1)^(1/8))*tanh(x/2))/sqrt((-1)^(1/8)+1))/((-1)^(1/8)*sqrt(1-(-1)^(1/8))*sqrt((-1)^(1/8)+1))))/4
OPTIMAL1 atanh(tanh(x)/sqrt((-1)^(3/4)+1))/(4*sqrt((-1)^(3/4)+1))+atanh(tanh(x)/sqrt(1-(-1)^(3/4)))/(4*sqrt(1-(-1)^(3/4)))+atanh(tanh(x)/sqrt((-1)^(1/4)+1))/(4*sqrt((-1)^(1/4)+1))+atanh(tanh(x)/sqrt(1-(-1)^(1/4)))/(4*sqrt(1-(-1)^(1/4)))
## 6 Hyperbolic functions/6.3 Hyperbolic tangent/6.3.1 (c+d x)^m (a+b tanh)^n.mac e35 L60
GRADE C 184 4
ANSWER ((%i*cos((d*(2*%i*e+%pi/2)-2*%i*c*f)/d)*expintegral_shi(2*f*x+(2*c*f)/d))/d+(sin((d*(2*%i*e+%pi/2)-2*%i*c*f)/d)*expintegral_chi(2*f*x+(2*c*f)/d))/d)/(2*a)+(-((cosh((2*d*e-2*c*f)/d)*expintegral_shi(2*f*x+(2*c*f)/d))/d)-(sinh((2*d*e-2*c*f)/d)*expintegral_chi(2*f*x+(2*c*f)/d))/d)/(2*a)+log(d*x+c)/(2*a*d)
OPTIMAL1 -((sinh((2*c*f)/d-2*e)*expintegral_shi(2*f*x+(2*c*f)/d))/(2*a*d))-(cosh((2*c*f)/d-2*e)*expintegral_shi(2*f*x+(2*c*f)/d))/(2*a*d)+(sinh((2*c*f)/d-2*e)*expintegral_chi(2*f*x+(2*c*f)/d))/(2*a*d)+(cosh((2*c*f)/d-2*e)*expintegral_chi(2*f*x+(2*c*f)/d))/(2*a*d)+log(d*x+c)/(2*a*d)
## 6 Hyperbolic functions/6.3 Hyperbolic tangent/6.3.1 (c+d x)^m (a+b tanh)^n.mac e36 L61
GRADE C 193 4
ANSWER -((f*((%i*cos((d*(2*%i*e+%pi/2)-2*%i*c*f)/d)*expintegral_shi(2*f*x+(2*c*f)/d))/d+(sin((d*(2*%i*e+%pi/2)-2*%i*c*f)/d)*expintegral_chi(2*f*x+(2*c*f)/d))/d))/(a*d))+(f*((cosh((2*d*e-2*c*f)/d)*expintegral_shi(2*f*x+(2*c*f)/d))/d+(sinh((2*d*e-2*c*f)/d)*expintegral_chi(2*f*x+(2*c*f)/d))/d))/(a*d)-1/(d*(d*x+c)*(a*tanh(f*x+e)+a))
OPTIMAL1 (f*sinh((2*c*f)/d-2*e)*expintegral_shi(2*f*x+(2*c*f)/d))/(a*d^2)+(f*cosh((2*c*f)/d-2*e)*expintegral_shi(2*f*x+(2*c*f)/d))/(a*d^2)-(f*sinh((2*c*f)/d-2*e)*expintegral_chi(2*f*x+(2*c*f)/d))/(a*d^2)-(f*cosh((2*c*f)/d-2*e)*expintegral_chi(2*f*x+(2*c*f)/d))/(a*d^2)-1/(d*(d*x+c)*(a*tanh(f*x+e)+a))
## 6 Hyperbolic functions/6.3 Hyperbolic tangent/6.3.1 (c+d x)^m (a+b tanh)^n.mac e37 L62
GRADE C 244 4
ANSWER -((f*(-((f*((%i*cos((d*(2*%i*e+%pi/2)-2*%i*c*f)/d)*expintegral_shi(2*f*x+(2*c*f)/d))/d+(sin((d*(2*%i*e+%pi/2)-2*%i*c*f)/d)*expintegral_chi(2*f*x+(2*c*f)/d))/d))/(a*d))+(f*((cosh((2*d*e-2*c*f)/d)*expintegral_shi(2*f*x+(2*c*f)/d))/d+(sinh((2*d*e-2*c*f)/d)*expintegral_chi(2*f*x+(2*c*f)/d))/d))/(a*d)-1/(d*(d*x+c)*(a*tanh(f*x+e)+a))))/d)-1/(2*d*(d*x+c)^2*(a*tanh(f*x+e)+a))-f/(2*a*d^2*(d*x+c))
OPTIMAL1 -((f^2*sinh((2*c*f)/d-2*e)*expintegral_shi(2*f*x+(2*c*f)/d))/(a*d^3))-(f^2*cosh((2*c*f)/d-2*e)*expintegral_shi(2*f*x+(2*c*f)/d))/(a*d^3)+(f^2*sinh((2*c*f)/d-2*e)*expintegral_chi(2*f*x+(2*c*f)/d))/(a*d^3)+(f^2*cosh((2*c*f)/d-2*e)*expintegral_chi(2*f*x+(2*c*f)/d))/(a*d^3)+f/(d^2*(d*x+c)*(a*tanh(f*x+e)+a))-1/(2*d*(d*x+c)^2*(a*tanh(f*x+e)+a))-f/(2*a*d^2*(d*x+c))
## 6 Hyperbolic functions/6.3 Hyperbolic tangent/6.3.1 (c+d x)^m (a+b tanh)^n.mac e41 L66
GRADE C 493 4
ANSWER (-(((sin((4*%i*c*f-d*(4*%i*e+%pi/2))/d)*expintegral_chi(4*f*x+(4*c*f)/d))/d-(%i*cos((4*%i*c*f-d*(4*%i*e+%pi/2))/d)*expintegral_shi(4*f*x+(4*c*f)/d))/d)/2)-log(d*x+c)/(2*d))/(4*a^2)+(((%i*cos((d*(4*%i*e+%pi/2)-4*%i*c*f)/d)*expintegral_shi(4*f*x+(4*c*f)/d))/d+(sin((d*(4*%i*e+%pi/2)-4*%i*c*f)/d)*expintegral_chi(4*f*x+(4*c*f)/d))/d)/2+log(d*x+c)/(2*d))/(4*a^2)-((cosh((8*c*f-8*d*e)/(2*d))*expintegral_shi(4*f*x+(4*c*f)/d))/(2*d)-(sinh((8*c*f-8*d*e)/(2*d))*expintegral_chi(4*f*x+(4*c*f)/d))/(2*d))/(2*a^2)+((%i*cos((d*(2*%i*e+%pi/2)-2*%i*c*f)/d)*expintegral_shi(2*f*x+(2*c*f)/d))/d+(sin((d*(2*%i*e+%pi/2)-2*%i*c*f)/d)*expintegral_chi(2*f*x+(2*c*f)/d))/d)/(2*a^2)-((cosh((2*c*f-2*d*e)/d)*expintegral_shi(2*f*x+(2*c*f)/d))/d-(sinh((2*c*f-2*d*e)/d)*expintegral_chi(2*f*x+(2*c*f)/d))/d)/(2*a^2)+log(d*x+c)/(4*a^2*d)
OPTIMAL1 -((sinh((4*c*f)/d-4*e)*expintegral_shi(4*f*x+(4*c*f)/d))/(4*a^2*d))-(cosh((4*c*f)/d-4*e)*expintegral_shi(4*f*x+(4*c*f)/d))/(4*a^2*d)+(sinh((4*c*f)/d-4*e)*expintegral_chi(4*f*x+(4*c*f)/d))/(4*a^2*d)+(cosh((4*c*f)/d-4*e)*expintegral_chi(4*f*x+(4*c*f)/d))/(4*a^2*d)-(sinh((2*c*f)/d-2*e)*expintegral_shi(2*f*x+(2*c*f)/d))/(2*a^2*d)-(cosh((2*c*f)/d-2*e)*expintegral_shi(2*f*x+(2*c*f)/d))/(2*a^2*d)+(sinh((2*c*f)/d-2*e)*expintegral_chi(2*f*x+(2*c*f)/d))/(2*a^2*d)+(cosh((2*c*f)/d-2*e)*expintegral_chi(2*f*x+(2*c*f)/d))/(2*a^2*d)+log(d*x+c)/(4*a^2*d)
## 6 Hyperbolic functions/6.3 Hyperbolic tangent/6.3.1 (c+d x)^m (a+b tanh)^n.mac e42 L67
GRADE C 600 4
ANSWER -((%i*((2*f*((cosh((8*c*f+2*%i*d*(4*%i*e+%pi/2))/(2*d))*expintegral_shi(4*f*x+(4*c*f)/d))/(2*d)-(sinh((8*c*f+2*%i*d*(4*%i*e+%pi/2))/(2*d))*expintegral_chi(4*f*x+(4*c*f)/d))/(2*d)))/d+(%i*sinh(4*f*x+4*e))/(2*d*(2*d*x+2*c))))/a^2)+(sinh(2*f*x+2*e)^2/(d*(-(d*x)-c))-(4*f*(-((cosh((4*d*e-4*c*f)/d)*expintegral_shi(4*f*x+(4*c*f)/d))/(2*d))-(sinh((4*d*e-4*c*f)/d)*expintegral_chi(4*f*x+(4*c*f)/d))/(2*d)))/d)/(4*a^2)+(-((4*f*(-((cosh((4*d*e-4*c*f)/d)*expintegral_shi(4*f*x+(4*c*f)/d))/(2*d))-(sinh((4*d*e-4*c*f)/d)*expintegral_chi(4*f*x+(4*c*f)/d))/(2*d)))/d)-cosh(2*f*x+2*e)^2/(d*(d*x+c)))/(4*a^2)-(%i*((2*f*((cosh((2*c*f+%i*d*(2*%i*e+%pi/2))/d)*expintegral_shi(2*f*x+(2*c*f)/d))/d-(sinh((2*c*f+%i*d*(2*%i*e+%pi/2))/d)*expintegral_chi(2*f*x+(2*c*f)/d))/d))/d+(%i*sinh(2*f*x+2*e))/(d*(d*x+c))))/(2*a^2)+(-((2*f*(-((cosh((2*d*e-2*c*f)/d)*expintegral_shi(2*f*x+(2*c*f)/d))/d)-(sinh((2*d*e-2*c*f)/d)*expintegral_chi(2*f*x+(2*c*f)/d))/d))/d)-cosh(2*f*x+2*e)/(d*(d*x+c)))/(2*a^2)-1/(4*a^2*d*(d*x+c))
OPTIMAL1 (f*sinh((4*c*f)/d-4*e)*expintegral_shi(4*f*x+(4*c*f)/d))/(a^2*d^2)+(f*cosh((4*c*f)/d-4*e)*expintegral_shi(4*f*x+(4*c*f)/d))/(a^2*d^2)-(f*sinh((4*c*f)/d-4*e)*expintegral_chi(4*f*x+(4*c*f)/d))/(a^2*d^2)-(f*cosh((4*c*f)/d-4*e)*expintegral_chi(4*f*x+(4*c*f)/d))/(a^2*d^2)+sinh(4*f*x+4*e)/(4*a^2*d*(d*x+c))+(f*sinh((2*c*f)/d-2*e)*expintegral_shi(2*f*x+(2*c*f)/d))/(a^2*d^2)+(f*cosh((2*c*f)/d-2*e)*expintegral_shi(2*f*x+(2*c*f)/d))/(a^2*d^2)-(f*sinh((2*c*f)/d-2*e)*expintegral_chi(2*f*x+(2*c*f)/d))/(a^2*d^2)-(f*cosh((2*c*f)/d-2*e)*expintegral_chi(2*f*x+(2*c*f)/d))/(a^2*d^2)-sinh(2*f*x+2*e)^2/(4*a^2*d*(d*x+c))+sinh(2*f*x+2*e)/(2*a^2*d*(d*x+c))-cosh(2*f*x+2*e)^2/(4*a^2*d*(d*x+c))-cosh(2*f*x+2*e)/(2*a^2*d*(d*x+c))-1/(4*a^2*d*(d*x+c))
## 6 Hyperbolic functions/6.3 Hyperbolic tangent/6.3.1 (c+d x)^m (a+b tanh)^n.mac e46 L71
GRADE C 1165 4
ANSWER (((%i*cos((d*(6*%i*e+%pi/2)-6*%i*c*f)/d)*expintegral_shi(6*f*x+(6*c*f)/d))/d+(sin((d*(6*%i*e+%pi/2)-6*%i*c*f)/d)*expintegral_chi(6*f*x+(6*c*f)/d))/d)/4+(3*((%i*cos((d*(2*%i*e+%pi/2)-2*%i*c*f)/d)*expintegral_shi(2*f*x+(2*c*f)/d))/d+(sin((d*(2*%i*e+%pi/2)-2*%i*c*f)/d)*expintegral_chi(2*f*x+(2*c*f)/d))/d))/4)/(8*a^3)+(3*(((%i*cos((d*(6*%i*e+%pi/2)-6*%i*c*f)/d)*expintegral_shi(6*f*x+(6*c*f)/d))/d+(sin((d*(6*%i*e+%pi/2)-6*%i*c*f)/d)*expintegral_chi(6*f*x+(6*c*f)/d))/d)/4-((%i*cos((d*(2*%i*e+%pi/2)-2*%i*c*f)/d)*expintegral_shi(2*f*x+(2*c*f)/d))/d+(sin((d*(2*%i*e+%pi/2)-2*%i*c*f)/d)*expintegral_chi(2*f*x+(2*c*f)/d))/d)/4))/(8*a^3)-(3*(((cosh((6*c*f-6*d*e)/d)*expintegral_shi(6*f*x+(6*c*f)/d))/d-(sinh((6*c*f-6*d*e)/d)*expintegral_chi(6*f*x+(6*c*f)/d))/d)/4+((cosh((2*c*f-2*d*e)/d)*expintegral_shi(2*f*x+(2*c*f)/d))/d-(sinh((2*c*f-2*d*e)/d)*expintegral_chi(2*f*x+(2*c*f)/d))/d)/4))/(8*a^3)-(-((-((cosh((6*d*e-6*c*f)/d)*expintegral_shi(6*f*x+(6*c*f)/d))/d)-(sinh((6*d*e-6*c*f)/d)*expintegral_chi(6*f*x+(6*c*f)/d))/d)/4)-(3*((cosh((2*d*e-2*c*f)/d)*expintegral_shi(2*f*x+(2*c*f)/d))/d+(sinh((2*d*e-2*c*f)/d)*expintegral_chi(2*f*x+(2*c*f)/d))/d))/4)/(8*a^3)+(3*(-(((sin((4*%i*c*f-d*(4*%i*e+%pi/2))/d)*expintegral_chi(4*f*x+(4*c*f)/d))/d-(%i*cos((4*%i*c*f-d*(4*%i*e+%pi/2))/d)*expintegral_shi(4*f*x+(4*c*f)/d))/d)/2)-log(d*x+c)/(2*d)))/(8*a^3)+(3*(((%i*cos((d*(4*%i*e+%pi/2)-4*%i*c*f)/d)*expintegral_shi(4*f*x+(4*c*f)/d))/d+(sin((d*(4*%i*e+%pi/2)-4*%i*c*f)/d)*expintegral_chi(4*f*x+(4*c*f)/d))/d)/2+log(d*x+c)/(2*d)))/(8*a^3)-(3*((cosh((8*c*f-8*d*e)/(2*d))*expintegral_shi(4*f*x+(4*c*f)/d))/(2*d)-(sinh((8*c*f-8*d*e)/(2*d))*expintegral_chi(4*f*x+(4*c*f)/d))/(2*d)))/(4*a^3)+(3*((%i*cos((d*(2*%i*e+%pi/2)-2*%i*c*f)/d)*expintegral_shi(2*f*x+(2*c*f)/d))/d+(sin((d*(2*%i*e+%pi/2)-2*%i*c*f)/d)*expintegral_chi(2*f*x+(2*c*f)/d))/d))/(8*a^3)-(3*((cosh((2*c*f-2*d*e)/d)*expintegral_shi(2*f*x+(2*c*f)/d))/d-(sinh((2*c*f-2*d*e)/d)*expintegral_chi(2*f*x+(2*c*f)/d))/d))/(8*a^3)+log(d*x+c)/(8*a^3*d)
OPTIMAL1 -((sinh((6*c*f)/d-6*e)*expintegral_shi(6*f*x+(6*c*f)/d))/(8*a^3*d))-(cosh((6*c*f)/d-6*e)*expintegral_shi(6*f*x+(6*c*f)/d))/(8*a^3*d)+(sinh((6*c*f)/d-6*e)*expintegral_chi(6*f*x+(6*c*f)/d))/(8*a^3*d)+(cosh((6*c*f)/d-6*e)*expintegral_chi(6*f*x+(6*c*f)/d))/(8*a^3*d)-(3*sinh((4*c*f)/d-4*e)*expintegral_shi(4*f*x+(4*c*f)/d))/(8*a^3*d)-(3*cosh((4*c*f)/d-4*e)*expintegral_shi(4*f*x+(4*c*f)/d))/(8*a^3*d)+(3*sinh((4*c*f)/d-4*e)*expintegral_chi(4*f*x+(4*c*f)/d))/(8*a^3*d)+(3*cosh((4*c*f)/d-4*e)*expintegral_chi(4*f*x+(4*c*f)/d))/(8*a^3*d)-(3*sinh((2*c*f)/d-2*e)*expintegral_shi(2*f*x+(2*c*f)/d))/(8*a^3*d)-(3*cosh((2*c*f)/d-2*e)*expintegral_shi(2*f*x+(2*c*f)/d))/(8*a^3*d)+(3*sinh((2*c*f)/d-2*e)*expintegral_chi(2*f*x+(2*c*f)/d))/(8*a^3*d)+(3*cosh((2*c*f)/d-2*e)*expintegral_chi(2*f*x+(2*c*f)/d))/(8*a^3*d)+log(d*x+c)/(8*a^3*d)
## 6 Hyperbolic functions/6.3 Hyperbolic tangent/6.3.1 (c+d x)^m (a+b tanh)^n.mac e47 L72
GRADE C 1465 4
ANSWER -((3*((%i*((6*f*((cosh((6*c*f+%i*d*(6*%i*e+%pi/2))/d)*expintegral_shi(6*f*x+(6*c*f)/d))/d-(sinh((6*c*f+%i*d*(6*%i*e+%pi/2))/d)*expintegral_chi(6*f*x+(6*c*f)/d))/d))/d+(%i*sinh(6*f*x+6*e))/(d*(d*x+c))))/4+(%i*((2*f*((cosh((2*c*f+%i*d*(2*%i*e+%pi/2))/d)*expintegral_shi(2*f*x+(2*c*f)/d))/d-(sinh((2*c*f+%i*d*(2*%i*e+%pi/2))/d)*expintegral_chi(2*f*x+(2*c*f)/d))/d))/d+(%i*sinh(2*f*x+2*e))/(d*(d*x+c))))/4))/(8*a^3))+(-((6*f*(-(((cosh((6*c*f-6*d*e)/d)*expintegral_shi(6*f*x+(6*c*f)/d))/d-(sinh((6*c*f-6*d*e)/d)*expintegral_chi(6*f*x+(6*c*f)/d))/d)/4)-((cosh((2*c*f-2*d*e)/d)*expintegral_shi(2*f*x+(2*c*f)/d))/d-(sinh((2*c*f-2*d*e)/d)*expintegral_chi(2*f*x+(2*c*f)/d))/d)/4))/d)-cosh(2*f*x+2*e)^3/(d*(d*x+c)))/(8*a^3)+(%i*((%i*sinh(2*f*x+2*e)^3)/(d*(-(d*x)-c))-(6*f*((-((cosh((-(2*c*f)-%i*d*(2*%i*e+%pi/2))/d)*expintegral_shi(2*f*x+(2*c*f)/d))/d)-(sinh((-(2*c*f)-%i*d*(2*%i*e+%pi/2))/d)*expintegral_chi(2*f*x+(2*c*f)/d))/d)/4-(-((cosh((-(6*c*f)-%i*d*(6*%i*e+%pi/2))/d)*expintegral_shi(6*f*x+(6*c*f)/d))/d)-(sinh((-(6*c*f)-%i*d*(6*%i*e+%pi/2))/d)*expintegral_chi(6*f*x+(6*c*f)/d))/d)/4))/d))/(8*a^3)+(3*((-((6*f*(-((cosh((6*d*e-6*c*f)/d)*expintegral_shi(6*f*x+(6*c*f)/d))/d)-(sinh((6*d*e-6*c*f)/d)*expintegral_chi(6*f*x+(6*c*f)/d))/d))/d)-cosh(6*f*x+6*e)/(d*(d*x+c)))/4-(-((2*f*(-((cosh((2*d*e-2*c*f)/d)*expintegral_shi(2*f*x+(2*c*f)/d))/d)-(sinh((2*d*e-2*c*f)/d)*expintegral_chi(2*f*x+(2*c*f)/d))/d))/d)-cosh(2*f*x+2*e)/(d*(d*x+c)))/4))/(8*a^3)-(3*%i*((2*f*((cosh((8*c*f+2*%i*d*(4*%i*e+%pi/2))/(2*d))*expintegral_shi(4*f*x+(4*c*f)/d))/(2*d)-(sinh((8*c*f+2*%i*d*(4*%i*e+%pi/2))/(2*d))*expintegral_chi(4*f*x+(4*c*f)/d))/(2*d)))/d+(%i*sinh(4*f*x+4*e))/(2*d*(2*d*x+2*c))))/(2*a^3)+(3*(sinh(2*f*x+2*e)^2/(d*(-(d*x)-c))-(4*f*(-((cosh((4*d*e-4*c*f)/d)*expintegral_shi(4*f*x+(4*c*f)/d))/(2*d))-(sinh((4*d*e-4*c*f)/d)*expintegral_chi(4*f*x+(4*c*f)/d))/(2*d)))/d))/(8*a^3)+(3*(-((4*f*(-((cosh((4*d*e-4*c*f)/d)*expintegral_shi(4*f*x+(4*c*f)/d))/(2*d))-(sinh((4*d*e-4*c*f)/d)*expintegral_chi(4*f*x+(4*c*f)/d))/(2*d)))/d)-cosh(2*f*x+2*e)^2/(d*(d*x+c))))/(8*a^3)-(3*%i*((2*f*((cosh((2*c*f+%i*d*(2*%i*e+%pi/2))/d)*expintegral_shi(2*f*x+(2*c*f)/d))/d-(sinh((2*c*f+%i*d*(2*%i*e+%pi/2))/d)*expintegral_chi(2*f*x+(2*c*f)/d))/d))/d+(%i*sinh(2*f*x+2*e))/(d*(d*x+c))))/(8*a^3)+(3*(-((2*f*(-((cosh((2*d*e-2*c*f)/d)*expintegral_shi(2*f*x+(2*c*f)/d))/d)-(sinh((2*d*e-2*c*f)/d)*expintegral_chi(2*f*x+(2*c*f)/d))/d))/d)-cosh(2*f*x+2*e)/(d*(d*x+c))))/(8*a^3)-1/(8*a^3*d*(d*x+c))
OPTIMAL1 (3*f*sinh((6*c*f)/d-6*e)*expintegral_shi(6*f*x+(6*c*f)/d))/(4*a^3*d^2)+(3*f*cosh((6*c*f)/d-6*e)*expintegral_shi(6*f*x+(6*c*f)/d))/(4*a^3*d^2)-(3*f*sinh((6*c*f)/d-6*e)*expintegral_chi(6*f*x+(6*c*f)/d))/(4*a^3*d^2)-(3*f*cosh((6*c*f)/d-6*e)*expintegral_chi(6*f*x+(6*c*f)/d))/(4*a^3*d^2)+(3*sinh(6*f*x+6*e))/(32*a^3*d*(d*x+c))-(3*cosh(6*f*x+6*e))/(32*a^3*d*(d*x+c))+(3*f*sinh((4*c*f)/d-4*e)*expintegral_shi(4*f*x+(4*c*f)/d))/(2*a^3*d^2)+(3*f*cosh((4*c*f)/d-4*e)*expintegral_shi(4*f*x+(4*c*f)/d))/(2*a^3*d^2)-(3*f*sinh((4*c*f)/d-4*e)*expintegral_chi(4*f*x+(4*c*f)/d))/(2*a^3*d^2)-(3*f*cosh((4*c*f)/d-4*e)*expintegral_chi(4*f*x+(4*c*f)/d))/(2*a^3*d^2)+(3*sinh(4*f*x+4*e))/(8*a^3*d*(d*x+c))+(3*f*sinh((2*c*f)/d-2*e)*expintegral_shi(2*f*x+(2*c*f)/d))/(4*a^3*d^2)+(3*f*cosh((2*c*f)/d-2*e)*expintegral_shi(2*f*x+(2*c*f)/d))/(4*a^3*d^2)-(3*f*sinh((2*c*f)/d-2*e)*expintegral_chi(2*f*x+(2*c*f)/d))/(4*a^3*d^2)-(3*f*cosh((2*c*f)/d-2*e)*expintegral_chi(2*f*x+(2*c*f)/d))/(4*a^3*d^2)+sinh(2*f*x+2*e)^3/(8*a^3*d*(d*x+c))-(3*sinh(2*f*x+2*e)^2)/(8*a^3*d*(d*x+c))+(15*sinh(2*f*x+2*e))/(32*a^3*d*(d*x+c))-cosh(2*f*x+2*e)^3/(8*a^3*d*(d*x+c))-(3*cosh(2*f*x+2*e)^2)/(8*a^3*d*(d*x+c))-(9*cosh(2*f*x+2*e))/(32*a^3*d*(d*x+c))-1/(8*a^3*d*(d*x+c))
## 6 Hyperbolic functions/6.3 Hyperbolic tangent/6.3.2 Hyperbolic tangent functions.mac e7 L16
GRADE C 15 3
ANSWER log(%i*sinh(b*x+a))/b
OPTIMAL1 log(sinh(b*x+a))/b
## 6 Hyperbolic functions/6.3 Hyperbolic tangent/6.3.2 Hyperbolic tangent functions.mac e9 L18
GRADE C 40 3
ANSWER %i*((%i*coth(b*x+a)^2)/(2*b)-(%i*log(%i*sinh(b*x+a)))/b)
OPTIMAL1 log(sinh(b*x+a))/b-coth(b*x+a)^2/(2*b)
## 6 Hyperbolic functions/6.3 Hyperbolic tangent/6.3.2 Hyperbolic tangent functions.mac e11 L20
GRADE C 57 3
ANSWER -(%i*((%i*log(%i*sinh(b*x+a)))/b-(%i*coth(b*x+a)^4)/(4*b)-(%i*coth(b*x+a)^2)/(2*b)))
OPTIMAL1 log(sinh(b*x+a))/b-coth(b*x+a)^4/(4*b)-coth(b*x+a)^2/(2*b)
## 6 Hyperbolic functions/6.3 Hyperbolic tangent/6.3.2 Hyperbolic tangent functions.mac e13 L24
GRADE C 250 3
ANSWER (b^3*sqrt(b*tanh(d*x+c))*(-((%i*sqrt(tanh(d*x+c))*((2*%i*((log(sqrt(2)*sqrt(%i*tanh(d*x+c))+%i*tanh(d*x+c)+1)/2^(3/2)-log(-(sqrt(2)*sqrt(%i*tanh(d*x+c)))+%i*tanh(d*x+c)+1)/2^(3/2))/2+(atan(sqrt(2)*sqrt(%i*tanh(d*x+c))+1)/sqrt(2)+atan(sqrt(2)*sqrt(%i*tanh(d*x+c))-1)/sqrt(2))/2))/d-(2*%i*sqrt(%i*tanh(d*x+c)))/d))/sqrt(%i*tanh(d*x+c)))-(2*tanh(d*x+c)^(5/2))/(5*d)))/sqrt(tanh(d*x+c))
OPTIMAL1 (b^(7/2)*atanh(sqrt(b*tanh(d*x+c))/sqrt(b)))/d+(b^(7/2)*atan(sqrt(b*tanh(d*x+c))/sqrt(b)))/d-(2*b*(b*tanh(d*x+c))^(5/2))/(5*d)-(2*b^3*sqrt(b*tanh(d*x+c)))/d
## 6 Hyperbolic functions/6.3 Hyperbolic tangent/6.3.2 Hyperbolic tangent functions.mac e14 L25
GRADE C 224 3
ANSWER (b^2*sqrt(b*tanh(d*x+c))*(-((2*%i*sqrt(tanh(d*x+c))*((atan(sqrt(2)*sqrt(%i*tanh(d*x+c))+1)/sqrt(2)+atan(sqrt(2)*sqrt(%i*tanh(d*x+c))-1)/sqrt(2))/2-(log(sqrt(2)*sqrt(%i*tanh(d*x+c))+%i*tanh(d*x+c)+1)/2^(3/2)-log(-(sqrt(2)*sqrt(%i*tanh(d*x+c)))+%i*tanh(d*x+c)+1)/2^(3/2))/2))/(d*sqrt(%i*tanh(d*x+c))))-(2*tanh(d*x+c)^(3/2))/(3*d)))/sqrt(tanh(d*x+c))
OPTIMAL1 (b^(5/2)*atanh(sqrt(b*tanh(d*x+c))/sqrt(b)))/d-(b^(5/2)*atan(sqrt(b*tanh(d*x+c))/sqrt(b)))/d-(2*b*(b*tanh(d*x+c))^(3/2))/(3*d)
## 6 Hyperbolic functions/6.3 Hyperbolic tangent/6.3.2 Hyperbolic tangent functions.mac e15 L26
GRADE C 220 3
ANSWER (b*sqrt(b*tanh(d*x+c))*(-((2*%i*sqrt(%i*tanh(d*x+c))*((log(sqrt(2)*sqrt(%i*tanh(d*x+c))+%i*tanh(d*x+c)+1)/2^(3/2)-log(-(sqrt(2)*sqrt(%i*tanh(d*x+c)))+%i*tanh(d*x+c)+1)/2^(3/2))/2+(atan(sqrt(2)*sqrt(%i*tanh(d*x+c))+1)/sqrt(2)+atan(sqrt(2)*sqrt(%i*tanh(d*x+c))-1)/sqrt(2))/2))/(d*sqrt(tanh(d*x+c))))-(2*sqrt(tanh(d*x+c)))/d))/sqrt(tanh(d*x+c))
OPTIMAL1 (b^(3/2)*atanh(sqrt(b*tanh(d*x+c))/sqrt(b)))/d+(b^(3/2)*atan(sqrt(b*tanh(d*x+c))/sqrt(b)))/d-(2*b*sqrt(b*tanh(d*x+c)))/d
## 6 Hyperbolic functions/6.3 Hyperbolic tangent/6.3.2 Hyperbolic tangent functions.mac e18 L29
GRADE C 222 3
ANSWER (sqrt(tanh(d*x+c))*(-((2*%i*sqrt(tanh(d*x+c))*((atan(sqrt(2)*sqrt(%i*tanh(d*x+c))+1)/sqrt(2)+atan(sqrt(2)*sqrt(%i*tanh(d*x+c))-1)/sqrt(2))/2-(log(sqrt(2)*sqrt(%i*tanh(d*x+c))+%i*tanh(d*x+c)+1)/2^(3/2)-log(-(sqrt(2)*sqrt(%i*tanh(d*x+c)))+%i*tanh(d*x+c)+1)/2^(3/2))/2))/(d*sqrt(%i*tanh(d*x+c))))-2/(d*sqrt(tanh(d*x+c)))))/(b*sqrt(b*tanh(d*x+c)))
OPTIMAL1 atanh(sqrt(b*tanh(d*x+c))/sqrt(b))/(b^(3/2)*d)-atan(sqrt(b*tanh(d*x+c))/sqrt(b))/(b^(3/2)*d)-2/(b*d*sqrt(b*tanh(d*x+c)))
## 6 Hyperbolic functions/6.3 Hyperbolic tangent/6.3.2 Hyperbolic tangent functions.mac e19 L30
GRADE C 224 3
ANSWER (sqrt(tanh(d*x+c))*(-((2*%i*sqrt(%i*tanh(d*x+c))*((log(sqrt(2)*sqrt(%i*tanh(d*x+c))+%i*tanh(d*x+c)+1)/2^(3/2)-log(-(sqrt(2)*sqrt(%i*tanh(d*x+c)))+%i*tanh(d*x+c)+1)/2^(3/2))/2+(atan(sqrt(2)*sqrt(%i*tanh(d*x+c))+1)/sqrt(2)+atan(sqrt(2)*sqrt(%i*tanh(d*x+c))-1)/sqrt(2))/2))/(d*sqrt(tanh(d*x+c))))-2/(3*d*tanh(d*x+c)^(3/2))))/(b^2*sqrt(b*tanh(d*x+c)))
OPTIMAL1 atanh(sqrt(b*tanh(d*x+c))/sqrt(b))/(b^(5/2)*d)+atan(sqrt(b*tanh(d*x+c))/sqrt(b))/(b^(5/2)*d)-2/(3*b*d*(b*tanh(d*x+c))^(3/2))
## 6 Hyperbolic functions/6.3 Hyperbolic tangent/6.3.2 Hyperbolic tangent functions.mac e20 L31
GRADE C 250 3
ANSWER (sqrt(tanh(d*x+c))*((%i*sqrt(%i*tanh(d*x+c))*((2*%i*((atan(sqrt(2)*sqrt(%i*tanh(d*x+c))+1)/sqrt(2)+atan(sqrt(2)*sqrt(%i*tanh(d*x+c))-1)/sqrt(2))/2-(log(sqrt(2)*sqrt(%i*tanh(d*x+c))+%i*tanh(d*x+c)+1)/2^(3/2)-log(-(sqrt(2)*sqrt(%i*tanh(d*x+c)))+%i*tanh(d*x+c)+1)/2^(3/2))/2))/d+(2*%i)/(d*sqrt(%i*tanh(d*x+c)))))/sqrt(tanh(d*x+c))-2/(5*d*tanh(d*x+c)^(5/2))))/(b^3*sqrt(b*tanh(d*x+c)))
OPTIMAL1 atanh(sqrt(b*tanh(d*x+c))/sqrt(b))/(b^(7/2)*d)-atan(sqrt(b*tanh(d*x+c))/sqrt(b))/(b^(7/2)*d)-2/(b^3*d*sqrt(b*tanh(d*x+c)))-2/(5*b*d*(b*tanh(d*x+c))^(5/2))
## 6 Hyperbolic functions/6.3 Hyperbolic tangent/6.3.2 Hyperbolic tangent functions.mac e151 L212
GRADE C 247 3
ANSWER (-((2*%i*sqrt(tanh(b*log(c*x^n)+a))*((atan(sqrt(2)*sqrt(%i*tanh(b*log(c*x^n)+a))+1)/sqrt(2)+atan(sqrt(2)*sqrt(%i*tanh(b*log(c*x^n)+a))-1)/sqrt(2))/2-(log(sqrt(2)*sqrt(%i*tanh(b*log(c*x^n)+a))+%i*tanh(b*log(c*x^n)+a)+1)/2^(3/2)-log(-(sqrt(2)*sqrt(%i*tanh(b*log(c*x^n)+a)))+%i*tanh(b*log(c*x^n)+a)+1)/2^(3/2))/2))/(b*sqrt(%i*tanh(b*log(c*x^n)+a))))-(2*tanh(b*log(c*x^n)+a)^(3/2))/(3*b))/n
OPTIMAL1 atanh(sqrt(tanh(b*log(c*x^n)+a)))/(b*n)-atan(sqrt(tanh(b*log(c*x^n)+a)))/(b*n)-(2*tanh(b*log(c*x^n)+a)^(3/2))/(3*b*n)
## 6 Hyperbolic functions/6.3 Hyperbolic tangent/6.3.2 Hyperbolic tangent functions.mac e152 L213
GRADE C 245 3
ANSWER (-((2*%i*sqrt(%i*tanh(b*log(c*x^n)+a))*((log(sqrt(2)*sqrt(%i*tanh(b*log(c*x^n)+a))+%i*tanh(b*log(c*x^n)+a)+1)/2^(3/2)-log(-(sqrt(2)*sqrt(%i*tanh(b*log(c*x^n)+a)))+%i*tanh(b*log(c*x^n)+a)+1)/2^(3/2))/2+(atan(sqrt(2)*sqrt(%i*tanh(b*log(c*x^n)+a))+1)/sqrt(2)+atan(sqrt(2)*sqrt(%i*tanh(b*log(c*x^n)+a))-1)/sqrt(2))/2))/(b*sqrt(tanh(b*log(c*x^n)+a))))-(2*sqrt(tanh(b*log(c*x^n)+a)))/b)/n
OPTIMAL1 atanh(sqrt(tanh(b*log(c*x^n)+a)))/(b*n)+atan(sqrt(tanh(b*log(c*x^n)+a)))/(b*n)-(2*sqrt(tanh(b*log(c*x^n)+a)))/(b*n)
## 6 Hyperbolic functions/6.3 Hyperbolic tangent/6.3.2 Hyperbolic tangent functions.mac e155 L216
GRADE C 245 3
ANSWER (-((2*%i*sqrt(tanh(b*log(c*x^n)+a))*((atan(sqrt(2)*sqrt(%i*tanh(b*log(c*x^n)+a))+1)/sqrt(2)+atan(sqrt(2)*sqrt(%i*tanh(b*log(c*x^n)+a))-1)/sqrt(2))/2-(log(sqrt(2)*sqrt(%i*tanh(b*log(c*x^n)+a))+%i*tanh(b*log(c*x^n)+a)+1)/2^(3/2)-log(-(sqrt(2)*sqrt(%i*tanh(b*log(c*x^n)+a)))+%i*tanh(b*log(c*x^n)+a)+1)/2^(3/2))/2))/(b*sqrt(%i*tanh(b*log(c*x^n)+a))))-2/(b*sqrt(tanh(b*log(c*x^n)+a))))/n
OPTIMAL1 atanh(sqrt(tanh(b*log(c*x^n)+a)))/(b*n)-atan(sqrt(tanh(b*log(c*x^n)+a)))/(b*n)-2/(b*n*sqrt(tanh(b*log(c*x^n)+a)))
## 6 Hyperbolic functions/6.3 Hyperbolic tangent/6.3.2 Hyperbolic tangent functions.mac e156 L217
GRADE C 247 3
ANSWER (-((2*%i*sqrt(%i*tanh(b*log(c*x^n)+a))*((log(sqrt(2)*sqrt(%i*tanh(b*log(c*x^n)+a))+%i*tanh(b*log(c*x^n)+a)+1)/2^(3/2)-log(-(sqrt(2)*sqrt(%i*tanh(b*log(c*x^n)+a)))+%i*tanh(b*log(c*x^n)+a)+1)/2^(3/2))/2+(atan(sqrt(2)*sqrt(%i*tanh(b*log(c*x^n)+a))+1)/sqrt(2)+atan(sqrt(2)*sqrt(%i*tanh(b*log(c*x^n)+a))-1)/sqrt(2))/2))/(b*sqrt(tanh(b*log(c*x^n)+a))))-2/(3*b*tanh(b*log(c*x^n)+a)^(3/2)))/n
OPTIMAL1 atanh(sqrt(tanh(b*log(c*x^n)+a)))/(b*n)+atan(sqrt(tanh(b*log(c*x^n)+a)))/(b*n)-2/(3*b*n*tanh(b*log(c*x^n)+a)^(3/2))
## 6 Hyperbolic functions/6.3 Hyperbolic tangent/6.3.7 (d hyper)^m (a+b (c tanh)^n)^p.mac e56 L71
GRADE C 67 3
ANSWER -((%i*(%i*b*log(%i*tanh(d*x+c))-(%i*b*tanh(d*x+c)^2)/2+(%i*a)/tanh(d*x+c)-(%i*a)/(3*tanh(d*x+c)^3)))/d)
OPTIMAL1 (b*log(tanh(d*x+c)))/d-(b*tanh(d*x+c)^2)/(2*d)-(a*coth(d*x+c)^3)/(3*d)+(a*coth(d*x+c))/d
## 6 Hyperbolic functions/6.3 Hyperbolic tangent/6.3.7 (d hyper)^m (a+b (c tanh)^n)^p.mac e64 L79
GRADE C 105 3
ANSWER -((%i*(2*%i*a*b*log(%i*tanh(d*x+c))-(%i*b^2*tanh(d*x+c)^5)/5+(%i*b^2*tanh(d*x+c)^3)/3-%i*a*b*tanh(d*x+c)^2+(%i*a^2)/tanh(d*x+c)-(%i*a^2)/(3*tanh(d*x+c)^3)))/d)
OPTIMAL1 (2*a*b*log(tanh(d*x+c)))/d-(b^2*tanh(d*x+c)^5)/(5*d)+(b^2*tanh(d*x+c)^3)/(3*d)-(a*b*tanh(d*x+c)^2)/d-(a^2*coth(d*x+c)^3)/(3*d)+(a^2*coth(d*x+c))/d
## 6 Hyperbolic functions/6.3 Hyperbolic tangent/6.3.7 (d hyper)^m (a+b (c tanh)^n)^p.mac e72 L87
GRADE C 145 3
ANSWER -((%i*(3*%i*a^2*b*log(%i*tanh(d*x+c))-(%i*b^3*tanh(d*x+c)^8)/8+(%i*b^3*tanh(d*x+c)^6)/6-(3*%i*a*b^2*tanh(d*x+c)^5)/5+%i*a*b^2*tanh(d*x+c)^3-(3*%i*a^2*b*tanh(d*x+c)^2)/2+(%i*a^3)/tanh(d*x+c)-(%i*a^3)/(3*tanh(d*x+c)^3)))/d)
OPTIMAL1 (3*a^2*b*log(tanh(d*x+c)))/d-(b^3*tanh(d*x+c)^8)/(8*d)+(b^3*tanh(d*x+c)^6)/(6*d)-(3*a*b^2*tanh(d*x+c)^5)/(5*d)+(a*b^2*tanh(d*x+c)^3)/d-(3*a^2*b*tanh(d*x+c)^2)/(2*d)-(a^3*coth(d*x+c)^3)/(3*d)+(a^3*coth(d*x+c))/d
## 6 Hyperbolic functions/6.3 Hyperbolic tangent/6.3.7 (d hyper)^m (a+b (c tanh)^n)^p.mac e73 L90
GRADE C 790 3
ANSWER -((%i*((-((%i*(6*a^2*b^4+3*a^4*b^2)*log(b*tanh(d*x+c)^3+a))/(3*b))-((-1)^(1/6)*((((-1)^(1/6)*a^(1/3)*b^(2/3)*((-1)^(1/6)*%i*a^(1/3)*(-(a*b^5)-7*a^3*b^3-a^5*b)+b^(1/3)*(-(3*a^2*b^4)-6*a^4*b^2))+2*(-1)^(1/6)*a^(1/3)*b^(2/3)*((-1)^(1/6)*%i*a^(1/3)*(-(a*b^5)-7*a^3*b^3-a^5*b)-2*b^(1/3)*(-(3*a^2*b^4)-6*a^4*b^2)))*atan(((2*%i*b^(1/3)*tanh(d*x+c))/((-1)^(1/6)*a^(1/3))+1)/sqrt(3)))/((-1)^(1/6)*sqrt(3)*a^(1/3)*b)-(((-1)^(1/6)*%i*a^(1/3)*(-(a*b^5)-7*a^3*b^3-a^5*b)+b^(1/3)*(-(3*a^2*b^4)-6*a^4*b^2))*log(b^(2/3)*tanh(d*x+c)^2-(-1)^(1/6)*%i*a^(1/3)*b^(1/3)*tanh(d*x+c)+a^(2/3)))/(2*b^(1/3))))/(3*a^(2/3)*b^(1/3))-((-1)^(1/6)*((-1)^(1/6)*%i*a^(1/3)*(-(a*b^5)-7*a^3*b^3-a^5*b)+b^(1/3)*(-(3*a^2*b^4)-6*a^4*b^2))*log(%i*b^(1/3)*tanh(d*x+c)-(-1)^(1/6)*a^(1/3)))/(3*a^(2/3)*b^(2/3)))/(-b^6+3*a^2*b^4-3*a^4*b^2+a^6)-(%i*(((-(6*a^2*b^3)-3*a^4*b)*log(1-tanh(d*x+c)^2))/2+(-(a*b^4)-7*a^3*b^2-a^5)*atanh(tanh(d*x+c))))/(-b^6+3*a^2*b^4-3*a^4*b^2+a^6)-(%i*(-(((-(a*b^2)-2*a^3)*atanh(tanh(d*x+c)))/2)-(3*a^2*b-(a*b^2+2*a^3)*tanh(d*x+c))/(2*(1-tanh(d*x+c)^2))))/(b^4-2*a^2*b^2+a^4)+(%i*((3*a*(atanh(tanh(d*x+c))/2+tanh(d*x+c)/(2*(1-tanh(d*x+c)^2))))/4-(b-a*tanh(d*x+c))/(4*(1-tanh(d*x+c)^2)^2)))/(a^2-b^2)))/d)
OPTIMAL1 -((a^2*b*(2*b^2+a^2)*log(b*tanh(d*x+c)^3+a))/((a^2-b^2)^3*d))+(a^(2/3)*b^(1/3)*(b^4+3*a^(2/3)*b^(4/3)*(b^2+2*a^2)+7*a^2*b^2+a^4)*log(b^(2/3)*tanh(d*x+c)^2-a^(1/3)*b^(1/3)*tanh(d*x+c)+a^(2/3)))/(6*(a^2-b^2)^3*d)-(a^(2/3)*b^(1/3)*(b^4+3*a^(2/3)*b^(4/3)*(b^2+2*a^2)+7*a^2*b^2+a^4)*log(b^(1/3)*tanh(d*x+c)+a^(1/3)))/(3*(a^2-b^2)^3*d)-(a^(2/3)*b^(1/3)*(-b^2+3*a^(4/3)*b^(2/3)+a^2)*atan((a^(1/3)-2*b^(1/3)*tanh(d*x+c))/(sqrt(3)*a^(1/3))))/(sqrt(3)*(b^(4/3)+a^(2/3)*b^(2/3)+a^(4/3))^3*d)+(3*a*(5*b+a)*log(tanh(d*x+c)+1))/(16*(a-b)^3*d)-(3*a*(a-5*b)*log(1-tanh(d*x+c)))/(16*(b+a)^3*d)+(b+5*a)/(16*(a-b)^2*d*(tanh(d*x+c)+1))-1/(16*(a-b)*d*(tanh(d*x+c)+1)^2)+(b-5*a)/(16*(b+a)^2*d*(1-tanh(d*x+c)))+1/(16*(b+a)*d*(1-tanh(d*x+c))^2)
## 6 Hyperbolic functions/6.3 Hyperbolic tangent/6.3.7 (d hyper)^m (a+b (c tanh)^n)^p.mac e75 L92
GRADE C 551 3
ANSWER (%i*((-((%i*(b^4+2*a^2*b^2)*log(b*tanh(d*x+c)^3+a))/(3*b))-((-1)^(1/6)*(((2*(-1)^(1/6)*a^(1/3)*b^(2/3)*((-1)^(1/6)*%i*a^(1/3)*(-(2*a*b^3)-a^3*b)+6*a^2*b^(7/3))+(-1)^(1/6)*a^(1/3)*b^(2/3)*((-1)^(1/6)*%i*a^(1/3)*(-(2*a*b^3)-a^3*b)-3*a^2*b^(7/3)))*atan(((2*%i*b^(1/3)*tanh(d*x+c))/((-1)^(1/6)*a^(1/3))+1)/sqrt(3)))/((-1)^(1/6)*sqrt(3)*a^(1/3)*b)-(((-1)^(1/6)*%i*a^(1/3)*(-(2*a*b^3)-a^3*b)-3*a^2*b^(7/3))*log(b^(2/3)*tanh(d*x+c)^2-(-1)^(1/6)*%i*a^(1/3)*b^(1/3)*tanh(d*x+c)+a^(2/3)))/(2*b^(1/3))))/(3*a^(2/3)*b^(1/3))-((-1)^(1/6)*((-1)^(1/6)*%i*a^(1/3)*(-(2*a*b^3)-a^3*b)-3*a^2*b^(7/3))*log(%i*b^(1/3)*tanh(d*x+c)-(-1)^(1/6)*a^(1/3)))/(3*a^(2/3)*b^(2/3)))/(b^4-2*a^2*b^2+a^4)-(%i*(((-b^3-2*a^2*b)*log(1-tanh(d*x+c)^2))/2+(-(2*a*b^2)-a^3)*atanh(tanh(d*x+c))))/(b^4-2*a^2*b^2+a^4)-(%i*((a*atanh(tanh(d*x+c)))/2-(b-a*tanh(d*x+c))/(2*(1-tanh(d*x+c)^2))))/(a^2-b^2)))/d
OPTIMAL1 (b*(b^2+2*a^2)*log(b*tanh(d*x+c)^3+a))/(3*(a^2-b^2)^2*d)-(a^(2/3)*b^(1/3)*(2*b^2+3*a^(2/3)*b^(4/3)+a^2)*log(b^(2/3)*tanh(d*x+c)^2-a^(1/3)*b^(1/3)*tanh(d*x+c)+a^(2/3)))/(6*(a^2-b^2)^2*d)+(a^(2/3)*b^(1/3)*(2*b^2+3*a^(2/3)*b^(4/3)+a^2)*log(b^(1/3)*tanh(d*x+c)+a^(1/3)))/(3*(a^2-b^2)^2*d)+(a^(2/3)*b^(1/3)*(2*b^2-3*a^(2/3)*b^(4/3)+a^2)*atan((a^(1/3)-2*b^(1/3)*tanh(d*x+c))/(sqrt(3)*a^(1/3))))/(sqrt(3)*(a^2-b^2)^2*d)-((2*b+a)*log(tanh(d*x+c)+1))/(4*(a-b)^2*d)+((a-2*b)*log(1-tanh(d*x+c)))/(4*(b+a)^2*d)-1/(4*(a-b)*d*(tanh(d*x+c)+1))+1/(4*(b+a)*d*(1-tanh(d*x+c)))
## 6 Hyperbolic functions/6.3 Hyperbolic tangent/6.3.7 (d hyper)^m (a+b (c tanh)^n)^p.mac e78 L95
GRADE C 204 3
ANSWER (%i*(%i/(a*tanh(d*x+c))-(%i*b*((-(((-1)^(1/6)*log(b^(2/3)*tanh(d*x+c)^2-(-1)^(1/6)*%i*a^(1/3)*b^(1/3)*tanh(d*x+c)+a^(2/3)))/(2*b^(1/3)))-(sqrt(3)*atan(((2*%i*b^(1/3)*tanh(d*x+c))/((-1)^(1/6)*a^(1/3))+1)/sqrt(3)))/((-1)^(1/6)*b^(1/3)))/(3*(-1)^(1/6)*a^(1/3)*b^(1/3))+log((-1)^(1/6)*%i*b^(1/3)*tanh(d*x+c)+a^(1/3))/(3*a^(1/3)*b^(2/3))))/a))/d
OPTIMAL1 -((b^(1/3)*log(b^(2/3)*tanh(d*x+c)^2-a^(1/3)*b^(1/3)*tanh(d*x+c)+a^(2/3)))/(6*a^(4/3)*d))+(b^(1/3)*log(b^(1/3)*tanh(d*x+c)+a^(1/3)))/(3*a^(4/3)*d)+(b^(1/3)*atan((a^(1/3)-2*b^(1/3)*tanh(d*x+c))/(sqrt(3)*a^(1/3))))/(sqrt(3)*a^(4/3)*d)-coth(d*x+c)/(a*d)
## 6 Hyperbolic functions/6.3 Hyperbolic tangent/6.3.7 (d hyper)^m (a+b (c tanh)^n)^p.mac e80 L97
GRADE C 120 5
ANSWER -((%i*((%i*((b*log(b*tanh(d*x+c)^3+a))/3+(hypergeometric([2/3,1],[5/3],-((b*tanh(d*x+c)^3)/a))*b*tanh(d*x+c)^2)/2))/a^2-(%i*b*log(%i*tanh(d*x+c)))/a^2+%i/(a*tanh(d*x+c))-%i/(3*a*tanh(d*x+c)^3)))/d)
OPTIMAL1 (b*log(b*tanh(d*x+c)^3+a))/(3*a^2*d)+(b^(1/3)*log(b^(2/3)*tanh(d*x+c)^2-a^(1/3)*b^(1/3)*tanh(d*x+c)+a^(2/3)))/(6*a^(4/3)*d)-(b^(1/3)*log(b^(1/3)*tanh(d*x+c)+a^(1/3)))/(3*a^(4/3)*d)-(b^(1/3)*atan((a^(1/3)-2*b^(1/3)*tanh(d*x+c))/(sqrt(3)*a^(1/3))))/(sqrt(3)*a^(4/3)*d)-(b*log(tanh(d*x+c)))/(a^2*d)-coth(d*x+c)^3/(3*a*d)+coth(d*x+c)/(a*d)
## 6 Hyperbolic functions/6.3 Hyperbolic tangent/6.3.7 (d hyper)^m (a+b (c tanh)^n)^p.mac e171 L216
GRADE C 170 3
ANSWER (a^2*(((sqrt(a)*x)/(b+a)-(%i*sqrt(b)*log(%i*sqrt(b)*sinh(d*x+c)+sqrt(a)*cosh(d*x+c)))/((b+a)*d))/(2*sqrt(a))-(-((%i*sqrt(b)*log(sqrt(a)*cosh(d*x+c)-%i*sqrt(b)*sinh(d*x+c)))/((b+a)*d))-(sqrt(a)*x)/(b+a))/(2*sqrt(a))))/b^2+(x-tanh(d*x+c)/d)/b-(a*x)/b^2
OPTIMAL1 (a^(3/2)*atan((sqrt(b)*tanh(d*x+c))/sqrt(a)))/(b^(3/2)*(b+a)*d)-tanh(d*x+c)/(b*d)+x/(b+a)
## 6 Hyperbolic functions/6.3 Hyperbolic tangent/6.3.7 (d hyper)^m (a+b (c tanh)^n)^p.mac e173 L218
GRADE C 150 3
ANSWER x/b-(a*(((sqrt(a)*x)/(b+a)-(%i*sqrt(b)*log(%i*sqrt(b)*sinh(d*x+c)+sqrt(a)*cosh(d*x+c)))/((b+a)*d))/(2*sqrt(a))-(-((%i*sqrt(b)*log(sqrt(a)*cosh(d*x+c)-%i*sqrt(b)*sinh(d*x+c)))/((b+a)*d))-(sqrt(a)*x)/(b+a))/(2*sqrt(a))))/b
OPTIMAL1 x/(b+a)-(sqrt(a)*atan((sqrt(b)*tanh(d*x+c))/sqrt(a)))/(sqrt(b)*(b+a)*d)
## 6 Hyperbolic functions/6.3 Hyperbolic tangent/6.3.7 (d hyper)^m (a+b (c tanh)^n)^p.mac e175 L220
GRADE C 138 3
ANSWER ((sqrt(a)*x)/(b+a)-(%i*sqrt(b)*log(%i*sqrt(b)*sinh(d*x+c)+sqrt(a)*cosh(d*x+c)))/((b+a)*d))/(2*sqrt(a))-(-((%i*sqrt(b)*log(sqrt(a)*cosh(d*x+c)-%i*sqrt(b)*sinh(d*x+c)))/((b+a)*d))-(sqrt(a)*x)/(b+a))/(2*sqrt(a))
OPTIMAL1 (sqrt(b)*atan((sqrt(b)*tanh(d*x+c))/sqrt(a)))/(sqrt(a)*(b+a)*d)+x/(b+a)
## 6 Hyperbolic functions/6.3 Hyperbolic tangent/6.3.7 (d hyper)^m (a+b (c tanh)^n)^p.mac e258 L317
GRADE C 187 3
ANSWER ((sqrt(3)*%i-1)*(((sqrt(3)*%i-1)*x)/((sqrt(3)*%i-1)^2-4)-(2*log(-(2*sinh(x))-(sqrt(3)*%i-1)*cosh(x)))/((sqrt(3)*%i-1)^2-4))-(sqrt(3)*%i+1)*(((-(sqrt(3)*%i)-1)*x)/((-(sqrt(3)*%i)-1)^2-4)-(2*log(-(2*sinh(x))-(-(sqrt(3)*%i)-1)*cosh(x)))/((-(sqrt(3)*%i)-1)^2-4))-1/(2*(tanh(x)+1))+x/2)/3
OPTIMAL1 -((2*atan((1-2*tanh(x))/sqrt(3)))/3^(3/2))-1/(6*(tanh(x)+1))+x/2
## 6 Hyperbolic functions/6.4 Hyperbolic cotangent/6.4.1 (c+d x)^m (a+b coth)^n.mac e8 L17
GRADE C 35 3
ANSWER log(%i*sinh(b*x+a))/b^2-(x*coth(b*x+a))/b+x^2/2
OPTIMAL1 log(sinh(b*x+a))/b^2-(x*coth(b*x+a))/b+x^2/2
## 6 Hyperbolic functions/6.4 Hyperbolic cotangent/6.4.1 (c+d x)^m (a+b coth)^n.mac e12 L21
GRADE C 148 4
ANSWER %i*((%i*(-(log(%i*sinh(b*x+a))/b^2)+(x*coth(b*x+a))/b-x^2/2))/b+(%i*x^2*coth(b*x+a)^2)/(2*b)+(%i*x^3)/3-2*%i*((log(1-%e^(2*(b*x+a)))*x^2)/(2*b)-(li[3](%e^(2*(b*x+a)))/(4*b^2)-(li[2](%e^(2*(b*x+a)))*x)/(2*b))/b))
OPTIMAL1 log(sinh(b*x+a))/b^3-(x^2*coth(b*x+a)^2)/(2*b)-(x*coth(b*x+a))/b^2-x^3/3+(log(1-%e^(2*(b*x+a)))*x^2)/b+x^2/(2*b)+(li[2](%e^(2*(b*x+a)))*x)/b^2-li[3](%e^(2*(b*x+a)))/(2*b^3)
## 6 Hyperbolic functions/6.4 Hyperbolic cotangent/6.4.1 (c+d x)^m (a+b coth)^n.mac e19 L38
GRADE C 184 4
ANSWER ((sin((2*%i*c*f-d*(2*%i*e+%pi/2))/d)*expintegral_chi(2*f*x+(2*c*f)/d))/d-(%i*cos((2*%i*c*f-d*(2*%i*e+%pi/2))/d)*expintegral_shi(2*f*x+(2*c*f)/d))/d)/(2*a)+((cosh((2*d*e-2*c*f)/d)*expintegral_shi(2*f*x+(2*c*f)/d))/d+(sinh((2*d*e-2*c*f)/d)*expintegral_chi(2*f*x+(2*c*f)/d))/d)/(2*a)+log(d*x+c)/(2*a*d)
OPTIMAL1 (sinh((2*c*f)/d-2*e)*expintegral_shi(2*f*x+(2*c*f)/d))/(2*a*d)+(cosh((2*c*f)/d-2*e)*expintegral_shi(2*f*x+(2*c*f)/d))/(2*a*d)-(sinh((2*c*f)/d-2*e)*expintegral_chi(2*f*x+(2*c*f)/d))/(2*a*d)-(cosh((2*c*f)/d-2*e)*expintegral_chi(2*f*x+(2*c*f)/d))/(2*a*d)+log(d*x+c)/(2*a*d)
## 6 Hyperbolic functions/6.4 Hyperbolic cotangent/6.4.1 (c+d x)^m (a+b coth)^n.mac e20 L39
GRADE C 197 4
ANSWER -((f*((sin((2*%i*c*f-d*(2*%i*e+%pi/2))/d)*expintegral_chi(2*f*x+(2*c*f)/d))/d-(%i*cos((2*%i*c*f-d*(2*%i*e+%pi/2))/d)*expintegral_shi(2*f*x+(2*c*f)/d))/d))/(a*d))+(f*(-((cosh((2*d*e-2*c*f)/d)*expintegral_shi(2*f*x+(2*c*f)/d))/d)-(sinh((2*d*e-2*c*f)/d)*expintegral_chi(2*f*x+(2*c*f)/d))/d))/(a*d)-1/(d*(d*x+c)*(a*coth(f*x+e)+a))
OPTIMAL1 -((f*sinh((2*c*f)/d-2*e)*expintegral_shi(2*f*x+(2*c*f)/d))/(a*d^2))-(f*cosh((2*c*f)/d-2*e)*expintegral_shi(2*f*x+(2*c*f)/d))/(a*d^2)+(f*sinh((2*c*f)/d-2*e)*expintegral_chi(2*f*x+(2*c*f)/d))/(a*d^2)+(f*cosh((2*c*f)/d-2*e)*expintegral_chi(2*f*x+(2*c*f)/d))/(a*d^2)-1/(d*(d*x+c)*(a*coth(f*x+e)+a))
## 6 Hyperbolic functions/6.4 Hyperbolic cotangent/6.4.1 (c+d x)^m (a+b coth)^n.mac e21 L40
GRADE C 248 4
ANSWER -((f*(-((f*((sin((2*%i*c*f-d*(2*%i*e+%pi/2))/d)*expintegral_chi(2*f*x+(2*c*f)/d))/d-(%i*cos((2*%i*c*f-d*(2*%i*e+%pi/2))/d)*expintegral_shi(2*f*x+(2*c*f)/d))/d))/(a*d))+(f*(-((cosh((2*d*e-2*c*f)/d)*expintegral_shi(2*f*x+(2*c*f)/d))/d)-(sinh((2*d*e-2*c*f)/d)*expintegral_chi(2*f*x+(2*c*f)/d))/d))/(a*d)-1/(d*(d*x+c)*(a*coth(f*x+e)+a))))/d)-1/(2*d*(d*x+c)^2*(a*coth(f*x+e)+a))-f/(2*a*d^2*(d*x+c))
OPTIMAL1 (f^2*sinh((2*c*f)/d-2*e)*expintegral_shi(2*f*x+(2*c*f)/d))/(a*d^3)+(f^2*cosh((2*c*f)/d-2*e)*expintegral_shi(2*f*x+(2*c*f)/d))/(a*d^3)-(f^2*sinh((2*c*f)/d-2*e)*expintegral_chi(2*f*x+(2*c*f)/d))/(a*d^3)-(f^2*cosh((2*c*f)/d-2*e)*expintegral_chi(2*f*x+(2*c*f)/d))/(a*d^3)+f/(d^2*(d*x+c)*(a*coth(f*x+e)+a))-1/(2*d*(d*x+c)^2*(a*coth(f*x+e)+a))-f/(2*a*d^2*(d*x+c))
## 6 Hyperbolic functions/6.4 Hyperbolic cotangent/6.4.1 (c+d x)^m (a+b coth)^n.mac e25 L44
GRADE C 493 4
ANSWER (-(((sin((4*%i*c*f-d*(4*%i*e+%pi/2))/d)*expintegral_chi(4*f*x+(4*c*f)/d))/d-(%i*cos((4*%i*c*f-d*(4*%i*e+%pi/2))/d)*expintegral_shi(4*f*x+(4*c*f)/d))/d)/2)-log(d*x+c)/(2*d))/(4*a^2)+(((%i*cos((d*(4*%i*e+%pi/2)-4*%i*c*f)/d)*expintegral_shi(4*f*x+(4*c*f)/d))/d+(sin((d*(4*%i*e+%pi/2)-4*%i*c*f)/d)*expintegral_chi(4*f*x+(4*c*f)/d))/d)/2+log(d*x+c)/(2*d))/(4*a^2)-((cosh((8*c*f-8*d*e)/(2*d))*expintegral_shi(4*f*x+(4*c*f)/d))/(2*d)-(sinh((8*c*f-8*d*e)/(2*d))*expintegral_chi(4*f*x+(4*c*f)/d))/(2*d))/(2*a^2)-((%i*cos((d*(2*%i*e+%pi/2)-2*%i*c*f)/d)*expintegral_shi(2*f*x+(2*c*f)/d))/d+(sin((d*(2*%i*e+%pi/2)-2*%i*c*f)/d)*expintegral_chi(2*f*x+(2*c*f)/d))/d)/(2*a^2)+((cosh((2*c*f-2*d*e)/d)*expintegral_shi(2*f*x+(2*c*f)/d))/d-(sinh((2*c*f-2*d*e)/d)*expintegral_chi(2*f*x+(2*c*f)/d))/d)/(2*a^2)+log(d*x+c)/(4*a^2*d)
OPTIMAL1 -((sinh((4*c*f)/d-4*e)*expintegral_shi(4*f*x+(4*c*f)/d))/(4*a^2*d))-(cosh((4*c*f)/d-4*e)*expintegral_shi(4*f*x+(4*c*f)/d))/(4*a^2*d)+(sinh((4*c*f)/d-4*e)*expintegral_chi(4*f*x+(4*c*f)/d))/(4*a^2*d)+(cosh((4*c*f)/d-4*e)*expintegral_chi(4*f*x+(4*c*f)/d))/(4*a^2*d)+(sinh((2*c*f)/d-2*e)*expintegral_shi(2*f*x+(2*c*f)/d))/(2*a^2*d)+(cosh((2*c*f)/d-2*e)*expintegral_shi(2*f*x+(2*c*f)/d))/(2*a^2*d)-(sinh((2*c*f)/d-2*e)*expintegral_chi(2*f*x+(2*c*f)/d))/(2*a^2*d)-(cosh((2*c*f)/d-2*e)*expintegral_chi(2*f*x+(2*c*f)/d))/(2*a^2*d)+log(d*x+c)/(4*a^2*d)
## 6 Hyperbolic functions/6.4 Hyperbolic cotangent/6.4.1 (c+d x)^m (a+b coth)^n.mac e26 L45
GRADE C 600 4
ANSWER -((%i*((2*f*((cosh((8*c*f+2*%i*d*(4*%i*e+%pi/2))/(2*d))*expintegral_shi(4*f*x+(4*c*f)/d))/(2*d)-(sinh((8*c*f+2*%i*d*(4*%i*e+%pi/2))/(2*d))*expintegral_chi(4*f*x+(4*c*f)/d))/(2*d)))/d+(%i*sinh(4*f*x+4*e))/(2*d*(2*d*x+2*c))))/a^2)+(sinh(2*f*x+2*e)^2/(d*(-(d*x)-c))-(4*f*(-((cosh((4*d*e-4*c*f)/d)*expintegral_shi(4*f*x+(4*c*f)/d))/(2*d))-(sinh((4*d*e-4*c*f)/d)*expintegral_chi(4*f*x+(4*c*f)/d))/(2*d)))/d)/(4*a^2)+(-((4*f*(-((cosh((4*d*e-4*c*f)/d)*expintegral_shi(4*f*x+(4*c*f)/d))/(2*d))-(sinh((4*d*e-4*c*f)/d)*expintegral_chi(4*f*x+(4*c*f)/d))/(2*d)))/d)-cosh(2*f*x+2*e)^2/(d*(d*x+c)))/(4*a^2)+(%i*((2*f*((cosh((2*c*f+%i*d*(2*%i*e+%pi/2))/d)*expintegral_shi(2*f*x+(2*c*f)/d))/d-(sinh((2*c*f+%i*d*(2*%i*e+%pi/2))/d)*expintegral_chi(2*f*x+(2*c*f)/d))/d))/d+(%i*sinh(2*f*x+2*e))/(d*(d*x+c))))/(2*a^2)-(-((2*f*(-((cosh((2*d*e-2*c*f)/d)*expintegral_shi(2*f*x+(2*c*f)/d))/d)-(sinh((2*d*e-2*c*f)/d)*expintegral_chi(2*f*x+(2*c*f)/d))/d))/d)-cosh(2*f*x+2*e)/(d*(d*x+c)))/(2*a^2)-1/(4*a^2*d*(d*x+c))
OPTIMAL1 (f*sinh((4*c*f)/d-4*e)*expintegral_shi(4*f*x+(4*c*f)/d))/(a^2*d^2)+(f*cosh((4*c*f)/d-4*e)*expintegral_shi(4*f*x+(4*c*f)/d))/(a^2*d^2)-(f*sinh((4*c*f)/d-4*e)*expintegral_chi(4*f*x+(4*c*f)/d))/(a^2*d^2)-(f*cosh((4*c*f)/d-4*e)*expintegral_chi(4*f*x+(4*c*f)/d))/(a^2*d^2)+sinh(4*f*x+4*e)/(4*a^2*d*(d*x+c))-(f*sinh((2*c*f)/d-2*e)*expintegral_shi(2*f*x+(2*c*f)/d))/(a^2*d^2)-(f*cosh((2*c*f)/d-2*e)*expintegral_shi(2*f*x+(2*c*f)/d))/(a^2*d^2)+(f*sinh((2*c*f)/d-2*e)*expintegral_chi(2*f*x+(2*c*f)/d))/(a^2*d^2)+(f*cosh((2*c*f)/d-2*e)*expintegral_chi(2*f*x+(2*c*f)/d))/(a^2*d^2)-sinh(2*f*x+2*e)^2/(4*a^2*d*(d*x+c))-sinh(2*f*x+2*e)/(2*a^2*d*(d*x+c))-cosh(2*f*x+2*e)^2/(4*a^2*d*(d*x+c))+cosh(2*f*x+2*e)/(2*a^2*d*(d*x+c))-1/(4*a^2*d*(d*x+c))
## 6 Hyperbolic functions/6.4 Hyperbolic cotangent/6.4.1 (c+d x)^m (a+b coth)^n.mac e30 L49
GRADE C 1165 4
ANSWER -((((%i*cos((d*(6*%i*e+%pi/2)-6*%i*c*f)/d)*expintegral_shi(6*f*x+(6*c*f)/d))/d+(sin((d*(6*%i*e+%pi/2)-6*%i*c*f)/d)*expintegral_chi(6*f*x+(6*c*f)/d))/d)/4+(3*((%i*cos((d*(2*%i*e+%pi/2)-2*%i*c*f)/d)*expintegral_shi(2*f*x+(2*c*f)/d))/d+(sin((d*(2*%i*e+%pi/2)-2*%i*c*f)/d)*expintegral_chi(2*f*x+(2*c*f)/d))/d))/4)/(8*a^3))-(3*(((%i*cos((d*(6*%i*e+%pi/2)-6*%i*c*f)/d)*expintegral_shi(6*f*x+(6*c*f)/d))/d+(sin((d*(6*%i*e+%pi/2)-6*%i*c*f)/d)*expintegral_chi(6*f*x+(6*c*f)/d))/d)/4-((%i*cos((d*(2*%i*e+%pi/2)-2*%i*c*f)/d)*expintegral_shi(2*f*x+(2*c*f)/d))/d+(sin((d*(2*%i*e+%pi/2)-2*%i*c*f)/d)*expintegral_chi(2*f*x+(2*c*f)/d))/d)/4))/(8*a^3)+(3*(((cosh((6*c*f-6*d*e)/d)*expintegral_shi(6*f*x+(6*c*f)/d))/d-(sinh((6*c*f-6*d*e)/d)*expintegral_chi(6*f*x+(6*c*f)/d))/d)/4+((cosh((2*c*f-2*d*e)/d)*expintegral_shi(2*f*x+(2*c*f)/d))/d-(sinh((2*c*f-2*d*e)/d)*expintegral_chi(2*f*x+(2*c*f)/d))/d)/4))/(8*a^3)+(-((-((cosh((6*d*e-6*c*f)/d)*expintegral_shi(6*f*x+(6*c*f)/d))/d)-(sinh((6*d*e-6*c*f)/d)*expintegral_chi(6*f*x+(6*c*f)/d))/d)/4)-(3*((cosh((2*d*e-2*c*f)/d)*expintegral_shi(2*f*x+(2*c*f)/d))/d+(sinh((2*d*e-2*c*f)/d)*expintegral_chi(2*f*x+(2*c*f)/d))/d))/4)/(8*a^3)+(3*(-(((sin((4*%i*c*f-d*(4*%i*e+%pi/2))/d)*expintegral_chi(4*f*x+(4*c*f)/d))/d-(%i*cos((4*%i*c*f-d*(4*%i*e+%pi/2))/d)*expintegral_shi(4*f*x+(4*c*f)/d))/d)/2)-log(d*x+c)/(2*d)))/(8*a^3)+(3*(((%i*cos((d*(4*%i*e+%pi/2)-4*%i*c*f)/d)*expintegral_shi(4*f*x+(4*c*f)/d))/d+(sin((d*(4*%i*e+%pi/2)-4*%i*c*f)/d)*expintegral_chi(4*f*x+(4*c*f)/d))/d)/2+log(d*x+c)/(2*d)))/(8*a^3)-(3*((cosh((8*c*f-8*d*e)/(2*d))*expintegral_shi(4*f*x+(4*c*f)/d))/(2*d)-(sinh((8*c*f-8*d*e)/(2*d))*expintegral_chi(4*f*x+(4*c*f)/d))/(2*d)))/(4*a^3)-(3*((%i*cos((d*(2*%i*e+%pi/2)-2*%i*c*f)/d)*expintegral_shi(2*f*x+(2*c*f)/d))/d+(sin((d*(2*%i*e+%pi/2)-2*%i*c*f)/d)*expintegral_chi(2*f*x+(2*c*f)/d))/d))/(8*a^3)+(3*((cosh((2*c*f-2*d*e)/d)*expintegral_shi(2*f*x+(2*c*f)/d))/d-(sinh((2*c*f-2*d*e)/d)*expintegral_chi(2*f*x+(2*c*f)/d))/d))/(8*a^3)+log(d*x+c)/(8*a^3*d)
OPTIMAL1 (sinh((6*c*f)/d-6*e)*expintegral_shi(6*f*x+(6*c*f)/d))/(8*a^3*d)+(cosh((6*c*f)/d-6*e)*expintegral_shi(6*f*x+(6*c*f)/d))/(8*a^3*d)-(sinh((6*c*f)/d-6*e)*expintegral_chi(6*f*x+(6*c*f)/d))/(8*a^3*d)-(cosh((6*c*f)/d-6*e)*expintegral_chi(6*f*x+(6*c*f)/d))/(8*a^3*d)-(3*sinh((4*c*f)/d-4*e)*expintegral_shi(4*f*x+(4*c*f)/d))/(8*a^3*d)-(3*cosh((4*c*f)/d-4*e)*expintegral_shi(4*f*x+(4*c*f)/d))/(8*a^3*d)+(3*sinh((4*c*f)/d-4*e)*expintegral_chi(4*f*x+(4*c*f)/d))/(8*a^3*d)+(3*cosh((4*c*f)/d-4*e)*expintegral_chi(4*f*x+(4*c*f)/d))/(8*a^3*d)+(3*sinh((2*c*f)/d-2*e)*expintegral_shi(2*f*x+(2*c*f)/d))/(8*a^3*d)+(3*cosh((2*c*f)/d-2*e)*expintegral_shi(2*f*x+(2*c*f)/d))/(8*a^3*d)-(3*sinh((2*c*f)/d-2*e)*expintegral_chi(2*f*x+(2*c*f)/d))/(8*a^3*d)-(3*cosh((2*c*f)/d-2*e)*expintegral_chi(2*f*x+(2*c*f)/d))/(8*a^3*d)+log(d*x+c)/(8*a^3*d)
## 6 Hyperbolic functions/6.4 Hyperbolic cotangent/6.4.1 (c+d x)^m (a+b coth)^n.mac e31 L50
GRADE C 1465 4
ANSWER (3*((%i*((6*f*((cosh((6*c*f+%i*d*(6*%i*e+%pi/2))/d)*expintegral_shi(6*f*x+(6*c*f)/d))/d-(sinh((6*c*f+%i*d*(6*%i*e+%pi/2))/d)*expintegral_chi(6*f*x+(6*c*f)/d))/d))/d+(%i*sinh(6*f*x+6*e))/(d*(d*x+c))))/4+(%i*((2*f*((cosh((2*c*f+%i*d*(2*%i*e+%pi/2))/d)*expintegral_shi(2*f*x+(2*c*f)/d))/d-(sinh((2*c*f+%i*d*(2*%i*e+%pi/2))/d)*expintegral_chi(2*f*x+(2*c*f)/d))/d))/d+(%i*sinh(2*f*x+2*e))/(d*(d*x+c))))/4))/(8*a^3)-(-((6*f*(-(((cosh((6*c*f-6*d*e)/d)*expintegral_shi(6*f*x+(6*c*f)/d))/d-(sinh((6*c*f-6*d*e)/d)*expintegral_chi(6*f*x+(6*c*f)/d))/d)/4)-((cosh((2*c*f-2*d*e)/d)*expintegral_shi(2*f*x+(2*c*f)/d))/d-(sinh((2*c*f-2*d*e)/d)*expintegral_chi(2*f*x+(2*c*f)/d))/d)/4))/d)-cosh(2*f*x+2*e)^3/(d*(d*x+c)))/(8*a^3)-(%i*((%i*sinh(2*f*x+2*e)^3)/(d*(-(d*x)-c))-(6*f*((-((cosh((-(2*c*f)-%i*d*(2*%i*e+%pi/2))/d)*expintegral_shi(2*f*x+(2*c*f)/d))/d)-(sinh((-(2*c*f)-%i*d*(2*%i*e+%pi/2))/d)*expintegral_chi(2*f*x+(2*c*f)/d))/d)/4-(-((cosh((-(6*c*f)-%i*d*(6*%i*e+%pi/2))/d)*expintegral_shi(6*f*x+(6*c*f)/d))/d)-(sinh((-(6*c*f)-%i*d*(6*%i*e+%pi/2))/d)*expintegral_chi(6*f*x+(6*c*f)/d))/d)/4))/d))/(8*a^3)-(3*((-((6*f*(-((cosh((6*d*e-6*c*f)/d)*expintegral_shi(6*f*x+(6*c*f)/d))/d)-(sinh((6*d*e-6*c*f)/d)*expintegral_chi(6*f*x+(6*c*f)/d))/d))/d)-cosh(6*f*x+6*e)/(d*(d*x+c)))/4-(-((2*f*(-((cosh((2*d*e-2*c*f)/d)*expintegral_shi(2*f*x+(2*c*f)/d))/d)-(sinh((2*d*e-2*c*f)/d)*expintegral_chi(2*f*x+(2*c*f)/d))/d))/d)-cosh(2*f*x+2*e)/(d*(d*x+c)))/4))/(8*a^3)-(3*%i*((2*f*((cosh((8*c*f+2*%i*d*(4*%i*e+%pi/2))/(2*d))*expintegral_shi(4*f*x+(4*c*f)/d))/(2*d)-(sinh((8*c*f+2*%i*d*(4*%i*e+%pi/2))/(2*d))*expintegral_chi(4*f*x+(4*c*f)/d))/(2*d)))/d+(%i*sinh(4*f*x+4*e))/(2*d*(2*d*x+2*c))))/(2*a^3)+(3*(sinh(2*f*x+2*e)^2/(d*(-(d*x)-c))-(4*f*(-((cosh((4*d*e-4*c*f)/d)*expintegral_shi(4*f*x+(4*c*f)/d))/(2*d))-(sinh((4*d*e-4*c*f)/d)*expintegral_chi(4*f*x+(4*c*f)/d))/(2*d)))/d))/(8*a^3)+(3*(-((4*f*(-((cosh((4*d*e-4*c*f)/d)*expintegral_shi(4*f*x+(4*c*f)/d))/(2*d))-(sinh((4*d*e-4*c*f)/d)*expintegral_chi(4*f*x+(4*c*f)/d))/(2*d)))/d)-cosh(2*f*x+2*e)^2/(d*(d*x+c))))/(8*a^3)+(3*%i*((2*f*((cosh((2*c*f+%i*d*(2*%i*e+%pi/2))/d)*expintegral_shi(2*f*x+(2*c*f)/d))/d-(sinh((2*c*f+%i*d*(2*%i*e+%pi/2))/d)*expintegral_chi(2*f*x+(2*c*f)/d))/d))/d+(%i*sinh(2*f*x+2*e))/(d*(d*x+c))))/(8*a^3)-(3*(-((2*f*(-((cosh((2*d*e-2*c*f)/d)*expintegral_shi(2*f*x+(2*c*f)/d))/d)-(sinh((2*d*e-2*c*f)/d)*expintegral_chi(2*f*x+(2*c*f)/d))/d))/d)-cosh(2*f*x+2*e)/(d*(d*x+c))))/(8*a^3)-1/(8*a^3*d*(d*x+c))
OPTIMAL1 -((3*f*sinh((6*c*f)/d-6*e)*expintegral_shi(6*f*x+(6*c*f)/d))/(4*a^3*d^2))-(3*f*cosh((6*c*f)/d-6*e)*expintegral_shi(6*f*x+(6*c*f)/d))/(4*a^3*d^2)+(3*f*sinh((6*c*f)/d-6*e)*expintegral_chi(6*f*x+(6*c*f)/d))/(4*a^3*d^2)+(3*f*cosh((6*c*f)/d-6*e)*expintegral_chi(6*f*x+(6*c*f)/d))/(4*a^3*d^2)-(3*sinh(6*f*x+6*e))/(32*a^3*d*(d*x+c))+(3*cosh(6*f*x+6*e))/(32*a^3*d*(d*x+c))+(3*f*sinh((4*c*f)/d-4*e)*expintegral_shi(4*f*x+(4*c*f)/d))/(2*a^3*d^2)+(3*f*cosh((4*c*f)/d-4*e)*expintegral_shi(4*f*x+(4*c*f)/d))/(2*a^3*d^2)-(3*f*sinh((4*c*f)/d-4*e)*expintegral_chi(4*f*x+(4*c*f)/d))/(2*a^3*d^2)-(3*f*cosh((4*c*f)/d-4*e)*expintegral_chi(4*f*x+(4*c*f)/d))/(2*a^3*d^2)+(3*sinh(4*f*x+4*e))/(8*a^3*d*(d*x+c))-(3*f*sinh((2*c*f)/d-2*e)*expintegral_shi(2*f*x+(2*c*f)/d))/(4*a^3*d^2)-(3*f*cosh((2*c*f)/d-2*e)*expintegral_shi(2*f*x+(2*c*f)/d))/(4*a^3*d^2)+(3*f*sinh((2*c*f)/d-2*e)*expintegral_chi(2*f*x+(2*c*f)/d))/(4*a^3*d^2)+(3*f*cosh((2*c*f)/d-2*e)*expintegral_chi(2*f*x+(2*c*f)/d))/(4*a^3*d^2)-sinh(2*f*x+2*e)^3/(8*a^3*d*(d*x+c))-(3*sinh(2*f*x+2*e)^2)/(8*a^3*d*(d*x+c))-(15*sinh(2*f*x+2*e))/(32*a^3*d*(d*x+c))+cosh(2*f*x+2*e)^3/(8*a^3*d*(d*x+c))-(3*cosh(2*f*x+2*e)^2)/(8*a^3*d*(d*x+c))+(9*cosh(2*f*x+2*e))/(32*a^3*d*(d*x+c))-1/(8*a^3*d*(d*x+c))
## 6 Hyperbolic functions/6.4 Hyperbolic cotangent/6.4.1 (c+d x)^m (a+b coth)^n.mac e44 L71
GRADE C 133 4
ANSWER b^2*((d*log(%i*sinh(f*x+e)))/f^2-((d*x+c)*coth(f*x+e))/f+(d*x^2)/2+c*x)+2*a*b*(2*((log(1-%e^(2*(f*x+e)))*(d*x+c))/(2*f)+(li[2](%e^(2*(f*x+e)))*d)/(4*f^2))-(d*x+c)^2/(2*d))+(a^2*(d*x+c)^2)/(2*d)
OPTIMAL1 (b^2*d*log(sinh(f*x+e)))/f^2-(b^2*(d*x+c)*coth(f*x+e))/f-(a*b*(d*x+c)^2)/d+(a^2*(d*x+c)^2)/(2*d)+(b^2*d*x^2)/2+(2*log(1-%e^(2*(f*x+e)))*a*b*(d*x+c))/f+b^2*c*x+(li[2](%e^(2*(f*x+e)))*a*b*d)/f^2
## 6 Hyperbolic functions/6.4 Hyperbolic cotangent/6.4.1 (c+d x)^m (a+b coth)^n.mac e48 L75
GRADE C 416 4
ANSWER %i*b^3*((%i*d*(-((d*log(%i*sinh(f*x+e)))/f^2)+((d*x+c)*coth(f*x+e))/f-(d*x^2)/2-c*x))/f+(%i*(d*x+c)^2*coth(f*x+e)^2)/(2*f)+(%i*(d*x+c)^3)/(3*d)-2*%i*((log(1-%e^(2*(f*x+e)))*(d*x+c)^2)/(2*f)-(d*((li[2](%e^(2*(f*x+e)))*(-(d*x)-c))/(2*f)+(li[3](%e^(2*(f*x+e)))*d)/(4*f^2)))/f))+3*a*b^2*(-(((d*x+c)^2*coth(f*x+e))/f)+(d*x+c)^3/(3*d)+(2*d*(2*((log(1-%e^(2*(f*x+e)))*(d*x+c))/(2*f)+(li[2](%e^(2*(f*x+e)))*d)/(4*f^2))-(d*x+c)^2/(2*d)))/f)+3*a^2*b*(2*((log(1-%e^(2*(f*x+e)))*(d*x+c)^2)/(2*f)-(d*((li[2](%e^(2*(f*x+e)))*(-(d*x)-c))/(2*f)+(li[3](%e^(2*(f*x+e)))*d)/(4*f^2)))/f)-(d*x+c)^3/(3*d))+(a^3*(d*x+c)^3)/(3*d)
OPTIMAL1 (b^3*d^2*log(sinh(f*x+e)))/f^3-(b^3*(d*x+c)^2*coth(f*x+e)^2)/(2*f)-(3*a*b^2*(d*x+c)^2*coth(f*x+e))/f-(b^3*d*(d*x+c)*coth(f*x+e))/f^2-(b^3*(d*x+c)^3)/(3*d)+(a*b^2*(d*x+c)^3)/d-(a^2*b*(d*x+c)^3)/d+(a^3*(d*x+c)^3)/(3*d)+(log(1-%e^(2*(f*x+e)))*b^3*(d*x+c)^2)/f-(3*a*b^2*(d*x+c)^2)/f+(3*log(1-%e^(2*(f*x+e)))*a^2*b*(d*x+c)^2)/f+(b^3*d^2*x^2)/(2*f)+(li[2](%e^(2*(f*x+e)))*b^3*d*(d*x+c))/f^2+(6*log(1-%e^(2*(f*x+e)))*a*b^2*d*(d*x+c))/f^2+(3*li[2](%e^(2*(f*x+e)))*a^2*b*d*(d*x+c))/f^2+(b^3*c*d*x)/f-(li[3](%e^(2*(f*x+e)))*b^3*d^2)/(2*f^3)+(3*li[2](%e^(2*(f*x+e)))*a*b^2*d^2)/f^3-(3*li[3](%e^(2*(f*x+e)))*a^2*b*d^2)/(2*f^3)
## 6 Hyperbolic functions/6.4 Hyperbolic cotangent/6.4.1 (c+d x)^m (a+b coth)^n.mac e49 L76
GRADE C 247 4
ANSWER 3*a*b^2*((d*log(%i*sinh(f*x+e)))/f^2-((d*x+c)*coth(f*x+e))/f+(d*x^2)/2+c*x)-b^3*(((d*x+c)*coth(f*x+e)^2)/(2*f)+(d*(coth(f*x+e)/f-x))/(2*f)+(d*x+c)^2/(2*d)-2*((log(1-%e^(2*(f*x+e)))*(d*x+c))/(2*f)+(li[2](%e^(2*(f*x+e)))*d)/(4*f^2)))+3*a^2*b*(2*((log(1-%e^(2*(f*x+e)))*(d*x+c))/(2*f)+(li[2](%e^(2*(f*x+e)))*d)/(4*f^2))-(d*x+c)^2/(2*d))+(a^3*(d*x+c)^2)/(2*d)
OPTIMAL1 (3*a*b^2*d*log(sinh(f*x+e)))/f^2-(b^3*(d*x+c)*coth(f*x+e)^2)/(2*f)-(3*a*b^2*(d*x+c)*coth(f*x+e))/f-(b^3*d*coth(f*x+e))/(2*f^2)-(b^3*(d*x+c)^2)/(2*d)-(3*a^2*b*(d*x+c)^2)/(2*d)+(a^3*(d*x+c)^2)/(2*d)+(3*a*b^2*d*x^2)/2+(log(1-%e^(2*(f*x+e)))*b^3*(d*x+c))/f+(3*log(1-%e^(2*(f*x+e)))*a^2*b*(d*x+c))/f+(b^3*d*x)/(2*f)+3*a*b^2*c*x+(li[2](%e^(2*(f*x+e)))*b^3*d)/(2*f^2)+(3*li[2](%e^(2*(f*x+e)))*a^2*b*d)/(2*f^2)
## 6 Hyperbolic functions/6.4 Hyperbolic cotangent/6.4.2 Hyperbolic cotangent functions.mac e1 L10
GRADE C 250 3
ANSWER (b^3*sqrt(b*coth(d*x+c))*((%i*sqrt(coth(d*x+c))*((2*%i*sqrt(-(%i*coth(d*x+c))))/d-(2*%i*((log(sqrt(2)*sqrt(-(%i*coth(d*x+c)))-%i*coth(d*x+c)+1)/2^(3/2)-log(-(sqrt(2)*sqrt(-(%i*coth(d*x+c))))-%i*coth(d*x+c)+1)/2^(3/2))/2+(atan(sqrt(2)*sqrt(-(%i*coth(d*x+c)))+1)/sqrt(2)+atan(sqrt(2)*sqrt(-(%i*coth(d*x+c)))-1)/sqrt(2))/2))/d))/sqrt(-(%i*coth(d*x+c)))-(2*coth(d*x+c)^(5/2))/(5*d)))/sqrt(coth(d*x+c))
OPTIMAL1 (b^(7/2)*atanh(sqrt(b*coth(d*x+c))/sqrt(b)))/d+(b^(7/2)*atan(sqrt(b*coth(d*x+c))/sqrt(b)))/d-(2*b*(b*coth(d*x+c))^(5/2))/(5*d)-(2*b^3*sqrt(b*coth(d*x+c)))/d
## 6 Hyperbolic functions/6.4 Hyperbolic cotangent/6.4.2 Hyperbolic cotangent functions.mac e2 L11
GRADE C 224 3
ANSWER (b^2*sqrt(b*coth(d*x+c))*((2*%i*sqrt(coth(d*x+c))*((atan(sqrt(2)*sqrt(-(%i*coth(d*x+c)))+1)/sqrt(2)+atan(sqrt(2)*sqrt(-(%i*coth(d*x+c)))-1)/sqrt(2))/2-(log(sqrt(2)*sqrt(-(%i*coth(d*x+c)))-%i*coth(d*x+c)+1)/2^(3/2)-log(-(sqrt(2)*sqrt(-(%i*coth(d*x+c))))-%i*coth(d*x+c)+1)/2^(3/2))/2))/(d*sqrt(-(%i*coth(d*x+c))))-(2*coth(d*x+c)^(3/2))/(3*d)))/sqrt(coth(d*x+c))
OPTIMAL1 (b^(5/2)*atanh(sqrt(b*coth(d*x+c))/sqrt(b)))/d-(b^(5/2)*atan(sqrt(b*coth(d*x+c))/sqrt(b)))/d-(2*b*(b*coth(d*x+c))^(3/2))/(3*d)
## 6 Hyperbolic functions/6.4 Hyperbolic cotangent/6.4.2 Hyperbolic cotangent functions.mac e3 L12
GRADE C 220 3
ANSWER (b*sqrt(b*coth(d*x+c))*((2*%i*sqrt(-(%i*coth(d*x+c)))*((log(sqrt(2)*sqrt(-(%i*coth(d*x+c)))-%i*coth(d*x+c)+1)/2^(3/2)-log(-(sqrt(2)*sqrt(-(%i*coth(d*x+c))))-%i*coth(d*x+c)+1)/2^(3/2))/2+(atan(sqrt(2)*sqrt(-(%i*coth(d*x+c)))+1)/sqrt(2)+atan(sqrt(2)*sqrt(-(%i*coth(d*x+c)))-1)/sqrt(2))/2))/(d*sqrt(coth(d*x+c)))-(2*sqrt(coth(d*x+c)))/d))/sqrt(coth(d*x+c))
OPTIMAL1 (b^(3/2)*atanh(sqrt(b*coth(d*x+c))/sqrt(b)))/d+(b^(3/2)*atan(sqrt(b*coth(d*x+c))/sqrt(b)))/d-(2*b*sqrt(b*coth(d*x+c)))/d
## 6 Hyperbolic functions/6.4 Hyperbolic cotangent/6.4.2 Hyperbolic cotangent functions.mac e6 L15
GRADE C 222 3
ANSWER (sqrt(coth(d*x+c))*((2*%i*sqrt(coth(d*x+c))*((atan(sqrt(2)*sqrt(-(%i*coth(d*x+c)))+1)/sqrt(2)+atan(sqrt(2)*sqrt(-(%i*coth(d*x+c)))-1)/sqrt(2))/2-(log(sqrt(2)*sqrt(-(%i*coth(d*x+c)))-%i*coth(d*x+c)+1)/2^(3/2)-log(-(sqrt(2)*sqrt(-(%i*coth(d*x+c))))-%i*coth(d*x+c)+1)/2^(3/2))/2))/(d*sqrt(-(%i*coth(d*x+c))))-2/(d*sqrt(coth(d*x+c)))))/(b*sqrt(b*coth(d*x+c)))
OPTIMAL1 atanh(sqrt(b*coth(d*x+c))/sqrt(b))/(b^(3/2)*d)-atan(sqrt(b*coth(d*x+c))/sqrt(b))/(b^(3/2)*d)-2/(b*d*sqrt(b*coth(d*x+c)))
## 6 Hyperbolic functions/6.4 Hyperbolic cotangent/6.4.2 Hyperbolic cotangent functions.mac e7 L16
GRADE C 224 3
ANSWER (sqrt(coth(d*x+c))*((2*%i*sqrt(-(%i*coth(d*x+c)))*((log(sqrt(2)*sqrt(-(%i*coth(d*x+c)))-%i*coth(d*x+c)+1)/2^(3/2)-log(-(sqrt(2)*sqrt(-(%i*coth(d*x+c))))-%i*coth(d*x+c)+1)/2^(3/2))/2+(atan(sqrt(2)*sqrt(-(%i*coth(d*x+c)))+1)/sqrt(2)+atan(sqrt(2)*sqrt(-(%i*coth(d*x+c)))-1)/sqrt(2))/2))/(d*sqrt(coth(d*x+c)))-2/(3*d*coth(d*x+c)^(3/2))))/(b^2*sqrt(b*coth(d*x+c)))
OPTIMAL1 atanh(sqrt(b*coth(d*x+c))/sqrt(b))/(b^(5/2)*d)+atan(sqrt(b*coth(d*x+c))/sqrt(b))/(b^(5/2)*d)-2/(3*b*d*(b*coth(d*x+c))^(3/2))
## 6 Hyperbolic functions/6.4 Hyperbolic cotangent/6.4.2 Hyperbolic cotangent functions.mac e8 L17
GRADE C 250 3
ANSWER (sqrt(coth(d*x+c))*(-((%i*sqrt(-(%i*coth(d*x+c)))*(-((2*%i*((atan(sqrt(2)*sqrt(-(%i*coth(d*x+c)))+1)/sqrt(2)+atan(sqrt(2)*sqrt(-(%i*coth(d*x+c)))-1)/sqrt(2))/2-(log(sqrt(2)*sqrt(-(%i*coth(d*x+c)))-%i*coth(d*x+c)+1)/2^(3/2)-log(-(sqrt(2)*sqrt(-(%i*coth(d*x+c))))-%i*coth(d*x+c)+1)/2^(3/2))/2))/d)-(2*%i)/(d*sqrt(-(%i*coth(d*x+c))))))/sqrt(coth(d*x+c)))-2/(5*d*coth(d*x+c)^(5/2))))/(b^3*sqrt(b*coth(d*x+c)))
OPTIMAL1 atanh(sqrt(b*coth(d*x+c))/sqrt(b))/(b^(7/2)*d)-atan(sqrt(b*coth(d*x+c))/sqrt(b))/(b^(7/2)*d)-2/(b^3*d*sqrt(b*coth(d*x+c)))-2/(5*b*d*(b*coth(d*x+c))^(5/2))
## 6 Hyperbolic functions/6.4 Hyperbolic cotangent/6.4.2 Hyperbolic cotangent functions.mac e9 L20
GRADE C 222 3
ANSWER b^(4/3)*((3*%i*(-(%i*coth(d*x+c)))^(2/3)*(log((-(%i*coth(d*x+c)))^(2/3)+sqrt(3)*(-(%i*coth(d*x+c)))^(1/3)+1)/(4*sqrt(3))-log((-(%i*coth(d*x+c)))^(2/3)-sqrt(3)*(-(%i*coth(d*x+c)))^(1/3)+1)/(4*sqrt(3))+atan(2*(-(%i*coth(d*x+c)))^(1/3)+sqrt(3))/6+atan(2*(-(%i*coth(d*x+c)))^(1/3)-sqrt(3))/6+atan((-(%i*coth(d*x+c)))^(1/3))/3))/(d*coth(d*x+c)^(2/3))-(3*coth(d*x+c)^(1/3))/d)
OPTIMAL1 (b^(4/3)*log((b*coth(d*x+c))^(2/3)+b^(1/3)*(b*coth(d*x+c))^(1/3)+b^(2/3)))/(4*d)-(b^(4/3)*log((b*coth(d*x+c))^(2/3)-b^(1/3)*(b*coth(d*x+c))^(1/3)+b^(2/3)))/(4*d)+(sqrt(3)*b^(4/3)*atan(((2*(b*coth(d*x+c))^(1/3))/b^(1/3)+1)/sqrt(3)))/(2*d)-(sqrt(3)*b^(4/3)*atan((1-(2*(b*coth(d*x+c))^(1/3))/b^(1/3))/sqrt(3)))/(2*d)+(b^(4/3)*atanh((b*coth(d*x+c))^(1/3)/b^(1/3)))/d-(3*b*(b*coth(d*x+c))^(1/3))/d
## 6 Hyperbolic functions/6.4 Hyperbolic cotangent/6.4.2 Hyperbolic cotangent functions.mac e14 L25
GRADE C 222 3
ANSWER ((3*%i*coth(d*x+c)^(2/3)*(-(log((-(%i*coth(d*x+c)))^(2/3)+sqrt(3)*(-(%i*coth(d*x+c)))^(1/3)+1)/(4*sqrt(3)))+log((-(%i*coth(d*x+c)))^(2/3)-sqrt(3)*(-(%i*coth(d*x+c)))^(1/3)+1)/(4*sqrt(3))+atan(2*(-(%i*coth(d*x+c)))^(1/3)+sqrt(3))/6+atan(2*(-(%i*coth(d*x+c)))^(1/3)-sqrt(3))/6+atan((-(%i*coth(d*x+c)))^(1/3))/3))/(d*(-(%i*coth(d*x+c)))^(2/3))-3/(d*coth(d*x+c)^(1/3)))/b^(4/3)
OPTIMAL1 log((b*coth(d*x+c))^(2/3)+b^(1/3)*(b*coth(d*x+c))^(1/3)+b^(2/3))/(4*b^(4/3)*d)-log((b*coth(d*x+c))^(2/3)-b^(1/3)*(b*coth(d*x+c))^(1/3)+b^(2/3))/(4*b^(4/3)*d)-(sqrt(3)*atan(((2*(b*coth(d*x+c))^(1/3))/b^(1/3)+1)/sqrt(3)))/(2*b^(4/3)*d)+(sqrt(3)*atan((1-(2*(b*coth(d*x+c))^(1/3))/b^(1/3))/sqrt(3)))/(2*b^(4/3)*d)+atanh((b*coth(d*x+c))^(1/3)/b^(1/3))/(b^(4/3)*d)-3/(b*d*(b*coth(d*x+c))^(1/3))
## 6 Hyperbolic functions/6.4 Hyperbolic cotangent/6.4.2 Hyperbolic cotangent functions.mac e22 L39
GRADE C 224 3
ANSWER b^(4/3)*((3*%i*coth(d*x+c)^(2/3)*(-(log((-(%i*coth(d*x+c)))^(2/3)+sqrt(3)*(-(%i*coth(d*x+c)))^(1/3)+1)/(4*sqrt(3)))+log((-(%i*coth(d*x+c)))^(2/3)-sqrt(3)*(-(%i*coth(d*x+c)))^(1/3)+1)/(4*sqrt(3))+atan(2*(-(%i*coth(d*x+c)))^(1/3)+sqrt(3))/6+atan(2*(-(%i*coth(d*x+c)))^(1/3)-sqrt(3))/6+atan((-(%i*coth(d*x+c)))^(1/3))/3))/(d*(-(%i*coth(d*x+c)))^(2/3))-(3*coth(d*x+c)^(5/3))/(5*d))
OPTIMAL1 (b*(b*coth(d*x+c)^2)^(1/3)*log(coth(d*x+c)^(2/3)+coth(d*x+c)^(1/3)+1))/(4*d*coth(d*x+c)^(2/3))-(b*(b*coth(d*x+c)^2)^(1/3)*log(coth(d*x+c)^(2/3)-coth(d*x+c)^(1/3)+1))/(4*d*coth(d*x+c)^(2/3))-(sqrt(3)*b*(b*coth(d*x+c)^2)^(1/3)*atan((2*coth(d*x+c)^(1/3)+1)/sqrt(3)))/(2*d*coth(d*x+c)^(2/3))+(b*(b*coth(d*x+c)^2)^(1/3)*atanh(coth(d*x+c)^(1/3)))/(d*coth(d*x+c)^(2/3))+(sqrt(3)*b*(b*coth(d*x+c)^2)^(1/3)*atan((1-2*coth(d*x+c)^(1/3))/sqrt(3)))/(2*d*coth(d*x+c)^(2/3))-(3*b*coth(d*x+c)*(b*coth(d*x+c)^2)^(1/3))/(5*d)
## 6 Hyperbolic functions/6.4 Hyperbolic cotangent/6.4.2 Hyperbolic cotangent functions.mac e23 L40
GRADE C 222 3
ANSWER b^(2/3)*((3*%i*(-(%i*coth(d*x+c)))^(2/3)*(log((-(%i*coth(d*x+c)))^(2/3)+sqrt(3)*(-(%i*coth(d*x+c)))^(1/3)+1)/(4*sqrt(3))-log((-(%i*coth(d*x+c)))^(2/3)-sqrt(3)*(-(%i*coth(d*x+c)))^(1/3)+1)/(4*sqrt(3))+atan(2*(-(%i*coth(d*x+c)))^(1/3)+sqrt(3))/6+atan(2*(-(%i*coth(d*x+c)))^(1/3)-sqrt(3))/6+atan((-(%i*coth(d*x+c)))^(1/3))/3))/(d*coth(d*x+c)^(2/3))-(3*coth(d*x+c)^(1/3))/d)
OPTIMAL1 ((b*coth(d*x+c)^2)^(2/3)*log(coth(d*x+c)^(2/3)+coth(d*x+c)^(1/3)+1))/(4*d*coth(d*x+c)^(4/3))-((b*coth(d*x+c)^2)^(2/3)*log(coth(d*x+c)^(2/3)-coth(d*x+c)^(1/3)+1))/(4*d*coth(d*x+c)^(4/3))+(sqrt(3)*(b*coth(d*x+c)^2)^(2/3)*atan((2*coth(d*x+c)^(1/3)+1)/sqrt(3)))/(2*d*coth(d*x+c)^(4/3))+((b*coth(d*x+c)^2)^(2/3)*atanh(coth(d*x+c)^(1/3)))/(d*coth(d*x+c)^(4/3))-(sqrt(3)*(b*coth(d*x+c)^2)^(2/3)*atan((1-2*coth(d*x+c)^(1/3))/sqrt(3)))/(2*d*coth(d*x+c)^(4/3))-(3*(b*coth(d*x+c)^2)^(2/3)*tanh(d*x+c))/d
## 6 Hyperbolic functions/6.4 Hyperbolic cotangent/6.4.2 Hyperbolic cotangent functions.mac e26 L43
GRADE C 222 3
ANSWER ((3*%i*coth(d*x+c)^(2/3)*(-(log((-(%i*coth(d*x+c)))^(2/3)+sqrt(3)*(-(%i*coth(d*x+c)))^(1/3)+1)/(4*sqrt(3)))+log((-(%i*coth(d*x+c)))^(2/3)-sqrt(3)*(-(%i*coth(d*x+c)))^(1/3)+1)/(4*sqrt(3))+atan(2*(-(%i*coth(d*x+c)))^(1/3)+sqrt(3))/6+atan(2*(-(%i*coth(d*x+c)))^(1/3)-sqrt(3))/6+atan((-(%i*coth(d*x+c)))^(1/3))/3))/(d*(-(%i*coth(d*x+c)))^(2/3))-3/(d*coth(d*x+c)^(1/3)))/b^(2/3)
OPTIMAL1 (coth(d*x+c)^(4/3)*log(coth(d*x+c)^(2/3)+coth(d*x+c)^(1/3)+1))/(4*d*(b*coth(d*x+c)^2)^(2/3))-(coth(d*x+c)^(4/3)*log(coth(d*x+c)^(2/3)-coth(d*x+c)^(1/3)+1))/(4*d*(b*coth(d*x+c)^2)^(2/3))-(sqrt(3)*coth(d*x+c)^(4/3)*atan((2*coth(d*x+c)^(1/3)+1)/sqrt(3)))/(2*d*(b*coth(d*x+c)^2)^(2/3))+(coth(d*x+c)^(4/3)*atanh(coth(d*x+c)^(1/3)))/(d*(b*coth(d*x+c)^2)^(2/3))+(sqrt(3)*coth(d*x+c)^(4/3)*atan((1-2*coth(d*x+c)^(1/3))/sqrt(3)))/(2*d*(b*coth(d*x+c)^2)^(2/3))-(3*coth(d*x+c))/(d*(b*coth(d*x+c)^2)^(2/3))
## 6 Hyperbolic functions/6.4 Hyperbolic cotangent/6.4.2 Hyperbolic cotangent functions.mac e27 L44
GRADE C 224 3
ANSWER ((3*%i*(-(%i*coth(d*x+c)))^(2/3)*(log((-(%i*coth(d*x+c)))^(2/3)+sqrt(3)*(-(%i*coth(d*x+c)))^(1/3)+1)/(4*sqrt(3))-log((-(%i*coth(d*x+c)))^(2/3)-sqrt(3)*(-(%i*coth(d*x+c)))^(1/3)+1)/(4*sqrt(3))+atan(2*(-(%i*coth(d*x+c)))^(1/3)+sqrt(3))/6+atan(2*(-(%i*coth(d*x+c)))^(1/3)-sqrt(3))/6+atan((-(%i*coth(d*x+c)))^(1/3))/3))/(d*coth(d*x+c)^(2/3))-3/(5*d*coth(d*x+c)^(5/3)))/b^(4/3)
OPTIMAL1 (coth(d*x+c)^(2/3)*log(coth(d*x+c)^(2/3)+coth(d*x+c)^(1/3)+1))/(4*b*d*(b*coth(d*x+c)^2)^(1/3))-(coth(d*x+c)^(2/3)*log(coth(d*x+c)^(2/3)-coth(d*x+c)^(1/3)+1))/(4*b*d*(b*coth(d*x+c)^2)^(1/3))+(sqrt(3)*coth(d*x+c)^(2/3)*atan((2*coth(d*x+c)^(1/3)+1)/sqrt(3)))/(2*b*d*(b*coth(d*x+c)^2)^(1/3))+(coth(d*x+c)^(2/3)*atanh(coth(d*x+c)^(1/3)))/(b*d*(b*coth(d*x+c)^2)^(1/3))-(sqrt(3)*coth(d*x+c)^(2/3)*atan((1-2*coth(d*x+c)^(1/3))/sqrt(3)))/(2*b*d*(b*coth(d*x+c)^2)^(1/3))-(3*tanh(d*x+c))/(5*b*d*(b*coth(d*x+c)^2)^(1/3))
## 6 Hyperbolic functions/6.4 Hyperbolic cotangent/6.4.2 Hyperbolic cotangent functions.mac e29 L48
GRADE C 250 3
ANSWER (b*sqrt(b*coth(d*x+c)^3)*(-((sqrt(coth(d*x+c))*((2*%i*(-(%i*coth(d*x+c)))^(3/2))/(3*d)-(2*%i*((atan(sqrt(2)*sqrt(-(%i*coth(d*x+c)))+1)/sqrt(2)+atan(sqrt(2)*sqrt(-(%i*coth(d*x+c)))-1)/sqrt(2))/2-(log(sqrt(2)*sqrt(-(%i*coth(d*x+c)))-%i*coth(d*x+c)+1)/2^(3/2)-log(-(sqrt(2)*sqrt(-(%i*coth(d*x+c))))-%i*coth(d*x+c)+1)/2^(3/2))/2))/d))/sqrt(-(%i*coth(d*x+c))))-(2*coth(d*x+c)^(7/2))/(7*d)))/coth(d*x+c)^(3/2)
OPTIMAL1 (b*sqrt(b*coth(d*x+c)^3)*atanh(sqrt(coth(d*x+c))))/(d*coth(d*x+c)^(3/2))-(b*sqrt(b*coth(d*x+c)^3)*atan(sqrt(coth(d*x+c))))/(d*coth(d*x+c)^(3/2))-(2*b*coth(d*x+c)^2*sqrt(b*coth(d*x+c)^3))/(7*d)-(2*b*sqrt(b*coth(d*x+c)^3))/(3*d)
## 6 Hyperbolic functions/6.4 Hyperbolic cotangent/6.4.2 Hyperbolic cotangent functions.mac e30 L49
GRADE C 221 3
ANSWER (sqrt(b*coth(d*x+c)^3)*((2*%i*sqrt(-(%i*coth(d*x+c)))*((log(sqrt(2)*sqrt(-(%i*coth(d*x+c)))-%i*coth(d*x+c)+1)/2^(3/2)-log(-(sqrt(2)*sqrt(-(%i*coth(d*x+c))))-%i*coth(d*x+c)+1)/2^(3/2))/2+(atan(sqrt(2)*sqrt(-(%i*coth(d*x+c)))+1)/sqrt(2)+atan(sqrt(2)*sqrt(-(%i*coth(d*x+c)))-1)/sqrt(2))/2))/(d*sqrt(coth(d*x+c)))-(2*sqrt(coth(d*x+c)))/d))/coth(d*x+c)^(3/2)
OPTIMAL1 (sqrt(b*coth(d*x+c)^3)*atanh(sqrt(coth(d*x+c))))/(d*coth(d*x+c)^(3/2))+(sqrt(b*coth(d*x+c)^3)*atan(sqrt(coth(d*x+c))))/(d*coth(d*x+c)^(3/2))-(2*sqrt(b*coth(d*x+c)^3)*tanh(d*x+c))/d
## 6 Hyperbolic functions/6.4 Hyperbolic cotangent/6.4.2 Hyperbolic cotangent functions.mac e31 L50
GRADE C 221 3
ANSWER (coth(d*x+c)^(3/2)*((2*%i*sqrt(coth(d*x+c))*((atan(sqrt(2)*sqrt(-(%i*coth(d*x+c)))+1)/sqrt(2)+atan(sqrt(2)*sqrt(-(%i*coth(d*x+c)))-1)/sqrt(2))/2-(log(sqrt(2)*sqrt(-(%i*coth(d*x+c)))-%i*coth(d*x+c)+1)/2^(3/2)-log(-(sqrt(2)*sqrt(-(%i*coth(d*x+c))))-%i*coth(d*x+c)+1)/2^(3/2))/2))/(d*sqrt(-(%i*coth(d*x+c))))-2/(d*sqrt(coth(d*x+c)))))/sqrt(b*coth(d*x+c)^3)
OPTIMAL1 (coth(d*x+c)^(3/2)*atanh(sqrt(coth(d*x+c))))/(d*sqrt(b*coth(d*x+c)^3))-(coth(d*x+c)^(3/2)*atan(sqrt(coth(d*x+c))))/(d*sqrt(b*coth(d*x+c)^3))-(2*coth(d*x+c))/(d*sqrt(b*coth(d*x+c)^3))
## 6 Hyperbolic functions/6.4 Hyperbolic cotangent/6.4.2 Hyperbolic cotangent functions.mac e32 L51
GRADE C 252 3
ANSWER (coth(d*x+c)^(3/2)*(-((sqrt(-(%i*coth(d*x+c)))*(-((2*%i*((log(sqrt(2)*sqrt(-(%i*coth(d*x+c)))-%i*coth(d*x+c)+1)/2^(3/2)-log(-(sqrt(2)*sqrt(-(%i*coth(d*x+c))))-%i*coth(d*x+c)+1)/2^(3/2))/2+(atan(sqrt(2)*sqrt(-(%i*coth(d*x+c)))+1)/sqrt(2)+atan(sqrt(2)*sqrt(-(%i*coth(d*x+c)))-1)/sqrt(2))/2))/d)-(2*%i)/(3*d*(-(%i*coth(d*x+c)))^(3/2))))/sqrt(coth(d*x+c)))-2/(7*d*coth(d*x+c)^(7/2))))/(b*sqrt(b*coth(d*x+c)^3))
OPTIMAL1 (coth(d*x+c)^(3/2)*atanh(sqrt(coth(d*x+c))))/(b*d*sqrt(b*coth(d*x+c)^3))+(coth(d*x+c)^(3/2)*atan(sqrt(coth(d*x+c))))/(b*d*sqrt(b*coth(d*x+c)^3))-(2*tanh(d*x+c)^2)/(7*b*d*sqrt(b*coth(d*x+c)^3))-2/(3*b*d*sqrt(b*coth(d*x+c)^3))
## 6 Hyperbolic functions/6.4 Hyperbolic cotangent/6.4.2 Hyperbolic cotangent functions.mac e35 L54
GRADE C 20 3
ANSWER (b^(1/3)*log(%i*sinh(d*x+c)))/d
OPTIMAL1 ((b*coth(d*x+c)^3)^(1/3)*tanh(d*x+c)*log(sinh(d*x+c)))/d
## 6 Hyperbolic functions/6.4 Hyperbolic cotangent/6.4.2 Hyperbolic cotangent functions.mac e44 L65
GRADE C 273 3
ANSWER b^(4/3)*(-((%i*coth(d*x+c)^(1/3)*((3*%i*(log((-(%i*coth(d*x+c)))^(2/3)+sqrt(3)*(-(%i*coth(d*x+c)))^(1/3)+1)/(4*sqrt(3))-log((-(%i*coth(d*x+c)))^(2/3)-sqrt(3)*(-(%i*coth(d*x+c)))^(1/3)+1)/(4*sqrt(3))+atan(2*(-(%i*coth(d*x+c)))^(1/3)+sqrt(3))/6+atan(2*(-(%i*coth(d*x+c)))^(1/3)-sqrt(3))/6+atan((-(%i*coth(d*x+c)))^(1/3))/3))/d+(3*%i*(-(%i*coth(d*x+c)))^(7/3))/(7*d)-(3*%i*(-(%i*coth(d*x+c)))^(1/3))/d))/(-(%i*coth(d*x+c)))^(1/3))-(3*coth(d*x+c)^(13/3))/(13*d))
OPTIMAL1 (b*(b*coth(d*x+c)^4)^(1/3)*log(coth(d*x+c)^(2/3)+coth(d*x+c)^(1/3)+1))/(4*d*coth(d*x+c)^(4/3))-(b*(b*coth(d*x+c)^4)^(1/3)*log(coth(d*x+c)^(2/3)-coth(d*x+c)^(1/3)+1))/(4*d*coth(d*x+c)^(4/3))+(sqrt(3)*b*(b*coth(d*x+c)^4)^(1/3)*atan((2*coth(d*x+c)^(1/3)+1)/sqrt(3)))/(2*d*coth(d*x+c)^(4/3))+(b*(b*coth(d*x+c)^4)^(1/3)*atanh(coth(d*x+c)^(1/3)))/(d*coth(d*x+c)^(4/3))-(sqrt(3)*b*(b*coth(d*x+c)^4)^(1/3)*atan((1-2*coth(d*x+c)^(1/3))/sqrt(3)))/(2*d*coth(d*x+c)^(4/3))-(3*b*(b*coth(d*x+c)^4)^(1/3)*tanh(d*x+c))/d-(3*b*coth(d*x+c)^3*(b*coth(d*x+c)^4)^(1/3))/(13*d)-(3*b*coth(d*x+c)*(b*coth(d*x+c)^4)^(1/3))/(7*d)
## 6 Hyperbolic functions/6.4 Hyperbolic cotangent/6.4.2 Hyperbolic cotangent functions.mac e45 L66
GRADE C 224 3
ANSWER b^(2/3)*((3*%i*coth(d*x+c)^(2/3)*(-(log((-(%i*coth(d*x+c)))^(2/3)+sqrt(3)*(-(%i*coth(d*x+c)))^(1/3)+1)/(4*sqrt(3)))+log((-(%i*coth(d*x+c)))^(2/3)-sqrt(3)*(-(%i*coth(d*x+c)))^(1/3)+1)/(4*sqrt(3))+atan(2*(-(%i*coth(d*x+c)))^(1/3)+sqrt(3))/6+atan(2*(-(%i*coth(d*x+c)))^(1/3)-sqrt(3))/6+atan((-(%i*coth(d*x+c)))^(1/3))/3))/(d*(-(%i*coth(d*x+c)))^(2/3))-(3*coth(d*x+c)^(5/3))/(5*d))
OPTIMAL1 ((b*coth(d*x+c)^4)^(2/3)*log(coth(d*x+c)^(2/3)+coth(d*x+c)^(1/3)+1))/(4*d*coth(d*x+c)^(8/3))-((b*coth(d*x+c)^4)^(2/3)*log(coth(d*x+c)^(2/3)-coth(d*x+c)^(1/3)+1))/(4*d*coth(d*x+c)^(8/3))-(sqrt(3)*(b*coth(d*x+c)^4)^(2/3)*atan((2*coth(d*x+c)^(1/3)+1)/sqrt(3)))/(2*d*coth(d*x+c)^(8/3))+((b*coth(d*x+c)^4)^(2/3)*atanh(coth(d*x+c)^(1/3)))/(d*coth(d*x+c)^(8/3))+(sqrt(3)*(b*coth(d*x+c)^4)^(2/3)*atan((1-2*coth(d*x+c)^(1/3))/sqrt(3)))/(2*d*coth(d*x+c)^(8/3))-(3*(b*coth(d*x+c)^4)^(2/3)*tanh(d*x+c))/(5*d)
## 6 Hyperbolic functions/6.4 Hyperbolic cotangent/6.4.2 Hyperbolic cotangent functions.mac e46 L67
GRADE C 222 3
ANSWER b^(1/3)*((3*%i*(-(%i*coth(d*x+c)))^(2/3)*(log((-(%i*coth(d*x+c)))^(2/3)+sqrt(3)*(-(%i*coth(d*x+c)))^(1/3)+1)/(4*sqrt(3))-log((-(%i*coth(d*x+c)))^(2/3)-sqrt(3)*(-(%i*coth(d*x+c)))^(1/3)+1)/(4*sqrt(3))+atan(2*(-(%i*coth(d*x+c)))^(1/3)+sqrt(3))/6+atan(2*(-(%i*coth(d*x+c)))^(1/3)-sqrt(3))/6+atan((-(%i*coth(d*x+c)))^(1/3))/3))/(d*coth(d*x+c)^(2/3))-(3*coth(d*x+c)^(1/3))/d)
OPTIMAL1 ((b*coth(d*x+c)^4)^(1/3)*log(coth(d*x+c)^(2/3)+coth(d*x+c)^(1/3)+1))/(4*d*coth(d*x+c)^(4/3))-((b*coth(d*x+c)^4)^(1/3)*log(coth(d*x+c)^(2/3)-coth(d*x+c)^(1/3)+1))/(4*d*coth(d*x+c)^(4/3))+(sqrt(3)*(b*coth(d*x+c)^4)^(1/3)*atan((2*coth(d*x+c)^(1/3)+1)/sqrt(3)))/(2*d*coth(d*x+c)^(4/3))+((b*coth(d*x+c)^4)^(1/3)*atanh(coth(d*x+c)^(1/3)))/(d*coth(d*x+c)^(4/3))-(sqrt(3)*(b*coth(d*x+c)^4)^(1/3)*atan((1-2*coth(d*x+c)^(1/3))/sqrt(3)))/(2*d*coth(d*x+c)^(4/3))-(3*(b*coth(d*x+c)^4)^(1/3)*tanh(d*x+c))/d
## 6 Hyperbolic functions/6.4 Hyperbolic cotangent/6.4.2 Hyperbolic cotangent functions.mac e47 L68
GRADE C 222 3
ANSWER ((3*%i*coth(d*x+c)^(2/3)*(-(log((-(%i*coth(d*x+c)))^(2/3)+sqrt(3)*(-(%i*coth(d*x+c)))^(1/3)+1)/(4*sqrt(3)))+log((-(%i*coth(d*x+c)))^(2/3)-sqrt(3)*(-(%i*coth(d*x+c)))^(1/3)+1)/(4*sqrt(3))+atan(2*(-(%i*coth(d*x+c)))^(1/3)+sqrt(3))/6+atan(2*(-(%i*coth(d*x+c)))^(1/3)-sqrt(3))/6+atan((-(%i*coth(d*x+c)))^(1/3))/3))/(d*(-(%i*coth(d*x+c)))^(2/3))-3/(d*coth(d*x+c)^(1/3)))/b^(1/3)
OPTIMAL1 (coth(d*x+c)^(4/3)*log(coth(d*x+c)^(2/3)+coth(d*x+c)^(1/3)+1))/(4*d*(b*coth(d*x+c)^4)^(1/3))-(coth(d*x+c)^(4/3)*log(coth(d*x+c)^(2/3)-coth(d*x+c)^(1/3)+1))/(4*d*(b*coth(d*x+c)^4)^(1/3))-(sqrt(3)*coth(d*x+c)^(4/3)*atan((2*coth(d*x+c)^(1/3)+1)/sqrt(3)))/(2*d*(b*coth(d*x+c)^4)^(1/3))+(coth(d*x+c)^(4/3)*atanh(coth(d*x+c)^(1/3)))/(d*(b*coth(d*x+c)^4)^(1/3))+(sqrt(3)*coth(d*x+c)^(4/3)*atan((1-2*coth(d*x+c)^(1/3))/sqrt(3)))/(2*d*(b*coth(d*x+c)^4)^(1/3))-(3*coth(d*x+c))/(d*(b*coth(d*x+c)^4)^(1/3))
## 6 Hyperbolic functions/6.4 Hyperbolic cotangent/6.4.2 Hyperbolic cotangent functions.mac e48 L69
GRADE C 224 3
ANSWER ((3*%i*(-(%i*coth(d*x+c)))^(2/3)*(log((-(%i*coth(d*x+c)))^(2/3)+sqrt(3)*(-(%i*coth(d*x+c)))^(1/3)+1)/(4*sqrt(3))-log((-(%i*coth(d*x+c)))^(2/3)-sqrt(3)*(-(%i*coth(d*x+c)))^(1/3)+1)/(4*sqrt(3))+atan(2*(-(%i*coth(d*x+c)))^(1/3)+sqrt(3))/6+atan(2*(-(%i*coth(d*x+c)))^(1/3)-sqrt(3))/6+atan((-(%i*coth(d*x+c)))^(1/3))/3))/(d*coth(d*x+c)^(2/3))-3/(5*d*coth(d*x+c)^(5/3)))/b^(2/3)
OPTIMAL1 (coth(d*x+c)^(8/3)*log(coth(d*x+c)^(2/3)+coth(d*x+c)^(1/3)+1))/(4*d*(b*coth(d*x+c)^4)^(2/3))-(coth(d*x+c)^(8/3)*log(coth(d*x+c)^(2/3)-coth(d*x+c)^(1/3)+1))/(4*d*(b*coth(d*x+c)^4)^(2/3))+(sqrt(3)*coth(d*x+c)^(8/3)*atan((2*coth(d*x+c)^(1/3)+1)/sqrt(3)))/(2*d*(b*coth(d*x+c)^4)^(2/3))+(coth(d*x+c)^(8/3)*atanh(coth(d*x+c)^(1/3)))/(d*(b*coth(d*x+c)^4)^(2/3))-(sqrt(3)*coth(d*x+c)^(8/3)*atan((1-2*coth(d*x+c)^(1/3))/sqrt(3)))/(2*d*(b*coth(d*x+c)^4)^(2/3))-(3*coth(d*x+c))/(5*d*(b*coth(d*x+c)^4)^(2/3))
## 6 Hyperbolic functions/6.4 Hyperbolic cotangent/6.4.2 Hyperbolic cotangent functions.mac e49 L70
GRADE C 273 3
ANSWER ((%i*(-(%i*coth(d*x+c)))^(1/3)*((3*%i*(-(log((-(%i*coth(d*x+c)))^(2/3)+sqrt(3)*(-(%i*coth(d*x+c)))^(1/3)+1)/(4*sqrt(3)))+log((-(%i*coth(d*x+c)))^(2/3)-sqrt(3)*(-(%i*coth(d*x+c)))^(1/3)+1)/(4*sqrt(3))+atan(2*(-(%i*coth(d*x+c)))^(1/3)+sqrt(3))/6+atan(2*(-(%i*coth(d*x+c)))^(1/3)-sqrt(3))/6+atan((-(%i*coth(d*x+c)))^(1/3))/3))/d+(3*%i)/(d*(-(%i*coth(d*x+c)))^(1/3))-(3*%i)/(7*d*(-(%i*coth(d*x+c)))^(7/3))))/coth(d*x+c)^(1/3)-3/(13*d*coth(d*x+c)^(13/3)))/b^(4/3)
OPTIMAL1 (coth(d*x+c)^(4/3)*log(coth(d*x+c)^(2/3)+coth(d*x+c)^(1/3)+1))/(4*b*d*(b*coth(d*x+c)^4)^(1/3))-(coth(d*x+c)^(4/3)*log(coth(d*x+c)^(2/3)-coth(d*x+c)^(1/3)+1))/(4*b*d*(b*coth(d*x+c)^4)^(1/3))-(sqrt(3)*coth(d*x+c)^(4/3)*atan((2*coth(d*x+c)^(1/3)+1)/sqrt(3)))/(2*b*d*(b*coth(d*x+c)^4)^(1/3))+(coth(d*x+c)^(4/3)*atanh(coth(d*x+c)^(1/3)))/(b*d*(b*coth(d*x+c)^4)^(1/3))+(sqrt(3)*coth(d*x+c)^(4/3)*atan((1-2*coth(d*x+c)^(1/3))/sqrt(3)))/(2*b*d*(b*coth(d*x+c)^4)^(1/3))-(3*tanh(d*x+c)^3)/(13*b*d*(b*coth(d*x+c)^4)^(1/3))-(3*tanh(d*x+c))/(7*b*d*(b*coth(d*x+c)^4)^(1/3))-(3*coth(d*x+c))/(b*d*(b*coth(d*x+c)^4)^(1/3))
## 6 Hyperbolic functions/6.4 Hyperbolic cotangent/6.4.2 Hyperbolic cotangent functions.mac e77 L108
GRADE C 182 3
ANSWER -(((-(b*(b^4+6*a^2*b^2+a^4))-a*(4*a*b^3+4*a^3*b))*log(%i*sinh(d*x+c)))/d)-(b*(b*coth(d*x+c)+a)^4)/(4*d)-(2*a*b*(b*coth(d*x+c)+a)^3)/(3*d)-((b^3+3*a^2*b)*(b*coth(d*x+c)+a)^2)/(2*d)-(b*(4*a*b^3+4*a^3*b)*coth(d*x+c))/d+(a*(b^4+6*a^2*b^2+a^4)+b*(4*a*b^3+4*a^3*b))*x
OPTIMAL1 (b*(b^4+10*a^2*b^2+5*a^4)*log(sinh(d*x+c)))/d-(b*(b*coth(d*x+c)+a)^4)/(4*d)-(2*a*b*(b*coth(d*x+c)+a)^3)/(3*d)-(b*(b^2+3*a^2)*(b*coth(d*x+c)+a)^2)/(2*d)-(4*a*b^2*(b^2+a^2)*coth(d*x+c))/d+a*(5*b^4+10*a^2*b^2+a^4)*x
## 6 Hyperbolic functions/6.4 Hyperbolic cotangent/6.4.2 Hyperbolic cotangent functions.mac e78 L109
GRADE C 132 3
ANSWER -(((-(a*(b^3+3*a^2*b))-b*(3*a*b^2+a^3))*log(%i*sinh(d*x+c)))/d)-(b*(b*coth(d*x+c)+a)^3)/(3*d)-(a*b*(b*coth(d*x+c)+a)^2)/d-(b*(b^3+3*a^2*b)*coth(d*x+c))/d+(b*(b^3+3*a^2*b)+a*(3*a*b^2+a^3))*x
OPTIMAL1 (4*a*b*(b^2+a^2)*log(sinh(d*x+c)))/d-(b*(b*coth(d*x+c)+a)^3)/(3*d)-(a*b*(b*coth(d*x+c)+a)^2)/d-(b^2*(b^2+3*a^2)*coth(d*x+c))/d+(b^4+6*a^2*b^2+a^4)*x
## 6 Hyperbolic functions/6.4 Hyperbolic cotangent/6.4.2 Hyperbolic cotangent functions.mac e79 L110
GRADE C 87 3
ANSWER -(((-(b*(b^2+a^2))-2*a^2*b)*log(%i*sinh(d*x+c)))/d)-(b*(b*coth(d*x+c)+a)^2)/(2*d)-(2*a*b^2*coth(d*x+c))/d+(a*(b^2+a^2)+2*a*b^2)*x
OPTIMAL1 (b*(b^2+3*a^2)*log(sinh(d*x+c)))/d-(b*(b*coth(d*x+c)+a)^2)/(2*d)-(2*a*b^2*coth(d*x+c))/d+a*(3*b^2+a^2)*x
## 6 Hyperbolic functions/6.4 Hyperbolic cotangent/6.4.2 Hyperbolic cotangent functions.mac e80 L111
GRADE C 42 3
ANSWER (2*a*b*log(%i*sinh(d*x+c)))/d-(b^2*coth(d*x+c))/d+(b^2+a^2)*x
OPTIMAL1 (2*a*b*log(sinh(d*x+c)))/d-(b^2*coth(d*x+c))/d+(b^2+a^2)*x
## 6 Hyperbolic functions/6.4 Hyperbolic cotangent/6.4.2 Hyperbolic cotangent functions.mac e85 L116
GRADE C 59 3
ANSWER (3*%i*(-(5*%i*(log(%i*(6*sinh(d*x+c)+9*cosh(d*x+c)))/(5*d)-(2*x)/15))-(2*%i*x)/3))/10-x/5
OPTIMAL1 (3*log(2*sinh(d*x+c)+3*cosh(d*x+c)))/(10*d)-x/5
## 6 Hyperbolic functions/6.4 Hyperbolic cotangent/6.4.2 Hyperbolic cotangent functions.mac e86 L117
GRADE C 59 3
ANSWER -((3*%i*((2*%i*x)/3-5*%i*(log(%i*(9*cosh(d*x+c)-6*sinh(d*x+c)))/(5*d)+(2*x)/15)))/10)-x/5
OPTIMAL1 -((3*log(3*cosh(d*x+c)-2*sinh(d*x+c)))/(10*d))-x/5
## 6 Hyperbolic functions/6.4 Hyperbolic cotangent/6.4.2 Hyperbolic cotangent functions.mac e151 L208
GRADE C 23 3
ANSWER log(%i*sinh(b*log(c*x^n)+a))/(b*n)
OPTIMAL1 log(sinh(b*log(c*x^n)+a))/(b*n)
## 6 Hyperbolic functions/6.4 Hyperbolic cotangent/6.4.2 Hyperbolic cotangent functions.mac e153 L210
GRADE C 53 3
ANSWER (%i*((%i*coth(b*log(c*x^n)+a)^2)/(2*b)-(%i*log(%i*sinh(b*log(c*x^n)+a)))/b))/n
OPTIMAL1 log(sinh(b*log(c*x^n)+a))/(b*n)-coth(b*log(c*x^n)+a)^2/(2*b*n)
## 6 Hyperbolic functions/6.4 Hyperbolic cotangent/6.4.2 Hyperbolic cotangent functions.mac e155 L212
GRADE C 75 3
ANSWER -((%i*((%i*log(%i*sinh(b*log(c*x^n)+a)))/b-(%i*coth(b*log(c*x^n)+a)^4)/(4*b)-(%i*coth(b*log(c*x^n)+a)^2)/(2*b)))/n)
OPTIMAL1 log(sinh(b*log(c*x^n)+a))/(b*n)-coth(b*log(c*x^n)+a)^4/(4*b*n)-coth(b*log(c*x^n)+a)^2/(2*b*n)
## 6 Hyperbolic functions/6.4 Hyperbolic cotangent/6.4.2 Hyperbolic cotangent functions.mac e156 L215
GRADE C 247 3
ANSWER ((2*%i*sqrt(coth(b*log(c*x^n)+a))*((atan(sqrt(2)*sqrt(-(%i*coth(b*log(c*x^n)+a)))+1)/sqrt(2)+atan(sqrt(2)*sqrt(-(%i*coth(b*log(c*x^n)+a)))-1)/sqrt(2))/2-(log(sqrt(2)*sqrt(-(%i*coth(b*log(c*x^n)+a)))-%i*coth(b*log(c*x^n)+a)+1)/2^(3/2)-log(-(sqrt(2)*sqrt(-(%i*coth(b*log(c*x^n)+a))))-%i*coth(b*log(c*x^n)+a)+1)/2^(3/2))/2))/(b*sqrt(-(%i*coth(b*log(c*x^n)+a))))-(2*coth(b*log(c*x^n)+a)^(3/2))/(3*b))/n
OPTIMAL1 atanh(sqrt(coth(b*log(c*x^n)+a)))/(b*n)-atan(sqrt(coth(b*log(c*x^n)+a)))/(b*n)-(2*coth(b*log(c*x^n)+a)^(3/2))/(3*b*n)
## 6 Hyperbolic functions/6.4 Hyperbolic cotangent/6.4.2 Hyperbolic cotangent functions.mac e157 L216
GRADE C 245 3
ANSWER ((2*%i*sqrt(-(%i*coth(b*log(c*x^n)+a)))*((log(sqrt(2)*sqrt(-(%i*coth(b*log(c*x^n)+a)))-%i*coth(b*log(c*x^n)+a)+1)/2^(3/2)-log(-(sqrt(2)*sqrt(-(%i*coth(b*log(c*x^n)+a))))-%i*coth(b*log(c*x^n)+a)+1)/2^(3/2))/2+(atan(sqrt(2)*sqrt(-(%i*coth(b*log(c*x^n)+a)))+1)/sqrt(2)+atan(sqrt(2)*sqrt(-(%i*coth(b*log(c*x^n)+a)))-1)/sqrt(2))/2))/(b*sqrt(coth(b*log(c*x^n)+a)))-(2*sqrt(coth(b*log(c*x^n)+a)))/b)/n
OPTIMAL1 atanh(sqrt(coth(b*log(c*x^n)+a)))/(b*n)+atan(sqrt(coth(b*log(c*x^n)+a)))/(b*n)-(2*sqrt(coth(b*log(c*x^n)+a)))/(b*n)
## 6 Hyperbolic functions/6.4 Hyperbolic cotangent/6.4.2 Hyperbolic cotangent functions.mac e160 L219
GRADE C 245 3
ANSWER ((2*%i*sqrt(coth(b*log(c*x^n)+a))*((atan(sqrt(2)*sqrt(-(%i*coth(b*log(c*x^n)+a)))+1)/sqrt(2)+atan(sqrt(2)*sqrt(-(%i*coth(b*log(c*x^n)+a)))-1)/sqrt(2))/2-(log(sqrt(2)*sqrt(-(%i*coth(b*log(c*x^n)+a)))-%i*coth(b*log(c*x^n)+a)+1)/2^(3/2)-log(-(sqrt(2)*sqrt(-(%i*coth(b*log(c*x^n)+a))))-%i*coth(b*log(c*x^n)+a)+1)/2^(3/2))/2))/(b*sqrt(-(%i*coth(b*log(c*x^n)+a))))-2/(b*sqrt(coth(b*log(c*x^n)+a))))/n
OPTIMAL1 atanh(sqrt(coth(b*log(c*x^n)+a)))/(b*n)-atan(sqrt(coth(b*log(c*x^n)+a)))/(b*n)-2/(b*n*sqrt(coth(b*log(c*x^n)+a)))
## 6 Hyperbolic functions/6.4 Hyperbolic cotangent/6.4.2 Hyperbolic cotangent functions.mac e161 L220
GRADE C 247 3
ANSWER ((2*%i*sqrt(-(%i*coth(b*log(c*x^n)+a)))*((log(sqrt(2)*sqrt(-(%i*coth(b*log(c*x^n)+a)))-%i*coth(b*log(c*x^n)+a)+1)/2^(3/2)-log(-(sqrt(2)*sqrt(-(%i*coth(b*log(c*x^n)+a))))-%i*coth(b*log(c*x^n)+a)+1)/2^(3/2))/2+(atan(sqrt(2)*sqrt(-(%i*coth(b*log(c*x^n)+a)))+1)/sqrt(2)+atan(sqrt(2)*sqrt(-(%i*coth(b*log(c*x^n)+a)))-1)/sqrt(2))/2))/(b*sqrt(coth(b*log(c*x^n)+a)))-2/(3*b*coth(b*log(c*x^n)+a)^(3/2)))/n
OPTIMAL1 atanh(sqrt(coth(b*log(c*x^n)+a)))/(b*n)+atan(sqrt(coth(b*log(c*x^n)+a)))/(b*n)-2/(3*b*n*coth(b*log(c*x^n)+a)^(3/2))
## 6 Hyperbolic functions/6.4 Hyperbolic cotangent/6.4.7 (d hyper)^m (a+b (c coth)^n)^p.mac e5 L22
GRADE C 138 3
ANSWER ((sqrt(a)*x)/(b+a)-(%i*sqrt(b)*log(sqrt(b)*cosh(d*x+c)-%i*sqrt(a)*sinh(d*x+c)))/((b+a)*d))/(2*sqrt(a))-(-((%i*sqrt(b)*log(%i*sqrt(a)*sinh(d*x+c)+sqrt(b)*cosh(d*x+c)))/((b+a)*d))-(sqrt(a)*x)/(b+a))/(2*sqrt(a))
OPTIMAL1 x/(b+a)-(sqrt(b)*atan((sqrt(a)*tanh(d*x+c))/sqrt(b)))/(sqrt(a)*(b+a)*d)
## 6 Hyperbolic functions/6.4 Hyperbolic cotangent/6.4.7 (d hyper)^m (a+b (c coth)^n)^p.mac e9 L26
GRADE C 64 3
ANSWER (sqrt(2)*log(%i*(sinh(x)+sqrt(2)*cosh(x)))-x)/2+(-(sqrt(2)*log(%i*(sqrt(2)*cosh(x)-sinh(x))))-x)/2
OPTIMAL1 sqrt(2)*atanh(tanh(x)/sqrt(2))-x
## 6 Hyperbolic functions/6.4 Hyperbolic cotangent/6.4.7 (d hyper)^m (a+b (c coth)^n)^p.mac e50 L81
GRADE C 195 3
ANSWER ((sqrt(3)*%i-1)*(((sqrt(3)*%i-1)*x)/((sqrt(3)*%i-1)^2-4)-(2*log(%i*(sqrt(3)*%i-1)*sinh(x)+2*%i*cosh(x)))/((sqrt(3)*%i-1)^2-4))-(sqrt(3)*%i+1)*(((-(sqrt(3)*%i)-1)*x)/((-(sqrt(3)*%i)-1)^2-4)-(2*log(%i*(-(sqrt(3)*%i)-1)*sinh(x)+2*%i*cosh(x)))/((-(sqrt(3)*%i)-1)^2-4))-1/(2*(coth(x)+1))+x/2)/3
OPTIMAL1 -((2*atan((1-2*coth(x))/sqrt(3)))/3^(3/2))-1/(6*(coth(x)+1))+x/2
## 6 Hyperbolic functions/6.5 Hyperbolic secant/6.5.3 Hyperbolic secant functions.mac e147 L202
GRADE C 1301 4
ANSWER -((-((-((2*sqrt(b+a)*(-b^3-5*a*b^2-2*a^2*b+8*a^3)*sqrt((b*(1-sech(d*x+c)))/(b+a))*sqrt(-((b*(sech(d*x+c)+1))/(a-b)))*elliptic_f(asin(sqrt(b*sech(d*x+c)+a)/sqrt(b+a)),(b+a)/(a-b)))/(b*d*tanh(d*x+c)))-(2*(b-a)*sqrt(b+a)*(5*a*b^2-8*a^3)*sqrt((b*(1-sech(d*x+c)))/(b+a))*sqrt(-((b*(sech(d*x+c)+1))/(a-b)))*elliptic_e(asin(sqrt(b*sech(d*x+c)+a)/sqrt(b+a)),(b+a)/(a-b)))/(b^2*d*tanh(d*x+c)))/(3*b))-(2*(4*a^2-b^2)*sqrt(b*sech(d*x+c)+a)*tanh(d*x+c))/(3*b*d))/(b*(a^2-b^2)))-(-((2*sqrt(b+a)*(a*b-b^2)*sqrt((b*(1-sech(d*x+c)))/(b+a))*sqrt(-((b*(sech(d*x+c)+1))/(a-b)))*elliptic_f(asin(sqrt(b*sech(d*x+c)+a)/sqrt(b+a)),(b+a)/(a-b)))/(b*d*tanh(d*x+c)))-(2*(b-a)*sqrt(b+a)*sqrt((b*(1-sech(d*x+c)))/(b+a))*sqrt(-((b*(sech(d*x+c)+1))/(a-b)))*elliptic_e(asin(sqrt(b*sech(d*x+c)+a)/sqrt(b+a)),(b+a)/(a-b)))/(d*tanh(d*x+c))+(2*sqrt(b+a)*(b^2-a^2)*elliptic_pi((b+a)/a,asin(sqrt(b*sech(d*x+c)+a)/sqrt(b+a)),(b+a)/(a-b))*sqrt((b*(1-sech(d*x+c)))/(b+a))*sqrt(-((b*(sech(d*x+c)+1))/(a-b))))/(a*d*tanh(d*x+c)))/(a*(a^2-b^2))-2*((2*a*tanh(d*x+c))/((a^2-b^2)*d*sqrt(b*sech(d*x+c)+a))-(2*%i*sqrt(-((b-a)*tanh((d*x+c)/2)^2)+b+a)*(((sqrt(b+a)*(2*b^2-2*a*b)*sqrt(tanh((d*x+c)/2)^2+1)*sqrt(1-((b-a)*tanh((d*x+c)/2)^2)/(b+a))*elliptic_f(%i*asinh((sqrt(a-b)*tanh((d*x+c)/2))/sqrt(b+a)),-((b+a)/(b-a))))/(sqrt(a-b)*sqrt(-tanh((d*x+c)/2)^2-1)*sqrt(-((b-a)*tanh((d*x+c)/2)^2)+b+a))+(sqrt(b+a)*(2*a^2-2*a*b)*sqrt(-tanh((d*x+c)/2)^2-1)*sqrt(1-((b-a)*tanh((d*x+c)/2)^2)/(b+a))*elliptic_e(%i*asinh((sqrt(a-b)*tanh((d*x+c)/2))/sqrt(b+a)),-((b+a)/(b-a))))/(sqrt(a-b)*sqrt(tanh((d*x+c)/2)^2+1)*sqrt(-((b-a)*tanh((d*x+c)/2)^2)+b+a)))/(2*b)+(%i*a*tanh((d*x+c)/2)*sqrt(-((b-a)*tanh((d*x+c)/2)^2)+b+a))/(b*sqrt(-tanh((d*x+c)/2)^2-1))))/((a^2-b^2)*d*sqrt(-tanh((d*x+c)/2)^2-1)*sqrt(-((-((b-a)*tanh((d*x+c)/2)^2)+b+a)/(-tanh((d*x+c)/2)^2-1)))))-(2*a^2*sech(d*x+c)*tanh(d*x+c))/(b*(a^2-b^2)*d*sqrt(b*sech(d*x+c)+a))+(2*b^2*tanh(d*x+c))/(a*(a^2-b^2)*d*sqrt(b*sech(d*x+c)+a))
OPTIMAL1 (4*coth(d*x+c)*sqrt((b*(1-sech(d*x+c)))/(b+a))*sqrt(-((b*(sech(d*x+c)+1))/(a-b)))*elliptic_f(asin(sqrt(b*sech(d*x+c)+a)/sqrt(b+a)),(b+a)/(a-b)))/(b*sqrt(b+a)*d)+(2*coth(d*x+c)*sqrt((b*(1-sech(d*x+c)))/(b+a))*sqrt(-((b*(sech(d*x+c)+1))/(a-b)))*elliptic_f(asin(sqrt(b*sech(d*x+c)+a)/sqrt(b+a)),(b+a)/(a-b)))/(a*sqrt(b+a)*d)-(2*(b+2*a)*(b+4*a)*coth(d*x+c)*sqrt((b*(1-sech(d*x+c)))/(b+a))*sqrt(-((b*(sech(d*x+c)+1))/(a-b)))*elliptic_f(asin(sqrt(b*sech(d*x+c)+a)/sqrt(b+a)),(b+a)/(a-b)))/(3*b^3*sqrt(b+a)*d)+(4*a*coth(d*x+c)*sqrt((b*(1-sech(d*x+c)))/(b+a))*sqrt(-((b*(sech(d*x+c)+1))/(a-b)))*elliptic_e(asin(sqrt(b*sech(d*x+c)+a)/sqrt(b+a)),(b+a)/(a-b)))/(b^2*sqrt(b+a)*d)-(2*coth(d*x+c)*sqrt((b*(1-sech(d*x+c)))/(b+a))*sqrt(-((b*(sech(d*x+c)+1))/(a-b)))*elliptic_e(asin(sqrt(b*sech(d*x+c)+a)/sqrt(b+a)),(b+a)/(a-b)))/(a*sqrt(b+a)*d)-(2*a*(8*a^2-5*b^2)*coth(d*x+c)*sqrt((b*(1-sech(d*x+c)))/(b+a))*sqrt(-((b*(sech(d*x+c)+1))/(a-b)))*elliptic_e(asin(sqrt(b*sech(d*x+c)+a)/sqrt(b+a)),(b+a)/(a-b)))/(3*b^4*sqrt(b+a)*d)+(2*(4*a^2-b^2)*sqrt(b*sech(d*x+c)+a)*tanh(d*x+c))/(3*b^2*(a^2-b^2)*d)-(2*a^2*sech(d*x+c)*tanh(d*x+c))/(b*(a^2-b^2)*d*sqrt(b*sech(d*x+c)+a))+(2*b^2*tanh(d*x+c))/(a*(a^2-b^2)*d*sqrt(b*sech(d*x+c)+a))-(4*a*tanh(d*x+c))/((a^2-b^2)*d*sqrt(b*sech(d*x+c)+a))+(2*sqrt(b+a)*elliptic_pi((b+a)/a,asin(sqrt(b*sech(d*x+c)+a)/sqrt(b+a)),(b+a)/(a-b))*coth(d*x+c)*sqrt((b*(1-sech(d*x+c)))/(b+a))*sqrt(-((b*(sech(d*x+c)+1))/(a-b))))/(a^2*d)
## 6 Hyperbolic functions/6.5 Hyperbolic secant/6.5.3 Hyperbolic secant functions.mac e150 L205
GRADE C 1003 4
ANSWER -((-((2*sqrt(b+a)*(a*b-b^2)*sqrt((b*(1-sech(d*x+c)))/(b+a))*sqrt(-((b*(sech(d*x+c)+1))/(a-b)))*elliptic_f(asin(sqrt(b*sech(d*x+c)+a)/sqrt(b+a)),(b+a)/(a-b)))/(b*d*tanh(d*x+c)))-(2*(b-a)*sqrt(b+a)*sqrt((b*(1-sech(d*x+c)))/(b+a))*sqrt(-((b*(sech(d*x+c)+1))/(a-b)))*elliptic_e(asin(sqrt(b*sech(d*x+c)+a)/sqrt(b+a)),(b+a)/(a-b)))/(d*tanh(d*x+c))+(2*sqrt(b+a)*(b^2-a^2)*elliptic_pi((b+a)/a,asin(sqrt(b*sech(d*x+c)+a)/sqrt(b+a)),(b+a)/(a-b))*sqrt((b*(1-sech(d*x+c)))/(b+a))*sqrt(-((b*(sech(d*x+c)+1))/(a-b))))/(a*d*tanh(d*x+c)))/(a*(a^2-b^2)))-(3*b*((2*b*tanh(d*x+c))/(3*(a^2-b^2)*d*(b*sech(d*x+c)+a)^(3/2))-(2*%i*(-((b-a)*tanh((d*x+c)/2)^2)+b+a)^(3/2)*(((sqrt(b+a)*(2*b^2-6*a*b)*sqrt(tanh((d*x+c)/2)^2+1)*sqrt(1-((b-a)*tanh((d*x+c)/2)^2)/(b+a))*elliptic_f(%i*asinh((sqrt(a-b)*tanh((d*x+c)/2))/sqrt(b+a)),-((b+a)/(b-a))))/(sqrt(a-b)*sqrt(-tanh((d*x+c)/2)^2-1)*sqrt(-((b-a)*tanh((d*x+c)/2)^2)+b+a))-(8*a*b*sqrt(b+a)*sqrt(-tanh((d*x+c)/2)^2-1)*sqrt(1-((b-a)*tanh((d*x+c)/2)^2)/(b+a))*elliptic_e(%i*asinh((sqrt(a-b)*tanh((d*x+c)/2))/sqrt(b+a)),-((b+a)/(b-a))))/(sqrt(a-b)*sqrt(tanh((d*x+c)/2)^2+1)*sqrt(-((b-a)*tanh((d*x+c)/2)^2)+b+a)))/(2*b*(b+a))+(%i*((b+a)*(b+3*a)-(b-3*a)*(b-a))*tanh((d*x+c)/2)*sqrt(-tanh((d*x+c)/2)^2-1))/(2*b*(b+a)*sqrt(-((b-a)*tanh((d*x+c)/2)^2)+b+a))))/(3*(a^2-b^2)*d*(-tanh((d*x+c)/2)^2-1)^(3/2)*(-((-((b-a)*tanh((d*x+c)/2)^2)+b+a)/(-tanh((d*x+c)/2)^2-1)))^(3/2))))/2+(2*b^2*tanh(d*x+c))/(a*(a^2-b^2)*d*sqrt(b*sech(d*x+c)+a))-coth(d*x+c)/(d*(b*sech(d*x+c)+a)^(3/2))
OPTIMAL1 (2*coth(d*x+c)*sqrt((b*(1-sech(d*x+c)))/(b+a))*sqrt(-((b*(sech(d*x+c)+1))/(a-b)))*elliptic_f(asin(sqrt(b*sech(d*x+c)+a)/sqrt(b+a)),(b+a)/(a-b)))/(a*sqrt(b+a)*d)+((b-3*a)*coth(d*x+c)*sqrt((b*(1-sech(d*x+c)))/(b+a))*sqrt(-((b*(sech(d*x+c)+1))/(a-b)))*elliptic_f(asin(sqrt(b*sech(d*x+c)+a)/sqrt(b+a)),(b+a)/(a-b)))/((a-b)*(b+a)^(3/2)*d)-(2*coth(d*x+c)*sqrt((b*(1-sech(d*x+c)))/(b+a))*sqrt(-((b*(sech(d*x+c)+1))/(a-b)))*elliptic_e(asin(sqrt(b*sech(d*x+c)+a)/sqrt(b+a)),(b+a)/(a-b)))/(a*sqrt(b+a)*d)+(4*a*coth(d*x+c)*sqrt((b*(1-sech(d*x+c)))/(b+a))*sqrt(-((b*(sech(d*x+c)+1))/(a-b)))*elliptic_e(asin(sqrt(b*sech(d*x+c)+a)/sqrt(b+a)),(b+a)/(a-b)))/((a-b)*(b+a)^(3/2)*d)+(2*b^2*tanh(d*x+c))/(a*(a^2-b^2)*d*sqrt(b*sech(d*x+c)+a))-(4*a*b^2*tanh(d*x+c))/((a^2-b^2)^2*d*sqrt(b*sech(d*x+c)+a))-(b^2*tanh(d*x+c))/((a^2-b^2)*d*(b*sech(d*x+c)+a)^(3/2))-coth(d*x+c)/(d*(b*sech(d*x+c)+a)^(3/2))+(2*sqrt(b+a)*elliptic_pi((b+a)/a,asin(sqrt(b*sech(d*x+c)+a)/sqrt(b+a)),(b+a)/(a-b))*coth(d*x+c)*sqrt((b*(1-sech(d*x+c)))/(b+a))*sqrt(-((b*(sech(d*x+c)+1))/(a-b))))/(a^2*d)
## 6 Hyperbolic functions/6.5 Hyperbolic secant/6.5.3 Hyperbolic secant functions.mac e154 L213
GRADE C 33 5
ANSWER (%e^(2*c*(b*x+a))*hypergeometric([1,1],[2],-%e^(2*c*(b*x+a))))/(b*c)
OPTIMAL1 (log(%e^(2*c*(b*x+a))+1)*cosh(b*c*x+a*c)*sech(b*c*x+a*c))/(b*c)
## 6 Hyperbolic functions/6.5 Hyperbolic secant/6.5.3 Hyperbolic secant functions.mac e186 L251
GRADE C 156 5
ANSWER (16*%e^(3*a)*hypergeometric([3,(1/n+3*b)/(2*b)],[(1/n+3*b)/(2*b)+1],-(%e^(2*a)*(c*x^n)^(2*b)))*b^2*n*x*(c*x^n)^(3*b))/(1/n+3*b)+(2*%e^a*hypergeometric([1,(1/n+b)/(2*b)],[(1/n+b)/(2*b)+1],-(%e^(2*a)*(c*x^n)^(2*b)))*(1-b^2*n^2)*x*(c*x^n)^b)/((1/n+b)*n)
OPTIMAL1 b*n*x*sech(b*log(c*x^n)+a)*tanh(b*log(c*x^n)+a)+x*sech(b*log(c*x^n)+a)
## 6 Hyperbolic functions/6.5 Hyperbolic secant/6.5.7 (d hyper)^m (a+b (c sech)^n)^p.mac e78 L93
GRADE C 288 3
ANSWER x/b-(a*((x/sqrt(a)-(2*sqrt((%i*sqrt(a))/sqrt(b)-1)*atan((sqrt((%i*sqrt(a))/sqrt(b)+1)*tanh((d*x+c)/2))/sqrt((%i*sqrt(a))/sqrt(b)-1)))/(sqrt(a)*(1-(%i*sqrt(a))/sqrt(b))*sqrt((%i*sqrt(a))/sqrt(b)+1)*d))/(2*sqrt(a))-((2*sqrt(-((%i*sqrt(a))/sqrt(b))-1)*atan((sqrt(1-(%i*sqrt(a))/sqrt(b))*tanh((d*x+c)/2))/sqrt(-((%i*sqrt(a))/sqrt(b))-1)))/(sqrt(a)*sqrt(1-(%i*sqrt(a))/sqrt(b))*((%i*sqrt(a))/sqrt(b)+1)*d)-x/sqrt(a))/(2*sqrt(a))))/b
OPTIMAL1 atanh((sqrt(b)*tanh(d*x+c))/sqrt(b+a))/(sqrt(b)*sqrt(b+a)*d)
## 6 Hyperbolic functions/6.5 Hyperbolic secant/6.5.7 (d hyper)^m (a+b (c sech)^n)^p.mac e80 L95
GRADE C 304 3
ANSWER (a^2*((x/sqrt(a)-(2*sqrt((%i*sqrt(a))/sqrt(b)-1)*atan((sqrt((%i*sqrt(a))/sqrt(b)+1)*tanh((d*x+c)/2))/sqrt((%i*sqrt(a))/sqrt(b)-1)))/(sqrt(a)*(1-(%i*sqrt(a))/sqrt(b))*sqrt((%i*sqrt(a))/sqrt(b)+1)*d))/(2*sqrt(a))-((2*sqrt(-((%i*sqrt(a))/sqrt(b))-1)*atan((sqrt(1-(%i*sqrt(a))/sqrt(b))*tanh((d*x+c)/2))/sqrt(-((%i*sqrt(a))/sqrt(b))-1)))/(sqrt(a)*sqrt(1-(%i*sqrt(a))/sqrt(b))*((%i*sqrt(a))/sqrt(b)+1)*d)-x/sqrt(a))/(2*sqrt(a))))/b^2+tanh(d*x+c)/(b*d)-(a*x)/b^2
OPTIMAL1 tanh(d*x+c)/(b*d)-(a*atanh((sqrt(b)*tanh(d*x+c))/sqrt(b+a)))/(b^(3/2)*sqrt(b+a)*d)
## 6 Hyperbolic functions/6.5 Hyperbolic secant/6.5.7 (d hyper)^m (a+b (c sech)^n)^p.mac e82 L97
GRADE C 334 3
ANSWER -((a^3*((x/sqrt(a)-(2*sqrt((%i*sqrt(a))/sqrt(b)-1)*atan((sqrt((%i*sqrt(a))/sqrt(b)+1)*tanh((d*x+c)/2))/sqrt((%i*sqrt(a))/sqrt(b)-1)))/(sqrt(a)*(1-(%i*sqrt(a))/sqrt(b))*sqrt((%i*sqrt(a))/sqrt(b)+1)*d))/(2*sqrt(a))-((2*sqrt(-((%i*sqrt(a))/sqrt(b))-1)*atan((sqrt(1-(%i*sqrt(a))/sqrt(b))*tanh((d*x+c)/2))/sqrt(-((%i*sqrt(a))/sqrt(b))-1)))/(sqrt(a)*sqrt(1-(%i*sqrt(a))/sqrt(b))*((%i*sqrt(a))/sqrt(b)+1)*d)-x/sqrt(a))/(2*sqrt(a))))/b^3)+(tanh(d*x+c)-tanh(d*x+c)^3/3)/(b*d)-(a*tanh(d*x+c))/(b^2*d)+(a^2*x)/b^3
OPTIMAL1 (a^2*atanh((sqrt(b)*tanh(d*x+c))/sqrt(b+a)))/(b^(5/2)*sqrt(b+a)*d)-tanh(d*x+c)^3/(3*b*d)-((a-b)*tanh(d*x+c))/(b^2*d)
## 6 Hyperbolic functions/6.5 Hyperbolic secant/6.5.7 (d hyper)^m (a+b (c sech)^n)^p.mac e143 L168
GRADE C 276 3
ANSWER (x/sqrt(a)-(2*sqrt((%i*sqrt(a))/sqrt(b)-1)*atan((sqrt((%i*sqrt(a))/sqrt(b)+1)*tanh((d*x+c)/2))/sqrt((%i*sqrt(a))/sqrt(b)-1)))/(sqrt(a)*(1-(%i*sqrt(a))/sqrt(b))*sqrt((%i*sqrt(a))/sqrt(b)+1)*d))/(2*sqrt(a))-((2*sqrt(-((%i*sqrt(a))/sqrt(b))-1)*atan((sqrt(1-(%i*sqrt(a))/sqrt(b))*tanh((d*x+c)/2))/sqrt(-((%i*sqrt(a))/sqrt(b))-1)))/(sqrt(a)*sqrt(1-(%i*sqrt(a))/sqrt(b))*((%i*sqrt(a))/sqrt(b)+1)*d)-x/sqrt(a))/(2*sqrt(a))
OPTIMAL1 x/a-(sqrt(b)*atanh((sqrt(b)*tanh(d*x+c))/sqrt(b+a)))/(a*sqrt(b+a)*d)
## 6 Hyperbolic functions/6.6 Hyperbolic cosecant/6.6.1 (c+d x)^m (a+b csch)^n.mac e7 L14
GRADE C 35 3
ANSWER (d*log(%i*sinh(b*x+a)))/b^2+((-(d*x)-c)*coth(b*x+a))/b
OPTIMAL1 (d*log(sinh(b*x+a)))/b^2+((-(d*x)-c)*coth(b*x+a))/b
## 6 Hyperbolic functions/6.6 Hyperbolic cosecant/6.6.2 (e x)^m (a+b csch(c+d x^n))^p.mac e10 L21
GRADE C 109 4
ANSWER (b^2*(log(%i*sinh(d*x^2+c))/d^2-(x^2*coth(d*x^2+c))/d)+(a^2*x^4)/2-2*a*b*((2*atanh(%e^(d*x^2+c))*x^2)/d-li[2](%e^(d*x^2+c))/d^2+li[2](-%e^(d*x^2+c))/d^2))/2
OPTIMAL1 (b^2*log(sinh(d*x^2+c)))/(2*d^2)-(b^2*x^2*coth(d*x^2+c))/(2*d)+(a^2*x^4)/4-(2*atanh(%e^(d*x^2+c))*a*b*x^2)/d+(li[2](%e^(d*x^2+c))*a*b)/d^2-(li[2](-%e^(d*x^2+c))*a*b)/d^2
## 6 Hyperbolic functions/6.6 Hyperbolic cosecant/6.6.2 (e x)^m (a+b csch(c+d x^n))^p.mac e16 L29
GRADE C 384 4
ANSWER (x^6/(3*a)-(2*%i*b*((2*%i*a*((%i*(li[3](-((2*%e^(d*x^2+c)*%i*a)/(2*%i*b-sqrt(-(4*b^2)-4*a^2))))/d^2-(li[2](-((2*%e^(d*x^2+c)*%i*a)/(2*%i*b-sqrt(-(4*b^2)-4*a^2))))*x^2)/d))/(a*d)-(%i*log((2*%e^(d*x^2+c)*%i*a)/(2*%i*b-sqrt(-(4*b^2)-4*a^2))+1)*x^4)/(2*a*d)))/sqrt(-(4*b^2)-4*a^2)-(2*%i*a*((%i*(li[3](-((2*%e^(d*x^2+c)*%i*a)/(sqrt(-(4*b^2)-4*a^2)+2*%i*b)))/d^2-(li[2](-((2*%e^(d*x^2+c)*%i*a)/(sqrt(-(4*b^2)-4*a^2)+2*%i*b)))*x^2)/d))/(a*d)-(%i*log((2*%e^(d*x^2+c)*%i*a)/(sqrt(-(4*b^2)-4*a^2)+2*%i*b)+1)*x^4)/(2*a*d)))/sqrt(-(4*b^2)-4*a^2)))/a)/2
OPTIMAL1 x^6/(6*a)+(b*log((%e^(d*x^2+c)*a)/(sqrt(b^2+a^2)+b)+1)*x^4)/(2*a*sqrt(b^2+a^2)*d)-(b*log((%e^(d*x^2+c)*a)/(b-sqrt(b^2+a^2))+1)*x^4)/(2*a*sqrt(b^2+a^2)*d)+(b*li[2](-((%e^(d*x^2+c)*a)/(sqrt(b^2+a^2)+b)))*x^2)/(a*sqrt(b^2+a^2)*d^2)-(b*li[2](-((%e^(d*x^2+c)*a)/(b-sqrt(b^2+a^2))))*x^2)/(a*sqrt(b^2+a^2)*d^2)-(b*li[3](-((%e^(d*x^2+c)*a)/(sqrt(b^2+a^2)+b))))/(a*sqrt(b^2+a^2)*d^3)+(b*li[3](-((%e^(d*x^2+c)*a)/(b-sqrt(b^2+a^2)))))/(a*sqrt(b^2+a^2)*d^3)
## 6 Hyperbolic functions/6.6 Hyperbolic cosecant/6.6.2 (e x)^m (a+b csch(c+d x^n))^p.mac e18 L31
GRADE C 282 4
ANSWER (x^4/(2*a)-(2*%i*b*((2*%i*a*(-((%i*log((2*%e^(d*x^2+c)*%i*a)/(2*%i*b-sqrt(-(4*b^2)-4*a^2))+1)*x^2)/(2*a*d))-(%i*li[2](-((2*%e^(d*x^2+c)*%i*a)/(2*%i*b-sqrt(-(4*b^2)-4*a^2)))))/(2*a*d^2)))/sqrt(-(4*b^2)-4*a^2)-(2*%i*a*(-((%i*log((2*%e^(d*x^2+c)*%i*a)/(sqrt(-(4*b^2)-4*a^2)+2*%i*b)+1)*x^2)/(2*a*d))-(%i*li[2](-((2*%e^(d*x^2+c)*%i*a)/(sqrt(-(4*b^2)-4*a^2)+2*%i*b))))/(2*a*d^2)))/sqrt(-(4*b^2)-4*a^2)))/a)/2
OPTIMAL1 x^4/(4*a)+(b*log((%e^(d*x^2+c)*a)/(sqrt(b^2+a^2)+b)+1)*x^2)/(2*a*sqrt(b^2+a^2)*d)-(b*log((%e^(d*x^2+c)*a)/(b-sqrt(b^2+a^2))+1)*x^2)/(2*a*sqrt(b^2+a^2)*d)+(b*li[2](-((%e^(d*x^2+c)*a)/(sqrt(b^2+a^2)+b))))/(2*a*sqrt(b^2+a^2)*d^2)-(b*li[2](-((%e^(d*x^2+c)*a)/(b-sqrt(b^2+a^2)))))/(2*a*sqrt(b^2+a^2)*d^2)
## 6 Hyperbolic functions/6.6 Hyperbolic cosecant/6.6.2 (e x)^m (a+b csch(c+d x^n))^p.mac e41 L62
GRADE C 962 4
ANSWER 2*(x^4/(8*a)-(2*%i*b*((2*%i*a*((7*%i*((6*((li[3](-((2*%e^(d*sqrt(x)+c)*%i*a)/(2*%i*b-sqrt(-(4*b^2)-4*a^2))))*x^(5/2))/d-(5*((li[4](-((2*%e^(d*sqrt(x)+c)*%i*a)/(2*%i*b-sqrt(-(4*b^2)-4*a^2))))*x^2)/d-(4*((li[5](-((2*%e^(d*sqrt(x)+c)*%i*a)/(2*%i*b-sqrt(-(4*b^2)-4*a^2))))*x^(3/2))/d-(3*((li[6](-((2*%e^(d*sqrt(x)+c)*%i*a)/(2*%i*b-sqrt(-(4*b^2)-4*a^2))))*x)/d-(2*((li[7](-((2*%e^(d*sqrt(x)+c)*%i*a)/(2*%i*b-sqrt(-(4*b^2)-4*a^2))))*sqrt(x))/d-li[8](-((2*%e^(d*sqrt(x)+c)*%i*a)/(2*%i*b-sqrt(-(4*b^2)-4*a^2))))/d^2))/d))/d))/d))/d))/d-(li[2](-((2*%e^(d*sqrt(x)+c)*%i*a)/(2*%i*b-sqrt(-(4*b^2)-4*a^2))))*x^3)/d))/(2*a*d)-(%i*log((2*%e^(d*sqrt(x)+c)*%i*a)/(2*%i*b-sqrt(-(4*b^2)-4*a^2))+1)*x^(7/2))/(2*a*d)))/sqrt(-(4*b^2)-4*a^2)-(2*%i*a*((7*%i*((6*((li[3](-((2*%e^(d*sqrt(x)+c)*%i*a)/(sqrt(-(4*b^2)-4*a^2)+2*%i*b)))*x^(5/2))/d-(5*((li[4](-((2*%e^(d*sqrt(x)+c)*%i*a)/(sqrt(-(4*b^2)-4*a^2)+2*%i*b)))*x^2)/d-(4*((li[5](-((2*%e^(d*sqrt(x)+c)*%i*a)/(sqrt(-(4*b^2)-4*a^2)+2*%i*b)))*x^(3/2))/d-(3*((li[6](-((2*%e^(d*sqrt(x)+c)*%i*a)/(sqrt(-(4*b^2)-4*a^2)+2*%i*b)))*x)/d-(2*((li[7](-((2*%e^(d*sqrt(x)+c)*%i*a)/(sqrt(-(4*b^2)-4*a^2)+2*%i*b)))*sqrt(x))/d-li[8](-((2*%e^(d*sqrt(x)+c)*%i*a)/(sqrt(-(4*b^2)-4*a^2)+2*%i*b)))/d^2))/d))/d))/d))/d))/d-(li[2](-((2*%e^(d*sqrt(x)+c)*%i*a)/(sqrt(-(4*b^2)-4*a^2)+2*%i*b)))*x^3)/d))/(2*a*d)-(%i*log((2*%e^(d*sqrt(x)+c)*%i*a)/(sqrt(-(4*b^2)-4*a^2)+2*%i*b)+1)*x^(7/2))/(2*a*d)))/sqrt(-(4*b^2)-4*a^2)))/a)
OPTIMAL1 x^4/(4*a)+(2*b*log((%e^(d*sqrt(x)+c)*a)/(sqrt(b^2+a^2)+b)+1)*x^(7/2))/(a*sqrt(b^2+a^2)*d)-(2*b*log((%e^(d*sqrt(x)+c)*a)/(b-sqrt(b^2+a^2))+1)*x^(7/2))/(a*sqrt(b^2+a^2)*d)+(14*b*li[2](-((%e^(d*sqrt(x)+c)*a)/(sqrt(b^2+a^2)+b)))*x^3)/(a*sqrt(b^2+a^2)*d^2)-(14*b*li[2](-((%e^(d*sqrt(x)+c)*a)/(b-sqrt(b^2+a^2))))*x^3)/(a*sqrt(b^2+a^2)*d^2)-(84*b*li[3](-((%e^(d*sqrt(x)+c)*a)/(sqrt(b^2+a^2)+b)))*x^(5/2))/(a*sqrt(b^2+a^2)*d^3)+(84*b*li[3](-((%e^(d*sqrt(x)+c)*a)/(b-sqrt(b^2+a^2))))*x^(5/2))/(a*sqrt(b^2+a^2)*d^3)+(420*b*li[4](-((%e^(d*sqrt(x)+c)*a)/(sqrt(b^2+a^2)+b)))*x^2)/(a*sqrt(b^2+a^2)*d^4)-(420*b*li[4](-((%e^(d*sqrt(x)+c)*a)/(b-sqrt(b^2+a^2))))*x^2)/(a*sqrt(b^2+a^2)*d^4)-(1680*b*li[5](-((%e^(d*sqrt(x)+c)*a)/(sqrt(b^2+a^2)+b)))*x^(3/2))/(a*sqrt(b^2+a^2)*d^5)+(1680*b*li[5](-((%e^(d*sqrt(x)+c)*a)/(b-sqrt(b^2+a^2))))*x^(3/2))/(a*sqrt(b^2+a^2)*d^5)+(5040*b*li[6](-((%e^(d*sqrt(x)+c)*a)/(sqrt(b^2+a^2)+b)))*x)/(a*sqrt(b^2+a^2)*d^6)-(5040*b*li[6](-((%e^(d*sqrt(x)+c)*a)/(b-sqrt(b^2+a^2))))*x)/(a*sqrt(b^2+a^2)*d^6)-(10080*b*li[7](-((%e^(d*sqrt(x)+c)*a)/(sqrt(b^2+a^2)+b)))*sqrt(x))/(a*sqrt(b^2+a^2)*d^7)+(10080*b*li[7](-((%e^(d*sqrt(x)+c)*a)/(b-sqrt(b^2+a^2))))*sqrt(x))/(a*sqrt(b^2+a^2)*d^7)+(10080*b*li[8](-((%e^(d*sqrt(x)+c)*a)/(sqrt(b^2+a^2)+b))))/(a*sqrt(b^2+a^2)*d^8)-(10080*b*li[8](-((%e^(d*sqrt(x)+c)*a)/(b-sqrt(b^2+a^2)))))/(a*sqrt(b^2+a^2)*d^8)
## 6 Hyperbolic functions/6.6 Hyperbolic cosecant/6.6.2 (e x)^m (a+b csch(c+d x^n))^p.mac e42 L63
GRADE C 738 4
ANSWER 2*(x^3/(6*a)-(2*%i*b*((2*%i*a*((5*%i*((4*((li[3](-((2*%e^(d*sqrt(x)+c)*%i*a)/(2*%i*b-sqrt(-(4*b^2)-4*a^2))))*x^(3/2))/d-(3*((li[4](-((2*%e^(d*sqrt(x)+c)*%i*a)/(2*%i*b-sqrt(-(4*b^2)-4*a^2))))*x)/d-(2*((li[5](-((2*%e^(d*sqrt(x)+c)*%i*a)/(2*%i*b-sqrt(-(4*b^2)-4*a^2))))*sqrt(x))/d-li[6](-((2*%e^(d*sqrt(x)+c)*%i*a)/(2*%i*b-sqrt(-(4*b^2)-4*a^2))))/d^2))/d))/d))/d-(li[2](-((2*%e^(d*sqrt(x)+c)*%i*a)/(2*%i*b-sqrt(-(4*b^2)-4*a^2))))*x^2)/d))/(2*a*d)-(%i*log((2*%e^(d*sqrt(x)+c)*%i*a)/(2*%i*b-sqrt(-(4*b^2)-4*a^2))+1)*x^(5/2))/(2*a*d)))/sqrt(-(4*b^2)-4*a^2)-(2*%i*a*((5*%i*((4*((li[3](-((2*%e^(d*sqrt(x)+c)*%i*a)/(sqrt(-(4*b^2)-4*a^2)+2*%i*b)))*x^(3/2))/d-(3*((li[4](-((2*%e^(d*sqrt(x)+c)*%i*a)/(sqrt(-(4*b^2)-4*a^2)+2*%i*b)))*x)/d-(2*((li[5](-((2*%e^(d*sqrt(x)+c)*%i*a)/(sqrt(-(4*b^2)-4*a^2)+2*%i*b)))*sqrt(x))/d-li[6](-((2*%e^(d*sqrt(x)+c)*%i*a)/(sqrt(-(4*b^2)-4*a^2)+2*%i*b)))/d^2))/d))/d))/d-(li[2](-((2*%e^(d*sqrt(x)+c)*%i*a)/(sqrt(-(4*b^2)-4*a^2)+2*%i*b)))*x^2)/d))/(2*a*d)-(%i*log((2*%e^(d*sqrt(x)+c)*%i*a)/(sqrt(-(4*b^2)-4*a^2)+2*%i*b)+1)*x^(5/2))/(2*a*d)))/sqrt(-(4*b^2)-4*a^2)))/a)
OPTIMAL1 x^3/(3*a)+(2*b*log((%e^(d*sqrt(x)+c)*a)/(sqrt(b^2+a^2)+b)+1)*x^(5/2))/(a*sqrt(b^2+a^2)*d)-(2*b*log((%e^(d*sqrt(x)+c)*a)/(b-sqrt(b^2+a^2))+1)*x^(5/2))/(a*sqrt(b^2+a^2)*d)+(10*b*li[2](-((%e^(d*sqrt(x)+c)*a)/(sqrt(b^2+a^2)+b)))*x^2)/(a*sqrt(b^2+a^2)*d^2)-(10*b*li[2](-((%e^(d*sqrt(x)+c)*a)/(b-sqrt(b^2+a^2))))*x^2)/(a*sqrt(b^2+a^2)*d^2)-(40*b*li[3](-((%e^(d*sqrt(x)+c)*a)/(sqrt(b^2+a^2)+b)))*x^(3/2))/(a*sqrt(b^2+a^2)*d^3)+(40*b*li[3](-((%e^(d*sqrt(x)+c)*a)/(b-sqrt(b^2+a^2))))*x^(3/2))/(a*sqrt(b^2+a^2)*d^3)+(120*b*li[4](-((%e^(d*sqrt(x)+c)*a)/(sqrt(b^2+a^2)+b)))*x)/(a*sqrt(b^2+a^2)*d^4)-(120*b*li[4](-((%e^(d*sqrt(x)+c)*a)/(b-sqrt(b^2+a^2))))*x)/(a*sqrt(b^2+a^2)*d^4)-(240*b*li[5](-((%e^(d*sqrt(x)+c)*a)/(sqrt(b^2+a^2)+b)))*sqrt(x))/(a*sqrt(b^2+a^2)*d^5)+(240*b*li[5](-((%e^(d*sqrt(x)+c)*a)/(b-sqrt(b^2+a^2))))*sqrt(x))/(a*sqrt(b^2+a^2)*d^5)+(240*b*li[6](-((%e^(d*sqrt(x)+c)*a)/(sqrt(b^2+a^2)+b))))/(a*sqrt(b^2+a^2)*d^6)-(240*b*li[6](-((%e^(d*sqrt(x)+c)*a)/(b-sqrt(b^2+a^2)))))/(a*sqrt(b^2+a^2)*d^6)
## 6 Hyperbolic functions/6.6 Hyperbolic cosecant/6.6.2 (e x)^m (a+b csch(c+d x^n))^p.mac e43 L64
GRADE C 514 4
ANSWER 2*(x^2/(4*a)-(2*%i*b*((2*%i*a*((3*%i*((2*((li[3](-((2*%e^(d*sqrt(x)+c)*%i*a)/(2*%i*b-sqrt(-(4*b^2)-4*a^2))))*sqrt(x))/d-li[4](-((2*%e^(d*sqrt(x)+c)*%i*a)/(2*%i*b-sqrt(-(4*b^2)-4*a^2))))/d^2))/d-(li[2](-((2*%e^(d*sqrt(x)+c)*%i*a)/(2*%i*b-sqrt(-(4*b^2)-4*a^2))))*x)/d))/(2*a*d)-(%i*log((2*%e^(d*sqrt(x)+c)*%i*a)/(2*%i*b-sqrt(-(4*b^2)-4*a^2))+1)*x^(3/2))/(2*a*d)))/sqrt(-(4*b^2)-4*a^2)-(2*%i*a*((3*%i*((2*((li[3](-((2*%e^(d*sqrt(x)+c)*%i*a)/(sqrt(-(4*b^2)-4*a^2)+2*%i*b)))*sqrt(x))/d-li[4](-((2*%e^(d*sqrt(x)+c)*%i*a)/(sqrt(-(4*b^2)-4*a^2)+2*%i*b)))/d^2))/d-(li[2](-((2*%e^(d*sqrt(x)+c)*%i*a)/(sqrt(-(4*b^2)-4*a^2)+2*%i*b)))*x)/d))/(2*a*d)-(%i*log((2*%e^(d*sqrt(x)+c)*%i*a)/(sqrt(-(4*b^2)-4*a^2)+2*%i*b)+1)*x^(3/2))/(2*a*d)))/sqrt(-(4*b^2)-4*a^2)))/a)
OPTIMAL1 x^2/(2*a)+(2*b*log((%e^(d*sqrt(x)+c)*a)/(sqrt(b^2+a^2)+b)+1)*x^(3/2))/(a*sqrt(b^2+a^2)*d)-(2*b*log((%e^(d*sqrt(x)+c)*a)/(b-sqrt(b^2+a^2))+1)*x^(3/2))/(a*sqrt(b^2+a^2)*d)+(6*b*li[2](-((%e^(d*sqrt(x)+c)*a)/(sqrt(b^2+a^2)+b)))*x)/(a*sqrt(b^2+a^2)*d^2)-(6*b*li[2](-((%e^(d*sqrt(x)+c)*a)/(b-sqrt(b^2+a^2))))*x)/(a*sqrt(b^2+a^2)*d^2)-(12*b*li[3](-((%e^(d*sqrt(x)+c)*a)/(sqrt(b^2+a^2)+b)))*sqrt(x))/(a*sqrt(b^2+a^2)*d^3)+(12*b*li[3](-((%e^(d*sqrt(x)+c)*a)/(b-sqrt(b^2+a^2))))*sqrt(x))/(a*sqrt(b^2+a^2)*d^3)+(12*b*li[4](-((%e^(d*sqrt(x)+c)*a)/(sqrt(b^2+a^2)+b))))/(a*sqrt(b^2+a^2)*d^4)-(12*b*li[4](-((%e^(d*sqrt(x)+c)*a)/(b-sqrt(b^2+a^2)))))/(a*sqrt(b^2+a^2)*d^4)
## 6 Hyperbolic functions/6.6 Hyperbolic cosecant/6.6.2 (e x)^m (a+b csch(c+d x^n))^p.mac e61 L88
GRADE C 622 4
ANSWER 2*(x^(5/2)/(5*a)-(2*%i*b*((2*%i*a*((2*%i*((3*((li[3](-((2*%e^(d*sqrt(x)+c)*%i*a)/(2*%i*b-sqrt(-(4*b^2)-4*a^2))))*x)/d-(2*((li[4](-((2*%e^(d*sqrt(x)+c)*%i*a)/(2*%i*b-sqrt(-(4*b^2)-4*a^2))))*sqrt(x))/d-li[5](-((2*%e^(d*sqrt(x)+c)*%i*a)/(2*%i*b-sqrt(-(4*b^2)-4*a^2))))/d^2))/d))/d-(li[2](-((2*%e^(d*sqrt(x)+c)*%i*a)/(2*%i*b-sqrt(-(4*b^2)-4*a^2))))*x^(3/2))/d))/(a*d)-(%i*log((2*%e^(d*sqrt(x)+c)*%i*a)/(2*%i*b-sqrt(-(4*b^2)-4*a^2))+1)*x^2)/(2*a*d)))/sqrt(-(4*b^2)-4*a^2)-(2*%i*a*((2*%i*((3*((li[3](-((2*%e^(d*sqrt(x)+c)*%i*a)/(sqrt(-(4*b^2)-4*a^2)+2*%i*b)))*x)/d-(2*((li[4](-((2*%e^(d*sqrt(x)+c)*%i*a)/(sqrt(-(4*b^2)-4*a^2)+2*%i*b)))*sqrt(x))/d-li[5](-((2*%e^(d*sqrt(x)+c)*%i*a)/(sqrt(-(4*b^2)-4*a^2)+2*%i*b)))/d^2))/d))/d-(li[2](-((2*%e^(d*sqrt(x)+c)*%i*a)/(sqrt(-(4*b^2)-4*a^2)+2*%i*b)))*x^(3/2))/d))/(a*d)-(%i*log((2*%e^(d*sqrt(x)+c)*%i*a)/(sqrt(-(4*b^2)-4*a^2)+2*%i*b)+1)*x^2)/(2*a*d)))/sqrt(-(4*b^2)-4*a^2)))/a)
OPTIMAL1 (2*x^(5/2))/(5*a)+(2*b*log((%e^(d*sqrt(x)+c)*a)/(sqrt(b^2+a^2)+b)+1)*x^2)/(a*sqrt(b^2+a^2)*d)-(2*b*log((%e^(d*sqrt(x)+c)*a)/(b-sqrt(b^2+a^2))+1)*x^2)/(a*sqrt(b^2+a^2)*d)+(8*b*li[2](-((%e^(d*sqrt(x)+c)*a)/(sqrt(b^2+a^2)+b)))*x^(3/2))/(a*sqrt(b^2+a^2)*d^2)-(8*b*li[2](-((%e^(d*sqrt(x)+c)*a)/(b-sqrt(b^2+a^2))))*x^(3/2))/(a*sqrt(b^2+a^2)*d^2)-(24*b*li[3](-((%e^(d*sqrt(x)+c)*a)/(sqrt(b^2+a^2)+b)))*x)/(a*sqrt(b^2+a^2)*d^3)+(24*b*li[3](-((%e^(d*sqrt(x)+c)*a)/(b-sqrt(b^2+a^2))))*x)/(a*sqrt(b^2+a^2)*d^3)+(48*b*li[4](-((%e^(d*sqrt(x)+c)*a)/(sqrt(b^2+a^2)+b)))*sqrt(x))/(a*sqrt(b^2+a^2)*d^4)-(48*b*li[4](-((%e^(d*sqrt(x)+c)*a)/(b-sqrt(b^2+a^2))))*sqrt(x))/(a*sqrt(b^2+a^2)*d^4)-(48*b*li[5](-((%e^(d*sqrt(x)+c)*a)/(sqrt(b^2+a^2)+b))))/(a*sqrt(b^2+a^2)*d^5)+(48*b*li[5](-((%e^(d*sqrt(x)+c)*a)/(b-sqrt(b^2+a^2)))))/(a*sqrt(b^2+a^2)*d^5)
## 6 Hyperbolic functions/6.6 Hyperbolic cosecant/6.6.2 (e x)^m (a+b csch(c+d x^n))^p.mac e62 L89
GRADE C 396 4
ANSWER 2*(x^(3/2)/(3*a)-(2*%i*b*((2*%i*a*((%i*(li[3](-((2*%e^(d*sqrt(x)+c)*%i*a)/(2*%i*b-sqrt(-(4*b^2)-4*a^2))))/d^2-(li[2](-((2*%e^(d*sqrt(x)+c)*%i*a)/(2*%i*b-sqrt(-(4*b^2)-4*a^2))))*sqrt(x))/d))/(a*d)-(%i*log((2*%e^(d*sqrt(x)+c)*%i*a)/(2*%i*b-sqrt(-(4*b^2)-4*a^2))+1)*x)/(2*a*d)))/sqrt(-(4*b^2)-4*a^2)-(2*%i*a*((%i*(li[3](-((2*%e^(d*sqrt(x)+c)*%i*a)/(sqrt(-(4*b^2)-4*a^2)+2*%i*b)))/d^2-(li[2](-((2*%e^(d*sqrt(x)+c)*%i*a)/(sqrt(-(4*b^2)-4*a^2)+2*%i*b)))*sqrt(x))/d))/(a*d)-(%i*log((2*%e^(d*sqrt(x)+c)*%i*a)/(sqrt(-(4*b^2)-4*a^2)+2*%i*b)+1)*x)/(2*a*d)))/sqrt(-(4*b^2)-4*a^2)))/a)
OPTIMAL1 (2*x^(3/2))/(3*a)+(2*b*log((%e^(d*sqrt(x)+c)*a)/(sqrt(b^2+a^2)+b)+1)*x)/(a*sqrt(b^2+a^2)*d)-(2*b*log((%e^(d*sqrt(x)+c)*a)/(b-sqrt(b^2+a^2))+1)*x)/(a*sqrt(b^2+a^2)*d)+(4*b*li[2](-((%e^(d*sqrt(x)+c)*a)/(sqrt(b^2+a^2)+b)))*sqrt(x))/(a*sqrt(b^2+a^2)*d^2)-(4*b*li[2](-((%e^(d*sqrt(x)+c)*a)/(b-sqrt(b^2+a^2))))*sqrt(x))/(a*sqrt(b^2+a^2)*d^2)-(4*b*li[3](-((%e^(d*sqrt(x)+c)*a)/(sqrt(b^2+a^2)+b))))/(a*sqrt(b^2+a^2)*d^3)+(4*b*li[3](-((%e^(d*sqrt(x)+c)*a)/(b-sqrt(b^2+a^2)))))/(a*sqrt(b^2+a^2)*d^3)
## 6 Hyperbolic functions/6.6 Hyperbolic cosecant/6.6.2 (e x)^m (a+b csch(c+d x^n))^p.mac e76 L107
GRADE C 126 4
ANSWER ((e*x)^(2*n)*(b^2*(log(%i*sinh(d*x^n+c))/d^2-(x^n*coth(d*x^n+c))/d)+(a^2*x^(2*n))/2-2*a*b*((2*atanh(%e^(d*x^n+c))*x^n)/d-li[2](%e^(d*x^n+c))/d^2+li[2](-%e^(d*x^n+c))/d^2)))/(e*n*x^(2*n))
OPTIMAL1 (b^2*(e*x)^(2*n)*log(sinh(d*x^n+c)))/(d^2*e*n*x^(2*n))-(b^2*(e*x)^(2*n)*coth(d*x^n+c))/(d*e*n*x^n)-(4*atanh(%e^(d*x^n+c))*a*b*(e*x)^(2*n))/(d*e*n*x^n)+(2*li[2](%e^(d*x^n+c))*a*b*(e*x)^(2*n))/(d^2*e*n*x^(2*n))-(2*li[2](-%e^(d*x^n+c))*a*b*(e*x)^(2*n))/(d^2*e*n*x^(2*n))+(a^2*(e*x)^(2*n))/(2*e*n)
## 6 Hyperbolic functions/6.6 Hyperbolic cosecant/6.6.2 (e x)^m (a+b csch(c+d x^n))^p.mac e79 L112
GRADE C 299 4
ANSWER ((e*x)^(2*n)*(x^(2*n)/(2*a)-(2*%i*b*((2*%i*a*(-((%i*log((2*%e^(d*x^n+c)*%i*a)/(2*%i*b-sqrt(-(4*b^2)-4*a^2))+1)*x^n)/(2*a*d))-(%i*li[2](-((2*%e^(d*x^n+c)*%i*a)/(2*%i*b-sqrt(-(4*b^2)-4*a^2)))))/(2*a*d^2)))/sqrt(-(4*b^2)-4*a^2)-(2*%i*a*(-((%i*log((2*%e^(d*x^n+c)*%i*a)/(sqrt(-(4*b^2)-4*a^2)+2*%i*b)+1)*x^n)/(2*a*d))-(%i*li[2](-((2*%e^(d*x^n+c)*%i*a)/(sqrt(-(4*b^2)-4*a^2)+2*%i*b))))/(2*a*d^2)))/sqrt(-(4*b^2)-4*a^2)))/a))/(e*n*x^(2*n))
OPTIMAL1 (b*log((%e^(d*x^n+c)*a)/(sqrt(b^2+a^2)+b)+1)*(e*x)^(2*n))/(a*sqrt(b^2+a^2)*d*e*n*x^n)-(b*log((%e^(d*x^n+c)*a)/(b-sqrt(b^2+a^2))+1)*(e*x)^(2*n))/(a*sqrt(b^2+a^2)*d*e*n*x^n)+(b*li[2](-((%e^(d*x^n+c)*a)/(sqrt(b^2+a^2)+b)))*(e*x)^(2*n))/(a*sqrt(b^2+a^2)*d^2*e*n*x^(2*n))-(b*li[2](-((%e^(d*x^n+c)*a)/(b-sqrt(b^2+a^2))))*(e*x)^(2*n))/(a*sqrt(b^2+a^2)*d^2*e*n*x^(2*n))+(e*x)^(2*n)/(2*a*e*n)
## 6 Hyperbolic functions/6.6 Hyperbolic cosecant/6.6.2 (e x)^m (a+b csch(c+d x^n))^p.mac e80 L113
GRADE C 405 4
ANSWER ((e*x)^(3*n)*(x^(3*n)/(3*a)-(2*%i*b*((2*%i*a*((%i*(li[3](-((2*%e^(d*x^n+c)*%i*a)/(2*%i*b-sqrt(-(4*b^2)-4*a^2))))/d^2-(li[2](-((2*%e^(d*x^n+c)*%i*a)/(2*%i*b-sqrt(-(4*b^2)-4*a^2))))*x^n)/d))/(a*d)-(%i*log((2*%e^(d*x^n+c)*%i*a)/(2*%i*b-sqrt(-(4*b^2)-4*a^2))+1)*x^(2*n))/(2*a*d)))/sqrt(-(4*b^2)-4*a^2)-(2*%i*a*((%i*(li[3](-((2*%e^(d*x^n+c)*%i*a)/(sqrt(-(4*b^2)-4*a^2)+2*%i*b)))/d^2-(li[2](-((2*%e^(d*x^n+c)*%i*a)/(sqrt(-(4*b^2)-4*a^2)+2*%i*b)))*x^n)/d))/(a*d)-(%i*log((2*%e^(d*x^n+c)*%i*a)/(sqrt(-(4*b^2)-4*a^2)+2*%i*b)+1)*x^(2*n))/(2*a*d)))/sqrt(-(4*b^2)-4*a^2)))/a))/(e*n*x^(3*n))
OPTIMAL1 (b*log((%e^(d*x^n+c)*a)/(sqrt(b^2+a^2)+b)+1)*(e*x)^(3*n))/(a*sqrt(b^2+a^2)*d*e*n*x^n)-(b*log((%e^(d*x^n+c)*a)/(b-sqrt(b^2+a^2))+1)*(e*x)^(3*n))/(a*sqrt(b^2+a^2)*d*e*n*x^n)+(2*b*li[2](-((%e^(d*x^n+c)*a)/(sqrt(b^2+a^2)+b)))*(e*x)^(3*n))/(a*sqrt(b^2+a^2)*d^2*e*n*x^(2*n))-(2*b*li[2](-((%e^(d*x^n+c)*a)/(b-sqrt(b^2+a^2))))*(e*x)^(3*n))/(a*sqrt(b^2+a^2)*d^2*e*n*x^(2*n))-(2*b*li[3](-((%e^(d*x^n+c)*a)/(sqrt(b^2+a^2)+b)))*(e*x)^(3*n))/(a*sqrt(b^2+a^2)*d^3*e*n*x^(3*n))+(2*b*li[3](-((%e^(d*x^n+c)*a)/(b-sqrt(b^2+a^2))))*(e*x)^(3*n))/(a*sqrt(b^2+a^2)*d^3*e*n*x^(3*n))+(e*x)^(3*n)/(3*a*e*n)
## 6 Hyperbolic functions/6.6 Hyperbolic cosecant/6.6.3 Hyperbolic cosecant functions.mac e160 L213
GRADE C 153 5
ANSWER -((16*%e^(3*a)*hypergeometric([3,(1/n+3*b)/(2*b)],[(1/n+3*b)/(2*b)+1],%e^(2*a)*(c*x^n)^(2*b))*b^2*n*x*(c*x^n)^(3*b))/(1/n+3*b))-(2*%e^a*hypergeometric([1,(1/n+b)/(2*b)],[(1/n+b)/(2*b)+1],%e^(2*a)*(c*x^n)^(2*b))*(b^2*n^2-1)*x*(c*x^n)^b)/((1/n+b)*n)
OPTIMAL1 -(b*n*x*coth(b*log(c*x^n)+a)*csch(b*log(c*x^n)+a))-x*csch(b*log(c*x^n)+a)
## 6 Hyperbolic functions/6.6 Hyperbolic cosecant/6.6.7 (d hyper)^m (a+b (c csch)^n)^p.mac e5 L14
GRADE C 166 3
ANSWER (x/sqrt(a)-(4*%i*atanh((2*%i*tanh((d*x+c)/2)-(2*sqrt(a))/sqrt(b))/sqrt((4*a)/b-4)))/(sqrt(a)*sqrt((4*a)/b-4)*d))/(2*sqrt(a))-((4*%i*atanh((2*%i*tanh((d*x+c)/2)+(2*sqrt(a))/sqrt(b))/sqrt((4*a)/b-4)))/(sqrt(a)*sqrt((4*a)/b-4)*d)-x/sqrt(a))/(2*sqrt(a))
OPTIMAL1 x/a-(sqrt(b)*atan((sqrt(a-b)*tanh(d*x+c))/sqrt(b)))/(a*sqrt(a-b)*d)
## 6 Hyperbolic functions/6.7 Miscellaneous/6.7.1 Hyperbolic functions.mac e24 L39
GRADE C 15 3
ANSWER log(%i*tanh(b*x+a))/b
OPTIMAL1 log(tanh(b*x+a))/b
## 6 Hyperbolic functions/6.7 Miscellaneous/6.7.1 Hyperbolic functions.mac e49 L64
GRADE C 300 3
ANSWER -((%i*sqrt(sinh(b*x+a))*(-((2*%i*((atan((sqrt(2)*sqrt(cosh(b*x+a)))/sqrt(%i*sinh(b*x+a))+1)/sqrt(2)+atan((sqrt(2)*sqrt(cosh(b*x+a)))/sqrt(%i*sinh(b*x+a))-1)/sqrt(2))/2-(log((sqrt(2)*sqrt(cosh(b*x+a)))/sqrt(%i*sinh(b*x+a))-(%i*cosh(b*x+a))/sinh(b*x+a)+1)/2^(3/2)-log(-((sqrt(2)*sqrt(cosh(b*x+a)))/sqrt(%i*sinh(b*x+a)))-(%i*cosh(b*x+a))/sinh(b*x+a)+1)/2^(3/2))/2))/b)-(2*%i*sqrt(%i*sinh(b*x+a)))/(b*sqrt(cosh(b*x+a)))))/sqrt(%i*sinh(b*x+a)))-(2*sinh(b*x+a)^(5/2))/(5*b*cosh(b*x+a)^(5/2))
OPTIMAL1 atanh(sqrt(cosh(b*x+a))/sqrt(sinh(b*x+a)))/b-atan(sqrt(cosh(b*x+a))/sqrt(sinh(b*x+a)))/b-(2*sinh(b*x+a)^(5/2))/(5*b*cosh(b*x+a)^(5/2))-(2*sqrt(sinh(b*x+a)))/(b*sqrt(cosh(b*x+a)))
## 6 Hyperbolic functions/6.7 Miscellaneous/6.7.1 Hyperbolic functions.mac e50 L65
GRADE C 264 3
ANSWER -((2*%i*sqrt(sinh(b*x+a))*((atan((sqrt(2)*sqrt(%i*sinh(b*x+a)))/sqrt(cosh(b*x+a))+1)/sqrt(2)+atan((sqrt(2)*sqrt(%i*sinh(b*x+a)))/sqrt(cosh(b*x+a))-1)/sqrt(2))/2-(log((sqrt(2)*sqrt(%i*sinh(b*x+a)))/sqrt(cosh(b*x+a))+(%i*sinh(b*x+a))/cosh(b*x+a)+1)/2^(3/2)-log(-((sqrt(2)*sqrt(%i*sinh(b*x+a)))/sqrt(cosh(b*x+a)))+(%i*sinh(b*x+a))/cosh(b*x+a)+1)/2^(3/2))/2))/(b*sqrt(%i*sinh(b*x+a))))-(2*sinh(b*x+a)^(3/2))/(3*b*cosh(b*x+a)^(3/2))
OPTIMAL1 atanh(sqrt(sinh(b*x+a))/sqrt(cosh(b*x+a)))/b-atan(sqrt(sinh(b*x+a))/sqrt(cosh(b*x+a)))/b-(2*sinh(b*x+a)^(3/2))/(3*b*cosh(b*x+a)^(3/2))
## 6 Hyperbolic functions/6.7 Miscellaneous/6.7.1 Hyperbolic functions.mac e51 L66
GRADE C 262 3
ANSWER (2*%i*sqrt(%i*sinh(b*x+a))*((atan((sqrt(2)*sqrt(cosh(b*x+a)))/sqrt(%i*sinh(b*x+a))+1)/sqrt(2)+atan((sqrt(2)*sqrt(cosh(b*x+a)))/sqrt(%i*sinh(b*x+a))-1)/sqrt(2))/2-(log((sqrt(2)*sqrt(cosh(b*x+a)))/sqrt(%i*sinh(b*x+a))-(%i*cosh(b*x+a))/sinh(b*x+a)+1)/2^(3/2)-log(-((sqrt(2)*sqrt(cosh(b*x+a)))/sqrt(%i*sinh(b*x+a)))-(%i*cosh(b*x+a))/sinh(b*x+a)+1)/2^(3/2))/2))/(b*sqrt(sinh(b*x+a)))-(2*sqrt(sinh(b*x+a)))/(b*sqrt(cosh(b*x+a)))
OPTIMAL1 atanh(sqrt(cosh(b*x+a))/sqrt(sinh(b*x+a)))/b-atan(sqrt(cosh(b*x+a))/sqrt(sinh(b*x+a)))/b-(2*sqrt(sinh(b*x+a)))/(b*sqrt(cosh(b*x+a)))
## 6 Hyperbolic functions/6.7 Miscellaneous/6.7.1 Hyperbolic functions.mac e54 L69
GRADE C 262 3
ANSWER -((2*%i*sqrt(sinh(b*x+a))*((atan((sqrt(2)*sqrt(%i*sinh(b*x+a)))/sqrt(cosh(b*x+a))+1)/sqrt(2)+atan((sqrt(2)*sqrt(%i*sinh(b*x+a)))/sqrt(cosh(b*x+a))-1)/sqrt(2))/2-(log((sqrt(2)*sqrt(%i*sinh(b*x+a)))/sqrt(cosh(b*x+a))+(%i*sinh(b*x+a))/cosh(b*x+a)+1)/2^(3/2)-log(-((sqrt(2)*sqrt(%i*sinh(b*x+a)))/sqrt(cosh(b*x+a)))+(%i*sinh(b*x+a))/cosh(b*x+a)+1)/2^(3/2))/2))/(b*sqrt(%i*sinh(b*x+a))))-(2*sqrt(cosh(b*x+a)))/(b*sqrt(sinh(b*x+a)))
OPTIMAL1 atanh(sqrt(sinh(b*x+a))/sqrt(cosh(b*x+a)))/b-atan(sqrt(sinh(b*x+a))/sqrt(cosh(b*x+a)))/b-(2*sqrt(cosh(b*x+a)))/(b*sqrt(sinh(b*x+a)))
## 6 Hyperbolic functions/6.7 Miscellaneous/6.7.1 Hyperbolic functions.mac e55 L70
GRADE C 264 3
ANSWER (2*%i*sqrt(%i*sinh(b*x+a))*((atan((sqrt(2)*sqrt(cosh(b*x+a)))/sqrt(%i*sinh(b*x+a))+1)/sqrt(2)+atan((sqrt(2)*sqrt(cosh(b*x+a)))/sqrt(%i*sinh(b*x+a))-1)/sqrt(2))/2-(log((sqrt(2)*sqrt(cosh(b*x+a)))/sqrt(%i*sinh(b*x+a))-(%i*cosh(b*x+a))/sinh(b*x+a)+1)/2^(3/2)-log(-((sqrt(2)*sqrt(cosh(b*x+a)))/sqrt(%i*sinh(b*x+a)))-(%i*cosh(b*x+a))/sinh(b*x+a)+1)/2^(3/2))/2))/(b*sqrt(sinh(b*x+a)))-(2*cosh(b*x+a)^(3/2))/(3*b*sinh(b*x+a)^(3/2))
OPTIMAL1 atanh(sqrt(cosh(b*x+a))/sqrt(sinh(b*x+a)))/b-atan(sqrt(cosh(b*x+a))/sqrt(sinh(b*x+a)))/b-(2*cosh(b*x+a)^(3/2))/(3*b*sinh(b*x+a)^(3/2))
## 6 Hyperbolic functions/6.7 Miscellaneous/6.7.1 Hyperbolic functions.mac e56 L71
GRADE C 300 3
ANSWER (%i*sqrt(%i*sinh(b*x+a))*((2*%i*((atan((sqrt(2)*sqrt(%i*sinh(b*x+a)))/sqrt(cosh(b*x+a))+1)/sqrt(2)+atan((sqrt(2)*sqrt(%i*sinh(b*x+a)))/sqrt(cosh(b*x+a))-1)/sqrt(2))/2-(log((sqrt(2)*sqrt(%i*sinh(b*x+a)))/sqrt(cosh(b*x+a))+(%i*sinh(b*x+a))/cosh(b*x+a)+1)/2^(3/2)-log(-((sqrt(2)*sqrt(%i*sinh(b*x+a)))/sqrt(cosh(b*x+a)))+(%i*sinh(b*x+a))/cosh(b*x+a)+1)/2^(3/2))/2))/b+(2*%i*sqrt(cosh(b*x+a)))/(b*sqrt(%i*sinh(b*x+a)))))/sqrt(sinh(b*x+a))-(2*cosh(b*x+a)^(5/2))/(5*b*sinh(b*x+a)^(5/2))
OPTIMAL1 atanh(sqrt(sinh(b*x+a))/sqrt(cosh(b*x+a)))/b-atan(sqrt(sinh(b*x+a))/sqrt(cosh(b*x+a)))/b-(2*sqrt(cosh(b*x+a)))/(b*sqrt(sinh(b*x+a)))-(2*cosh(b*x+a)^(5/2))/(5*b*sinh(b*x+a)^(5/2))
## 6 Hyperbolic functions/6.7 Miscellaneous/6.7.1 Hyperbolic functions.mac e57 L72
GRADE C 198 3
ANSWER -((3*%i*sinh(b*x+a)^(1/3)*((log((%i*sinh(b*x+a))^(4/3)/cosh(b*x+a)^(4/3)-(%i*sinh(b*x+a))^(2/3)/cosh(b*x+a)^(2/3)+1)/2+sqrt(3)*atan(((2*(%i*sinh(b*x+a))^(2/3))/cosh(b*x+a)^(2/3)-1)/sqrt(3)))/3-log((%i*sinh(b*x+a))^(2/3)/cosh(b*x+a)^(2/3)+1)/3))/(2*b*(%i*sinh(b*x+a))^(1/3)))-(3*sinh(b*x+a)^(4/3))/(4*b*cosh(b*x+a)^(4/3))
OPTIMAL1 log(sinh(b*x+a)^(4/3)/cosh(b*x+a)^(4/3)+sinh(b*x+a)^(2/3)/cosh(b*x+a)^(2/3)+1)/(4*b)-(sqrt(3)*atan(((2*sinh(b*x+a)^(2/3))/cosh(b*x+a)^(2/3)+1)/sqrt(3)))/(2*b)-log(1-sinh(b*x+a)^(2/3)/cosh(b*x+a)^(2/3))/(2*b)-(3*sinh(b*x+a)^(4/3))/(4*b*cosh(b*x+a)^(4/3))
## 6 Hyperbolic functions/6.7 Miscellaneous/6.7.1 Hyperbolic functions.mac e58 L73
GRADE C 198 3
ANSWER (3*%i*(%i*sinh(b*x+a))^(1/3)*((sqrt(3)*atan(((2*cosh(b*x+a)^(2/3))/(%i*sinh(b*x+a))^(2/3)-1)/sqrt(3))+log(-(cosh(b*x+a)^(2/3)/(%i*sinh(b*x+a))^(2/3))+cosh(b*x+a)^(4/3)/(%i*sinh(b*x+a))^(4/3)+1)/2)/3-log(cosh(b*x+a)^(2/3)/(%i*sinh(b*x+a))^(2/3)+1)/3))/(2*b*sinh(b*x+a)^(1/3))-(3*sinh(b*x+a)^(2/3))/(2*b*cosh(b*x+a)^(2/3))
OPTIMAL1 -((sqrt(3)*atan(((2*cosh(b*x+a)^(2/3))/sinh(b*x+a)^(2/3)+1)/sqrt(3)))/(2*b))+log(cosh(b*x+a)^(2/3)/sinh(b*x+a)^(2/3)+cosh(b*x+a)^(4/3)/sinh(b*x+a)^(4/3)+1)/(4*b)-log(1-cosh(b*x+a)^(2/3)/sinh(b*x+a)^(2/3))/(2*b)-(3*sinh(b*x+a)^(2/3))/(2*b*cosh(b*x+a)^(2/3))
## 6 Hyperbolic functions/6.7 Miscellaneous/6.7.1 Hyperbolic functions.mac e59 L74
GRADE C 299 3
ANSWER (3*%i*(%i*sinh(b*x+a))^(2/3)*(-(log((sqrt(3)*cosh(b*x+a)^(1/3))/(%i*sinh(b*x+a))^(1/3)+cosh(b*x+a)^(2/3)/(%i*sinh(b*x+a))^(2/3)+1)/(4*sqrt(3)))+log(-((sqrt(3)*cosh(b*x+a)^(1/3))/(%i*sinh(b*x+a))^(1/3))+cosh(b*x+a)^(2/3)/(%i*sinh(b*x+a))^(2/3)+1)/(4*sqrt(3))+atan((2*cosh(b*x+a)^(1/3))/(%i*sinh(b*x+a))^(1/3)+sqrt(3))/6+atan((2*cosh(b*x+a)^(1/3))/(%i*sinh(b*x+a))^(1/3)-sqrt(3))/6+atan(cosh(b*x+a)^(1/3)/(%i*sinh(b*x+a))^(1/3))/3))/(b*sinh(b*x+a)^(2/3))-(3*sinh(b*x+a)^(1/3))/(b*cosh(b*x+a)^(1/3))
OPTIMAL1 -((sqrt(3)*atan(((2*cosh(b*x+a)^(1/3))/sinh(b*x+a)^(1/3)+1)/sqrt(3)))/(2*b))+log(cosh(b*x+a)^(1/3)/sinh(b*x+a)^(1/3)+cosh(b*x+a)^(2/3)/sinh(b*x+a)^(2/3)+1)/(4*b)-log(-(cosh(b*x+a)^(1/3)/sinh(b*x+a)^(1/3))+cosh(b*x+a)^(2/3)/sinh(b*x+a)^(2/3)+1)/(4*b)+(sqrt(3)*atan((1-(2*cosh(b*x+a)^(1/3))/sinh(b*x+a)^(1/3))/sqrt(3)))/(2*b)+atanh(cosh(b*x+a)^(1/3)/sinh(b*x+a)^(1/3))/b-(3*sinh(b*x+a)^(1/3))/(b*cosh(b*x+a)^(1/3))
## 6 Hyperbolic functions/6.7 Miscellaneous/6.7.1 Hyperbolic functions.mac e64 L79
GRADE C 299 3
ANSWER -((3*%i*sinh(b*x+a)^(2/3)*(-(log((%i*sinh(b*x+a))^(2/3)/cosh(b*x+a)^(2/3)+(sqrt(3)*(%i*sinh(b*x+a))^(1/3))/cosh(b*x+a)^(1/3)+1)/(4*sqrt(3)))+log((%i*sinh(b*x+a))^(2/3)/cosh(b*x+a)^(2/3)-(sqrt(3)*(%i*sinh(b*x+a))^(1/3))/cosh(b*x+a)^(1/3)+1)/(4*sqrt(3))+atan((2*(%i*sinh(b*x+a))^(1/3))/cosh(b*x+a)^(1/3)+sqrt(3))/6+atan((2*(%i*sinh(b*x+a))^(1/3))/cosh(b*x+a)^(1/3)-sqrt(3))/6+atan((%i*sinh(b*x+a))^(1/3)/cosh(b*x+a)^(1/3))/3))/(b*(%i*sinh(b*x+a))^(2/3)))-(3*cosh(b*x+a)^(1/3))/(b*sinh(b*x+a)^(1/3))
OPTIMAL1 log(sinh(b*x+a)^(2/3)/cosh(b*x+a)^(2/3)+sinh(b*x+a)^(1/3)/cosh(b*x+a)^(1/3)+1)/(4*b)-log(sinh(b*x+a)^(2/3)/cosh(b*x+a)^(2/3)-sinh(b*x+a)^(1/3)/cosh(b*x+a)^(1/3)+1)/(4*b)-(sqrt(3)*atan(((2*sinh(b*x+a)^(1/3))/cosh(b*x+a)^(1/3)+1)/sqrt(3)))/(2*b)+(sqrt(3)*atan((1-(2*sinh(b*x+a)^(1/3))/cosh(b*x+a)^(1/3))/sqrt(3)))/(2*b)+atanh(sinh(b*x+a)^(1/3)/cosh(b*x+a)^(1/3))/b-(3*cosh(b*x+a)^(1/3))/(b*sinh(b*x+a)^(1/3))
## 6 Hyperbolic functions/6.7 Miscellaneous/6.7.1 Hyperbolic functions.mac e65 L80
GRADE C 198 3
ANSWER -((3*%i*sinh(b*x+a)^(1/3)*((log((%i*sinh(b*x+a))^(4/3)/cosh(b*x+a)^(4/3)-(%i*sinh(b*x+a))^(2/3)/cosh(b*x+a)^(2/3)+1)/2+sqrt(3)*atan(((2*(%i*sinh(b*x+a))^(2/3))/cosh(b*x+a)^(2/3)-1)/sqrt(3)))/3-log((%i*sinh(b*x+a))^(2/3)/cosh(b*x+a)^(2/3)+1)/3))/(2*b*(%i*sinh(b*x+a))^(1/3)))-(3*cosh(b*x+a)^(2/3))/(2*b*sinh(b*x+a)^(2/3))
OPTIMAL1 log(sinh(b*x+a)^(4/3)/cosh(b*x+a)^(4/3)+sinh(b*x+a)^(2/3)/cosh(b*x+a)^(2/3)+1)/(4*b)-(sqrt(3)*atan(((2*sinh(b*x+a)^(2/3))/cosh(b*x+a)^(2/3)+1)/sqrt(3)))/(2*b)-log(1-sinh(b*x+a)^(2/3)/cosh(b*x+a)^(2/3))/(2*b)-(3*cosh(b*x+a)^(2/3))/(2*b*sinh(b*x+a)^(2/3))
## 6 Hyperbolic functions/6.7 Miscellaneous/6.7.1 Hyperbolic functions.mac e66 L81
GRADE C 198 3
ANSWER (3*%i*(%i*sinh(b*x+a))^(1/3)*((sqrt(3)*atan(((2*cosh(b*x+a)^(2/3))/(%i*sinh(b*x+a))^(2/3)-1)/sqrt(3))+log(-(cosh(b*x+a)^(2/3)/(%i*sinh(b*x+a))^(2/3))+cosh(b*x+a)^(4/3)/(%i*sinh(b*x+a))^(4/3)+1)/2)/3-log(cosh(b*x+a)^(2/3)/(%i*sinh(b*x+a))^(2/3)+1)/3))/(2*b*sinh(b*x+a)^(1/3))-(3*cosh(b*x+a)^(4/3))/(4*b*sinh(b*x+a)^(4/3))
OPTIMAL1 -((sqrt(3)*atan(((2*cosh(b*x+a)^(2/3))/sinh(b*x+a)^(2/3)+1)/sqrt(3)))/(2*b))+log(cosh(b*x+a)^(2/3)/sinh(b*x+a)^(2/3)+cosh(b*x+a)^(4/3)/sinh(b*x+a)^(4/3)+1)/(4*b)-log(1-cosh(b*x+a)^(2/3)/sinh(b*x+a)^(2/3))/(2*b)-(3*cosh(b*x+a)^(4/3))/(4*b*sinh(b*x+a)^(4/3))
## 6 Hyperbolic functions/6.7 Miscellaneous/6.7.1 Hyperbolic functions.mac e137 L158
GRADE C 74 3
ANSWER cosh((b*c-a*b)/b)*((csch((b*c-a*b)/b)*log(%i*sinh(b*x+a)))/b-(csch((b*c-a*b)/b)*log(%i*sinh(b*x+c)))/b)+x
OPTIMAL1 -((coth(c-a)*log(sinh(b*x+c)))/b)+(coth(c-a)*log(sinh(b*x+a)))/b+x
## 6 Hyperbolic functions/6.7 Miscellaneous/6.7.1 Hyperbolic functions.mac e138 L159
GRADE C 82 3
ANSWER -(cosh((-(b*c)-a*b)/b)*((csch((-(b*c)-a*b)/b)*log(%i*sinh(b*x+a)))/b-(csch((-(b*c)-a*b)/b)*log(%i*sinh(b*x-c)))/b))-x
OPTIMAL1 -((coth(c+a)*log(-sinh(b*x-c)))/b)+(coth(c+a)*log(sinh(b*x+a)))/b-x
## 6 Hyperbolic functions/6.7 Miscellaneous/6.7.1 Hyperbolic functions.mac e141 L162
GRADE C 58 3
ANSWER (csch((b*c-a*b)/b)*log(%i*sinh(b*x+a)))/b-(csch((b*c-a*b)/b)*log(%i*sinh(b*x+c)))/b
OPTIMAL1 (csch(c-a)*log(sinh(b*x+a)))/b-(csch(c-a)*log(sinh(b*x+c)))/b
## 6 Hyperbolic functions/6.7 Miscellaneous/6.7.1 Hyperbolic functions.mac e142 L163
GRADE C 62 3
ANSWER (csch((-(b*c)-a*b)/b)*log(%i*sinh(b*x-c)))/b-(csch((-(b*c)-a*b)/b)*log(%i*sinh(b*x+a)))/b
OPTIMAL1 (csch(c+a)*log(sinh(b*x+a)))/b-(csch(c+a)*log(-sinh(b*x-c)))/b
## 6 Hyperbolic functions/6.7 Miscellaneous/6.7.1 Hyperbolic functions.mac e152 L173
GRADE C 31 3
ANSWER cosh(c-a)*x-(sinh(c-a)*log(%i*sinh(b*x+c)))/b
OPTIMAL1 cosh(c-a)*x-(sinh(c-a)*log(sinh(b*x+c)))/b
## 6 Hyperbolic functions/6.7 Miscellaneous/6.7.1 Hyperbolic functions.mac e164 L185
GRADE C 31 3
ANSWER (cosh(c-a)*log(%i*sinh(b*x+c)))/b-sinh(c-a)*x
OPTIMAL1 (cosh(c-a)*log(sinh(b*x+c)))/b-sinh(c-a)*x
## 6 Hyperbolic functions/6.7 Miscellaneous/6.7.1 Hyperbolic functions.mac e447 L502
GRADE C 51 3
ANSWER (log(%i*sinh(b*x+a))/b^2-(x*coth(b*x+a))/b)/b-(x^2*csch(b*x+a)^2)/(2*b)
OPTIMAL1 log(sinh(b*x+a))/b^3-(x^2*csch(b*x+a)^2)/(2*b)-(x*coth(b*x+a))/b^2
## 6 Hyperbolic functions/6.7 Miscellaneous/6.7.1 Hyperbolic functions.mac e470 L529
GRADE C 15 3
ANSWER log(%i*tanh(b*x+a))/b
OPTIMAL1 log(tanh(b*x+a))/b
## 6 Hyperbolic functions/6.7 Miscellaneous/6.7.1 Hyperbolic functions.mac e497 L558
GRADE C 41 3
ANSWER 4*(log(%i*sinh(2*b*x+2*a))/(4*b^2)-(x*coth(2*b*x+2*a))/(2*b))
OPTIMAL1 log(sinh(2*b*x+2*a))/b^2-(2*x*coth(2*b*x+2*a))/b
## 6 Hyperbolic functions/6.7 Miscellaneous/6.7.1 Hyperbolic functions.mac e575 L650
GRADE C 43 3
ANSWER 2*((%i*cosh(x))/(2*(%i*sinh(x)+1))-(%i*cosh(x))/(2*(1-%i*sinh(x))))-x
OPTIMAL1 2*tanh(x)-x
## 6 Hyperbolic functions/6.7 Miscellaneous/6.7.1 Hyperbolic functions.mac e577 L652
GRADE C 89 3
ANSWER 2*((x/sqrt(2)-sqrt(2)*%i*atan(sinh(x)/(%i*cosh(x)+sqrt(2)+1)))/2+(x/sqrt(2)-sqrt(2)*%i*atan(sinh(x)/(%i*cosh(x)-sqrt(2)-1)))/2)-x
OPTIMAL1 sqrt(2)*atanh(tanh(x)/sqrt(2))-x
## 6 Hyperbolic functions/6.7 Miscellaneous/6.7.1 Hyperbolic functions.mac e1052 L1263
GRADE C 81 3
ANSWER (%i*log(-tanh(b*x+a)^2-sqrt(2)*%i*tanh(b*x+a)+1))/(2^(3/2)*b)-(%i*log(-tanh(b*x+a)^2+sqrt(2)*%i*tanh(b*x+a)+1))/(2^(3/2)*b)
OPTIMAL1 atan(sqrt(2)*tanh(b*x+a)+1)/(sqrt(2)*b)+atan(sqrt(2)*tanh(b*x+a)-1)/(sqrt(2)*b)
## 6 Hyperbolic functions/6.7 Miscellaneous/6.7.1 Hyperbolic functions.mac e1059 L1270
GRADE C 81 3
ANSWER (%i*log(-tanh(b*x+a)^2+sqrt(2)*%i*tanh(b*x+a)+1))/(2^(3/2)*b)-(%i*log(-tanh(b*x+a)^2-sqrt(2)*%i*tanh(b*x+a)+1))/(2^(3/2)*b)
OPTIMAL1 -(atan(sqrt(2)*tanh(b*x+a)+1)/(sqrt(2)*b))-atan(sqrt(2)*tanh(b*x+a)-1)/(sqrt(2)*b)
