# 186 numeric-mismatch entries; points x = [0.35, 0.65, 1.7]; tol 1e-09
# columns per point: x  |rubi resid|  |corpus resid|  |d(rubi - corpus)|

== rubi-only  1 Algebraic functions/1.1 Binomial products/1.1.4 Improper/1.1.4.3 (e x)^m (a x^j+b x^k)^p (c+d x^n)^q.mac e147 L166
   f      x^5*(A+B*x^2)/(b*x^2+c*x^4)^(3/2)
   rubi   (((-((B*c^2*x^4)/(-(c*x^2)-b))-(A*c^2*x^2)/(-(c*x^2)-b)-(A*b*c)/(-(c*x^2)-b)+(B*b^2)/(-(c*x^2)-b))*(sqrt(c*x^4+b*x^2)/c-(b*atanh((sqrt(c)*x^2)/sqrt(c*x^4+b*x^2)))/c^(3/2)))/(c^2*x^2)-(2*(A*c-B*b)*x^2)/(c^2*sqrt(c*x^4+b*x^2)))/2
   corpus -1/2*(3*b*B-2*A*c)*atanh(x^2*sqrt(c)/sqrt(b*x^2+c*x^4))/c^(5/2)-(b*B-A*c)*x^4/(b*c*sqrt(b*x^2+c*x^4))+1/2*(3*b*B-2*A*c)*sqrt(b*x^2+c*x^4)/(b*c^2)
                     0.35       3.505990653292692                       0       3.505990653292693
                     0.65      3.3953643737859553   8.881784197001252e-16       3.395364373785956
                      1.7       2.788278037373209   8.881784197001252e-16       2.788278037373207

== rubi-only  1 Algebraic functions/1.2 Trinomial products/1.2.1 Quadratic/1.2.1.2 (d+e x)^m (a+b x+c x^2)^p.mac e1786 L2027
   f      (a*c+(b*c+a*d)*x+b*d*x^2)^3
   rubi   ((3*(2*b*d*(-sqrt(a^2*d^2-2*a*b*c*d+b^2*c^2)+a*d+b*c)-2*b*d*(sqrt(a^2*d^2-2*a*b*c*d+b^2*c^2)+a*d+b*c))*(((2*b*d*(-sqrt(a^2*d^2-2*a*b*c*d+b^2*c^2)+a*d+b*c)-2*b*d*(sqrt(a^2*d^2-2*a*b*c*d+b^2*c^2)+a*d+b*c))*(2*b*d*x+sqrt(a^2*d^2-2*a*b*c*d+b^2*c^2)+a*d+b*c)^5)/(60*b^2*d^2)+((2*b*d*x-sqrt(a^2*d^2-2*a*b*c*d+b^2*c^2)+a*d+b*c)^2*(2*b*d*x+sqrt(a^2*d^2-2*a*b*c*d+b^2*c^2)+a*d+b*c)^4)/(12*b*d)))/(14*b*d)+((2*b*d*x-sqrt(a^2*d^2-2*a*b*c*d+b^2*c^2)+a*d+b*c)^3*(2*b*d*x+sqrt(a^2*d^2-2*a*b*c*d+b^2*c^2)+a*d+b*c)^4)/(14*b*d))/(64*b^3*d^3)
   corpus -1/4*(b*c-a*d)^3*(c+d*x)^4/d^4+3/5*b*(b*c-a*d)^2*(c+d*x)^5/d^4-1/2*b^2*(b*c-a*d)*(c+d*x)^6/d^4+1/7*b^3*(c+d*x)^7/d^4
                     0.35    6.625974141356572e-4   4.440892098500626e-16    6.625974141361013e-4
                     0.65   0.0014152010591068631  2.6645352591003757e-15   0.0014152010591095276
                      1.7    0.008011484893529541  1.4210854715202004e-13    0.008011484893387433

== rubi-only  1 Algebraic functions/1.2 Trinomial products/1.2.1 Quadratic/1.2.1.2 (d+e x)^m (a+b x+c x^2)^p.mac e1853 L2100
   f      (a*d*e+(c*d^2+a*e^2)*x+c*d*e*x^2)^3
   rubi   ((3*(2*c*d*e*(-sqrt(a^2*e^4-2*a*c*d^2*e^2+c^2*d^4)+a*e^2+c*d^2)-2*c*d*e*(sqrt(a^2*e^4-2*a*c*d^2*e^2+c^2*d^4)+a*e^2+c*d^2))*(((2*c*d*e*(-sqrt(a^2*e^4-2*a*c*d^2*e^2+c^2*d^4)+a*e^2+c*d^2)-2*c*d*e*(sqrt(a^2*e^4-2*a*c*d^2*e^2+c^2*d^4)+a*e^2+c*d^2))*(2*c*d*e*x+sqrt(a^2*e^4-2*a*c*d^2*e^2+c^2*d^4)+a*e^2+c*d^2)^5)/(60*c^2*d^2*e^2)+((2*c*d*e*x-sqrt(a^2*e^4-2*a*c*d^2*e^2+c^2*d^4)+a*e^2+c*d^2)^2*(2*c*d*e*x+sqrt(a^2*e^4-2*a*c*d^2*e^2+c^2*d^4)+a*e^2+c*d^2)^4)/(12*c*d*e)))/(14*c*d*e)+((2*c*d*e*x-sqrt(a^2*e^4-2*a*c*d^2*e^2+c^2*d^4)+a*e^2+c*d^2)^3*(2*c*d*e*x+sqrt(a^2*e^4-2*a*c*d^2*e^2+c^2*d^4)+a*e^2+c*d^2)^4)/(14*c*d*e))/(64*c^3*d^3*e^3)
   corpus -1/4*(c*d^2-a*e^2)^3*(d+e*x)^4/e^4+3/5*c*d*(c*d^2-a*e^2)^2*(d+e*x)^5/e^4-1/2*c^2*d^2*(c*d^2-a*e^2)*(d+e*x)^6/e^4+1/7*c^3*d^3*(d+e*x)^7/e^4
                     0.35      0.7580377021268592  1.7763568394002505e-15      0.7580377021268574
                     0.65      1.0582903722548505                       0      1.0582903722548505
                      1.7      2.7118401491108415   5.684341886080802e-14      2.7118401491108983

== rubi-only  1 Algebraic functions/1.2 Trinomial products/1.2.1 Quadratic/1.2.1.2 (d+e x)^m (a+b x+c x^2)^p.mac e782 L911
   f      sqrt(a^2-b^2*x^2)/(a+b*x)^2
   rubi   -((2*sqrt(a^2-b^2*x^2))/(b*(b*x+a)))
   corpus -atan(b*x/sqrt(a^2-b^2*x^2))/b-2*sqrt(a^2-b^2*x^2)/(b*(a+b*x))
                     0.35       1.287805711560421   5.551115123125783e-17       1.287805711560421
                     0.65        3.22790644952533   6.800116025829084e-16       3.227906449525329
                      1.7      0.4954321179344495  1.1102230246251565e-16      0.4954321179344494

== rubi-only  1 Algebraic functions/1.2 Trinomial products/1.2.1 Quadratic/1.2.1.2 (d+e x)^m (a+b x+c x^2)^p.mac e793 L922
   f      (a^2-b^2*x^2)^(3/2)/(a+b*x)^3
   rubi   (sqrt(a^2-b^2*x^2)*(-((b^2*x^2)/(b*x+a))+(2*a*b*x)/(b*x+a)+(3*a^2)/(b*x+a)))/(b^2*x)-(4*a*sqrt(a^2-b^2*x^2))/(b*(b*x+a))
   corpus -2*(a^2-b^2*x^2)^(3/2)/(b*(a+b*x)^2)-3*a*atan(b*x/sqrt(a^2-b^2*x^2))/b-3*sqrt(a^2-b^2*x^2)/b
                     0.35      10.127228847269606  3.3306690738754696e-16      10.127228847269606
                     0.65      1.1714652400568912   3.712308238590367e-16        1.17146524005689
                      1.7      1.1158223577582769   2.220446049250313e-16      1.1158223577582769

== rubi-only  1 Algebraic functions/1.2 Trinomial products/1.2.1 Quadratic/1.2.1.2 (d+e x)^m (a+b x+c x^2)^p.mac e794 L923
   f      (a^2-b^2*x^2)^(3/2)/(a+b*x)^4
   rubi   (2*sqrt(a^2-b^2*x^2))/(b*(b*x+a))-(2*(a^2-b^2*x^2)^(3/2))/(3*b*(b*x+a)^3)
   corpus -2/3*(a^2-b^2*x^2)^(3/2)/(b*(a+b*x)^3)+atan(b*x/sqrt(a^2-b^2*x^2))/b+2*sqrt(a^2-b^2*x^2)/(b*(a+b*x))
                     0.35       1.287805711560421   8.326672684688674e-17       1.287805711560421
                     0.65      3.2279064495253293   6.852157730108388e-16       3.227906449525329
                      1.7      0.4954321179344495   1.942890293094024e-16      0.4954321179344494

== rubi-only  1 Algebraic functions/1.2 Trinomial products/1.2.1 Quadratic/1.2.1.2 (d+e x)^m (a+b x+c x^2)^p.mac e809 L938
   f      (d^2-e^2*x^2)^(7/2)/(d+e*x)^7
   rubi   -((2*(d^2-e^2*x^2)^(7/2))/(5*e*(e*x+d)^6))-(7*(-((2*(d^2-e^2*x^2)^(5/2))/(3*e*(e*x+d)^4))-(5*((sqrt(d^2-e^2*x^2)*(-((e^2*x^2)/(e*x+d))+(2*d*e*x)/(e*x+d)+(3*d^2)/(e*x+d)))/(e^2*x)-(4*d*sqrt(d^2-e^2*x^2))/(e*(e*x+d))))/3))/5
   corpus -14/3*(d^2-e^2*x^2)^(3/2)/(e*(d+e*x)^2)+14/15*(d^2-e^2*x^2)^(5/2)/(e*(d+e*x)^4)-2/5*(d^2-e^2*x^2)^(7/2)/(e*(d+e*x)^6)-7*d*atan(e*x/sqrt(d^2-e^2*x^2))/e-7*sqrt(d^2-e^2*x^2)/e
                     0.35       34.57596172563578    4.85722573273506e-16       34.57596172563578
                     0.65      6.7359769657426005   4.320545657354735e-16         6.7359769657426
                      1.7      2.9531335532126897  1.3600232051658168e-15      2.9531335532126883

== rubi-only  1 Algebraic functions/1.2 Trinomial products/1.2.1 Quadratic/1.2.1.2 (d+e x)^m (a+b x+c x^2)^p.mac e810 L939
   f      (d^2-e^2*x^2)^(7/2)/(d+e*x)^8
   rubi   -((2*(d^2-e^2*x^2)^(7/2))/(7*e*(e*x+d)^7))+(2*(d^2-e^2*x^2)^(5/2))/(5*e*(e*x+d)^5)-(2*(d^2-e^2*x^2)^(3/2))/(3*e*(e*x+d)^3)+(2*sqrt(d^2-e^2*x^2))/(e*(e*x+d))
   corpus -2/3*(d^2-e^2*x^2)^(3/2)/(e*(d+e*x)^3)+2/5*(d^2-e^2*x^2)^(5/2)/(e*(d+e*x)^5)-2/7*(d^2-e^2*x^2)^(7/2)/(e*(d+e*x)^7)+atan(e*x/sqrt(d^2-e^2*x^2))/e+2*sqrt(d^2-e^2*x^2)/(e*(d+e*x))
                     0.35       1.229263033408195   1.942890293094024e-16      1.2292630334081953
                     0.65      1.8294808692700286  3.9502906154509354e-16       1.829480869270029
                      1.7       0.610062385118949  5.0306980803327406e-17      0.6100623851189487

== rubi-only  1 Algebraic functions/1.2 Trinomial products/1.2.1 Quadratic/1.2.1.2 (d+e x)^m (a+b x+c x^2)^p.mac e824 L953
   f      sqrt(1-x^2)/(1-x)^2
   rubi   (2*sqrt(1-x^2))/(1-x)
   corpus -asin(x)+2*sqrt(1-x^2)/(1-x)
                     0.35      1.0675210253672476                       0      1.0675210253672476
                     0.65      1.3159033899195371   8.881784197001252e-16       1.315903389919538
                      1.7      0.7273929674533086   4.440892098500626e-16      0.7273929674533081

== rubi-only  1 Algebraic functions/1.2 Trinomial products/1.2.1 Quadratic/1.2.1.2 (d+e x)^m (a+b x+c x^2)^p.mac e837 L968
   f      (d+e*x)^5/(d^2-e^2*x^2)^(5/2)
   rubi   (2*(e*x+d)^4)/(3*e*(d^2-e^2*x^2)^(3/2))-(5*((4*d*(e*x+d))/(e*sqrt(d^2-e^2*x^2))+(sqrt(d^2-e^2*x^2)*(-((e^2*x^2)/(d-e*x))-(2*d*e*x)/(d-e*x)+(3*d^2)/(d-e*x)))/(e^2*x)))/3
   corpus 2/3*(d+e*x)^4/(e*(d^2-e^2*x^2)^(3/2))+5*d*atan(e*x/sqrt(d^2-e^2*x^2))/e-10/3*(d+e*x)^2/(e*sqrt(d^2-e^2*x^2))-5*sqrt(d^2-e^2*x^2)/e
                     0.35      24.697115518311264   5.329070518200751e-15       24.69711551831127
                     0.65       4.811412118387537   3.019806626980426e-14       4.811412118387571
                      1.7      2.1093811094376314   3.552713678800501e-15       2.109381109437635

== rubi-only  1 Algebraic functions/1.2 Trinomial products/1.2.1 Quadratic/1.2.1.2 (d+e x)^m (a+b x+c x^2)^p.mac e848 L979
   f      (d+e*x)^7/(d^2-e^2*x^2)^(7/2)
   rubi   (2*(e*x+d)^6)/(5*e*(d^2-e^2*x^2)^(5/2))-(7*((2*(e*x+d)^4)/(3*e*(d^2-e^2*x^2)^(3/2))-(5*((4*d*(e*x+d))/(e*sqrt(d^2-e^2*x^2))+(sqrt(d^2-e^2*x^2)*(-((e^2*x^2)/(d-e*x))-(2*d*e*x)/(d-e*x)+(3*d^2)/(d-e*x)))/(e^2*x)))/3))/5
   corpus 2/5*(d+e*x)^6/(e*(d^2-e^2*x^2)^(5/2))-14/15*(d+e*x)^4/(e*(d^2-e^2*x^2)^(3/2))-7*d*atan(e*x/sqrt(d^2-e^2*x^2))/e+14/3*(d+e*x)^2/(e*sqrt(d^2-e^2*x^2))+7*sqrt(d^2-e^2*x^2)/e
                     0.35       34.57596172563577   4.440892098500626e-15       34.57596172563577
                     0.65        6.73597696574268  1.5631940186722204e-13       6.735976965742509
                      1.7      2.9531335532126874   4.440892098500626e-16       2.953133553212691

== rubi-only  1 Algebraic functions/1.2 Trinomial products/1.2.1 Quadratic/1.2.1.3 (d+e x)^m (f+g x) (a+b x+c x^2)^p.mac e122 L141
   f      x^2*(A+B*x)/(b*x+c*x^2)^(3/2)
   rubi   ((-((B*c^2*x^2)/(-(c*x)-b))-(A*c^2*x)/(-(c*x)-b)-(A*b*c)/(-(c*x)-b)+(B*b^2)/(-(c*x)-b))*(sqrt(c*x^2+b*x)/c-(b*atanh((sqrt(c)*x)/sqrt(c*x^2+b*x)))/c^(3/2)))/(c^2*x)-(2*(A*c-B*b)*x)/(c^2*sqrt(c*x^2+b*x))
   corpus -(3*b*B-2*A*c)*atanh(x*sqrt(c)/sqrt(b*x+c*x^2))/c^(5/2)-2*(b*B-A*c)*x^2/(b*c*sqrt(b*x+c*x^2))+(3*b*B-2*A*c)*sqrt(b*x+c*x^2)/(b*c^2)
                     0.35      5.7824945969367105  1.7763568394002505e-15       5.782494596936709
                     0.65       4.116931717319664   5.329070518200751e-15       4.116931717319658
                      1.7       2.324622094998815  1.7763568394002505e-15       2.324622094998813

== rubi-only  1 Algebraic functions/1.2 Trinomial products/1.2.1 Quadratic/1.2.1.4 (d+e x)^m (f+g x)^n (a+b x+c x^2)^p.mac e121 L152
   f      x^2/((d+e*x)*sqrt(d^2-e^2*x^2))
   rubi   (sqrt(d^2-e^2*x^2)*(d^2/(e*x+d)-(e^2*x^2)/(e*x+d)))/(e^4*x)-(d*sqrt(d^2-e^2*x^2))/(e^3*(e*x+d))
   corpus -d*atan(e*x/sqrt(d^2-e^2*x^2))/e^3-sqrt(d^2-e^2*x^2)/e^3-d*sqrt(d^2-e^2*x^2)/(e^3*(d+e*x))
                     0.35      4.0821678542663244   2.220446049250313e-16       4.082167854266324
                     0.65      0.7952747303119957  3.0531133177191805e-16      0.7952747303119956
                      1.7     0.34865803461779077                       0      0.3486580346177909

== rubi-only  1 Algebraic functions/1.2 Trinomial products/1.2.1 Quadratic/1.2.1.4 (d+e x)^m (f+g x)^n (a+b x+c x^2)^p.mac e122 L153
   f      x/((d+e*x)*sqrt(d^2-e^2*x^2))
   rubi   sqrt(d^2-e^2*x^2)/(e^2*(e*x+d))
   corpus atan(e*x/sqrt(d^2-e^2*x^2))/e^2+sqrt(d^2-e^2*x^2)/(e^2*(d+e*x))
                     0.35      1.1175118485529043   3.885780586188048e-16      1.1175118485529048
                     0.65       1.663164426609117   2.220446049250313e-16      1.6631644266091172
                      1.7      0.5546021682899533                       0      0.5546021682899533

== rubi-only  1 Algebraic functions/1.2 Trinomial products/1.2.1 Quadratic/1.2.1.4 (d+e x)^m (f+g x)^n (a+b x+c x^2)^p.mac e124 L155
   f      1/(x*(d+e*x)*sqrt(d^2-e^2*x^2))
   rubi   sqrt(d^2-e^2*x^2)/(d^2*(e*x+d))
   corpus -atanh(sqrt(d^2-e^2*x^2)/d)/d^2+sqrt(d^2-e^2*x^2)/(d^2*(d+e*x))
                     0.35      3.9024223282799837                       0      3.9024223282799837
                     0.65       3.127317725247912                       0       3.127317725247912
                      1.7      0.3987335850450646  1.6653345369377348e-16     0.39873358504506445

== rubi-only  1 Algebraic functions/1.2 Trinomial products/1.2.1 Quadratic/1.2.1.4 (d+e x)^m (f+g x)^n (a+b x+c x^2)^p.mac e125 L156
   f      1/(x^2*(d+e*x)*sqrt(d^2-e^2*x^2))
   rubi   -((e*sqrt(d^2-e^2*x^2))/(d^3*(e*x+d)))
   corpus e*atanh(sqrt(d^2-e^2*x^2)/d)/d^3-2*sqrt(d^2-e^2*x^2)/(d^3*x)+sqrt(d^2-e^2*x^2)/(d^2*x*(d+e*x))
                     0.35       6.380150790679974   8.881784197001252e-16       6.380150790679977
                     0.65      0.9889808190954934  1.7763568394002505e-15      0.9889808190954912
                      1.7     0.25279188071484493   5.551115123125783e-17      0.2527918807148448

== rubi-only  1 Algebraic functions/1.2 Trinomial products/1.2.1 Quadratic/1.2.1.4 (d+e x)^m (f+g x)^n (a+b x+c x^2)^p.mac e126 L157
   f      1/(x^3*(d+e*x)*sqrt(d^2-e^2*x^2))
   rubi   (e^2*sqrt(d^2-e^2*x^2))/(d^4*(e*x+d))
   corpus -3/2*e^2*atanh(sqrt(d^2-e^2*x^2)/d)/d^4-3/2*sqrt(d^2-e^2*x^2)/(d^3*x^2)+2*e*sqrt(d^2-e^2*x^2)/(d^4*x)+sqrt(d^2-e^2*x^2)/(d^2*x^2*(d+e*x))
                     0.35      24.058546724787842   7.105427357601002e-15       24.05854672478786
                     0.65       6.193181109923708                       0       6.193181109923708
                      1.7     0.44693795283854293  1.1102230246251565e-16       0.446937952838543

== rubi-only  1 Algebraic functions/1.2 Trinomial products/1.2.1 Quadratic/1.2.1.4 (d+e x)^m (f+g x)^n (a+b x+c x^2)^p.mac e151 L182
   f      x^2/((1+a*x)*sqrt(1-a^2*x^2))
   rubi   (sqrt(1-a^2*x^2)*(1/(a*x+1)-(a^2*x^2)/(a*x+1)))/(a^4*x)-sqrt(1-a^2*x^2)/(a^3*(a*x+1))
   corpus -asin(a*x)/a^3-sqrt(1-a^2*x^2)/a^3-sqrt(1-a^2*x^2)/(a^3*(1+a*x))
                     0.35       11.80869853737135   2.220446049250313e-16       11.80869853737135
                     0.65      2.9257817768380425  1.1102230246251565e-16      2.9257817768380425
                      1.7       0.610703367660536  2.7755575615628914e-16      0.6107033676605356

== rubi-only  1 Algebraic functions/1.2 Trinomial products/1.2.1 Quadratic/1.2.1.4 (d+e x)^m (f+g x)^n (a+b x+c x^2)^p.mac e152 L183
   f      x/((1+a*x)*sqrt(1-a^2*x^2))
   rubi   sqrt(1-a^2*x^2)/(a^2*(a*x+1))
   corpus asin(a*x)/a^2+sqrt(1-a^2*x^2)/(a^2*(1+a*x))
                     0.35      1.1707100009809386  1.1102230246251565e-16      1.1707100009809386
                     0.65      1.3699944536058069                       0      1.3699944536058069
                      1.7      0.9595316295181551   2.220446049250313e-16      0.9595316295181553

== rubi-only  1 Algebraic functions/1.2 Trinomial products/1.2.1 Quadratic/1.2.1.4 (d+e x)^m (f+g x)^n (a+b x+c x^2)^p.mac e154 L185
   f      1/(x*(1-a*x)*sqrt(1-a^2*x^2))
   rubi   sqrt(1-a^2*x^2)/(1-a*x)
   corpus -atanh(sqrt(1-a^2*x^2))+sqrt(1-a^2*x^2)/(1-a*x)
                     0.35      3.0103971453795557                       0       3.010397145379556
                     0.65       1.896915397300348   8.881784197001252e-16      1.8969153973003476
                      1.7       0.507987333274317   4.440892098500626e-16      0.5079873332743176

== rubi-only  1 Algebraic functions/1.2 Trinomial products/1.2.1 Quadratic/1.2.1.4 (d+e x)^m (f+g x)^n (a+b x+c x^2)^p.mac e155 L186
   f      1/(x^2*(1-a*x)*sqrt(1-a^2*x^2))
   rubi   (a*sqrt(1-a^2*x^2))/(1-a*x)
   corpus -a*atanh(sqrt(1-a^2*x^2))-2*sqrt(1-a^2*x^2)/x+sqrt(1-a^2*x^2)/(x*(1-a*x))
                     0.35      11.310492131926049                       0      11.310492131926049
                     0.65       4.625555238032387                       0       4.625555238032385
                      1.7      0.7560046783435426   8.881784197001252e-16      0.7560046783435435

== rubi-only  1 Algebraic functions/1.2 Trinomial products/1.2.1 Quadratic/1.2.1.4 (d+e x)^m (f+g x)^n (a+b x+c x^2)^p.mac e156 L187
   f      1/(x^3*(1-a*x)*sqrt(1-a^2*x^2))
   rubi   (a^2*sqrt(1-a^2*x^2))/(1-a*x)
   corpus -3/2*a^2*atanh(sqrt(1-a^2*x^2))-3/2*sqrt(1-a^2*x^2)/x^2-2*a*sqrt(1-a^2*x^2)/x+sqrt(1-a^2*x^2)/(x^2*(1-a*x))
                     0.35      34.754113493260434  1.4210854715202004e-14       34.75411349326042
                     0.65       8.652740299555415   3.552713678800501e-15        8.65274029955541
                      1.7       0.856178374271928   4.440892098500626e-16      0.8561783742719289

== rubi-only  1 Algebraic functions/1.2 Trinomial products/1.2.1 Quadratic/1.2.1.4 (d+e x)^m (f+g x)^n (a+b x+c x^2)^p.mac e17 L30
   f      x^2*(d+e*x)/(d^2-e^2*x^2)^(3/2)
   rubi   (d*(e*x+d))/(e^3*sqrt(d^2-e^2*x^2))+(sqrt(d^2-e^2*x^2)*(d^2/(d-e*x)-(e^2*x^2)/(d-e*x)))/(e^4*x)
   corpus -d*atan(e*x/sqrt(d^2-e^2*x^2))/e^3+d*(d+e*x)/(e^3*sqrt(d^2-e^2*x^2))+sqrt(d^2-e^2*x^2)/e^3
                     0.35       4.082167854266324   2.220446049250313e-16       4.082167854266324
                     0.65      0.7952747303119947   4.440892098500626e-16      0.7952747303119947
                      1.7      0.3486580346177905   5.551115123125783e-16      0.3486580346177911

== rubi-only  1 Algebraic functions/1.2 Trinomial products/1.2.1 Quadratic/1.2.1.4 (d+e x)^m (f+g x)^n (a+b x+c x^2)^p.mac e181 L224
   f      x^3/((d+e*x)^3*sqrt(d^2-e^2*x^2))
   rubi   (d^2*(d-e*x)^3)/(5*e^4*(d^2-e^2*x^2)^(5/2))-((13*d^2*(d-e*x)^2)/(3*e^4*(d^2-e^2*x^2)^(3/2))-(32*d*(d-e*x))/(3*e^4*sqrt(d^2-e^2*x^2)))/(5*d)
   corpus 1/5*d^2*(d-e*x)^3/(e^4*(d^2-e^2*x^2)^(5/2))-13/15*d*(d-e*x)^2/(e^4*(d^2-e^2*x^2)^(3/2))+atan(e*x/sqrt(d^2-e^2*x^2))/e^4+32/15*(d-e*x)/(e^4*sqrt(d^2-e^2*x^2))
                     0.35      0.9235635112007473   8.881784197001252e-16      0.9235635112007481
                     0.65      1.3745160550488564   8.881784197001252e-16      1.3745160550488573
                      1.7     0.45834889941318435   2.220446049250313e-16      0.4583488994131846

== rubi-only  1 Algebraic functions/1.2 Trinomial products/1.2.1 Quadratic/1.2.1.4 (d+e x)^m (f+g x)^n (a+b x+c x^2)^p.mac e190 L237
   f      x^3*sqrt(d^2-e^2*x^2)/(d+e*x)^4
   rubi   (-(d^3*(-((d^2-e^2*x^2)^(3/2)/(15*d^2*e*(e*x+d)^3))-(d^2-e^2*x^2)^(3/2)/(5*d*e*(e*x+d)^4)))-(d*(d^2-e^2*x^2)^(3/2))/(e*(e*x+d)^3)+(8*d*sqrt(d^2-e^2*x^2))/(e*(e*x+d)))/e^3-(d^2-e^2*x^2)^(3/2)/(e^4*(e*x+d)^2)
   corpus 1/5*d^2*(d^2-e^2*x^2)^(3/2)/(e^4*(d+e*x)^4)-14/15*d*(d^2-e^2*x^2)^(3/2)/(e^4*(d+e*x)^3)-(d^2-e^2*x^2)^(3/2)/(e^4*(d+e*x)^2)+4*d*atan(e*x/sqrt(d^2-e^2*x^2))/e^4+8*d*sqrt(d^2-e^2*x^2)/(e^4*(d+e*x))
                     0.35      3.3248286403226905  1.4432899320127035e-15       3.324828640322692
                     0.65      4.9482577981758835   9.992007221626409e-16       4.948257798175884
                      1.7      1.6500560378874645  1.1102230246251565e-16      1.6500560378874642

== rubi-only  1 Algebraic functions/1.2 Trinomial products/1.2.1 Quadratic/1.2.1.4 (d+e x)^m (f+g x)^n (a+b x+c x^2)^p.mac e191 L238
   f      x^2*sqrt(d^2-e^2*x^2)/(d+e*x)^4
   rubi   (d^2*(-((d^2-e^2*x^2)^(3/2)/(15*d^2*e*(e*x+d)^3))-(d^2-e^2*x^2)^(3/2)/(5*d*e*(e*x+d)^4)))/e^2+(2*(d^2-e^2*x^2)^(3/2))/(3*e^3*(e*x+d)^3)-(2*sqrt(d^2-e^2*x^2))/(e^3*(e*x+d))
   corpus -1/5*d*(d^2-e^2*x^2)^(3/2)/(e^3*(d+e*x)^4)+3/5*(d^2-e^2*x^2)^(3/2)/(e^3*(d+e*x)^3)-atan(e*x/sqrt(d^2-e^2*x^2))/e^3-2*sqrt(d^2-e^2*x^2)/(e^3*(d+e*x))
                     0.35      1.0159198623208223  1.6653345369377348e-16      1.0159198623208223
                     0.65      1.5119676605537424   2.636779683484747e-16      1.5119676605537422
                      1.7       0.504183789354503   4.163336342344337e-17       0.504183789354503

== rubi-only  1 Algebraic functions/1.2 Trinomial products/1.2.1 Quadratic/1.2.1.4 (d+e x)^m (f+g x)^n (a+b x+c x^2)^p.mac e205 L252
   f      (d^2-e^2*x^2)^(5/2)/(x^2*(d+e*x)^4)
   rubi   -((8*e*sqrt(d^2-e^2*x^2))/(e*x+d))
   corpus -e*atan(e*x/sqrt(d^2-e^2*x^2))+4*e*atanh(sqrt(d^2-e^2*x^2)/d)-8*e*(d-e*x)/sqrt(d^2-e^2*x^2)-sqrt(d^2-e^2*x^2)/x
                     0.35       7.267453227510614                       0       7.267453227510613
                     0.65        9.85202511428379   3.552713678800501e-15       9.852025114283792
                      1.7      1.9882756398605077   2.220446049250313e-16       1.988275639860508

== rubi-only  1 Algebraic functions/1.2 Trinomial products/1.2.1 Quadratic/1.2.1.4 (d+e x)^m (f+g x)^n (a+b x+c x^2)^p.mac e206 L253
   f      (d^2-e^2*x^2)^(5/2)/(x^3*(d+e*x)^4)
   rubi   (8*e^2*sqrt(d^2-e^2*x^2))/(d*(e*x+d))
   corpus -15/2*e^2*atanh(sqrt(d^2-e^2*x^2)/d)/d+8*e^2*(d-e*x)/(d*sqrt(d^2-e^2*x^2))-1/2*sqrt(d^2-e^2*x^2)/x^2+4*e*sqrt(d^2-e^2*x^2)/(d*x)
                     0.35      13.233751245373476   7.105427357601002e-15      13.233751245373469
                     0.65       12.08823030807706                       0      12.088230308077058
                      1.7       2.304193087112304   4.440892098500626e-16      2.3041930871123038

== rubi-only  1 Algebraic functions/1.2 Trinomial products/1.2.1 Quadratic/1.2.1.4 (d+e x)^m (f+g x)^n (a+b x+c x^2)^p.mac e210 L257
   f      x^2*sqrt(1-a^2*x^2)/(1-a*x)^4
   rubi   ((1-a^2*x^2)^(3/2)/(5*a*(a*x-1)^4)-(1-a^2*x^2)^(3/2)/(15*a*(a*x-1)^3))/a^2+(2*(1-a^2*x^2)^(3/2))/(3*a^3*(a*x-1)^3)-(2*sqrt(1-a^2*x^2))/(a^3*(a*x-1))
   corpus 1/5*(1-a^2*x^2)^(3/2)/(a^3*(1-a*x)^4)-3/5*(1-a^2*x^2)^(3/2)/(a^3*(1-a*x)^3)-asin(a*x)/a^3+2*sqrt(1-a^2*x^2)/(a^3*(1-a*x))
                     0.35      1.3007888899788203                       0      1.3007888899788211
                     0.65      1.5222160595620196   7.105427357601002e-15      1.5222160595620196
                      1.7      1.0661462550201755                       0      1.0661462550201755

== rubi-only  1 Algebraic functions/1.2 Trinomial products/1.2.1 Quadratic/1.2.1.4 (d+e x)^m (f+g x)^n (a+b x+c x^2)^p.mac e32 L45
   f      x^2*(1-a*x)/(1-a^2*x^2)^(3/2)
   rubi   (a*x-1)/(a^3*sqrt(1-a^2*x^2))+(sqrt(1-a^2*x^2)*(1/(a*x+1)-(a^2*x^2)/(a*x+1)))/(a^4*x)
   corpus -asin(a*x)/a^3+(-1+a*x)/(a^3*sqrt(1-a^2*x^2))-sqrt(1-a^2*x^2)/a^3
                     0.35       11.80869853737135   5.551115123125783e-17       11.80869853737135
                     0.65       2.925781776838043   2.220446049250313e-16      2.9257817768380425
                      1.7      0.6107033676605357   2.220446049250313e-16      0.6107033676605356

== rubi-only  1 Algebraic functions/1.2 Trinomial products/1.2.1 Quadratic/1.2.1.4 (d+e x)^m (f+g x)^n (a+b x+c x^2)^p.mac e476 L593
   f      1/(x^3*(d+e*x)*sqrt(a*d*e+(c*d^2+a*e^2)*x+c*d*e*x^2))
   rubi   (2*e^4*sqrt(c*d*e*x^2+(a*e^2+c*d^2)*x+a*d*e))/(d^3*(e*(a*e^2+c*d^2)-2*c*d^2*e)*(e*x+d))
   corpus -3/8*(c^2*d^4+2*a*c*d^2*e^2+5*a^2*e^4)*atanh(1/2*(2*a*d*e+(c*d^2+a*e^2)*x)/(sqrt(a)*sqrt(d)*sqrt(e)*sqrt(a*d*e+(c*d^2+a*e^2)*x+c*d*e*x^2)))/(a^(5/2)*d^(7/2)*e^(5/2))-2*e*(a*e+c*d*x)/(d*(c*d^2-a*e^2)*x^2*sqrt(a*d*e+(c*d^2+a*e^2)*x+c*d*e*x^2))-1/2*(c*d^2-5*a*e^2)*sqrt(a*d*e+(c*d^2+a*e^2)*x+c*d*e*x^2)/(a*d^2*e*(c*d^2-a*e^2)*x^2)+1/4*(3*c*d^2-5*a*e^2)*(c*d^2+3*a*e^2)*sqrt(a*d*e+(c*d^2+a*e^2)*x+c*d*e*x^2)/(a^2*d^3*e^2*(c*d^2-a*e^2)*x)
                     0.35      16.117462087745665   9.947598300641403e-14      16.117462087745558
                     0.65      2.3521821925161754  2.4868995751603507e-14      2.3521821925162008
                      1.7     0.33227260945701564   8.881784197001252e-16     0.33227260945701476

== rubi-only  1 Algebraic functions/1.2 Trinomial products/1.2.1 Quadratic/1.2.1.4 (d+e x)^m (f+g x)^n (a+b x+c x^2)^p.mac e581 L740
   f      (d+e*x)^3*(f+g*x)^3/(d^2-e^2*x^2)^(7/2)
   rubi   (((d^3*g^3)/e^3+(3*d^2*f*g^2)/e^2+(3*d*f^2*g)/e+f^3)*(e*x+d)^3)/(5*d*e*(d^2-e^2*x^2)^(5/2))-((((13*d^3*g^3)/e^3+(24*d^2*f*g^2)/e^2+(9*d*f^2*g)/e-2*f^3)*(e*x+d)^2)/(3*d*e*(d^2-e^2*x^2)^(3/2))-((e*((17*d^3*g^3)/e^3+(21*d^2*f*g^2)/e^2-(9*d*f^2*g)/e+2*f^3)+(15*d^3*g^3)/e^2)*(e*x+d))/(3*d^2*e^2*sqrt(d^2-e^2*x^2)))/(5*d)
   corpus 1/5*(e*f+d*g)^3*(d+e*x)^3/(d*e^4*(d^2-e^2*x^2)^(5/2))+1/15*(2*e*f-13*d*g)*(e*f+d*g)^2*(d+e*x)^2/(d^2*e^4*(d^2-e^2*x^2)^(3/2))-g^3*atan(e*x/sqrt(d^2-e^2*x^2))/e^4+1/15*(e*f+d*g)*(2*e^2*f^2-11*d*e*f*g+32*d^2*g^2)*(d+e*x)/(d^3*e^4*sqrt(d^2-e^2*x^2))
                     0.35        4.53746753052927   4.440892098500626e-15        4.53746753052927
                     0.65       6.752997378455234   6.403766406037903e-13      6.7529973784546655
                      1.7       2.251868142816953   2.220446049250313e-14       2.251868142816978

== rubi-only  1 Algebraic functions/1.2 Trinomial products/1.2.1 Quadratic/1.2.1.4 (d+e x)^m (f+g x)^n (a+b x+c x^2)^p.mac e85 L110
   f      x^3*(d+e*x)^3/(d^2-e^2*x^2)^(7/2)
   rubi   (d^2*(e*x+d)^3)/(5*e^4*(d^2-e^2*x^2)^(5/2))-((13*d^2*(e*x+d)^2)/(3*e^4*(d^2-e^2*x^2)^(3/2))-(32*d*(e*x+d))/(3*e^4*sqrt(d^2-e^2*x^2)))/(5*d)
   corpus 1/5*d^2*(d+e*x)^3/(e^4*(d^2-e^2*x^2)^(5/2))-13/15*d*(d+e*x)^2/(e^4*(d^2-e^2*x^2)^(3/2))-atan(e*x/sqrt(d^2-e^2*x^2))/e^4+32/15*(d+e*x)/(e^4*sqrt(d^2-e^2*x^2))
                     0.35      0.9235635112007468   8.881784197001252e-16      0.9235635112007481
                     0.65       1.374516055048872  2.9753977059954195e-14      1.3745160550488427
                      1.7       0.458348899413183  1.3877787807814457e-15      0.4583488994131845

== rubi-only  1 Algebraic functions/1.2 Trinomial products/1.2.1 Quadratic/1.2.1.9 P(x) (d+e x)^m (a+b x+c x^2)^p.mac e5 L16
   f      (A+B*x+C*x^2)*sqrt(d^2-e^2*x^2)/(d+e*x)^2
   rubi   -((-(((3*C*d^2*e^6-2*B*d*e^7)*((d^2-e^2*x^2)^(3/2)/(3*e^2*(e*x+d)^3)-(2*sqrt(d^2-e^2*x^2))/(e^2*(e*x+d)))+((d*(2*A*e^8-2*B*d*e^7+2*C*d^2*e^6)-e*(2*A*d*e^7-4*B*d^2*e^6+5*C*d^3*e^5))*(d^2-e^2*x^2)^(3/2))/(3*d*e^2*(e*x+d)^3)-(2*(-(3*(-(d*e^2*(2*A*e^8-2*B*d*e^7+2*C*d^2*e^6))-e^3*(2*A*d*e^7-4*B*d^2*e^6+5*C*d^3*e^5)))-3*e^3*(2*A*d*e^7-4*B*d^2*e^6+5*C*d^3*e^5))*sqrt(d^2-e^2*x^2))/(3*d*e^4*(e*x+d)))/e^3)-((3*C*d*e^3-2*B*e^4)*(d^2-e^2*x^2)^(3/2))/(e^2*(e*x+d)^2))/(2*e^4))-(C*(d^2-e^2*x^2)^(3/2))/(2*e^3*(e*x+d))
   corpus -(C*d^2-B*d*e+A*e^2)*(d^2-e^2*x^2)^(3/2)/(d*e^3*(d+e*x)^2)-1/2*C*(d^2-e^2*x^2)^(3/2)/(e^3*(d+e*x))-1/2*(5*C*d^2-2*e*(2*B*d-A*e))*atan(e*x/sqrt(d^2-e^2*x^2))/e^3-1/2*(5*C*d^2-2*e*(2*B*d-A*e))*sqrt(d^2-e^2*x^2)/(d*e^3)
                     0.35      1.2556769498285365   1.734723475976807e-16      1.2556769498285365
                     0.65      1.8687920284444262  1.4051260155412137e-16      1.8687920284444264
                      1.7      0.6231711636421658   4.163336342344337e-17      0.6231711636421657

== rubi-only  1 Algebraic functions/1.2 Trinomial products/1.2.1 Quadratic/1.2.1.9 P(x) (d+e x)^m (a+b x+c x^2)^p.mac e6 L17
   f      (A+B*x+C*x^2)*sqrt(d^2-e^2*x^2)/(d+e*x)^3
   rubi   -((-(((-(A*e^4)+B*d*e^3-C*d^2*e^2)*(d^2-e^2*x^2)^(3/2))/(3*d*e*(e*x+d)^3))-(2*(3*C*d*e^2-B*e^3)*sqrt(d^2-e^2*x^2))/(e*(e*x+d)))/e^4)-(C*(d^2-e^2*x^2)^(3/2))/(e^3*(e*x+d)^2)
   corpus -1/3*(C*d^2-B*d*e+A*e^2)*(d^2-e^2*x^2)^(3/2)/(d*e^3*(d+e*x)^3)-C*(d^2-e^2*x^2)^(3/2)/(e^3*(d+e*x)^2)+(3*C*d-B*e)*atan(e*x/sqrt(d^2-e^2*x^2))/e^3+2*(3*C*d-B*e)*sqrt(d^2-e^2*x^2)/(e^3*(d+e*x))
                     0.35     0.46732313666757797   8.326672684688674e-17       0.467323136667578
                     0.65      0.6955051238547213   3.122502256758253e-17      0.6955051238547213
                      1.7      0.2319245431030712                       0      0.2319245431030712

== rubi-only  1 Algebraic functions/1.2 Trinomial products/1.2.1 Quadratic/1.2.1.9 P(x) (d+e x)^m (a+b x+c x^2)^p.mac e7 L18
   f      (A+B*x+C*x^2)*sqrt(d^2-e^2*x^2)/(d+e*x)^4
   rubi   ((A*e^2-B*d*e+C*d^2)*(-((d^2-e^2*x^2)^(3/2)/(15*d^2*e*(e*x+d)^3))-(d^2-e^2*x^2)^(3/2)/(5*d*e*(e*x+d)^4)))/e^2-((B*e-2*C*d)*(d^2-e^2*x^2)^(3/2))/(3*d*e^3*(e*x+d)^3)-(2*C*sqrt(d^2-e^2*x^2))/(e^3*(e*x+d))
   corpus -1/5*(C*d^2-B*d*e+A*e^2)*(d^2-e^2*x^2)^(3/2)/(d*e^3*(d+e*x)^4)+1/3*(2*C*d-B*e)*(d^2-e^2*x^2)^(3/2)/(d*e^3*(d+e*x)^3)-1/15*(C*d^2-B*d*e+A*e^2)*(d^2-e^2*x^2)^(3/2)/(d^2*e^3*(d+e*x)^3)-C*atan(e*x/sqrt(d^2-e^2*x^2))/e^3-2*C*sqrt(d^2-e^2*x^2)/(e^3*(d+e*x))
                     0.35       0.406367944928329  3.2959746043559335e-17     0.40636794492832895
                     0.65      0.6047870642214971   7.632783294297951e-17      0.6047870642214971
                      1.7     0.20167351574180115   4.597017211338539e-17     0.20167351574180117

== rubi-only  1 Algebraic functions/1.2 Trinomial products/1.2.2 Quartic/1.2.2.2 (d x)^m (a+b x^2+c x^4)^p.mac e1000 L1107
   f      1/(x^2*sqrt(2+2*a-2*(1+a)+b*x^2+c*x^4))
   rubi   0
   corpus 1/2*c*atanh(x*sqrt(b)/sqrt(b*x^2+c*x^4))/b^(3/2)-1/2*sqrt(b*x^2+c*x^4)/(b*x^3)
                     0.35      19.990650232325756   7.105427357601002e-15      19.990650232325763
                     0.65      2.9620458253330324   4.440892098500626e-16       2.962045825333033
                      1.7     0.12285195202187196  2.7755575615628914e-17     0.12285195202187194

== rubi-only  1 Algebraic functions/1.2 Trinomial products/1.2.2 Quartic/1.2.2.7 P(x) (d+e x^2)^q (a+b x^2+c x^4)^p.mac e30 L67
   f      (sqrt(a)+x^2*sqrt(c))/((d+e*x^2)*sqrt(a+b*x^2+c*x^4))
   rubi   ((a*d*(e/c+d/(sqrt(a)*sqrt(c)))*((c^2*(e/c-d/(sqrt(a)*sqrt(c)))*atan((sqrt((a*e)/d+(c*d)/e-b)*x)/sqrt(c*x^4+b*x^2+a)))/(2*d*e*sqrt((a*e)/d+(c*d)/e-b))+(a^(1/4)*c^(7/4)*(e/c+d/(sqrt(a)*sqrt(c)))*elliptic_pi(-((sqrt(a)*sqrt(c)*e-c*d)^2/(4*sqrt(a)*c^(3/2)*d*e)),2*atan((c^(1/4)*x)/a^(1/4)),1/2-b/(4*sqrt(a)*sqrt(c)))*((sqrt(c)*x^2)/sqrt(a)+1)*sqrt((c*x^4+b*x^2+a)/(a*((sqrt(c)*x^2)/sqrt(a)+1)^2)))/(4*d*e*sqrt(c*x^4+b*x^2+a))))/(c*(d^2/c-(a*e^2)/c^2))-(a^(5/4)*(e/c+d/(sqrt(a)*sqrt(c)))*((sqrt(c)*x^2)/sqrt(a)+1)*sqrt((c*x^4+b*x^2+a)/(a*((sqrt(c)*x^2)/sqrt(a)+1)^2))*elliptic_f(2*atan((c^(1/4)*x)/a^(1/4)),1/2-b/(4*sqrt(a)*sqrt(c))))/(2*c^(1/4)*(d^2/c-(a*e^2)/c^2)*sqrt(c*x^4+b*x^2+a)))/sqrt(c)
   corpus -1/2*atan(x*sqrt(c*d^2-b*d*e+a*e^2)/(sqrt(d)*sqrt(e)*sqrt(a+b*x^2+c*x^4)))*(-e*sqrt(a)+d*sqrt(c))/(sqrt(d)*sqrt(e)*sqrt(c*d^2-b*d*e+a*e^2))+1/4*elliptic_pi(-1/4*(-e*sqrt(a)+d*sqrt(c))^2/(d*e*sqrt(a)*sqrt(c)),2*atan(c^(1/4)*x/a^(1/4)),1/4*(2-b/(sqrt(a)*sqrt(c))))*(e*sqrt(a)+d*sqrt(c))*(sqrt(a)+x^2*sqrt(c))*sqrt((a+b*x^2+c*x^4)/(sqrt(a)+x^2*sqrt(c))^2)/(a^(1/4)*c^(1/4)*d*e*sqrt(a+b*x^2+c*x^4))
                     0.35      0.8876747321230097  1.1102230246251565e-16      0.8876747321230098
                     0.65      0.5604268838858012  3.3306690738754696e-16       0.560426883885801
                      1.7     0.07825501968163354   2.220446049250313e-16     0.07825501968163343

== rubi-only  1 Algebraic functions/1.3 Miscellaneous/1.3.1 Rational functions.mac e483 L644
   f      (x+1/2*(3-sqrt(37)))*(x+1/2*(3+sqrt(37)))
   rubi   (x+3/2)^3/3
   corpus -7*x+3/2*x^2+1/3*x^3
                     0.35       9.249999999999998  2.6645352591003757e-15                    9.25
                     0.65       9.249999999999998   8.881784197001252e-16                    9.25
                      1.7       9.250000000000002  1.4432899320127035e-15       9.250000000000004

== rubi-only  1 Algebraic functions/1.3 Miscellaneous/1.3.2 Algebraic functions.mac e129 L174
   f      (1+x+sqrt(3))/(x*sqrt(1+x^3))
   rubi   (2*sqrt(sqrt(3)+2)*(x+1)*sqrt((x^2-x+1)/(x+sqrt(3)+1)^2)*elliptic_f(asin((x-sqrt(3)+1)/(x+sqrt(3)+1)),-(4*sqrt(3))-7))/(3^(1/4)*sqrt(x^3+1)*sqrt((x+1)/(x+sqrt(3)+1)^2))-(2*atanh(sqrt(x^3+1)))/3
   corpus -2/3*atanh(sqrt(1+x^3))*(1+sqrt(3))+2*(1+x)*elliptic_f(asin((1+x-sqrt(3))/(1+x+sqrt(3))),-7-4*sqrt(3))*sqrt(2+sqrt(3))*sqrt((1-x+x^2)/(1+x+sqrt(3))^2)/(3^(1/4)*sqrt(1+x^3)*sqrt((1+x)/(1+x+sqrt(3))^2))
                     0.35       4.845922393474137   4.718447854656915e-16       4.845922393474136
                     0.65      2.3602393929302696   5.689893001203927e-16        2.36023939293027
                      1.7     0.41899396389283206  3.3306690738754696e-16     0.41899396389283167

== rubi-only  1 Algebraic functions/1.3 Miscellaneous/1.3.2 Algebraic functions.mac e130 L175
   f      (1-x+sqrt(3))/(x*sqrt(1-x^3))
   rubi   (2*sqrt(sqrt(3)+2)*elliptic_f(asin((-x-sqrt(3)+1)/(-x+sqrt(3)+1)),-(4*sqrt(3))-7)*(1-x)*sqrt((x^2+x+1)/(-x+sqrt(3)+1)^2))/(3^(1/4)*sqrt((1-x)/(-x+sqrt(3)+1)^2)*sqrt(1-x^3))-(2*atanh(sqrt(1-x^3)))/3
   corpus -2/3*atanh(sqrt(1-x^3))*(1+sqrt(3))+2*(1-x)*elliptic_f(asin((1-x-sqrt(3))/(1-x+sqrt(3))),-7-4*sqrt(3))*sqrt(2+sqrt(3))*sqrt((1+x+x^2)/(1-x+sqrt(3))^2)/(3^(1/4)*sqrt(1-x^3)*sqrt((1-x)/(1-x+sqrt(3))^2))
                     0.35       5.058342743509843  1.3877787807814457e-16       5.058342743509843
                     0.65      3.1287148170860126   2.220446049250313e-16      3.1287148170860126
                      1.7      0.5150587648401855  3.1882598713760344e-16      0.5150587648401855

== rubi-only  1 Algebraic functions/1.3 Miscellaneous/1.3.2 Algebraic functions.mac e131 L176
   f      (1-x+sqrt(3))/(x*sqrt(-1+x^3))
   rubi   (2*atan(sqrt(x^3-1)))/3+(2*sqrt(2-sqrt(3))*elliptic_f(asin((-x+sqrt(3)+1)/(-x-sqrt(3)+1)),4*sqrt(3)-7)*(1-x)*sqrt((x^2+x+1)/(-x-sqrt(3)+1)^2))/(3^(1/4)*sqrt((x-1)/(-x-sqrt(3)+1)^2)*sqrt(x^3-1))
   corpus 2/3*atan(sqrt(-1+x^3))*(1+sqrt(3))+2*(1-x)*elliptic_f(asin((1-x+sqrt(3))/(1-x-sqrt(3))),-7+4*sqrt(3))*sqrt(2-sqrt(3))*sqrt((1+x+x^2)/(1-x-sqrt(3))^2)/(3^(1/4)*sqrt(-1+x^3)*sqrt((-1+x)/(1-x-sqrt(3))^2))
                     0.35      5.0583427435098445  1.0504829673241143e-15      5.0583427435098445
                     0.65      3.1287148170860117    3.99460464866385e-16      3.1287148170860126
                      1.7      0.5150587648401859  1.6653345369377348e-16      0.5150587648401856

== rubi-only  1 Algebraic functions/1.3 Miscellaneous/1.3.2 Algebraic functions.mac e132 L177
   f      (1+x+sqrt(3))/(x*sqrt(-1-x^3))
   rubi   (2*sqrt(2-sqrt(3))*(x+1)*sqrt((x^2-x+1)/(x-sqrt(3)+1)^2)*elliptic_f(asin((x+sqrt(3)+1)/(x-sqrt(3)+1)),4*sqrt(3)-7))/(3^(1/4)*sqrt(-x^3-1)*sqrt((-x-1)/(x-sqrt(3)+1)^2))+(2*atan(sqrt(-x^3-1)))/3
   corpus 2/3*atan(sqrt(-1-x^3))*(1+sqrt(3))+2*(1+x)*elliptic_f(asin((1+x+sqrt(3))/(1+x-sqrt(3))),-7+4*sqrt(3))*sqrt(2-sqrt(3))*sqrt((1-x+x^2)/(1+x-sqrt(3))^2)/(3^(1/4)*sqrt(-1-x^3)*sqrt((-1-x)/(1+x-sqrt(3))^2))
                     0.35       4.845922393474137   1.901805376746546e-15       4.845922393474135
                     0.65      2.3602393929302683  2.0702685797149517e-15      2.3602393929302665
                      1.7     0.41899396389283305  2.0807018469782475e-15     0.41899396389283106

== rubi-only  1 Algebraic functions/1.3 Miscellaneous/1.3.2 Algebraic functions.mac e133 L178
   f      (1+x-sqrt(3))/(x*sqrt(1+x^3))
   rubi   (2*sqrt(sqrt(3)+2)*(x+1)*sqrt((x^2-x+1)/(x+sqrt(3)+1)^2)*elliptic_f(asin((x-sqrt(3)+1)/(x+sqrt(3)+1)),-(4*sqrt(3))-7))/(3^(1/4)*sqrt(x^3+1)*sqrt((x+1)/(x+sqrt(3)+1)^2))-(2*atanh(sqrt(x^3+1)))/3
   corpus -2/3*atanh(sqrt(1+x^3))*(1-sqrt(3))+2*(1+x)*elliptic_f(asin((1+x-sqrt(3))/(1+x+sqrt(3))),-7-4*sqrt(3))*sqrt(2+sqrt(3))*sqrt((1-x+x^2)/(1+x+sqrt(3))^2)/(3^(1/4)*sqrt(1+x^3)*sqrt((1+x)/(1+x+sqrt(3))^2))
                     0.35       4.845922393474137   1.942890293094024e-16       4.845922393474138
                     0.65        2.36023939293027   1.249000902703301e-16        2.36023939293027
                      1.7      0.4189939638928313   2.220446049250313e-16      0.4189939638928315

== rubi-only  1 Algebraic functions/1.3 Miscellaneous/1.3.2 Algebraic functions.mac e134 L179
   f      (1-x-sqrt(3))/(x*sqrt(1-x^3))
   rubi   (2*sqrt(sqrt(3)+2)*elliptic_f(asin((-x-sqrt(3)+1)/(-x+sqrt(3)+1)),-(4*sqrt(3))-7)*(1-x)*sqrt((x^2+x+1)/(-x+sqrt(3)+1)^2))/(3^(1/4)*sqrt((1-x)/(-x+sqrt(3)+1)^2)*sqrt(1-x^3))-(2*atanh(sqrt(1-x^3)))/3
   corpus -2/3*atanh(sqrt(1-x^3))*(1-sqrt(3))+2*(1-x)*elliptic_f(asin((1-x-sqrt(3))/(1-x+sqrt(3))),-7-4*sqrt(3))*sqrt(2+sqrt(3))*sqrt((1+x+x^2)/(1-x+sqrt(3))^2)/(3^(1/4)*sqrt(1-x^3)*sqrt((1-x)/(1-x+sqrt(3))^2))
                     0.35      5.0583427435098445  1.3877787807814457e-16      5.0583427435098445
                     0.65      3.1287148170860126                       0      3.1287148170860126
                      1.7      0.5150587648401858   3.242644244813779e-16      0.5150587648401859

== rubi-only  1 Algebraic functions/1.3 Miscellaneous/1.3.2 Algebraic functions.mac e135 L180
   f      (1-x-sqrt(3))/(x*sqrt(-1+x^3))
   rubi   (2*atan(sqrt(x^3-1)))/3+(2*sqrt(2-sqrt(3))*elliptic_f(asin((-x+sqrt(3)+1)/(-x-sqrt(3)+1)),4*sqrt(3)-7)*(1-x)*sqrt((x^2+x+1)/(-x-sqrt(3)+1)^2))/(3^(1/4)*sqrt((x-1)/(-x-sqrt(3)+1)^2)*sqrt(x^3-1))
   corpus 2/3*atan(sqrt(-1+x^3))*(1-sqrt(3))+2*(1-x)*elliptic_f(asin((1-x+sqrt(3))/(1-x-sqrt(3))),-7+4*sqrt(3))*sqrt(2-sqrt(3))*sqrt((1+x+x^2)/(1-x-sqrt(3))^2)/(3^(1/4)*sqrt(-1+x^3)*sqrt((-1+x)/(1-x-sqrt(3))^2))
                     0.35      5.0583427435098445  1.0504829673241143e-15       5.058342743509843
                     0.65      3.1287148170860144   7.341511737340996e-16       3.128714817086013
                      1.7      0.5150587648401856   5.551115123125783e-17      0.5150587648401856

== rubi-only  1 Algebraic functions/1.3 Miscellaneous/1.3.2 Algebraic functions.mac e136 L181
   f      (1+x-sqrt(3))/(x*sqrt(-1-x^3))
   rubi   (2*sqrt(2-sqrt(3))*(x+1)*sqrt((x^2-x+1)/(x-sqrt(3)+1)^2)*elliptic_f(asin((x+sqrt(3)+1)/(x-sqrt(3)+1)),4*sqrt(3)-7))/(3^(1/4)*sqrt(-x^3-1)*sqrt((-x-1)/(x-sqrt(3)+1)^2))+(2*atan(sqrt(-x^3-1)))/3
   corpus 2/3*atan(sqrt(-1-x^3))*(1-sqrt(3))+2*(1+x)*elliptic_f(asin((1+x+sqrt(3))/(1+x-sqrt(3))),-7+4*sqrt(3))*sqrt(2-sqrt(3))*sqrt((1-x+x^2)/(1+x-sqrt(3))^2)/(3^(1/4)*sqrt(-1-x^3)*sqrt((-1-x)/(1+x-sqrt(3))^2))
                     0.35       4.845922393474136  2.5674380938237442e-15      4.8459223934741384
                     0.65      2.3602393929302714  2.6654230016872903e-15      2.3602393929302736
                      1.7      0.4189939638928303  1.8983405101379358e-15     0.41899396389283206

== rubi-only  1 Algebraic functions/1.3 Miscellaneous/1.3.2 Algebraic functions.mac e215 L318
   f      sqrt(a*x^4)/sqrt(1+x^2)
   rubi   (sqrt(a)*x*sqrt(x^2+1))/2
   corpus -1/2*asinh(x)*sqrt(a*x^4)/x^2+1/2*sqrt(a*x^4)*sqrt(1+x^2)/x
                     0.35     0.44771132920492523                       0      0.4477113292049253
                     0.65     0.39770872757074405  1.1102230246251565e-16     0.39770872757074394
                      1.7     0.24050076292307487   2.220446049250313e-16     0.24050076292307465

== rubi-only  1 Algebraic functions/1.3 Miscellaneous/1.3.2 Algebraic functions.mac e222 L325
   f      sqrt(a/x^4)/sqrt(1+x^2)
   rubi   0
   corpus -x*sqrt(a/x^4)*sqrt(1+x^2)
                     0.35      7.3095727217130655                       0      7.3095727217130655
                     0.65      1.8826448642402076   4.440892098500626e-16       1.882644864240208
                      1.7     0.16643651413361568  1.1102230246251565e-16     0.16643651413361582

== rubi-only  1 Algebraic functions/1.3 Miscellaneous/1.3.2 Algebraic functions.mac e230 L333
   f      sqrt(a/x^4)/sqrt(1+x^3)
   rubi   0
   corpus -x*sqrt(a/x^4)*sqrt(1+x^3)+x^2*sqrt(a/x^4)*sqrt(1+x^3)/(1+x+sqrt(3))+x^2*(1+x)*elliptic_f(asin((1+x-sqrt(3))/(1+x+sqrt(3))),-7-4*sqrt(3))*sqrt(2)*sqrt(a/x^4)*sqrt((1-x+x^2)/(1+x+sqrt(3))^2)/(3^(1/4)*sqrt(1+x^3)*sqrt((1+x)/(1+x+sqrt(3))^2))-1/2*3^(1/4)*x^2*(1+x)*elliptic_e(asin((1+x-sqrt(3))/(1+x+sqrt(3))),-7-4*sqrt(3))*sqrt(a/x^4)*sqrt(2-sqrt(3))*sqrt((1-x+x^2)/(1+x+sqrt(3))^2)/(sqrt(1+x^3)*sqrt((1+x)/(1+x+sqrt(3))^2))
                     0.35       7.583488590929171   6.245004513516506e-16       7.583488590929171
                     0.65      1.9888559332618587   2.896988204881268e-16      1.9888559332618583
                      1.7     0.13499555616624057   8.326672684688674e-17     0.13499555616624057

== rubi-only  1 Algebraic functions/1.3 Miscellaneous/1.3.2 Algebraic functions.mac e708 L961
   f      (1+x)^3/(x*(1-x^2)^(3/2))
   rubi   (4*(x+1))/sqrt(1-x^2)
   corpus -asin(x)-atanh(sqrt(1-x^2))+4*(1+x)/sqrt(1-x^2)
                     0.35      1.9825390471106044  1.7763568394002505e-15      1.9825390471106026
                     0.65      0.7085633638028259   2.220446049250313e-15      0.7085633638028281
                      1.7     0.29951475130430394   4.996003610813204e-16     0.29951475130430333

== rubi-only  1 Algebraic functions/1.3 Miscellaneous/1.3.2 Algebraic functions.mac e710 L963
   f      (1+a*x)^3/(x*(1-a^2*x^2)^(3/2))
   rubi   (4*(a*x+1))/sqrt(1-a^2*x^2)
   corpus -asin(a*x)-atanh(sqrt(1-a^2*x^2))+4*(1+a*x)/sqrt(1-a^2*x^2)
                     0.35       2.062122044584995  1.3322676295501878e-15      2.0621220445849957
                     0.65      0.7872198898796414  2.6645352591003757e-15      0.7872198898796441
                      1.7     0.26923328663538815  1.1102230246251565e-16     0.26923328663538826

== point-split  1 Algebraic functions/1.3 Miscellaneous/1.3.2 Algebraic functions.mac e739 L1000
   f      sqrt((-2*x^2+x^4)/(-1+x^2)^2)/(2+x^2)
   rubi   (sqrt(x^4-2*x^2)*((2*atan(sqrt(x^2-2)/2))/3-atan(sqrt(x^2-2))/3))/(x*sqrt(x^2-2))
   corpus -2/3*(1-x^2)*atan(1/2*sqrt(-2+x^2))*sqrt((-2*x^2+x^4)/(1-x^2)^2)/(x*sqrt(-2+x^2))+1/3*(1-x^2)*atan(sqrt(-2+x^2))*sqrt((-2*x^2+x^4)/(1-x^2)^2)/(x*sqrt(-2+x^2))
                     0.35      0.5149833509095696   3.510271450125641e-16      0.5149833509095698
                     0.65      1.1671112678812618   2.220446049250313e-16      1.1671112678812616
                      1.7   6.938893903907228e-18  1.1102230246251565e-16  1.1102230246251565e-16

== rubi-only  2 Exponentials/2.3 Exponential functions.mac e725 L842
   f      (1+4^x)/(1+1/2^x)
   rubi   (2*((4^((((2*log(2))/log(4)+2)*x)/2)*hypergeometric([1,(((2*log(2))/log(4)+2)*log(4))/(2*log(2))],[(((2*log(2))/log(4)+2)*log(4))/(2*log(2))+1],-4^((log(2)*x)/log(4))))/((2*log(2))/log(4)+2)+(log(4)*log(4^((log(2)*x)/log(4))+1))/(2*log(2))))/log(4)
   corpus -2^x/log(2)+2^(-1+2*x)/log(2)+2*log(1+2^x)/log(2)
                     0.35      1.7754103738864366   4.440892098500626e-16      1.7754103738864362
                     0.65      0.7707315240438746                       0      0.7707315240438746
                      1.7      0.9018357513802915   6.661338147750939e-16      0.9018357513802915

== rubi-only  4 Trig functions/4.1 Sine/4.1.0 (a sin)^m (b trg)^n.mac e304 L357
   f      cos(e+f*x)^4*(b*sin(e+f*x))^(1/3)
   rubi   (b^(1/3)*(-((3*%e^(4*%i*f*x+4*%i*e)*%i*(-(%e^-((4*%i*f*x+4*%i*e)/4)*(%e^((4*%i*f*x+4*%i*e)/2)*%i-%i)))^(1/3)*hypergeometric([-(1/3),11/6],[17/6],%e^((4*%i*f*x+4*%i*e)/2)))/(11*(1-%e^((4*%i*f*x+4*%i*e)/2))^(1/3)*f))-(12*%e^(2*%i*f*x+2*%i*e)*%i*(-(%e^-((2*%i*f*x+2*%i*e)/2)*(%e^(2*%i*f*x+2*%i*e)*%i-%i)))^(1/3)*hypergeometric([-(1/3),5/6],[11/6],%e^(2*%i*f*x+2*%i*e)))/(5*(1-%e^(2*%i*f*x+2*%i*e))^(1/3)*f)+(18*%i*(-(%e^-(%i*(f*x+e))*(%e^(2*%i*(f*x+e))*%i-%i)))^(1/3)*hypergeometric([-(1/3),-(1/6)],[5/6],%e^(2*%i*(f*x+e))))/((1-%e^(2*%i*(f*x+e)))^(1/3)*f)+(12*%e^(-(2*%i*f*x)-2*%i*e)*%i*(-(%e^((-(2*%i*f*x)-2*%i*e)/2)*(%e^(2*%i*f*x+2*%i*e)*%i-%i)))^(1/3)*hypergeometric([-(7/6),-(1/3)],[-(1/6)],%e^(2*%i*f*x+2*%i*e)))/(7*(1-%e^(2*%i*f*x+2*%i*e))^(1/3)*f)+(3*%e^(-(4*%i*f*x)-4*%i*e)*%i*(-(%e^((-(4*%i*f*x)-4*%i*e)/4)*(%e^-((-(4*%i*f*x)-4*%i*e)/2)*%i-%i)))^(1/3)*hypergeometric([-(13/6),-(1/3)],[-(7/6)],%e^-((-(4*%i*f*x)-4*%i*e)/2)))/(13*(1-%e^-((-(4*%i*f*x)-4*%i*e)/2))^(1/3)*f)))/2^(13/3)
   corpus 3/4*cos(e+f*x)*hypergeometric([-3/2,2/3],[5/3],sin(e+f*x)^2)*(b*sin(e+f*x))^(4/3)/(b*f*sqrt(cos(e+f*x)^2))
                     0.35   0.0024300658841829746  1.3877787807814457e-17   0.0024300658841829624
                     0.65    1.105746388007467e-5   3.469446951953614e-18   1.1057463880076633e-5
                      1.7      0.5893663962800125  2.7755575615628914e-17      0.5893663962800125

== rubi-only  4 Trig functions/4.1 Sine/4.1.0 (a sin)^m (b trg)^n.mac e305 L358
   f      cos(e+f*x)^2*(b*sin(e+f*x))^(1/3)
   rubi   (b^(1/3)*(-((3*%e^(2*%i*f*x+2*%i*e)*%i*(-(%e^-((2*%i*f*x+2*%i*e)/2)*(%e^(2*%i*f*x+2*%i*e)*%i-%i)))^(1/3)*hypergeometric([-(1/3),5/6],[11/6],%e^(2*%i*f*x+2*%i*e)))/(5*(1-%e^(2*%i*f*x+2*%i*e))^(1/3)*f))+(6*%i*(-(%e^-(%i*(f*x+e))*(%e^(2*%i*(f*x+e))*%i-%i)))^(1/3)*hypergeometric([-(1/3),-(1/6)],[5/6],%e^(2*%i*(f*x+e))))/((1-%e^(2*%i*(f*x+e)))^(1/3)*f)+(3*%e^(-(2*%i*f*x)-2*%i*e)*%i*(-(%e^((-(2*%i*f*x)-2*%i*e)/2)*(%e^(2*%i*f*x+2*%i*e)*%i-%i)))^(1/3)*hypergeometric([-(7/6),-(1/3)],[-(1/6)],%e^(2*%i*f*x+2*%i*e)))/(7*(1-%e^(2*%i*f*x+2*%i*e))^(1/3)*f)))/2^(7/3)
   corpus 3/4*cos(e+f*x)*hypergeometric([-1/2,2/3],[5/3],sin(e+f*x)^2)*(b*sin(e+f*x))^(4/3)/(b*f*sqrt(cos(e+f*x)^2))
                     0.35      0.0675700666952779   4.163336342344337e-17     0.06757006669527788
                     0.65    0.004570997489366418   4.163336342344337e-17    0.004570997489366456
                      1.7      0.9772908548493433   4.163336342344337e-17      0.9772908548493433

== rubi-only  4 Trig functions/4.1 Sine/4.1.0 (a sin)^m (b trg)^n.mac e309 L362
   f      cos(e+f*x)^4*(b*sin(e+f*x))^(5/3)
   rubi   (b^(5/3)*((3*%e^((3*(4*%i*f*x+4*%i*e))/4)*(-(%e^-((4*%i*f*x+4*%i*e)/4)*(%e^((4*%i*f*x+4*%i*e)/2)*%i-%i)))^(2/3)*hypergeometric([-(5/3),7/6],[13/6],%e^((4*%i*f*x+4*%i*e)/2)))/(7*(1-%e^((4*%i*f*x+4*%i*e)/2))^(2/3)*f)+(12*%e^((2*%i*f*x+2*%i*e)/2)*(-(%e^-((2*%i*f*x+2*%i*e)/2)*(%e^(2*%i*f*x+2*%i*e)*%i-%i)))^(2/3)*hypergeometric([-(5/3),1/6],[7/6],%e^(2*%i*f*x+2*%i*e)))/((1-%e^(2*%i*f*x+2*%i*e))^(2/3)*f)-(18*%e^-(%i*(f*x+e))*(-(%e^-(%i*(f*x+e))*(%e^(2*%i*(f*x+e))*%i-%i)))^(2/3)*hypergeometric([-(5/3),-(5/6)],[1/6],%e^(2*%i*(f*x+e))))/(5*(1-%e^(2*%i*(f*x+e)))^(2/3)*f)-(12*%e^((3*(-(2*%i*f*x)-2*%i*e))/2)*(-(%e^((-(2*%i*f*x)-2*%i*e)/2)*(%e^(2*%i*f*x+2*%i*e)*%i-%i)))^(2/3)*hypergeometric([-(11/6),-(5/3)],[-(5/6)],%e^(2*%i*f*x+2*%i*e)))/(11*(1-%e^(2*%i*f*x+2*%i*e))^(2/3)*f)-(3*%e^((5*(-(4*%i*f*x)-4*%i*e))/4)*(-(%e^((-(4*%i*f*x)-4*%i*e)/4)*(%e^-((-(4*%i*f*x)-4*%i*e)/2)*%i-%i)))^(2/3)*hypergeometric([-(17/6),-(5/3)],[-(11/6)],%e^-((-(4*%i*f*x)-4*%i*e)/2)))/(17*(1-%e^-((-(4*%i*f*x)-4*%i*e)/2))^(2/3)*f)))/2^(17/3)
   corpus 3/8*cos(e+f*x)*hypergeometric([-3/2,4/3],[7/3],sin(e+f*x)^2)*(b*sin(e+f*x))^(8/3)/(b*f*sqrt(cos(e+f*x)^2))
                     0.35   0.0033646363006141224   4.163336342344337e-17   0.0033646363006140908
                     0.65   1.5663137643134103e-5   3.469446951953614e-18    1.566313764313799e-5
                      1.7      0.4516396461712663                       0      0.4516396461712663

== rubi-only  4 Trig functions/4.1 Sine/4.1.0 (a sin)^m (b trg)^n.mac e310 L363
   f      cos(e+f*x)^2*(b*sin(e+f*x))^(5/3)
   rubi   (b^(5/3)*((3*%e^((2*%i*f*x+2*%i*e)/2)*(-(%e^-((2*%i*f*x+2*%i*e)/2)*(%e^(2*%i*f*x+2*%i*e)*%i-%i)))^(2/3)*hypergeometric([-(5/3),1/6],[7/6],%e^(2*%i*f*x+2*%i*e)))/((1-%e^(2*%i*f*x+2*%i*e))^(2/3)*f)-(6*%e^-(%i*(f*x+e))*(-(%e^-(%i*(f*x+e))*(%e^(2*%i*(f*x+e))*%i-%i)))^(2/3)*hypergeometric([-(5/3),-(5/6)],[1/6],%e^(2*%i*(f*x+e))))/(5*(1-%e^(2*%i*(f*x+e)))^(2/3)*f)-(3*%e^((3*(-(2*%i*f*x)-2*%i*e))/2)*(-(%e^((-(2*%i*f*x)-2*%i*e)/2)*(%e^(2*%i*f*x+2*%i*e)*%i-%i)))^(2/3)*hypergeometric([-(11/6),-(5/3)],[-(5/6)],%e^(2*%i*f*x+2*%i*e)))/(11*(1-%e^(2*%i*f*x+2*%i*e))^(2/3)*f)))/2^(11/3)
   corpus 3/8*cos(e+f*x)*hypergeometric([-1/2,4/3],[7/3],sin(e+f*x)^2)*(b*sin(e+f*x))^(8/3)/(b*f*sqrt(cos(e+f*x)^2))
                     0.35     0.09355659890443965   8.326672684688674e-17     0.09355659890443958
                     0.65     0.00647491717983711   6.245004513516506e-17    0.006474917179837164
                      1.7      0.7489115407266405   4.163336342344337e-17      0.7489115407266405

== rubi-only  4 Trig functions/4.1 Sine/4.1.0 (a sin)^m (b trg)^n.mac e314 L369
   f      cos(e+f*x)^4/(b*sin(e+f*x))^(1/3)
   rubi   (-((3*%e^(4*%i*f*x+4*%i*e)*(1-%e^((4*%i*f*x+4*%i*e)/2))^(1/3)*%i*hypergeometric([1/3,13/6],[19/6],%e^((4*%i*f*x+4*%i*e)/2)))/(13*(-(%e^-((4*%i*f*x+4*%i*e)/4)*(%e^((4*%i*f*x+4*%i*e)/2)*%i-%i)))^(1/3)*f))-(12*%e^(2*%i*f*x+2*%i*e)*(1-%e^(2*%i*f*x+2*%i*e))^(1/3)*%i*hypergeometric([1/3,7/6],[13/6],%e^(2*%i*f*x+2*%i*e)))/(7*(-(%e^-((2*%i*f*x+2*%i*e)/2)*(%e^(2*%i*f*x+2*%i*e)*%i-%i)))^(1/3)*f)-(18*(1-%e^(2*%i*(f*x+e)))^(1/3)*%i*hypergeometric([1/6,1/3],[7/6],%e^(2*%i*(f*x+e))))/((-(%e^-(%i*(f*x+e))*(%e^(2*%i*(f*x+e))*%i-%i)))^(1/3)*f)+(12*%e^(-(2*%i*f*x)-2*%i*e)*(1-%e^(2*%i*f*x+2*%i*e))^(1/3)*%i*hypergeometric([-(5/6),1/3],[1/6],%e^(2*%i*f*x+2*%i*e)))/(5*(-(%e^((-(2*%i*f*x)-2*%i*e)/2)*(%e^(2*%i*f*x+2*%i*e)*%i-%i)))^(1/3)*f)+(3*%e^(-(4*%i*f*x)-4*%i*e)*(1-%e^-((-(4*%i*f*x)-4*%i*e)/2))^(1/3)*%i*hypergeometric([-(11/6),1/3],[-(5/6)],%e^-((-(4*%i*f*x)-4*%i*e)/2)))/(11*(-(%e^((-(4*%i*f*x)-4*%i*e)/4)*(%e^-((-(4*%i*f*x)-4*%i*e)/2)*%i-%i)))^(1/3)*f))/(2^(11/3)*b^(1/3))
   corpus 3/2*cos(e+f*x)*hypergeometric([-3/2,1/3],[4/3],sin(e+f*x)^2)*(b*sin(e+f*x))^(2/3)/(b*f*sqrt(cos(e+f*x)^2))
                     0.35   0.0020651804707116973                       0    0.002065180470711692
                     0.65    9.290603201107804e-6  1.0408340855860843e-17    9.290603201116156e-6
                      1.7      0.6732587804013561                       0      0.6732587804013561

== rubi-only  4 Trig functions/4.1 Sine/4.1.0 (a sin)^m (b trg)^n.mac e315 L370
   f      cos(e+f*x)^2/(b*sin(e+f*x))^(1/3)
   rubi   (-((3*%e^(2*%i*f*x+2*%i*e)*(1-%e^(2*%i*f*x+2*%i*e))^(1/3)*%i*hypergeometric([1/3,7/6],[13/6],%e^(2*%i*f*x+2*%i*e)))/(7*(-(%e^-((2*%i*f*x+2*%i*e)/2)*(%e^(2*%i*f*x+2*%i*e)*%i-%i)))^(1/3)*f))-(6*(1-%e^(2*%i*(f*x+e)))^(1/3)*%i*hypergeometric([1/6,1/3],[7/6],%e^(2*%i*(f*x+e))))/((-(%e^-(%i*(f*x+e))*(%e^(2*%i*(f*x+e))*%i-%i)))^(1/3)*f)+(3*%e^(-(2*%i*f*x)-2*%i*e)*(1-%e^(2*%i*f*x+2*%i*e))^(1/3)*%i*hypergeometric([-(5/6),1/3],[1/6],%e^(2*%i*f*x+2*%i*e)))/(5*(-(%e^((-(2*%i*f*x)-2*%i*e)/2)*(%e^(2*%i*f*x+2*%i*e)*%i-%i)))^(1/3)*f))/(2^(5/3)*b^(1/3))
   corpus 3/2*cos(e+f*x)*hypergeometric([-1/2,1/3],[4/3],sin(e+f*x)^2)*(b*sin(e+f*x))^(2/3)/(b*f*sqrt(cos(e+f*x)^2))
                     0.35     0.05742411473369392  2.7755575615628914e-17      0.0574241147336939
                     0.65   0.0038406025439331375    4.85722573273506e-17     0.00384060254393318
                      1.7      1.1164017039082443  1.3877787807814457e-16      1.1164017039082446

== rubi-only  4 Trig functions/4.1 Sine/4.1.0 (a sin)^m (b trg)^n.mac e320 L375
   f      cos(e+f*x)^2/(b*sin(e+f*x))^(5/3)
   rubi   (-((3*%e^((3*(2*%i*f*x+2*%i*e))/2)*(1-%e^(2*%i*f*x+2*%i*e))^(2/3)*hypergeometric([5/3,11/6],[17/6],%e^(2*%i*f*x+2*%i*e)))/(11*(-(%e^-((2*%i*f*x+2*%i*e)/2)*(%e^(2*%i*f*x+2*%i*e)*%i-%i)))^(2/3)*f))-(6*%e^(%i*(f*x+e))*(1-%e^(2*%i*(f*x+e)))^(2/3)*hypergeometric([5/6,5/3],[11/6],%e^(2*%i*(f*x+e))))/(5*(-(%e^-(%i*(f*x+e))*(%e^(2*%i*(f*x+e))*%i-%i)))^(2/3)*f)+(3*%e^((-(2*%i*f*x)-2*%i*e)/2)*(1-%e^(2*%i*f*x+2*%i*e))^(2/3)*hypergeometric([-(1/6),5/3],[5/6],%e^(2*%i*f*x+2*%i*e)))/((-(%e^((-(2*%i*f*x)-2*%i*e)/2)*(%e^(2*%i*f*x+2*%i*e)*%i-%i)))^(2/3)*f))/(2^(1/3)*b^(5/3))
   corpus -3/2*cos(e+f*x)*hypergeometric([-1/2,-1/3],[2/3],sin(e+f*x)^2)/(b*f*(b*sin(e+f*x))^(2/3)*sqrt(cos(e+f*x)^2))
                     0.35    0.041473838381365154  2.7755575615628914e-17     0.04147383838136514
                     0.65    0.002711290986182621  2.7755575615628914e-17    0.002711290986182644
                      1.7      1.4568465249035223  1.1102230246251565e-16      1.4568465249035223

== rubi-only  4 Trig functions/4.1 Sine/4.1.1.2 (g cos)^p (a+b sin)^m.mac e466 L511
   f      sec(c+d*x)^3/(a+b*sin(c+d*x))^8
   rubi   (((-(40*a*b^10)-360*a^3*b^8-504*a^5*b^6-120*a^7*b^4)*log(b*sin(d*x+c)+a))/(b*(b^18-9*a^2*b^16+36*a^4*b^14-84*a^6*b^12+126*a^8*b^10-126*a^10*b^8+84*a^12*b^6-36*a^14*b^4+9*a^16*b^2-a^18))+((9*b-a)*log(sin(d*x+c)+1))/(4*b^9-36*a*b^8+144*a^2*b^7-336*a^3*b^6+504*a^4*b^5-504*a^5*b^4+336*a^6*b^3-144*a^7*b^2+36*a^8*b-4*a^9)+((-(9*b)-a)*log(1-sin(d*x+c)))/(4*b^9+36*a*b^8+144*a^2*b^7+336*a^3*b^6+504*a^4*b^5+504*a^5*b^4+336*a^6*b^3+144*a^7*b^2+36*a^8*b+4*a^9)-(4*b^10+108*a^2*b^8+252*a^4*b^6+84*a^6*b^4)/(b*(b^16-8*a^2*b^14+28*a^4*b^12-56*a^6*b^10+70*a^8*b^8-56*a^10*b^6+28*a^12*b^4-8*a^14*b^2+a^16)*(b*sin(d*x+c)+a))-(-(24*a*b^8)-112*a^3*b^6-56*a^5*b^4)/(2*b*(b^14-7*a^2*b^12+21*a^4*b^10-35*a^6*b^8+35*a^8*b^6-21*a^10*b^4+7*a^12*b^2-a^14)*(b*sin(d*x+c)+a)^2)-(3*b^8+42*a^2*b^6+35*a^4*b^4)/(3*b*(b^12-6*a^2*b^10+15*a^4*b^8-20*a^6*b^6+15*a^8*b^4-6*a^10*b^2+a^12)*(b*sin(d*x+c)+a)^3)-(-(12*a*b^6)-20*a^3*b^4)/(4*b*(b^10-5*a^2*b^8+10*a^4*b^6-10*a^6*b^4+5*a^8*b^2-a^10)*(b*sin(d*x+c)+a)^4)-(2*b^6+10*a^2*b^4)/(5*b*(b^8-4*a^2*b^6+6*a^4*b^4-4*a^6*b^2+a^8)*(b*sin(d*x+c)+a)^5)+(2*a*b^3)/(3*(b^6-3*a^2*b^4+3*a^4*b^2-a^6)*(b*sin(d*x+c)+a)^6)-b^3/(7*(b^4-2*a^2*b^2+a^4)*(b*sin(d*x+c)+a)^7)-1/((4*b^8-32*a*b^7+112*a^2*b^6-224*a^3*b^5+280*a^4*b^4-224*a^5*b^3+112*a^6*b^2-32*a^7*b+4*a^8)*(sin(d*x+c)+1))-1/((4*b^8+32*a*b^7+112*a^2*b^6+224*a^3*b^5+280*a^4*b^4+224*a^5*b^3+112*a^6*b^2+32*a^7*b+4*a^8)*(sin(d*x+c)-1)))/d
   corpus -1/4*(a+9*b)*log(1-sin(c+d*x))/((a+b)^9*d)+1/4*(a-9*b)*log(1+sin(c+d*x))/((a-b)^9*d)+8*a*b^3*(15*a^6+63*a^4*b^2+45*a^2*b^4+5*b^6)*log(a+b*sin(c+d*x))/((a^2-b^2)^9*d)-1/14*b*(7*a^2+9*b^2)/((a^2-b^2)^2*d*(a+b*sin(c+d*x))^7)-1/2*sec(c+d*x)^2*(b-a*sin(c+d*x))/((a^2-b^2)*d*(a+b*sin(c+d*x))^7)-1/6*a*b*(3*a^2+13*b^2)/((a^2-b^2)^3*d*(a+b*sin(c+d*x))^6)-1/10*b*(5*a^4+50*a^2*b^2+9*b^4)/((a^2-b^2)^4*d*(a+b*sin(c+d*x))^5)-1/2*a*b*(a^4+20*a^2*b^2+11*b^4)/((a^2-b^2)^5*d*(a+b*sin(c+d*x))^4)-1/6*b*(3*a^6+115*a^4*b^2+129*a^2*b^4+9*b^6)/((a^2-b^2)^6*d*(a+b*sin(c+d*x))^3)-1/2*a*b*(a^6+77*a^4*b^2+147*a^2*b^4+31*b^6)/((a^2-b^2)^7*d*(a+b*sin(c+d*x))^2)-1/2*b*(a^8+196*a^6*b^2+574*a^4*b^4+244*a^2*b^6+9*b^8)/((a^2-b^2)^8*d*(a+b*sin(c+d*x)))
                     0.35    4.564097057582761e-8   2.197117487945377e-12     4.56391776142151e-8
                     0.65   2.8450327607676407e-8  1.6603177166452099e-12   2.8448799253844026e-8
                      1.7   2.6833690422445322e-8   8.877967805354103e-13    2.683284388432794e-8

== point-split  4 Trig functions/4.1 Sine/4.1.2.1 (a+b sin)^m (c+d sin)^n.mac e105 L138
   f      sin(c+d*x)^2/(a+a*sin(c+d*x))^(1/3)
   rubi   (6*(a*(tan((d*x+c)/2)^2+1)+2*a*tan((d*x+c)/2))^(1/3)*((2*hypergeometric([1/3,2/3],[4/3],(2*%i*(2*a*tan((d*x+c)/2)+2*a))/((2*a-2*%i*a)*(%i-tan((d*x+c)/2))))*a*(%i-tan((d*x+c)/2))*(((2*%i*a+2*a)*(tan((d*x+c)/2)+%i))/((2*a-2*%i*a)*(tan((d*x+c)/2)-%i)))^(2/3)*(2*a*tan((d*x+c)/2)+2*a))/((2*%i*a+2*a)*(tan((d*x+c)/2)^2+1)^(2/3)*(a*tan((d*x+c)/2)^2+2*a*tan((d*x+c)/2)+a)^(1/3))-(2*a*(2*a*tan((d*x+c)/2)+2*a)^(2/3)*(-((3*hypergeometric([1/3,2/3],[4/3],(2*%i*(2*a*tan((d*x+c)/2)+2*a))/((2*a-2*%i*a)*(%i-tan((d*x+c)/2))))*(%i-tan((d*x+c)/2))*(((2*%i*a+2*a)*(tan((d*x+c)/2)+%i))/((2*a-2*%i*a)*(tan((d*x+c)/2)-%i)))^(2/3)*(2*a*tan((d*x+c)/2)+2*a)^(1/3))/(4*(2*%i*a+2*a)*(tan((d*x+c)/2)^2+1)^(2/3)))-(3*(2*a-2*a*tan((d*x+c)/2))*(2*a*tan((d*x+c)/2)+2*a)^(1/3))/(32*a^2*(tan((d*x+c)/2)^2+1)^(2/3))))/(a*tan((d*x+c)/2)^2+2*a*tan((d*x+c)/2)+a)^(1/3)))/(5*a*d*(tan((d*x+c)/2)^2+1)^(1/3)*((2*a*tan((d*x+c)/2))/(tan((d*x+c)/2)^2+1)+a)^(1/3))-(3*cos(d*x+c)*(a*sin(d*x+c)+a)^(2/3))/(5*a*d)
   corpus 9/10*cos(c+d*x)/(d*(a+a*sin(c+d*x))^(1/3))-7/5*cos(c+d*x)*hypergeometric([1/2,5/6],[3/2],1/2*(1-sin(c+d*x)))/(2^(5/6)*d*(1+sin(c+d*x))^(1/6)*(a+a*sin(c+d*x))^(1/3))-3/5*cos(c+d*x)*(a+a*sin(c+d*x))^(2/3)/(a*d)
                     0.35        1.04653295392008                       0        1.04653295392008
                     0.65      1.0167032672577787  1.1102230246251565e-16      1.0167032672577787
                      1.7  1.4262332617231784e-15  1.1102230246251565e-16  1.4262332617231784e-15

== point-split  4 Trig functions/4.1 Sine/4.1.2.1 (a+b sin)^m (c+d sin)^n.mac e111 L144
   f      sin(c+d*x)^2/(a+a*sin(c+d*x))^(4/3)
   rubi   (6*(a*(tan((d*x+c)/2)^2+1)+2*a*tan((d*x+c)/2))^(1/3)*((10*a*(2*a*tan((d*x+c)/2)+2*a)^(2/3)*(-((3*hypergeometric([1/3,2/3],[4/3],(2*%i*(2*a*tan((d*x+c)/2)+2*a))/((2*a-2*%i*a)*(%i-tan((d*x+c)/2))))*(%i-tan((d*x+c)/2))*(((2*%i*a+2*a)*(tan((d*x+c)/2)+%i))/((2*a-2*%i*a)*(tan((d*x+c)/2)-%i)))^(2/3)*(2*a*tan((d*x+c)/2)+2*a)^(1/3))/(4*(2*%i*a+2*a)*(tan((d*x+c)/2)^2+1)^(2/3)))-(3*(2*a-2*a*tan((d*x+c)/2))*(2*a*tan((d*x+c)/2)+2*a)^(1/3))/(32*a^2*(tan((d*x+c)/2)^2+1)^(2/3))))/(3*(a*tan((d*x+c)/2)^2+2*a*tan((d*x+c)/2)+a)^(1/3))-(4*hypergeometric([1/3,2/3],[4/3],(2*%i*(2*a*tan((d*x+c)/2)+2*a))/((2*a-2*%i*a)*(%i-tan((d*x+c)/2))))*a*(%i-tan((d*x+c)/2))*(((2*%i*a+2*a)*(tan((d*x+c)/2)+%i))/((2*a-2*%i*a)*(tan((d*x+c)/2)-%i)))^(2/3)*(2*a*tan((d*x+c)/2)+2*a))/((2*%i*a+2*a)*(tan((d*x+c)/2)^2+1)^(2/3)*(a*tan((d*x+c)/2)^2+2*a*tan((d*x+c)/2)+a)^(1/3))))/(5*a^2*d*(tan((d*x+c)/2)^2+1)^(1/3)*((2*a*tan((d*x+c)/2))/(tan((d*x+c)/2)^2+1)+a)^(1/3))-(3*cos(d*x+c))/(5*d*(a*sin(d*x+c)+a)^(4/3))
   corpus -3/5*cos(c+d*x)/(d*(a+a*sin(c+d*x))^(4/3))-3/2*cos(c+d*x)/(a*d*(a+a*sin(c+d*x))^(1/3))+13/5*cos(c+d*x)*hypergeometric([1/2,5/6],[3/2],1/2*(1-sin(c+d*x)))/(2^(5/6)*a*d*(1+sin(c+d*x))^(1/6)*(a+a*sin(c+d*x))^(1/3))
                     0.35      2.1595124445969907   4.440892098500626e-16       2.159512444596991
                     0.65      2.0979591229128776   4.440892098500626e-16       2.097959122912878
                      1.7  3.3422036541510656e-15   2.220446049250313e-16   3.722343613944621e-15

== corpus-also  4 Trig functions/4.1 Sine/4.1.3.1 (a+b sin)^m (c+d sin)^n (A+B sin).mac e85 L114
   f      (a+a*sin(e+f*x))*(A+B*sin(e+f*x))/(c-c*sin(e+f*x))^(1/2)
   rubi   a*c*((2*(2*tan((f*x+e)/2)-2)*(atanh((sqrt(2)*(-(tan((f*x+e)/2)/2)-1/2))/sqrt(tan((f*x+e)/2)^2+1))/2^(5/2)-(2*tan((f*x+e)/2)-2)/(8*sqrt(tan((f*x+e)/2)^2+1))))/(3*c*f*sqrt(tan((f*x+e)/2)^2+1)*sqrt((c*(tan((f*x+e)/2)^2-2*tan((f*x+e)/2)+1))/(tan((f*x+e)/2)^2+1)))+(2*B*cos(f*x+e)*sqrt(c-c*sin(f*x+e)))/(3*c^2*f))
   corpus 2*a*(A+B)*atanh(cos(e+f*x)*sqrt(c)/(sqrt(2)*sqrt(c-c*sin(e+f*x))))*sqrt(2)/(f*sqrt(c))-2/3*a*(3*A+5*B)*cos(e+f*x)/(f*sqrt(c-c*sin(e+f*x)))+2/3*a*B*cos(e+f*x)*sqrt(c-c*sin(e+f*x))/(c*f)
                     0.35       35.41755592586593  1.5125234398283283e-11       35.41755592588106
                     0.65      140.41760447940894   1.9104779570844332e-8      140.41760446030415
                      1.7       6.021333830782278   4.107825191113079e-15      6.0213338307822735

== other  4 Trig functions/4.1 Sine/4.1.7 (d trig)^m (a+b (c sin)^n)^p.mac e255 L326
   f      1/(1+sin(x)^5)
   rubi   -(cos(x)/(sin(x)+1))
   corpus -1/5*cos(x)/(1+sin(x))-2/5*atan((-1)^(3/5)*(1+(-1)^(2/5)*tan(1/2*x))/sqrt(1+(-1)^(1/5)))/sqrt(1+(-1)^(1/5))-2/5*atan((-1)^(1/5)*(1+(-1)^(4/5)*tan(1/2*x))/sqrt(1-(-1)^(2/5)))/sqrt(1-(-1)^(2/5))+2/5*atan(((-1)^(4/5)+tan(1/2*x))/sqrt(1+(-1)^(3/5)))/sqrt(1+(-1)^(3/5))+2/5*atan(((-1)^(2/5)+tan(1/2*x))/sqrt(1-(-1)^(4/5)))/sqrt(1-(-1)^(4/5))
                     0.35      0.2506235716977263                declined                declined
                     0.65       0.301935280183534                declined                declined
                      1.7    0.008368606880957308                declined                declined

== other  4 Trig functions/4.1 Sine/4.1.7 (d trig)^m (a+b (c sin)^n)^p.mac e258 L329
   f      1/(1-sin(x)^5)
   rubi   cos(x)/(1-sin(x))
   corpus 1/5*cos(x)/(1-sin(x))+2/5*atan(((-1)^(3/5)+tan(1/2*x))/sqrt(1+(-1)^(1/5)))/sqrt(1+(-1)^(1/5))+2/5*atan(((-1)^(1/5)+tan(1/2*x))/sqrt(1-(-1)^(2/5)))/sqrt(1-(-1)^(2/5))-2/5*atan(((-1)^(4/5)-tan(1/2*x))/sqrt(1+(-1)^(3/5)))/sqrt(1+(-1)^(3/5))-2/5*atan(((-1)^(2/5)-tan(1/2*x))/sqrt(1-(-1)^(4/5)))/sqrt(1-(-1)^(4/5))
                     0.35      0.5170702302097927                declined                declined
                     0.65      1.4444891133043143                declined                declined
                      1.7       95.57527322752273                declined                declined

== other  4 Trig functions/4.1 Sine/4.1.7 (d trig)^m (a+b (c sin)^n)^p.mac e259 L330
   f      1/(1-sin(x)^6)
   rubi   ((3*cos(x))/(2*(1-sin(x)))-(3*cos(x))/(2*(sin(x)+1)))/3
   corpus 1/3*atan(sqrt(1+(-1)^(1/3))*tan(x))/sqrt(1+(-1)^(1/3))+1/3*atan(sqrt(1-(-1)^(2/3))*tan(x))/sqrt(1-(-1)^(2/3))+1/3*tan(x)
                     0.35     0.13161765069745313                declined                declined
                     0.65      0.5262437303690413                declined                declined
                      1.7       39.82140311516205                declined                declined

== point-split  4 Trig functions/4.1 Sine/4.1.7 (d trig)^m (a+b (c sin)^n)^p.mac e333 L426
   f      sec(e+f*x)^4*sqrt(a+b*sin(e+f*x)^2)
   rubi   (sqrt(cos(f*x+e)^2)*((sin(f*x+e)*sqrt(b*sin(f*x+e)^2+a))/(3*(1-sin(f*x+e)^2)^(3/2))-((((-(a*(b^2+2*a*b))-a*b^2)*sqrt((b*sin(f*x+e)^2)/a+1)*elliptic_f(asin(sin(f*x+e)),-(b/a)))/(b*sqrt(b*sin(f*x+e)^2+a))+((b^2+2*a*b)*sqrt(b*sin(f*x+e)^2+a)*elliptic_e(asin(sin(f*x+e)),-(b/a)))/(b*sqrt((b*sin(f*x+e)^2)/a+1)))/(b+a)+((-b-2*a)*sin(f*x+e)*sqrt(b*sin(f*x+e)^2+a))/((b+a)*sqrt(1-sin(f*x+e)^2)))/3))/(f*cos(f*x+e))
   corpus -1/3*(2*a+b)*elliptic_e(e+f*x,-b/a)*sqrt(a+b*sin(e+f*x)^2)/((a+b)*f*sqrt(1+b*sin(e+f*x)^2/a))+2/3*a*elliptic_f(e+f*x,-b/a)*sqrt(1+b*sin(e+f*x)^2/a)/(f*sqrt(a+b*sin(e+f*x)^2))+1/3*(2*a+b)*sqrt(a+b*sin(e+f*x)^2)*tan(e+f*x)/((a+b)*f)+1/3*sec(e+f*x)^2*sqrt(a+b*sin(e+f*x)^2)*tan(e+f*x)/f
                     0.35   6.821210263296962e-12  1.3877787807814457e-17   6.821210263296962e-12
                     0.65    2.208980731666088e-8   5.820767479125522e-11    2.214801497757435e-8
                      1.7                       0   4.440892098500626e-16   4.440892098500626e-16

== point-split  4 Trig functions/4.1 Sine/4.1.7 (d trig)^m (a+b (c sin)^n)^p.mac e344 L437
   f      sec(e+f*x)^4*(a+b*sin(e+f*x)^2)^(3/2)
   rubi   (sqrt(cos(f*x+e)^2)*(((b+a)*sin(f*x+e)*sqrt(b*sin(f*x+e)^2+a))/(3*(1-sin(f*x+e)^2)^(3/2))-((((b*(-(a*b^2)-a^2*b)-a*(2*a^2*b-2*b^3))*sqrt((b*sin(f*x+e)^2)/a+1)*elliptic_f(asin(sin(f*x+e)),-(b/a)))/(b*sqrt(b*sin(f*x+e)^2+a))+((2*a^2*b-2*b^3)*sqrt(b*sin(f*x+e)^2+a)*elliptic_e(asin(sin(f*x+e)),-(b/a)))/(b*sqrt((b*sin(f*x+e)^2)/a+1)))/(b+a)+((2*b^2-2*a^2)*sin(f*x+e)*sqrt(b*sin(f*x+e)^2+a))/((b+a)*sqrt(1-sin(f*x+e)^2)))/3))/(f*cos(f*x+e))
   corpus -2/3*(a-b)*elliptic_e(asin(sin(e+f*x)),-b/a)*sec(e+f*x)*sqrt(cos(e+f*x)^2)*sqrt(a+b*sin(e+f*x)^2)/(f*sqrt(1+b*sin(e+f*x)^2/a))+1/3*a*(2*a-b)*elliptic_f(asin(sin(e+f*x)),-b/a)*sec(e+f*x)*sqrt(cos(e+f*x)^2)*sqrt(1+b*sin(e+f*x)^2/a)/(f*sqrt(a+b*sin(e+f*x)^2))+2/3*(a-b)*sqrt(a+b*sin(e+f*x)^2)*tan(e+f*x)/f+1/3*(a+b)*sec(e+f*x)^2*sqrt(a+b*sin(e+f*x)^2)*tan(e+f*x)/f
                     0.35  1.3642420526593924e-11  3.4772185131259903e-13  1.3642420526593924e-11
                     0.65    4.842877388000488e-8    2.02467820287211e-10    4.877801984548569e-8
                      1.7   8.881784197001252e-16   9.020562075079397e-16                       0

== point-split  4 Trig functions/4.1 Sine/4.1.7 (d trig)^m (a+b (c sin)^n)^p.mac e353 L448
   f      sec(e+f*x)^4/sqrt(a+b*sin(e+f*x)^2)
   rubi   (sqrt(cos(f*x+e)^2)*(-(((((b*(3*b^2+a*b)-a*(-(4*b^2)-2*a*b))*sqrt((b*sin(f*x+e)^2)/a+1)*elliptic_f(asin(sin(f*x+e)),-(b/a)))/(b*sqrt(b*sin(f*x+e)^2+a))+((-(4*b^2)-2*a*b)*sqrt(b*sin(f*x+e)^2+a)*elliptic_e(asin(sin(f*x+e)),-(b/a)))/(b*sqrt((b*sin(f*x+e)^2)/a+1)))/(b+a)+((4*b+2*a)*sin(f*x+e)*sqrt(b*sin(f*x+e)^2+a))/((b+a)*sqrt(1-sin(f*x+e)^2)))/(3*(-b-a)))-(sin(f*x+e)*sqrt(b*sin(f*x+e)^2+a))/(3*(-b-a)*(1-sin(f*x+e)^2)^(3/2))))/(f*cos(f*x+e))
   corpus -2/3*(a+2*b)*elliptic_e(e+f*x,-b/a)*sqrt(a+b*sin(e+f*x)^2)/((a+b)^2*f*sqrt(1+b*sin(e+f*x)^2/a))+1/3*(2*a+3*b)*elliptic_f(e+f*x,-b/a)*sqrt(1+b*sin(e+f*x)^2/a)/((a+b)*f*sqrt(a+b*sin(e+f*x)^2))+2/3*(a+2*b)*sqrt(a+b*sin(e+f*x)^2)*tan(e+f*x)/((a+b)^2*f)+1/3*sec(e+f*x)^2*sqrt(a+b*sin(e+f*x)^2)*tan(e+f*x)/((a+b)*f)
                     0.35   3.183231456205249e-12    5.69266855876549e-14   3.296918293926865e-12
                     0.65   1.0099029168486595e-8  1.4551901350579044e-11   1.0069925338029861e-8
                      1.7                       0   7.771561172376096e-16   8.881784197001252e-16

== corpus-also  4 Trig functions/4.1 Sine/4.1.7 (d trig)^m (a+b (c sin)^n)^p.mac e462 L593
   f      sqrt(a-a*sin(e+f*x)^2)*tan(e+f*x)^6
   rubi   (sqrt(a*cos(f*x+e)^2)*(sin(f*x+e)^5/(4*(1-sin(f*x+e)^2)^2)-(5*(sin(f*x+e)^3/(2*(1-sin(f*x+e)^2))-(3*(atanh(sin(f*x+e))-sin(f*x+e)))/2))/4))/(f*cos(f*x+e))
   corpus 15/8*atanh(sin(e+f*x))*sec(e+f*x)*sqrt(a*cos(e+f*x)^2)/f-15/8*sqrt(a*cos(e+f*x)^2)*tan(e+f*x)/f-5/8*sqrt(a*cos(e+f*x)^2)*tan(e+f*x)^3/f+1/4*sqrt(a*cos(e+f*x)^2)*tan(e+f*x)^5/f
                     0.35   3.058175934711471e-11   7.272404900504625e-12   2.376054908381775e-11
                     0.65    4.116445779800415e-7    6.612384595428011e-8   3.4552067518234253e-7
                      1.7  1.6479873021779667e-16                       0   1.734723475976807e-18

== corpus-also  4 Trig functions/4.1 Sine/4.1.7 (d trig)^m (a+b (c sin)^n)^p.mac e473 L606
   f      tan(e+f*x)^4/sqrt(a-a*sin(e+f*x)^2)
   rubi   (cos(f*x+e)*(sin(f*x+e)^3/(4*(1-sin(f*x+e)^2)^2)-(3*(sin(f*x+e)/(2*(1-sin(f*x+e)^2))-atanh(sin(f*x+e))/2))/4))/(f*sqrt(a*cos(f*x+e)^2))
   corpus 3/8*atanh(sin(e+f*x))*cos(e+f*x)/(f*sqrt(a*cos(e+f*x)^2))-3/8*tan(e+f*x)/(f*sqrt(a*cos(e+f*x)^2))+1/4*tan(e+f*x)^3/(f*sqrt(a*cos(e+f*x)^2))
                     0.35   2.376054908381775e-11   4.433786671143025e-12  2.8194335754960775e-11
                     0.65    3.110617399215698e-7    7.194466888904572e-8   3.8300640881061554e-7
                      1.7   6.938893903907228e-18   1.942890293094024e-16  2.0122792321330962e-16

== corpus-also  4 Trig functions/4.1 Sine/4.1.7 (d trig)^m (a+b (c sin)^n)^p.mac e483 L616
   f      tan(e+f*x)^2/(a-a*sin(e+f*x)^2)^(3/2)
   rubi   (cos(f*x+e)*(sin(f*x+e)/(4*(1-sin(f*x+e)^2)^2)-(atanh(sin(f*x+e))/2+sin(f*x+e)/(2*(1-sin(f*x+e)^2)))/4))/(a*f*sqrt(a*cos(f*x+e)^2))
   corpus -1/8*atanh(sin(e+f*x))*cos(e+f*x)/(a*f*sqrt(a*cos(e+f*x)^2))-1/8*tan(e+f*x)/(a*f*sqrt(a*cos(e+f*x)^2))+1/4*sec(e+f*x)^2*tan(e+f*x)/(a*f*sqrt(a*cos(e+f*x)^2))
                     0.35  1.3642420526593924e-11  1.7280399333685637e-11   3.092281986027956e-11
                     0.65   1.8277205526828766e-7   2.4423934519290924e-7    4.270114004611969e-7
                      1.7   2.220446049250313e-16  3.3306690738754696e-16  1.1102230246251565e-16

== point-split  4 Trig functions/4.1 Sine/4.1.7 (d trig)^m (a+b (c sin)^n)^p.mac e494 L631
   f      sqrt(a+b*sin(e+f*x)^2)*tan(e+f*x)^4
   rubi   (sqrt(cos(f*x+e)^2)*((sin(f*x+e)^3*sqrt(b*sin(f*x+e)^2+a))/(3*(1-sin(f*x+e)^2)^(3/2))-(((-(4*b)-3*a)*sin(f*x+e)*sqrt(b*sin(f*x+e)^2+a))/((-b-a)*sqrt(1-sin(f*x+e)^2))-(((b*(-(4*a*b)-3*a^2)-a*(-(8*b^2)-7*a*b))*sqrt((b*sin(f*x+e)^2)/a+1)*elliptic_f(asin(sin(f*x+e)),-(b/a)))/(b*sqrt(b*sin(f*x+e)^2+a))+((-(8*b^2)-7*a*b)*sqrt(b*sin(f*x+e)^2+a)*elliptic_e(asin(sin(f*x+e)),-(b/a)))/(b*sqrt((b*sin(f*x+e)^2)/a+1)))/(-b-a))/3))/(f*cos(f*x+e))
   corpus 1/3*(7*a+8*b)*elliptic_e(asin(sin(e+f*x)),-b/a)*sec(e+f*x)*sqrt(cos(e+f*x)^2)*sqrt(a+b*sin(e+f*x)^2)/((a+b)*f*sqrt(1+b*sin(e+f*x)^2/a))-4/3*a*elliptic_f(asin(sin(e+f*x)),-b/a)*sec(e+f*x)*sqrt(cos(e+f*x)^2)*sqrt(1+b*sin(e+f*x)^2/a)/(f*sqrt(a+b*sin(e+f*x)^2))-1/3*(3*a+4*b)*sqrt(a+b*sin(e+f*x)^2)*tan(e+f*x)/((a+b)*f)+1/3*sqrt(a+b*sin(e+f*x)^2)*tan(e+f*x)^3/f
                     0.35    6.59383658785373e-12  1.0658141036401503e-14    6.59383658785373e-12
                     0.65   2.2177118808031082e-8   2.737365889515786e-11    2.214801497757435e-8
                      1.7   5.551115123125783e-16  1.1102230246251565e-16  1.1102230246251565e-15

== point-split  4 Trig functions/4.1 Sine/4.1.7 (d trig)^m (a+b (c sin)^n)^p.mac e505 L642
   f      (a+b*sin(e+f*x)^2)^(3/2)*tan(e+f*x)^4
   rubi   (sqrt(cos(f*x+e)^2)*((sin(f*x+e)^3*(b*sin(f*x+e)^2+a)^(3/2))/(3*(1-sin(f*x+e)^2)^(3/2))-((((b*(-(24*a*b^2)-9*a^2*b)-a*(-(48*b^3)-24*a*b^2))*sqrt((b*sin(f*x+e)^2)/a+1)*elliptic_f(asin(sin(f*x+e)),-(b/a)))/(b*sqrt(b*sin(f*x+e)^2+a))+((-(48*b^3)-24*a*b^2)*sqrt(b*sin(f*x+e)^2+a)*elliptic_e(asin(sin(f*x+e)),-(b/a)))/(b*sqrt((b*sin(f*x+e)^2)/a+1)))/(3*b)-((-(24*b^2)-9*a*b)*sin(f*x+e)*sqrt(1-sin(f*x+e)^2)*sqrt(b*sin(f*x+e)^2+a))/(3*b)+((6*b+3*a)*sin(f*x+e)^3*sqrt(b*sin(f*x+e)^2+a))/sqrt(1-sin(f*x+e)^2))/3))/(f*cos(f*x+e))
   corpus -1/3*(3*a+8*b)*cos(e+f*x)*sin(e+f*x)*sqrt(a+b*sin(e+f*x)^2)/f+8/3*(a+2*b)*elliptic_e(asin(sin(e+f*x)),-b/a)*sec(e+f*x)*sqrt(cos(e+f*x)^2)*sqrt(a+b*sin(e+f*x)^2)/(f*sqrt(1+b*sin(e+f*x)^2/a))-1/3*a*(5*a+8*b)*elliptic_f(asin(sin(e+f*x)),-b/a)*sec(e+f*x)*sqrt(cos(e+f*x)^2)*sqrt(1+b*sin(e+f*x)^2/a)/(f*sqrt(a+b*sin(e+f*x)^2))-(a+2*b)*sin(e+f*x)^2*sqrt(a+b*sin(e+f*x)^2)*tan(e+f*x)/f+1/3*(a+b*sin(e+f*x)^2)^(3/2)*tan(e+f*x)^3/f
                     0.35  1.4097167877480388e-11   3.481659405224491e-13  1.4097167877480388e-11
                     0.65    4.877801984548569e-8  1.6213164144573966e-10    4.866160452365875e-8
                      1.7   8.881784197001252e-16   4.440892098500626e-16   8.881784197001252e-16

== point-split  4 Trig functions/4.1 Sine/4.1.7 (d trig)^m (a+b (c sin)^n)^p.mac e516 L655
   f      tan(e+f*x)^4/sqrt(a+b*sin(e+f*x)^2)
   rubi   (sqrt(cos(f*x+e)^2)*(((((b*(-(a*b)-3*a^2)-a*(-(2*b^2)-4*a*b))*sqrt((b*sin(f*x+e)^2)/a+1)*elliptic_f(asin(sin(f*x+e)),-(b/a)))/(b*sqrt(b*sin(f*x+e)^2+a))+((-(2*b^2)-4*a*b)*sqrt(b*sin(f*x+e)^2+a)*elliptic_e(asin(sin(f*x+e)),-(b/a)))/(b*sqrt((b*sin(f*x+e)^2)/a+1)))/(b+a)+((2*b+4*a)*sin(f*x+e)*sqrt(b*sin(f*x+e)^2+a))/((b+a)*sqrt(1-sin(f*x+e)^2)))/(3*(-b-a))-(sin(f*x+e)*sqrt(b*sin(f*x+e)^2+a))/(3*(-b-a)*(1-sin(f*x+e)^2)^(3/2))))/(f*cos(f*x+e))
   corpus 2/3*(2*a+b)*elliptic_e(asin(sin(e+f*x)),-b/a)*sec(e+f*x)*sqrt(cos(e+f*x)^2)*sqrt(a+b*sin(e+f*x)^2)/((a+b)^2*f*sqrt(1+b*sin(e+f*x)^2/a))-1/3*a*elliptic_f(asin(sin(e+f*x)),-b/a)*sec(e+f*x)*sqrt(cos(e+f*x)^2)*sqrt(1+b*sin(e+f*x)^2/a)/((a+b)*f*sqrt(a+b*sin(e+f*x)^2))-2/3*(2*a+b)*sqrt(a+b*sin(e+f*x)^2)*tan(e+f*x)/((a+b)^2*f)+1/3*sec(e+f*x)^2*sqrt(a+b*sin(e+f*x)^2)*tan(e+f*x)/((a+b)*f)
                     0.35   3.183231456205249e-12   9.015010959956271e-14   3.126388037344441e-12
                     0.65   1.0128132998943329e-8    8.47220071875654e-11   1.0040821507573128e-8
                      1.7   5.551115123125783e-17  1.8041124150158794e-16                       0

== point-split  4 Trig functions/4.1 Sine/4.1.7 (d trig)^m (a+b (c sin)^n)^p.mac e527 L666
   f      tan(e+f*x)^4/(a+b*sin(e+f*x)^2)^(3/2)
   rubi   (sqrt(cos(f*x+e)^2)*((a*((-((((b*(3*a^2-5*a*b)-a*(7*a*b-b^2))*sqrt((b*sin(f*x+e)^2)/a+1)*elliptic_f(asin(sin(f*x+e)),-(b/a)))/(b*sqrt(b*sin(f*x+e)^2+a))+((7*a*b-b^2)*sqrt(b*sin(f*x+e)^2+a)*elliptic_e(asin(sin(f*x+e)),-(b/a)))/(b*sqrt((b*sin(f*x+e)^2)/a+1)))/(a*(b+a)))-((4*a*b-b*(b-3*a))*sin(f*x+e)*sqrt(1-sin(f*x+e)^2))/(a*(b+a)*sqrt(b*sin(f*x+e)^2+a)))/(b+a)+(4*sin(f*x+e))/((b+a)*sqrt(1-sin(f*x+e)^2)*sqrt(b*sin(f*x+e)^2+a))))/(3*(-b-a))-sin(f*x+e)/(3*(-b-a)*(1-sin(f*x+e)^2)^(3/2)*sqrt(b*sin(f*x+e)^2+a))))/(f*cos(f*x+e))
   corpus 1/3*(7*a-b)*b*cos(e+f*x)*sin(e+f*x)/((a+b)^3*f*sqrt(a+b*sin(e+f*x)^2))+1/3*(7*a-b)*elliptic_e(asin(sin(e+f*x)),-b/a)*sec(e+f*x)*sqrt(cos(e+f*x)^2)*sqrt(a+b*sin(e+f*x)^2)/((a+b)^3*f*sqrt(1+b*sin(e+f*x)^2/a))-4/3*a*elliptic_f(asin(sin(e+f*x)),-b/a)*sec(e+f*x)*sqrt(cos(e+f*x)^2)*sqrt(1+b*sin(e+f*x)^2/a)/((a+b)^2*f*sqrt(a+b*sin(e+f*x)^2))-4/3*a*tan(e+f*x)/((a+b)^2*f*sqrt(a+b*sin(e+f*x)^2))+1/3*sec(e+f*x)^2*tan(e+f*x)/((a+b)*f*sqrt(a+b*sin(e+f*x)^2))
                     0.35  1.4495071809506044e-12   3.241851231905457e-14  1.4210854715202004e-12
                     0.65    4.598405212163925e-9  3.3717029168656154e-11    4.562025424093008e-9
                      1.7  1.6653345369377348e-16                       0  1.6653345369377348e-16

== point-split  4 Trig functions/4.1 Sine/4.1.7 (d trig)^m (a+b (c sin)^n)^p.mac e538 L677
   f      tan(e+f*x)^4/(a+b*sin(e+f*x)^2)^(5/2)
   rubi   (sqrt(cos(f*x+e)^2)*(((-((-((((b*(-(9*a^2*b^2)+30*a^3*b-9*a^4)-a*(24*a^2*b^2-24*a^3*b))*sqrt((b*sin(f*x+e)^2)/a+1)*elliptic_f(asin(sin(f*x+e)),-(b/a)))/(b*sqrt(b*sin(f*x+e)^2+a))+((24*a^2*b^2-24*a^3*b)*sqrt(b*sin(f*x+e)^2+a)*elliptic_e(asin(sin(f*x+e)),-(b/a)))/(b*sqrt((b*sin(f*x+e)^2)/a+1)))/(a*(b+a)))-((a*(9*a*b^2-15*a^2*b)-b*(9*a^3-15*a^2*b))*sin(f*x+e)*sqrt(1-sin(f*x+e)^2))/(a*(b+a)*sqrt(b*sin(f*x+e)^2+a)))/(3*a*(b+a)))-((a*(12*a*b-6*b^2)-b*(3*a*b-3*a^2))*sin(f*x+e)*sqrt(1-sin(f*x+e)^2))/(3*a*(b+a)*(b*sin(f*x+e)^2+a)^(3/2)))/(b+a)+((4*a-2*b)*sin(f*x+e))/((b+a)*sqrt(1-sin(f*x+e)^2)*(b*sin(f*x+e)^2+a)^(3/2)))/(3*(-b-a))-sin(f*x+e)/(3*(-b-a)*(1-sin(f*x+e)^2)^(3/2)*(b*sin(f*x+e)^2+a)^(3/2))))/(f*cos(f*x+e))
   corpus 1/3*(5*a-3*b)*b*cos(e+f*x)*sin(e+f*x)/((a+b)^3*f*(a+b*sin(e+f*x)^2)^(3/2))+8/3*(a-b)*b*cos(e+f*x)*sin(e+f*x)/((a+b)^4*f*sqrt(a+b*sin(e+f*x)^2))+8/3*(a-b)*elliptic_e(asin(sin(e+f*x)),-b/a)*sec(e+f*x)*sqrt(cos(e+f*x)^2)*sqrt(a+b*sin(e+f*x)^2)/((a+b)^4*f*sqrt(1+b*sin(e+f*x)^2/a))-1/3*(5*a-3*b)*elliptic_f(asin(sin(e+f*x)),-b/a)*sec(e+f*x)*sqrt(cos(e+f*x)^2)*sqrt(1+b*sin(e+f*x)^2/a)/((a+b)^3*f*sqrt(a+b*sin(e+f*x)^2))-2/3*(2*a-b)*tan(e+f*x)/((a+b)^2*f*(a+b*sin(e+f*x)^2)^(3/2))+1/3*sec(e+f*x)^2*tan(e+f*x)/((a+b)*f*(a+b*sin(e+f*x)^2)^(3/2))
                     0.35   6.536993168992922e-13   3.159972283839352e-14   6.110667527536862e-13
                     0.65   2.0954757928848267e-9   1.286198925143367e-11     2.08092387765646e-9
                      1.7   8.326672684688674e-17    2.42861286636753e-17   5.551115123125783e-17

== other  4 Trig functions/4.2 Cosine/4.2.7 (d trig)^m (a+b (c cos)^n)^p.mac e80 L151
   f      1/(1+cos(x)^5)
   rubi   sin(x)/(cos(x)+1)
   corpus 1/5*sin(x)/(1+cos(x))-2/5*atanh(tan(1/2*x)/sqrt((-1+(-1)^(1/5))/(1+(-1)^(1/5))))/sqrt(-1+(-1)^(2/5))+2/5*atan(sqrt((1-(-1)^(4/5))/(1+(-1)^(4/5)))*tan(1/2*x))/sqrt(1+(-1)^(3/5))-2/5*atanh(sqrt((-1-(-1)^(3/5))/(1-(-1)^(3/5)))*tan(1/2*x))*sqrt((-1-(-1)^(3/5))/(1-(-1)^(3/5)))/(1+(-1)^(3/5))+2/5*atan(sqrt((1-(-1)^(2/5))/(1+(-1)^(2/5)))*tan(1/2*x))/sqrt(1-(-1)^(4/5))
                     0.35     0.06191712253013728                declined                declined
                     0.65      0.2009593976168627                declined                declined
                      1.7     0.14786517348743122                declined                declined

== other  4 Trig functions/4.2 Cosine/4.2.7 (d trig)^m (a+b (c cos)^n)^p.mac e83 L154
   f      1/(1-cos(x)^5)
   rubi   -(sin(x)/(1-cos(x)))
   corpus -1/5*sin(x)/(1-cos(x))+2/5*atan(sqrt((1-(-1)^(3/5))/(1+(-1)^(3/5)))*tan(1/2*x))/sqrt(1+(-1)^(1/5))+2/5*atan(sqrt((1-(-1)^(1/5))/(1+(-1)^(1/5)))*tan(1/2*x))/sqrt(1-(-1)^(2/5))+2/5*atanh(sqrt((-1-(-1)^(4/5))/(1-(-1)^(4/5)))*tan(1/2*x))/sqrt(-1-(-1)^(3/5))-2/5*atanh(tan(1/2*x)/sqrt((-1+(-1)^(2/5))/(1+(-1)^(2/5))))/sqrt(-1+(-1)^(4/5))
                     0.35      12.770403601869916                declined                declined
                     0.65        3.43395390063072                declined                declined
                      1.7     0.11410288403038815                declined                declined

== other  4 Trig functions/4.2 Cosine/4.2.7 (d trig)^m (a+b (c cos)^n)^p.mac e84 L155
   f      1/(1-cos(x)^6)
   rubi   ((3*sin(x))/(2*(cos(x)+1))-(3*sin(x))/(2*(1-cos(x))))/3
   corpus -1/3*cot(x)-1/3*atan(cot(x)*sqrt(1+(-1)^(1/3)))/sqrt(1+(-1)^(1/3))-1/3*atan(cot(x)*sqrt(1-(-1)^(2/3)))/sqrt(1-(-1)^(2/3))
                     0.35       5.308893287407835                declined                declined
                     0.65      1.3889209699684009                declined                declined
                      1.7      0.0168765709253067                declined                declined

== point-split  4 Trig functions/4.3 Tangent/4.3.0 (a trg)^m (b tan)^n.mac e271 L350
   f      sec(e+f*x)^(4/3)*tan(e+f*x)^2
   rubi   (hypergeometric([3/2,13/6],[5/2],sin(f*x+e)^2)*(cos(f*x+e)^2)^(13/6)*sec(f*x+e)^(4/3)*tan(f*x+e)^3)/(3*f)
   corpus 3/7*hypergeometric([-7/6,-1/2],[-1/6],cos(e+f*x)^2)*sec(e+f*x)^(7/3)*sin(e+f*x)/(f*sqrt(sin(e+f*x)^2))
                     0.35  2.4442670110147446e-12  1.3500311979441904e-13  2.2524204723595176e-12
                     0.65   1.6079866327345371e-9  2.8109070626669563e-11   1.6360957033612067e-9
                      1.7  1.1102230246251565e-16                       0                       0

== corpus-also  4 Trig functions/4.3 Tangent/4.3.0 (a trg)^m (b tan)^n.mac e276 L355
   f      sec(e+f*x)^(4/3)*tan(e+f*x)^4
   rubi   (hypergeometric([5/2,19/6],[7/2],sin(f*x+e)^2)*(cos(f*x+e)^2)^(19/6)*sec(f*x+e)^(4/3)*tan(f*x+e)^5)/(5*f)
   corpus 3/13*hypergeometric([-13/6,-3/2],[-7/6],cos(e+f*x)^2)*sec(e+f*x)^(13/3)*sin(e+f*x)/(f*sqrt(sin(e+f*x)^2))
                     0.35   6.366462912410498e-11   5.684341886080802e-14   6.269829100347124e-11
                     0.65    1.044943928718567e-6    6.515620043501258e-9   1.0384283086750656e-6
                      1.7   5.551115123125783e-17                       0                       0

== point-split  4 Trig functions/4.3 Tangent/4.3.0 (a trg)^m (b tan)^n.mac e277 L356
   f      sec(e+f*x)^(2/3)*tan(e+f*x)^4
   rubi   (hypergeometric([5/2,17/6],[7/2],sin(f*x+e)^2)*(cos(f*x+e)^2)^(17/6)*sec(f*x+e)^(2/3)*tan(f*x+e)^5)/(5*f)
   corpus 3/11*hypergeometric([-11/6,-3/2],[-5/6],cos(e+f*x)^2)*sec(e+f*x)^(11/3)*sin(e+f*x)/(f*sqrt(sin(e+f*x)^2))
                     0.35   1.318767317570746e-11                       0  1.2732925824820995e-11
                     0.65   1.3387762010097504e-7   7.157723302952945e-10   1.3292901712702587e-7
                      1.7  1.6653345369377348e-16   8.881784197001252e-16   8.881784197001252e-16

== point-split  4 Trig functions/4.3 Tangent/4.3.0 (a trg)^m (b tan)^n.mac e278 L357
   f      sec(e+f*x)^(1/3)*tan(e+f*x)^4
   rubi   (hypergeometric([5/2,8/3],[7/2],sin(f*x+e)^2)*cos(f*x+e)^(16/3)*sec(f*x+e)^(1/3)*tan(f*x+e)^5)/(5*f)
   corpus 3/10*hypergeometric([-5/3,-3/2],[-2/3],cos(e+f*x)^2)*sec(e+f*x)^(10/3)*sin(e+f*x)/(f*sqrt(sin(e+f*x)^2))
                     0.35   7.077005648170598e-12   7.531752999057062e-13   6.295408638834488e-12
                     0.65   4.1851308196783066e-8   4.729372449219227e-11    4.189860192127526e-8
                      1.7   9.020562075079397e-17                       0                       0

== point-split  4 Trig functions/4.3 Tangent/4.3.0 (a trg)^m (b tan)^n.mac e279 L358
   f      tan(e+f*x)^4/sec(e+f*x)^(1/3)
   rubi   (hypergeometric([7/3,5/2],[7/2],sin(f*x+e)^2)*cos(f*x+e)^(14/3)*tan(f*x+e)^5)/(5*f*sec(f*x+e)^(1/3))
   corpus 3/8*hypergeometric([-3/2,-4/3],[-1/3],cos(e+f*x)^2)*sec(e+f*x)^(8/3)*sin(e+f*x)/(f*sqrt(sin(e+f*x)^2))
                     0.35  1.5134560271690134e-12  1.4210854715202004e-14  1.5205614545266144e-12
                     0.65    5.448782758321613e-9   9.822542779147625e-11    5.344190867617726e-9
                      1.7  1.5785983631388945e-16   8.881784197001252e-16   8.881784197001252e-16

== point-split  4 Trig functions/4.3 Tangent/4.3.0 (a trg)^m (b tan)^n.mac e280 L359
   f      tan(e+f*x)^4/sec(e+f*x)^(2/3)
   rubi   (hypergeometric([13/6,5/2],[7/2],sin(f*x+e)^2)*(cos(f*x+e)^2)^(13/6)*tan(f*x+e)^5)/(5*f*sec(f*x+e)^(2/3))
   corpus 3/7*hypergeometric([-3/2,-7/6],[-1/6],cos(e+f*x)^2)*sec(e+f*x)^(7/3)*sin(e+f*x)/(f*sqrt(sin(e+f*x)^2))
                     0.35  2.0463630789890885e-12  1.2789769243681803e-13  1.9468870959826745e-12
                     0.65    1.673470251262188e-9   4.547473508864641e-13   1.6702870198059827e-9
                      1.7   1.942890293094024e-16                       0                       0

== corpus-also  4 Trig functions/4.3 Tangent/4.3.1.2 (d sec)^m (a+b tan)^n.mac e594 L655
   f      (d*sec(e+f*x))^(5/2)*(a+b*tan(e+f*x))^3
   rubi   (d^2*sqrt(d*sec(f*x+e))*((2*b^2*((13*a*b^2*((2*(tan(f*x+e)/b+a/b^2)*(tan(f*x+e)^2+1)^(5/4))/7-(b^2*((2/b^4-(7*a^2)/b^6)*((2*b*elliptic_f(atan(tan(f*x+e))/2,2))/3+(2*b*tan(f*x+e)*(tan(f*x+e)^2+1)^(1/4))/3)-(18*a*(tan(f*x+e)^2+1)^(5/4))/(5*b^4)))/7))/2+(-((2*a^2)/b^2)-2)*b^2*((a*((2*b*elliptic_f(atan(tan(f*x+e))/2,2))/3+(2*b*tan(f*x+e)*(tan(f*x+e)^2+1)^(1/4))/3))/b^2+(2*(tan(f*x+e)^2+1)^(5/4))/5)))/9+(2*b^2*(b*tan(f*x+e)+a)^2*(tan(f*x+e)^2+1)^(5/4))/9))/(b*f*(sec(f*x+e)^2)^(1/4))
   corpus 2/21*a*(7*a^2-6*b^2)*d^2*elliptic_f(1/2*atan(tan(e+f*x)),2)*sqrt(d*sec(e+f*x))/(f*(sec(e+f*x)^2)^(1/4))+2/21*a*(7*a^2-6*b^2)*d^2*sqrt(d*sec(e+f*x))*tan(e+f*x)/f+2/9*b*d^2*sec(e+f*x)^2*sqrt(d*sec(e+f*x))*(a+b*tan(e+f*x))^2/f+2/315*b*d^2*sec(e+f*x)^2*sqrt(d*sec(e+f*x))*(14*(11*a^2-2*b^2)+65*a*b*tan(e+f*x))/f
                     0.35   7.275957614183426e-12  6.7587047070105655e-12                       0
                     0.65   1.3504177331924438e-8   1.4294334604869618e-9   1.3504177331924438e-8
                      1.7   1.942890293094024e-16  1.5265566588595902e-16  3.3306690738754696e-16

== corpus-also  4 Trig functions/4.3 Tangent/4.3.7 (d trig)^m (a+b (c tan)^n)^p.mac e361 L448
   f      tan(e+f*x)^5*(a+b*tan(e+f*x)^2)^p
   rubi   -(((hypergeometric([p+1,p+1],[p+2],-((b*cos(f*x+e)^2-a*cos(f*x+e)^2-b)/b))*(cos(f*x+e)^2)^p*(b*cos(f*x+e)^2-a*cos(f*x+e)^2-b)*(-((b*cos(f*x+e)^2-a*cos(f*x+e)^2-b)/cos(f*x+e)^2))^p*((b*cos(f*x+e)^2-a*cos(f*x+e)^2-b)/b+1)^p)/(b*(p+1)*((b*cos(f*x+e)^2-a*cos(f*x+e)^2-b)/(b-a)+b/(b-a))^p)+((cos(f*x+e)^2)^p*(-((b*cos(f*x+e)^2-a*cos(f*x+e)^2-b)/cos(f*x+e)^2))^p*(-(((b-a)^2*(b*cos(f*x+e)^2-a*cos(f*x+e)^2-b)^(p+1)*((b*cos(f*x+e)^2-a*cos(f*x+e)^2-b)/(b-a)+b/(b-a))^(-p-1))/(b^2*(-p-2)*(p+1)))-((b-a)*(b*cos(f*x+e)^2-a*cos(f*x+e)^2-b)^(p+1)*((b*cos(f*x+e)^2-a*cos(f*x+e)^2-b)/(b-a)+b/(b-a))^(-p-2))/(b*(-p-2))))/((b-a)*(b*cos(f*x+e)^2-a*cos(f*x+e)^2-b)^p)+(2*(-((b*cos(f*x+e)^2-a*cos(f*x+e)^2-b)/cos(f*x+e)^2))^(p+1))/(b*(p+1)))/(2*f))
   corpus -1/2*(a+b)*(a+b*tan(e+f*x)^2)^(1+p)/(b^2*f*(1+p))-1/2*hypergeometric([1,1+p],[2+p],(a+b*tan(e+f*x)^2)/(a-b))*(a+b*tan(e+f*x)^2)^(1+p)/((a-b)*f*(1+p))+1/2*(a+b*tan(e+f*x)^2)^(2+p)/(b^2*f*(2+p))
                     0.35    9.778887033462524e-8   1.3810677046421915e-9    9.916993803926744e-8
                     0.65          0.053466796875    3.119329921901226e-4     0.05377872986719012
                      1.7  1.7763568394002505e-14   8.881784197001252e-16   1.687538997430238e-14

== corpus-also  4 Trig functions/4.3 Tangent/4.3.7 (d trig)^m (a+b (c tan)^n)^p.mac e362 L449
   f      tan(e+f*x)^3*(a+b*tan(e+f*x)^2)^p
   rubi   -((-((hypergeometric([p+1,p+1],[p+2],-((b*cos(f*x+e)^2-a*cos(f*x+e)^2-b)/b))*(cos(f*x+e)^2)^p*(b*cos(f*x+e)^2-a*cos(f*x+e)^2-b)*(-((b*cos(f*x+e)^2-a*cos(f*x+e)^2-b)/cos(f*x+e)^2))^p*((b*cos(f*x+e)^2-a*cos(f*x+e)^2-b)/b+1)^p)/(b*(p+1)*((b*cos(f*x+e)^2-a*cos(f*x+e)^2-b)/(b-a)+b/(b-a))^p))-(-((b*cos(f*x+e)^2-a*cos(f*x+e)^2-b)/cos(f*x+e)^2))^(p+1)/(b*(p+1)))/(2*f))
   corpus 1/2*(a+b*tan(e+f*x)^2)^(1+p)/(b*f*(1+p))+1/2*hypergeometric([1,1+p],[2+p],(a+b*tan(e+f*x)^2)/(a-b))*(a+b*tan(e+f*x)^2)^(1+p)/((a-b)*f*(1+p))
                     0.35   5.820766091346741e-11   4.501998773775995e-11   9.549694368615746e-12
                     0.65     2.86102294921875e-6    8.721835911273956e-7   1.9813887774944305e-6
                      1.7   2.886579864025407e-15   4.440892098500626e-16  3.1086244689504383e-15

== point-split  4 Trig functions/4.3 Tangent/4.3.7 (d trig)^m (a+b (c tan)^n)^p.mac e363 L450
   f      tan(e+f*x)*(a+b*tan(e+f*x)^2)^p
   rubi   -((hypergeometric([p+1,p+1],[p+2],-((b*cos(f*x+e)^2-a*cos(f*x+e)^2-b)/b))*(cos(f*x+e)^2)^p*(b*cos(f*x+e)^2-a*cos(f*x+e)^2-b)*(-((b*cos(f*x+e)^2-a*cos(f*x+e)^2-b)/cos(f*x+e)^2))^p*((b*cos(f*x+e)^2-a*cos(f*x+e)^2-b)/b+1)^p)/(2*b*f*(p+1)*((b*cos(f*x+e)^2-a*cos(f*x+e)^2-b)/(b-a)+b/(b-a))^p))
   corpus -1/2*hypergeometric([1,1+p],[2+p],(a+b*tan(e+f*x)^2)/(a-b))*(a+b*tan(e+f*x)^2)^(1+p)/((a-b)*f*(1+p))
                     0.35   7.639755494892597e-11   4.547473508864641e-13   7.685230229981244e-11
                     0.65   1.8719583749771118e-7   4.656612873077393e-10   1.8766149878501892e-7
                      1.7   4.440892098500626e-15   4.440892098500626e-16  3.9968028886505635e-15

== rubi-only  4 Trig functions/4.3 Tangent/4.3.7 (d trig)^m (a+b (c tan)^n)^p.mac e380 L471
   f      1/(1+tan(x)^3)
   rubi   (-(log(tan(x)^2+1)/2)+(log(tan(x)+1)-log(tan(x)^2+1)/2)/2+log(tan(x)+1)+(3*x)/2)/3
   corpus 1/2*x-1/2*log(cos(x))+1/6*log(1+tan(x))-1/3*log(1-tan(x)+tan(x)^2)
                     0.35     0.22103202349897555                       0      0.2210320234989756
                     0.65     0.12665173063281165                       0      0.1266517306328116
                      1.7     0.14713131704901913   1.938553484404082e-16     0.14713131704901894

== rubi-only  4 Trig functions/4.4 Cotangent/4.4.7 (d trig)^m (a+b (c cot)^n)^p.mac e59 L98
   f      1/(1+cot(x)^3)
   rubi   (2*(-((atan(cot(x))-log(cot(x)^2+1)/2)/2)-log(cot(x)+1)/2)-(x-2*(-((atan(cot(x))-log(cot(x)^2+1)/2)/2)-log(cot(x)+1)/2))/2+x/2)/3
   corpus 1/2*x-1/6*log(1+cot(x))+1/3*log(1-cot(x)+cot(x)^2)+1/2*log(sin(x))
                     0.35     0.22103202349897536   2.220446049250313e-16      0.2210320234989751
                     0.65       0.126651730632812  1.1102230246251565e-16      0.1266517306328121
                      1.7     0.14713131704901872  1.5265566588595902e-16     0.14713131704901883

== point-split  4 Trig functions/4.5 Secant/4.5.7 (d trig)^m (a+b (c sec)^n)^p.mac e143 L164
   f      csc(e+f*x)^6*(a+b*sec(e+f*x)^2)^p
   rubi   ((-((-((hypergeometric([1/2,-p],[3/2],-((b*tan(f*x+e)^2)/(b+a)))*(-(8*b^3*p^3)-28*b^3*p^2-40*a*b^2*p^2-28*b^3*p-60*a*b^2*p-30*a^2*b*p-8*b^3-20*a*b^2-15*a^2*b)*tan(f*x+e)*(b*tan(f*x+e)^2+b+a)^p)/((-b-a)*((b*tan(f*x+e)^2)/(b+a)+1)^p))-((4*b^2*p^2+12*b^2*p+20*a*b*p+8*b^2+20*a*b+15*a^2)*(b*tan(f*x+e)^2+b+a)^(p+1))/((-b-a)*tan(f*x+e)))/(3*(b+a)))-((2*b*p+7*b+10*a)*(b*tan(f*x+e)^2+b+a)^(p+1))/(3*(b+a)*tan(f*x+e)^3))/(5*(b+a))-(b*tan(f*x+e)^2+b+a)^(p+1)/(5*(b+a)*tan(f*x+e)^5))/f
   corpus -1/15*(10*a+b*(7+2*p))*cot(e+f*x)^3*(a+b+b*tan(e+f*x)^2)^(1+p)/((a+b)^2*f)-1/5*cot(e+f*x)^5*(a+b+b*tan(e+f*x)^2)^(1+p)/((a+b)*f)-1/15*(15*a^2+20*a*b*(1+p)+4*b^2*(2+3*p+p^2))*cot(e+f*x)*hypergeometric([-1/2,-p],[1/2],-b*tan(e+f*x)^2/(a+b))*(a+b+b*tan(e+f*x)^2)^p/((a+b)^2*f*(1+b*tan(e+f*x)^2/(a+b))^p)
                     0.35  1.5916157281026244e-11  1.8189894035458565e-12    1.77351466845721e-11
                     0.65    4.225876182317734e-8   5.820766091346741e-10   4.1676685214042664e-8
                      1.7   5.684341886080802e-14   9.947598300641403e-14   2.842170943040401e-14

== rubi-only  4 Trig functions/4.7 Miscellaneous/4.7.7 Trig functions.mac e865 L1129
   f      sqrt(csc(x))*(x*cos(x)-4*sec(x)*tan(x))
   rubi   -((4*elliptic_e((x-%pi/2)/2,2))/(sqrt(csc(x))*sqrt(sin(x))))-4*sec(x)+(2*x)/sqrt(csc(x))
   corpus -4*sec(x)/csc(x)^(3/2)+2*x/sqrt(csc(x))
                     0.35      1.1000505814921266   8.881784197001252e-16      1.1000505814921262
                     0.65      1.0903418075652782   8.881784197001252e-16      1.0903418075652787
                      1.7      1.0020837516893384  1.1368683772161603e-13       1.002083751689452

== rubi-only  5 Inverse trig functions/5.1 Inverse sine/5.1.4a (f x)^m (d-c^2 d x^2)^p (a+b arcsin(c x))^n.mac e521 L640
   f      (f-c*f*x)^(5/2)*(a+b*asin(c*x))/(d+c*d*x)^(5/2)
   rubi   ((1-c^2*x^2)^(5/2)*(-(b*c*(-((2*f*(-((4*f^4*log(c*x+1))/c)-(4*f^4)/(c*(c*x+1))+f^4*x))/(3*c))-(5*f^2*(-((4*f^3*log(c*x+1))/c^2)+(3*f^3*log(x))/c^2-(f^3*x)/c))/3))-(5*f^2*((f^2*sqrt(1-c^2*x^2)*(-((c^2*f^2*x^2)/(c*f*x+f))+(2*c*f^2*x)/(c*f*x+f)+(3*f^2)/(c*f*x+f)))/(c^2*x)-(4*f^2*(f-c*f*x))/(c*sqrt(1-c^2*x^2)))*(b*asin(c*x)+a))/3-(2*f*(f-c*f*x)^4*(b*asin(c*x)+a))/(3*c*(1-c^2*x^2)^(3/2))))/((c*d*x+d)^(5/2)*(f-c*f*x)^(5/2))
   corpus -b*f^5*x*(1-c^2*x^2)^(5/2)/((d+c*d*x)^(5/2)*(f-c*f*x)^(5/2))-8/3*b*f^5*(1-c^2*x^2)^(5/2)/(c*(1+c*x)*(d+c*d*x)^(5/2)*(f-c*f*x)^(5/2))-5/2*b*f^5*(1-c^2*x^2)^(5/2)*asin(c*x)^2/(c*(d+c*d*x)^(5/2)*(f-c*f*x)^(5/2))-2/3*f^5*(1-c*x)^4*(1-c^2*x^2)*(a+b*asin(c*x))/(c*(d+c*d*x)^(5/2)*(f-c*f*x)^(5/2))+10/3*f^5*(1-c*x)^2*(1-c^2*x^2)^2*(a+b*asin(c*x))/(c*(d+c*d*x)^(5/2)*(f-c*f*x)^(5/2))+5*f^5*(1-c^2*x^2)^3*(a+b*asin(c*x))/(c*(d+c*d*x)^(5/2)*(f-c*f*x)^(5/2))+5*f^5*(1-c^2*x^2)^(5/2)*asin(c*x)*(a+b*asin(c*x))/(c*(d+c*d*x)^(5/2)*(f-c*f*x)^(5/2))-28/3*b*f^5*(1-c^2*x^2)^(5/2)*log(1+c*x)/(c*(d+c*d*x)^(5/2)*(f-c*f*x)^(5/2))
                     0.35      135.15383564874892  2.6645352591003757e-15      135.15383564874895
                     0.65      44.364579580517756   3.552713678800501e-15      44.364579580517756
                      1.7       6.030982254336088   4.440892098500626e-14      6.0309822543361165

== rubi-only  5 Inverse trig functions/5.1 Inverse sine/5.1.4a (f x)^m (d-c^2 d x^2)^p (a+b arcsin(c x))^n.mac e534 L655
   f      (d+c*d*x)^(5/2)*(a+b*asin(c*x))/(f-c*f*x)^(5/2)
   rubi   ((1-c^2*x^2)^(5/2)*(-(b*c*((2*d*((4*d^4*log(1-c*x))/c-(4*d^4)/(c*(c*x-1))+d^4*x))/(3*c)-(5*d^2*(-((4*d^3*log(1-c*x))/c^2)+(3*d^3*log(x))/c^2+(d^3*x)/c))/3))-(5*d^2*((4*d^2*(c*d*x+d))/(c*sqrt(1-c^2*x^2))+(d^2*sqrt(1-c^2*x^2)*(-((c^2*d^2*x^2)/(d-c*d*x))-(2*c*d^2*x)/(d-c*d*x)+(3*d^2)/(d-c*d*x)))/(c^2*x))*(b*asin(c*x)+a))/3+(2*d*(c*d*x+d)^4*(b*asin(c*x)+a))/(3*c*(1-c^2*x^2)^(3/2))))/((c*d*x+d)^(5/2)*(f-c*f*x)^(5/2))
   corpus b*d^5*x*(1-c^2*x^2)^(5/2)/((d+c*d*x)^(5/2)*(f-c*f*x)^(5/2))-8/3*b*d^5*(1-c^2*x^2)^(5/2)/(c*(1-c*x)*(d+c*d*x)^(5/2)*(f-c*f*x)^(5/2))-5/2*b*d^5*(1-c^2*x^2)^(5/2)*asin(c*x)^2/(c*(d+c*d*x)^(5/2)*(f-c*f*x)^(5/2))+2/3*d^5*(1+c*x)^4*(1-c^2*x^2)*(a+b*asin(c*x))/(c*(d+c*d*x)^(5/2)*(f-c*f*x)^(5/2))-10/3*d^5*(1+c*x)^2*(1-c^2*x^2)^2*(a+b*asin(c*x))/(c*(d+c*d*x)^(5/2)*(f-c*f*x)^(5/2))-5*d^5*(1-c^2*x^2)^3*(a+b*asin(c*x))/(c*(d+c*d*x)^(5/2)*(f-c*f*x)^(5/2))+5*d^5*(1-c^2*x^2)^(5/2)*asin(c*x)*(a+b*asin(c*x))/(c*(d+c*d*x)^(5/2)*(f-c*f*x)^(5/2))-28/3*b*d^5*(1-c^2*x^2)^(5/2)*log(1-c*x)/(c*(d+c*d*x)^(5/2)*(f-c*f*x)^(5/2))
                     0.35      243.55160037911895  2.6645352591003757e-14        243.551600379119
                     0.65       79.94641295318578  1.7763568394002505e-15       79.94641295318578
                      1.7      10.868025852546424   6.608047442568932e-13      10.868025852547106

== rubi-only  5 Inverse trig functions/5.3 Inverse tangent/5.3.6 Exponentials of inverse tangent.mac e23 L32
   f      %e^(3*%i*atan(a*x))/x
   rubi   (4*sqrt(a^2*x^2+1))/(1-%i*a*x)-%i*asinh(a*x)
   corpus -%i*asinh(a*x)-atanh(sqrt(1+a^2*x^2))+4*%i*sqrt(1+a^2*x^2)/(%i+a*x)
                     0.35       2.725138987708492  1.4043333874306805e-15      2.7251389877084926
                     0.65        1.32792632817038   2.220446049250313e-16      1.3279263281703804
                      1.7        0.32182467575829   3.554447978966673e-16      0.3218246757582897

== rubi-only  5 Inverse trig functions/5.3 Inverse tangent/5.3.6 Exponentials of inverse tangent.mac e24 L33
   f      %e^(3*%i*atan(a*x))/x^2
   rubi   -(%i*a*atanh(sqrt(a^2*x^2+1)))+(4*%i*a*sqrt(a^2*x^2+1))/(1-%i*a*x)-sqrt(a^2*x^2+1)/x
   corpus -3*%i*a*atanh(sqrt(1+a^2*x^2))-sqrt(1+a^2*x^2)/x-4*a*sqrt(1+a^2*x^2)/(%i+a*x)
                     0.35       4.905250177875285    3.66205343881779e-15      4.9052501778752875
                     0.65       2.390267390706685                       0      2.3902673907066845
                      1.7      0.5792844163649216   2.306595211858756e-16      0.5792844163649213

== rubi-only  5 Inverse trig functions/5.3 Inverse tangent/5.3.6 Exponentials of inverse tangent.mac e25 L34
   f      %e^(3*%i*atan(a*x))/x^3
   rubi   (3*a^2*atanh(sqrt(a^2*x^2+1))-(2*%i*a*sqrt(a^2*x^2+1))/x)/2+2*%i*a*(-(%i*a*atanh(sqrt(a^2*x^2+1)))+(%i*a*sqrt(a^2*x^2+1))/(1-%i*a*x)-sqrt(a^2*x^2+1)/x)-(2*a^2*sqrt(a^2*x^2+1))/(1-%i*a*x)-sqrt(a^2*x^2+1)/(2*x^2)
   corpus 9/2*a^2*atanh(sqrt(1+a^2*x^2))-1/2*sqrt(1+a^2*x^2)/x^2-3*%i*a*sqrt(1+a^2*x^2)/x-4*%i*a^2*sqrt(1+a^2*x^2)/(%i+a*x)
                     0.35      2.2073625800438776  6.4047456679787536e-15       2.207362580043881
                     0.65      1.0756203258180088   6.280369834735101e-16      1.0756203258180084
                      1.7      0.2606779873642149  1.6199010924212654e-16     0.26067798736421466

== rubi-only  5 Inverse trig functions/5.3 Inverse tangent/5.3.6 Exponentials of inverse tangent.mac e56 L67
   f      1/(%e^(3*%i*atan(a*x))*x)
   rubi   %i*asinh(a*x)+(4*sqrt(a^2*x^2+1))/(%i*a*x+1)
   corpus %i*asinh(a*x)-atanh(sqrt(1+a^2*x^2))+4*%i*sqrt(1+a^2*x^2)/(%i-a*x)
                     0.35       2.725138987708492  1.4043333874306805e-15      2.7251389877084926
                     0.65        1.32792632817038   2.220446049250313e-16      1.3279263281703804
                      1.7        0.32182467575829   3.554447978966673e-16      0.3218246757582897

== rubi-only  5 Inverse trig functions/5.3 Inverse tangent/5.3.6 Exponentials of inverse tangent.mac e57 L68
   f      1/(%e^(3*%i*atan(a*x))*x^2)
   rubi   %i*a*atanh(sqrt(a^2*x^2+1))-(4*%i*a*sqrt(a^2*x^2+1))/(%i*a*x+1)-sqrt(a^2*x^2+1)/x
   corpus 3*%i*a*atanh(sqrt(1+a^2*x^2))-sqrt(1+a^2*x^2)/x+4*a*sqrt(1+a^2*x^2)/(%i-a*x)
                     0.35       4.905250177875285    3.66205343881779e-15      4.9052501778752875
                     0.65       2.390267390706685                       0      2.3902673907066845
                      1.7      0.5792844163649216   2.306595211858756e-16      0.5792844163649215

== rubi-only  5 Inverse trig functions/5.3 Inverse tangent/5.3.6 Exponentials of inverse tangent.mac e58 L69
   f      1/(%e^(3*%i*atan(a*x))*x^3)
   rubi   (3*a^2*atanh(sqrt(a^2*x^2+1))+(2*%i*a*sqrt(a^2*x^2+1))/x)/2-2*%i*a*(%i*a*atanh(sqrt(a^2*x^2+1))-(%i*a*sqrt(a^2*x^2+1))/(%i*a*x+1)-sqrt(a^2*x^2+1)/x)-(2*a^2*sqrt(a^2*x^2+1))/(%i*a*x+1)-sqrt(a^2*x^2+1)/(2*x^2)
   corpus 9/2*a^2*atanh(sqrt(1+a^2*x^2))-1/2*sqrt(1+a^2*x^2)/x^2+3*%i*a*sqrt(1+a^2*x^2)/x-4*%i*a^2*sqrt(1+a^2*x^2)/(%i-a*x)
                     0.35       2.207362580043874  6.4047456679787536e-15       2.207362580043881
                     0.65      1.0756203258180088   6.280369834735101e-16      1.0756203258180084
                      1.7      0.2606779873642149  1.6199010924212654e-16     0.26067798736421466

== other  6 Hyperbolic functions/6.1 Hyperbolic sine/6.1.7 hyper^m (a+b sinh^n)^p.mac e174 L203
   f      sinh(c+d*x)^3/(a+b*sinh(c+d*x)^3)
   rubi   (4*%i*a^(1/3)*atan((2*a^(1/3)*tan((%i*d*x+%i*c)/2)-2*%i*b^(1/3))/sqrt(4*b^(2/3)+4*a^(2/3))))/(sqrt(4*b^(2/3)+4*a^(2/3))*b*d)+x/b
   corpus x/b+2/3*(-1)^(2/3)*a^(1/3)*atan((-1)^(1/6)*((-1)^(5/6)*b^(1/3)+%i*a^(1/3)*tanh(1/2*(c+d*x)))/sqrt((-1)^(1/3)*a^(2/3)-b^(2/3)))/(b*d*sqrt((-1)^(1/3)*a^(2/3)-b^(2/3)))+2/3*a^(1/3)*atanh((b^(1/3)-a^(1/3)*tanh(1/2*(c+d*x)))/sqrt(a^(2/3)+b^(2/3)))/(b*d*sqrt(a^(2/3)+b^(2/3)))+2/3*(-1)^(2/3)*a^(1/3)*atan((-1)^(1/6)*((-1)^(1/6)*b^(1/3)+%i*a^(1/3)*tanh(1/2*(c+d*x)))/sqrt((-1)^(1/3)*a^(2/3)-(-1)^(2/3)*b^(2/3)))/(b*d*sqrt((-1)^(1/3)*a^(2/3)-(-1)^(2/3)*b^(2/3)))
                     0.35    0.010130576397544389                declined                declined
                     0.65     0.12909212973901635                declined                declined
                      1.7     0.13706517380005967                declined                declined

== other  6 Hyperbolic functions/6.1 Hyperbolic sine/6.1.7 hyper^m (a+b sinh^n)^p.mac e177 L206
   f      1/(a+b*sinh(c+d*x)^3)
   rubi   -((4*%i*atan((2*a^(1/3)*tan((%i*d*x+%i*c)/2)-2*%i*b^(1/3))/sqrt(4*b^(2/3)+4*a^(2/3))))/(a^(2/3)*sqrt(4*b^(2/3)+4*a^(2/3))*d))
   corpus -2/3*(-1)^(2/3)*atan((-1)^(1/6)*((-1)^(5/6)*b^(1/3)+%i*a^(1/3)*tanh(1/2*(c+d*x)))/sqrt((-1)^(1/3)*a^(2/3)-b^(2/3)))/(a^(2/3)*d*sqrt((-1)^(1/3)*a^(2/3)-b^(2/3)))-2/3*atanh((b^(1/3)-a^(1/3)*tanh(1/2*(c+d*x)))/sqrt(a^(2/3)+b^(2/3)))/(a^(2/3)*d*sqrt(a^(2/3)+b^(2/3)))-2/3*(-1)^(2/3)*atan((-1)^(1/6)*((-1)^(1/6)*b^(1/3)+%i*a^(1/3)*tanh(1/2*(c+d*x)))/sqrt((-1)^(1/3)*a^(2/3)-(-1)^(2/3)*b^(2/3)))/(a^(2/3)*d*sqrt((-1)^(1/3)*a^(2/3)-(-1)^(2/3)*b^(2/3)))
                     0.35    0.014633054796453049                declined                declined
                     0.65     0.18646640962302352                declined                declined
                      1.7     0.19798302882230834                declined                declined

== other  6 Hyperbolic functions/6.1 Hyperbolic sine/6.1.7 hyper^m (a+b sinh^n)^p.mac e271 L314
   f      1/(1+sinh(x)^6)
   rubi   ((3*%i*cosh(x))/(2*(%i*sinh(x)+1))-(3*%i*cosh(x))/(2*(1-%i*sinh(x))))/3
   corpus 1/3*atanh(sqrt(1+(-1)^(1/3))*tanh(x))/sqrt(1+(-1)^(1/3))+1/3*atanh(sqrt(1-(-1)^(2/3))*tanh(x))/sqrt(1-(-1)^(2/3))+1/3*tanh(x)
                     0.35     0.11107601526552324                declined                declined
                     0.65      0.2241447726314456                declined                declined
                      1.7     0.12210210907082066                declined                declined

== corpus-also  6 Hyperbolic functions/6.2 Hyperbolic cosine/6.2.7 hyper^m (a+b cosh^n)^p.mac e58 L101
   f      1/(1+cosh(x)^3)
   rubi   sinh(x)/(cosh(x)+1)
   corpus -2/3*(-1/3)^(1/4)*atan((-1)^(3/4)*3^(1/4)*tanh(1/2*x))/(1-(-1)^(1/3))-2/3*(-1/3)^(1/4)*atanh((-1)^(3/4)*3^(1/4)*tanh(1/2*x))/(1+(-1)^(2/3))+1/3*sinh(x)/(1+cosh(x))
                     0.35    0.029902598655530112    0.029031355486814403    8.712431687157296e-4
                     0.65     0.09488244644467467     0.08636597207839342    0.008516474366281224
                      1.7      0.2188829805694985     0.14813642793021148     0.07074655263928699

== other  6 Hyperbolic functions/6.2 Hyperbolic cosine/6.2.7 hyper^m (a+b cosh^n)^p.mac e59 L102
   f      1/(1-cosh(x)^3)
   rubi   -(sinh(x)/(1-cosh(x)))
   corpus -2*(-1)^(1/4)*atan((-1)^(3/4)*tanh(1/2*x)/3^(1/4))/(3^(3/4)*(1-(-1)^(2/3)))-2*(-1)^(1/4)*atanh((-1)^(3/4)*tanh(1/2*x)/3^(1/4))/(3^(3/4)*(1+(-1)^(1/3)))-1/3*sinh(x)/(1-cosh(x))
                     0.35       11.09391926370948                declined                declined
                     0.65      3.3366645137630533                declined                declined
                      1.7      0.5007082276906336                declined                declined

== other  6 Hyperbolic functions/6.2 Hyperbolic cosine/6.2.7 hyper^m (a+b cosh^n)^p.mac e70 L117
   f      1/(1+cosh(x)^5)
   rubi   sinh(x)/(cosh(x)+1)
   corpus 1/5*sinh(x)/(1+cosh(x))-2/5*atan(tanh(1/2*x)/sqrt((-1+(-1)^(1/5))/(1+(-1)^(1/5))))/sqrt(-1+(-1)^(2/5))+2/5*atanh(sqrt((1-(-1)^(4/5))/(1+(-1)^(4/5)))*tanh(1/2*x))/sqrt(1+(-1)^(3/5))-2/5*atan(sqrt((-1-(-1)^(3/5))/(1-(-1)^(3/5)))*tanh(1/2*x))*sqrt((-1-(-1)^(3/5))/(1-(-1)^(3/5)))/(1+(-1)^(3/5))+2/5*atanh(sqrt((1-(-1)^(2/5))/(1+(-1)^(2/5)))*tanh(1/2*x))/sqrt(1-(-1)^(4/5))
                     0.35     0.05948481459536701                declined                declined
                     0.65      0.1796463241724844                declined                declined
                      1.7      0.2557164934473968                declined                declined

== other  6 Hyperbolic functions/6.2 Hyperbolic cosine/6.2.7 hyper^m (a+b cosh^n)^p.mac e73 L120
   f      1/(1-cosh(x)^5)
   rubi   -(sinh(x)/(1-cosh(x)))
   corpus -1/5*sinh(x)/(1-cosh(x))+2/5*atanh(sqrt((1-(-1)^(3/5))/(1+(-1)^(3/5)))*tanh(1/2*x))/sqrt(1+(-1)^(1/5))+2/5*atanh(sqrt((1-(-1)^(1/5))/(1+(-1)^(1/5)))*tanh(1/2*x))/sqrt(1-(-1)^(2/5))+2/5*atan(sqrt((-1-(-1)^(4/5))/(1-(-1)^(4/5)))*tanh(1/2*x))/sqrt(-1-(-1)^(3/5))-2/5*atan(tanh(1/2*x)/sqrt((-1+(-1)^(2/5))/(1+(-1)^(2/5))))/sqrt(-1+(-1)^(4/5))
                     0.35      13.304725755222528                declined                declined
                     0.65      3.9785866049303173                declined                declined
                      1.7      0.5413955028419575                declined                declined

== other  6 Hyperbolic functions/6.2 Hyperbolic cosine/6.2.7 hyper^m (a+b cosh^n)^p.mac e74 L121
   f      1/(1-cosh(x)^6)
   rubi   ((3*sinh(x))/(2*(cosh(x)+1))-(3*sinh(x))/(2*(1-cosh(x))))/3
   corpus 1/3*coth(x)+1/3*atanh(tanh(x)/sqrt(1+(-1)^(1/3)))/sqrt(1+(-1)^(1/3))+1/3*atanh(tanh(x)/sqrt(1-(-1)^(2/3)))/sqrt(1-(-1)^(2/3))
                     0.35       5.532008332526972                declined                declined
                     0.65       1.620891033659189                declined                declined
                      1.7      0.1409126235605675                declined                declined

== rubi-only  6 Hyperbolic functions/6.3 Hyperbolic tangent/6.3.7 (d hyper)^m (a+b (c tanh)^n)^p.mac e258 L317
   f      1/(1+tanh(x)^3)
   rubi   ((3*x)/2-3/(2*(tanh(x)+1)))/3
   corpus 1/2*x-2/3*atan((1-2*tanh(x))/sqrt(3))/sqrt(3)+(-1/6)/(1+tanh(x))
                     0.35      0.2150424383162587   2.220446049250313e-16      0.2150424383162589
                     0.65     0.20631796177537287                       0     0.20631796177537287
                      1.7    0.033225083823698376  1.1102230246251565e-16    0.033225083823698265

== rubi-only  6 Hyperbolic functions/6.4 Hyperbolic cotangent/6.4.7 (d hyper)^m (a+b (c coth)^n)^p.mac e50 L81
   f      1/(1+coth(x)^3)
   rubi   ((3*x)/2-3/(2*(coth(x)+1)))/3
   corpus 1/2*x+(-1/6)/(1+coth(x))-2/3*atan((1-2*coth(x))/sqrt(3))/sqrt(3)
                     0.35      0.2150424383162588  1.3877787807814457e-17      0.2150424383162588
                     0.65     0.20631796177537287   9.020562075079397e-17     0.20631796177537295
                      1.7    0.033225083823698265  1.9949319973733282e-17    0.033225083823698265

== rubi-only  7 Inverse hyperbolic functions/7.2 Inverse hyperbolic cosine/7.2.4b (f x)^m (d+e x^2)^p (a+b arccosh(c x))^n.mac e96 L139
   f      (a+b*acosh(c*x))/(d+e*x^2)^(5/2)
   rubi   -((b*c*sqrt(c^2*x^2-1)*((e*x^2*sqrt(c^2*x^2-1))/(3*d^2*(-e-c^2*d)*sqrt(e*x^2+d))-((c^2*e*((2*(e/2-(c^2*d)/2)*atanh((sqrt(e)*sqrt(c^2*x^2-1))/(c*sqrt((e*(c^2*x^2-1))/c^2+e/c^2+d))))/(c^3*e^(3/2))+(sqrt(c^2*x^2-1)*sqrt(e*x^2+d))/(c^2*e)))/(27*d^3*(e+3*c^2*d)^2)+((e+3*c^2*d)*atanh((sqrt(e)*sqrt(c^2*x^2-1))/(c*sqrt((e*(c^2*x^2-1))/c^2+e/c^2+d))))/(3*c*d*sqrt(e)))/(d*(-e-c^2*d))))/(sqrt(c*x-1)*sqrt(c*x+1)))+(2*x*(b*acosh(c*x)+a))/(3*d^2*sqrt(e*x^2+d))+(x*(b*acosh(c*x)+a))/(3*d*(e*x^2+d)^(3/2))
   corpus 1/3*x*(a+b*acosh(c*x))/(d*(d+e*x^2)^(3/2))+2/3*b*atan(sqrt(e)*sqrt(1-c^2*x^2)/(c*sqrt(d+e*x^2)))*sqrt(1-c^2*x^2)/(d^2*sqrt(e)*sqrt(-1+c*x)*sqrt(1+c*x))+2/3*x*(a+b*acosh(c*x))/(d^2*sqrt(d+e*x^2))-1/3*b*c*sqrt(-1+c*x)*sqrt(1+c*x)/(d*(c^2*d+e)*sqrt(d+e*x^2))
                     0.35   0.0045463387387573995                       0   0.0045463387387573995
                     0.65    0.026398240184477173                       0     0.02639824018447723
                      1.7       0.490410433041263  1.2804716847158613e-16       0.490410433041263

== rubi-only  7 Inverse hyperbolic functions/7.2 Inverse hyperbolic cosine/7.2.5 Inverse hyperbolic cosine functions.mac e50 L77
   f      acosh(a*x)/(c+d*x^2)^(5/2)
   rubi   -((a*sqrt(a^2*x^2-1)*((d*x^2*sqrt(a^2*x^2-1))/(3*c^2*(-d-a^2*c)*sqrt(d*x^2+c))-((a^2*d*((2*(d/2-(a^2*c)/2)*atanh((sqrt(d)*sqrt(a^2*x^2-1))/(a*sqrt((d*(a^2*x^2-1))/a^2+d/a^2+c))))/(a^3*d^(3/2))+(sqrt(a^2*x^2-1)*sqrt(d*x^2+c))/(a^2*d)))/(27*c^3*(d+3*a^2*c)^2)+((d+3*a^2*c)*atanh((sqrt(d)*sqrt(a^2*x^2-1))/(a*sqrt((d*(a^2*x^2-1))/a^2+d/a^2+c))))/(3*a*c*sqrt(d)))/(c*(-d-a^2*c))))/(sqrt(a*x-1)*sqrt(a*x+1)))+(2*x*acosh(a*x))/(3*c^2*sqrt(d*x^2+c))+(x*acosh(a*x))/(3*c*(d*x^2+c)^(3/2))
   corpus 1/3*x*acosh(a*x)/(c*(c+d*x^2)^(3/2))-2/3*atanh(sqrt(d)*sqrt(-1+a^2*x^2)/(a*sqrt(c+d*x^2)))*sqrt(-1+a^2*x^2)/(c^2*sqrt(d)*sqrt(-1+a*x)*sqrt(1+a*x))+2/3*x*acosh(a*x)/(c^2*sqrt(c+d*x^2))+1/3*a*(1-a^2*x^2)/(c*(a^2*c+d)*sqrt(-1+a*x)*sqrt(1+a*x)*sqrt(c+d*x^2))
                     0.35     0.06982697112882974  1.7763568394002505e-15     0.06982697112882819
                     0.65      0.4357922460900976   2.220446049250313e-15      0.4357922460900958
                      1.7       2.909235061254284  1.3322676295501878e-15       2.909235061254286

== rubi-only  7 Inverse hyperbolic functions/7.3 Inverse hyperbolic tangent/7.3.6 Exponentials of inverse hyperbolic tangent functions.mac e1059 L1250
   f      %e^(2*atanh(a*x))*x^3/(c-a^2*c*x^2)^2
   rubi   0
   corpus 1/4/(a^4*c^2*(1-a*x)^2)+(-5/4)/(a^4*c^2*(1-a*x))-7/8*log(1-a*x)/(a^4*c^2)-1/8*log(1+a*x)/(a^4*c^2)
                     0.35     0.40575759438885384   4.440892098500626e-16      0.4057575943888543
                     0.65       9.696756826000136   8.881784197001252e-15       9.696756826000145
                      1.7        52.1745396052199   9.555799156787168e-15       52.17453960521989

== rubi-only  7 Inverse hyperbolic functions/7.3 Inverse hyperbolic tangent/7.3.6 Exponentials of inverse hyperbolic tangent functions.mac e1069 L1260
   f      %e^(2*atanh(a*x))*x^3/(c-a^2*c*x^2)^3
   rubi   0
   corpus 1/12/(a^4*c^3*(1-a*x)^3)+(-1/4)/(a^4*c^3*(1-a*x)^2)+3/16/(a^4*c^3*(1-a*x))+1/16/(a^4*c^3*(1+a*x))+1/8*atanh(a*x)/(a^4*c^3)
                     0.35      0.9009077614029116  3.3306690738754696e-16       0.900907761402912
                     0.65      29.483506749268784  1.4210854715202004e-14        29.4835067492688
                      1.7       77.82017988697129   9.530223420765062e-15       77.82017988697129

== rubi-only  7 Inverse hyperbolic functions/7.3 Inverse hyperbolic tangent/7.3.6 Exponentials of inverse hyperbolic tangent functions.mac e1110 L1307
   f      %e^(2*atanh(a*x))*x/(c-a^2*c*x^2)^(1/2)
   rubi   c*((2*(a*x+1))/(a^2*c*sqrt(c-a^2*c*x^2))+(sqrt(c-a^2*c*x^2)*(-((a^2*x^2)/(1-a*x))-(a*x)/(1-a*x)+2/(1-a*x)))/(a^3*c^2*x))
   corpus -2*atan(a*x*sqrt(c)/sqrt(c-a^2*c*x^2))/(a^2*sqrt(c))+(1+a*x)^2/(a^2*sqrt(c-a^2*c*x^2))+2*sqrt(c-a^2*c*x^2)/(a^2*c)
                     0.35        30.0600389259466   4.440892098500626e-16      30.060038925946596
                     0.65       7.447824484827146   8.881784197001252e-16       7.447824484827144
                      1.7      1.5545969732384144   3.754318735213382e-15      1.5545969732384175

== rubi-only  7 Inverse hyperbolic functions/7.3 Inverse hyperbolic tangent/7.3.6 Exponentials of inverse hyperbolic tangent functions.mac e1113 L1310
   f      %e^(2*atanh(a*x))/(x^2*(c-a^2*c*x^2)^(1/2))
   rubi   (2*a*(a*x+1))/sqrt(c-a^2*c*x^2)
   corpus -2*a*atanh(sqrt(c-a^2*c*x^2)/sqrt(c))/sqrt(c)+2*a*(1+a*x)/sqrt(c-a^2*c*x^2)-sqrt(c-a^2*c*x^2)/(c*x)
                     0.35      19.827061394096518   3.552713678800501e-15      19.827061394096518
                     0.65       8.955902084514161  1.7763568394002505e-15       8.955902084514161
                      1.7      1.7157143879382017    9.21895702340701e-16      1.7157143879382009

== rubi-only  7 Inverse hyperbolic functions/7.3 Inverse hyperbolic tangent/7.3.6 Exponentials of inverse hyperbolic tangent functions.mac e1114 L1311
   f      %e^(2*atanh(a*x))/(x^3*(c-a^2*c*x^2)^(1/2))
   rubi   (2*a^2*(a*x+1))/sqrt(c-a^2*c*x^2)
   corpus -5/2*a^2*atanh(sqrt(c-a^2*c*x^2)/sqrt(c))/sqrt(c)+2*a^2*(1+a*x)/sqrt(c-a^2*c*x^2)-1/2*sqrt(c-a^2*c*x^2)/(c*x^2)-2*a*sqrt(c-a^2*c*x^2)/(c*x)
                     0.35       63.54564488349831  1.4210854715202004e-14       63.54564488349829
                     0.65      18.124193339341687   4.440892098500626e-15      18.124193339341684
                      1.7       2.173055931103762   4.672613225250173e-16      2.1730559311037614

== rubi-only  7 Inverse hyperbolic functions/7.3 Inverse hyperbolic tangent/7.3.6 Exponentials of inverse hyperbolic tangent functions.mac e1117 L1314
   f      %e^(2*atanh(a*x))*x^2/(c-a^2*c*x^2)^(3/2)
   rubi   c*((a*x+1)^2/(3*a^3*c*(c-a^2*c*x^2)^(3/2))-(5*(a*x+1))/(3*a^3*c^2*sqrt(c-a^2*c*x^2)))
   corpus 1/3*(1+a*x)^2/(a^3*(c-a^2*c*x^2)^(3/2))+atan(a*x*sqrt(c)/sqrt(c-a^2*c*x^2))/(a^3*c^(3/2))-5/3*(1+a*x)/(a^3*c*sqrt(c-a^2*c*x^2))
                     0.35      3.6791865799845835   4.440892098500626e-16       3.679186579984584
                     0.65       4.305477192589444   8.881784197001252e-16       4.305477192589443
                      1.7      3.0155169866456184   7.743277887161841e-15       3.015516986645624

== rubi-only  7 Inverse hyperbolic functions/7.3 Inverse hyperbolic tangent/7.3.6 Exponentials of inverse hyperbolic tangent functions.mac e1150 L1359
   f      %e^(3*atanh(a*x))*x^2/(c-a^2*c*x^2)
   rubi   -((sqrt(1-a^2*x^2)/a-(3*a^3*asin(a*x)-(4*a^3*sqrt(1-a^2*x^2))/(1-a*x))/a^4)/(a^2*c))+((2*sqrt(a*x+1))/(a*sqrt(1-a*x))-asin(a*x)/a)/(2*a^2*c)-((2*(1-a^2*x^2)^(3/2))/(3*a*(a*x-1)^3)-(2*sqrt(1-a^2*x^2))/(a*(a*x-1)))/(2*a^2*c)
   corpus 1/3*(1+a*x)^3/(a^3*c*(1-a^2*x^2)^(3/2))+3*asin(a*x)/(a^3*c)-2*(1+a*x)^2/(a^3*c*sqrt(1-a^2*x^2))-3*sqrt(1-a^2*x^2)/(a^3*c)
                     0.35      1.3007888899788216  1.3322676295501878e-15      1.3007888899788203
                     0.65      1.5222160595619982                       0      1.5222160595619982
                      1.7      1.0661462550202003  2.2860150994227363e-14       1.066146255020211

== rubi-only  7 Inverse hyperbolic functions/7.3 Inverse hyperbolic tangent/7.3.6 Exponentials of inverse hyperbolic tangent functions.mac e162 L203
   f      %e^atanh(a*x)/(c-a*c*x)
   rubi   (2*sqrt(1-a^2*x^2))/(a*(c-a*c*x))
   corpus -asin(a*x)/(a*c)+2*sqrt(1-a^2*x^2)/(a*c*(1-a*x))
                     0.35        2.10727800176569                       0        2.10727800176569
                     0.65      2.4659900164904514                       0      2.4659900164904514
                      1.7      1.7271569331326813  1.8467027949651636e-15      1.7271569331326795

== rubi-only  7 Inverse hyperbolic functions/7.3 Inverse hyperbolic tangent/7.3.6 Exponentials of inverse hyperbolic tangent functions.mac e182 L223
   f      %e^(3*atanh(a*x))/(c-a*c*x)
   rubi   c^3*((2*(1-a^2*x^2)^(3/2))/(3*a*c*(c-a*c*x)^3)-(2*sqrt(1-a^2*x^2))/(a*c^3*(c-a*c*x)))
   corpus 2/3*(1-a^2*x^2)^(3/2)/(a*c*(1-a*x)^3)+asin(a*x)/(a*c)-2*sqrt(1-a^2*x^2)/(a*c*(1-a*x))
                     0.35      2.1072780017656934   3.552713678800501e-15       2.107278001765689
                     0.65      2.4659900164904514                       0      2.4659900164904514
                      1.7      1.7271569331326972   2.250895712038044e-14       1.727156933132676

== rubi-only  7 Inverse hyperbolic functions/7.3 Inverse hyperbolic tangent/7.3.6 Exponentials of inverse hyperbolic tangent functions.mac e22 L33
   f      %e^(3*atanh(a*x))/x
   rubi   (4*sqrt(1-a^2*x^2))/(1-a*x)-asin(a*x)
   corpus -asin(a*x)-atanh(sqrt(1-a^2*x^2))+4*sqrt(1-a^2*x^2)/(1-a*x)
                     0.35      3.0103971453795575                       0       3.010397145379556
                     0.65      1.8969153973003507   3.552713678800501e-15      1.8969153973003476
                      1.7      0.5079873332743148  2.1036992871860444e-15      0.5079873332743176

== rubi-only  7 Inverse hyperbolic functions/7.3 Inverse hyperbolic tangent/7.3.6 Exponentials of inverse hyperbolic tangent functions.mac e23 L34
   f      %e^(3*atanh(a*x))/x^2
   rubi   (4*a*sqrt(1-a^2*x^2))/(1-a*x)
   corpus -3*a*atanh(sqrt(1-a^2*x^2))-sqrt(1-a^2*x^2)/x+4*a*sqrt(1-a^2*x^2)/(1-a*x)
                     0.35      16.729206993609246  1.7763568394002505e-15       16.72920699360925
                     0.65        8.04000295317301   5.329070518200751e-15       8.040002953173014
                      1.7      1.6703818782373125   7.979339831954353e-16      1.6703818782373148

== rubi-only  7 Inverse hyperbolic functions/7.3 Inverse hyperbolic tangent/7.3.6 Exponentials of inverse hyperbolic tangent functions.mac e24 L35
   f      %e^(3*atanh(a*x))/x^3
   rubi   (4*a^2*sqrt(1-a^2*x^2))/(1-a*x)
   corpus -9/2*a^2*atanh(sqrt(1-a^2*x^2))-1/2*sqrt(1-a^2*x^2)/x^2-3*a*sqrt(1-a^2*x^2)/x+4*a^2*sqrt(1-a^2*x^2)/(1-a*x)
                     0.35      57.551421018484774  1.7763568394002505e-15      57.551421018484774
                     0.65      18.515241199826992  1.7763568394002505e-15      18.515241199826995
                      1.7      2.6284565352425022  1.3881669289537937e-15      2.6284565352425036

== rubi-only  7 Inverse hyperbolic functions/7.3 Inverse hyperbolic tangent/7.3.6 Exponentials of inverse hyperbolic tangent functions.mac e330 L387
   f      %e^atanh(a*x)*x/(c-a*c*x)
   rubi   c*((2*sqrt(1-a^2*x^2))/(a^2*c*(c-a*c*x))+(sqrt(1-a^2*x^2)*(-((a^2*c^2*x^2)/(c-a*c*x))-(a*c^2*x)/(c-a*c*x)+(2*c^2)/(c-a*c*x)))/(a^3*c^3*x))
   corpus (1-a^2*x^2)^(3/2)/(a^2*c*(1-a*x)^2)-2*asin(a*x)/(a^2*c)+2*sqrt(1-a^2*x^2)/(a^2*c)
                     0.35       42.51131473453685                       0       42.51131473453685
                     0.65      10.532814396616956  1.4210854715202004e-14      10.532814396616967
                      1.7      2.1985321235779303   8.582350150273578e-16       2.198532123577934

== rubi-only  7 Inverse hyperbolic functions/7.3 Inverse hyperbolic tangent/7.3.6 Exponentials of inverse hyperbolic tangent functions.mac e331 L388
   f      %e^atanh(a*x)/(c-a*c*x)
   rubi   (2*sqrt(1-a^2*x^2))/(a*(c-a*c*x))
   corpus -asin(a*x)/(a*c)+2*sqrt(1-a^2*x^2)/(a*c*(1-a*x))
                     0.35        2.10727800176569                       0        2.10727800176569
                     0.65      2.4659900164904514                       0      2.4659900164904514
                      1.7      1.7271569331326813  1.8467027949651636e-15      1.7271569331326795

== rubi-only  7 Inverse hyperbolic functions/7.3 Inverse hyperbolic tangent/7.3.6 Exponentials of inverse hyperbolic tangent functions.mac e333 L390
   f      %e^atanh(a*x)/(x^2*(c-a*c*x))
   rubi   (2*a*sqrt(1-a^2*x^2))/(c-a*c*x)
   corpus -2*a*atanh(sqrt(1-a^2*x^2))/c+2*a*(1+a*x)/(c*sqrt(1-a^2*x^2))-sqrt(1-a^2*x^2)/(c*x)
                     0.35      28.039699125535307   5.329070518200751e-15        28.0396991255353
                     0.65        12.6655581912054   4.440892098500626e-15      12.665558191205397
                      1.7       2.426386556580856  2.2273069047659206e-15      2.4263865565808533

== rubi-only  7 Inverse hyperbolic functions/7.3 Inverse hyperbolic tangent/7.3.6 Exponentials of inverse hyperbolic tangent functions.mac e334 L391
   f      %e^atanh(a*x)/(x^3*(c-a*c*x))
   rubi   (2*a^2*sqrt(1-a^2*x^2))/(c-a*c*x)
   corpus -5/2*a^2*atanh(sqrt(1-a^2*x^2))/c+2*a^2*(1+a*x)/(c*sqrt(1-a^2*x^2))-1/2*sqrt(1-a^2*x^2)/(c*x^2)-2*a*sqrt(1-a^2*x^2)/(c*x)
                     0.35       89.86711282398778   7.105427357601002e-15       89.86711282398777
                     0.65       25.63148002756913   8.881784197001252e-15      25.631480027569122
                      1.7       3.073165169562234   4.558225366483547e-16       3.073165169562234

== rubi-only  7 Inverse hyperbolic functions/7.3 Inverse hyperbolic tangent/7.3.6 Exponentials of inverse hyperbolic tangent functions.mac e338 L395
   f      %e^atanh(a*x)*x^2/(c-a*c*x)^2
   rubi   c*(((c^2*(1-a^2*x^2)^(3/2))/(3*a*(c-a*c*x)^3)-(6*sqrt(1-a^2*x^2))/(a*(c-a*c*x)))/(a^2*c^2)+(1-a^2*x^2)^(3/2)/(a^3*c*(c-a*c*x)^2))
   corpus 1/3*(1-a^2*x^2)^(3/2)/(a^3*c^2*(1-a*x)^3)+(1-a^2*x^2)^(3/2)/(a^3*c^2*(1-a*x)^2)+3*asin(a*x)/(a^3*c^2)-6*sqrt(1-a^2*x^2)/(a^3*c^2*(1-a*x))
                     0.35       15.60946667974586   3.552713678800501e-15      15.609466679745857
                     0.65       18.26659271474407                       0      18.266592714744043
                      1.7      12.793755060242049  5.5056585869679546e-15      12.793755060242049

== rubi-only  7 Inverse hyperbolic functions/7.3 Inverse hyperbolic tangent/7.3.6 Exponentials of inverse hyperbolic tangent functions.mac e339 L396
   f      %e^atanh(a*x)*x/(c-a*c*x)^2
   rubi   c*((1-a^2*x^2)^(3/2)/(3*a^2*(c-a*c*x)^3)-(2*sqrt(1-a^2*x^2))/(a^2*c^2*(c-a*c*x)))
   corpus 1/3*(1-a^2*x^2)^(3/2)/(a^2*c^2*(1-a*x)^3)+asin(a*x)/(a^2*c^2)-2*sqrt(1-a^2*x^2)/(a^2*c^2*(1-a*x))
                     0.35        4.68284000392376   3.552713678800501e-15       4.682840003923756
                     0.65       5.479977814423229                       0       5.479977814423229
                      1.7      3.8381265180726203   7.808698669787913e-15       3.838126518072613

== rubi-only  7 Inverse hyperbolic functions/7.3 Inverse hyperbolic tangent/7.3.6 Exponentials of inverse hyperbolic tangent functions.mac e346 L403
   f      %e^atanh(a*x)*x^3/(c-a*c*x)^3
   rubi   c*(-((-(c^3*((1-a^2*x^2)^(3/2)/(15*a*c*(c-a*c*x)^3)+(1-a^2*x^2)^(3/2)/(5*a*(c-a*c*x)^4)))+(c^2*(1-a^2*x^2)^(3/2))/(a*(c-a*c*x)^3)-(8*sqrt(1-a^2*x^2))/(a*(c-a*c*x)))/(a^3*c^3))-(1-a^2*x^2)^(3/2)/(a^4*c^2*(c-a*c*x)^2))
   corpus 1/5*(1-a^2*x^2)^(3/2)/(a^4*c^3*(1-a*x)^4)-14/15*(1-a^2*x^2)^(3/2)/(a^4*c^3*(1-a*x)^3)-(1-a^2*x^2)^(3/2)/(a^4*c^3*(1-a*x)^2)-4*asin(a*x)/(a^4*c^3)+8*sqrt(1-a^2*x^2)/(a^4*c^3*(1-a*x))
                     0.35       46.25027164369143   7.105427357601002e-15       46.25027164369144
                     0.65       54.12323767331588   8.526512829121202e-14      54.123237673315685
                      1.7       37.90742240071745   2.301005054230437e-13       37.90742240071722

== rubi-only  7 Inverse hyperbolic functions/7.3 Inverse hyperbolic tangent/7.3.6 Exponentials of inverse hyperbolic tangent functions.mac e347 L404
   f      %e^atanh(a*x)*x^2/(c-a*c*x)^3
   rubi   c*(((1-a^2*x^2)^(3/2)/(5*a*(a*x-1)^4)-(1-a^2*x^2)^(3/2)/(15*a*(a*x-1)^3))/(a^2*c^4)+(2*(1-a^2*x^2)^(3/2))/(3*a^3*c^4*(a*x-1)^3)-(2*sqrt(1-a^2*x^2))/(a^3*c^4*(a*x-1)))
   corpus 1/5*(1-a^2*x^2)^(3/2)/(a^3*c^3*(1-a*x)^4)-3/5*(1-a^2*x^2)^(3/2)/(a^3*c^3*(1-a*x)^3)-asin(a*x)/(a^3*c^3)+2*sqrt(1-a^2*x^2)/(a^3*c^3*(1-a*x))
                     0.35      10.406311119830564                       0      10.406311119830576
                     0.65       12.17772847649617   5.684341886080802e-14      12.177728476496128
                      1.7       8.529170040161489   6.052123064038568e-14       8.529170040161432

== rubi-only  7 Inverse hyperbolic functions/7.3 Inverse hyperbolic tangent/7.3.6 Exponentials of inverse hyperbolic tangent functions.mac e355 L412
   f      %e^atanh(a*x)*x^4/(c-a*c*x)^4
   rubi   c*((c^4*((2*((1-a^2*x^2)^(3/2)/(15*a*c*(c-a*c*x)^3)+(1-a^2*x^2)^(3/2)/(5*a*(c-a*c*x)^4)))/(7*c)+(1-a^2*x^2)^(3/2)/(7*a*(c-a*c*x)^5))-4*c^3*((1-a^2*x^2)^(3/2)/(15*a*c*(c-a*c*x)^3)+(1-a^2*x^2)^(3/2)/(5*a*(c-a*c*x)^4))+(2*c^2*(1-a^2*x^2)^(3/2))/(a*(c-a*c*x)^3)-(10*sqrt(1-a^2*x^2))/(a*(c-a*c*x)))/(a^4*c^4)+(1-a^2*x^2)^(3/2)/(a^5*c^3*(c-a*c*x)^2))
   corpus 1/7*(1-a^2*x^2)^(3/2)/(a^5*c^4*(1-a*x)^5)-26/35*(1-a^2*x^2)^(3/2)/(a^5*c^4*(1-a*x)^4)+184/105*(1-a^2*x^2)^(3/2)/(a^5*c^4*(1-a*x)^3)+(1-a^2*x^2)^(3/2)/(a^5*c^4*(1-a*x)^2)+5*asin(a*x)/(a^5*c^4)-10*sqrt(1-a^2*x^2)/(a^5*c^4*(1-a*x))
                     0.35      128.47297678803181  1.1368683772161603e-13       128.4729767880317
                     0.65      150.34232687032272   3.410605131648481e-13      150.34232687032218
                      1.7      105.29839555754779  2.2657676491758474e-13      105.29839555754779

== rubi-only  7 Inverse hyperbolic functions/7.3 Inverse hyperbolic tangent/7.3.6 Exponentials of inverse hyperbolic tangent functions.mac e356 L413
   f      %e^atanh(a*x)*x^3/(c-a*c*x)^4
   rubi   c*(-(((1-a^2*x^2)^(3/2)/(7*a*(a*x-1)^5)-(2*((1-a^2*x^2)^(3/2)/(5*a*(a*x-1)^4)-(1-a^2*x^2)^(3/2)/(15*a*(a*x-1)^3)))/7)/(a^3*c^5))-(3*((1-a^2*x^2)^(3/2)/(5*a*(a*x-1)^4)-(1-a^2*x^2)^(3/2)/(15*a*(a*x-1)^3)))/(a^3*c^5)-(1-a^2*x^2)^(3/2)/(a^4*c^5*(a*x-1)^3)+(2*sqrt(1-a^2*x^2))/(a^4*c^5*(a*x-1)))
   corpus 1/7*(1-a^2*x^2)^(3/2)/(a^4*c^4*(1-a*x)^5)-19/35*(1-a^2*x^2)^(3/2)/(a^4*c^4*(1-a*x)^4)+86/105*(1-a^2*x^2)^(3/2)/(a^4*c^4*(1-a*x)^3)+asin(a*x)/(a^4*c^4)-2*sqrt(1-a^2*x^2)/(a^4*c^4*(1-a*x))
                     0.35      23.125135821845703   8.526512829121202e-14      23.125135821845788
                     0.65       27.06161883665891   3.410605131648481e-13       27.06161883665925
                      1.7       18.95371120035861   4.738763883942063e-13      18.953711200358157

== rubi-only  7 Inverse hyperbolic functions/7.3 Inverse hyperbolic tangent/7.3.6 Exponentials of inverse hyperbolic tangent functions.mac e452 L527
   f      %e^atanh(a*x)/(c-c/(a*x))
   rubi   -((a*((2*sqrt(1-a^2*x^2))/(a^2*(1-a*x))+(sqrt(1-a^2*x^2)*(-((a^2*x^2)/(1-a*x))-(a*x)/(1-a*x)+2/(1-a*x)))/(a^3*x)))/c)
   corpus -(1-a^2*x^2)^(3/2)/(a*c*(1-a*x)^2)+2*asin(a*x)/(a*c)-2*sqrt(1-a^2*x^2)/(a*c)
                     0.35       38.26018326108317                       0       38.26018326108317
                     0.65       9.479532956955259  1.0658141036401503e-14       9.479532956955268
                      1.7       1.978678911220138  1.9370243073099122e-15      1.9786789112201433

== rubi-only  7 Inverse hyperbolic functions/7.3 Inverse hyperbolic tangent/7.3.6 Exponentials of inverse hyperbolic tangent functions.mac e453 L528
   f      %e^atanh(a*x)/(c-c/(a*x))^2
   rubi   (a^2*(((1-a^2*x^2)^(3/2)/(3*a*(1-a*x)^3)-(6*sqrt(1-a^2*x^2))/(a*(1-a*x)))/a^2+(1-a^2*x^2)^(3/2)/(a^3*(1-a*x)^2)))/c^2
   corpus 1/3*(1-a^2*x^2)^(3/2)/(a*c^2*(1-a*x)^3)+(1-a^2*x^2)^(3/2)/(a*c^2*(1-a*x)^2)+3*asin(a*x)/(a*c^2)-6*sqrt(1-a^2*x^2)/(a*c^2*(1-a*x))
                     0.35       12.64366801059415   7.105427357601002e-15       12.64366801059414
                     0.65      14.795940098942692   4.973799150320701e-14      14.795940098942728
                      1.7      10.362941598796077  4.2865177128122095e-14      10.362941598796034

== rubi-only  7 Inverse hyperbolic functions/7.3 Inverse hyperbolic tangent/7.3.6 Exponentials of inverse hyperbolic tangent functions.mac e454 L529
   f      %e^atanh(a*x)/(c-c/(a*x))^3
   rubi   -((a^3*(-(((14*(1-a^2*x^2)^(3/2))/(15*a*(1-a*x)^3)-(1-a^2*x^2)^(3/2)/(5*a*(1-a*x)^4)-(8*sqrt(1-a^2*x^2))/(a*(1-a*x)))/a^3)-(1-a^2*x^2)^(3/2)/(a^4*(1-a*x)^2)))/c^3)
   corpus -1/5*(1-a^2*x^2)^(3/2)/(a*c^3*(1-a*x)^4)+14/15*(1-a^2*x^2)^(3/2)/(a*c^3*(1-a*x)^3)+(1-a^2*x^2)^(3/2)/(a*c^3*(1-a*x)^2)+4*asin(a*x)/(a*c^3)-8*sqrt(1-a^2*x^2)/(a*c^3*(1-a*x))
                     0.35       33.71644802825105   2.842170943040401e-14       33.71644802825103
                     0.65      39.455840263847385  1.2789769243681803e-13       39.45584026384735
                      1.7       27.63451093012293   2.288268704747241e-13        27.6345109301227

== rubi-only  7 Inverse hyperbolic functions/7.3 Inverse hyperbolic tangent/7.3.6 Exponentials of inverse hyperbolic tangent functions.mac e455 L530
   f      %e^atanh(a*x)/(c-c/(a*x))^4
   rubi   (a^4*((-((26*((1-a^2*x^2)^(3/2)/(15*a*(1-a*x)^3)+(1-a^2*x^2)^(3/2)/(5*a*(1-a*x)^4)))/7)+(2*(1-a^2*x^2)^(3/2))/(a*(1-a*x)^3)+(1-a^2*x^2)^(3/2)/(7*a*(1-a*x)^5)-(10*sqrt(1-a^2*x^2))/(a*(1-a*x)))/a^4+(1-a^2*x^2)^(3/2)/(a^5*(1-a*x)^2)))/c^4
   corpus 1/7*(1-a^2*x^2)^(3/2)/(a*c^4*(1-a*x)^5)-26/35*(1-a^2*x^2)^(3/2)/(a*c^4*(1-a*x)^4)+184/105*(1-a^2*x^2)^(3/2)/(a*c^4*(1-a*x)^3)+(1-a^2*x^2)^(3/2)/(a*c^4*(1-a*x)^2)+5*asin(a*x)/(a*c^4)-10*sqrt(1-a^2*x^2)/(a*c^4*(1-a*x))
                     0.35       84.29112007062763   2.842170943040401e-14       84.29112007062761
                     0.65       98.63960065961868  1.4210854715202004e-13       98.63960065961857
                      1.7        69.0862773253084  1.3723174874971567e-12       69.08627732530704

== rubi-only  7 Inverse hyperbolic functions/7.3 Inverse hyperbolic tangent/7.3.6 Exponentials of inverse hyperbolic tangent functions.mac e470 L545
   f      %e^(3*atanh(a*x))/(c-c/(a*x))
   rubi   -((a*((1-a^2*x^2)^(5/2)/(3*a^2*(1-a*x)^4)-(4*((4*sqrt(1-a^2*x^2))/(a*(1-a*x))+(sqrt(1-a^2*x^2)*(-((a^2*x^2)/(1-a*x))-(2*a*x)/(1-a*x)+3/(1-a*x)))/(a^2*x)))/(3*a)))/c)
   corpus 8/3*(1-a^2*x^2)^(3/2)/(a*c*(1-a*x)^2)-1/3*(1-a^2*x^2)^(5/2)/(a*c*(1-a*x)^4)-4*asin(a*x)/(a*c)+4*sqrt(1-a^2*x^2)/(a*c)
                     0.35       76.52036652216634   3.552713678800501e-15       76.52036652216634
                     0.65       18.95906591391054  1.4210854715202004e-14      18.959065913910536
                      1.7      3.9573578224403363   5.790968312941079e-14      3.9573578224402794

== rubi-only  7 Inverse hyperbolic functions/7.3 Inverse hyperbolic tangent/7.3.6 Exponentials of inverse hyperbolic tangent functions.mac e471 L546
   f      %e^(3*atanh(a*x))/(c-c/(a*x))^2
   rubi   (a^2*((a*x+1)^5/(5*a^3*(1-a^2*x^2)^(5/2))-((2*(a*x+1)^4)/(3*a*(1-a^2*x^2)^(3/2))-(5*((4*(a*x+1))/(a*sqrt(1-a^2*x^2))+(sqrt(1-a^2*x^2)*(-((a^2*x^2)/(1-a*x))-(2*a*x)/(1-a*x)+3/(1-a*x)))/(a^2*x)))/3)/a^2))/c^2
   corpus 1/5*(1+a*x)^5/(a*c^2*(1-a^2*x^2)^(5/2))-2/3*(1+a*x)^4/(a*c^2*(1-a^2*x^2)^(3/2))-5*asin(a*x)/(a*c^2)+10/3*(1+a*x)^2/(a*c^2*sqrt(1-a^2*x^2))+5*sqrt(1-a^2*x^2)/(a*c^2)
                     0.35      191.30091630541588   7.105427357601002e-15      191.30091630541588
                     0.65       47.39766478477625   2.842170943040401e-14       47.39766478477623
                      1.7       9.893394556100418   2.361725545455849e-13       9.893394556100645

== rubi-only  7 Inverse hyperbolic functions/7.3 Inverse hyperbolic tangent/7.3.6 Exponentials of inverse hyperbolic tangent functions.mac e472 L547
   f      %e^(3*atanh(a*x))/(c-c/(a*x))^3
   rubi   -((a^3*((a*x+1)^6/(7*a^4*(1-a^2*x^2)^(7/2))-((4*(a*x+1)^5)/(a^4*(1-a^2*x^2)^(5/2))-((35*(a*x+1)^4)/(a^4*(1-a^2*x^2)^(3/2))-(70*((4*(a*x+1))/(a*sqrt(1-a^2*x^2))+(sqrt(1-a^2*x^2)*(-((a^2*x^2)/(1-a*x))-(2*a*x)/(1-a*x)+3/(1-a*x)))/(a^2*x)))/a^3)/5)/7))/c^3)
   corpus -1/7*(1+a*x)^6/(a*c^3*(1-a^2*x^2)^(7/2))+4/7*(1+a*x)^5/(a*c^3*(1-a^2*x^2)^(5/2))-(1+a*x)^4/(a*c^3*(1-a^2*x^2)^(3/2))-6*asin(a*x)/(a*c^3)+4*(1+a*x)^2/(a*c^3*sqrt(1-a^2*x^2))+6*sqrt(1-a^2*x^2)/(a*c^3)
                     0.35      459.12219913299805                       0      459.12219913299805
                     0.65      113.75439548346324   8.526512829121202e-14      113.75439548346344
                      1.7      23.744146934640412   1.413193720430197e-12      23.744146934641776

== rubi-only  7 Inverse hyperbolic functions/7.3 Inverse hyperbolic tangent/7.3.6 Exponentials of inverse hyperbolic tangent functions.mac e473 L548
   f      %e^(3*atanh(a*x))/(c-c/(a*x))^4
   rubi   (a^4*((a*x+1)^7/(9*a^5*(1-a^2*x^2)^(9/2))-((34*(a*x+1)^6)/(7*a^5*(1-a^2*x^2)^(7/2))-((344*(a*x+1)^5)/(5*a^5*(1-a^2*x^2)^(5/2))-((420*(a*x+1)^4)/(a^5*(1-a^2*x^2)^(3/2))-(735*((4*(a*x+1))/(a*sqrt(1-a^2*x^2))+(sqrt(1-a^2*x^2)*(-((a^2*x^2)/(1-a*x))-(2*a*x)/(1-a*x)+3/(1-a*x)))/(a^2*x)))/a^4)/5)/7)/9))/c^4
   corpus 1/9*(1+a*x)^7/(a*c^4*(1-a^2*x^2)^(9/2))-34/63*(1+a*x)^6/(a*c^4*(1-a^2*x^2)^(7/2))+344/315*(1+a*x)^5/(a*c^4*(1-a^2*x^2)^(5/2))-4/3*(1+a*x)^4/(a*c^4*(1-a^2*x^2)^(3/2))-7*asin(a*x)/(a*c^4)+14/3*(1+a*x)^2/(a*c^4*sqrt(1-a^2*x^2))+7*sqrt(1-a^2*x^2)/(a*c^4)
                     0.35      1071.2851313103286                       0      1071.2851313103286
                     0.65      265.42692279474795   7.958078640513122e-13      265.42692279474863
                      1.7        55.4030095141552   7.581008643202606e-12       55.40300951416248

== rubi-only  7 Inverse hyperbolic functions/7.3 Inverse hyperbolic tangent/7.3.6 Exponentials of inverse hyperbolic tangent functions.mac e490 L567
   f      1/(%e^atanh(a*x)*(c-c/(a*x))^2)
   rubi   (a^2*(sqrt(1-a^2*x^2)/(a^3*(1-a*x))+(sqrt(1-a^2*x^2)*(1/(1-a*x)-(a^2*x^2)/(1-a*x)))/(a^4*x)))/c^2
   corpus -asin(a*x)/(a*c^2)+sqrt(1-a^2*x^2)/(a*c^2)+sqrt(1-a^2*x^2)/(a*c^2*(1-a*x))
                     0.35       38.26018326108318                       0      38.260183261083185
                     0.65       9.479532956955268   3.552713678800501e-15        9.47953295695527
                      1.7       1.978678911220138  2.0070407501093766e-15      1.9786789112201362

== rubi-only  7 Inverse hyperbolic functions/7.3 Inverse hyperbolic tangent/7.3.6 Exponentials of inverse hyperbolic tangent functions.mac e505 L582
   f      1/(%e^(3*atanh(a*x))*(c-c/(a*x)))
   rubi   -((a*((2*(1-a*x))/(a^2*sqrt(1-a^2*x^2))-(sqrt(1-a^2*x^2)*(-((a^2*x^2)/(a*x+1))+(a*x)/(a*x+1)+2/(a*x+1)))/(a^3*x)))/c)
   corpus -2*asin(a*x)/(a*c)-(1-a*x)^2/(a*c*sqrt(1-a^2*x^2))-2*sqrt(1-a^2*x^2)/(a*c)
                     0.35       38.26018326108318                       0       38.26018326108318
                     0.65        9.47953295695526                       0        9.47953295695526
                      1.7       1.978678911220137  3.4824493856278626e-16      1.9786789112201368

== rubi-only  7 Inverse hyperbolic functions/7.3 Inverse hyperbolic tangent/7.3.6 Exponentials of inverse hyperbolic tangent functions.mac e506 L583
   f      1/(%e^(3*atanh(a*x))*(c-c/(a*x))^2)
   rubi   (a^2*((a*x-1)/(a^3*sqrt(1-a^2*x^2))+(sqrt(1-a^2*x^2)*(1/(a*x+1)-(a^2*x^2)/(a*x+1)))/(a^4*x)))/c^2
   corpus -asin(a*x)/(a*c^2)+(-1+a*x)/(a*c^2*sqrt(1-a^2*x^2))-sqrt(1-a^2*x^2)/(a*c^2)
                     0.35       38.26018326108318                       0       38.26018326108318
                     0.65        9.47953295695526   8.881784197001252e-16        9.47953295695526
                      1.7       1.978678911220137  1.4559003863592373e-15      1.9786789112201357

== rubi-only  7 Inverse hyperbolic functions/7.3 Inverse hyperbolic tangent/7.3.6 Exponentials of inverse hyperbolic tangent functions.mac e55 L68
   f      1/(%e^(3*atanh(a*x))*x)
   rubi   asin(a*x)+(4*sqrt(1-a^2*x^2))/(a*x+1)
   corpus asin(a*x)-atanh(sqrt(1-a^2*x^2))+4*sqrt(1-a^2*x^2)/(1+a*x)
                     0.35      3.0103971453795566   4.440892098500626e-16       3.010397145379556
                     0.65      1.8969153973003479                       0      1.8969153973003476
                      1.7      0.5079873332743174   1.876363928293218e-16      0.5079873332743176

== rubi-only  7 Inverse hyperbolic functions/7.3 Inverse hyperbolic tangent/7.3.6 Exponentials of inverse hyperbolic tangent functions.mac e56 L69
   f      1/(%e^(3*atanh(a*x))*x^2)
   rubi   -((4*a*sqrt(1-a^2*x^2))/(a*x+1))
   corpus 3*a*atanh(sqrt(1-a^2*x^2))-sqrt(1-a^2*x^2)/x-4*a*sqrt(1-a^2*x^2)/(1+a*x)
                     0.35      0.4730624085596442   6.661338147750939e-16      0.4730624085596453
                     0.65       2.203340192248866   8.881784197001252e-16      2.2033401922488665
                      1.7          1.072749721444  1.1118945291292519e-16          1.072749721444

== rubi-only  7 Inverse hyperbolic functions/7.3 Inverse hyperbolic tangent/7.3.6 Exponentials of inverse hyperbolic tangent functions.mac e57 L70
   f      1/(%e^(3*atanh(a*x))*x^3)
   rubi   (4*a^2*sqrt(1-a^2*x^2))/(a*x+1)
   corpus -9/2*a^2*atanh(sqrt(1-a^2*x^2))-1/2*sqrt(1-a^2*x^2)/x^2+3*a*sqrt(1-a^2*x^2)/x+4*a^2*sqrt(1-a^2*x^2)/(1+a*x)
                     0.35      11.105293632628749  1.3322676295501878e-15       11.10529363262875
                     0.65       2.756251745331795   2.220446049250313e-16       2.756251745331796
                      1.7      1.0148497119005535   3.330862005170802e-16      1.0148497119005537

== rubi-only  7 Inverse hyperbolic functions/7.3 Inverse hyperbolic tangent/7.3.6 Exponentials of inverse hyperbolic tangent functions.mac e632 L735
   f      %e^atanh(a*x)/(c-c/(a^2*x^2))
   rubi   -((a^2*(-((asin(a*x)/a-sqrt(1-a^2*x^2)/a)/a^2)+asin(a*x)/(2*a^3)-sqrt(1-a^2*x^2)/(a^3*(a*x-1))))/c)
   corpus asin(a*x)/(a*c)+(-1-a*x)/(a*c*sqrt(1-a^2*x^2))-sqrt(1-a^2*x^2)/(a*c)
                     0.35       1.053639000882845  1.1102230246251565e-16       1.053639000882845
                     0.65      1.2329950082452252   6.661338147750939e-16      1.2329950082452257
                      1.7      0.8635784665663415  1.0035203750546883e-15      0.8635784665663424

== rubi-only  7 Inverse hyperbolic functions/7.3 Inverse hyperbolic tangent/7.3.6 Exponentials of inverse hyperbolic tangent functions.mac e633 L736
   f      %e^atanh(a*x)/(c-c/(a^2*x^2))^2
   rubi   (a^4*((asin(a*x)/a-sqrt(1-a^2*x^2)/a)/a^4-(3*asin(a*x))/(4*a^5)-(1-a^2*x^2)^(3/2)/(12*a^5*(a*x-1)^3)+(3*sqrt(1-a^2*x^2))/(2*a^5*(a*x-1))-sqrt(1-a*x)/(4*a^5*sqrt(a*x+1))))/c^2
   corpus 1/3*a^2*x^3*(1+a*x)/(c^2*(1-a^2*x^2)^(3/2))+asin(a*x)/(a*c^2)-1/3*x*(3+4*a*x)/(c^2*sqrt(1-a^2*x^2))-8/3*sqrt(1-a^2*x^2)/(a*c^2)
                     0.35      3.1609170026485365                       0      3.1609170026485365
                     0.65      3.6989850247356824                       0       3.698985024735683
                      1.7      2.5907353996990317  3.9091836575381516e-15       2.590735399699028

== rubi-only  7 Inverse hyperbolic functions/7.3 Inverse hyperbolic tangent/7.3.6 Exponentials of inverse hyperbolic tangent functions.mac e634 L737
   f      %e^atanh(a*x)/(c-c/(a^2*x^2))^3
   rubi   -((a^6*(-((asin(a*x)/a-sqrt(1-a^2*x^2)/a)/a^6)+(15*asin(a*x))/(16*a^7)-((1-a^2*x^2)^(3/2)/(15*a*(a*x-1)^3)-(1-a^2*x^2)^(3/2)/(5*a*(a*x-1)^4))/(8*a^6)+(3*(1-a^2*x^2)^(3/2))/(16*a^7*(a*x-1)^3)-(15*sqrt(1-a^2*x^2))/(8*a^7*(a*x-1))+(-(sqrt(1-a*x)/(3*a*sqrt(a*x+1)))-sqrt(1-a*x)/(3*a*(a*x+1)^(3/2)))/(8*a^6)+(9*sqrt(1-a*x))/(16*a^7*sqrt(a*x+1))))/c^3)
   corpus -1/5*a^4*x^5*(1+a*x)/(c^3*(1-a^2*x^2)^(5/2))+1/15*a^2*x^3*(5+6*a*x)/(c^3*(1-a^2*x^2)^(3/2))+asin(a*x)/(a*c^3)-1/5*x*(5+8*a*x)/(c^3*sqrt(1-a^2*x^2))-16/5*sqrt(1-a^2*x^2)/(a*c^3)
                     0.35       7.902292506621333                       0       7.902292506621332
                     0.65       9.247462561839189                       0        9.24746256183919
                      1.7       6.476838499247606   4.301118930594279e-14       6.476838499247563

== rubi-only  7 Inverse hyperbolic functions/7.3 Inverse hyperbolic tangent/7.3.6 Exponentials of inverse hyperbolic tangent functions.mac e635 L738
   f      %e^atanh(a*x)/(c-c/(a^2*x^2))^4
   rubi   (a^8*((asin(a*x)/a-sqrt(1-a^2*x^2)/a)/a^8-(35*asin(a*x))/(32*a^9)+((2*((1-a^2*x^2)^(3/2)/(5*a*(a*x-1)^4)-(1-a^2*x^2)^(3/2)/(15*a*(a*x-1)^3)))/7-(1-a^2*x^2)^(3/2)/(7*a*(a*x-1)^5))/(16*a^8)+(3*((1-a^2*x^2)^(3/2)/(15*a*(a*x-1)^3)-(1-a^2*x^2)^(3/2)/(5*a*(a*x-1)^4)))/(8*a^8)-(29*(1-a^2*x^2)^(3/2))/(96*a^9*(a*x-1)^3)+(35*sqrt(1-a^2*x^2))/(16*a^9*(a*x-1))+((2*(-(sqrt(1-a*x)/(3*a*sqrt(a*x+1)))-sqrt(1-a*x)/(3*a*(a*x+1)^(3/2))))/5-sqrt(1-a*x)/(5*a*(a*x+1)^(5/2)))/(16*a^8)-(3*(-(sqrt(1-a*x)/(3*a*sqrt(a*x+1)))-sqrt(1-a*x)/(3*a*(a*x+1)^(3/2))))/(8*a^8)-(29*sqrt(1-a*x))/(32*a^9*sqrt(a*x+1))))/c^4
   corpus 1/7*a^6*x^7*(1+a*x)/(c^4*(1-a^2*x^2)^(7/2))-1/35*a^4*x^5*(7+8*a*x)/(c^4*(1-a^2*x^2)^(5/2))+1/105*a^2*x^3*(35+48*a*x)/(c^4*(1-a^2*x^2)^(3/2))+asin(a*x)/(a*c^4)-1/35*x*(35+64*a*x)/(c^4*sqrt(1-a^2*x^2))-128/35*sqrt(1-a^2*x^2)/(a*c^4)
                     0.35      18.438682515449788   3.552713678800501e-15       18.43868251544979
                     0.65      21.577412644291538                       0       21.57741264429154
                      1.7      15.112623164911156  1.7168540613220868e-13      15.112623164911327

== rubi-only  7 Inverse hyperbolic functions/7.3 Inverse hyperbolic tangent/7.3.6 Exponentials of inverse hyperbolic tangent functions.mac e649 L752
   f      %e^(3*atanh(a*x))/(c-c/(a^2*x^2))
   rubi   -((a^2*(-((sqrt(1-a^2*x^2)/a-(3*a^3*asin(a*x)-(4*a^3*sqrt(1-a^2*x^2))/(1-a*x))/a^4)/a^2)+((2*sqrt(a*x+1))/(a*sqrt(1-a*x))-asin(a*x)/a)/(2*a^2)-((2*(1-a^2*x^2)^(3/2))/(3*a*(a*x-1)^3)-(2*sqrt(1-a^2*x^2))/(a*(a*x-1)))/(2*a^2)))/c)
   corpus -1/3*(1+a*x)^3/(a*c*(1-a^2*x^2)^(3/2))-3*asin(a*x)/(a*c)+2*(1+a*x)^2/(a*c*sqrt(1-a^2*x^2))+3*sqrt(1-a^2*x^2)/(a*c)
                     0.35      1.0536390008828458                       0      1.0536390008828465
                     0.65      1.2329950082452203   7.105427357601002e-15      1.2329950082452115
                      1.7      0.8635784665663664   1.570656334395711e-14      0.8635784665663806

== rubi-only  7 Inverse hyperbolic functions/7.3 Inverse hyperbolic tangent/7.3.6 Exponentials of inverse hyperbolic tangent functions.mac e650 L753
   f      %e^(3*atanh(a*x))/(c-c/(a^2*x^2))^2
   rubi   (a^4*((sqrt(1-a^2*x^2)/a-(3*a^3*asin(a*x)-(4*a^3*sqrt(1-a^2*x^2))/(1-a*x))/a^4)/a^4-(3*((2*sqrt(a*x+1))/(a*sqrt(1-a*x))-asin(a*x)/a))/(4*a^4)-(1-a^2*x^2)^(5/2)/(20*a^5*(a*x-1)^5)+(3*((2*(1-a^2*x^2)^(3/2))/(3*a*(a*x-1)^3)-(2*sqrt(1-a^2*x^2))/(a*(a*x-1))))/(4*a^4)+sqrt(a*x+1)/(4*a^5*sqrt(1-a*x))))/c^2
   corpus 1/5*(1+a*x)^3/(a*c^2*(1-a^2*x^2)^(5/2))-6/5*(1+a*x)^2/(a*c^2*(1-a^2*x^2)^(3/2))-3*asin(a*x)/(a*c^2)+24/5*(1+a*x)/(a*c^2*sqrt(1-a^2*x^2))+sqrt(1-a^2*x^2)/(a*c^2)
                     0.35       3.160917002648535   6.661338147750939e-16       3.160917002648536
                     0.65      3.6989850247356912   9.325873406851315e-15      3.6989850247356966
                      1.7      2.5907353996991276  2.7339715752941643e-14       2.590735399699142

== rubi-only  7 Inverse hyperbolic functions/7.3 Inverse hyperbolic tangent/7.3.6 Exponentials of inverse hyperbolic tangent functions.mac e651 L754
   f      %e^(3*atanh(a*x))/(c-c/(a^2*x^2))^3
   rubi   -((a^6*(-((sqrt(1-a^2*x^2)/a-(3*a^3*asin(a*x)-(4*a^3*sqrt(1-a^2*x^2))/(1-a*x))/a^4)/a^6)+(15*((2*sqrt(a*x+1))/(a*sqrt(1-a*x))-asin(a*x)/a))/(16*a^6)-((1-a^2*x^2)^(5/2)/(35*a*(a*x-1)^5)-(1-a^2*x^2)^(5/2)/(7*a*(a*x-1)^6))/(8*a^6)+(9*(1-a^2*x^2)^(5/2))/(80*a^7*(a*x-1)^5)-(15*((2*(1-a^2*x^2)^(3/2))/(3*a*(a*x-1)^3)-(2*sqrt(1-a^2*x^2))/(a*(a*x-1))))/(16*a^6)-(9*sqrt(a*x+1))/(16*a^7*sqrt(1-a*x))+x/(8*a^6*sqrt(1-a*x)*sqrt(a*x+1))))/c^3)
   corpus -1/7*(1+a*x)^3/(a*c^3*(1-a^2*x^2)^(7/2))+38/35*(1+a*x)^2/(a*c^3*(1-a^2*x^2)^(5/2))-137/35*(1+a*x)/(a*c^3*(1-a^2*x^2)^(3/2))-3*asin(a*x)/(a*c^3)+1/35*(245+181*a*x)/(a*c^3*sqrt(1-a^2*x^2))+sqrt(1-a^2*x^2)/(a*c^3)
                     0.35       7.902292506621339   4.884981308350689e-15       7.902292506621336
                     0.65       9.247462561839274   2.042810365310288e-14       9.247462561839264
                      1.7      6.4768384992480605  1.3991044211524462e-13       6.476838499247947

== rubi-only  7 Inverse hyperbolic functions/7.3 Inverse hyperbolic tangent/7.3.6 Exponentials of inverse hyperbolic tangent functions.mac e652 L755
   f      %e^(3*atanh(a*x))/(c-c/(a^2*x^2))^4
   rubi   (a^8*((sqrt(1-a^2*x^2)/a-(3*a^3*asin(a*x)-(4*a^3*sqrt(1-a^2*x^2))/(1-a*x))/a^4)/a^8-(35*((2*sqrt(a*x+1))/(a*sqrt(1-a*x))-asin(a*x)/a))/(32*a^8)+((2*((1-a^2*x^2)^(5/2)/(7*a*(a*x-1)^6)-(1-a^2*x^2)^(5/2)/(35*a*(a*x-1)^5)))/9-(1-a^2*x^2)^(5/2)/(9*a*(a*x-1)^7))/(16*a^8)+(3*((1-a^2*x^2)^(5/2)/(35*a*(a*x-1)^5)-(1-a^2*x^2)^(5/2)/(7*a*(a*x-1)^6)))/(8*a^8)-(29*(1-a^2*x^2)^(5/2))/(160*a^9*(a*x-1)^5)+(35*((2*(1-a^2*x^2)^(3/2))/(3*a*(a*x-1)^3)-(2*sqrt(1-a^2*x^2))/(a*(a*x-1))))/(32*a^8)+(29*sqrt(a*x+1))/(32*a^9*sqrt(1-a*x))+((2*x)/(3*sqrt(1-a*x)*sqrt(a*x+1))-1/(3*a*sqrt(1-a*x)*(a*x+1)^(3/2)))/(16*a^8)-(3*x)/(8*a^8*sqrt(1-a*x)*sqrt(a*x+1))))/c^4
   corpus 1/9*(1+a*x)^3/(a*c^4*(1-a^2*x^2)^(9/2))-22/21*(1+a*x)^2/(a*c^4*(1-a^2*x^2)^(7/2))+478/105*(1+a*x)/(a*c^4*(1-a^2*x^2)^(5/2))-2/315*(1155+829*a*x)/(a*c^4*(1-a^2*x^2)^(3/2))-3*asin(a*x)/(a*c^4)+4/315*(630+431*a*x)/(a*c^4*sqrt(1-a^2*x^2))+sqrt(1-a^2*x^2)/(a*c^4)
                     0.35       18.43868251544978   2.398081733190338e-14      18.438682515449766
                     0.65      21.577412644291766  5.5067062021407764e-14      21.577412644291698
                      1.7      15.112623164913202   5.365323573460657e-13      15.112623164912748

== rubi-only  7 Inverse hyperbolic functions/7.3 Inverse hyperbolic tangent/7.3.6 Exponentials of inverse hyperbolic tangent functions.mac e887 L1054
   f      %e^atanh(a*x)*x^4/(c-a^2*c*x^2)
   rubi   -((a^2*(((3*a*asin(a*x)-4*a*sqrt(1-a^2*x^2))/(2*a^2)-(3*x*sqrt(1-a^2*x^2))/2)/(3*a^2)-(x^2*sqrt(1-a^2*x^2))/(3*a))+asin(a*x)/a-sqrt(1-a^2*x^2)/a)/(a^4*c))+asin(a*x)/(2*a^5*c)-sqrt(1-a^2*x^2)/(a^5*c*(a*x-1))
   corpus -3/2*asin(a*x)/(a^5*c)+x^3*(1+a*x)/(a^2*c*sqrt(1-a^2*x^2))+4/3*x^2*sqrt(1-a^2*x^2)/(a^3*c)+1/6*(16+9*a*x)*sqrt(1-a^2*x^2)/(a^5*c)
                     0.35       1.605912209850396   6.453171330633722e-16      1.6059122098503948
                     0.65      1.8792790858790236   2.220446049250313e-16      1.8792790858790243
                      1.7      1.3162299444693453   3.924199796993204e-15      1.3162299444693524

== rubi-only  7 Inverse hyperbolic functions/7.3 Inverse hyperbolic tangent/7.3.6 Exponentials of inverse hyperbolic tangent functions.mac e889 L1056
   f      %e^atanh(a*x)*x^2/(c-a^2*c*x^2)
   rubi   -((asin(a*x)/a-sqrt(1-a^2*x^2)/a)/(a^2*c))+asin(a*x)/(2*a^3*c)-sqrt(1-a^2*x^2)/(a^3*c*(a*x-1))
   corpus -asin(a*x)/(a^3*c)+(1+a*x)/(a^3*c*sqrt(1-a^2*x^2))+sqrt(1-a^2*x^2)/(a^3*c)
                     0.35       1.300788889978821   5.551115123125783e-17      1.3007888899788207
                     0.65      1.5222160595620062   4.440892098500626e-16      1.5222160595620071
                      1.7      1.0661462550201737  1.8676196199022907e-15      1.0661462550201772

== rubi-only  7 Inverse hyperbolic functions/7.3 Inverse hyperbolic tangent/7.3.6 Exponentials of inverse hyperbolic tangent functions.mac e893 L1060
   f      %e^atanh(a*x)/(x^2*(c-a^2*c*x^2))
   rubi   -((a*(-(a*x)-1))/(c*sqrt(1-a^2*x^2)))
   corpus -a*atanh(sqrt(1-a^2*x^2))/c+(1+a*x)/(c*x*sqrt(1-a^2*x^2))-2*sqrt(1-a^2*x^2)/(c*x)
                     0.35      22.620984263852094   3.552713678800501e-15      22.620984263852097
                     0.65       9.251110476064774  1.7763568394002505e-15       9.251110476064774
                      1.7       1.512009356687087   4.494247274497206e-16      1.5120093566870874

== rubi-only  7 Inverse hyperbolic functions/7.3 Inverse hyperbolic tangent/7.3.6 Exponentials of inverse hyperbolic tangent functions.mac e894 L1061
   f      %e^atanh(a*x)/(x^3*(c-a^2*c*x^2))
   rubi   -((a^2*(-(a*x)-1))/(c*sqrt(1-a^2*x^2)))
   corpus -3/2*a^2*atanh(sqrt(1-a^2*x^2))/c+(1+a*x)/(c*x^2*sqrt(1-a^2*x^2))-3/2*sqrt(1-a^2*x^2)/(c*x^2)-2*a*sqrt(1-a^2*x^2)/(c*x)
                     0.35       69.50822698652088  1.4210854715202004e-14        69.5082269865209
                     0.65       17.30548059911083   3.552713678800501e-15      17.305480599110833
                      1.7      1.7123567485438573   5.565953614693758e-16      1.7123567485438573

== rubi-only  7 Inverse hyperbolic functions/7.3 Inverse hyperbolic tangent/7.3.6 Exponentials of inverse hyperbolic tangent functions.mac e896 L1063
   f      %e^atanh(a*x)*x^6/(c-a^2*c*x^2)^2
   rubi   (a^2*(((3*a*asin(a*x)-4*a*sqrt(1-a^2*x^2))/(2*a^2)-(3*x*sqrt(1-a^2*x^2))/2)/(3*a^2)-(x^2*sqrt(1-a^2*x^2))/(3*a))+2*(asin(a*x)/a-sqrt(1-a^2*x^2)/a))/(a^6*c^2)-(5*asin(a*x))/(4*a^7*c^2)-(1-a^2*x^2)^(3/2)/(12*a^7*c^2*(a*x-1)^3)+(5*sqrt(1-a^2*x^2))/(2*a^7*c^2*(a*x-1))-sqrt(1-a*x)/(4*a^7*c^2*sqrt(a*x+1))
   corpus 1/3*x^5*(1+a*x)/(a^2*c^2*(1-a^2*x^2)^(3/2))+5/2*asin(a*x)/(a^7*c^2)-1/3*x^3*(5+6*a*x)/(a^4*c^2*sqrt(1-a^2*x^2))-8/3*x^2*sqrt(1-a^2*x^2)/(a^5*c^2)-1/6*(32+15*a*x)*sqrt(1-a^2*x^2)/(a^7*c^2)
                     0.35       9.913038332409846   8.534839501805891e-16       9.913038332409842
                     0.65      11.600488184438401  1.4210854715202004e-14      11.600488184438383
                      1.7       8.124876200428133   2.931557353422068e-14       8.124876200428133

== rubi-only  7 Inverse hyperbolic functions/7.3 Inverse hyperbolic tangent/7.3.6 Exponentials of inverse hyperbolic tangent functions.mac e898 L1065
   f      %e^atanh(a*x)*x^4/(c-a^2*c*x^2)^2
   rubi   (asin(a*x)/a-sqrt(1-a^2*x^2)/a)/(a^4*c^2)-(3*asin(a*x))/(4*a^5*c^2)-(1-a^2*x^2)^(3/2)/(12*a^5*c^2*(a*x-1)^3)+(3*sqrt(1-a^2*x^2))/(2*a^5*c^2*(a*x-1))-sqrt(1-a*x)/(4*a^5*c^2*sqrt(a*x+1))
   corpus 1/3*x^3*(1+a*x)/(a^2*c^2*(1-a^2*x^2)^(3/2))+asin(a*x)/(a^5*c^2)-1/3*x*(3+4*a*x)/(a^4*c^2*sqrt(1-a^2*x^2))-8/3*sqrt(1-a^2*x^2)/(a^5*c^2)
                     0.35       4.817736629551192  1.1934897514720433e-15       4.817736629551191
                     0.65        5.63783725763707  1.3322676295501878e-15        5.63783725763707
                      1.7      3.9486898334080536  2.4857993901384794e-15      3.9486898334080465

== rubi-only  7 Inverse hyperbolic functions/7.3 Inverse hyperbolic tangent/7.3.6 Exponentials of inverse hyperbolic tangent functions.mac e899 L1066
   f      %e^atanh(a*x)*x^3/(c-a^2*c*x^2)^2
   rubi   0
   corpus 1/3*x^2*(1+a*x)/(a^2*c^2*(1-a^2*x^2)^(3/2))+asin(a*x)/(a^4*c^2)+1/3*(-2-3*a*x)/(a^4*c^2*sqrt(1-a^2*x^2))
                     0.35      0.2928525880514615  1.6653345369377348e-16      0.2928525880514617
                     0.65       4.961761896489786   8.881784197001252e-16      4.9617618964897865
                      1.7      23.880108720222697  1.0757978497750334e-14      23.880108720222708

== rubi-only  7 Inverse hyperbolic functions/7.3 Inverse hyperbolic tangent/7.3.6 Exponentials of inverse hyperbolic tangent functions.mac e900 L1067
   f      %e^atanh(a*x)*x^2/(c-a^2*c*x^2)^2
   rubi   -(asin(a*x)/(4*a^3*c^2))-(1-a^2*x^2)^(3/2)/(12*a^3*c^2*(a*x-1)^3)+sqrt(1-a^2*x^2)/(2*a^3*c^2*(a*x-1))-sqrt(1-a*x)/(4*a^3*c^2*sqrt(a*x+1))
   corpus 1/3*x^2*(1+a*x)/(a*c^2*(1-a^2*x^2)^(3/2))+(-2/3)/(a^3*c^2*sqrt(1-a^2*x^2))
                     0.35      1.3007888899788205  1.1102230246251565e-16      1.3007888899788203
                     0.65      1.5222160595620036   3.552713678800501e-15      1.5222160595619982
                      1.7      1.0661462550201808   7.157299466458311e-15      1.0661462550201897

== rubi-only  7 Inverse hyperbolic functions/7.3 Inverse hyperbolic tangent/7.3.6 Exponentials of inverse hyperbolic tangent functions.mac e908 L1075
   f      %e^atanh(a*x)*x^6/(c-a^2*c*x^2)^3
   rubi   -((asin(a*x)/a-sqrt(1-a^2*x^2)/a)/(a^6*c^3))+(15*asin(a*x))/(16*a^7*c^3)-((1-a^2*x^2)^(3/2)/(15*a*(a*x-1)^3)-(1-a^2*x^2)^(3/2)/(5*a*(a*x-1)^4))/(8*a^6*c^3)+(3*(1-a^2*x^2)^(3/2))/(16*a^7*c^3*(a*x-1)^3)-(15*sqrt(1-a^2*x^2))/(8*a^7*c^3*(a*x-1))+(-(sqrt(1-a*x)/(3*a*sqrt(a*x+1)))-sqrt(1-a*x)/(3*a*(a*x+1)^(3/2)))/(8*a^6*c^3)+(9*sqrt(1-a*x))/(16*a^7*c^3*sqrt(a*x+1))
   corpus 1/5*x^5*(1+a*x)/(a^2*c^3*(1-a^2*x^2)^(5/2))-1/15*x^3*(5+6*a*x)/(a^4*c^3*(1-a^2*x^2)^(3/2))-asin(a*x)/(a^7*c^3)+1/5*x*(5+8*a*x)/(a^6*c^3*sqrt(1-a^2*x^2))+16/5*sqrt(1-a^2*x^2)/(a^7*c^3)
                     0.35      14.869557498614771   7.979727989493313e-16      14.869557498614778
                     0.65      17.400732276657592  2.6645352591003757e-15      17.400732276657607
                      1.7      12.187314300642157    3.03744567086125e-14      12.187314300642232

== rubi-only  7 Inverse hyperbolic functions/7.3 Inverse hyperbolic tangent/7.3.6 Exponentials of inverse hyperbolic tangent functions.mac e910 L1077
   f      %e^atanh(a*x)*x^4/(c-a^2*c*x^2)^3
   rubi   (3*asin(a*x))/(16*a^5*c^3)-((1-a^2*x^2)^(3/2)/(15*a*(a*x-1)^3)-(1-a^2*x^2)^(3/2)/(5*a*(a*x-1)^4))/(8*a^4*c^3)+(5*(1-a^2*x^2)^(3/2))/(48*a^5*c^3*(a*x-1)^3)-(3*sqrt(1-a^2*x^2))/(8*a^5*c^3*(a*x-1))+(-(sqrt(1-a*x)/(3*a*sqrt(a*x+1)))-sqrt(1-a*x)/(3*a*(a*x+1)^(3/2)))/(8*a^4*c^3)+(5*sqrt(1-a*x))/(16*a^5*c^3*sqrt(a*x+1))
   corpus 1/5*x^4*(1+a*x)/(a*c^3*(1-a^2*x^2)^(5/2))+(-4/15)/(a^5*c^3*(1-a^2*x^2)^(3/2))+4/5/(a^5*c^3*sqrt(1-a^2*x^2))
                     0.35       2.408868314775597   8.326672684688674e-17      2.4088683147755967
                     0.65       2.818918628818553   3.552713678800501e-15       2.818918628818551
                      1.7       1.974344916704041  1.4686562583226412e-14      1.9743449167040659

== rubi-only  7 Inverse hyperbolic functions/7.3 Inverse hyperbolic tangent/7.3.6 Exponentials of inverse hyperbolic tangent functions.mac e911 L1078
   f      %e^atanh(a*x)*x^3/(c-a^2*c*x^2)^3
   rubi   0
   corpus 1/5/(a^4*c^3*(1-a^2*x^2)^(5/2))+1/5*a*x^5/(c^3*(1-a^2*x^2)^(5/2))+(-1/3)/(a^4*c^3*(1-a^2*x^2)^(3/2))
                     0.35      0.6502236142243324   2.220446049250313e-16      0.6502236142243326
                     0.65      15.086501908676329   3.552713678800501e-15      15.086501908676325
                      1.7      35.618030755794905  2.1427564839768302e-14      35.618030755794926

== rubi-only  7 Inverse hyperbolic functions/7.3 Inverse hyperbolic tangent/7.3.6 Exponentials of inverse hyperbolic tangent functions.mac e912 L1079
   f      %e^atanh(a*x)*x^2/(c-a^2*c*x^2)^3
   rubi   -(asin(a*x)/(16*a^3*c^3))-((1-a^2*x^2)^(3/2)/(15*a*(a*x-1)^3)-(1-a^2*x^2)^(3/2)/(5*a*(a*x-1)^4))/(8*a^2*c^3)+(1-a^2*x^2)^(3/2)/(48*a^3*c^3*(a*x-1)^3)+sqrt(1-a^2*x^2)/(8*a^3*c^3*(a*x-1))+(-(sqrt(1-a*x)/(3*a*sqrt(a*x+1)))-sqrt(1-a*x)/(3*a*(a*x+1)^(3/2)))/(8*a^2*c^3)+sqrt(1-a*x)/(16*a^3*c^3*sqrt(a*x+1))
   corpus 1/5*x^2*(1+a*x)/(a*c^3*(1-a^2*x^2)^(5/2))-2/15*(1-a*x)/(a^3*c^3*(1-a^2*x^2)^(3/2))-2/15*x/(a^2*c^3*sqrt(1-a^2*x^2))
                     0.35      0.6503944449894117   2.220446049250313e-16      0.6503944449894119
                     0.65      0.7611080297809742   7.105427357601002e-15      0.7611080297809636
                      1.7      0.5330731275100788   7.220318470696934e-15      0.5330731275100753

== rubi-only  7 Inverse hyperbolic functions/7.4 Inverse hyperbolic cotangent/7.4.2 Exponentials of inverse hyperbolic cotangent functions.mac e181 L222
   f      %e^(3*acoth(a*x))*(c-a*c*x)
   rubi   0
   corpus -3/2*c*atanh(sqrt(1+(-1)/(a^2*x^2)))/a-2*c*x*sqrt(1+(-1)/(a^2*x^2))-1/2*a*c*x^2*sqrt(1+(-1)/(a^2*x^2))
                     0.35      0.9109894506508186  2.0082492665021093e-16      0.9109894506508185
                     0.65      1.5487804422944318  2.8450635168568465e-16      1.5487804422944318
                      1.7       2.763839703322242   4.440892098500626e-16      2.7638397033222417

== rubi-only  7 Inverse hyperbolic functions/7.4 Inverse hyperbolic cotangent/7.4.2 Exponentials of inverse hyperbolic cotangent functions.mac e19 L30
   f      %e^(3*acoth(a*x))*x
   rubi   -((4*sqrt(1-1/(a^2*x^2)))/(a^2*(1-1/(a*x))))
   corpus 9/2*atanh(sqrt(1+(-1)/(a^2*x^2)))/a^2-4*sqrt(1+(-1)/(a^2*x^2))/(a*(a+(-1)/x))+3*x*sqrt(1+(-1)/(a^2*x^2))/a+1/2*x^2*sqrt(1+(-1)/(a^2*x^2))
                     0.35        5.90532465469806   6.877345930993529e-16        5.90532465469806
                     0.65        8.35316443238665   7.161101830638548e-15       8.353164432386647
                      1.7      10.488544289100007  1.3322676295501878e-15      10.488544289100005

== rubi-only  7 Inverse hyperbolic functions/7.4 Inverse hyperbolic cotangent/7.4.2 Exponentials of inverse hyperbolic cotangent functions.mac e20 L31
   f      %e^(3*acoth(a*x))
   rubi   -((4*sqrt(1-1/(a^2*x^2)))/(a*(1-1/(a*x))))
   corpus 3*atanh(sqrt(1+(-1)/(a^2*x^2)))/a-4*sqrt(1+(-1)/(a^2*x^2))/(a+(-1)/x)+x*sqrt(1+(-1)/(a^2*x^2))
                     0.35      3.4928132879266256  3.1467884597241384e-15      3.4928132879266225
                     0.65       4.420287104559132  1.6336514639079885e-15       4.420287104559131
                      1.7        3.91201045354552   3.552713678800501e-15      3.9120104535455162

== rubi-only  7 Inverse hyperbolic functions/7.4 Inverse hyperbolic cotangent/7.4.2 Exponentials of inverse hyperbolic cotangent functions.mac e21 L32
   f      %e^(3*acoth(a*x))/x
   rubi   asin(1/(a*x))-(4*sqrt(1-1/(a^2*x^2)))/(1-1/(a*x))
   corpus acsc(a*x)+atanh(sqrt(1+(-1)/(a^2*x^2)))-4*a*sqrt(1+(-1)/(a^2*x^2))/(a+(-1)/x)
                     0.35      0.9482751007945591  1.6545965219627947e-15      0.9482751007945603
                     0.65       1.109695507420696   4.131752044549293e-15         1.1096955074207
                      1.7      0.7772206199097074  2.4424906541753444e-15      0.7772206199097058

== rubi-only  7 Inverse hyperbolic functions/7.4 Inverse hyperbolic cotangent/7.4.2 Exponentials of inverse hyperbolic cotangent functions.mac e219 L262
   f      (c-a*c*x)/%e^(3*acoth(a*x))
   rubi   (8*c*sqrt(1-1/(a^2*x^2)))/(a*(1/(a*x)+1))
   corpus -15/2*c*atanh(sqrt(1+(-1)/(a^2*x^2)))/a+8*c*(a+(-1)/x)/(a^2*sqrt(1+(-1)/(a^2*x^2)))+4*c*x*sqrt(1+(-1)/(a^2*x^2))-1/2*a*c*x^2*sqrt(1+(-1)/(a^2*x^2))
                     0.35       3.076217597465066   3.302998198972636e-15       3.076217597465069
                     0.65      3.0838592275597385   1.144928883275134e-15      3.0838592275597385
                      1.7       1.390749941481762   4.753142324176451e-16      1.3907499414817623

== rubi-only  7 Inverse hyperbolic functions/7.4 Inverse hyperbolic cotangent/7.4.2 Exponentials of inverse hyperbolic cotangent functions.mac e289 L344
   f      %e^acoth(x)*x/(1-x)
   rubi   (2*sqrt(1-1/x^2))/(1-1/x)
   corpus -2*atanh(sqrt(1+(-1)/x^2))+2*(1+1/x)/sqrt(1+(-1)/x^2)-x*sqrt(1+(-1)/x^2)
                     0.35       2.508674409613032   1.222169374630965e-15       2.508674409613035
                     0.65      3.4871439832867814  1.7934343836433983e-15      3.4871439832867828
                      1.7       2.691353979577239   8.881784197001252e-16      2.6913539795772388

== rubi-only  7 Inverse hyperbolic functions/7.4 Inverse hyperbolic cotangent/7.4.2 Exponentials of inverse hyperbolic cotangent functions.mac e383 L452
   f      %e^acoth(a*x)/(c-c/(a*x))
   rubi   -((2*sqrt(1-1/(a^2*x^2)))/(a*(c-c/(a*x))))
   corpus 2*atanh(sqrt(1+(-1)/(a^2*x^2)))/(a*c)-2*(a+1/x)/(a^2*c*sqrt(1+(-1)/(a^2*x^2)))+x*sqrt(1+(-1)/(a^2*x^2))/c
                     0.35       4.878348574087566   4.508919356059647e-16       4.878348574087566
                     0.65       6.374584192627816   9.500951851602213e-16       6.374584192627817
                      1.7        6.09686397395836   2.220446049250313e-15       6.096863973958362

== rubi-only  7 Inverse hyperbolic functions/7.4 Inverse hyperbolic cotangent/7.4.2 Exponentials of inverse hyperbolic cotangent functions.mac e418 L489
   f      1/(%e^acoth(a*x)*(c-c/(a*x))^2)
   rubi   -(sqrt(1-1/(a^2*x^2))/(a*c*(c-c/(a*x))))
   corpus atanh(sqrt(1+(-1)/(a^2*x^2)))/(a*c^2)+2*x*sqrt(1+(-1)/(a^2*x^2))/c^2-a*x*sqrt(1+(-1)/(a^2*x^2))/(c^2*(a+(-1)/x))
                     0.35       5.542141144643758   4.552067896247616e-15       5.542141144643756
                     0.65       7.817188352274732  1.7937289645059662e-15        7.81718835227473
                      1.7       8.739414081651358   3.552713678800501e-15       8.739414081651354

== rubi-only  7 Inverse hyperbolic functions/7.4 Inverse hyperbolic cotangent/7.4.2 Exponentials of inverse hyperbolic cotangent functions.mac e432 L503
   f      (c-c/(a*x))/%e^(3*acoth(a*x))
   rubi   (8*(c-c/(a*x)))/(a*sqrt(1-1/(a^2*x^2)))
   corpus c*acsc(a*x)/a-4*c*atanh(sqrt(1+(-1)/(a^2*x^2)))/a+8*c*(a+(-1)/x)/(a^2*sqrt(1+(-1)/(a^2*x^2)))+c*x*sqrt(1+(-1)/(a^2*x^2))
                     0.35      3.6137727176708374  2.5546168745865192e-15        3.61377271767084
                     0.65      3.1591808639678054   8.257745175667145e-16      3.1591808639678063
                      1.7       1.348734591361828  3.7470027081099033e-16      1.3487345913618285

== rubi-only  7 Inverse hyperbolic functions/7.4 Inverse hyperbolic cotangent/7.4.2 Exponentials of inverse hyperbolic cotangent functions.mac e433 L504
   f      1/(%e^(3*acoth(a*x))*(c-c/(a*x)))
   rubi   (2*(c-c/(a*x)))/(a*c^2*sqrt(1-1/(a^2*x^2)))
   corpus -2*atanh(sqrt(1+(-1)/(a^2*x^2)))/(a*c)+2*(a+(-1)/x)/(a^2*c*sqrt(1+(-1)/(a^2*x^2)))+x*sqrt(1+(-1)/(a^2*x^2))/c
                     0.35       3.550763432975185   3.275773801877362e-15       3.550763432975189
                     0.65      3.4893758733339895  1.2786404651860754e-15       3.489375873333991
                      1.7      0.8117637585723596   4.440892098500626e-16        0.81176375857236

== rubi-only  7 Inverse hyperbolic functions/7.4 Inverse hyperbolic cotangent/7.4.2 Exponentials of inverse hyperbolic cotangent functions.mac e434 L505
   f      1/(%e^(3*acoth(a*x))*(c-c/(a*x))^2)
   rubi   (c-c/(a*x))/(a*c^3*sqrt(1-1/(a^2*x^2)))
   corpus -atanh(sqrt(1+(-1)/(a^2*x^2)))/(a*c^2)-(a+(-1)/x)*x/(a*c^2*sqrt(1+(-1)/(a^2*x^2)))+2*x*sqrt(1+(-1)/(a^2*x^2))/c^2
                     0.35      2.8869708624189925  3.8862196885590165e-15      2.8869708624189965
                     0.65      2.0467717136870753    2.67170620257645e-15       2.046771713687077
                      1.7      1.8307863491206389                       0      1.8307863491206389

== rubi-only  7 Inverse hyperbolic functions/7.4 Inverse hyperbolic cotangent/7.4.2 Exponentials of inverse hyperbolic cotangent functions.mac e52 L65
   f      x/%e^(3*acoth(a*x))
   rubi   -((4*sqrt(1-1/(a^2*x^2)))/(a^2*(1/(a*x)+1)))
   corpus 9/2*atanh(sqrt(1+(-1)/(a^2*x^2)))/a^2-4*sqrt(1+(-1)/(a^2*x^2))/(a*(a+1/x))-3*x*sqrt(1+(-1)/(a^2*x^2))/a+1/2*x^2*sqrt(1+(-1)/(a^2*x^2))
                     0.35      3.6926827528441057  1.1104861380948932e-15      3.6926827528441044
                     0.65      3.5444839002302855   5.692141369913302e-16      3.5444839002302837
                      1.7       1.680043930123338   6.661338147750939e-16      1.6800439301233392

== rubi-only  7 Inverse hyperbolic functions/7.4 Inverse hyperbolic cotangent/7.4.2 Exponentials of inverse hyperbolic cotangent functions.mac e53 L66
   f      1/%e^(3*acoth(a*x))
   rubi   (4*sqrt(1-1/(a^2*x^2)))/(a*(1/(a*x)+1))
   corpus -3*atanh(sqrt(1+(-1)/(a^2*x^2)))/a+4*sqrt(1+(-1)/(a^2*x^2))/(a+1/x)+x*sqrt(1+(-1)/(a^2*x^2))
                     0.35      2.8290207173704394  1.1123690700593947e-15        2.82902071737044
                     0.65      2.9776829449122215   6.943257092127786e-16        2.97768294491222
                      1.7      1.2694603458525195   4.440892098500626e-16      1.2694603458525195

== rubi-only  7 Inverse hyperbolic functions/7.4 Inverse hyperbolic cotangent/7.4.2 Exponentials of inverse hyperbolic cotangent functions.mac e54 L67
   f      1/(%e^(3*acoth(a*x))*x)
   rubi   -((4*sqrt(1-1/(a^2*x^2)))/(1/(a*x)+1))-asin(1/(a*x))
   corpus -acsc(a*x)+atanh(sqrt(1+(-1)/(a^2*x^2)))-4*a*sqrt(1+(-1)/(a^2*x^2))/(a+1/x)
                     0.35      0.9482751007945618  1.3468014129282058e-15      0.9482751007945603
                     0.65      1.1096955074207033    5.01033073379243e-16      1.1096955074207029
                      1.7      0.7772206199097058                       0      0.7772206199097059

# verdicts: corpus-also 9  other 13  point-split 18  rubi-only 146
