# section-9 probe 08: class 6 paired, before/after mr_inert_class4_only (ticket 15)
# tree 934d269, 2026-09-23, 12+12 workers concurrently, 30 s cpu cap
# pre core:  fingerprint fa583d5fb2effbaa5c5406198ad21fb7
# pre core:  git_rev 933a9410d3a83bcd9726481efae2d4629db1e63c
# pre core:  rules 3997
# post core: fingerprint 145bb2b56f517c530a5bad8a9f7f3162
# post core: git_rev 934d2691c1303136627b6cee8092310432a1f735
# post core: rules 3997
# entries: 5080
# host at end: 7.76 12.27 16.30 1/1609 640785
inert-leak answers, pre: 283
inert-leak answers, post: 0

base: /tmp/mr-s9-probe08/pre/all.timeout30s.out (5080 entries)
new:  /tmp/mr-s9-probe08/post/all.timeout30s.out (5080 entries)
key set: 0 missing from new, 0 extra in new

=== PASS/FAIL table ===
PASS->PASS   1611
PASS->FAIL    650
FAIL->PASS    209
FAIL->FAIL   2610

=== class transitions (changed only) ===
  475  verified -> deferred
  470  timeout -> deferred
  350  contains-noun -> deferred
  135  verified -> contains-noun
  103  error -> verified
   76  timeout -> contains-noun
   66  error -> deferred
   46  contains-noun -> no-answer
   42  error -> contains-noun
   38  unverified -> deferred
   34  unverified -> contains-noun
   30  error -> expected
   27  verified -> timeout
   17  error -> timeout
   13  error -> no-answer
   12  error -> unverified
    9  timeout -> verified
    8  contains-noun -> timeout
    7  contains-noun -> verified
    7  expected -> deferred
    2  expected -> unverified
    2  expected -> contains-noun
    2  unverified -> timeout
    1  expected -> timeout
    1  unverified -> verified
    1  verified -> unverified

=== per file (PASS->FAIL / FAIL->PASS) ===
    1    17  6 Hyperbolic functions/6.1 Hyperbolic sine/6.1.1 (c+d x)^m (a+b sinh)^n.mac
    3     0  6 Hyperbolic functions/6.1 Hyperbolic sine/6.1.3 (e x)^m (a+b sinh(c+d x^n))^p.mac
   74    30  6 Hyperbolic functions/6.1 Hyperbolic sine/6.1.5 Hyperbolic sine functions.mac
   63     6  6 Hyperbolic functions/6.1 Hyperbolic sine/6.1.7 hyper^m (a+b sinh^n)^p.mac
    0    11  6 Hyperbolic functions/6.2 Hyperbolic cosine/6.2.1 (c+d x)^m (a+b cosh)^n.mac
    2     0  6 Hyperbolic functions/6.2 Hyperbolic cosine/6.2.3 (e x)^m (a+b cosh(c+d x^n))^p.mac
   65     0  6 Hyperbolic functions/6.2 Hyperbolic cosine/6.2.5 Hyperbolic cosine functions.mac
   54     0  6 Hyperbolic functions/6.2 Hyperbolic cosine/6.2.7 hyper^m (a+b cosh^n)^p.mac
    0    14  6 Hyperbolic functions/6.3 Hyperbolic tangent/6.3.1 (c+d x)^m (a+b tanh)^n.mac
   45    17  6 Hyperbolic functions/6.3 Hyperbolic tangent/6.3.2 Hyperbolic tangent functions.mac
   27     4  6 Hyperbolic functions/6.3 Hyperbolic tangent/6.3.7 (d hyper)^m (a+b (c tanh)^n)^p.mac
    0    14  6 Hyperbolic functions/6.4 Hyperbolic cotangent/6.4.1 (c+d x)^m (a+b coth)^n.mac
   46    50  6 Hyperbolic functions/6.4 Hyperbolic cotangent/6.4.2 Hyperbolic cotangent functions.mac
   16     0  6 Hyperbolic functions/6.4 Hyperbolic cotangent/6.4.7 (d hyper)^m (a+b (c coth)^n)^p.mac
    1     0  6 Hyperbolic functions/6.5 Hyperbolic secant/6.5.2 (e x)^m (a+b sech(c+d x^n))^p.mac
   41     2  6 Hyperbolic functions/6.5 Hyperbolic secant/6.5.3 Hyperbolic secant functions.mac
   27     0  6 Hyperbolic functions/6.5 Hyperbolic secant/6.5.7 (d hyper)^m (a+b (c sech)^n)^p.mac
    0     3  6 Hyperbolic functions/6.6 Hyperbolic cosecant/6.6.1 (c+d x)^m (a+b csch)^n.mac
   38    14  6 Hyperbolic functions/6.6 Hyperbolic cosecant/6.6.3 Hyperbolic cosecant functions.mac
   12     0  6 Hyperbolic functions/6.6 Hyperbolic cosecant/6.6.7 (d hyper)^m (a+b (c csch)^n)^p.mac
  135    27  6 Hyperbolic functions/6.7 Miscellaneous/6.7.1 Hyperbolic functions.mac

=== PASS->FAIL (650) ===
  verified      -> deferred      t=11.7s -> t=3.3s 6 Hyperbolic functions/6.1 Hyperbolic sine/6.1.1 (c+d x)^m (a+b sinh)^n.mac e208
  verified      -> contains-noun t=3.3s -> t=1.7s 6 Hyperbolic functions/6.1 Hyperbolic sine/6.1.3 (e x)^m (a+b sinh(c+d x^n))^p.mac e57
  verified      -> contains-noun t=4.8s -> t=2.9s 6 Hyperbolic functions/6.1 Hyperbolic sine/6.1.3 (e x)^m (a+b sinh(c+d x^n))^p.mac e88
  verified      -> contains-noun t=4.0s -> t=2.2s 6 Hyperbolic functions/6.1 Hyperbolic sine/6.1.3 (e x)^m (a+b sinh(c+d x^n))^p.mac e89
  verified      -> contains-noun t=15.6s -> t=9.4s 6 Hyperbolic functions/6.1 Hyperbolic sine/6.1.5 Hyperbolic sine functions.mac e40
  verified      -> contains-noun t=10.4s -> t=6.1s 6 Hyperbolic functions/6.1 Hyperbolic sine/6.1.5 Hyperbolic sine functions.mac e41
  verified      -> contains-noun t=5.6s -> t=3.4s 6 Hyperbolic functions/6.1 Hyperbolic sine/6.1.5 Hyperbolic sine functions.mac e42
  verified      -> contains-noun t=2.5s -> t=2.1s 6 Hyperbolic functions/6.1 Hyperbolic sine/6.1.5 Hyperbolic sine functions.mac e43
  verified      -> deferred      t=24.5s -> t=4.1s 6 Hyperbolic functions/6.1 Hyperbolic sine/6.1.5 Hyperbolic sine functions.mac e44
  verified      -> deferred      t=28.0s -> t=4.5s 6 Hyperbolic functions/6.1 Hyperbolic sine/6.1.5 Hyperbolic sine functions.mac e46
  verified      -> deferred      t=28.8s -> t=4.8s 6 Hyperbolic functions/6.1 Hyperbolic sine/6.1.5 Hyperbolic sine functions.mac e47
  verified      -> contains-noun t=26.6s -> t=18.9s 6 Hyperbolic functions/6.1 Hyperbolic sine/6.1.5 Hyperbolic sine functions.mac e72
  verified      -> contains-noun t=20.3s -> t=15.8s 6 Hyperbolic functions/6.1 Hyperbolic sine/6.1.5 Hyperbolic sine functions.mac e73
  verified      -> contains-noun t=14.9s -> t=13.4s 6 Hyperbolic functions/6.1 Hyperbolic sine/6.1.5 Hyperbolic sine functions.mac e74
  verified      -> contains-noun t=10.1s -> t=9.6s 6 Hyperbolic functions/6.1 Hyperbolic sine/6.1.5 Hyperbolic sine functions.mac e75
  verified      -> deferred      t=11.8s -> t=5.9s 6 Hyperbolic functions/6.1 Hyperbolic sine/6.1.5 Hyperbolic sine functions.mac e99
  verified      -> contains-noun t=2.9s -> t=2.3s 6 Hyperbolic functions/6.1 Hyperbolic sine/6.1.5 Hyperbolic sine functions.mac e115
  verified      -> contains-noun t=2.9s -> t=2.6s 6 Hyperbolic functions/6.1 Hyperbolic sine/6.1.5 Hyperbolic sine functions.mac e119
  verified      -> contains-noun t=11.1s -> t=10.0s 6 Hyperbolic functions/6.1 Hyperbolic sine/6.1.5 Hyperbolic sine functions.mac e129
  verified      -> contains-noun t=3.1s -> t=2.0s 6 Hyperbolic functions/6.1 Hyperbolic sine/6.1.5 Hyperbolic sine functions.mac e136
  verified      -> contains-noun t=5.3s -> t=3.1s 6 Hyperbolic functions/6.1 Hyperbolic sine/6.1.5 Hyperbolic sine functions.mac e152
  verified      -> contains-noun t=4.9s -> t=3.1s 6 Hyperbolic functions/6.1 Hyperbolic sine/6.1.5 Hyperbolic sine functions.mac e153
  verified      -> contains-noun t=4.7s -> t=2.9s 6 Hyperbolic functions/6.1 Hyperbolic sine/6.1.5 Hyperbolic sine functions.mac e154
  verified      -> contains-noun t=4.7s -> t=3.1s 6 Hyperbolic functions/6.1 Hyperbolic sine/6.1.5 Hyperbolic sine functions.mac e155
  verified      -> contains-noun t=4.8s -> t=2.9s 6 Hyperbolic functions/6.1 Hyperbolic sine/6.1.5 Hyperbolic sine functions.mac e156
  verified      -> contains-noun t=5.7s -> t=3.1s 6 Hyperbolic functions/6.1 Hyperbolic sine/6.1.5 Hyperbolic sine functions.mac e157
  verified      -> deferred      t=8.3s -> t=5.3s 6 Hyperbolic functions/6.1 Hyperbolic sine/6.1.5 Hyperbolic sine functions.mac e159
  verified      -> deferred      t=7.7s -> t=5.2s 6 Hyperbolic functions/6.1 Hyperbolic sine/6.1.5 Hyperbolic sine functions.mac e161
  verified      -> deferred      t=6.8s -> t=5.4s 6 Hyperbolic functions/6.1 Hyperbolic sine/6.1.5 Hyperbolic sine functions.mac e163
  verified      -> deferred      t=11.6s -> t=5.2s 6 Hyperbolic functions/6.1 Hyperbolic sine/6.1.5 Hyperbolic sine functions.mac e164
  verified      -> deferred      t=5.7s -> t=3.6s 6 Hyperbolic functions/6.1 Hyperbolic sine/6.1.5 Hyperbolic sine functions.mac e166
  verified      -> deferred      t=8.7s -> t=3.8s 6 Hyperbolic functions/6.1 Hyperbolic sine/6.1.5 Hyperbolic sine functions.mac e168
  verified      -> deferred      t=10.3s -> t=4.0s 6 Hyperbolic functions/6.1 Hyperbolic sine/6.1.5 Hyperbolic sine functions.mac e170
  verified      -> deferred      t=15.7s -> t=6.2s 6 Hyperbolic functions/6.1 Hyperbolic sine/6.1.5 Hyperbolic sine functions.mac e171
  verified      -> deferred      t=7.3s -> t=6.0s 6 Hyperbolic functions/6.1 Hyperbolic sine/6.1.5 Hyperbolic sine functions.mac e172
  verified      -> deferred      t=8.9s -> t=6.1s 6 Hyperbolic functions/6.1 Hyperbolic sine/6.1.5 Hyperbolic sine functions.mac e173
  verified      -> deferred      t=7.5s -> t=6.3s 6 Hyperbolic functions/6.1 Hyperbolic sine/6.1.5 Hyperbolic sine functions.mac e174
  verified      -> deferred      t=17.2s -> t=6.3s 6 Hyperbolic functions/6.1 Hyperbolic sine/6.1.5 Hyperbolic sine functions.mac e175
  verified      -> deferred      t=6.1s -> t=4.2s 6 Hyperbolic functions/6.1 Hyperbolic sine/6.1.5 Hyperbolic sine functions.mac e177
  verified      -> deferred      t=9.3s -> t=4.9s 6 Hyperbolic functions/6.1 Hyperbolic sine/6.1.5 Hyperbolic sine functions.mac e179
  verified      -> deferred      t=11.0s -> t=8.3s 6 Hyperbolic functions/6.1 Hyperbolic sine/6.1.5 Hyperbolic sine functions.mac e181
  verified      -> deferred      t=9.2s -> t=7.9s 6 Hyperbolic functions/6.1 Hyperbolic sine/6.1.5 Hyperbolic sine functions.mac e182
  verified      -> deferred      t=9.4s -> t=8.7s 6 Hyperbolic functions/6.1 Hyperbolic sine/6.1.5 Hyperbolic sine functions.mac e184
  verified      -> deferred      t=9.8s -> t=8.3s 6 Hyperbolic functions/6.1 Hyperbolic sine/6.1.5 Hyperbolic sine functions.mac e185
  verified      -> deferred      t=25.6s -> t=6.3s 6 Hyperbolic functions/6.1 Hyperbolic sine/6.1.5 Hyperbolic sine functions.mac e187
  verified      -> deferred      t=9.1s -> t=6.0s 6 Hyperbolic functions/6.1 Hyperbolic sine/6.1.5 Hyperbolic sine functions.mac e189
  verified      -> deferred      t=7.9s -> t=5.7s 6 Hyperbolic functions/6.1 Hyperbolic sine/6.1.5 Hyperbolic sine functions.mac e191
  verified      -> deferred      t=6.8s -> t=4.4s 6 Hyperbolic functions/6.1 Hyperbolic sine/6.1.5 Hyperbolic sine functions.mac e194
  verified      -> deferred      t=19.6s -> t=4.7s 6 Hyperbolic functions/6.1 Hyperbolic sine/6.1.5 Hyperbolic sine functions.mac e196
  verified      -> deferred      t=12.4s -> t=8.0s 6 Hyperbolic functions/6.1 Hyperbolic sine/6.1.5 Hyperbolic sine functions.mac e201
  verified      -> deferred      t=15.4s -> t=5.0s 6 Hyperbolic functions/6.1 Hyperbolic sine/6.1.5 Hyperbolic sine functions.mac e204
  verified      -> deferred      t=27.8s -> t=5.3s 6 Hyperbolic functions/6.1 Hyperbolic sine/6.1.5 Hyperbolic sine functions.mac e209
  verified      -> deferred      t=7.4s -> t=3.5s 6 Hyperbolic functions/6.1 Hyperbolic sine/6.1.5 Hyperbolic sine functions.mac e211
  verified      -> deferred      t=19.5s -> t=3.6s 6 Hyperbolic functions/6.1 Hyperbolic sine/6.1.5 Hyperbolic sine functions.mac e212
  verified      -> deferred      t=24.7s -> t=4.3s 6 Hyperbolic functions/6.1 Hyperbolic sine/6.1.5 Hyperbolic sine functions.mac e213
  verified      -> deferred      t=9.8s -> t=4.4s 6 Hyperbolic functions/6.1 Hyperbolic sine/6.1.5 Hyperbolic sine functions.mac e214
  verified      -> deferred      t=17.8s -> t=4.4s 6 Hyperbolic functions/6.1 Hyperbolic sine/6.1.5 Hyperbolic sine functions.mac e215
  verified      -> deferred      t=23.0s -> t=4.3s 6 Hyperbolic functions/6.1 Hyperbolic sine/6.1.5 Hyperbolic sine functions.mac e216
  verified      -> deferred      t=20.2s -> t=10.0s 6 Hyperbolic functions/6.1 Hyperbolic sine/6.1.5 Hyperbolic sine functions.mac e219
  verified      -> deferred      t=9.8s -> t=7.6s 6 Hyperbolic functions/6.1 Hyperbolic sine/6.1.5 Hyperbolic sine functions.mac e221
  verified      -> deferred      t=11.2s -> t=5.8s 6 Hyperbolic functions/6.1 Hyperbolic sine/6.1.5 Hyperbolic sine functions.mac e222
  verified      -> deferred      t=28.7s -> t=6.4s 6 Hyperbolic functions/6.1 Hyperbolic sine/6.1.5 Hyperbolic sine functions.mac e223
  verified      -> deferred      t=9.9s -> t=6.5s 6 Hyperbolic functions/6.1 Hyperbolic sine/6.1.5 Hyperbolic sine functions.mac e224
  verified      -> deferred      t=10.5s -> t=6.5s 6 Hyperbolic functions/6.1 Hyperbolic sine/6.1.5 Hyperbolic sine functions.mac e226
  verified      -> deferred      t=20.3s -> t=6.5s 6 Hyperbolic functions/6.1 Hyperbolic sine/6.1.5 Hyperbolic sine functions.mac e227
  verified      -> deferred      t=6.2s -> t=4.3s 6 Hyperbolic functions/6.1 Hyperbolic sine/6.1.5 Hyperbolic sine functions.mac e231
  verified      -> deferred      t=19.4s -> t=4.3s 6 Hyperbolic functions/6.1 Hyperbolic sine/6.1.5 Hyperbolic sine functions.mac e232
  verified      -> deferred      t=9.2s -> t=4.8s 6 Hyperbolic functions/6.1 Hyperbolic sine/6.1.5 Hyperbolic sine functions.mac e234
  verified      -> deferred      t=8.8s -> t=4.9s 6 Hyperbolic functions/6.1 Hyperbolic sine/6.1.5 Hyperbolic sine functions.mac e239
  verified      -> deferred      t=18.5s -> t=5.2s 6 Hyperbolic functions/6.1 Hyperbolic sine/6.1.5 Hyperbolic sine functions.mac e240
  verified      -> deferred      t=10.1s -> t=6.0s 6 Hyperbolic functions/6.1 Hyperbolic sine/6.1.5 Hyperbolic sine functions.mac e242
  verified      -> deferred      t=21.4s -> t=5.4s 6 Hyperbolic functions/6.1 Hyperbolic sine/6.1.5 Hyperbolic sine functions.mac e244
  verified      -> deferred      t=21.9s -> t=5.5s 6 Hyperbolic functions/6.1 Hyperbolic sine/6.1.5 Hyperbolic sine functions.mac e245
  verified      -> deferred      t=22.0s -> t=9.1s 6 Hyperbolic functions/6.1 Hyperbolic sine/6.1.5 Hyperbolic sine functions.mac e246
  verified      -> deferred      t=20.1s -> t=7.9s 6 Hyperbolic functions/6.1 Hyperbolic sine/6.1.5 Hyperbolic sine functions.mac e247
  verified      -> deferred      t=20.3s -> t=8.1s 6 Hyperbolic functions/6.1 Hyperbolic sine/6.1.5 Hyperbolic sine functions.mac e248
  verified      -> deferred      t=23.1s -> t=8.6s 6 Hyperbolic functions/6.1 Hyperbolic sine/6.1.5 Hyperbolic sine functions.mac e250
  verified      -> deferred      t=23.1s -> t=8.7s 6 Hyperbolic functions/6.1 Hyperbolic sine/6.1.5 Hyperbolic sine functions.mac e252
  verified      -> deferred      t=22.8s -> t=15.9s 6 Hyperbolic functions/6.1 Hyperbolic sine/6.1.7 hyper^m (a+b sinh^n)^p.mac e14
  verified      -> deferred      t=24.1s -> t=18.6s 6 Hyperbolic functions/6.1 Hyperbolic sine/6.1.7 hyper^m (a+b sinh^n)^p.mac e16
  verified      -> deferred      t=25.8s -> t=21.4s 6 Hyperbolic functions/6.1 Hyperbolic sine/6.1.7 hyper^m (a+b sinh^n)^p.mac e44
  verified      -> contains-noun t=30.0s -> t=26.3s 6 Hyperbolic functions/6.1 Hyperbolic sine/6.1.7 hyper^m (a+b sinh^n)^p.mac e58
  verified      -> contains-noun t=4.6s -> t=3.5s 6 Hyperbolic functions/6.1 Hyperbolic sine/6.1.7 hyper^m (a+b sinh^n)^p.mac e60
  verified      -> deferred      t=2.9s -> t=2.0s 6 Hyperbolic functions/6.1 Hyperbolic sine/6.1.7 hyper^m (a+b sinh^n)^p.mac e61
  verified      -> deferred      t=3.9s -> t=2.6s 6 Hyperbolic functions/6.1 Hyperbolic sine/6.1.7 hyper^m (a+b sinh^n)^p.mac e62
  verified      -> contains-noun t=5.6s -> t=3.4s 6 Hyperbolic functions/6.1 Hyperbolic sine/6.1.7 hyper^m (a+b sinh^n)^p.mac e63
  verified      -> deferred      t=2.6s -> t=1.9s 6 Hyperbolic functions/6.1 Hyperbolic sine/6.1.7 hyper^m (a+b sinh^n)^p.mac e64
  verified      -> deferred      t=2.7s -> t=2.5s 6 Hyperbolic functions/6.1 Hyperbolic sine/6.1.7 hyper^m (a+b sinh^n)^p.mac e65
  verified      -> timeout       t=27.8s -> t=30.1s 6 Hyperbolic functions/6.1 Hyperbolic sine/6.1.7 hyper^m (a+b sinh^n)^p.mac e72
  verified      -> deferred      t=4.2s -> t=3.1s 6 Hyperbolic functions/6.1 Hyperbolic sine/6.1.7 hyper^m (a+b sinh^n)^p.mac e88
  verified      -> deferred      t=5.6s -> t=3.1s 6 Hyperbolic functions/6.1 Hyperbolic sine/6.1.7 hyper^m (a+b sinh^n)^p.mac e90
  verified      -> deferred      t=5.7s -> t=3.1s 6 Hyperbolic functions/6.1 Hyperbolic sine/6.1.7 hyper^m (a+b sinh^n)^p.mac e91
  verified      -> deferred      t=8.1s -> t=2.9s 6 Hyperbolic functions/6.1 Hyperbolic sine/6.1.7 hyper^m (a+b sinh^n)^p.mac e92
  verified      -> deferred      t=4.4s -> t=3.1s 6 Hyperbolic functions/6.1 Hyperbolic sine/6.1.7 hyper^m (a+b sinh^n)^p.mac e93
  verified      -> deferred      t=6.0s -> t=3.5s 6 Hyperbolic functions/6.1 Hyperbolic sine/6.1.7 hyper^m (a+b sinh^n)^p.mac e95
  verified      -> deferred      t=6.6s -> t=3.2s 6 Hyperbolic functions/6.1 Hyperbolic sine/6.1.7 hyper^m (a+b sinh^n)^p.mac e96
  verified      -> deferred      t=3.7s -> t=3.1s 6 Hyperbolic functions/6.1 Hyperbolic sine/6.1.7 hyper^m (a+b sinh^n)^p.mac e125
  verified      -> deferred      t=5.3s -> t=3.3s 6 Hyperbolic functions/6.1 Hyperbolic sine/6.1.7 hyper^m (a+b sinh^n)^p.mac e126
  verified      -> deferred      t=5.0s -> t=3.1s 6 Hyperbolic functions/6.1 Hyperbolic sine/6.1.7 hyper^m (a+b sinh^n)^p.mac e127
  verified      -> deferred      t=8.9s -> t=3.7s 6 Hyperbolic functions/6.1 Hyperbolic sine/6.1.7 hyper^m (a+b sinh^n)^p.mac e129
  verified      -> deferred      t=24.0s -> t=11.1s 6 Hyperbolic functions/6.1 Hyperbolic sine/6.1.7 hyper^m (a+b sinh^n)^p.mac e143
  verified      -> deferred      t=6.4s -> t=2.2s 6 Hyperbolic functions/6.1 Hyperbolic sine/6.1.7 hyper^m (a+b sinh^n)^p.mac e146
  verified      -> deferred      t=11.1s -> t=3.4s 6 Hyperbolic functions/6.1 Hyperbolic sine/6.1.7 hyper^m (a+b sinh^n)^p.mac e154
  verified      -> deferred      t=10.7s -> t=3.5s 6 Hyperbolic functions/6.1 Hyperbolic sine/6.1.7 hyper^m (a+b sinh^n)^p.mac e164
  verified      -> contains-noun t=8.4s -> t=11.6s 6 Hyperbolic functions/6.1 Hyperbolic sine/6.1.7 hyper^m (a+b sinh^n)^p.mac e206
  verified      -> timeout       t=7.4s -> t=30.1s 6 Hyperbolic functions/6.1 Hyperbolic sine/6.1.7 hyper^m (a+b sinh^n)^p.mac e229
  verified      -> timeout       t=5.7s -> t=30.1s 6 Hyperbolic functions/6.1 Hyperbolic sine/6.1.7 hyper^m (a+b sinh^n)^p.mac e230
  expected      -> unverified    t=4.4s -> t=5.0s 6 Hyperbolic functions/6.1 Hyperbolic sine/6.1.7 hyper^m (a+b sinh^n)^p.mac e231
  expected      -> unverified    t=3.1s -> t=5.5s 6 Hyperbolic functions/6.1 Hyperbolic sine/6.1.7 hyper^m (a+b sinh^n)^p.mac e232
  verified      -> timeout       t=5.2s -> t=30.1s 6 Hyperbolic functions/6.1 Hyperbolic sine/6.1.7 hyper^m (a+b sinh^n)^p.mac e244
  expected      -> timeout       t=4.9s -> t=30.1s 6 Hyperbolic functions/6.1 Hyperbolic sine/6.1.7 hyper^m (a+b sinh^n)^p.mac e245
  verified      -> contains-noun t=10.6s -> t=7.0s 6 Hyperbolic functions/6.1 Hyperbolic sine/6.1.7 hyper^m (a+b sinh^n)^p.mac e265
  expected      -> contains-noun t=15.5s -> t=10.9s 6 Hyperbolic functions/6.1 Hyperbolic sine/6.1.7 hyper^m (a+b sinh^n)^p.mac e274
  verified      -> deferred      t=9.2s -> t=7.1s 6 Hyperbolic functions/6.1 Hyperbolic sine/6.1.7 hyper^m (a+b sinh^n)^p.mac e276
  verified      -> deferred      t=8.4s -> t=7.2s 6 Hyperbolic functions/6.1 Hyperbolic sine/6.1.7 hyper^m (a+b sinh^n)^p.mac e277
  verified      -> deferred      t=8.0s -> t=5.9s 6 Hyperbolic functions/6.1 Hyperbolic sine/6.1.7 hyper^m (a+b sinh^n)^p.mac e278
  verified      -> deferred      t=9.4s -> t=6.3s 6 Hyperbolic functions/6.1 Hyperbolic sine/6.1.7 hyper^m (a+b sinh^n)^p.mac e279
  verified      -> deferred      t=9.3s -> t=4.5s 6 Hyperbolic functions/6.1 Hyperbolic sine/6.1.7 hyper^m (a+b sinh^n)^p.mac e281
  verified      -> deferred      t=11.0s -> t=4.6s 6 Hyperbolic functions/6.1 Hyperbolic sine/6.1.7 hyper^m (a+b sinh^n)^p.mac e282
  verified      -> deferred      t=28.6s -> t=22.9s 6 Hyperbolic functions/6.1 Hyperbolic sine/6.1.7 hyper^m (a+b sinh^n)^p.mac e298
  verified      -> deferred      t=7.9s -> t=6.2s 6 Hyperbolic functions/6.1 Hyperbolic sine/6.1.7 hyper^m (a+b sinh^n)^p.mac e349
  verified      -> deferred      t=7.7s -> t=6.3s 6 Hyperbolic functions/6.1 Hyperbolic sine/6.1.7 hyper^m (a+b sinh^n)^p.mac e350
  verified      -> deferred      t=7.9s -> t=7.8s 6 Hyperbolic functions/6.1 Hyperbolic sine/6.1.7 hyper^m (a+b sinh^n)^p.mac e351
  verified      -> deferred      t=8.5s -> t=4.6s 6 Hyperbolic functions/6.1 Hyperbolic sine/6.1.7 hyper^m (a+b sinh^n)^p.mac e425
  verified      -> timeout       t=5.0s -> t=30.1s 6 Hyperbolic functions/6.1 Hyperbolic sine/6.1.7 hyper^m (a+b sinh^n)^p.mac e458
  verified      -> timeout       t=25.5s -> t=30.1s 6 Hyperbolic functions/6.1 Hyperbolic sine/6.1.7 hyper^m (a+b sinh^n)^p.mac e464
  verified      -> timeout       t=5.4s -> t=30.1s 6 Hyperbolic functions/6.1 Hyperbolic sine/6.1.7 hyper^m (a+b sinh^n)^p.mac e469
  verified      -> timeout       t=3.4s -> t=30.0s 6 Hyperbolic functions/6.1 Hyperbolic sine/6.1.7 hyper^m (a+b sinh^n)^p.mac e470
  verified      -> timeout       t=4.6s -> t=30.0s 6 Hyperbolic functions/6.1 Hyperbolic sine/6.1.7 hyper^m (a+b sinh^n)^p.mac e480
  verified      -> timeout       t=5.1s -> t=30.0s 6 Hyperbolic functions/6.1 Hyperbolic sine/6.1.7 hyper^m (a+b sinh^n)^p.mac e491
  verified      -> timeout       t=3.6s -> t=30.1s 6 Hyperbolic functions/6.1 Hyperbolic sine/6.1.7 hyper^m (a+b sinh^n)^p.mac e492
  verified      -> timeout       t=9.0s -> t=30.1s 6 Hyperbolic functions/6.1 Hyperbolic sine/6.1.7 hyper^m (a+b sinh^n)^p.mac e495
  verified      -> timeout       t=28.3s -> t=30.1s 6 Hyperbolic functions/6.1 Hyperbolic sine/6.1.7 hyper^m (a+b sinh^n)^p.mac e499
  verified      -> timeout       t=5.1s -> t=30.0s 6 Hyperbolic functions/6.1 Hyperbolic sine/6.1.7 hyper^m (a+b sinh^n)^p.mac e502
  verified      -> timeout       t=3.6s -> t=30.1s 6 Hyperbolic functions/6.1 Hyperbolic sine/6.1.7 hyper^m (a+b sinh^n)^p.mac e503
  verified      -> timeout       t=10.0s -> t=30.1s 6 Hyperbolic functions/6.1 Hyperbolic sine/6.1.7 hyper^m (a+b sinh^n)^p.mac e506
  verified      -> timeout       t=28.8s -> t=30.0s 6 Hyperbolic functions/6.1 Hyperbolic sine/6.1.7 hyper^m (a+b sinh^n)^p.mac e508
  verified      -> deferred      t=25.4s -> t=6.7s 6 Hyperbolic functions/6.1 Hyperbolic sine/6.1.7 hyper^m (a+b sinh^n)^p.mac e522
  verified      -> deferred      t=26.0s -> t=6.2s 6 Hyperbolic functions/6.1 Hyperbolic sine/6.1.7 hyper^m (a+b sinh^n)^p.mac e523
  expected      -> deferred      t=27.1s -> t=6.7s 6 Hyperbolic functions/6.1 Hyperbolic sine/6.1.7 hyper^m (a+b sinh^n)^p.mac e524
  expected      -> deferred      t=25.7s -> t=6.9s 6 Hyperbolic functions/6.1 Hyperbolic sine/6.1.7 hyper^m (a+b sinh^n)^p.mac e525
  verified      -> contains-noun t=4.2s -> t=3.3s 6 Hyperbolic functions/6.2 Hyperbolic cosine/6.2.3 (e x)^m (a+b cosh(c+d x^n))^p.mac e54
  verified      -> contains-noun t=3.0s -> t=2.5s 6 Hyperbolic functions/6.2 Hyperbolic cosine/6.2.3 (e x)^m (a+b cosh(c+d x^n))^p.mac e55
  verified      -> contains-noun t=8.1s -> t=3.5s 6 Hyperbolic functions/6.2 Hyperbolic cosine/6.2.5 Hyperbolic cosine functions.mac e15
  verified      -> contains-noun t=8.6s -> t=3.2s 6 Hyperbolic functions/6.2 Hyperbolic cosine/6.2.5 Hyperbolic cosine functions.mac e16
  verified      -> contains-noun t=7.8s -> t=3.3s 6 Hyperbolic functions/6.2 Hyperbolic cosine/6.2.5 Hyperbolic cosine functions.mac e17
  verified      -> contains-noun t=8.2s -> t=2.9s 6 Hyperbolic functions/6.2 Hyperbolic cosine/6.2.5 Hyperbolic cosine functions.mac e18
  verified      -> contains-noun t=7.5s -> t=3.6s 6 Hyperbolic functions/6.2 Hyperbolic cosine/6.2.5 Hyperbolic cosine functions.mac e19
  verified      -> contains-noun t=14.8s -> t=3.0s 6 Hyperbolic functions/6.2 Hyperbolic cosine/6.2.5 Hyperbolic cosine functions.mac e20
  verified      -> contains-noun t=12.4s -> t=3.1s 6 Hyperbolic functions/6.2 Hyperbolic cosine/6.2.5 Hyperbolic cosine functions.mac e21
  verified      -> contains-noun t=15.6s -> t=3.2s 6 Hyperbolic functions/6.2 Hyperbolic cosine/6.2.5 Hyperbolic cosine functions.mac e22
  verified      -> contains-noun t=13.0s -> t=9.9s 6 Hyperbolic functions/6.2 Hyperbolic cosine/6.2.5 Hyperbolic cosine functions.mac e24
  verified      -> contains-noun t=9.1s -> t=8.1s 6 Hyperbolic functions/6.2 Hyperbolic cosine/6.2.5 Hyperbolic cosine functions.mac e25
  verified      -> deferred      t=12.6s -> t=5.0s 6 Hyperbolic functions/6.2 Hyperbolic cosine/6.2.5 Hyperbolic cosine functions.mac e28
  verified      -> deferred      t=18.6s -> t=4.9s 6 Hyperbolic functions/6.2 Hyperbolic cosine/6.2.5 Hyperbolic cosine functions.mac e29
  verified      -> deferred      t=19.4s -> t=5.6s 6 Hyperbolic functions/6.2 Hyperbolic cosine/6.2.5 Hyperbolic cosine functions.mac e30
  verified      -> deferred      t=22.0s -> t=5.0s 6 Hyperbolic functions/6.2 Hyperbolic cosine/6.2.5 Hyperbolic cosine functions.mac e31
  verified      -> contains-noun t=21.9s -> t=19.7s 6 Hyperbolic functions/6.2 Hyperbolic cosine/6.2.5 Hyperbolic cosine functions.mac e54
  verified      -> contains-noun t=17.5s -> t=15.9s 6 Hyperbolic functions/6.2 Hyperbolic cosine/6.2.5 Hyperbolic cosine functions.mac e55
  verified      -> deferred      t=28.7s -> t=5.3s 6 Hyperbolic functions/6.2 Hyperbolic cosine/6.2.5 Hyperbolic cosine functions.mac e59
  verified      -> deferred      t=12.4s -> t=6.5s 6 Hyperbolic functions/6.2 Hyperbolic cosine/6.2.5 Hyperbolic cosine functions.mac e73
  verified      -> contains-noun t=4.1s -> t=2.8s 6 Hyperbolic functions/6.2 Hyperbolic cosine/6.2.5 Hyperbolic cosine functions.mac e121
  verified      -> contains-noun t=3.9s -> t=3.1s 6 Hyperbolic functions/6.2 Hyperbolic cosine/6.2.5 Hyperbolic cosine functions.mac e122
  verified      -> contains-noun t=4.0s -> t=3.2s 6 Hyperbolic functions/6.2 Hyperbolic cosine/6.2.5 Hyperbolic cosine functions.mac e123
  verified      -> contains-noun t=4.0s -> t=3.0s 6 Hyperbolic functions/6.2 Hyperbolic cosine/6.2.5 Hyperbolic cosine functions.mac e125
  verified      -> contains-noun t=4.3s -> t=3.2s 6 Hyperbolic functions/6.2 Hyperbolic cosine/6.2.5 Hyperbolic cosine functions.mac e126
  verified      -> contains-noun t=4.0s -> t=2.8s 6 Hyperbolic functions/6.2 Hyperbolic cosine/6.2.5 Hyperbolic cosine functions.mac e127
  verified      -> contains-noun t=8.6s -> t=3.2s 6 Hyperbolic functions/6.2 Hyperbolic cosine/6.2.5 Hyperbolic cosine functions.mac e128
  verified      -> contains-noun t=8.8s -> t=3.2s 6 Hyperbolic functions/6.2 Hyperbolic cosine/6.2.5 Hyperbolic cosine functions.mac e129
  verified      -> contains-noun t=7.8s -> t=3.4s 6 Hyperbolic functions/6.2 Hyperbolic cosine/6.2.5 Hyperbolic cosine functions.mac e130
  verified      -> contains-noun t=14.6s -> t=3.3s 6 Hyperbolic functions/6.2 Hyperbolic cosine/6.2.5 Hyperbolic cosine functions.mac e131
  verified      -> contains-noun t=12.2s -> t=3.0s 6 Hyperbolic functions/6.2 Hyperbolic cosine/6.2.5 Hyperbolic cosine functions.mac e132
  verified      -> contains-noun t=14.4s -> t=3.0s 6 Hyperbolic functions/6.2 Hyperbolic cosine/6.2.5 Hyperbolic cosine functions.mac e133
  verified      -> contains-noun t=4.1s -> t=2.7s 6 Hyperbolic functions/6.2 Hyperbolic cosine/6.2.5 Hyperbolic cosine functions.mac e134
  verified      -> contains-noun t=4.2s -> t=2.8s 6 Hyperbolic functions/6.2 Hyperbolic cosine/6.2.5 Hyperbolic cosine functions.mac e135
  verified      -> contains-noun t=4.4s -> t=3.4s 6 Hyperbolic functions/6.2 Hyperbolic cosine/6.2.5 Hyperbolic cosine functions.mac e136
  verified      -> contains-noun t=4.4s -> t=3.0s 6 Hyperbolic functions/6.2 Hyperbolic cosine/6.2.5 Hyperbolic cosine functions.mac e137
  verified      -> contains-noun t=4.3s -> t=2.7s 6 Hyperbolic functions/6.2 Hyperbolic cosine/6.2.5 Hyperbolic cosine functions.mac e138
  verified      -> contains-noun t=4.5s -> t=2.9s 6 Hyperbolic functions/6.2 Hyperbolic cosine/6.2.5 Hyperbolic cosine functions.mac e139
  verified      -> deferred      t=18.0s -> t=6.6s 6 Hyperbolic functions/6.2 Hyperbolic cosine/6.2.5 Hyperbolic cosine functions.mac e144
  verified      -> deferred      t=18.8s -> t=6.1s 6 Hyperbolic functions/6.2 Hyperbolic cosine/6.2.5 Hyperbolic cosine functions.mac e145
  verified      -> deferred      t=19.4s -> t=8.2s 6 Hyperbolic functions/6.2 Hyperbolic cosine/6.2.5 Hyperbolic cosine functions.mac e150
  verified      -> deferred      t=20.1s -> t=18.2s 6 Hyperbolic functions/6.2 Hyperbolic cosine/6.2.5 Hyperbolic cosine functions.mac e151
  verified      -> deferred      t=22.7s -> t=6.0s 6 Hyperbolic functions/6.2 Hyperbolic cosine/6.2.5 Hyperbolic cosine functions.mac e153
  verified      -> deferred      t=10.9s -> t=6.4s 6 Hyperbolic functions/6.2 Hyperbolic cosine/6.2.5 Hyperbolic cosine functions.mac e155
  verified      -> deferred      t=20.4s -> t=6.1s 6 Hyperbolic functions/6.2 Hyperbolic cosine/6.2.5 Hyperbolic cosine functions.mac e157
  verified      -> deferred      t=19.5s -> t=5.0s 6 Hyperbolic functions/6.2 Hyperbolic cosine/6.2.5 Hyperbolic cosine functions.mac e160
  verified      -> deferred      t=13.5s -> t=4.5s 6 Hyperbolic functions/6.2 Hyperbolic cosine/6.2.5 Hyperbolic cosine functions.mac e162
  verified      -> deferred      t=22.9s -> t=5.0s 6 Hyperbolic functions/6.2 Hyperbolic cosine/6.2.5 Hyperbolic cosine functions.mac e164
  verified      -> deferred      t=10.1s -> t=6.0s 6 Hyperbolic functions/6.2 Hyperbolic cosine/6.2.5 Hyperbolic cosine functions.mac e167
  verified      -> deferred      t=19.9s -> t=6.6s 6 Hyperbolic functions/6.2 Hyperbolic cosine/6.2.5 Hyperbolic cosine functions.mac e169
  verified      -> deferred      t=18.5s -> t=4.1s 6 Hyperbolic functions/6.2 Hyperbolic cosine/6.2.5 Hyperbolic cosine functions.mac e172
  verified      -> deferred      t=13.3s -> t=4.8s 6 Hyperbolic functions/6.2 Hyperbolic cosine/6.2.5 Hyperbolic cosine functions.mac e174
  verified      -> deferred      t=8.4s -> t=4.8s 6 Hyperbolic functions/6.2 Hyperbolic cosine/6.2.5 Hyperbolic cosine functions.mac e180
  verified      -> deferred      t=18.3s -> t=4.6s 6 Hyperbolic functions/6.2 Hyperbolic cosine/6.2.5 Hyperbolic cosine functions.mac e182
  verified      -> deferred      t=5.9s -> t=4.4s 6 Hyperbolic functions/6.2 Hyperbolic cosine/6.2.5 Hyperbolic cosine functions.mac e183
  verified      -> deferred      t=24.9s -> t=5.7s 6 Hyperbolic functions/6.2 Hyperbolic cosine/6.2.5 Hyperbolic cosine functions.mac e185
  verified      -> deferred      t=21.5s -> t=4.7s 6 Hyperbolic functions/6.2 Hyperbolic cosine/6.2.5 Hyperbolic cosine functions.mac e188
  verified      -> deferred      t=13.5s -> t=5.2s 6 Hyperbolic functions/6.2 Hyperbolic cosine/6.2.5 Hyperbolic cosine functions.mac e189
  verified      -> deferred      t=7.6s -> t=5.3s 6 Hyperbolic functions/6.2 Hyperbolic cosine/6.2.5 Hyperbolic cosine functions.mac e190
  verified      -> deferred      t=23.7s -> t=4.5s 6 Hyperbolic functions/6.2 Hyperbolic cosine/6.2.5 Hyperbolic cosine functions.mac e192
  verified      -> deferred      t=13.0s -> t=4.2s 6 Hyperbolic functions/6.2 Hyperbolic cosine/6.2.5 Hyperbolic cosine functions.mac e193
  verified      -> deferred      t=22.1s -> t=6.0s 6 Hyperbolic functions/6.2 Hyperbolic cosine/6.2.5 Hyperbolic cosine functions.mac e197
  verified      -> deferred      t=22.1s -> t=6.9s 6 Hyperbolic functions/6.2 Hyperbolic cosine/6.2.5 Hyperbolic cosine functions.mac e198
  verified      -> deferred      t=22.1s -> t=9.3s 6 Hyperbolic functions/6.2 Hyperbolic cosine/6.2.5 Hyperbolic cosine functions.mac e199
  verified      -> deferred      t=11.2s -> t=8.4s 6 Hyperbolic functions/6.2 Hyperbolic cosine/6.2.5 Hyperbolic cosine functions.mac e200
  verified      -> deferred      t=24.3s -> t=8.7s 6 Hyperbolic functions/6.2 Hyperbolic cosine/6.2.5 Hyperbolic cosine functions.mac e202
  verified      -> contains-noun t=7.2s -> t=3.4s 6 Hyperbolic functions/6.2 Hyperbolic cosine/6.2.5 Hyperbolic cosine functions.mac e219
  verified      -> deferred      t=8.0s -> t=6.7s 6 Hyperbolic functions/6.2 Hyperbolic cosine/6.2.7 hyper^m (a+b cosh^n)^p.mac e1
  verified      -> deferred      t=10.6s -> t=6.5s 6 Hyperbolic functions/6.2 Hyperbolic cosine/6.2.7 hyper^m (a+b cosh^n)^p.mac e2
  verified      -> deferred      t=10.1s -> t=6.4s 6 Hyperbolic functions/6.2 Hyperbolic cosine/6.2.7 hyper^m (a+b cosh^n)^p.mac e3
  verified      -> deferred      t=8.8s -> t=5.9s 6 Hyperbolic functions/6.2 Hyperbolic cosine/6.2.7 hyper^m (a+b cosh^n)^p.mac e4
  verified      -> deferred      t=7.0s -> t=5.8s 6 Hyperbolic functions/6.2 Hyperbolic cosine/6.2.7 hyper^m (a+b cosh^n)^p.mac e5
  verified      -> deferred      t=11.7s -> t=6.8s 6 Hyperbolic functions/6.2 Hyperbolic cosine/6.2.7 hyper^m (a+b cosh^n)^p.mac e6
  verified      -> deferred      t=22.2s -> t=6.6s 6 Hyperbolic functions/6.2 Hyperbolic cosine/6.2.7 hyper^m (a+b cosh^n)^p.mac e7
  verified      -> deferred      t=10.3s -> t=6.3s 6 Hyperbolic functions/6.2 Hyperbolic cosine/6.2.7 hyper^m (a+b cosh^n)^p.mac e8
  verified      -> deferred      t=8.3s -> t=4.7s 6 Hyperbolic functions/6.2 Hyperbolic cosine/6.2.7 hyper^m (a+b cosh^n)^p.mac e10
  verified      -> deferred      t=21.0s -> t=4.8s 6 Hyperbolic functions/6.2 Hyperbolic cosine/6.2.7 hyper^m (a+b cosh^n)^p.mac e11
  verified      -> deferred      t=14.7s -> t=5.7s 6 Hyperbolic functions/6.2 Hyperbolic cosine/6.2.7 hyper^m (a+b cosh^n)^p.mac e12
  verified      -> deferred      t=17.8s -> t=6.4s 6 Hyperbolic functions/6.2 Hyperbolic cosine/6.2.7 hyper^m (a+b cosh^n)^p.mac e14
  verified      -> deferred      t=20.1s -> t=6.3s 6 Hyperbolic functions/6.2 Hyperbolic cosine/6.2.7 hyper^m (a+b cosh^n)^p.mac e15
  verified      -> contains-noun t=8.6s -> t=7.5s 6 Hyperbolic functions/6.2 Hyperbolic cosine/6.2.7 hyper^m (a+b cosh^n)^p.mac e16
  verified      -> deferred      t=12.4s -> t=5.1s 6 Hyperbolic functions/6.2 Hyperbolic cosine/6.2.7 hyper^m (a+b cosh^n)^p.mac e17
  verified      -> contains-noun t=18.2s -> t=14.8s 6 Hyperbolic functions/6.2 Hyperbolic cosine/6.2.7 hyper^m (a+b cosh^n)^p.mac e21
  verified      -> contains-noun t=13.7s -> t=12.0s 6 Hyperbolic functions/6.2 Hyperbolic cosine/6.2.7 hyper^m (a+b cosh^n)^p.mac e23
  verified      -> contains-noun t=9.5s -> t=8.7s 6 Hyperbolic functions/6.2 Hyperbolic cosine/6.2.7 hyper^m (a+b cosh^n)^p.mac e25
  verified      -> deferred      t=5.2s -> t=4.3s 6 Hyperbolic functions/6.2 Hyperbolic cosine/6.2.7 hyper^m (a+b cosh^n)^p.mac e26
  verified      -> contains-noun t=8.6s -> t=7.0s 6 Hyperbolic functions/6.2 Hyperbolic cosine/6.2.7 hyper^m (a+b cosh^n)^p.mac e27
  verified      -> deferred      t=6.3s -> t=4.5s 6 Hyperbolic functions/6.2 Hyperbolic cosine/6.2.7 hyper^m (a+b cosh^n)^p.mac e28
  verified      -> deferred      t=7.8s -> t=4.7s 6 Hyperbolic functions/6.2 Hyperbolic cosine/6.2.7 hyper^m (a+b cosh^n)^p.mac e29
  verified      -> deferred      t=7.8s -> t=4.7s 6 Hyperbolic functions/6.2 Hyperbolic cosine/6.2.7 hyper^m (a+b cosh^n)^p.mac e30
  verified      -> deferred      t=10.2s -> t=4.7s 6 Hyperbolic functions/6.2 Hyperbolic cosine/6.2.7 hyper^m (a+b cosh^n)^p.mac e31
  verified      -> deferred      t=13.2s -> t=5.4s 6 Hyperbolic functions/6.2 Hyperbolic cosine/6.2.7 hyper^m (a+b cosh^n)^p.mac e32
  verified      -> deferred      t=5.9s -> t=2.9s 6 Hyperbolic functions/6.2 Hyperbolic cosine/6.2.7 hyper^m (a+b cosh^n)^p.mac e33
  verified      -> contains-noun t=4.7s -> t=3.9s 6 Hyperbolic functions/6.2 Hyperbolic cosine/6.2.7 hyper^m (a+b cosh^n)^p.mac e35
  verified      -> deferred      t=2.1s -> t=2.4s 6 Hyperbolic functions/6.2 Hyperbolic cosine/6.2.7 hyper^m (a+b cosh^n)^p.mac e36
  verified      -> deferred      t=2.6s -> t=3.1s 6 Hyperbolic functions/6.2 Hyperbolic cosine/6.2.7 hyper^m (a+b cosh^n)^p.mac e37
  verified      -> deferred      t=2.3s -> t=2.1s 6 Hyperbolic functions/6.2 Hyperbolic cosine/6.2.7 hyper^m (a+b cosh^n)^p.mac e39
  verified      -> deferred      t=2.7s -> t=2.6s 6 Hyperbolic functions/6.2 Hyperbolic cosine/6.2.7 hyper^m (a+b cosh^n)^p.mac e40
  expected      -> deferred      t=6.6s -> t=3.9s 6 Hyperbolic functions/6.2 Hyperbolic cosine/6.2.7 hyper^m (a+b cosh^n)^p.mac e41
  verified      -> deferred      t=4.4s -> t=3.0s 6 Hyperbolic functions/6.2 Hyperbolic cosine/6.2.7 hyper^m (a+b cosh^n)^p.mac e42
  verified      -> deferred      t=3.1s -> t=3.5s 6 Hyperbolic functions/6.2 Hyperbolic cosine/6.2.7 hyper^m (a+b cosh^n)^p.mac e44
  expected      -> deferred      t=4.6s -> t=3.5s 6 Hyperbolic functions/6.2 Hyperbolic cosine/6.2.7 hyper^m (a+b cosh^n)^p.mac e45
  verified      -> deferred      t=24.9s -> t=3.6s 6 Hyperbolic functions/6.2 Hyperbolic cosine/6.2.7 hyper^m (a+b cosh^n)^p.mac e46
  verified      -> deferred      t=4.8s -> t=3.3s 6 Hyperbolic functions/6.2 Hyperbolic cosine/6.2.7 hyper^m (a+b cosh^n)^p.mac e47
  verified      -> deferred      t=3.2s -> t=2.9s 6 Hyperbolic functions/6.2 Hyperbolic cosine/6.2.7 hyper^m (a+b cosh^n)^p.mac e49
  verified      -> deferred      t=5.1s -> t=3.0s 6 Hyperbolic functions/6.2 Hyperbolic cosine/6.2.7 hyper^m (a+b cosh^n)^p.mac e50
  expected      -> deferred      t=7.2s -> t=3.6s 6 Hyperbolic functions/6.2 Hyperbolic cosine/6.2.7 hyper^m (a+b cosh^n)^p.mac e51
  verified      -> deferred      t=4.7s -> t=3.5s 6 Hyperbolic functions/6.2 Hyperbolic cosine/6.2.7 hyper^m (a+b cosh^n)^p.mac e52
  verified      -> deferred      t=3.3s -> t=3.7s 6 Hyperbolic functions/6.2 Hyperbolic cosine/6.2.7 hyper^m (a+b cosh^n)^p.mac e54
  verified      -> contains-noun t=8.6s -> t=7.5s 6 Hyperbolic functions/6.2 Hyperbolic cosine/6.2.7 hyper^m (a+b cosh^n)^p.mac e63
  expected      -> contains-noun t=13.9s -> t=10.3s 6 Hyperbolic functions/6.2 Hyperbolic cosine/6.2.7 hyper^m (a+b cosh^n)^p.mac e71
  verified      -> deferred      t=16.5s -> t=4.6s 6 Hyperbolic functions/6.2 Hyperbolic cosine/6.2.7 hyper^m (a+b cosh^n)^p.mac e76
  verified      -> deferred      t=23.0s -> t=6.3s 6 Hyperbolic functions/6.2 Hyperbolic cosine/6.2.7 hyper^m (a+b cosh^n)^p.mac e77
  verified      -> deferred      t=23.3s -> t=7.1s 6 Hyperbolic functions/6.2 Hyperbolic cosine/6.2.7 hyper^m (a+b cosh^n)^p.mac e78
  verified      -> deferred      t=20.6s -> t=6.9s 6 Hyperbolic functions/6.2 Hyperbolic cosine/6.2.7 hyper^m (a+b cosh^n)^p.mac e79
  verified      -> deferred      t=23.2s -> t=6.7s 6 Hyperbolic functions/6.2 Hyperbolic cosine/6.2.7 hyper^m (a+b cosh^n)^p.mac e80
  verified      -> deferred      t=11.3s -> t=5.6s 6 Hyperbolic functions/6.2 Hyperbolic cosine/6.2.7 hyper^m (a+b cosh^n)^p.mac e81
  verified      -> deferred      t=23.9s -> t=6.1s 6 Hyperbolic functions/6.2 Hyperbolic cosine/6.2.7 hyper^m (a+b cosh^n)^p.mac e82
  verified      -> deferred      t=23.4s -> t=7.0s 6 Hyperbolic functions/6.2 Hyperbolic cosine/6.2.7 hyper^m (a+b cosh^n)^p.mac e83
  expected      -> deferred      t=24.0s -> t=6.6s 6 Hyperbolic functions/6.2 Hyperbolic cosine/6.2.7 hyper^m (a+b cosh^n)^p.mac e84
  expected      -> deferred      t=24.0s -> t=6.0s 6 Hyperbolic functions/6.2 Hyperbolic cosine/6.2.7 hyper^m (a+b cosh^n)^p.mac e85
  verified      -> contains-noun t=4.7s -> t=3.1s 6 Hyperbolic functions/6.3 Hyperbolic tangent/6.3.2 Hyperbolic tangent functions.mac e37
  verified      -> contains-noun t=4.6s -> t=2.7s 6 Hyperbolic functions/6.3 Hyperbolic tangent/6.3.2 Hyperbolic tangent functions.mac e38
  verified      -> contains-noun t=4.8s -> t=3.3s 6 Hyperbolic functions/6.3 Hyperbolic tangent/6.3.2 Hyperbolic tangent functions.mac e39
  verified      -> deferred      t=8.0s -> t=5.2s 6 Hyperbolic functions/6.3 Hyperbolic tangent/6.3.2 Hyperbolic tangent functions.mac e69
  verified      -> deferred      t=16.6s -> t=5.2s 6 Hyperbolic functions/6.3 Hyperbolic tangent/6.3.2 Hyperbolic tangent functions.mac e71
  verified      -> deferred      t=26.2s -> t=3.8s 6 Hyperbolic functions/6.3 Hyperbolic tangent/6.3.2 Hyperbolic tangent functions.mac e73
  verified      -> deferred      t=15.0s -> t=5.0s 6 Hyperbolic functions/6.3 Hyperbolic tangent/6.3.2 Hyperbolic tangent functions.mac e74
  verified      -> deferred      t=5.8s -> t=5.1s 6 Hyperbolic functions/6.3 Hyperbolic tangent/6.3.2 Hyperbolic tangent functions.mac e76
  verified      -> deferred      t=14.9s -> t=5.4s 6 Hyperbolic functions/6.3 Hyperbolic tangent/6.3.2 Hyperbolic tangent functions.mac e78
  verified      -> deferred      t=24.1s -> t=6.1s 6 Hyperbolic functions/6.3 Hyperbolic tangent/6.3.2 Hyperbolic tangent functions.mac e80
  verified      -> deferred      t=22.3s -> t=6.4s 6 Hyperbolic functions/6.3 Hyperbolic tangent/6.3.2 Hyperbolic tangent functions.mac e82
  verified      -> deferred      t=16.4s -> t=4.9s 6 Hyperbolic functions/6.3 Hyperbolic tangent/6.3.2 Hyperbolic tangent functions.mac e85
  verified      -> deferred      t=7.2s -> t=4.9s 6 Hyperbolic functions/6.3 Hyperbolic tangent/6.3.2 Hyperbolic tangent functions.mac e87
  verified      -> deferred      t=17.8s -> t=4.5s 6 Hyperbolic functions/6.3 Hyperbolic tangent/6.3.2 Hyperbolic tangent functions.mac e89
  verified      -> deferred      t=6.6s -> t=4.7s 6 Hyperbolic functions/6.3 Hyperbolic tangent/6.3.2 Hyperbolic tangent functions.mac e91
  verified      -> deferred      t=5.8s -> t=4.8s 6 Hyperbolic functions/6.3 Hyperbolic tangent/6.3.2 Hyperbolic tangent functions.mac e93
  verified      -> deferred      t=21.2s -> t=5.5s 6 Hyperbolic functions/6.3 Hyperbolic tangent/6.3.2 Hyperbolic tangent functions.mac e97
  verified      -> deferred      t=6.1s -> t=5.7s 6 Hyperbolic functions/6.3 Hyperbolic tangent/6.3.2 Hyperbolic tangent functions.mac e98
  verified      -> deferred      t=27.3s -> t=5.7s 6 Hyperbolic functions/6.3 Hyperbolic tangent/6.3.2 Hyperbolic tangent functions.mac e99
  verified      -> deferred      t=6.1s -> t=5.1s 6 Hyperbolic functions/6.3 Hyperbolic tangent/6.3.2 Hyperbolic tangent functions.mac e100
  verified      -> deferred      t=23.2s -> t=6.5s 6 Hyperbolic functions/6.3 Hyperbolic tangent/6.3.2 Hyperbolic tangent functions.mac e102
  verified      -> deferred      t=7.4s -> t=6.4s 6 Hyperbolic functions/6.3 Hyperbolic tangent/6.3.2 Hyperbolic tangent functions.mac e103
  verified      -> deferred      t=6.7s -> t=6.6s 6 Hyperbolic functions/6.3 Hyperbolic tangent/6.3.2 Hyperbolic tangent functions.mac e104
  verified      -> deferred      t=1.9s -> t=1.6s 6 Hyperbolic functions/6.3 Hyperbolic tangent/6.3.2 Hyperbolic tangent functions.mac e106
  verified      -> deferred      t=9.1s -> t=4.5s 6 Hyperbolic functions/6.3 Hyperbolic tangent/6.3.2 Hyperbolic tangent functions.mac e107
  verified      -> deferred      t=13.0s -> t=5.1s 6 Hyperbolic functions/6.3 Hyperbolic tangent/6.3.2 Hyperbolic tangent functions.mac e108
  verified      -> contains-noun t=16.9s -> t=10.1s 6 Hyperbolic functions/6.3 Hyperbolic tangent/6.3.2 Hyperbolic tangent functions.mac e115
  verified      -> contains-noun t=13.4s -> t=7.7s 6 Hyperbolic functions/6.3 Hyperbolic tangent/6.3.2 Hyperbolic tangent functions.mac e116
  verified      -> contains-noun t=8.9s -> t=5.7s 6 Hyperbolic functions/6.3 Hyperbolic tangent/6.3.2 Hyperbolic tangent functions.mac e117
  verified      -> contains-noun t=4.7s -> t=3.6s 6 Hyperbolic functions/6.3 Hyperbolic tangent/6.3.2 Hyperbolic tangent functions.mac e118
  verified      -> contains-noun t=2.0s -> t=2.5s 6 Hyperbolic functions/6.3 Hyperbolic tangent/6.3.2 Hyperbolic tangent functions.mac e119
  verified      -> deferred      t=1.8s -> t=1.5s 6 Hyperbolic functions/6.3 Hyperbolic tangent/6.3.2 Hyperbolic tangent functions.mac e120
  verified      -> deferred      t=15.9s -> t=4.2s 6 Hyperbolic functions/6.3 Hyperbolic tangent/6.3.2 Hyperbolic tangent functions.mac e121
  verified      -> deferred      t=14.2s -> t=4.8s 6 Hyperbolic functions/6.3 Hyperbolic tangent/6.3.2 Hyperbolic tangent functions.mac e122
  verified      -> deferred      t=7.7s -> t=4.5s 6 Hyperbolic functions/6.3 Hyperbolic tangent/6.3.2 Hyperbolic tangent functions.mac e123
  verified      -> deferred      t=5.7s -> t=5.2s 6 Hyperbolic functions/6.3 Hyperbolic tangent/6.3.2 Hyperbolic tangent functions.mac e124
  verified      -> contains-noun t=27.8s -> t=16.6s 6 Hyperbolic functions/6.3 Hyperbolic tangent/6.3.2 Hyperbolic tangent functions.mac e134
  verified      -> contains-noun t=22.2s -> t=13.3s 6 Hyperbolic functions/6.3 Hyperbolic tangent/6.3.2 Hyperbolic tangent functions.mac e135
  verified      -> contains-noun t=18.0s -> t=10.7s 6 Hyperbolic functions/6.3 Hyperbolic tangent/6.3.2 Hyperbolic tangent functions.mac e136
  verified      -> contains-noun t=11.6s -> t=8.6s 6 Hyperbolic functions/6.3 Hyperbolic tangent/6.3.2 Hyperbolic tangent functions.mac e137
  verified      -> deferred      t=1.9s -> t=2.1s 6 Hyperbolic functions/6.3 Hyperbolic tangent/6.3.2 Hyperbolic tangent functions.mac e138
  verified      -> deferred      t=17.7s -> t=4.0s 6 Hyperbolic functions/6.3 Hyperbolic tangent/6.3.2 Hyperbolic tangent functions.mac e140
  verified      -> deferred      t=10.3s -> t=4.0s 6 Hyperbolic functions/6.3 Hyperbolic tangent/6.3.2 Hyperbolic tangent functions.mac e141
  verified      -> deferred      t=10.2s -> t=3.9s 6 Hyperbolic functions/6.3 Hyperbolic tangent/6.3.2 Hyperbolic tangent functions.mac e142
  verified      -> contains-noun t=3.1s -> t=2.6s 6 Hyperbolic functions/6.3 Hyperbolic tangent/6.3.2 Hyperbolic tangent functions.mac e143
  verified      -> deferred      t=21.2s -> t=19.8s 6 Hyperbolic functions/6.3 Hyperbolic tangent/6.3.7 (d hyper)^m (a+b (c tanh)^n)^p.mac e11
  verified      -> deferred      t=21.6s -> t=19.1s 6 Hyperbolic functions/6.3 Hyperbolic tangent/6.3.7 (d hyper)^m (a+b (c tanh)^n)^p.mac e35
  verified      -> deferred      t=8.1s -> t=1.7s 6 Hyperbolic functions/6.3 Hyperbolic tangent/6.3.7 (d hyper)^m (a+b (c tanh)^n)^p.mac e53
  verified      -> deferred      t=27.5s -> t=18.5s 6 Hyperbolic functions/6.3 Hyperbolic tangent/6.3.7 (d hyper)^m (a+b (c tanh)^n)^p.mac e59
  verified      -> deferred      t=11.9s -> t=2.9s 6 Hyperbolic functions/6.3 Hyperbolic tangent/6.3.7 (d hyper)^m (a+b (c tanh)^n)^p.mac e61
  verified      -> deferred      t=18.0s -> t=3.0s 6 Hyperbolic functions/6.3 Hyperbolic tangent/6.3.7 (d hyper)^m (a+b (c tanh)^n)^p.mac e69
  verified      -> deferred      t=22.5s -> t=19.7s 6 Hyperbolic functions/6.3 Hyperbolic tangent/6.3.7 (d hyper)^m (a+b (c tanh)^n)^p.mac e91
  verified      -> timeout       t=29.6s -> t=30.1s 6 Hyperbolic functions/6.3 Hyperbolic tangent/6.3.7 (d hyper)^m (a+b (c tanh)^n)^p.mac e191
  verified      -> deferred      t=2.9s -> t=2.9s 6 Hyperbolic functions/6.3 Hyperbolic tangent/6.3.7 (d hyper)^m (a+b (c tanh)^n)^p.mac e202
  verified      -> deferred      t=2.7s -> t=2.6s 6 Hyperbolic functions/6.3 Hyperbolic tangent/6.3.7 (d hyper)^m (a+b (c tanh)^n)^p.mac e203
  verified      -> deferred      t=2.9s -> t=2.8s 6 Hyperbolic functions/6.3 Hyperbolic tangent/6.3.7 (d hyper)^m (a+b (c tanh)^n)^p.mac e204
  verified      -> deferred      t=2.9s -> t=2.8s 6 Hyperbolic functions/6.3 Hyperbolic tangent/6.3.7 (d hyper)^m (a+b (c tanh)^n)^p.mac e205
  verified      -> deferred      t=2.9s -> t=2.9s 6 Hyperbolic functions/6.3 Hyperbolic tangent/6.3.7 (d hyper)^m (a+b (c tanh)^n)^p.mac e206
  verified      -> deferred      t=2.8s -> t=3.0s 6 Hyperbolic functions/6.3 Hyperbolic tangent/6.3.7 (d hyper)^m (a+b (c tanh)^n)^p.mac e207
  verified      -> deferred      t=12.3s -> t=9.1s 6 Hyperbolic functions/6.3 Hyperbolic tangent/6.3.7 (d hyper)^m (a+b (c tanh)^n)^p.mac e215
  verified      -> deferred      t=15.5s -> t=9.4s 6 Hyperbolic functions/6.3 Hyperbolic tangent/6.3.7 (d hyper)^m (a+b (c tanh)^n)^p.mac e217
  verified      -> deferred      t=2.9s -> t=2.6s 6 Hyperbolic functions/6.3 Hyperbolic tangent/6.3.7 (d hyper)^m (a+b (c tanh)^n)^p.mac e225
  verified      -> deferred      t=3.2s -> t=2.8s 6 Hyperbolic functions/6.3 Hyperbolic tangent/6.3.7 (d hyper)^m (a+b (c tanh)^n)^p.mac e227
  verified      -> deferred      t=3.2s -> t=3.0s 6 Hyperbolic functions/6.3 Hyperbolic tangent/6.3.7 (d hyper)^m (a+b (c tanh)^n)^p.mac e234
  verified      -> deferred      t=12.3s -> t=9.5s 6 Hyperbolic functions/6.3 Hyperbolic tangent/6.3.7 (d hyper)^m (a+b (c tanh)^n)^p.mac e236
  verified      -> deferred      t=12.1s -> t=9.6s 6 Hyperbolic functions/6.3 Hyperbolic tangent/6.3.7 (d hyper)^m (a+b (c tanh)^n)^p.mac e241
  verified      -> deferred      t=3.2s -> t=3.1s 6 Hyperbolic functions/6.3 Hyperbolic tangent/6.3.7 (d hyper)^m (a+b (c tanh)^n)^p.mac e243
  verified      -> deferred      t=16.6s -> t=9.9s 6 Hyperbolic functions/6.3 Hyperbolic tangent/6.3.7 (d hyper)^m (a+b (c tanh)^n)^p.mac e245
  verified      -> deferred      t=15.3s -> t=9.3s 6 Hyperbolic functions/6.3 Hyperbolic tangent/6.3.7 (d hyper)^m (a+b (c tanh)^n)^p.mac e248
  verified      -> deferred      t=12.9s -> t=9.7s 6 Hyperbolic functions/6.3 Hyperbolic tangent/6.3.7 (d hyper)^m (a+b (c tanh)^n)^p.mac e250
  verified      -> deferred      t=5.7s -> t=3.0s 6 Hyperbolic functions/6.3 Hyperbolic tangent/6.3.7 (d hyper)^m (a+b (c tanh)^n)^p.mac e252
  verified      -> deferred      t=2.9s -> t=2.8s 6 Hyperbolic functions/6.3 Hyperbolic tangent/6.3.7 (d hyper)^m (a+b (c tanh)^n)^p.mac e255
  verified      -> deferred      t=25.2s -> t=11.8s 6 Hyperbolic functions/6.4 Hyperbolic cotangent/6.4.2 Hyperbolic cotangent functions.mac e61
  verified      -> deferred      t=18.2s -> t=9.2s 6 Hyperbolic functions/6.4 Hyperbolic cotangent/6.4.2 Hyperbolic cotangent functions.mac e62
  verified      -> deferred      t=15.0s -> t=6.8s 6 Hyperbolic functions/6.4 Hyperbolic cotangent/6.4.2 Hyperbolic cotangent functions.mac e63
  verified      -> deferred      t=7.1s -> t=4.2s 6 Hyperbolic functions/6.4 Hyperbolic cotangent/6.4.2 Hyperbolic cotangent functions.mac e64
  verified      -> deferred      t=1.6s -> t=1.4s 6 Hyperbolic functions/6.4 Hyperbolic cotangent/6.4.2 Hyperbolic cotangent functions.mac e65
  verified      -> deferred      t=2.2s -> t=1.7s 6 Hyperbolic functions/6.4 Hyperbolic cotangent/6.4.2 Hyperbolic cotangent functions.mac e66
  verified      -> deferred      t=3.0s -> t=1.9s 6 Hyperbolic functions/6.4 Hyperbolic cotangent/6.4.2 Hyperbolic cotangent functions.mac e67
  verified      -> deferred      t=4.5s -> t=2.4s 6 Hyperbolic functions/6.4 Hyperbolic cotangent/6.4.2 Hyperbolic cotangent functions.mac e68
  verified      -> deferred      t=7.6s -> t=2.8s 6 Hyperbolic functions/6.4 Hyperbolic cotangent/6.4.2 Hyperbolic cotangent functions.mac e69
  verified      -> deferred      t=6.6s -> t=4.1s 6 Hyperbolic functions/6.4 Hyperbolic cotangent/6.4.2 Hyperbolic cotangent functions.mac e89
  verified      -> deferred      t=14.2s -> t=3.9s 6 Hyperbolic functions/6.4 Hyperbolic cotangent/6.4.2 Hyperbolic cotangent functions.mac e91
  verified      -> deferred      t=22.3s -> t=4.7s 6 Hyperbolic functions/6.4 Hyperbolic cotangent/6.4.2 Hyperbolic cotangent functions.mac e95
  verified      -> deferred      t=5.6s -> t=4.7s 6 Hyperbolic functions/6.4 Hyperbolic cotangent/6.4.2 Hyperbolic cotangent functions.mac e96
  verified      -> deferred      t=12.2s -> t=4.0s 6 Hyperbolic functions/6.4 Hyperbolic cotangent/6.4.2 Hyperbolic cotangent functions.mac e97
  verified      -> deferred      t=18.1s -> t=3.9s 6 Hyperbolic functions/6.4 Hyperbolic cotangent/6.4.2 Hyperbolic cotangent functions.mac e99
  verified      -> deferred      t=2.7s -> t=2.3s 6 Hyperbolic functions/6.4 Hyperbolic cotangent/6.4.2 Hyperbolic cotangent functions.mac e101
  verified      -> deferred      t=6.4s -> t=5.1s 6 Hyperbolic functions/6.4 Hyperbolic cotangent/6.4.2 Hyperbolic cotangent functions.mac e104
  verified      -> deferred      t=7.3s -> t=4.7s 6 Hyperbolic functions/6.4 Hyperbolic cotangent/6.4.2 Hyperbolic cotangent functions.mac e105
  verified      -> deferred      t=6.4s -> t=4.7s 6 Hyperbolic functions/6.4 Hyperbolic cotangent/6.4.2 Hyperbolic cotangent functions.mac e107
  verified      -> deferred      t=12.8s -> t=3.4s 6 Hyperbolic functions/6.4 Hyperbolic cotangent/6.4.2 Hyperbolic cotangent functions.mac e109
  verified      -> deferred      t=4.9s -> t=3.9s 6 Hyperbolic functions/6.4 Hyperbolic cotangent/6.4.2 Hyperbolic cotangent functions.mac e110
  verified      -> deferred      t=5.0s -> t=3.9s 6 Hyperbolic functions/6.4 Hyperbolic cotangent/6.4.2 Hyperbolic cotangent functions.mac e112
  verified      -> deferred      t=6.3s -> t=5.2s 6 Hyperbolic functions/6.4 Hyperbolic cotangent/6.4.2 Hyperbolic cotangent functions.mac e113
  verified      -> deferred      t=21.3s -> t=5.1s 6 Hyperbolic functions/6.4 Hyperbolic cotangent/6.4.2 Hyperbolic cotangent functions.mac e114
  verified      -> deferred      t=10.7s -> t=5.1s 6 Hyperbolic functions/6.4 Hyperbolic cotangent/6.4.2 Hyperbolic cotangent functions.mac e116
  verified      -> deferred      t=5.3s -> t=4.0s 6 Hyperbolic functions/6.4 Hyperbolic cotangent/6.4.2 Hyperbolic cotangent functions.mac e119
  verified      -> deferred      t=6.5s -> t=4.3s 6 Hyperbolic functions/6.4 Hyperbolic cotangent/6.4.2 Hyperbolic cotangent functions.mac e121
  verified      -> deferred      t=19.6s -> t=3.8s 6 Hyperbolic functions/6.4 Hyperbolic cotangent/6.4.2 Hyperbolic cotangent functions.mac e122
  verified      -> deferred      t=5.4s -> t=4.0s 6 Hyperbolic functions/6.4 Hyperbolic cotangent/6.4.2 Hyperbolic cotangent functions.mac e123
  verified      -> deferred      t=7.4s -> t=3.8s 6 Hyperbolic functions/6.4 Hyperbolic cotangent/6.4.2 Hyperbolic cotangent functions.mac e124
  verified      -> deferred      t=13.6s -> t=3.9s 6 Hyperbolic functions/6.4 Hyperbolic cotangent/6.4.2 Hyperbolic cotangent functions.mac e125
  verified      -> deferred      t=15.2s -> t=3.4s 6 Hyperbolic functions/6.4 Hyperbolic cotangent/6.4.2 Hyperbolic cotangent functions.mac e126
  verified      -> deferred      t=1.7s -> t=1.5s 6 Hyperbolic functions/6.4 Hyperbolic cotangent/6.4.2 Hyperbolic cotangent functions.mac e127
  verified      -> contains-noun t=1.9s -> t=1.8s 6 Hyperbolic functions/6.4 Hyperbolic cotangent/6.4.2 Hyperbolic cotangent functions.mac e128
  verified      -> contains-noun t=4.6s -> t=3.2s 6 Hyperbolic functions/6.4 Hyperbolic cotangent/6.4.2 Hyperbolic cotangent functions.mac e129
  verified      -> contains-noun t=8.3s -> t=5.1s 6 Hyperbolic functions/6.4 Hyperbolic cotangent/6.4.2 Hyperbolic cotangent functions.mac e130
  verified      -> contains-noun t=12.5s -> t=7.0s 6 Hyperbolic functions/6.4 Hyperbolic cotangent/6.4.2 Hyperbolic cotangent functions.mac e131
  verified      -> deferred      t=9.8s -> t=3.9s 6 Hyperbolic functions/6.4 Hyperbolic cotangent/6.4.2 Hyperbolic cotangent functions.mac e140
  verified      -> deferred      t=10.2s -> t=4.3s 6 Hyperbolic functions/6.4 Hyperbolic cotangent/6.4.2 Hyperbolic cotangent functions.mac e141
  verified      -> deferred      t=17.2s -> t=4.0s 6 Hyperbolic functions/6.4 Hyperbolic cotangent/6.4.2 Hyperbolic cotangent functions.mac e142
  verified      -> deferred      t=1.8s -> t=1.5s 6 Hyperbolic functions/6.4 Hyperbolic cotangent/6.4.2 Hyperbolic cotangent functions.mac e144
  verified      -> contains-noun t=10.9s -> t=8.5s 6 Hyperbolic functions/6.4 Hyperbolic cotangent/6.4.2 Hyperbolic cotangent functions.mac e145
  verified      -> contains-noun t=16.7s -> t=11.0s 6 Hyperbolic functions/6.4 Hyperbolic cotangent/6.4.2 Hyperbolic cotangent functions.mac e146
  verified      -> contains-noun t=20.8s -> t=13.5s 6 Hyperbolic functions/6.4 Hyperbolic cotangent/6.4.2 Hyperbolic cotangent functions.mac e147
  verified      -> contains-noun t=26.1s -> t=16.7s 6 Hyperbolic functions/6.4 Hyperbolic cotangent/6.4.2 Hyperbolic cotangent functions.mac e148
  verified      -> contains-noun t=2.9s -> t=2.8s 6 Hyperbolic functions/6.4 Hyperbolic cotangent/6.4.2 Hyperbolic cotangent functions.mac e150
  verified      -> contains-noun t=3.9s -> t=3.6s 6 Hyperbolic functions/6.4 Hyperbolic cotangent/6.4.7 (d hyper)^m (a+b (c coth)^n)^p.mac e9
  verified      -> deferred      t=2.8s -> t=2.9s 6 Hyperbolic functions/6.4 Hyperbolic cotangent/6.4.7 (d hyper)^m (a+b (c coth)^n)^p.mac e10
  verified      -> deferred      t=2.7s -> t=2.7s 6 Hyperbolic functions/6.4 Hyperbolic cotangent/6.4.7 (d hyper)^m (a+b (c coth)^n)^p.mac e11
  verified      -> deferred      t=2.8s -> t=3.1s 6 Hyperbolic functions/6.4 Hyperbolic cotangent/6.4.7 (d hyper)^m (a+b (c coth)^n)^p.mac e12
  verified      -> deferred      t=2.9s -> t=2.9s 6 Hyperbolic functions/6.4 Hyperbolic cotangent/6.4.7 (d hyper)^m (a+b (c coth)^n)^p.mac e13
  verified      -> deferred      t=2.9s -> t=3.1s 6 Hyperbolic functions/6.4 Hyperbolic cotangent/6.4.7 (d hyper)^m (a+b (c coth)^n)^p.mac e14
  verified      -> deferred      t=2.9s -> t=2.8s 6 Hyperbolic functions/6.4 Hyperbolic cotangent/6.4.7 (d hyper)^m (a+b (c coth)^n)^p.mac e15
  verified      -> deferred      t=12.1s -> t=9.7s 6 Hyperbolic functions/6.4 Hyperbolic cotangent/6.4.7 (d hyper)^m (a+b (c coth)^n)^p.mac e21
  verified      -> deferred      t=2.9s -> t=2.7s 6 Hyperbolic functions/6.4 Hyperbolic cotangent/6.4.7 (d hyper)^m (a+b (c coth)^n)^p.mac e28
  verified      -> deferred      t=3.2s -> t=2.8s 6 Hyperbolic functions/6.4 Hyperbolic cotangent/6.4.7 (d hyper)^m (a+b (c coth)^n)^p.mac e30
  verified      -> deferred      t=3.2s -> t=3.1s 6 Hyperbolic functions/6.4 Hyperbolic cotangent/6.4.7 (d hyper)^m (a+b (c coth)^n)^p.mac e35
  verified      -> deferred      t=12.8s -> t=9.6s 6 Hyperbolic functions/6.4 Hyperbolic cotangent/6.4.7 (d hyper)^m (a+b (c coth)^n)^p.mac e37
  verified      -> deferred      t=12.1s -> t=9.6s 6 Hyperbolic functions/6.4 Hyperbolic cotangent/6.4.7 (d hyper)^m (a+b (c coth)^n)^p.mac e39
  verified      -> deferred      t=16.9s -> t=9.7s 6 Hyperbolic functions/6.4 Hyperbolic cotangent/6.4.7 (d hyper)^m (a+b (c coth)^n)^p.mac e42
  verified      -> deferred      t=13.1s -> t=9.8s 6 Hyperbolic functions/6.4 Hyperbolic cotangent/6.4.7 (d hyper)^m (a+b (c coth)^n)^p.mac e44
  verified      -> deferred      t=2.9s -> t=2.7s 6 Hyperbolic functions/6.4 Hyperbolic cotangent/6.4.7 (d hyper)^m (a+b (c coth)^n)^p.mac e48
  verified      -> contains-noun t=4.0s -> t=2.8s 6 Hyperbolic functions/6.5 Hyperbolic secant/6.5.2 (e x)^m (a+b sech(c+d x^n))^p.mac e31
  verified      -> deferred      t=3.5s -> t=2.4s 6 Hyperbolic functions/6.5 Hyperbolic secant/6.5.3 Hyperbolic secant functions.mac e7
  verified      -> deferred      t=3.7s -> t=2.4s 6 Hyperbolic functions/6.5 Hyperbolic secant/6.5.3 Hyperbolic secant functions.mac e8
  verified      -> timeout       t=28.7s -> t=30.0s 6 Hyperbolic functions/6.5 Hyperbolic secant/6.5.3 Hyperbolic secant functions.mac e31
  verified      -> contains-noun t=14.8s -> t=2.5s 6 Hyperbolic functions/6.5 Hyperbolic secant/6.5.3 Hyperbolic secant functions.mac e32
  verified      -> contains-noun t=12.4s -> t=2.6s 6 Hyperbolic functions/6.5 Hyperbolic secant/6.5.3 Hyperbolic secant functions.mac e33
  verified      -> contains-noun t=9.5s -> t=2.6s 6 Hyperbolic functions/6.5 Hyperbolic secant/6.5.3 Hyperbolic secant functions.mac e39
  verified      -> contains-noun t=8.5s -> t=2.6s 6 Hyperbolic functions/6.5 Hyperbolic secant/6.5.3 Hyperbolic secant functions.mac e40
  verified      -> contains-noun t=8.6s -> t=2.5s 6 Hyperbolic functions/6.5 Hyperbolic secant/6.5.3 Hyperbolic secant functions.mac e41
  verified      -> contains-noun t=11.4s -> t=2.6s 6 Hyperbolic functions/6.5 Hyperbolic secant/6.5.3 Hyperbolic secant functions.mac e42
  verified      -> contains-noun t=13.6s -> t=2.7s 6 Hyperbolic functions/6.5 Hyperbolic secant/6.5.3 Hyperbolic secant functions.mac e43
  verified      -> contains-noun t=12.3s -> t=2.7s 6 Hyperbolic functions/6.5 Hyperbolic secant/6.5.3 Hyperbolic secant functions.mac e44
  verified      -> contains-noun t=4.2s -> t=2.3s 6 Hyperbolic functions/6.5 Hyperbolic secant/6.5.3 Hyperbolic secant functions.mac e45
  verified      -> contains-noun t=4.1s -> t=2.3s 6 Hyperbolic functions/6.5 Hyperbolic secant/6.5.3 Hyperbolic secant functions.mac e46
  verified      -> contains-noun t=3.9s -> t=2.2s 6 Hyperbolic functions/6.5 Hyperbolic secant/6.5.3 Hyperbolic secant functions.mac e47
  verified      -> contains-noun t=3.9s -> t=2.3s 6 Hyperbolic functions/6.5 Hyperbolic secant/6.5.3 Hyperbolic secant functions.mac e48
  verified      -> contains-noun t=4.0s -> t=2.7s 6 Hyperbolic functions/6.5 Hyperbolic secant/6.5.3 Hyperbolic secant functions.mac e49
  verified      -> contains-noun t=4.0s -> t=2.6s 6 Hyperbolic functions/6.5 Hyperbolic secant/6.5.3 Hyperbolic secant functions.mac e50
  verified      -> contains-noun t=4.3s -> t=2.7s 6 Hyperbolic functions/6.5 Hyperbolic secant/6.5.3 Hyperbolic secant functions.mac e51
  verified      -> deferred      t=20.0s -> t=5.3s 6 Hyperbolic functions/6.5 Hyperbolic secant/6.5.3 Hyperbolic secant functions.mac e53
  verified      -> deferred      t=6.9s -> t=3.6s 6 Hyperbolic functions/6.5 Hyperbolic secant/6.5.3 Hyperbolic secant functions.mac e55
  verified      -> deferred      t=26.8s -> t=3.7s 6 Hyperbolic functions/6.5 Hyperbolic secant/6.5.3 Hyperbolic secant functions.mac e56
  verified      -> deferred      t=19.9s -> t=4.2s 6 Hyperbolic functions/6.5 Hyperbolic secant/6.5.3 Hyperbolic secant functions.mac e58
  verified      -> deferred      t=19.6s -> t=5.4s 6 Hyperbolic functions/6.5 Hyperbolic secant/6.5.3 Hyperbolic secant functions.mac e61
  verified      -> deferred      t=5.7s -> t=3.5s 6 Hyperbolic functions/6.5 Hyperbolic secant/6.5.3 Hyperbolic secant functions.mac e63
  verified      -> deferred      t=18.4s -> t=3.9s 6 Hyperbolic functions/6.5 Hyperbolic secant/6.5.3 Hyperbolic secant functions.mac e64
  verified      -> deferred      t=8.5s -> t=4.3s 6 Hyperbolic functions/6.5 Hyperbolic secant/6.5.3 Hyperbolic secant functions.mac e66
  verified      -> contains-noun t=23.1s -> t=8.5s 6 Hyperbolic functions/6.5 Hyperbolic secant/6.5.3 Hyperbolic secant functions.mac e75
  verified      -> deferred      t=15.8s -> t=2.6s 6 Hyperbolic functions/6.5 Hyperbolic secant/6.5.3 Hyperbolic secant functions.mac e85
  verified      -> deferred      t=15.6s -> t=2.8s 6 Hyperbolic functions/6.5 Hyperbolic secant/6.5.3 Hyperbolic secant functions.mac e86
  verified      -> deferred      t=19.7s -> t=5.5s 6 Hyperbolic functions/6.5 Hyperbolic secant/6.5.3 Hyperbolic secant functions.mac e104
  verified      -> deferred      t=29.9s -> t=5.5s 6 Hyperbolic functions/6.5 Hyperbolic secant/6.5.3 Hyperbolic secant functions.mac e105
  verified      -> deferred      t=9.3s -> t=5.5s 6 Hyperbolic functions/6.5 Hyperbolic secant/6.5.3 Hyperbolic secant functions.mac e106
  verified      -> deferred      t=11.8s -> t=3.7s 6 Hyperbolic functions/6.5 Hyperbolic secant/6.5.3 Hyperbolic secant functions.mac e108
  verified      -> deferred      t=7.6s -> t=4.0s 6 Hyperbolic functions/6.5 Hyperbolic secant/6.5.3 Hyperbolic secant functions.mac e109
  verified      -> deferred      t=23.6s -> t=4.3s 6 Hyperbolic functions/6.5 Hyperbolic secant/6.5.3 Hyperbolic secant functions.mac e111
  verified      -> deferred      t=10.9s -> t=5.5s 6 Hyperbolic functions/6.5 Hyperbolic secant/6.5.3 Hyperbolic secant functions.mac e113
  verified      -> deferred      t=19.3s -> t=5.4s 6 Hyperbolic functions/6.5 Hyperbolic secant/6.5.3 Hyperbolic secant functions.mac e115
  verified      -> deferred      t=8.9s -> t=5.3s 6 Hyperbolic functions/6.5 Hyperbolic secant/6.5.3 Hyperbolic secant functions.mac e117
  verified      -> deferred      t=11.8s -> t=3.4s 6 Hyperbolic functions/6.5 Hyperbolic secant/6.5.3 Hyperbolic secant functions.mac e119
  verified      -> deferred      t=8.1s -> t=4.0s 6 Hyperbolic functions/6.5 Hyperbolic secant/6.5.3 Hyperbolic secant functions.mac e120
  verified      -> deferred      t=23.9s -> t=4.2s 6 Hyperbolic functions/6.5 Hyperbolic secant/6.5.3 Hyperbolic secant functions.mac e122
  verified      -> deferred      t=18.0s -> t=21.0s 6 Hyperbolic functions/6.5 Hyperbolic secant/6.5.7 (d hyper)^m (a+b (c sech)^n)^p.mac e11
  verified      -> unverified    t=6.3s -> t=20.1s 6 Hyperbolic functions/6.5 Hyperbolic secant/6.5.7 (d hyper)^m (a+b (c sech)^n)^p.mac e15
  verified      -> deferred      t=21.8s -> t=20.9s 6 Hyperbolic functions/6.5 Hyperbolic secant/6.5.7 (d hyper)^m (a+b (c sech)^n)^p.mac e35
  verified      -> timeout       t=24.6s -> t=30.0s 6 Hyperbolic functions/6.5 Hyperbolic secant/6.5.7 (d hyper)^m (a+b (c sech)^n)^p.mac e55
  verified      -> deferred      t=23.3s -> t=29.5s 6 Hyperbolic functions/6.5 Hyperbolic secant/6.5.7 (d hyper)^m (a+b (c sech)^n)^p.mac e59
  verified      -> timeout       t=26.1s -> t=30.0s 6 Hyperbolic functions/6.5 Hyperbolic secant/6.5.7 (d hyper)^m (a+b (c sech)^n)^p.mac e81
  verified      -> contains-noun t=2.9s -> t=17.7s 6 Hyperbolic functions/6.5 Hyperbolic secant/6.5.7 (d hyper)^m (a+b (c sech)^n)^p.mac e113
  verified      -> timeout       t=5.5s -> t=30.1s 6 Hyperbolic functions/6.5 Hyperbolic secant/6.5.7 (d hyper)^m (a+b (c sech)^n)^p.mac e117
  verified      -> contains-noun t=3.4s -> t=10.2s 6 Hyperbolic functions/6.5 Hyperbolic secant/6.5.7 (d hyper)^m (a+b (c sech)^n)^p.mac e125
  verified      -> timeout       t=11.1s -> t=30.0s 6 Hyperbolic functions/6.5 Hyperbolic secant/6.5.7 (d hyper)^m (a+b (c sech)^n)^p.mac e154
  verified      -> timeout       t=28.2s -> t=30.1s 6 Hyperbolic functions/6.5 Hyperbolic secant/6.5.7 (d hyper)^m (a+b (c sech)^n)^p.mac e166
  verified      -> deferred      t=3.0s -> t=2.9s 6 Hyperbolic functions/6.5 Hyperbolic secant/6.5.7 (d hyper)^m (a+b (c sech)^n)^p.mac e170
  verified      -> deferred      t=2.5s -> t=3.0s 6 Hyperbolic functions/6.5 Hyperbolic secant/6.5.7 (d hyper)^m (a+b (c sech)^n)^p.mac e171
  verified      -> deferred      t=2.5s -> t=2.8s 6 Hyperbolic functions/6.5 Hyperbolic secant/6.5.7 (d hyper)^m (a+b (c sech)^n)^p.mac e172
  verified      -> deferred      t=2.5s -> t=2.6s 6 Hyperbolic functions/6.5 Hyperbolic secant/6.5.7 (d hyper)^m (a+b (c sech)^n)^p.mac e173
  verified      -> deferred      t=2.4s -> t=2.6s 6 Hyperbolic functions/6.5 Hyperbolic secant/6.5.7 (d hyper)^m (a+b (c sech)^n)^p.mac e174
  verified      -> deferred      t=2.6s -> t=2.8s 6 Hyperbolic functions/6.5 Hyperbolic secant/6.5.7 (d hyper)^m (a+b (c sech)^n)^p.mac e175
  verified      -> deferred      t=15.8s -> t=6.1s 6 Hyperbolic functions/6.5 Hyperbolic secant/6.5.7 (d hyper)^m (a+b (c sech)^n)^p.mac e183
  verified      -> deferred      t=11.0s -> t=6.3s 6 Hyperbolic functions/6.5 Hyperbolic secant/6.5.7 (d hyper)^m (a+b (c sech)^n)^p.mac e185
  verified      -> deferred      t=2.6s -> t=2.8s 6 Hyperbolic functions/6.5 Hyperbolic secant/6.5.7 (d hyper)^m (a+b (c sech)^n)^p.mac e199
  verified      -> deferred      t=15.6s -> t=6.2s 6 Hyperbolic functions/6.5 Hyperbolic secant/6.5.7 (d hyper)^m (a+b (c sech)^n)^p.mac e201
  verified      -> deferred      t=9.6s -> t=9.1s 6 Hyperbolic functions/6.5 Hyperbolic secant/6.5.7 (d hyper)^m (a+b (c sech)^n)^p.mac e206
  verified      -> deferred      t=2.7s -> t=2.9s 6 Hyperbolic functions/6.5 Hyperbolic secant/6.5.7 (d hyper)^m (a+b (c sech)^n)^p.mac e208
  verified      -> deferred      t=20.0s -> t=6.4s 6 Hyperbolic functions/6.5 Hyperbolic secant/6.5.7 (d hyper)^m (a+b (c sech)^n)^p.mac e210
  verified      -> deferred      t=11.8s -> t=9.1s 6 Hyperbolic functions/6.5 Hyperbolic secant/6.5.7 (d hyper)^m (a+b (c sech)^n)^p.mac e213
  verified      -> deferred      t=10.3s -> t=9.1s 6 Hyperbolic functions/6.5 Hyperbolic secant/6.5.7 (d hyper)^m (a+b (c sech)^n)^p.mac e215
  verified      -> deferred      t=3.6s -> t=2.8s 6 Hyperbolic functions/6.5 Hyperbolic secant/6.5.7 (d hyper)^m (a+b (c sech)^n)^p.mac e217
  verified      -> contains-noun t=3.9s -> t=2.6s 6 Hyperbolic functions/6.6 Hyperbolic cosecant/6.6.3 Hyperbolic cosecant functions.mac e42
  verified      -> contains-noun t=3.8s -> t=2.5s 6 Hyperbolic functions/6.6 Hyperbolic cosecant/6.6.3 Hyperbolic cosecant functions.mac e43
  verified      -> contains-noun t=3.8s -> t=2.5s 6 Hyperbolic functions/6.6 Hyperbolic cosecant/6.6.3 Hyperbolic cosecant functions.mac e44
  verified      -> contains-noun t=3.3s -> t=2.5s 6 Hyperbolic functions/6.6 Hyperbolic cosecant/6.6.3 Hyperbolic cosecant functions.mac e45
  verified      -> contains-noun t=3.5s -> t=2.6s 6 Hyperbolic functions/6.6 Hyperbolic cosecant/6.6.3 Hyperbolic cosecant functions.mac e46
  verified      -> contains-noun t=3.5s -> t=2.6s 6 Hyperbolic functions/6.6 Hyperbolic cosecant/6.6.3 Hyperbolic cosecant functions.mac e47
  verified      -> contains-noun t=3.5s -> t=2.5s 6 Hyperbolic functions/6.6 Hyperbolic cosecant/6.6.3 Hyperbolic cosecant functions.mac e48
  verified      -> timeout       t=23.1s -> t=30.0s 6 Hyperbolic functions/6.6 Hyperbolic cosecant/6.6.3 Hyperbolic cosecant functions.mac e55
  verified      -> deferred      t=11.9s -> t=2.6s 6 Hyperbolic functions/6.6 Hyperbolic cosecant/6.6.3 Hyperbolic cosecant functions.mac e58
  verified      -> deferred      t=12.8s -> t=2.7s 6 Hyperbolic functions/6.6 Hyperbolic cosecant/6.6.3 Hyperbolic cosecant functions.mac e59
  verified      -> deferred      t=12.1s -> t=2.6s 6 Hyperbolic functions/6.6 Hyperbolic cosecant/6.6.3 Hyperbolic cosecant functions.mac e60
  verified      -> deferred      t=11.6s -> t=2.6s 6 Hyperbolic functions/6.6 Hyperbolic cosecant/6.6.3 Hyperbolic cosecant functions.mac e61
  verified      -> contains-noun t=3.6s -> t=2.0s 6 Hyperbolic functions/6.6 Hyperbolic cosecant/6.6.3 Hyperbolic cosecant functions.mac e66
  verified      -> contains-noun t=5.6s -> t=3.2s 6 Hyperbolic functions/6.6 Hyperbolic cosecant/6.6.3 Hyperbolic cosecant functions.mac e67
  verified      -> contains-noun t=8.9s -> t=5.4s 6 Hyperbolic functions/6.6 Hyperbolic cosecant/6.6.3 Hyperbolic cosecant functions.mac e68
  verified      -> contains-noun t=20.6s -> t=7.2s 6 Hyperbolic functions/6.6 Hyperbolic cosecant/6.6.3 Hyperbolic cosecant functions.mac e69
  verified      -> deferred      t=5.2s -> t=5.0s 6 Hyperbolic functions/6.6 Hyperbolic cosecant/6.6.3 Hyperbolic cosecant functions.mac e85
  verified      -> deferred      t=3.2s -> t=3.2s 6 Hyperbolic functions/6.6 Hyperbolic cosecant/6.6.3 Hyperbolic cosecant functions.mac e87
  verified      -> deferred      t=4.8s -> t=3.7s 6 Hyperbolic functions/6.6 Hyperbolic cosecant/6.6.3 Hyperbolic cosecant functions.mac e88
  verified      -> deferred      t=14.3s -> t=4.0s 6 Hyperbolic functions/6.6 Hyperbolic cosecant/6.6.3 Hyperbolic cosecant functions.mac e89
  verified      -> deferred      t=4.7s -> t=3.9s 6 Hyperbolic functions/6.6 Hyperbolic cosecant/6.6.3 Hyperbolic cosecant functions.mac e90
  verified      -> deferred      t=5.9s -> t=5.4s 6 Hyperbolic functions/6.6 Hyperbolic cosecant/6.6.3 Hyperbolic cosecant functions.mac e92
  verified      -> deferred      t=5.6s -> t=5.3s 6 Hyperbolic functions/6.6 Hyperbolic cosecant/6.6.3 Hyperbolic cosecant functions.mac e94
  verified      -> deferred      t=3.5s -> t=3.4s 6 Hyperbolic functions/6.6 Hyperbolic cosecant/6.6.3 Hyperbolic cosecant functions.mac e96
  verified      -> deferred      t=4.2s -> t=3.8s 6 Hyperbolic functions/6.6 Hyperbolic cosecant/6.6.3 Hyperbolic cosecant functions.mac e97
  verified      -> deferred      t=11.5s -> t=3.9s 6 Hyperbolic functions/6.6 Hyperbolic cosecant/6.6.3 Hyperbolic cosecant functions.mac e102
  verified      -> deferred      t=14.8s -> t=4.0s 6 Hyperbolic functions/6.6 Hyperbolic cosecant/6.6.3 Hyperbolic cosecant functions.mac e104
  verified      -> deferred      t=6.3s -> t=3.6s 6 Hyperbolic functions/6.6 Hyperbolic cosecant/6.6.3 Hyperbolic cosecant functions.mac e106
  verified      -> deferred      t=8.1s -> t=3.1s 6 Hyperbolic functions/6.6 Hyperbolic cosecant/6.6.3 Hyperbolic cosecant functions.mac e107
  verified      -> deferred      t=19.9s -> t=5.0s 6 Hyperbolic functions/6.6 Hyperbolic cosecant/6.6.3 Hyperbolic cosecant functions.mac e108
  verified      -> deferred      t=6.9s -> t=5.0s 6 Hyperbolic functions/6.6 Hyperbolic cosecant/6.6.3 Hyperbolic cosecant functions.mac e109
  verified      -> deferred      t=21.9s -> t=5.1s 6 Hyperbolic functions/6.6 Hyperbolic cosecant/6.6.3 Hyperbolic cosecant functions.mac e110
  verified      -> deferred      t=14.7s -> t=4.9s 6 Hyperbolic functions/6.6 Hyperbolic cosecant/6.6.3 Hyperbolic cosecant functions.mac e111
  verified      -> deferred      t=6.8s -> t=3.9s 6 Hyperbolic functions/6.6 Hyperbolic cosecant/6.6.3 Hyperbolic cosecant functions.mac e117
  verified      -> deferred      t=9.9s -> t=3.6s 6 Hyperbolic functions/6.6 Hyperbolic cosecant/6.6.3 Hyperbolic cosecant functions.mac e118
  verified      -> deferred      t=7.3s -> t=5.6s 6 Hyperbolic functions/6.6 Hyperbolic cosecant/6.6.3 Hyperbolic cosecant functions.mac e120
  verified      -> deferred      t=16.5s -> t=5.5s 6 Hyperbolic functions/6.6 Hyperbolic cosecant/6.6.3 Hyperbolic cosecant functions.mac e122
  verified      -> deferred      t=9.2s -> t=5.4s 6 Hyperbolic functions/6.6 Hyperbolic cosecant/6.6.3 Hyperbolic cosecant functions.mac e124
  verified      -> deferred      t=2.4s -> t=3.0s 6 Hyperbolic functions/6.6 Hyperbolic cosecant/6.6.7 (d hyper)^m (a+b (c csch)^n)^p.mac e16
  verified      -> deferred      t=2.4s -> t=2.8s 6 Hyperbolic functions/6.6 Hyperbolic cosecant/6.6.7 (d hyper)^m (a+b (c csch)^n)^p.mac e17
  verified      -> deferred      t=2.5s -> t=2.9s 6 Hyperbolic functions/6.6 Hyperbolic cosecant/6.6.7 (d hyper)^m (a+b (c csch)^n)^p.mac e18
  verified      -> deferred      t=2.7s -> t=3.0s 6 Hyperbolic functions/6.6 Hyperbolic cosecant/6.6.7 (d hyper)^m (a+b (c csch)^n)^p.mac e19
  verified      -> deferred      t=2.5s -> t=2.9s 6 Hyperbolic functions/6.6 Hyperbolic cosecant/6.6.7 (d hyper)^m (a+b (c csch)^n)^p.mac e20
  verified      -> deferred      t=2.6s -> t=3.0s 6 Hyperbolic functions/6.6 Hyperbolic cosecant/6.6.7 (d hyper)^m (a+b (c csch)^n)^p.mac e21
  verified      -> deferred      t=2.8s -> t=2.8s 6 Hyperbolic functions/6.6 Hyperbolic cosecant/6.6.7 (d hyper)^m (a+b (c csch)^n)^p.mac e22
  verified      -> deferred      t=2.4s -> t=2.7s 6 Hyperbolic functions/6.6 Hyperbolic cosecant/6.6.7 (d hyper)^m (a+b (c csch)^n)^p.mac e23
  verified      -> deferred      t=2.4s -> t=2.8s 6 Hyperbolic functions/6.6 Hyperbolic cosecant/6.6.7 (d hyper)^m (a+b (c csch)^n)^p.mac e24
  verified      -> deferred      t=2.7s -> t=3.2s 6 Hyperbolic functions/6.6 Hyperbolic cosecant/6.6.7 (d hyper)^m (a+b (c csch)^n)^p.mac e25
  verified      -> deferred      t=2.6s -> t=3.1s 6 Hyperbolic functions/6.6 Hyperbolic cosecant/6.6.7 (d hyper)^m (a+b (c csch)^n)^p.mac e26
  verified      -> deferred      t=2.7s -> t=3.2s 6 Hyperbolic functions/6.6 Hyperbolic cosecant/6.6.7 (d hyper)^m (a+b (c csch)^n)^p.mac e27
  verified      -> timeout       t=24.3s -> t=30.1s 6 Hyperbolic functions/6.7 Miscellaneous/6.7.1 Hyperbolic functions.mac e37
  verified      -> timeout       t=28.5s -> t=30.1s 6 Hyperbolic functions/6.7 Miscellaneous/6.7.1 Hyperbolic functions.mac e41
  verified      -> deferred      t=5.6s -> t=4.2s 6 Hyperbolic functions/6.7 Miscellaneous/6.7.1 Hyperbolic functions.mac e96
  verified      -> deferred      t=9.7s -> t=6.7s 6 Hyperbolic functions/6.7 Miscellaneous/6.7.1 Hyperbolic functions.mac e97
  verified      -> deferred      t=10.8s -> t=8.4s 6 Hyperbolic functions/6.7 Miscellaneous/6.7.1 Hyperbolic functions.mac e124
  verified      -> deferred      t=10.1s -> t=7.0s 6 Hyperbolic functions/6.7 Miscellaneous/6.7.1 Hyperbolic functions.mac e125
  verified      -> deferred      t=21.1s -> t=17.3s 6 Hyperbolic functions/6.7 Miscellaneous/6.7.1 Hyperbolic functions.mac e128
  verified      -> deferred      t=6.5s -> t=6.8s 6 Hyperbolic functions/6.7 Miscellaneous/6.7.1 Hyperbolic functions.mac e130
  verified      -> contains-noun t=4.6s -> t=2.8s 6 Hyperbolic functions/6.7 Miscellaneous/6.7.1 Hyperbolic functions.mac e196
  verified      -> contains-noun t=4.7s -> t=2.9s 6 Hyperbolic functions/6.7 Miscellaneous/6.7.1 Hyperbolic functions.mac e198
  verified      -> deferred      t=4.5s -> t=2.7s 6 Hyperbolic functions/6.7 Miscellaneous/6.7.1 Hyperbolic functions.mac e211
  verified      -> deferred      t=4.7s -> t=2.8s 6 Hyperbolic functions/6.7 Miscellaneous/6.7.1 Hyperbolic functions.mac e212
  verified      -> deferred      t=6.2s -> t=2.6s 6 Hyperbolic functions/6.7 Miscellaneous/6.7.1 Hyperbolic functions.mac e214
  verified      -> deferred      t=2.7s -> t=2.7s 6 Hyperbolic functions/6.7 Miscellaneous/6.7.1 Hyperbolic functions.mac e216
  verified      -> deferred      t=3.2s -> t=2.6s 6 Hyperbolic functions/6.7 Miscellaneous/6.7.1 Hyperbolic functions.mac e217
  verified      -> deferred      t=2.7s -> t=2.7s 6 Hyperbolic functions/6.7 Miscellaneous/6.7.1 Hyperbolic functions.mac e218
  verified      -> deferred      t=3.4s -> t=2.7s 6 Hyperbolic functions/6.7 Miscellaneous/6.7.1 Hyperbolic functions.mac e220
  verified      -> contains-noun t=4.9s -> t=2.7s 6 Hyperbolic functions/6.7 Miscellaneous/6.7.1 Hyperbolic functions.mac e221
  verified      -> contains-noun t=4.9s -> t=2.7s 6 Hyperbolic functions/6.7 Miscellaneous/6.7.1 Hyperbolic functions.mac e223
  verified      -> deferred      t=2.6s -> t=2.7s 6 Hyperbolic functions/6.7 Miscellaneous/6.7.1 Hyperbolic functions.mac e240
  verified      -> deferred      t=2.6s -> t=2.6s 6 Hyperbolic functions/6.7 Miscellaneous/6.7.1 Hyperbolic functions.mac e241
  verified      -> deferred      t=8.9s -> t=2.7s 6 Hyperbolic functions/6.7 Miscellaneous/6.7.1 Hyperbolic functions.mac e245
  verified      -> deferred      t=10.1s -> t=2.7s 6 Hyperbolic functions/6.7 Miscellaneous/6.7.1 Hyperbolic functions.mac e246
  verified      -> deferred      t=8.6s -> t=2.7s 6 Hyperbolic functions/6.7 Miscellaneous/6.7.1 Hyperbolic functions.mac e247
  verified      -> deferred      t=9.2s -> t=2.8s 6 Hyperbolic functions/6.7 Miscellaneous/6.7.1 Hyperbolic functions.mac e248
  verified      -> deferred      t=9.5s -> t=2.7s 6 Hyperbolic functions/6.7 Miscellaneous/6.7.1 Hyperbolic functions.mac e249
  verified      -> deferred      t=18.1s -> t=8.2s 6 Hyperbolic functions/6.7 Miscellaneous/6.7.1 Hyperbolic functions.mac e566
  verified      -> deferred      t=17.0s -> t=8.5s 6 Hyperbolic functions/6.7 Miscellaneous/6.7.1 Hyperbolic functions.mac e567
  verified      -> deferred      t=17.6s -> t=7.5s 6 Hyperbolic functions/6.7 Miscellaneous/6.7.1 Hyperbolic functions.mac e573
  verified      -> contains-noun t=3.8s -> t=3.5s 6 Hyperbolic functions/6.7 Miscellaneous/6.7.1 Hyperbolic functions.mac e574
  verified      -> contains-noun t=3.6s -> t=3.8s 6 Hyperbolic functions/6.7 Miscellaneous/6.7.1 Hyperbolic functions.mac e575
  verified      -> contains-noun t=4.0s -> t=3.8s 6 Hyperbolic functions/6.7 Miscellaneous/6.7.1 Hyperbolic functions.mac e577
  verified      -> deferred      t=25.8s -> t=13.9s 6 Hyperbolic functions/6.7 Miscellaneous/6.7.1 Hyperbolic functions.mac e581
  verified      -> deferred      t=2.4s -> t=2.5s 6 Hyperbolic functions/6.7 Miscellaneous/6.7.1 Hyperbolic functions.mac e586
  verified      -> deferred      t=29.5s -> t=13.0s 6 Hyperbolic functions/6.7 Miscellaneous/6.7.1 Hyperbolic functions.mac e617
  verified      -> deferred      t=8.5s -> t=1.7s 6 Hyperbolic functions/6.7 Miscellaneous/6.7.1 Hyperbolic functions.mac e619
  verified      -> deferred      t=27.2s -> t=18.8s 6 Hyperbolic functions/6.7 Miscellaneous/6.7.1 Hyperbolic functions.mac e626
  verified      -> deferred      t=9.8s -> t=7.1s 6 Hyperbolic functions/6.7 Miscellaneous/6.7.1 Hyperbolic functions.mac e627
  verified      -> contains-noun t=3.6s -> t=2.2s 6 Hyperbolic functions/6.7 Miscellaneous/6.7.1 Hyperbolic functions.mac e628
  verified      -> deferred      t=4.0s -> t=1.4s 6 Hyperbolic functions/6.7 Miscellaneous/6.7.1 Hyperbolic functions.mac e629
  verified      -> deferred      t=2.8s -> t=1.9s 6 Hyperbolic functions/6.7 Miscellaneous/6.7.1 Hyperbolic functions.mac e630
  verified      -> deferred      t=7.9s -> t=2.5s 6 Hyperbolic functions/6.7 Miscellaneous/6.7.1 Hyperbolic functions.mac e631
  verified      -> deferred      t=6.2s -> t=3.5s 6 Hyperbolic functions/6.7 Miscellaneous/6.7.1 Hyperbolic functions.mac e632
  verified      -> deferred      t=13.4s -> t=5.0s 6 Hyperbolic functions/6.7 Miscellaneous/6.7.1 Hyperbolic functions.mac e633
  verified      -> deferred      t=28.2s -> t=18.7s 6 Hyperbolic functions/6.7 Miscellaneous/6.7.1 Hyperbolic functions.mac e636
  verified      -> deferred      t=9.5s -> t=7.2s 6 Hyperbolic functions/6.7 Miscellaneous/6.7.1 Hyperbolic functions.mac e637
  verified      -> contains-noun t=3.8s -> t=2.2s 6 Hyperbolic functions/6.7 Miscellaneous/6.7.1 Hyperbolic functions.mac e638
  verified      -> deferred      t=3.4s -> t=1.5s 6 Hyperbolic functions/6.7 Miscellaneous/6.7.1 Hyperbolic functions.mac e639
  verified      -> deferred      t=2.8s -> t=1.8s 6 Hyperbolic functions/6.7 Miscellaneous/6.7.1 Hyperbolic functions.mac e640
  verified      -> deferred      t=7.7s -> t=2.5s 6 Hyperbolic functions/6.7 Miscellaneous/6.7.1 Hyperbolic functions.mac e641
  verified      -> deferred      t=6.0s -> t=3.5s 6 Hyperbolic functions/6.7 Miscellaneous/6.7.1 Hyperbolic functions.mac e642
  verified      -> deferred      t=13.0s -> t=5.0s 6 Hyperbolic functions/6.7 Miscellaneous/6.7.1 Hyperbolic functions.mac e643
  verified      -> contains-noun t=4.4s -> t=2.3s 6 Hyperbolic functions/6.7 Miscellaneous/6.7.1 Hyperbolic functions.mac e648
  verified      -> deferred      t=18.8s -> t=1.5s 6 Hyperbolic functions/6.7 Miscellaneous/6.7.1 Hyperbolic functions.mac e649
  verified      -> deferred      t=22.1s -> t=2.4s 6 Hyperbolic functions/6.7 Miscellaneous/6.7.1 Hyperbolic functions.mac e650
  verified      -> deferred      t=25.3s -> t=17.6s 6 Hyperbolic functions/6.7 Miscellaneous/6.7.1 Hyperbolic functions.mac e656
  verified      -> deferred      t=8.5s -> t=6.4s 6 Hyperbolic functions/6.7 Miscellaneous/6.7.1 Hyperbolic functions.mac e657
  verified      -> contains-noun t=4.2s -> t=2.3s 6 Hyperbolic functions/6.7 Miscellaneous/6.7.1 Hyperbolic functions.mac e658
  verified      -> deferred      t=1.4s -> t=1.4s 6 Hyperbolic functions/6.7 Miscellaneous/6.7.1 Hyperbolic functions.mac e659
  verified      -> deferred      t=1.9s -> t=1.8s 6 Hyperbolic functions/6.7 Miscellaneous/6.7.1 Hyperbolic functions.mac e660
  verified      -> deferred      t=2.8s -> t=2.3s 6 Hyperbolic functions/6.7 Miscellaneous/6.7.1 Hyperbolic functions.mac e661
  verified      -> deferred      t=3.0s -> t=3.3s 6 Hyperbolic functions/6.7 Miscellaneous/6.7.1 Hyperbolic functions.mac e662
  verified      -> deferred      t=4.7s -> t=4.6s 6 Hyperbolic functions/6.7 Miscellaneous/6.7.1 Hyperbolic functions.mac e663
  verified      -> deferred      t=24.6s -> t=18.1s 6 Hyperbolic functions/6.7 Miscellaneous/6.7.1 Hyperbolic functions.mac e666
  verified      -> deferred      t=8.4s -> t=6.4s 6 Hyperbolic functions/6.7 Miscellaneous/6.7.1 Hyperbolic functions.mac e667
  verified      -> contains-noun t=4.3s -> t=2.2s 6 Hyperbolic functions/6.7 Miscellaneous/6.7.1 Hyperbolic functions.mac e668
  verified      -> deferred      t=5.9s -> t=1.4s 6 Hyperbolic functions/6.7 Miscellaneous/6.7.1 Hyperbolic functions.mac e669
  verified      -> deferred      t=2.2s -> t=1.8s 6 Hyperbolic functions/6.7 Miscellaneous/6.7.1 Hyperbolic functions.mac e670
  verified      -> deferred      t=6.2s -> t=2.4s 6 Hyperbolic functions/6.7 Miscellaneous/6.7.1 Hyperbolic functions.mac e671
  verified      -> deferred      t=3.5s -> t=3.3s 6 Hyperbolic functions/6.7 Miscellaneous/6.7.1 Hyperbolic functions.mac e672
  verified      -> deferred      t=8.2s -> t=4.5s 6 Hyperbolic functions/6.7 Miscellaneous/6.7.1 Hyperbolic functions.mac e673
  verified      -> contains-noun t=4.4s -> t=2.3s 6 Hyperbolic functions/6.7 Miscellaneous/6.7.1 Hyperbolic functions.mac e674
  verified      -> deferred      t=9.4s -> t=6.3s 6 Hyperbolic functions/6.7 Miscellaneous/6.7.1 Hyperbolic functions.mac e675
  verified      -> deferred      t=6.8s -> t=2.4s 6 Hyperbolic functions/6.7 Miscellaneous/6.7.1 Hyperbolic functions.mac e677
  verified      -> deferred      t=9.4s -> t=2.4s 6 Hyperbolic functions/6.7 Miscellaneous/6.7.1 Hyperbolic functions.mac e678
  verified      -> deferred      t=13.4s -> t=2.4s 6 Hyperbolic functions/6.7 Miscellaneous/6.7.1 Hyperbolic functions.mac e679
  verified      -> deferred      t=7.5s -> t=6.4s 6 Hyperbolic functions/6.7 Miscellaneous/6.7.1 Hyperbolic functions.mac e681
  verified      -> deferred      t=5.5s -> t=1.5s 6 Hyperbolic functions/6.7 Miscellaneous/6.7.1 Hyperbolic functions.mac e686
  verified      -> deferred      t=4.6s -> t=1.5s 6 Hyperbolic functions/6.7 Miscellaneous/6.7.1 Hyperbolic functions.mac e687
  verified      -> deferred      t=6.5s -> t=3.6s 6 Hyperbolic functions/6.7 Miscellaneous/6.7.1 Hyperbolic functions.mac e688
  verified      -> deferred      t=27.4s -> t=5.6s 6 Hyperbolic functions/6.7 Miscellaneous/6.7.1 Hyperbolic functions.mac e690
  verified      -> deferred      t=4.0s -> t=3.6s 6 Hyperbolic functions/6.7 Miscellaneous/6.7.1 Hyperbolic functions.mac e691
  verified      -> deferred      t=12.2s -> t=5.8s 6 Hyperbolic functions/6.7 Miscellaneous/6.7.1 Hyperbolic functions.mac e693
  verified      -> deferred      t=21.6s -> t=8.2s 6 Hyperbolic functions/6.7 Miscellaneous/6.7.1 Hyperbolic functions.mac e697
  verified      -> deferred      t=12.4s -> t=8.2s 6 Hyperbolic functions/6.7 Miscellaneous/6.7.1 Hyperbolic functions.mac e700
  verified      -> deferred      t=13.9s -> t=9.5s 6 Hyperbolic functions/6.7 Miscellaneous/6.7.1 Hyperbolic functions.mac e702
  verified      -> deferred      t=8.8s -> t=9.2s 6 Hyperbolic functions/6.7 Miscellaneous/6.7.1 Hyperbolic functions.mac e704
  verified      -> contains-noun t=12.2s -> t=6.0s 6 Hyperbolic functions/6.7 Miscellaneous/6.7.1 Hyperbolic functions.mac e715
  verified      -> deferred      t=8.2s -> t=8.0s 6 Hyperbolic functions/6.7 Miscellaneous/6.7.1 Hyperbolic functions.mac e732
  verified      -> deferred      t=11.5s -> t=10.4s 6 Hyperbolic functions/6.7 Miscellaneous/6.7.1 Hyperbolic functions.mac e733
  verified      -> deferred      t=3.5s -> t=1.8s 6 Hyperbolic functions/6.7 Miscellaneous/6.7.1 Hyperbolic functions.mac e742
  verified      -> deferred      t=2.0s -> t=1.7s 6 Hyperbolic functions/6.7 Miscellaneous/6.7.1 Hyperbolic functions.mac e749
  verified      -> deferred      t=16.9s -> t=3.6s 6 Hyperbolic functions/6.7 Miscellaneous/6.7.1 Hyperbolic functions.mac e750
  verified      -> deferred      t=4.4s -> t=2.1s 6 Hyperbolic functions/6.7 Miscellaneous/6.7.1 Hyperbolic functions.mac e757
  verified      -> deferred      t=8.1s -> t=3.4s 6 Hyperbolic functions/6.7 Miscellaneous/6.7.1 Hyperbolic functions.mac e783
  verified      -> deferred      t=12.8s -> t=3.9s 6 Hyperbolic functions/6.7 Miscellaneous/6.7.1 Hyperbolic functions.mac e786
  verified      -> deferred      t=2.0s -> t=1.8s 6 Hyperbolic functions/6.7 Miscellaneous/6.7.1 Hyperbolic functions.mac e808
  verified      -> deferred      t=3.1s -> t=2.2s 6 Hyperbolic functions/6.7 Miscellaneous/6.7.1 Hyperbolic functions.mac e809
  verified      -> deferred      t=4.2s -> t=3.0s 6 Hyperbolic functions/6.7 Miscellaneous/6.7.1 Hyperbolic functions.mac e810
  verified      -> deferred      t=2.0s -> t=1.9s 6 Hyperbolic functions/6.7 Miscellaneous/6.7.1 Hyperbolic functions.mac e811
  verified      -> deferred      t=2.3s -> t=2.3s 6 Hyperbolic functions/6.7 Miscellaneous/6.7.1 Hyperbolic functions.mac e812
  verified      -> deferred      t=2.8s -> t=3.0s 6 Hyperbolic functions/6.7 Miscellaneous/6.7.1 Hyperbolic functions.mac e813
  verified      -> deferred      t=1.7s -> t=1.8s 6 Hyperbolic functions/6.7 Miscellaneous/6.7.1 Hyperbolic functions.mac e814
  verified      -> deferred      t=2.3s -> t=2.2s 6 Hyperbolic functions/6.7 Miscellaneous/6.7.1 Hyperbolic functions.mac e815
  verified      -> deferred      t=2.7s -> t=2.9s 6 Hyperbolic functions/6.7 Miscellaneous/6.7.1 Hyperbolic functions.mac e816
  verified      -> deferred      t=1.8s -> t=1.8s 6 Hyperbolic functions/6.7 Miscellaneous/6.7.1 Hyperbolic functions.mac e817
  verified      -> deferred      t=3.4s -> t=2.3s 6 Hyperbolic functions/6.7 Miscellaneous/6.7.1 Hyperbolic functions.mac e818
  verified      -> deferred      t=3.4s -> t=3.1s 6 Hyperbolic functions/6.7 Miscellaneous/6.7.1 Hyperbolic functions.mac e819
  verified      -> deferred      t=2.4s -> t=1.8s 6 Hyperbolic functions/6.7 Miscellaneous/6.7.1 Hyperbolic functions.mac e820
  verified      -> deferred      t=2.5s -> t=2.3s 6 Hyperbolic functions/6.7 Miscellaneous/6.7.1 Hyperbolic functions.mac e821
  verified      -> deferred      t=5.2s -> t=3.0s 6 Hyperbolic functions/6.7 Miscellaneous/6.7.1 Hyperbolic functions.mac e822
  verified      -> deferred      t=1.8s -> t=1.9s 6 Hyperbolic functions/6.7 Miscellaneous/6.7.1 Hyperbolic functions.mac e823
  verified      -> deferred      t=2.1s -> t=2.2s 6 Hyperbolic functions/6.7 Miscellaneous/6.7.1 Hyperbolic functions.mac e824
  verified      -> deferred      t=2.8s -> t=3.0s 6 Hyperbolic functions/6.7 Miscellaneous/6.7.1 Hyperbolic functions.mac e825
  verified      -> deferred      t=24.9s -> t=2.0s 6 Hyperbolic functions/6.7 Miscellaneous/6.7.1 Hyperbolic functions.mac e832
  verified      -> deferred      t=18.5s -> t=6.9s 6 Hyperbolic functions/6.7 Miscellaneous/6.7.1 Hyperbolic functions.mac e838
  verified      -> deferred      t=7.8s -> t=6.8s 6 Hyperbolic functions/6.7 Miscellaneous/6.7.1 Hyperbolic functions.mac e839
  verified      -> deferred      t=18.4s -> t=18.1s 6 Hyperbolic functions/6.7 Miscellaneous/6.7.1 Hyperbolic functions.mac e856
  verified      -> deferred      t=10.4s -> t=12.5s 6 Hyperbolic functions/6.7 Miscellaneous/6.7.1 Hyperbolic functions.mac e983
  verified      -> deferred      t=6.4s -> t=6.3s 6 Hyperbolic functions/6.7 Miscellaneous/6.7.1 Hyperbolic functions.mac e985
  verified      -> deferred      t=6.3s -> t=6.0s 6 Hyperbolic functions/6.7 Miscellaneous/6.7.1 Hyperbolic functions.mac e986
  verified      -> deferred      t=24.6s -> t=6.4s 6 Hyperbolic functions/6.7 Miscellaneous/6.7.1 Hyperbolic functions.mac e989
  verified      -> deferred      t=7.1s -> t=7.1s 6 Hyperbolic functions/6.7 Miscellaneous/6.7.1 Hyperbolic functions.mac e996
  verified      -> deferred      t=6.7s -> t=6.3s 6 Hyperbolic functions/6.7 Miscellaneous/6.7.1 Hyperbolic functions.mac e997
  verified      -> deferred      t=8.5s -> t=9.4s 6 Hyperbolic functions/6.7 Miscellaneous/6.7.1 Hyperbolic functions.mac e998
  verified      -> deferred      t=5.7s -> t=5.9s 6 Hyperbolic functions/6.7 Miscellaneous/6.7.1 Hyperbolic functions.mac e1001
  verified      -> contains-noun t=3.6s -> t=3.5s 6 Hyperbolic functions/6.7 Miscellaneous/6.7.1 Hyperbolic functions.mac e1018
  verified      -> deferred      t=7.6s -> t=7.6s 6 Hyperbolic functions/6.7 Miscellaneous/6.7.1 Hyperbolic functions.mac e1021
  verified      -> deferred      t=11.7s -> t=13.4s 6 Hyperbolic functions/6.7 Miscellaneous/6.7.1 Hyperbolic functions.mac e1022
  verified      -> contains-noun t=8.0s -> t=7.2s 6 Hyperbolic functions/6.7 Miscellaneous/6.7.1 Hyperbolic functions.mac e1028
  verified      -> deferred      t=6.1s -> t=5.8s 6 Hyperbolic functions/6.7 Miscellaneous/6.7.1 Hyperbolic functions.mac e1034
  verified      -> deferred      t=15.2s -> t=6.0s 6 Hyperbolic functions/6.7 Miscellaneous/6.7.1 Hyperbolic functions.mac e1035
  verified      -> deferred      t=5.9s -> t=6.1s 6 Hyperbolic functions/6.7 Miscellaneous/6.7.1 Hyperbolic functions.mac e1036
  verified      -> deferred      t=18.9s -> t=16.8s 6 Hyperbolic functions/6.7 Miscellaneous/6.7.1 Hyperbolic functions.mac e1047
  verified      -> deferred      t=17.1s -> t=17.0s 6 Hyperbolic functions/6.7 Miscellaneous/6.7.1 Hyperbolic functions.mac e1048

=== FAIL->PASS (209) ===
  contains-noun -> no-answer     t=2.0s -> t=0.6s 6 Hyperbolic functions/6.1 Hyperbolic sine/6.1.1 (c+d x)^m (a+b sinh)^n.mac e27
  contains-noun -> no-answer     t=3.2s -> t=0.9s 6 Hyperbolic functions/6.1 Hyperbolic sine/6.1.1 (c+d x)^m (a+b sinh)^n.mac e32
  contains-noun -> no-answer     t=3.2s -> t=1.0s 6 Hyperbolic functions/6.1 Hyperbolic sine/6.1.1 (c+d x)^m (a+b sinh)^n.mac e37
  contains-noun -> no-answer     t=3.0s -> t=0.7s 6 Hyperbolic functions/6.1 Hyperbolic sine/6.1.1 (c+d x)^m (a+b sinh)^n.mac e65
  contains-noun -> no-answer     t=2.2s -> t=0.7s 6 Hyperbolic functions/6.1 Hyperbolic sine/6.1.1 (c+d x)^m (a+b sinh)^n.mac e66
  contains-noun -> no-answer     t=2.5s -> t=0.5s 6 Hyperbolic functions/6.1 Hyperbolic sine/6.1.1 (c+d x)^m (a+b sinh)^n.mac e76
  contains-noun -> no-answer     t=2.8s -> t=0.9s 6 Hyperbolic functions/6.1 Hyperbolic sine/6.1.1 (c+d x)^m (a+b sinh)^n.mac e77
  contains-noun -> no-answer     t=4.8s -> t=1.2s 6 Hyperbolic functions/6.1 Hyperbolic sine/6.1.1 (c+d x)^m (a+b sinh)^n.mac e112
  error         -> no-answer     t=4.0s -> t=1.2s 6 Hyperbolic functions/6.1 Hyperbolic sine/6.1.1 (c+d x)^m (a+b sinh)^n.mac e139
  error         -> no-answer     t=3.2s -> t=0.9s 6 Hyperbolic functions/6.1 Hyperbolic sine/6.1.1 (c+d x)^m (a+b sinh)^n.mac e140
  error         -> no-answer     t=3.6s -> t=1.2s 6 Hyperbolic functions/6.1 Hyperbolic sine/6.1.1 (c+d x)^m (a+b sinh)^n.mac e144
  error         -> no-answer     t=3.2s -> t=1.2s 6 Hyperbolic functions/6.1 Hyperbolic sine/6.1.1 (c+d x)^m (a+b sinh)^n.mac e145
  error         -> no-answer     t=3.4s -> t=1.0s 6 Hyperbolic functions/6.1 Hyperbolic sine/6.1.1 (c+d x)^m (a+b sinh)^n.mac e149
  error         -> no-answer     t=3.4s -> t=1.0s 6 Hyperbolic functions/6.1 Hyperbolic sine/6.1.1 (c+d x)^m (a+b sinh)^n.mac e150
  error         -> no-answer     t=3.6s -> t=1.3s 6 Hyperbolic functions/6.1 Hyperbolic sine/6.1.1 (c+d x)^m (a+b sinh)^n.mac e151
  contains-noun -> no-answer     t=5.4s -> t=1.3s 6 Hyperbolic functions/6.1 Hyperbolic sine/6.1.1 (c+d x)^m (a+b sinh)^n.mac e155
  contains-noun -> no-answer     t=5.9s -> t=1.2s 6 Hyperbolic functions/6.1 Hyperbolic sine/6.1.1 (c+d x)^m (a+b sinh)^n.mac e156
  error         -> verified      t=4.8s -> t=4.6s 6 Hyperbolic functions/6.1 Hyperbolic sine/6.1.5 Hyperbolic sine functions.mac e7
  error         -> verified      t=4.6s -> t=5.4s 6 Hyperbolic functions/6.1 Hyperbolic sine/6.1.5 Hyperbolic sine functions.mac e8
  error         -> verified      t=4.3s -> t=4.1s 6 Hyperbolic functions/6.1 Hyperbolic sine/6.1.5 Hyperbolic sine functions.mac e9
  error         -> verified      t=5.2s -> t=5.0s 6 Hyperbolic functions/6.1 Hyperbolic sine/6.1.5 Hyperbolic sine functions.mac e10
  error         -> verified      t=3.9s -> t=3.7s 6 Hyperbolic functions/6.1 Hyperbolic sine/6.1.5 Hyperbolic sine functions.mac e11
  error         -> verified      t=4.6s -> t=4.4s 6 Hyperbolic functions/6.1 Hyperbolic sine/6.1.5 Hyperbolic sine functions.mac e12
  error         -> verified      t=4.4s -> t=4.0s 6 Hyperbolic functions/6.1 Hyperbolic sine/6.1.5 Hyperbolic sine functions.mac e13
  error         -> verified      t=4.8s -> t=4.7s 6 Hyperbolic functions/6.1 Hyperbolic sine/6.1.5 Hyperbolic sine functions.mac e14
  error         -> verified      t=4.7s -> t=4.5s 6 Hyperbolic functions/6.1 Hyperbolic sine/6.1.5 Hyperbolic sine functions.mac e15
  error         -> verified      t=4.9s -> t=5.0s 6 Hyperbolic functions/6.1 Hyperbolic sine/6.1.5 Hyperbolic sine functions.mac e16
  error         -> verified      t=4.1s -> t=4.3s 6 Hyperbolic functions/6.1 Hyperbolic sine/6.1.5 Hyperbolic sine functions.mac e17
  error         -> verified      t=4.5s -> t=4.4s 6 Hyperbolic functions/6.1 Hyperbolic sine/6.1.5 Hyperbolic sine functions.mac e18
  error         -> verified      t=3.8s -> t=3.8s 6 Hyperbolic functions/6.1 Hyperbolic sine/6.1.5 Hyperbolic sine functions.mac e19
  error         -> verified      t=4.3s -> t=4.6s 6 Hyperbolic functions/6.1 Hyperbolic sine/6.1.5 Hyperbolic sine functions.mac e20
  error         -> verified      t=4.3s -> t=4.6s 6 Hyperbolic functions/6.1 Hyperbolic sine/6.1.5 Hyperbolic sine functions.mac e21
  error         -> verified      t=4.8s -> t=5.3s 6 Hyperbolic functions/6.1 Hyperbolic sine/6.1.5 Hyperbolic sine functions.mac e22
  error         -> verified      t=4.5s -> t=4.5s 6 Hyperbolic functions/6.1 Hyperbolic sine/6.1.5 Hyperbolic sine functions.mac e23
  error         -> verified      t=4.6s -> t=4.8s 6 Hyperbolic functions/6.1 Hyperbolic sine/6.1.5 Hyperbolic sine functions.mac e24
  error         -> verified      t=4.2s -> t=4.6s 6 Hyperbolic functions/6.1 Hyperbolic sine/6.1.5 Hyperbolic sine functions.mac e25
  error         -> verified      t=4.3s -> t=4.8s 6 Hyperbolic functions/6.1 Hyperbolic sine/6.1.5 Hyperbolic sine functions.mac e26
  error         -> verified      t=4.1s -> t=4.3s 6 Hyperbolic functions/6.1 Hyperbolic sine/6.1.5 Hyperbolic sine functions.mac e27
  error         -> verified      t=4.6s -> t=4.7s 6 Hyperbolic functions/6.1 Hyperbolic sine/6.1.5 Hyperbolic sine functions.mac e28
  error         -> verified      t=4.7s -> t=4.3s 6 Hyperbolic functions/6.1 Hyperbolic sine/6.1.5 Hyperbolic sine functions.mac e29
  error         -> verified      t=5.2s -> t=5.0s 6 Hyperbolic functions/6.1 Hyperbolic sine/6.1.5 Hyperbolic sine functions.mac e30
  error         -> verified      t=4.0s -> t=4.1s 6 Hyperbolic functions/6.1 Hyperbolic sine/6.1.5 Hyperbolic sine functions.mac e31
  error         -> verified      t=4.1s -> t=4.2s 6 Hyperbolic functions/6.1 Hyperbolic sine/6.1.5 Hyperbolic sine functions.mac e32
  error         -> verified      t=4.2s -> t=4.0s 6 Hyperbolic functions/6.1 Hyperbolic sine/6.1.5 Hyperbolic sine functions.mac e33
  error         -> verified      t=4.3s -> t=4.4s 6 Hyperbolic functions/6.1 Hyperbolic sine/6.1.5 Hyperbolic sine functions.mac e34
  error         -> verified      t=4.1s -> t=4.0s 6 Hyperbolic functions/6.1 Hyperbolic sine/6.1.5 Hyperbolic sine functions.mac e35
  error         -> verified      t=4.1s -> t=4.3s 6 Hyperbolic functions/6.1 Hyperbolic sine/6.1.5 Hyperbolic sine functions.mac e36
  contains-noun -> verified      t=27.4s -> t=29.9s 6 Hyperbolic functions/6.1 Hyperbolic sine/6.1.7 hyper^m (a+b sinh^n)^p.mac e21
  timeout       -> verified      t=30.0s -> t=29.5s 6 Hyperbolic functions/6.1 Hyperbolic sine/6.1.7 hyper^m (a+b sinh^n)^p.mac e148
  timeout       -> verified      t=30.1s -> t=28.1s 6 Hyperbolic functions/6.1 Hyperbolic sine/6.1.7 hyper^m (a+b sinh^n)^p.mac e214
  timeout       -> verified      t=30.1s -> t=26.8s 6 Hyperbolic functions/6.1 Hyperbolic sine/6.1.7 hyper^m (a+b sinh^n)^p.mac e215
  timeout       -> verified      t=30.1s -> t=28.4s 6 Hyperbolic functions/6.1 Hyperbolic sine/6.1.7 hyper^m (a+b sinh^n)^p.mac e216
  timeout       -> verified      t=30.2s -> t=20.2s 6 Hyperbolic functions/6.1 Hyperbolic sine/6.1.7 hyper^m (a+b sinh^n)^p.mac e242
  contains-noun -> no-answer     t=1.7s -> t=0.5s 6 Hyperbolic functions/6.2 Hyperbolic cosine/6.2.1 (c+d x)^m (a+b cosh)^n.mac e68
  contains-noun -> no-answer     t=1.5s -> t=0.6s 6 Hyperbolic functions/6.2 Hyperbolic cosine/6.2.1 (c+d x)^m (a+b cosh)^n.mac e69
  contains-noun -> no-answer     t=4.4s -> t=0.9s 6 Hyperbolic functions/6.2 Hyperbolic cosine/6.2.1 (c+d x)^m (a+b cosh)^n.mac e115
  error         -> no-answer     t=2.7s -> t=1.3s 6 Hyperbolic functions/6.2 Hyperbolic cosine/6.2.1 (c+d x)^m (a+b cosh)^n.mac e142
  error         -> no-answer     t=2.7s -> t=1.0s 6 Hyperbolic functions/6.2 Hyperbolic cosine/6.2.1 (c+d x)^m (a+b cosh)^n.mac e143
  error         -> no-answer     t=2.6s -> t=1.1s 6 Hyperbolic functions/6.2 Hyperbolic cosine/6.2.1 (c+d x)^m (a+b cosh)^n.mac e147
  error         -> no-answer     t=2.7s -> t=1.2s 6 Hyperbolic functions/6.2 Hyperbolic cosine/6.2.1 (c+d x)^m (a+b cosh)^n.mac e148
  error         -> no-answer     t=3.0s -> t=1.3s 6 Hyperbolic functions/6.2 Hyperbolic cosine/6.2.1 (c+d x)^m (a+b cosh)^n.mac e149
  error         -> no-answer     t=3.4s -> t=1.0s 6 Hyperbolic functions/6.2 Hyperbolic cosine/6.2.1 (c+d x)^m (a+b cosh)^n.mac e150
  contains-noun -> no-answer     t=4.4s -> t=1.0s 6 Hyperbolic functions/6.2 Hyperbolic cosine/6.2.1 (c+d x)^m (a+b cosh)^n.mac e154
  contains-noun -> no-answer     t=4.6s -> t=1.2s 6 Hyperbolic functions/6.2 Hyperbolic cosine/6.2.1 (c+d x)^m (a+b cosh)^n.mac e155
  contains-noun -> no-answer     t=1.9s -> t=0.6s 6 Hyperbolic functions/6.3 Hyperbolic tangent/6.3.1 (c+d x)^m (a+b tanh)^n.mac e5
  contains-noun -> no-answer     t=2.9s -> t=1.1s 6 Hyperbolic functions/6.3 Hyperbolic tangent/6.3.1 (c+d x)^m (a+b tanh)^n.mac e10
  contains-noun -> no-answer     t=3.1s -> t=1.2s 6 Hyperbolic functions/6.3 Hyperbolic tangent/6.3.1 (c+d x)^m (a+b tanh)^n.mac e15
  contains-noun -> no-answer     t=2.2s -> t=0.7s 6 Hyperbolic functions/6.3 Hyperbolic tangent/6.3.1 (c+d x)^m (a+b tanh)^n.mac e29
  contains-noun -> no-answer     t=2.2s -> t=0.6s 6 Hyperbolic functions/6.3 Hyperbolic tangent/6.3.1 (c+d x)^m (a+b tanh)^n.mac e30
  contains-noun -> no-answer     t=1.3s -> t=0.5s 6 Hyperbolic functions/6.3 Hyperbolic tangent/6.3.1 (c+d x)^m (a+b tanh)^n.mac e31
  contains-noun -> no-answer     t=6.2s -> t=1.0s 6 Hyperbolic functions/6.3 Hyperbolic tangent/6.3.1 (c+d x)^m (a+b tanh)^n.mac e48
  contains-noun -> no-answer     t=2.9s -> t=0.6s 6 Hyperbolic functions/6.3 Hyperbolic tangent/6.3.1 (c+d x)^m (a+b tanh)^n.mac e49
  contains-noun -> no-answer     t=2.6s -> t=0.5s 6 Hyperbolic functions/6.3 Hyperbolic tangent/6.3.1 (c+d x)^m (a+b tanh)^n.mac e56
  contains-noun -> no-answer     t=6.9s -> t=0.5s 6 Hyperbolic functions/6.3 Hyperbolic tangent/6.3.1 (c+d x)^m (a+b tanh)^n.mac e57
  contains-noun -> no-answer     t=5.6s -> t=0.9s 6 Hyperbolic functions/6.3 Hyperbolic tangent/6.3.1 (c+d x)^m (a+b tanh)^n.mac e61
  contains-noun -> no-answer     t=9.7s -> t=1.1s 6 Hyperbolic functions/6.3 Hyperbolic tangent/6.3.1 (c+d x)^m (a+b tanh)^n.mac e62
  contains-noun -> no-answer     t=11.9s -> t=1.1s 6 Hyperbolic functions/6.3 Hyperbolic tangent/6.3.1 (c+d x)^m (a+b tanh)^n.mac e66
  contains-noun -> no-answer     t=27.3s -> t=1.1s 6 Hyperbolic functions/6.3 Hyperbolic tangent/6.3.1 (c+d x)^m (a+b tanh)^n.mac e67
  error         -> verified      t=1.1s -> t=0.4s 6 Hyperbolic functions/6.3 Hyperbolic tangent/6.3.2 Hyperbolic tangent functions.mac e13
  error         -> verified      t=1.1s -> t=0.4s 6 Hyperbolic functions/6.3 Hyperbolic tangent/6.3.2 Hyperbolic tangent functions.mac e14
  error         -> verified      t=1.1s -> t=0.4s 6 Hyperbolic functions/6.3 Hyperbolic tangent/6.3.2 Hyperbolic tangent functions.mac e15
  error         -> verified      t=1.1s -> t=0.4s 6 Hyperbolic functions/6.3 Hyperbolic tangent/6.3.2 Hyperbolic tangent functions.mac e16
  error         -> verified      t=1.0s -> t=0.4s 6 Hyperbolic functions/6.3 Hyperbolic tangent/6.3.2 Hyperbolic tangent functions.mac e17
  error         -> verified      t=1.1s -> t=1.8s 6 Hyperbolic functions/6.3 Hyperbolic tangent/6.3.2 Hyperbolic tangent functions.mac e18
  error         -> verified      t=1.1s -> t=0.4s 6 Hyperbolic functions/6.3 Hyperbolic tangent/6.3.2 Hyperbolic tangent functions.mac e19
  error         -> verified      t=1.2s -> t=0.5s 6 Hyperbolic functions/6.3 Hyperbolic tangent/6.3.2 Hyperbolic tangent functions.mac e20
  error         -> expected      t=0.4s -> t=0.2s 6 Hyperbolic functions/6.3 Hyperbolic tangent/6.3.2 Hyperbolic tangent functions.mac e22
  error         -> expected      t=0.5s -> t=0.3s 6 Hyperbolic functions/6.3 Hyperbolic tangent/6.3.2 Hyperbolic tangent functions.mac e23
  error         -> expected      t=0.5s -> t=0.7s 6 Hyperbolic functions/6.3 Hyperbolic tangent/6.3.2 Hyperbolic tangent functions.mac e40
  error         -> expected      t=1.5s -> t=1.1s 6 Hyperbolic functions/6.3 Hyperbolic tangent/6.3.2 Hyperbolic tangent functions.mac e151
  error         -> expected      t=1.5s -> t=1.2s 6 Hyperbolic functions/6.3 Hyperbolic tangent/6.3.2 Hyperbolic tangent functions.mac e152
  error         -> expected      t=1.4s -> t=1.1s 6 Hyperbolic functions/6.3 Hyperbolic tangent/6.3.2 Hyperbolic tangent functions.mac e153
  error         -> expected      t=1.5s -> t=1.1s 6 Hyperbolic functions/6.3 Hyperbolic tangent/6.3.2 Hyperbolic tangent functions.mac e154
  error         -> expected      t=1.7s -> t=2.9s 6 Hyperbolic functions/6.3 Hyperbolic tangent/6.3.2 Hyperbolic tangent functions.mac e155
  error         -> expected      t=1.5s -> t=1.5s 6 Hyperbolic functions/6.3 Hyperbolic tangent/6.3.2 Hyperbolic tangent functions.mac e156
  timeout       -> verified      t=30.1s -> t=29.3s 6 Hyperbolic functions/6.3 Hyperbolic tangent/6.3.7 (d hyper)^m (a+b (c tanh)^n)^p.mac e52
  unverified    -> verified      t=28.5s -> t=2.1s 6 Hyperbolic functions/6.3 Hyperbolic tangent/6.3.7 (d hyper)^m (a+b (c tanh)^n)^p.mac e78
  timeout       -> verified      t=30.0s -> t=29.5s 6 Hyperbolic functions/6.3 Hyperbolic tangent/6.3.7 (d hyper)^m (a+b (c tanh)^n)^p.mac e89
  timeout       -> verified      t=30.1s -> t=12.7s 6 Hyperbolic functions/6.3 Hyperbolic tangent/6.3.7 (d hyper)^m (a+b (c tanh)^n)^p.mac e161
  contains-noun -> no-answer     t=1.2s -> t=0.4s 6 Hyperbolic functions/6.4 Hyperbolic cotangent/6.4.1 (c+d x)^m (a+b coth)^n.mac e4
  contains-noun -> no-answer     t=1.2s -> t=0.3s 6 Hyperbolic functions/6.4 Hyperbolic cotangent/6.4.1 (c+d x)^m (a+b coth)^n.mac e5
  contains-noun -> no-answer     t=2.0s -> t=0.7s 6 Hyperbolic functions/6.4 Hyperbolic cotangent/6.4.1 (c+d x)^m (a+b coth)^n.mac e9
  contains-noun -> no-answer     t=2.1s -> t=0.7s 6 Hyperbolic functions/6.4 Hyperbolic cotangent/6.4.1 (c+d x)^m (a+b coth)^n.mac e10
  contains-noun -> no-answer     t=2.1s -> t=0.7s 6 Hyperbolic functions/6.4 Hyperbolic cotangent/6.4.1 (c+d x)^m (a+b coth)^n.mac e14
  contains-noun -> no-answer     t=2.1s -> t=0.7s 6 Hyperbolic functions/6.4 Hyperbolic cotangent/6.4.1 (c+d x)^m (a+b coth)^n.mac e15
  contains-noun -> no-answer     t=5.6s -> t=0.9s 6 Hyperbolic functions/6.4 Hyperbolic cotangent/6.4.1 (c+d x)^m (a+b coth)^n.mac e32
  contains-noun -> no-answer     t=2.5s -> t=0.5s 6 Hyperbolic functions/6.4 Hyperbolic cotangent/6.4.1 (c+d x)^m (a+b coth)^n.mac e33
  contains-noun -> no-answer     t=2.2s -> t=0.5s 6 Hyperbolic functions/6.4 Hyperbolic cotangent/6.4.1 (c+d x)^m (a+b coth)^n.mac e40
  contains-noun -> no-answer     t=6.4s -> t=0.5s 6 Hyperbolic functions/6.4 Hyperbolic cotangent/6.4.1 (c+d x)^m (a+b coth)^n.mac e41
  contains-noun -> no-answer     t=5.2s -> t=0.9s 6 Hyperbolic functions/6.4 Hyperbolic cotangent/6.4.1 (c+d x)^m (a+b coth)^n.mac e45
  contains-noun -> no-answer     t=8.6s -> t=0.9s 6 Hyperbolic functions/6.4 Hyperbolic cotangent/6.4.1 (c+d x)^m (a+b coth)^n.mac e46
  contains-noun -> no-answer     t=10.7s -> t=1.1s 6 Hyperbolic functions/6.4 Hyperbolic cotangent/6.4.1 (c+d x)^m (a+b coth)^n.mac e50
  contains-noun -> no-answer     t=24.4s -> t=1.1s 6 Hyperbolic functions/6.4 Hyperbolic cotangent/6.4.1 (c+d x)^m (a+b coth)^n.mac e51
  error         -> verified      t=1.0s -> t=0.4s 6 Hyperbolic functions/6.4 Hyperbolic cotangent/6.4.2 Hyperbolic cotangent functions.mac e1
  error         -> verified      t=1.0s -> t=0.4s 6 Hyperbolic functions/6.4 Hyperbolic cotangent/6.4.2 Hyperbolic cotangent functions.mac e2
  error         -> verified      t=0.9s -> t=0.4s 6 Hyperbolic functions/6.4 Hyperbolic cotangent/6.4.2 Hyperbolic cotangent functions.mac e3
  error         -> verified      t=0.9s -> t=0.4s 6 Hyperbolic functions/6.4 Hyperbolic cotangent/6.4.2 Hyperbolic cotangent functions.mac e4
  error         -> verified      t=0.9s -> t=0.4s 6 Hyperbolic functions/6.4 Hyperbolic cotangent/6.4.2 Hyperbolic cotangent functions.mac e5
  error         -> verified      t=2.2s -> t=1.8s 6 Hyperbolic functions/6.4 Hyperbolic cotangent/6.4.2 Hyperbolic cotangent functions.mac e6
  error         -> verified      t=0.9s -> t=0.4s 6 Hyperbolic functions/6.4 Hyperbolic cotangent/6.4.2 Hyperbolic cotangent functions.mac e7
  error         -> verified      t=1.0s -> t=0.5s 6 Hyperbolic functions/6.4 Hyperbolic cotangent/6.4.2 Hyperbolic cotangent functions.mac e8
  error         -> verified      t=1.5s -> t=1.4s 6 Hyperbolic functions/6.4 Hyperbolic cotangent/6.4.2 Hyperbolic cotangent functions.mac e9
  error         -> verified      t=1.5s -> t=1.3s 6 Hyperbolic functions/6.4 Hyperbolic cotangent/6.4.2 Hyperbolic cotangent functions.mac e10
  error         -> verified      t=1.0s -> t=1.1s 6 Hyperbolic functions/6.4 Hyperbolic cotangent/6.4.2 Hyperbolic cotangent functions.mac e11
  error         -> verified      t=1.0s -> t=0.9s 6 Hyperbolic functions/6.4 Hyperbolic cotangent/6.4.2 Hyperbolic cotangent functions.mac e12
  error         -> verified      t=1.5s -> t=1.3s 6 Hyperbolic functions/6.4 Hyperbolic cotangent/6.4.2 Hyperbolic cotangent functions.mac e13
  error         -> verified      t=1.5s -> t=1.4s 6 Hyperbolic functions/6.4 Hyperbolic cotangent/6.4.2 Hyperbolic cotangent functions.mac e14
  error         -> expected      t=0.4s -> t=0.2s 6 Hyperbolic functions/6.4 Hyperbolic cotangent/6.4.2 Hyperbolic cotangent functions.mac e15
  error         -> expected      t=0.4s -> t=0.3s 6 Hyperbolic functions/6.4 Hyperbolic cotangent/6.4.2 Hyperbolic cotangent functions.mac e16
  error         -> verified      t=1.5s -> t=1.5s 6 Hyperbolic functions/6.4 Hyperbolic cotangent/6.4.2 Hyperbolic cotangent functions.mac e22
  error         -> verified      t=1.5s -> t=1.5s 6 Hyperbolic functions/6.4 Hyperbolic cotangent/6.4.2 Hyperbolic cotangent functions.mac e23
  error         -> verified      t=1.5s -> t=1.5s 6 Hyperbolic functions/6.4 Hyperbolic cotangent/6.4.2 Hyperbolic cotangent functions.mac e24
  error         -> verified      t=1.5s -> t=1.4s 6 Hyperbolic functions/6.4 Hyperbolic cotangent/6.4.2 Hyperbolic cotangent functions.mac e25
  error         -> verified      t=1.6s -> t=1.4s 6 Hyperbolic functions/6.4 Hyperbolic cotangent/6.4.2 Hyperbolic cotangent functions.mac e26
  error         -> verified      t=1.5s -> t=1.4s 6 Hyperbolic functions/6.4 Hyperbolic cotangent/6.4.2 Hyperbolic cotangent functions.mac e27
  error         -> expected      t=0.5s -> t=0.4s 6 Hyperbolic functions/6.4 Hyperbolic cotangent/6.4.2 Hyperbolic cotangent functions.mac e28
  error         -> verified      t=1.0s -> t=0.5s 6 Hyperbolic functions/6.4 Hyperbolic cotangent/6.4.2 Hyperbolic cotangent functions.mac e29
  error         -> verified      t=1.0s -> t=0.5s 6 Hyperbolic functions/6.4 Hyperbolic cotangent/6.4.2 Hyperbolic cotangent functions.mac e30
  error         -> verified      t=2.3s -> t=1.7s 6 Hyperbolic functions/6.4 Hyperbolic cotangent/6.4.2 Hyperbolic cotangent functions.mac e31
  error         -> verified      t=1.0s -> t=0.4s 6 Hyperbolic functions/6.4 Hyperbolic cotangent/6.4.2 Hyperbolic cotangent functions.mac e32
  error         -> verified      t=1.6s -> t=1.4s 6 Hyperbolic functions/6.4 Hyperbolic cotangent/6.4.2 Hyperbolic cotangent functions.mac e44
  error         -> verified      t=1.5s -> t=1.4s 6 Hyperbolic functions/6.4 Hyperbolic cotangent/6.4.2 Hyperbolic cotangent functions.mac e45
  error         -> verified      t=1.5s -> t=1.4s 6 Hyperbolic functions/6.4 Hyperbolic cotangent/6.4.2 Hyperbolic cotangent functions.mac e46
  error         -> verified      t=1.6s -> t=1.4s 6 Hyperbolic functions/6.4 Hyperbolic cotangent/6.4.2 Hyperbolic cotangent functions.mac e47
  error         -> verified      t=1.6s -> t=1.4s 6 Hyperbolic functions/6.4 Hyperbolic cotangent/6.4.2 Hyperbolic cotangent functions.mac e48
  error         -> verified      t=1.6s -> t=1.5s 6 Hyperbolic functions/6.4 Hyperbolic cotangent/6.4.2 Hyperbolic cotangent functions.mac e49
  error         -> expected      t=0.5s -> t=0.3s 6 Hyperbolic functions/6.4 Hyperbolic cotangent/6.4.2 Hyperbolic cotangent functions.mac e50
  error         -> expected      t=0.5s -> t=0.3s 6 Hyperbolic functions/6.4 Hyperbolic cotangent/6.4.2 Hyperbolic cotangent functions.mac e51
  error         -> expected      t=0.5s -> t=0.3s 6 Hyperbolic functions/6.4 Hyperbolic cotangent/6.4.2 Hyperbolic cotangent functions.mac e52
  error         -> expected      t=0.5s -> t=0.4s 6 Hyperbolic functions/6.4 Hyperbolic cotangent/6.4.2 Hyperbolic cotangent functions.mac e53
  error         -> expected      t=0.5s -> t=0.4s 6 Hyperbolic functions/6.4 Hyperbolic cotangent/6.4.2 Hyperbolic cotangent functions.mac e54
  error         -> expected      t=0.8s -> t=0.6s 6 Hyperbolic functions/6.4 Hyperbolic cotangent/6.4.2 Hyperbolic cotangent functions.mac e55
  error         -> expected      t=0.8s -> t=0.6s 6 Hyperbolic functions/6.4 Hyperbolic cotangent/6.4.2 Hyperbolic cotangent functions.mac e56
  error         -> expected      t=0.7s -> t=0.6s 6 Hyperbolic functions/6.4 Hyperbolic cotangent/6.4.2 Hyperbolic cotangent functions.mac e57
  error         -> expected      t=0.8s -> t=0.7s 6 Hyperbolic functions/6.4 Hyperbolic cotangent/6.4.2 Hyperbolic cotangent functions.mac e58
  error         -> expected      t=0.8s -> t=0.7s 6 Hyperbolic functions/6.4 Hyperbolic cotangent/6.4.2 Hyperbolic cotangent functions.mac e59
  error         -> expected      t=0.8s -> t=0.6s 6 Hyperbolic functions/6.4 Hyperbolic cotangent/6.4.2 Hyperbolic cotangent functions.mac e60
  error         -> expected      t=1.5s -> t=1.3s 6 Hyperbolic functions/6.4 Hyperbolic cotangent/6.4.2 Hyperbolic cotangent functions.mac e156
  error         -> expected      t=1.4s -> t=1.4s 6 Hyperbolic functions/6.4 Hyperbolic cotangent/6.4.2 Hyperbolic cotangent functions.mac e157
  error         -> expected      t=1.4s -> t=1.2s 6 Hyperbolic functions/6.4 Hyperbolic cotangent/6.4.2 Hyperbolic cotangent functions.mac e158
  error         -> expected      t=1.4s -> t=1.2s 6 Hyperbolic functions/6.4 Hyperbolic cotangent/6.4.2 Hyperbolic cotangent functions.mac e159
  error         -> expected      t=2.7s -> t=3.1s 6 Hyperbolic functions/6.4 Hyperbolic cotangent/6.4.2 Hyperbolic cotangent functions.mac e160
  error         -> expected      t=1.4s -> t=1.7s 6 Hyperbolic functions/6.4 Hyperbolic cotangent/6.4.2 Hyperbolic cotangent functions.mac e161
  contains-noun -> verified      t=13.9s -> t=12.7s 6 Hyperbolic functions/6.5 Hyperbolic secant/6.5.3 Hyperbolic secant functions.mac e125
  timeout       -> verified      t=30.1s -> t=6.7s 6 Hyperbolic functions/6.5 Hyperbolic secant/6.5.3 Hyperbolic secant functions.mac e136
  contains-noun -> no-answer     t=1.0s -> t=0.4s 6 Hyperbolic functions/6.6 Hyperbolic cosecant/6.6.1 (c+d x)^m (a+b csch)^n.mac e4
  contains-noun -> no-answer     t=1.7s -> t=0.6s 6 Hyperbolic functions/6.6 Hyperbolic cosecant/6.6.1 (c+d x)^m (a+b csch)^n.mac e8
  contains-noun -> no-answer     t=1.7s -> t=0.6s 6 Hyperbolic functions/6.6 Hyperbolic cosecant/6.6.1 (c+d x)^m (a+b csch)^n.mac e12
  error         -> verified      t=2.6s -> t=3.3s 6 Hyperbolic functions/6.6 Hyperbolic cosecant/6.6.3 Hyperbolic cosecant functions.mac e7
  error         -> verified      t=2.9s -> t=3.7s 6 Hyperbolic functions/6.6 Hyperbolic cosecant/6.6.3 Hyperbolic cosecant functions.mac e8
  error         -> verified      t=2.4s -> t=3.1s 6 Hyperbolic functions/6.6 Hyperbolic cosecant/6.6.3 Hyperbolic cosecant functions.mac e9
  error         -> verified      t=2.9s -> t=3.8s 6 Hyperbolic functions/6.6 Hyperbolic cosecant/6.6.3 Hyperbolic cosecant functions.mac e10
  error         -> verified      t=2.7s -> t=3.6s 6 Hyperbolic functions/6.6 Hyperbolic cosecant/6.6.3 Hyperbolic cosecant functions.mac e11
  error         -> verified      t=3.3s -> t=4.1s 6 Hyperbolic functions/6.6 Hyperbolic cosecant/6.6.3 Hyperbolic cosecant functions.mac e12
  error         -> verified      t=3.2s -> t=4.2s 6 Hyperbolic functions/6.6 Hyperbolic cosecant/6.6.3 Hyperbolic cosecant functions.mac e13
  error         -> verified      t=2.7s -> t=3.6s 6 Hyperbolic functions/6.6 Hyperbolic cosecant/6.6.3 Hyperbolic cosecant functions.mac e14
  error         -> verified      t=3.1s -> t=3.9s 6 Hyperbolic functions/6.6 Hyperbolic cosecant/6.6.3 Hyperbolic cosecant functions.mac e15
  error         -> verified      t=2.5s -> t=3.3s 6 Hyperbolic functions/6.6 Hyperbolic cosecant/6.6.3 Hyperbolic cosecant functions.mac e16
  error         -> verified      t=2.9s -> t=4.0s 6 Hyperbolic functions/6.6 Hyperbolic cosecant/6.6.3 Hyperbolic cosecant functions.mac e17
  error         -> verified      t=3.1s -> t=3.6s 6 Hyperbolic functions/6.6 Hyperbolic cosecant/6.6.3 Hyperbolic cosecant functions.mac e18
  error         -> verified      t=3.4s -> t=4.3s 6 Hyperbolic functions/6.6 Hyperbolic cosecant/6.6.3 Hyperbolic cosecant functions.mac e19
  error         -> verified      t=3.0s -> t=3.9s 6 Hyperbolic functions/6.6 Hyperbolic cosecant/6.6.3 Hyperbolic cosecant functions.mac e20
  contains-noun -> verified      t=1.6s -> t=2.1s 6 Hyperbolic functions/6.7 Miscellaneous/6.7.1 Hyperbolic functions.mac e26
  contains-noun -> verified      t=2.4s -> t=3.0s 6 Hyperbolic functions/6.7 Miscellaneous/6.7.1 Hyperbolic functions.mac e32
  error         -> verified      t=19.2s -> t=22.3s 6 Hyperbolic functions/6.7 Miscellaneous/6.7.1 Hyperbolic functions.mac e49
  error         -> verified      t=15.4s -> t=16.9s 6 Hyperbolic functions/6.7 Miscellaneous/6.7.1 Hyperbolic functions.mac e51
  error         -> verified      t=13.2s -> t=14.9s 6 Hyperbolic functions/6.7 Miscellaneous/6.7.1 Hyperbolic functions.mac e53
  error         -> verified      t=15.0s -> t=17.0s 6 Hyperbolic functions/6.7 Miscellaneous/6.7.1 Hyperbolic functions.mac e55
  error         -> verified      t=1.7s -> t=0.8s 6 Hyperbolic functions/6.7 Miscellaneous/6.7.1 Hyperbolic functions.mac e91
  error         -> expected      t=1.7s -> t=0.9s 6 Hyperbolic functions/6.7 Miscellaneous/6.7.1 Hyperbolic functions.mac e92
  contains-noun -> verified      t=1.5s -> t=1.9s 6 Hyperbolic functions/6.7 Miscellaneous/6.7.1 Hyperbolic functions.mac e105
  contains-noun -> verified      t=2.0s -> t=1.9s 6 Hyperbolic functions/6.7 Miscellaneous/6.7.1 Hyperbolic functions.mac e415
  contains-noun -> verified      t=1.4s -> t=2.0s 6 Hyperbolic functions/6.7 Miscellaneous/6.7.1 Hyperbolic functions.mac e484
  error         -> verified      t=3.5s -> t=4.2s 6 Hyperbolic functions/6.7 Miscellaneous/6.7.1 Hyperbolic functions.mac e544
  error         -> verified      t=3.8s -> t=4.6s 6 Hyperbolic functions/6.7 Miscellaneous/6.7.1 Hyperbolic functions.mac e545
  error         -> verified      t=3.6s -> t=4.0s 6 Hyperbolic functions/6.7 Miscellaneous/6.7.1 Hyperbolic functions.mac e546
  error         -> verified      t=3.5s -> t=4.3s 6 Hyperbolic functions/6.7 Miscellaneous/6.7.1 Hyperbolic functions.mac e547
  error         -> verified      t=3.4s -> t=3.8s 6 Hyperbolic functions/6.7 Miscellaneous/6.7.1 Hyperbolic functions.mac e548
  error         -> verified      t=3.6s -> t=4.3s 6 Hyperbolic functions/6.7 Miscellaneous/6.7.1 Hyperbolic functions.mac e549
  error         -> verified      t=3.4s -> t=4.0s 6 Hyperbolic functions/6.7 Miscellaneous/6.7.1 Hyperbolic functions.mac e550
  error         -> verified      t=3.9s -> t=4.5s 6 Hyperbolic functions/6.7 Miscellaneous/6.7.1 Hyperbolic functions.mac e551
  error         -> verified      t=3.7s -> t=4.3s 6 Hyperbolic functions/6.7 Miscellaneous/6.7.1 Hyperbolic functions.mac e552
  error         -> verified      t=3.3s -> t=3.8s 6 Hyperbolic functions/6.7 Miscellaneous/6.7.1 Hyperbolic functions.mac e553
  error         -> verified      t=3.5s -> t=4.1s 6 Hyperbolic functions/6.7 Miscellaneous/6.7.1 Hyperbolic functions.mac e554
  error         -> verified      t=3.0s -> t=3.5s 6 Hyperbolic functions/6.7 Miscellaneous/6.7.1 Hyperbolic functions.mac e555
  error         -> verified      t=3.7s -> t=4.0s 6 Hyperbolic functions/6.7 Miscellaneous/6.7.1 Hyperbolic functions.mac e556
  error         -> verified      t=3.2s -> t=3.8s 6 Hyperbolic functions/6.7 Miscellaneous/6.7.1 Hyperbolic functions.mac e557
  error         -> verified      t=3.9s -> t=4.4s 6 Hyperbolic functions/6.7 Miscellaneous/6.7.1 Hyperbolic functions.mac e558
  error         -> verified      t=3.6s -> t=4.1s 6 Hyperbolic functions/6.7 Miscellaneous/6.7.1 Hyperbolic functions.mac e559
