# arm final 1 Algebraic functions/1.1 Binomial products/1.1.1 Linear/1.1.1.2 (a+b x)^m (c+d x)^n.mac e56 integrand (a+b*x)^2/x
# core /home/serge/src/mr-ports/test/mr_rules.core sw {} cap 30 hit False cpu [0.351725]
  !! rubi: rule 1_4_1 r4 misfire (repl error) on (b^2*x^2+2*a*b*x+a^2)/x with [_mr_1_4_1_r4_u = 1/x,_mr_1_4_1_r4_Px = b^2*x^2+2*a*b*x+a^2]
  !! rubi: rule 1_4_1 r9 misfire (repl error) on (b^2*x^2+2*a*b*x+a^2)/x with [_mr_1_4_1_r9_c = 1,_mr_1_4_1_r9_m = -1,_mr_1_4_1_r9_u = b^2*x^2+2*a*b*x+a^2]
  !! rubi: rule 9_1 r14 misfire (repl error) on (b^2*x^2+2*a*b*x+a^2)/x with [_mr_9_1_r14_c = 1,_mr_9_1_r14_m = -1,_mr_9_1_r14_u = b^2*x^2+2*a*b*x+a^2]
  !! rubi: rule 9_1 r27 misfire (repl error) on (b^2*x^2+2*a*b*x+a^2)/x with [_mr_9_1_r27_p = 1,_mr_9_1_r27_b = 2*a*b,_mr_9_1_r27_c = b^2,_mr_9_1_r27_a = a^2,_mr_9_1_r27_u = 1/x]
  !! rubi: rule 9_3 r63 misfire (repl error) on (b^2*x^2+2*a*b*x+a^2)/x with [_mr_9_3_r63_u = (b^2*x^2+2*a*b*x+a^2)/x]
fired    9_3 r67  (b^2*x^2+2*a*b*x+a^2)/x
fired    1_2_3_1 r11  b^2*x+a^2/x+2*a*b
fired    1_1_1_2 r12  (b*x+a)^2/x
RUBI-CPU 0.292693 
ANSWER-LEN 40 UNINT true 
ANSWER 'unintegrable[(b^2*x^2+2*a*b*x+a^2)/x,x] 

# arm final 1 Algebraic functions/1.1 Binomial products/1.1.1 Linear/1.1.1.3 (a+b x)^m (c+d x)^n (e+f x)^p.mac e54 integrand (a+b*x)*(A+B*x)/x
# core /home/serge/src/mr-ports/test/mr_rules.core sw {} cap 30 hit False cpu [0.802226]
  !! rubi: rule 1_2_1_2 r73 misfire (repl error) on (B*b*x^2+B*a*((A*b)/(B*a)+1)*x+A*a)/x with [_mr_1_2_1_2_r73_e = 1,_mr_1_2_1_2_r73_d = 0,_mr_1_2_1_2_r73_m = -1,_mr_1_2_1_2_r73_p = 1,_mr_1_2_1_2_r73_b = B*a*((A*b)/(B*a)+1),_mr_1_2_1_2_r73_c = B*b,_mr_1_2_1_2_r73_a = A*a]
  !! rubi: rule 1_4_1 r9 misfire (repl error) on (B*b*x^2+B*a*((A*b)/(B*a)+1)*x+A*a)/x with [_mr_1_4_1_r9_c = 1,_mr_1_4_1_r9_m = -1,_mr_1_4_1_r9_u = B*b*x^2+B*a*((A*b)/(B*a)+1)*x+A*a]
  !! rubi: rule 9_1 r14 misfire (repl error) on (B*b*x^2+B*a*((A*b)/(B*a)+1)*x+A*a)/x with [_mr_9_1_r14_c = 1,_mr_9_1_r14_m = -1,_mr_9_1_r14_u = B*b*x^2+B*a*((A*b)/(B*a)+1)*x+A*a]
  !! rubi: rule 1_4_1 r9 misfire (repl error) on (B*b*x^2+A*b*x+B*a*x+A*a)/x with [_mr_1_4_1_r9_c = 1,_mr_1_4_1_r9_m = -1,_mr_1_4_1_r9_u = B*b*x^2+A*b*x+B*a*x+A*a]
  !! rubi: rule 1_4_2 r14 misfire (repl error) on (B*b*x^2+A*b*x+B*a*x+A*a)/x with [_mr_1_4_2_r14_u = x,_mr_1_4_2_r14_m = -1,_mr_1_4_2_r14_p = 1,_mr_1_4_2_r14_v = B*b*x^2+A*b*x+B*a*x+A*a]
  !! rubi: rule 1_2_1_2 r73 misfire (repl error) on (B*b*x^2+(A*b+B*a)*x+A*a)/x with [_mr_1_2_1_2_r73_e = 1,_mr_1_2_1_2_r73_d = 0,_mr_1_2_1_2_r73_m = -1,_mr_1_2_1_2_r73_p = 1,_mr_1_2_1_2_r73_b = A*b+B*a,_mr_1_2_1_2_r73_c = B*b,_mr_1_2_1_2_r73_a = A*a]
  !! rubi: rule 1_4_1 r9 misfire (repl error) on (B*b*x^2+(A*b+B*a)*x+A*a)/x with [_mr_1_4_1_r9_c = 1,_mr_1_4_1_r9_m = -1,_mr_1_4_1_r9_u = B*b*x^2+(A*b+B*a)*x+A*a]
  !! rubi: rule 9_1 r14 misfire (repl error) on (B*b*x^2+(A*b+B*a)*x+A*a)/x with [_mr_9_1_r14_c = 1,_mr_9_1_r14_m = -1,_mr_9_1_r14_u = B*b*x^2+(A*b+B*a)*x+A*a]
  !! rubi: rule 9_3 r62 misfire (repl error) on (B*b*x^2+(A*b+B*a)*x+A*a)/x with [_mr_9_3_r62_u = (B*b*x^2+(A*b+B*a)*x+A*a)/x]
  !! rubi: rule 9_3 r63 misfire (repl error) on (B*b*x^2+(A*b+B*a)*x+A*a)/x with [_mr_9_3_r63_u = (B*b*x^2+(A*b+B*a)*x+A*a)/x]
fired    9_3 r67  (B*b*x^2+(A*b+B*a)*x+A*a)/x
fired    9_1 r6  (B*b*x^2+A*b*x+B*a*x+A*a)/x
fired    9_3 r62  (B*b*x^2+B*a*((A*b)/(B*a)+1)*x+A*a)/x
fired    1_2_3_1 r11  B*b*x+(A*a)/x+B*a*((A*b)/(B*a)+1)
fired    1_1_1_3 r4  ((B*x+A)*(b*x+a))/x
RUBI-CPU 0.755695 
ANSWER-LEN 44 UNINT true 
ANSWER 'unintegrable[(B*b*x^2+(A*b+B*a)*x+A*a)/x,x] 

# arm final 1 Algebraic functions/1.1 Binomial products/1.1.1 Linear/1.1.1.3 (a+b x)^m (c+d x)^n (e+f x)^p.mac e65 integrand (a+b*x)^2*(A+B*x)/x
# core /home/serge/src/mr-ports/test/mr_rules.core sw {} cap 30 hit False cpu [0.351739]
  !! rubi: rule 1_4_1 r4 misfire (repl error) on (b^2*x^2+2*a*b*x+a^2)/x with [_mr_1_4_1_r4_u = 1/x,_mr_1_4_1_r4_Px = b^2*x^2+2*a*b*x+a^2]
  !! rubi: rule 1_4_1 r9 misfire (repl error) on (b^2*x^2+2*a*b*x+a^2)/x with [_mr_1_4_1_r9_c = 1,_mr_1_4_1_r9_m = -1,_mr_1_4_1_r9_u = b^2*x^2+2*a*b*x+a^2]
  !! rubi: rule 9_1 r14 misfire (repl error) on (b^2*x^2+2*a*b*x+a^2)/x with [_mr_9_1_r14_c = 1,_mr_9_1_r14_m = -1,_mr_9_1_r14_u = b^2*x^2+2*a*b*x+a^2]
  !! rubi: rule 9_1 r27 misfire (repl error) on (b^2*x^2+2*a*b*x+a^2)/x with [_mr_9_1_r27_p = 1,_mr_9_1_r27_b = 2*a*b,_mr_9_1_r27_c = b^2,_mr_9_1_r27_a = a^2,_mr_9_1_r27_u = 1/x]
  !! rubi: rule 9_3 r63 misfire (repl error) on (b^2*x^2+2*a*b*x+a^2)/x with [_mr_9_3_r63_u = (b^2*x^2+2*a*b*x+a^2)/x]
fired    9_3 r67  (b^2*x^2+2*a*b*x+a^2)/x
fired    1_2_3_1 r11  b^2*x+a^2/x+2*a*b
fired    1_1_1_2 r12  (b*x+a)^2/x
fired    1_1_1_3 r8  ((B*x+A)*(b*x+a)^2)/x
RUBI-CPU 0.302979 
ANSWER-LEN 62 UNINT true 
ANSWER A*'unintegrable[(b^2*x^2+2*a*b*x+a^2)/x,x]+(B*(b*x+a)^3)/(3*b) 

# arm final 1 Algebraic functions/1.1 Binomial products/1.1.1 Linear/1.1.1.3 (a+b x)^m (c+d x)^n (e+f x)^p.mac e287 integrand 1/(x*(a+b*x)^3*(c+d*x)^3)
# core /home/serge/src/mr-ports/test/mr_rules.core sw {} cap 30 hit True cpu [30.055592]
  !! rubi: rule 1_4_1 r18 misfire (repl error) on (-(a^3*c*d^3)+3*a^2*b*c^2*d^2-3*a*b^2*c^3*d+b^3*c^4)^2/(-(a^3*c*d^4*x)+3*a^2*b*c^2*d^3*x-3*a*b^2*c^3*d^2*x+b^3*c^4*d*x-a^3*c^2*d^3+3*a^2*b*c^3*d^2-3*a*b^2*c^4*d+b^3*c^5)^3 with [_mr_1_4_1_r18_Px = -(a^3*c*d^4*x)+3*a^2*b*c^2*d^3*x-3*a*b^2*c^3*d^2*x+b^3*c^4
fired    1_4_1 r20  (-(a^3*c*d^3)+3*a^2*b*c^2*d^2-3*a*b^2*c^3*d+b^3*c^4)^2/(-(a^3*c*d^4*x)+3*a^2*b*c^2*d^3*x-3*a*b^2*c^3*d^2*x+b^3*c^4*d*x-a^3*c^2*d^3+3*a^2*b*c^3*d^2-3*a*b^2*c^4*d
fired    1_4_1 r18  1/((-(a^3*c*d^3)+3*a^2*b*c^2*d^2-3*a*b^2*c^3*d+b^3*c^4)*(d*x+c)^3)
fired    1_3_3 r12  1/(-(a^3*c*d^6*x^3)+3*a^2*b*c^2*d^5*x^3-3*a*b^2*c^3*d^4*x^3+b^3*c^4*d^3*x^3-3*a^3*c^2*d^5*x^2+9*a^2*b*c^3*d^4*x^2-9*a*b^2*c^4*d^3*x^2+3*b^3*c^5*d^2*x^2-3*a^3*c^
  !! rubi: rule 1_4_1 r18 misfire (repl error) on (-(a^4*d^3)+3*a^3*b*c*d^2-3*a^2*b^2*c^2*d+a*b^3*c^3)^2/(-(a^4*b*d^3*x)+3*a^3*b^2*c*d^2*x-3*a^2*b^3*c^2*d*x+a*b^4*c^3*x-a^5*d^3+3*a^4*b*c*d^2-3*a^3*b^2*c^2*d+a^2*b^3*c^3)^3 with [_mr_1_4_1_r18_Px = -(a^4*b*d^3*x)+3*a^3*b^2*c*d^2*x-3*a^2*b^3*c^2*d*x+a*b^4*c
fired    1_4_1 r20  (-(a^4*d^3)+3*a^3*b*c*d^2-3*a^2*b^2*c^2*d+a*b^3*c^3)^2/(-(a^4*b*d^3*x)+3*a^3*b^2*c*d^2*x-3*a^2*b^3*c^2*d*x+a*b^4*c^3*x-a^5*d^3+3*a^4*b*c*d^2-3*a^3*b^2*c^2*d+a^2
fired    1_4_1 r18  1/((-(a^4*d^3)+3*a^3*b*c*d^2-3*a^2*b^2*c^2*d+a*b^3*c^3)*(b*x+a)^3)
fired    1_3_3 r12  1/(-(a^4*b^3*d^3*x^3)+3*a^3*b^4*c*d^2*x^3-3*a^2*b^5*c^2*d*x^3+a*b^6*c^3*x^3-3*a^5*b^2*d^3*x^2+9*a^4*b^3*c*d^2*x^2-9*a^3*b^4*c^2*d*x^2+3*a^2*b^5*c^3*x^2-3*a^6*b*
  !! rubi: rule 1_4_2 r13 misfire (repl error) on 1/(a^4*c^2*d^6*x^2-4*a^3*b*c^3*d^5*x^2+6*a^2*b^2*c^4*d^4*x^2-4*a*b^3*c^5*d^3*x^2+b^4*c^6*d^2*x^2+2*a^4*c^3*d^5*x-8*a^3*b*c^4*d^4*x+12*a^2*b^2*c^5*d^3*x-8*a*b^3*c^6*d^2*x+2*b^4*c^7*d*x+a^4*c^4*d^4-4*a^3*b*c^5*d^3+6*a^2*b^2*c^6*d^2-4*a*b^3*c^7*d+b^4*c^8) wi
  !! rubi: rule 1_4_2 r13 misfire (repl error) on 1/((a^4*c^2*d^6+b^4*c^6*d^2)*x^2-4*a^3*b*c^3*d^5*x^2+6*a^2*b^2*c^4*d^4*x^2-4*a*b^3*c^5*d^3*x^2+2*a^4*c^3*d^5*x-8*a^3*b*c^4*d^4*x+12*a^2*b^2*c^5*d^3*x-8*a*b^3*c^6*d^2*x+2*b^4*c^7*d*x+a^4*c^4*d^4-4*a^3*b*c^5*d^3+6*a^2*b^2*c^6*d^2-4*a*b^3*c^7*d+b^4*c^8) with

# arm final 1 Algebraic functions/1.1 Binomial products/1.1.1 Linear/1.1.1.3 (a+b x)^m (c+d x)^n (e+f x)^p.mac e2262 integrand (2+3*x)^4*(3+5*x)^(3/2)*sqrt(1-2*x)
# core /home/serge/src/mr-ports/test/mr_rules.core sw {} cap 30 hit False cpu [27.920382]
fired    1_1_2_1 r17  1/sqrt(11-2*x^2)
fired    1_1_1_2 r23  1/(sqrt(1-2*x)*sqrt(5*x+3))
fired    1_1_1_2 r19  sqrt(1-2*x)/sqrt(5*x+3)
fired    1_1_1_2 r19  sqrt(1-2*x)*sqrt(5*x+3)
fired    1_1_1_2 r19  sqrt(1-2*x)*(5*x+3)^(3/2)
fired    9_1 r12  (515*sqrt(1-2*x)*(5*x+3)^(3/2))/4
fired    9_3 r9  sqrt(1-2*x)*(5*x+3)^(3/2)*(5*x+6)*((2575*x)/(100*x^2+240*x+144)+1545/(50*x^2+120*x+72))
fired    1_1_1_6 r7  -((sqrt(1-2*x)*(5*x+3)^(3/2)*(5*x+6))/2)
fired    1_1_1_3 r19  sqrt(1-2*x)*x^2*(5*x+3)^(3/2)
fired    1_1_2_1 r17  1/sqrt(11-2*x^2)
fired    1_1_1_2 r23  1/(sqrt(1-2*x)*sqrt(5*x+3))
fired    1_1_1_2 r19  sqrt(1-2*x)/sqrt(5*x+3)
fired    1_1_1_2 r19  sqrt(1-2*x)*sqrt(5*x+3)
fired    1_1_1_2 r19  sqrt(1-2*x)*(5*x+3)^(3/2)
fired    1_1_1_3 r8  sqrt(1-2*x)*x*(5*x+3)^(3/2)
fired    1_1_2_1 r17  1/sqrt(11-2*x^2)
fired    1_1_1_2 r23  1/(sqrt(1-2*x)*sqrt(5*x+3))
fired    1_1_1_2 r19  sqrt(1-2*x)/sqrt(5*x+3)
fired    1_1_1_2 r19  sqrt(1-2*x)*sqrt(5*x+3)
fired    1_1_1_2 r19  sqrt(1-2*x)*(5*x+3)^(3/2)
fired    1_4_1 r7  -(3438*sqrt(1-2*x)*x^2*(5*x+3)^(3/2))-4584*sqrt(1-2*x)*x*(5*x+3)^(3/2)-1528*sqrt(1-2*x)*(5*x+3)^(3/2)
fired    9_3 r63  (5*x+3)^(3/2)*(-(3438*sqrt(1-2*x)*x^2)-4584*sqrt(1-2*x)*x-1528*sqrt(1-2*x))
fired    1_1_2_1 r17  1/sqrt(11-2*x^2)
fired    1_1_1_2 r23  1/(sqrt(1-2*x)*sqrt(5*x+3))
fired    1_1_1_2 r19  sqrt(1-2*x)/sqrt(5*x+3)
fired    1_1_1_2 r19  sqrt(1-2*x)*sqrt(5*x+3)
fired    1_1_1_2 r19  sqrt(1-2*x)*(5*x+3)^(3/2)
fired    9_1 r12  (515*sqrt(1-2*x)*(5*x+3)^(3/2))/4
fired    9_3 r9  sqrt(1-2*x)*(5*x+3)^(3/2)*(5*x+6)*((2575*x)/(100*x^2+240*x+144)+1545/(50*x^2+120*x+72))
fired    1_1_1_6 r7  -((sqrt(1-2*x)*(5*x+3)^(3/2)*(5*x+6))/2)
fired    1_1_1_3 r19  sqrt(1-2*x)*x^2*(5*x+3)^(3/2)
fired    1_1_2_1 r17  1/sqrt(11-2*x^2)
fired    1_1_1_2 r23  1/(sqrt(1-2*x)*sqrt(5*x+3))
fired    1_1_1_2 r19  sqrt(1-2*x)/sqrt(5*x+3)
fired    1_1_1_2 r19  sqrt(1-2*x)*sqrt(5*x+3)
fired    1_1_1_2 r19  sqrt(1-2*x)*(5*x+3)^(3/2)
fired    1_1_1_3 r8  sqrt(1-2*x)*x*(5*x+3)^(3/2)
fired    1_4_1 r7  -((3*sqrt(1-2*x)*x^2*(5*x+3)^(3/2))/2)-6*sqrt(1-2*x)*x*(5*x+3)^(3/2)
fired    1_1_1_7 r25  -((sqrt(1-2*x)*x*(3*x+12)*(5*x+3)^(3/2))/2)
fired    1_1_1_3 r29  sqrt(1-2*x)*x^3*(5*x+3)^(3/2)
fired    1_1_2_1 r17  1/sqrt(11-2*x^2)
fired    1_1_1_2 r23  1/(sqrt(1-2*x)*sqrt(5*x+3))
fired    1_1_1_2 r19  sqrt(1-2*x)/sqrt(5*x+3)
fired    1_1_1_2 r19  sqrt(1-2*x)*sqrt(5*x+3)
fired    1_1_1_2 r19  sqrt(1-2*x)*(5*x+3)^(3/2)
fired    9_1 r12  (515*sqrt(1-2*x)*(5*x+3)^(3/2))/4
fired    9_3 r9  sqrt(1-2*x)*(5*x+3)^(3/2)*(5*x+6)*((2575*x)/(100*x^2+240*x+144)+1545/(50*x^2+120*x+72))
fired    1_1_1_6 r7  -((sqrt(1-2*x)*(5*x+3)^(3/2)*(5*x+6))/2)
fired    1_1_1_3 r19  sqrt(1-2*x)*x^2*(5*x+3)^(3/2)
fired    1_1_2_1 r17  1/sqrt(11-2*x^2)
fired    1_1_1_2 r23  1/(sqrt(1-2*x)*sqrt(5*x+3))
fired    1_1_1_2 r19  sqrt(1-2*x)/sqrt(5*x+3)
fired    1_1_1_2 r19  sqrt(1-2*x)*sqrt(5*x+3)
fired    1_1_1_2 r19  sqrt(1-2*x)*(5*x+3)^(3/2)
fired    1_1_1_3 r8  sqrt(1-2*x)*x*(5*x+3)^(3/2)
fired    1_4_1 r7  10881*sqrt(1-2*x)*x^3*(5*x+3)^(3/2)+14508*sqrt(1-2*x)*x^2*(5*x+3)^(3/2)+4836*sqrt(1-2*x)*x*(5*x+3)^(3/2)
fired    9_3 r63  (5*x+3)^(3/2)*(10881*sqrt(1-2*x)*x^3+14508*sqrt(1-2*x)*x^2+4836*sqrt(1-2*x)*x)
fired    1_4_1 r7  (5*x+3)^(3/2)*(-(3438*sqrt(1-2*x)*x^2)-4584*sqrt(1-2*x)*x-1528*sqrt(1-2*x))-((5*x+3)^(3/2)*(10881*sqrt(1-2*x)*x^3+14508*sqrt(1-2*x)*x^2+4836*sqrt(1-2*x)*x))/2
fired    1_1_1_7 r25  -((sqrt(1-2*x)*(3*x+2)^2*(5*x+3)^(3/2)*(1209*x+764))/2)
fired    1_1_1_3 r29  sqrt(1-2*x)*(3*x+2)^4*(5*x+3)^(3/2)
RUBI-CPU 27.869652 
ANSWER-LEN 1726 UNINT false 
ANSWER -((-((10881*(-((-((3*(-((((1-2*x)^(3/2)*(5*x+3)^(5/2))/16-(103*((11*((11*((11*asin((sqrt(2)*sqrt(5*x+3))/sqrt(11)))/(sqrt(2)*5^(3/2))+(sqrt(1-2*x)*sqrt(5*x+3))/5))/8-((1-2*x)^(3/2)*sqrt(5*x+3))/4))/4-((1-2*x)^(3/2)*(5*x+3)^(3/2))/6))/32)/50)-((1-2*x)^(3/2)*x*(5*x+3)^(5/2))/50))/2)-6*((7*((11*((11*((11*asin((sqrt(2)*sqrt(5*x+3))/sqrt(11)))/(sqrt(2)*5^(3/2))+(sqrt(1-2*x)*sqrt(5*x+3))/5))/8-((1-2*x)^(3/2)*sqrt(5*x+3))/4))/4-((1-2*x)^(3/2)*(5*x+3)^(3/2))/6))/80-((1-2*x)^(3/2)*(5*x+3)^(5/2))/40))/60)-((1-2*x)^(3/2)*x^2*(5*x+3)^(5/2))/60)+14508*(-((((1-2*x)^(3/2)*(5*x+3)^(5/2))/16-(103*((11*(...

# arm final 1 Algebraic functions/1.1 Binomial products/1.1.1 Linear/1.1.1.3 (a+b x)^m (c+d x)^n (e+f x)^p.mac e2412 integrand (1-2*x)^(5/2)*(2+3*x)^4/sqrt(3+5*x)
# core /home/serge/src/mr-ports/test/mr_rules.core sw {} cap 30 hit False cpu [28.706026]
fired    1_1_2_1 r17  1/sqrt(11-2*x^2)
fired    1_1_1_2 r23  1/(sqrt(1-2*x)*sqrt(5*x+3))
fired    1_1_1_2 r19  sqrt(1-2*x)/sqrt(5*x+3)
fired    1_1_1_2 r19  (1-2*x)^(3/2)/sqrt(5*x+3)
fired    1_1_1_2 r19  (1-2*x)^(5/2)/sqrt(5*x+3)
fired    9_1 r12  (641*(1-2*x)^(5/2))/sqrt(5*x+3)
fired    1_4_1 r10  (641*(1-2*x)^(5/2)*(39*x-6))/(sqrt(5*x+3)*(52*x-8))
fired    9_3 r62  ((1-2*x)^(5/2)*(39*x-6)*((74997*x)/(6084*x^2-1872*x+144)-5769/(3042*x^2-936*x+72)))/sqrt(5*x+3)
fired    1_1_1_6 r7  ((1-2*x)^(5/2)*(39*x-6))/(2*sqrt(5*x+3))
fired    1_1_1_3 r19  ((1-2*x)^(5/2)*x^2)/sqrt(5*x+3)
fired    1_1_2_1 r17  1/sqrt(11-2*x^2)
fired    1_1_1_2 r23  1/(sqrt(1-2*x)*sqrt(5*x+3))
fired    1_1_1_2 r19  sqrt(1-2*x)/sqrt(5*x+3)
fired    1_1_1_2 r19  (1-2*x)^(3/2)/sqrt(5*x+3)
fired    1_1_1_2 r19  (1-2*x)^(5/2)/sqrt(5*x+3)
fired    1_1_1_3 r8  ((1-2*x)^(5/2)*x)/sqrt(5*x+3)
fired    1_4_1 r7  (41*(1-2*x)^(5/2)*x^2)/(2*sqrt(5*x+3))-(6*(1-2*x)^(5/2)*x)/sqrt(5*x+3)
fired    1_1_1_7 r25  ((1-2*x)^(5/2)*x*(41*x-12))/(2*sqrt(5*x+3))
fired    1_1_1_3 r29  ((1-2*x)^(5/2)*x^3)/sqrt(5*x+3)
fired    1_1_2_1 r17  1/sqrt(11-2*x^2)
fired    1_1_1_2 r23  1/(sqrt(1-2*x)*sqrt(5*x+3))
fired    1_1_1_2 r19  sqrt(1-2*x)/sqrt(5*x+3)
fired    1_1_1_2 r19  (1-2*x)^(3/2)/sqrt(5*x+3)
fired    1_1_1_2 r19  (1-2*x)^(5/2)/sqrt(5*x+3)
fired    9_1 r12  (641*(1-2*x)^(5/2))/sqrt(5*x+3)
fired    1_4_1 r10  (641*(1-2*x)^(5/2)*(39*x-6))/(sqrt(5*x+3)*(52*x-8))
fired    9_3 r62  ((1-2*x)^(5/2)*(39*x-6)*((74997*x)/(6084*x^2-1872*x+144)-5769/(3042*x^2-936*x+72)))/sqrt(5*x+3)
fired    1_1_1_6 r7  ((1-2*x)^(5/2)*(39*x-6))/(2*sqrt(5*x+3))
fired    1_1_1_3 r19  ((1-2*x)^(5/2)*x^2)/sqrt(5*x+3)
fired    1_1_2_1 r17  1/sqrt(11-2*x^2)
fired    1_1_1_2 r23  1/(sqrt(1-2*x)*sqrt(5*x+3))
fired    1_1_1_2 r19  sqrt(1-2*x)/sqrt(5*x+3)
fired    1_1_1_2 r19  (1-2*x)^(3/2)/sqrt(5*x+3)
fired    1_1_1_2 r19  (1-2*x)^(5/2)/sqrt(5*x+3)
fired    1_1_1_3 r8  ((1-2*x)^(5/2)*x)/sqrt(5*x+3)
fired    1_4_1 r7  (7317*(1-2*x)^(5/2)*x^3)/sqrt(5*x+3)+(9756*(1-2*x)^(5/2)*x^2)/sqrt(5*x+3)+(3252*(1-2*x)^(5/2)*x)/sqrt(5*x+3)
fired    9_3 r63  (7317*(1-2*x)^(5/2)*x^3+9756*(1-2*x)^(5/2)*x^2+3252*(1-2*x)^(5/2)*x)/sqrt(5*x+3)
fired    1_1_2_1 r17  1/sqrt(11-2*x^2)
fired    1_1_1_2 r23  1/(sqrt(1-2*x)*sqrt(5*x+3))
fired    1_1_1_2 r19  sqrt(1-2*x)/sqrt(5*x+3)
fired    1_1_1_2 r19  (1-2*x)^(3/2)/sqrt(5*x+3)
fired    1_1_1_2 r19  (1-2*x)^(5/2)/sqrt(5*x+3)
fired    9_1 r12  (641*(1-2*x)^(5/2))/sqrt(5*x+3)
fired    1_4_1 r10  (641*(1-2*x)^(5/2)*(39*x-6))/(sqrt(5*x+3)*(52*x-8))
fired    9_3 r62  ((1-2*x)^(5/2)*(39*x-6)*((74997*x)/(6084*x^2-1872*x+144)-5769/(3042*x^2-936*x+72)))/sqrt(5*x+3)
fired    1_1_1_6 r7  ((1-2*x)^(5/2)*(39*x-6))/(2*sqrt(5*x+3))
fired    1_1_1_3 r19  ((1-2*x)^(5/2)*x^2)/sqrt(5*x+3)
fired    1_1_2_1 r17  1/sqrt(11-2*x^2)
fired    1_1_1_2 r23  1/(sqrt(1-2*x)*sqrt(5*x+3))
fired    1_1_1_2 r19  sqrt(1-2*x)/sqrt(5*x+3)
fired    1_1_1_2 r19  (1-2*x)^(3/2)/sqrt(5*x+3)
fired    1_1_1_2 r19  (1-2*x)^(5/2)/sqrt(5*x+3)
fired    1_1_1_3 r8  ((1-2*x)^(5/2)*x)/sqrt(5*x+3)
fired    1_1_2_1 r17  1/sqrt(11-2*x^2)
fired    1_1_1_2 r23  1/(sqrt(1-2*x)*sqrt(5*x+3))
fired    1_1_1_2 r19  sqrt(1-2*x)/sqrt(5*x+3)
fired    1_1_1_2 r19  (1-2*x)^(3/2)/sqrt(5*x+3)
fired    1_1_1_2 r19  (1-2*x)^(5/2)/sqrt(5*x+3)
fired    1_4_1 r7  (2250*(1-2*x)^(5/2)*x^2)/sqrt(5*x+3)+(3000*(1-2*x)^(5/2)*x)/sqrt(5*x+3)+(1000*(1-2*x)^(5/2))/sqrt(5*x+3)
fired    9_3 r63  (2250*(1-2*x)^(5/2)*x^2+3000*(1-2*x)^(5/2)*x+1000*(1-2*x)^(5/2))/sqrt(5*x+3)
fired    1_4_1 r7  -((7317*(1-2*x)^(5/2)*x^3+9756*(1-2*x)^(5/2)*x^2+3252*(1-2*x)^(5/2)*x)/(2*sqrt(5*x+3)))-(2250*(1-2*x)^(5/2)*x^2+3000*(1-2*x)^(5/2)*x+1000*(1-2*x)^(5/2))/sqrt(5*
fired    1_1_1_7 r25  -(((1-2*x)^(5/2)*(3*x+2)^2*(813*x+500))/(2*sqrt(5*x+3)))
fired    1_1_1_3 r29  ((1-2*x)^(5/2)*(3*x+2)^4)/sqrt(5*x+3)
RUBI-CPU 28.651263 
ANSWER-LEN 1743 UNINT false 
ANSWER -((-((7317*(-(((41*(-((-((1923*((11*((33*((11*asin((sqrt(2)*sqrt(5*x+3))/sqrt(11)))/(sqrt(2)*5^(3/2))+(sqrt(1-2*x)*sqrt(5*x+3))/5))/20+((1-2*x)^(3/2)*sqrt(5*x+3))/10))/6+((1-2*x)^(5/2)*sqrt(5*x+3))/15))/160)-(39*(1-2*x)^(7/2)*sqrt(5*x+3))/80)/50)-((1-2*x)^(7/2)*x*sqrt(5*x+3))/50))/2-6*(-((37*((11*((33*((11*asin((sqrt(2)*sqrt(5*x+3))/sqrt(11)))/(sqrt(2)*5^(3/2))+(sqrt(1-2*x)*sqrt(5*x+3))/5))/20+((1-2*x)^(3/2)*sqrt(5*x+3))/10))/6+((1-2*x)^(5/2)*sqrt(5*x+3))/15))/80)-((1-2*x)^(7/2)*sqrt(5*x+3))/40))/60)-((1-2*x)^(7/2)*x^2*sqrt(5*x+3))/60)+9756*(-((-((1923*((11*((33*((11*asin((sqrt(2)*sqrt(...

# arm final 1 Algebraic functions/1.1 Binomial products/1.1.1 Linear/1.1.1.3 (a+b x)^m (c+d x)^n (e+f x)^p.mac e2424 integrand (1-2*x)^(5/2)*(2+3*x)^4/(3+5*x)^(3/2)
# core /home/serge/src/mr-ports/test/mr_rules.core sw {} cap 30 hit False cpu [29.307409]
fired    1_1_2_1 r17  1/sqrt(11-2*x^2)
fired    1_1_1_2 r23  1/(sqrt(1-2*x)*sqrt(5*x+3))
fired    1_1_1_2 r19  sqrt(1-2*x)/sqrt(5*x+3)
fired    1_1_1_3 r8  (sqrt(1-2*x)*x)/sqrt(5*x+3)
fired    1_1_2_1 r17  1/sqrt(11-2*x^2)
fired    1_1_1_2 r23  1/(sqrt(1-2*x)*sqrt(5*x+3))
fired    1_1_1_2 r19  sqrt(1-2*x)/sqrt(5*x+3)
fired    1_4_1 r7  (2070*sqrt(1-2*x)*x)/sqrt(5*x+3)-(1035*sqrt(1-2*x))/sqrt(5*x+3)
fired    9_3 r63  (2070*sqrt(1-2*x)*x-1035*sqrt(1-2*x))/sqrt(5*x+3)
fired    9_1 r12  -((2070*sqrt(1-2*x)*x-1035*sqrt(1-2*x))/(4*sqrt(5*x+3)))
fired    9_3 r9  ((1-2*x)^(3/2)*(27*x-6)*((27945*x)/(2916*x^2-1296*x+144)-3105/(1458*x^2-648*x+72)))/sqrt(5*x+3)
fired    1_1_1_6 r7  ((1-2*x)^(3/2)*(27*x-6))/(2*sqrt(5*x+3))
fired    1_1_1_3 r19  ((1-2*x)^(3/2)*x^2)/sqrt(5*x+3)
fired    1_1_2_1 r17  1/sqrt(11-2*x^2)
fired    1_1_1_2 r23  1/(sqrt(1-2*x)*sqrt(5*x+3))
fired    1_1_1_2 r19  sqrt(1-2*x)/sqrt(5*x+3)
fired    1_1_1_2 r19  (1-2*x)^(3/2)/sqrt(5*x+3)
fired    1_1_1_3 r8  ((1-2*x)^(3/2)*x)/sqrt(5*x+3)
fired    1_4_1 r7  (29*(1-2*x)^(3/2)*x^2)/(2*sqrt(5*x+3))-(6*(1-2*x)^(3/2)*x)/sqrt(5*x+3)
fired    1_1_1_7 r25  ((1-2*x)^(3/2)*x*(29*x-12))/(2*sqrt(5*x+3))
fired    1_1_1_3 r29  ((1-2*x)^(3/2)*x^3)/sqrt(5*x+3)
fired    1_1_2_1 r17  1/sqrt(11-2*x^2)
fired    1_1_1_2 r23  1/(sqrt(1-2*x)*sqrt(5*x+3))
fired    1_1_1_2 r19  sqrt(1-2*x)/sqrt(5*x+3)
fired    1_1_1_3 r8  (sqrt(1-2*x)*x)/sqrt(5*x+3)
fired    1_1_2_1 r17  1/sqrt(11-2*x^2)
fired    1_1_1_2 r23  1/(sqrt(1-2*x)*sqrt(5*x+3))
fired    1_1_1_2 r19  sqrt(1-2*x)/sqrt(5*x+3)
fired    1_4_1 r7  (2070*sqrt(1-2*x)*x)/sqrt(5*x+3)-(1035*sqrt(1-2*x))/sqrt(5*x+3)
fired    9_3 r63  (2070*sqrt(1-2*x)*x-1035*sqrt(1-2*x))/sqrt(5*x+3)
fired    9_1 r12  -((2070*sqrt(1-2*x)*x-1035*sqrt(1-2*x))/(4*sqrt(5*x+3)))
fired    9_3 r9  ((1-2*x)^(3/2)*(27*x-6)*((27945*x)/(2916*x^2-1296*x+144)-3105/(1458*x^2-648*x+72)))/sqrt(5*x+3)
fired    1_1_1_6 r7  ((1-2*x)^(3/2)*(27*x-6))/(2*sqrt(5*x+3))
fired    1_1_1_3 r19  ((1-2*x)^(3/2)*x^2)/sqrt(5*x+3)
fired    1_1_2_1 r17  1/sqrt(11-2*x^2)
fired    1_1_1_2 r23  1/(sqrt(1-2*x)*sqrt(5*x+3))
fired    1_1_1_2 r19  sqrt(1-2*x)/sqrt(5*x+3)
fired    1_1_1_2 r19  (1-2*x)^(3/2)/sqrt(5*x+3)
fired    1_1_1_3 r8  ((1-2*x)^(3/2)*x)/sqrt(5*x+3)
fired    1_4_1 r7  (2997*(1-2*x)^(3/2)*x^3)/sqrt(5*x+3)+(3996*(1-2*x)^(3/2)*x^2)/sqrt(5*x+3)+(1332*(1-2*x)^(3/2)*x)/sqrt(5*x+3)
fired    9_3 r63  (2997*(1-2*x)^(3/2)*x^3+3996*(1-2*x)^(3/2)*x^2+1332*(1-2*x)^(3/2)*x)/sqrt(5*x+3)
fired    1_1_2_1 r17  1/sqrt(11-2*x^2)
fired    1_1_1_2 r23  1/(sqrt(1-2*x)*sqrt(5*x+3))
fired    1_1_1_2 r19  sqrt(1-2*x)/sqrt(5*x+3)
fired    1_1_1_3 r8  (sqrt(1-2*x)*x)/sqrt(5*x+3)
fired    1_1_2_1 r17  1/sqrt(11-2*x^2)
fired    1_1_1_2 r23  1/(sqrt(1-2*x)*sqrt(5*x+3))
fired    1_1_1_2 r19  sqrt(1-2*x)/sqrt(5*x+3)
fired    1_4_1 r7  (2070*sqrt(1-2*x)*x)/sqrt(5*x+3)-(1035*sqrt(1-2*x))/sqrt(5*x+3)
fired    9_3 r63  (2070*sqrt(1-2*x)*x-1035*sqrt(1-2*x))/sqrt(5*x+3)
fired    9_1 r12  -((2070*sqrt(1-2*x)*x-1035*sqrt(1-2*x))/(4*sqrt(5*x+3)))
fired    9_3 r9  ((1-2*x)^(3/2)*(27*x-6)*((27945*x)/(2916*x^2-1296*x+144)-3105/(1458*x^2-648*x+72)))/sqrt(5*x+3)
fired    1_1_1_6 r7  ((1-2*x)^(3/2)*(27*x-6))/(2*sqrt(5*x+3))
fired    1_1_1_3 r19  ((1-2*x)^(3/2)*x^2)/sqrt(5*x+3)
fired    1_1_2_1 r17  1/sqrt(11-2*x^2)
fired    1_1_1_2 r23  1/(sqrt(1-2*x)*sqrt(5*x+3))
fired    1_1_1_2 r19  sqrt(1-2*x)/sqrt(5*x+3)
fired    1_1_1_2 r19  (1-2*x)^(3/2)/sqrt(5*x+3)
fired    1_1_1_3 r8  ((1-2*x)^(3/2)*x)/sqrt(5*x+3)
fired    1_1_2_1 r17  1/sqrt(11-2*x^2)
fired    1_1_1_2 r23  1/(sqrt(1-2*x)*sqrt(5*x+3))
fired    1_1_1_2 r19  sqrt(1-2*x)/sqrt(5*x+3)
fired    1_1_1_2 r19  (1-2*x)^(3/2)/sqrt(5*x+3)
fired    1_4_1 r7  (1458*(1-2*x)^(3/2)*x^2)/sqrt(5*x+3)+(1944*(1-2*x)^(3/2)*x)/sqrt(5*x+3)+(648*(1-2*x)^(3/2))/sqrt(5*x+3)
fired    9_3 r63  (1458*(1-2*x)^(3/2)*x^2+1944*(1-2*x)^(3/2)*x+648*(1-2*x)^(3/2))/sqrt(5*x+3)
fired    1_4_1 r7  (2997*(1-2*x)^(3/2)*x^3+3996*(1-2*x)^(3/2)*x^2+1332*(1-2*x)^(3/2)*x)/(2*sqrt(5*x+3))-(1458*(1-2*x)^(3/2)*x^2+1944*(1-2*x)^(3/2)*x+648*(1-2*x)^(3/2))/sqrt(5*x+3)
fired    1_1_1_7 r25  ((1-2*x)^(3/2)*(3*x+2)^2*(333*x-324))/(2*sqrt(5*x+3))
fired    1_1_1_4 r12  ((2-39*x)*(1-2*x)^(3/2)*(3*x+2)^3)/sqrt(5*x+3)
fired    1_1_1_3 r26  ((1-2*x)^(5/2)*(3*x+2)^4)/(5*x+3)^(3/2)
RUBI-CPU 29.249324 
ANSWER-LEN 1788 UNINT false 
ANSWER (2*((13*(1-2*x)^(5/2)*(3*x+2)^3*sqrt(5*x+3))/20-((2997*(-(((29*(-(((2070*(-((13*((11*asin((sqrt(2)*sqrt(5*x+3))/sqrt(11)))/(sqrt(2)*5^(3/2))+(sqrt(1-2*x)*sqrt(5*x+3))/5))/40)-((1-2*x)^(3/2)*sqrt(5*x+3))/20)-1035*((11*asin((sqrt(2)*sqrt(5*x+3))/sqrt(11)))/(sqrt(2)*5^(3/2))+(sqrt(1-2*x)*sqrt(5*x+3))/5))/120-(9*(1-2*x)^(5/2)*sqrt(5*x+3))/20)/40)-((1-2*x)^(5/2)*x*sqrt(5*x+3))/40))/2-6*(-((5*((33*((11*asin((sqrt(2)*sqrt(5*x+3))/sqrt(11)))/(sqrt(2)*5^(3/2))+(sqrt(1-2*x)*sqrt(5*x+3))/5))/20+((1-2*x)^(3/2)*sqrt(5*x+3))/10))/12)-((1-2*x)^(5/2)*sqrt(5*x+3))/30))/50)-((1-2*x)^(5/2)*x^2*sqrt(5*x+3)...

# arm final 1 Algebraic functions/1.1 Binomial products/1.1.1 Linear/1.1.1.3 (a+b x)^m (c+d x)^n (e+f x)^p.mac e2435 integrand (1-2*x)^(5/2)*(2+3*x)^4/(3+5*x)^(5/2)
# core /home/serge/src/mr-ports/test/mr_rules.core sw {} cap 30 hit False cpu [28.379573]
fired    1_1_2_1 r17  1/sqrt(11-2*x^2)
fired    1_1_1_2 r23  1/(sqrt(1-2*x)*sqrt(5*x+3))
fired    1_1_1_2 r19  sqrt(1-2*x)/sqrt(5*x+3)
fired    9_1 r12  (435*sqrt(1-2*x))/(4*sqrt(5*x+3))
fired    9_3 r9  (sqrt(1-2*x)*(15*x-6)*((6525*x)/(900*x^2-720*x+144)-1305/(450*x^2-360*x+72)))/sqrt(5*x+3)
fired    1_1_1_6 r7  (sqrt(1-2*x)*(15*x-6))/(2*sqrt(5*x+3))
fired    1_1_1_3 r19  (sqrt(1-2*x)*x^2)/sqrt(5*x+3)
fired    1_1_2_1 r17  1/sqrt(11-2*x^2)
fired    1_1_1_2 r23  1/(sqrt(1-2*x)*sqrt(5*x+3))
fired    1_1_1_2 r19  sqrt(1-2*x)/sqrt(5*x+3)
fired    1_1_1_3 r8  (sqrt(1-2*x)*x)/sqrt(5*x+3)
fired    1_4_1 r7  (17*sqrt(1-2*x)*x^2)/(2*sqrt(5*x+3))-(6*sqrt(1-2*x)*x)/sqrt(5*x+3)
fired    1_1_1_7 r25  (sqrt(1-2*x)*x*(17*x-12))/(2*sqrt(5*x+3))
fired    1_1_1_3 r29  (sqrt(1-2*x)*x^3)/sqrt(5*x+3)
fired    1_1_2_1 r17  1/sqrt(11-2*x^2)
fired    1_1_1_2 r23  1/(sqrt(1-2*x)*sqrt(5*x+3))
fired    1_1_1_2 r19  sqrt(1-2*x)/sqrt(5*x+3)
fired    9_1 r12  (435*sqrt(1-2*x))/(4*sqrt(5*x+3))
fired    9_3 r9  (sqrt(1-2*x)*(15*x-6)*((6525*x)/(900*x^2-720*x+144)-1305/(450*x^2-360*x+72)))/sqrt(5*x+3)
fired    1_1_1_6 r7  (sqrt(1-2*x)*(15*x-6))/(2*sqrt(5*x+3))
fired    1_1_1_3 r19  (sqrt(1-2*x)*x^2)/sqrt(5*x+3)
fired    1_1_2_1 r17  1/sqrt(11-2*x^2)
fired    1_1_1_2 r23  1/(sqrt(1-2*x)*sqrt(5*x+3))
fired    1_1_1_2 r19  sqrt(1-2*x)/sqrt(5*x+3)
fired    1_1_1_3 r8  (sqrt(1-2*x)*x)/sqrt(5*x+3)
fired    1_4_1 r7  (647757*sqrt(1-2*x)*x^3)/sqrt(5*x+3)+(863676*sqrt(1-2*x)*x^2)/sqrt(5*x+3)+(287892*sqrt(1-2*x)*x)/sqrt(5*x+3)
fired    9_3 r63  (647757*sqrt(1-2*x)*x^3+863676*sqrt(1-2*x)*x^2+287892*sqrt(1-2*x)*x)/sqrt(5*x+3)
fired    1_1_2_1 r17  1/sqrt(11-2*x^2)
fired    1_1_1_2 r23  1/(sqrt(1-2*x)*sqrt(5*x+3))
fired    1_1_1_2 r19  sqrt(1-2*x)/sqrt(5*x+3)
fired    9_1 r12  (435*sqrt(1-2*x))/(4*sqrt(5*x+3))
fired    9_3 r9  (sqrt(1-2*x)*(15*x-6)*((6525*x)/(900*x^2-720*x+144)-1305/(450*x^2-360*x+72)))/sqrt(5*x+3)
fired    1_1_1_6 r7  (sqrt(1-2*x)*(15*x-6))/(2*sqrt(5*x+3))
fired    1_1_1_3 r19  (sqrt(1-2*x)*x^2)/sqrt(5*x+3)
fired    1_1_2_1 r17  1/sqrt(11-2*x^2)
fired    1_1_1_2 r23  1/(sqrt(1-2*x)*sqrt(5*x+3))
fired    1_1_1_2 r19  sqrt(1-2*x)/sqrt(5*x+3)
fired    1_1_1_3 r8  (sqrt(1-2*x)*x)/sqrt(5*x+3)
fired    1_1_2_1 r17  1/sqrt(11-2*x^2)
fired    1_1_1_2 r23  1/(sqrt(1-2*x)*sqrt(5*x+3))
fired    1_1_1_2 r19  sqrt(1-2*x)/sqrt(5*x+3)
fired    1_4_1 r7  (21654*sqrt(1-2*x)*x^2)/sqrt(5*x+3)+(28872*sqrt(1-2*x)*x)/sqrt(5*x+3)+(9624*sqrt(1-2*x))/sqrt(5*x+3)
fired    9_3 r63  (21654*sqrt(1-2*x)*x^2+28872*sqrt(1-2*x)*x+9624*sqrt(1-2*x))/sqrt(5*x+3)
fired    1_4_1 r7  (647757*sqrt(1-2*x)*x^3+863676*sqrt(1-2*x)*x^2+287892*sqrt(1-2*x)*x)/(2*sqrt(5*x+3))-(21654*sqrt(1-2*x)*x^2+28872*sqrt(1-2*x)*x+9624*sqrt(1-2*x))/sqrt(5*x+3)
fired    1_1_1_7 r25  (sqrt(1-2*x)*(3*x+2)^2*(71973*x-4812))/(2*sqrt(5*x+3))
fired    1_1_1_4 r12  ((552-3771*x)*sqrt(1-2*x)*(3*x+2)^3)/sqrt(5*x+3)
fired    1_1_1_4 r9  ((2-39*x)*(1-2*x)^(3/2)*(3*x+2)^3)/(5*x+3)^(3/2)
fired    1_1_1_3 r26  ((1-2*x)^(5/2)*(3*x+2)^4)/(5*x+3)^(5/2)
RUBI-CPU 28.329313 
ANSWER-LEN 1276 UNINT false 
ANSWER (2*((2*((3771*(1-2*x)^(3/2)*(3*x+2)^3*sqrt(5*x+3))/50-((647757*(-(((17*(-((-((87*((11*asin((sqrt(2)*sqrt(5*x+3))/sqrt(11)))/(sqrt(2)*5^(3/2))+(sqrt(1-2*x)*sqrt(5*x+3))/5))/16)-(3*(1-2*x)^(3/2)*sqrt(5*x+3))/8)/30)-((1-2*x)^(3/2)*x*sqrt(5*x+3))/30))/2-6*(-((13*((11*asin((sqrt(2)*sqrt(5*x+3))/sqrt(11)))/(sqrt(2)*5^(3/2))+(sqrt(1-2*x)*sqrt(5*x+3))/5))/40)-((1-2*x)^(3/2)*sqrt(5*x+3))/20))/40)-((1-2*x)^(3/2)*x^2*sqrt(5*x+3))/40)+863676*(-((-((87*((11*asin((sqrt(2)*sqrt(5*x+3))/sqrt(11)))/(sqrt(2)*5^(3/2))+(sqrt(1-2*x)*sqrt(5*x+3))/5))/16)-(3*(1-2*x)^(3/2)*sqrt(5*x+3))/8)/30)-((1-2*x)^(3/2)*x*...

# arm final 1 Algebraic functions/1.1 Binomial products/1.1.2 Quadratic/1.1.2.2 (c x)^m (a+b x^2)^p.mac e19 integrand (a+b*x^2)^2/x
# core /home/serge/src/mr-ports/test/mr_rules.core sw {} cap 30 hit False cpu [0.378126]
  !! rubi: rule 1_4_1 r4 misfire (repl error) on (b^2*x^2+2*a*b*x+a^2)/x with [_mr_1_4_1_r4_u = 1/x,_mr_1_4_1_r4_Px = b^2*x^2+2*a*b*x+a^2]
  !! rubi: rule 1_4_1 r9 misfire (repl error) on (b^2*x^2+2*a*b*x+a^2)/x with [_mr_1_4_1_r9_c = 1,_mr_1_4_1_r9_m = -1,_mr_1_4_1_r9_u = b^2*x^2+2*a*b*x+a^2]
  !! rubi: rule 9_1 r14 misfire (repl error) on (b^2*x^2+2*a*b*x+a^2)/x with [_mr_9_1_r14_c = 1,_mr_9_1_r14_m = -1,_mr_9_1_r14_u = b^2*x^2+2*a*b*x+a^2]
  !! rubi: rule 9_1 r27 misfire (repl error) on (b^2*x^2+2*a*b*x+a^2)/x with [_mr_9_1_r27_p = 1,_mr_9_1_r27_b = 2*a*b,_mr_9_1_r27_c = b^2,_mr_9_1_r27_a = a^2,_mr_9_1_r27_u = 1/x]
  !! rubi: rule 9_3 r63 misfire (repl error) on (b^2*x^2+2*a*b*x+a^2)/x with [_mr_9_3_r63_u = (b^2*x^2+2*a*b*x+a^2)/x]
fired    9_3 r67  (b^2*x^2+2*a*b*x+a^2)/x
fired    1_2_3_1 r11  b^2*x+a^2/x+2*a*b
fired    1_1_1_2 r12  (b*x+a)^2/x
fired    1_1_2_2 r4  (b*x^2+a)^2/x
RUBI-CPU 0.329084 
ANSWER-LEN 48 UNINT true 
ANSWER 'unintegrable[(b^2*x^4+2*a*b*x^2+a^2)/x^2,x^2]/2 

# arm final 1 Algebraic functions/1.1 Binomial products/1.1.2 Quadratic/1.1.2.4 (e x)^m (a+b x^2)^p (c+d x^2)^q.mac e4 integrand (a+b*x^2)*(A+B*x^2)/x
# core /home/serge/src/mr-ports/test/mr_rules.core sw {} cap 30 hit False cpu [0.83382]
  !! rubi: rule 1_2_1_2 r73 misfire (repl error) on (B*b*x^2+B*a*((A*b)/(B*a)+1)*x+A*a)/x with [_mr_1_2_1_2_r73_e = 1,_mr_1_2_1_2_r73_d = 0,_mr_1_2_1_2_r73_m = -1,_mr_1_2_1_2_r73_p = 1,_mr_1_2_1_2_r73_b = B*a*((A*b)/(B*a)+1),_mr_1_2_1_2_r73_c = B*b,_mr_1_2_1_2_r73_a = A*a]
  !! rubi: rule 1_4_1 r9 misfire (repl error) on (B*b*x^2+B*a*((A*b)/(B*a)+1)*x+A*a)/x with [_mr_1_4_1_r9_c = 1,_mr_1_4_1_r9_m = -1,_mr_1_4_1_r9_u = B*b*x^2+B*a*((A*b)/(B*a)+1)*x+A*a]
  !! rubi: rule 9_1 r14 misfire (repl error) on (B*b*x^2+B*a*((A*b)/(B*a)+1)*x+A*a)/x with [_mr_9_1_r14_c = 1,_mr_9_1_r14_m = -1,_mr_9_1_r14_u = B*b*x^2+B*a*((A*b)/(B*a)+1)*x+A*a]
  !! rubi: rule 1_4_1 r9 misfire (repl error) on (B*b*x^2+A*b*x+B*a*x+A*a)/x with [_mr_1_4_1_r9_c = 1,_mr_1_4_1_r9_m = -1,_mr_1_4_1_r9_u = B*b*x^2+A*b*x+B*a*x+A*a]
  !! rubi: rule 1_4_2 r14 misfire (repl error) on (B*b*x^2+A*b*x+B*a*x+A*a)/x with [_mr_1_4_2_r14_u = x,_mr_1_4_2_r14_m = -1,_mr_1_4_2_r14_p = 1,_mr_1_4_2_r14_v = B*b*x^2+A*b*x+B*a*x+A*a]
  !! rubi: rule 1_2_1_2 r73 misfire (repl error) on (B*b*x^2+(A*b+B*a)*x+A*a)/x with [_mr_1_2_1_2_r73_e = 1,_mr_1_2_1_2_r73_d = 0,_mr_1_2_1_2_r73_m = -1,_mr_1_2_1_2_r73_p = 1,_mr_1_2_1_2_r73_b = A*b+B*a,_mr_1_2_1_2_r73_c = B*b,_mr_1_2_1_2_r73_a = A*a]
  !! rubi: rule 1_4_1 r9 misfire (repl error) on (B*b*x^2+(A*b+B*a)*x+A*a)/x with [_mr_1_4_1_r9_c = 1,_mr_1_4_1_r9_m = -1,_mr_1_4_1_r9_u = B*b*x^2+(A*b+B*a)*x+A*a]
  !! rubi: rule 9_1 r14 misfire (repl error) on (B*b*x^2+(A*b+B*a)*x+A*a)/x with [_mr_9_1_r14_c = 1,_mr_9_1_r14_m = -1,_mr_9_1_r14_u = B*b*x^2+(A*b+B*a)*x+A*a]
  !! rubi: rule 9_3 r62 misfire (repl error) on (B*b*x^2+(A*b+B*a)*x+A*a)/x with [_mr_9_3_r62_u = (B*b*x^2+(A*b+B*a)*x+A*a)/x]
  !! rubi: rule 9_3 r63 misfire (repl error) on (B*b*x^2+(A*b+B*a)*x+A*a)/x with [_mr_9_3_r63_u = (B*b*x^2+(A*b+B*a)*x+A*a)/x]
fired    9_3 r67  (B*b*x^2+(A*b+B*a)*x+A*a)/x
fired    9_1 r6  (B*b*x^2+A*b*x+B*a*x+A*a)/x
fired    9_3 r62  (B*b*x^2+B*a*((A*b)/(B*a)+1)*x+A*a)/x
fired    1_2_3_1 r11  B*b*x+(A*a)/x+B*a*((A*b)/(B*a)+1)
fired    1_1_1_3 r4  ((B*x+A)*(b*x+a))/x
fired    1_1_2_4 r20  ((B*x^2+A)*(b*x^2+a))/x
RUBI-CPU 0.775273 
ANSWER-LEN 52 UNINT true 
ANSWER 'unintegrable[(B*b*x^4+(A*b+B*a)*x^2+A*a)/x^2,x^2]/2 

# arm final 1 Algebraic functions/1.1 Binomial products/1.1.2 Quadratic/1.1.2.4 (e x)^m (a+b x^2)^p (c+d x^2)^q.mac e14 integrand (a+b*x^2)^2*(A+B*x^2)/x
# core /home/serge/src/mr-ports/test/mr_rules.core sw {} cap 30 hit False cpu [0.369988]
  !! rubi: rule 1_4_1 r4 misfire (repl error) on (b^2*x^2+2*a*b*x+a^2)/x with [_mr_1_4_1_r4_u = 1/x,_mr_1_4_1_r4_Px = b^2*x^2+2*a*b*x+a^2]
  !! rubi: rule 1_4_1 r9 misfire (repl error) on (b^2*x^2+2*a*b*x+a^2)/x with [_mr_1_4_1_r9_c = 1,_mr_1_4_1_r9_m = -1,_mr_1_4_1_r9_u = b^2*x^2+2*a*b*x+a^2]
  !! rubi: rule 9_1 r14 misfire (repl error) on (b^2*x^2+2*a*b*x+a^2)/x with [_mr_9_1_r14_c = 1,_mr_9_1_r14_m = -1,_mr_9_1_r14_u = b^2*x^2+2*a*b*x+a^2]
  !! rubi: rule 9_1 r27 misfire (repl error) on (b^2*x^2+2*a*b*x+a^2)/x with [_mr_9_1_r27_p = 1,_mr_9_1_r27_b = 2*a*b,_mr_9_1_r27_c = b^2,_mr_9_1_r27_a = a^2,_mr_9_1_r27_u = 1/x]
  !! rubi: rule 9_3 r63 misfire (repl error) on (b^2*x^2+2*a*b*x+a^2)/x with [_mr_9_3_r63_u = (b^2*x^2+2*a*b*x+a^2)/x]
fired    9_3 r67  (b^2*x^2+2*a*b*x+a^2)/x
fired    1_2_3_1 r11  b^2*x+a^2/x+2*a*b
fired    1_1_1_2 r12  (b*x+a)^2/x
fired    1_1_1_3 r8  ((B*x+A)*(b*x+a)^2)/x
fired    1_1_2_4 r20  ((B*x^2+A)*(b*x^2+a)^2)/x
RUBI-CPU 0.322272 
ANSWER-LEN 74 UNINT true 
ANSWER (A*'unintegrable[(b^2*x^4+2*a*b*x^2+a^2)/x^2,x^2]+(B*(b*x^2+a)^3)/(3*b))/2 

# arm final 1 Algebraic functions/1.1 Binomial products/1.1.2 Quadratic/1.1.2.4 (e x)^m (a+b x^2)^p (c+d x^2)^q.mac e146 integrand (a+b*x^2)^2*(c+d*x^2)/x
# core /home/serge/src/mr-ports/test/mr_rules.core sw {} cap 30 hit False cpu [0.378524]
  !! rubi: rule 1_4_1 r4 misfire (repl error) on (b^2*x^2+2*a*b*x+a^2)/x with [_mr_1_4_1_r4_u = 1/x,_mr_1_4_1_r4_Px = b^2*x^2+2*a*b*x+a^2]
  !! rubi: rule 1_4_1 r9 misfire (repl error) on (b^2*x^2+2*a*b*x+a^2)/x with [_mr_1_4_1_r9_c = 1,_mr_1_4_1_r9_m = -1,_mr_1_4_1_r9_u = b^2*x^2+2*a*b*x+a^2]
  !! rubi: rule 9_1 r14 misfire (repl error) on (b^2*x^2+2*a*b*x+a^2)/x with [_mr_9_1_r14_c = 1,_mr_9_1_r14_m = -1,_mr_9_1_r14_u = b^2*x^2+2*a*b*x+a^2]
  !! rubi: rule 9_1 r27 misfire (repl error) on (b^2*x^2+2*a*b*x+a^2)/x with [_mr_9_1_r27_p = 1,_mr_9_1_r27_b = 2*a*b,_mr_9_1_r27_c = b^2,_mr_9_1_r27_a = a^2,_mr_9_1_r27_u = 1/x]
  !! rubi: rule 9_3 r63 misfire (repl error) on (b^2*x^2+2*a*b*x+a^2)/x with [_mr_9_3_r63_u = (b^2*x^2+2*a*b*x+a^2)/x]
fired    9_3 r67  (b^2*x^2+2*a*b*x+a^2)/x
fired    1_2_3_1 r11  b^2*x+a^2/x+2*a*b
fired    1_1_1_2 r12  (b*x+a)^2/x
fired    1_1_1_3 r8  ((b*x+a)^2*(d*x+c))/x
fired    1_1_2_4 r20  ((b*x^2+a)^2*(d*x^2+c))/x
RUBI-CPU 0.33152 
ANSWER-LEN 74 UNINT true 
ANSWER (c*'unintegrable[(b^2*x^4+2*a*b*x^2+a^2)/x^2,x^2]+(d*(b*x^2+a)^3)/(3*b))/2 

# arm final 1 Algebraic functions/1.1 Binomial products/1.1.3 General/1.1.3.2 (c x)^m (a+b x^n)^p.mac e223 integrand (a+b*x^3)^2/x
# core /home/serge/src/mr-ports/test/mr_rules.core sw {} cap 30 hit False cpu [0.37427]
  !! rubi: rule 1_4_1 r4 misfire (repl error) on (b^2*x^2+2*a*b*x+a^2)/x with [_mr_1_4_1_r4_u = 1/x,_mr_1_4_1_r4_Px = b^2*x^2+2*a*b*x+a^2]
  !! rubi: rule 1_4_1 r9 misfire (repl error) on (b^2*x^2+2*a*b*x+a^2)/x with [_mr_1_4_1_r9_c = 1,_mr_1_4_1_r9_m = -1,_mr_1_4_1_r9_u = b^2*x^2+2*a*b*x+a^2]
  !! rubi: rule 9_1 r14 misfire (repl error) on (b^2*x^2+2*a*b*x+a^2)/x with [_mr_9_1_r14_c = 1,_mr_9_1_r14_m = -1,_mr_9_1_r14_u = b^2*x^2+2*a*b*x+a^2]
  !! rubi: rule 9_1 r27 misfire (repl error) on (b^2*x^2+2*a*b*x+a^2)/x with [_mr_9_1_r27_p = 1,_mr_9_1_r27_b = 2*a*b,_mr_9_1_r27_c = b^2,_mr_9_1_r27_a = a^2,_mr_9_1_r27_u = 1/x]
  !! rubi: rule 9_3 r63 misfire (repl error) on (b^2*x^2+2*a*b*x+a^2)/x with [_mr_9_3_r63_u = (b^2*x^2+2*a*b*x+a^2)/x]
fired    9_3 r67  (b^2*x^2+2*a*b*x+a^2)/x
fired    1_2_3_1 r11  b^2*x+a^2/x+2*a*b
fired    1_1_1_2 r12  (b*x+a)^2/x
fired    1_1_3_2 r8  (b*x^3+a)^2/x
RUBI-CPU 0.31952400000000003 
ANSWER-LEN 48 UNINT true 
ANSWER 'unintegrable[(b^2*x^6+2*a*b*x^3+a^2)/x^3,x^3]/3 

# arm final 1 Algebraic functions/1.1 Binomial products/1.1.3 General/1.1.3.2 (c x)^m (a+b x^n)^p.mac e625 integrand (a+b*x^4)^2/x
# core /home/serge/src/mr-ports/test/mr_rules.core sw {} cap 30 hit False cpu [0.397371]
  !! rubi: rule 1_4_1 r4 misfire (repl error) on (b^2*x^2+2*a*b*x+a^2)/x with [_mr_1_4_1_r4_u = 1/x,_mr_1_4_1_r4_Px = b^2*x^2+2*a*b*x+a^2]
  !! rubi: rule 1_4_1 r9 misfire (repl error) on (b^2*x^2+2*a*b*x+a^2)/x with [_mr_1_4_1_r9_c = 1,_mr_1_4_1_r9_m = -1,_mr_1_4_1_r9_u = b^2*x^2+2*a*b*x+a^2]
  !! rubi: rule 9_1 r14 misfire (repl error) on (b^2*x^2+2*a*b*x+a^2)/x with [_mr_9_1_r14_c = 1,_mr_9_1_r14_m = -1,_mr_9_1_r14_u = b^2*x^2+2*a*b*x+a^2]
  !! rubi: rule 9_1 r27 misfire (repl error) on (b^2*x^2+2*a*b*x+a^2)/x with [_mr_9_1_r27_p = 1,_mr_9_1_r27_b = 2*a*b,_mr_9_1_r27_c = b^2,_mr_9_1_r27_a = a^2,_mr_9_1_r27_u = 1/x]
  !! rubi: rule 9_3 r63 misfire (repl error) on (b^2*x^2+2*a*b*x+a^2)/x with [_mr_9_3_r63_u = (b^2*x^2+2*a*b*x+a^2)/x]
fired    9_3 r67  (b^2*x^2+2*a*b*x+a^2)/x
fired    1_2_3_1 r11  b^2*x+a^2/x+2*a*b
fired    1_1_1_2 r12  (b*x+a)^2/x
fired    1_1_3_2 r8  (b*x^4+a)^2/x
RUBI-CPU 0.354973 
ANSWER-LEN 48 UNINT true 
ANSWER 'unintegrable[(b^2*x^8+2*a*b*x^4+a^2)/x^4,x^4]/4 

# arm final 1 Algebraic functions/1.1 Binomial products/1.1.3 General/1.1.3.2 (c x)^m (a+b x^n)^p.mac e1561 integrand (a+b/x)^2*x
# core /home/serge/src/mr-ports/test/mr_rules.core sw {} cap 30 hit False cpu [0.370902]
  !! rubi: rule 1_4_1 r4 misfire (repl error) on (a^2*x^2+2*a*b*x+b^2)/x with [_mr_1_4_1_r4_u = 1/x,_mr_1_4_1_r4_Px = a^2*x^2+2*a*b*x+b^2]
  !! rubi: rule 1_4_1 r9 misfire (repl error) on (a^2*x^2+2*a*b*x+b^2)/x with [_mr_1_4_1_r9_c = 1,_mr_1_4_1_r9_m = -1,_mr_1_4_1_r9_u = a^2*x^2+2*a*b*x+b^2]
  !! rubi: rule 9_1 r14 misfire (repl error) on (a^2*x^2+2*a*b*x+b^2)/x with [_mr_9_1_r14_c = 1,_mr_9_1_r14_m = -1,_mr_9_1_r14_u = a^2*x^2+2*a*b*x+b^2]
  !! rubi: rule 9_1 r27 misfire (repl error) on (a^2*x^2+2*a*b*x+b^2)/x with [_mr_9_1_r27_p = 1,_mr_9_1_r27_b = 2*a*b,_mr_9_1_r27_c = a^2,_mr_9_1_r27_a = b^2,_mr_9_1_r27_u = 1/x]
  !! rubi: rule 9_3 r63 misfire (repl error) on (a^2*x^2+2*a*b*x+b^2)/x with [_mr_9_3_r63_u = (a^2*x^2+2*a*b*x+b^2)/x]
fired    9_3 r67  (a^2*x^2+2*a*b*x+b^2)/x
fired    1_2_3_1 r11  a^2*x+b^2/x+2*a*b
fired    1_1_1_2 r12  (a*x+b)^2/x
fired    1_1_3_2 r5  (b/x+a)^2*x
RUBI-CPU 0.32801400000000003 
ANSWER-LEN 40 UNINT true 
ANSWER 'unintegrable[(a^2*x^2+2*a*b*x+b^2)/x,x] 

# arm final 1 Algebraic functions/1.1 Binomial products/1.1.3 General/1.1.3.2 (c x)^m (a+b x^n)^p.mac e1818 integrand (a+b/x^2)^2*x^3
# core /home/serge/src/mr-ports/test/mr_rules.core sw {} cap 30 hit False cpu [0.375871]
  !! rubi: rule 1_4_1 r4 misfire (repl error) on (a^2*x^2+2*a*b*x+b^2)/x with [_mr_1_4_1_r4_u = 1/x,_mr_1_4_1_r4_Px = a^2*x^2+2*a*b*x+b^2]
  !! rubi: rule 1_4_1 r9 misfire (repl error) on (a^2*x^2+2*a*b*x+b^2)/x with [_mr_1_4_1_r9_c = 1,_mr_1_4_1_r9_m = -1,_mr_1_4_1_r9_u = a^2*x^2+2*a*b*x+b^2]
  !! rubi: rule 9_1 r14 misfire (repl error) on (a^2*x^2+2*a*b*x+b^2)/x with [_mr_9_1_r14_c = 1,_mr_9_1_r14_m = -1,_mr_9_1_r14_u = a^2*x^2+2*a*b*x+b^2]
  !! rubi: rule 9_1 r27 misfire (repl error) on (a^2*x^2+2*a*b*x+b^2)/x with [_mr_9_1_r27_p = 1,_mr_9_1_r27_b = 2*a*b,_mr_9_1_r27_c = a^2,_mr_9_1_r27_a = b^2,_mr_9_1_r27_u = 1/x]
  !! rubi: rule 9_3 r63 misfire (repl error) on (a^2*x^2+2*a*b*x+b^2)/x with [_mr_9_3_r63_u = (a^2*x^2+2*a*b*x+b^2)/x]
fired    9_3 r67  (a^2*x^2+2*a*b*x+b^2)/x
fired    1_2_3_1 r11  a^2*x+b^2/x+2*a*b
fired    1_1_1_2 r12  (a*x+b)^2/x
fired    1_1_2_2 r4  (a*x^2+b)^2/x
fired    1_1_3_2 r5  (b/x^2+a)^2*x^3
RUBI-CPU 0.333806 
ANSWER-LEN 48 UNINT true 
ANSWER 'unintegrable[(a^2*x^4+2*a*b*x^2+b^2)/x^2,x^2]/2 

# arm final 1 Algebraic functions/1.1 Binomial products/1.1.3 General/1.1.3.2 (c x)^m (a+b x^n)^p.mac e2123 integrand (a+b*sqrt(x))^2/x
# core /home/serge/src/mr-ports/test/mr_rules.core sw {} cap 30 hit False cpu [0.361746]
  !! rubi: rule 1_4_1 r4 misfire (repl error) on (b^2*x^2+2*a*b*x+a^2)/x with [_mr_1_4_1_r4_u = 1/x,_mr_1_4_1_r4_Px = b^2*x^2+2*a*b*x+a^2]
  !! rubi: rule 1_4_1 r9 misfire (repl error) on (b^2*x^2+2*a*b*x+a^2)/x with [_mr_1_4_1_r9_c = 1,_mr_1_4_1_r9_m = -1,_mr_1_4_1_r9_u = b^2*x^2+2*a*b*x+a^2]
  !! rubi: rule 9_1 r14 misfire (repl error) on (b^2*x^2+2*a*b*x+a^2)/x with [_mr_9_1_r14_c = 1,_mr_9_1_r14_m = -1,_mr_9_1_r14_u = b^2*x^2+2*a*b*x+a^2]
  !! rubi: rule 9_1 r27 misfire (repl error) on (b^2*x^2+2*a*b*x+a^2)/x with [_mr_9_1_r27_p = 1,_mr_9_1_r27_b = 2*a*b,_mr_9_1_r27_c = b^2,_mr_9_1_r27_a = a^2,_mr_9_1_r27_u = 1/x]
  !! rubi: rule 9_3 r63 misfire (repl error) on (b^2*x^2+2*a*b*x+a^2)/x with [_mr_9_3_r63_u = (b^2*x^2+2*a*b*x+a^2)/x]
fired    9_3 r67  (b^2*x^2+2*a*b*x+a^2)/x
fired    1_2_3_1 r11  b^2*x+a^2/x+2*a*b
fired    1_1_1_2 r12  (b*x+a)^2/x
fired    1_1_3_2 r8  (b*sqrt(x)+a)^2/x
RUBI-CPU 0.312137 
ANSWER-LEN 58 UNINT true 
ANSWER 2*'unintegrable[(b^2*x+2*a*b*sqrt(x)+a^2)/sqrt(x),sqrt(x)] 

# arm final 1 Algebraic functions/1.1 Binomial products/1.1.3 General/1.1.3.2 (c x)^m (a+b x^n)^p.mac e2292 integrand (a+b*x^(1/3))^2/x
# core /home/serge/src/mr-ports/test/mr_rules.core sw {} cap 30 hit False cpu [0.425442]
  !! rubi: rule 1_4_1 r4 misfire (repl error) on (b^2*x^2+2*a*b*x+a^2)/x with [_mr_1_4_1_r4_u = 1/x,_mr_1_4_1_r4_Px = b^2*x^2+2*a*b*x+a^2]
  !! rubi: rule 1_4_1 r9 misfire (repl error) on (b^2*x^2+2*a*b*x+a^2)/x with [_mr_1_4_1_r9_c = 1,_mr_1_4_1_r9_m = -1,_mr_1_4_1_r9_u = b^2*x^2+2*a*b*x+a^2]
  !! rubi: rule 9_1 r14 misfire (repl error) on (b^2*x^2+2*a*b*x+a^2)/x with [_mr_9_1_r14_c = 1,_mr_9_1_r14_m = -1,_mr_9_1_r14_u = b^2*x^2+2*a*b*x+a^2]
  !! rubi: rule 9_1 r27 misfire (repl error) on (b^2*x^2+2*a*b*x+a^2)/x with [_mr_9_1_r27_p = 1,_mr_9_1_r27_b = 2*a*b,_mr_9_1_r27_c = b^2,_mr_9_1_r27_a = a^2,_mr_9_1_r27_u = 1/x]
  !! rubi: rule 9_3 r63 misfire (repl error) on (b^2*x^2+2*a*b*x+a^2)/x with [_mr_9_3_r63_u = (b^2*x^2+2*a*b*x+a^2)/x]
fired    9_3 r67  (b^2*x^2+2*a*b*x+a^2)/x
fired    1_2_3_1 r11  b^2*x+a^2/x+2*a*b
fired    1_1_1_2 r12  (b*x+a)^2/x
fired    1_1_3_2 r8  (b*x^(1/3)+a)^2/x
RUBI-CPU 0.377632 
ANSWER-LEN 64 UNINT true 
ANSWER 3*'unintegrable[(b^2*x^(2/3)+2*a*b*x^(1/3)+a^2)/x^(1/3),x^(1/3)] 

# arm final 1 Algebraic functions/1.1 Binomial products/1.1.3 General/1.1.3.2 (c x)^m (a+b x^n)^p.mac e2455 integrand (a+b*x^n)^2/x
# core /home/serge/src/mr-ports/test/mr_rules.core sw {} cap 30 hit False cpu [0.349044]
  !! rubi: rule 1_4_1 r4 misfire (repl error) on (b^2*x^2+2*a*b*x+a^2)/x with [_mr_1_4_1_r4_u = 1/x,_mr_1_4_1_r4_Px = b^2*x^2+2*a*b*x+a^2]
  !! rubi: rule 1_4_1 r9 misfire (repl error) on (b^2*x^2+2*a*b*x+a^2)/x with [_mr_1_4_1_r9_c = 1,_mr_1_4_1_r9_m = -1,_mr_1_4_1_r9_u = b^2*x^2+2*a*b*x+a^2]
  !! rubi: rule 9_1 r14 misfire (repl error) on (b^2*x^2+2*a*b*x+a^2)/x with [_mr_9_1_r14_c = 1,_mr_9_1_r14_m = -1,_mr_9_1_r14_u = b^2*x^2+2*a*b*x+a^2]
  !! rubi: rule 9_1 r27 misfire (repl error) on (b^2*x^2+2*a*b*x+a^2)/x with [_mr_9_1_r27_p = 1,_mr_9_1_r27_b = 2*a*b,_mr_9_1_r27_c = b^2,_mr_9_1_r27_a = a^2,_mr_9_1_r27_u = 1/x]
  !! rubi: rule 9_3 r63 misfire (repl error) on (b^2*x^2+2*a*b*x+a^2)/x with [_mr_9_3_r63_u = (b^2*x^2+2*a*b*x+a^2)/x]
fired    9_3 r67  (b^2*x^2+2*a*b*x+a^2)/x
fired    1_2_3_1 r11  b^2*x+a^2/x+2*a*b
fired    1_1_1_2 r12  (b*x+a)^2/x
fired    1_1_3_2 r8  (b*x^n+a)^2/x
RUBI-CPU 0.306433 
ANSWER-LEN 52 UNINT true 
ANSWER 'unintegrable[(b^2*x^(2*n)+2*a*b*x^n+a^2)/x^n,x^n]/n 

# arm final 1 Algebraic functions/1.1 Binomial products/1.1.3 General/1.1.3.2 (c x)^m (a+b x^n)^p.mac e2525 integrand (a+b*x^n)^2/x
# core /home/serge/src/mr-ports/test/mr_rules.core sw {} cap 30 hit False cpu [0.350062]
  !! rubi: rule 1_4_1 r4 misfire (repl error) on (b^2*x^2+2*a*b*x+a^2)/x with [_mr_1_4_1_r4_u = 1/x,_mr_1_4_1_r4_Px = b^2*x^2+2*a*b*x+a^2]
  !! rubi: rule 1_4_1 r9 misfire (repl error) on (b^2*x^2+2*a*b*x+a^2)/x with [_mr_1_4_1_r9_c = 1,_mr_1_4_1_r9_m = -1,_mr_1_4_1_r9_u = b^2*x^2+2*a*b*x+a^2]
  !! rubi: rule 9_1 r14 misfire (repl error) on (b^2*x^2+2*a*b*x+a^2)/x with [_mr_9_1_r14_c = 1,_mr_9_1_r14_m = -1,_mr_9_1_r14_u = b^2*x^2+2*a*b*x+a^2]
  !! rubi: rule 9_1 r27 misfire (repl error) on (b^2*x^2+2*a*b*x+a^2)/x with [_mr_9_1_r27_p = 1,_mr_9_1_r27_b = 2*a*b,_mr_9_1_r27_c = b^2,_mr_9_1_r27_a = a^2,_mr_9_1_r27_u = 1/x]
  !! rubi: rule 9_3 r63 misfire (repl error) on (b^2*x^2+2*a*b*x+a^2)/x with [_mr_9_3_r63_u = (b^2*x^2+2*a*b*x+a^2)/x]
fired    9_3 r67  (b^2*x^2+2*a*b*x+a^2)/x
fired    1_2_3_1 r11  b^2*x+a^2/x+2*a*b
fired    1_1_1_2 r12  (b*x+a)^2/x
fired    1_1_3_2 r8  (b*x^n+a)^2/x
RUBI-CPU 0.303544 
ANSWER-LEN 52 UNINT true 
ANSWER 'unintegrable[(b^2*x^(2*n)+2*a*b*x^n+a^2)/x^n,x^n]/n 

# arm final 1 Algebraic functions/1.1 Binomial products/1.1.3 General/1.1.3.3 (a+b x^n)^p (c+d x^n)^q.mac e131 integrand sqrt(a+b/x)/(c+d/x)^3
# core /home/serge/src/mr-ports/test/mr_rules.core sw {} cap 30 hit True cpu [30.062886]
  !! rubi: rule 1_4_1 r18 misfire (repl error) on -((5*b*d*x+6*a*d-b*c)/(2*x*sqrt(b*x+a)*(d*x+c)^3)) with [_mr_1_4_1_r18_Px = x,_mr_1_4_1_r18_p = -1,_mr_1_4_1_r18_q = 1,_mr_1_4_1_r18_Qx = -(1/2),_mr_1_4_1_r18_u = (5*b*d*x+6*a*d-b*c)/(sqrt(b*x+a)*(d*x+c)^3)]
  !! rubi: rule 1_1_1_7 r5 misfire (repl error) on -((5*b*d*x+6*a*d-b*c)/(2*x*sqrt(b*x+a)*(d*x+c)^3)) with [_mr_1_1_1_7_r5_Px = x,_mr_1_1_1_7_r5_p = -1,_mr_1_1_1_7_r5_q = 1,_mr_1_1_1_7_r5_Qx = -(1/2),_mr_1_1_1_7_r5_u = (5*b*d*x+6*a*d-b*c)/(sqrt(b*x+a)*(d*x+c)^3)]
  !! rubi: rule 1_4_1 r18 misfire (repl error) on 1/(b*c*(d*x^2-a*d+b*c)^3) with [_mr_1_4_1_r18_Px = b,_mr_1_4_1_r18_p = -1,_mr_1_4_1_r18_q = 1,_mr_1_4_1_r18_Qx = 1/c,_mr_1_4_1_r18_u = 1/(d*x^2-a*d+b*c)^3]
fired    1_1_2_1 r12  1/(d*x^2-a*d+b*c)
fired    1_1_2_1 r9  1/(d*x^2-a*d+b*c)^2
fired    1_1_2_1 r9  1/(d*x^2-a*d+b*c)^3
fired    1_4_1 r23  1/(b*c*(d*x^2-a*d+b*c)^3)
fired    1_3_3 r10  1/(b*c*d^3*x^6+(3*b^2*c^2*d^2-3*a*b*c*d^3)*x^4+(3*a^2*b*c*d^3-6*a*b^2*c^2*d^2+3*b^3*c^3*d)*x^2+b^4*c^4*(1-(a^3*d^3-3*a^2*b*c*d^2+3*a*b^2*c^2*d)/(b^3*c^3)))
fired    1_1_2_1 r12  1/(2*b^2*c^2*d^2*x^2-2*a*b^2*c^2*d^2+2*b^3*c^3*d)
fired    1_1_2_1 r9  1/(2*b^2*c^2*d^2*x^2-2*a*b^2*c^2*d^2+2*b^3*c^3*d)^2
fired    1_2_3_1 r4  1/(b^2*c^2*d^2*x^4+(2*b^3*c^3*d-2*a*b^2*c^2*d^2)*x^2+a^2*b^2*c^2*d^2-2*a*b^3*c^3*d+b^4*c^4)
fired    1_1_2_1 r12  1/(b^3*c^3*d*x^2-a*b^3*c^3*d+b^4*c^4)
fired    1_1_2_1 r15  1/(b^3*c^3*x^2-a*b^3*c^3)
fired    1_4_1 r7  -(d/(b*c*d^3*x^6+(3*b^2*c^2*d^2-3*a*b*c*d^3)*x^4+(3*a^2*b*c*d^3-6*a*b^2*c^2*d^2+3*b^3*c^3*d)*x^2+b^4*c^4*(1-(a^3*d^3-3*a^2*b*c*d^2+3*a*b^2*c^2*d)/(b^3*c^3))))-d
fired    1_3_3 r10  1/(d^3*x^8+(3*b*c*d^2-4*a*d^3)*x^6+(6*a^2*d^3-9*a*b*c*d^2+3*b^2*c^2*d)*x^4+(-(4*a^3*d^3)+9*a^2*b*c*d^2-6*a*b^2*c^2*d+b^3*c^3)*x^2+a^4*d^3-3*a^3*b*c*d^2+3*a^2*b^
fired    9_3 r37  1/(d^3*x^4*sqrt(b*x+a)+3*c*d^2*x^3*sqrt(b*x+a)+3*c^2*d*x^2*sqrt(b*x+a)+c^3*x*sqrt(b*x+a))

# arm final 1 Algebraic functions/1.1 Binomial products/1.1.3 General/1.1.3.3 (a+b x^n)^p (c+d x^n)^q.mac e138 integrand (a+b/x)^(3/2)/(c+d/x)^3
# core /home/serge/src/mr-ports/test/mr_rules.core sw {} cap 30 hit True cpu [30.057186]
  !! rubi: rule 1_4_1 r18 misfire (repl error) on -(((2*b^2*c-5*a*b*d)*x-6*a^2*d+3*a*b*c)/(2*x*sqrt(b*x+a)*(d*x+c)^3)) with [_mr_1_4_1_r18_Px = x,_mr_1_4_1_r18_p = -1,_mr_1_4_1_r18_q = 1,_mr_1_4_1_r18_Qx = -(1/2),_mr_1_4_1_r18_u = ((2*b^2*c-5*a*b*d)*x-6*a^2*d+3*a*b*c)/(sqrt(b*x+a)*(d*x+c)^3)]
  !! rubi: rule 1_1_1_7 r5 misfire (repl error) on -(((2*b^2*c-5*a*b*d)*x-6*a^2*d+3*a*b*c)/(2*x*sqrt(b*x+a)*(d*x+c)^3)) with [_mr_1_1_1_7_r5_Px = x,_mr_1_1_1_7_r5_p = -1,_mr_1_1_1_7_r5_q = 1,_mr_1_1_1_7_r5_Qx = -(1/2),_mr_1_1_1_7_r5_u = ((2*b^2*c-5*a*b*d)*x-6*a^2*d+3*a*b*c)/(sqrt(b*x+a)*(d*x+c)^3)]
  !! rubi: rule 1_4_1 r18 misfire (repl error) on 1/(b*c*(d*x^2-a*d+b*c)^3) with [_mr_1_4_1_r18_Px = b,_mr_1_4_1_r18_p = -1,_mr_1_4_1_r18_q = 1,_mr_1_4_1_r18_Qx = 1/c,_mr_1_4_1_r18_u = 1/(d*x^2-a*d+b*c)^3]
fired    1_1_2_1 r12  1/(d*x^2-a*d+b*c)
fired    1_1_2_1 r9  1/(d*x^2-a*d+b*c)^2
fired    1_1_2_1 r9  1/(d*x^2-a*d+b*c)^3
fired    1_4_1 r23  1/(b*c*(d*x^2-a*d+b*c)^3)
fired    1_3_3 r10  1/(b*c*d^3*x^6+(3*b^2*c^2*d^2-3*a*b*c*d^3)*x^4+(3*a^2*b*c*d^3-6*a*b^2*c^2*d^2+3*b^3*c^3*d)*x^2+b^4*c^4*(1-(a^3*d^3-3*a^2*b*c*d^2+3*a*b^2*c^2*d)/(b^3*c^3)))
fired    1_1_2_1 r12  1/(2*b^2*c^2*d^2*x^2-2*a*b^2*c^2*d^2+2*b^3*c^3*d)
fired    1_1_2_1 r9  1/(2*b^2*c^2*d^2*x^2-2*a*b^2*c^2*d^2+2*b^3*c^3*d)^2
fired    1_2_3_1 r4  1/(b^2*c^2*d^2*x^4+(2*b^3*c^3*d-2*a*b^2*c^2*d^2)*x^2+a^2*b^2*c^2*d^2-2*a*b^3*c^3*d+b^4*c^4)
fired    1_1_2_1 r12  1/(b^3*c^3*d*x^2-a*b^3*c^3*d+b^4*c^4)
fired    1_1_2_1 r15  1/(b^3*c^3*x^2-a*b^3*c^3)
fired    1_4_1 r7  -(d/(b*c*d^3*x^6+(3*b^2*c^2*d^2-3*a*b*c*d^3)*x^4+(3*a^2*b*c*d^3-6*a*b^2*c^2*d^2+3*b^3*c^3*d)*x^2+b^4*c^4*(1-(a^3*d^3-3*a^2*b*c*d^2+3*a*b^2*c^2*d)/(b^3*c^3))))-d
fired    1_3_3 r10  1/(d^3*x^8+(3*b*c*d^2-4*a*d^3)*x^6+(6*a^2*d^3-9*a*b*c*d^2+3*b^2*c^2*d)*x^4+(-(4*a^3*d^3)+9*a^2*b*c*d^2-6*a*b^2*c^2*d+b^3*c^3)*x^2+a^4*d^3-3*a^3*b*c*d^2+3*a^2*b^
fired    9_3 r37  1/(d^3*x^4*sqrt(b*x+a)+3*c*d^2*x^3*sqrt(b*x+a)+3*c^2*d*x^2*sqrt(b*x+a)+c^3*x*sqrt(b*x+a))

# arm final 1 Algebraic functions/1.1 Binomial products/1.1.3 General/1.1.3.3 (a+b x^n)^p (c+d x^n)^q.mac e152 integrand 1/((c+d/x)^3*sqrt(a+b/x))
# core /home/serge/src/mr-ports/test/mr_rules.core sw {} cap 30 hit True cpu [30.117925]
  !! rubi: rule 1_4_1 r18 misfire (repl error) on (5*b*d*x+6*a*d+b*c)/(2*x*sqrt(b*x+a)*(d*x+c)^3) with [_mr_1_4_1_r18_Px = x,_mr_1_4_1_r18_p = -1,_mr_1_4_1_r18_q = 1,_mr_1_4_1_r18_Qx = 1/2,_mr_1_4_1_r18_u = (5*b*d*x+6*a*d+b*c)/(sqrt(b*x+a)*(d*x+c)^3)]
  !! rubi: rule 1_1_1_7 r5 misfire (repl error) on (5*b*d*x+6*a*d+b*c)/(2*x*sqrt(b*x+a)*(d*x+c)^3) with [_mr_1_1_1_7_r5_Px = x,_mr_1_1_1_7_r5_p = -1,_mr_1_1_1_7_r5_q = 1,_mr_1_1_1_7_r5_Qx = 1/2,_mr_1_1_1_7_r5_u = (5*b*d*x+6*a*d+b*c)/(sqrt(b*x+a)*(d*x+c)^3)]
  !! rubi: rule 1_4_1 r18 misfire (repl error) on 1/(b*c*(d*x^2-a*d+b*c)^3) with [_mr_1_4_1_r18_Px = b,_mr_1_4_1_r18_p = -1,_mr_1_4_1_r18_q = 1,_mr_1_4_1_r18_Qx = 1/c,_mr_1_4_1_r18_u = 1/(d*x^2-a*d+b*c)^3]
fired    1_1_2_1 r12  1/(d*x^2-a*d+b*c)
fired    1_1_2_1 r9  1/(d*x^2-a*d+b*c)^2
fired    1_1_2_1 r9  1/(d*x^2-a*d+b*c)^3
fired    1_4_1 r23  1/(b*c*(d*x^2-a*d+b*c)^3)
fired    1_3_3 r10  1/(b*c*d^3*x^6+(3*b^2*c^2*d^2-3*a*b*c*d^3)*x^4+(3*a^2*b*c*d^3-6*a*b^2*c^2*d^2+3*b^3*c^3*d)*x^2+b^4*c^4*(1-(a^3*d^3-3*a^2*b*c*d^2+3*a*b^2*c^2*d)/(b^3*c^3)))
fired    1_1_2_1 r12  1/(2*b^2*c^2*d^2*x^2-2*a*b^2*c^2*d^2+2*b^3*c^3*d)
fired    1_1_2_1 r9  1/(2*b^2*c^2*d^2*x^2-2*a*b^2*c^2*d^2+2*b^3*c^3*d)^2
fired    1_2_3_1 r4  1/(b^2*c^2*d^2*x^4+(2*b^3*c^3*d-2*a*b^2*c^2*d^2)*x^2+a^2*b^2*c^2*d^2-2*a*b^3*c^3*d+b^4*c^4)
fired    1_1_2_1 r12  1/(b^3*c^3*d*x^2-a*b^3*c^3*d+b^4*c^4)
fired    1_1_2_1 r15  1/(b^3*c^3*x^2-a*b^3*c^3)
fired    1_4_1 r7  -(d/(b*c*d^3*x^6+(3*b^2*c^2*d^2-3*a*b*c*d^3)*x^4+(3*a^2*b*c*d^3-6*a*b^2*c^2*d^2+3*b^3*c^3*d)*x^2+b^4*c^4*(1-(a^3*d^3-3*a^2*b*c*d^2+3*a*b^2*c^2*d)/(b^3*c^3))))-d
fired    1_3_3 r10  1/(d^3*x^8+(3*b*c*d^2-4*a*d^3)*x^6+(6*a^2*d^3-9*a*b*c*d^2+3*b^2*c^2*d)*x^4+(-(4*a^3*d^3)+9*a^2*b*c*d^2-6*a*b^2*c^2*d+b^3*c^3)*x^2+a^4*d^3-3*a^3*b*c*d^2+3*a^2*b^
fired    9_3 r37  1/(d^3*x^4*sqrt(b*x+a)+3*c*d^2*x^3*sqrt(b*x+a)+3*c^2*d*x^2*sqrt(b*x+a)+c^3*x*sqrt(b*x+a))

# arm final 1 Algebraic functions/1.1 Binomial products/1.1.3 General/1.1.3.3 (a+b x^n)^p (c+d x^n)^q.mac e166 integrand 1/((a+b/x)^(5/2)*(c+d/x)^3)
# core /home/serge/src/mr-ports/test/mr_rules.core sw {} cap 30 hit False cpu [29.596296]
  !! rubi: rule 1_4_1 r18 misfire (repl error) on (9*b*d*x+6*a*d+5*b*c)/(2*x*(b*x+a)^(5/2)*(d*x+c)^3) with [_mr_1_4_1_r18_Px = x,_mr_1_4_1_r18_p = -1,_mr_1_4_1_r18_q = 1,_mr_1_4_1_r18_Qx = 1/2,_mr_1_4_1_r18_u = (9*b*d*x+6*a*d+5*b*c)/((b*x+a)^(5/2)*(d*x+c)^3)]
  !! rubi: rule 1_1_1_7 r5 misfire (repl error) on (9*b*d*x+6*a*d+5*b*c)/(2*x*(b*x+a)^(5/2)*(d*x+c)^3) with [_mr_1_1_1_7_r5_Px = x,_mr_1_1_1_7_r5_p = -1,_mr_1_1_1_7_r5_q = 1,_mr_1_1_1_7_r5_Qx = 1/2,_mr_1_1_1_7_r5_u = (9*b*d*x+6*a*d+5*b*c)/((b*x+a)^(5/2)*(d*x+c)^3)]
  !! rubi: rule 1_4_1 r18 misfire (repl error) on 1/(b*c*(a*d-b*c)^2*(d*x^2-a*d+b*c)^3) with [_mr_1_4_1_r18_Px = b,_mr_1_4_1_r18_p = -1,_mr_1_4_1_r18_q = 1,_mr_1_4_1_r18_Qx = 1/c,_mr_1_4_1_r18_u = 1/((a*d-b*c)^2*(d*x^2-a*d+b*c)^3)]
fired    1_1_2_1 r12  1/(d*x^2-a*d+b*c)
fired    1_1_2_1 r9  1/(d*x^2-a*d+b*c)^2
fired    1_1_2_1 r9  1/(d*x^2-a*d+b*c)^3
fired    1_4_1 r23  1/(b*c*(a*d-b*c)^2*(d*x^2-a*d+b*c)^3)
fired    1_3_3 r10  1/((a^2*b*c*d^5-2*a*b^2*c^2*d^4+b^3*c^3*d^3)*x^6+(-(3*a^3*b*c*d^5)+9*a^2*b^2*c^2*d^4-9*a*b^3*c^3*d^3+3*b^4*c^4*d^2)*x^4+(3*a^4*b*c*d^5-12*a^3*b^2*c^2*d^4+18*a^2
fired    1_1_2_1 r12  1/(2*(-(a^3*b^2*c^2*d^5)+3*a^2*b^3*c^3*d^4-3*a*b^4*c^4*d^3+b^5*c^5*d^2)*x^2+2*a^4*b^2*c^2*d^5-8*a^3*b^3*c^3*d^4+12*a^2*b^4*c^4*d^3-8*a*b^5*c^5*d^2+2*b^6*c^6*d)
fired    1_1_2_1 r9  1/(2*(-(a^3*b^2*c^2*d^5)+3*a^2*b^3*c^3*d^4-3*a*b^4*c^4*d^3+b^5*c^5*d^2)*x^2+2*a^4*b^2*c^2*d^5-8*a^3*b^3*c^3*d^4+12*a^2*b^4*c^4*d^3-8*a*b^5*c^5*d^2+2*b^6*c^6*d)^
fired    1_2_3_1 r4  1/((-(a^3*b^2*c^2*d^5)+3*a^2*b^3*c^3*d^4-3*a*b^4*c^4*d^3+b^5*c^5*d^2)*x^4+(2*a^4*b^2*c^2*d^5-8*a^3*b^3*c^3*d^4+12*a^2*b^4*c^4*d^3-8*a*b^5*c^5*d^2+2*b^6*c^6*d)*x
fired    1_1_2_1 r12  1/((a^4*b^3*c^3*d^5-4*a^3*b^4*c^4*d^4+6*a^2*b^5*c^5*d^3-4*a*b^6*c^6*d^2+b^7*c^7*d)*x^2-a^5*b^3*c^3*d^5+5*a^4*b^4*c^4*d^4-10*a^3*b^5*c^5*d^3+10*a^2*b^6*c^6*d^2-5
fired    1_1_2_1 r15  1/(a^2*b^3*c^3*x^2-a^3*b^3*c^3)
fired    1_1_1_1 r2  1/x^2
fired    1_1_1_1 r2  1/x^4
fired    1_4_1 r7  -(d^3/((a^2*b*c*d^5-2*a*b^2*c^2*d^4+b^3*c^3*d^3)*x^6+(-(3*a^3*b*c*d^5)+9*a^2*b^2*c^2*d^4-9*a*b^3*c^3*d^3+3*b^4*c^4*d^2)*x^4+(3*a^4*b*c*d^5-12*a^3*b^2*c^2*d^4+18
fired    1_3_3 r10  1/(x^4*(d^3*x^8-4*a*d^3*x^6+3*b*c*d^2*x^6+6*a^2*d^3*x^4-9*a*b*c*d^2*x^4+3*b^2*c^2*d*x^4-4*a^3*d^3*x^2+9*a^2*b*c*d^2*x^2-6*a*b^2*c^2*d*x^2+b^3*c^3*x^2+a^4*d^3-3*
fired    1_4_1 r25  1/(d^3*x^12+(3*b*c*d^2-4*a*d^3)*x^10+(6*a^2*d^3-9*a*b*c*d^2+3*b^2*c^2*d)*x^8+(-(4*a^3*d^3)+9*a^2*b*c*d^2-6*a*b^2*c^2*d+b^3*c^3)*x^6+(a^4*d^3-3*a^3*b*c*d^2+3*a^2
fired    9_3 r37  1/(d^3*x^4*(b*x+a)^(5/2)+3*c*d^2*x^3*(b*x+a)^(5/2)+3*c^2*d*x^2*(b*x+a)^(5/2)+c^3*x*(b*x+a)^(5/2))
  !! rubi: rule 1_4_1 r18 misfire (repl error) on 2/((2*a*d-2*b*c)^2*(d*x^2-a*d+b*c)^3) with [_mr_1_4_1_r18_Px = 2*a*d-2*b*c,_mr_1_4_1_r18_p = -2,_mr_1_4_1_r18_q = 1,_mr_1_4_1_r18_Qx = 2,_mr_1_4_1_r18_u = 1/(d*x^2-a*d+b*c)^3]
fired    1_1_2_1 r12  1/(d*x^2-a*d+b*c)
fired    1_1_2_1 r9  1/(d*x^2-a*d+b*c)^2
fired    1_1_2_1 r9  1/(d*x^2-a*d+b*c)^3
fired    1_4_1 r23  2/((2*a*d-2*b*c)^2*(d*x^2-a*d+b*c)^3)
fired    1_4_1 r18  1/(2*(a*d-b*c)^2*(d*x^2-a*d+b*c)^3)
fired    1_3_3 r10  1/((2*a^2*d^5-4*a*b*c*d^4+2*b^2*c^2*d^3)*x^6+(-(6*a^3*d^5)+18*a^2*b*c*d^4-18*a*b^2*c^2*d^3+6*b^3*c^3*d^2)*x^4+(6*a^4*d^5-24*a^3*b*c*d^4+36*a^2*b^2*c^2*d^3-24*a*
fired    1_1_2_1 r12  1/(2*(-(a^3*d^5)+3*a^2*b*c*d^4-3*a*b^2*c^2*d^3+b^3*c^3*d^2)*x^2+2*a^4*d^5-8*a^3*b*c*d^4+12*a^2*b^2*c^2*d^3-8*a*b^3*c^3*d^2+2*b^4*c^4*d)
fired    1_1_2_1 r9  1/(2*(-(a^3*d^5)+3*a^2*b*c*d^4-3*a*b^2*c^2*d^3+b^3*c^3*d^2)*x^2+2*a^4*d^5-8*a^3*b*c*d^4+12*a^2*b^2*c^2*d^3-8*a*b^3*c^3*d^2+2*b^4*c^4*d)^2
fired    1_2_3_1 r4  1/((-(a^3*d^5)+3*a^2*b*c*d^4-3*a*b^2*c^2*d^3+b^3*c^3*d^2)*x^4+(2*a^4*d^5-8*a^3*b*c*d^4+12*a^2*b^2*c^2*d^3-8*a*b^3*c^3*d^2+2*b^4*c^4*d)*x^2-a^5*d^5+5*a^4*b*c*d^4
fired    1_1_2_1 r12  1/((2*a^4*d^5-8*a^3*b*c*d^4+12*a^2*b^2*c^2*d^3-8*a*b^3*c^3*d^2+2*b^4*c^4*d)*x^2-2*a^5*d^5+10*a^4*b*c*d^4-20*a^3*b^2*c^2*d^3+20*a^2*b^3*c^3*d^2-10*a*b^4*c^4*d+2*
fired    1_1_1_1 r2  1/x^2
fired    1_1_1_1 r2  1/x^4
fired    1_4_1 r7  d^2/((2*a^2*d^5-4*a*b*c*d^4+2*b^2*c^2*d^3)*x^6+(-(6*a^3*d^5)+18*a^2*b*c*d^4-18*a*b^2*c^2*d^3+6*b^3*c^3*d^2)*x^4+(6*a^4*d^5-24*a^3*b*c*d^4+36*a^2*b^2*c^2*d^3-24*
fired    1_3_3 r10  1/(x^4*(2*d^3*x^6-6*a*d^3*x^4+6*b*c*d^2*x^4+6*a^2*d^3*x^2-12*a*b*c*d^2*x^2+6*b^2*c^2*d*x^2-2*a^3*d^3+6*a^2*b*c*d^2-6*a*b^2*c^2*d+2*b^3*c^3))
fired    1_4_1 r25  1/(2*d^3*x^10+(6*b*c*d^2-6*a*d^3)*x^8+(6*a^2*d^3-12*a*b*c*d^2+6*b^2*c^2*d)*x^6+(-(2*a^3*d^3)+6*a^2*b*c*d^2-6*a*b^2*c^2*d+2*b^3*c^3)*x^4)
fired    9_3 r37  1/(2*d^3*x^3*(b*x+a)^(5/2)+6*c*d^2*x^2*(b*x+a)^(5/2)+6*c^2*d*x*(b*x+a)^(5/2)+2*c^3*(b*x+a)^(5/2))
fired    1_4_1 r7  (3*a*((5*b*c)/(6*a*d)+1)*d)/(d^3*x^4*(b*x+a)^(5/2)+3*c*d^2*x^3*(b*x+a)^(5/2)+3*c^2*d*x^2*(b*x+a)^(5/2)+c^3*x*(b*x+a)^(5/2))+(9*b*d)/(2*d^3*x^3*(b*x+a)^(5/2)+6*c
fired    1_1_1_7 r25  (9*b*d*x+6*a*d+5*b*c)/(2*x*(b*x+a)^(5/2)*(d*x+c)^3)
fired    1_1_1_3 r32  1/(x^2*(b*x+a)^(5/2)*(d*x+c)^3)
fired    1_1_3_3 r3  1/((b/x+a)^(5/2)*(d/x+c)^3)
RUBI-CPU 29.549218 
ANSWER-LEN 3719 UNINT false 
ANSWER x/(a*c*(b/x+a)^(3/2)*(d/x+c)^2)+(6*a*b^3*((5*b*c)/(6*a*d)+1)*d*(((a*d^4-3*b*c*d^3)*(sqrt(b/x+a)/(2*(2*a^4*b^2*c^2*d^5-8*a^3*b^3*c^3*d^4+12*a^2*b^4*c^4*d^3-8*a*b^5*c^5*d^2+2*b^6*c^6*d)*(2*(-(a^3*b^2*c^2*d^5)+3*a^2*b^3*c^3*d^4-3*a*b^4*c^4*d^3+b^5*c^5*d^2)*(b/x+a)+2*a^4*b^2*c^2*d^5-8*a^3*b^3*c^3*d^4+12*a^2*b^4*c^4*d^3-8*a*b^5*c^5*d^2+2*b^6*c^6*d))+atan((sqrt(2)*sqrt(-(a^3*b^2*c^2*d^5)+3*a^2*b^3*c^3*d^4-3*a*b^4*c^4*d^3+b^5*c^5*d^2)*sqrt(b/x+a))/sqrt(2*a^4*b^2*c^2*d^5-8*a^3*b^3*c^3*d^4+12*a^2*b^4*c^4*d^3-8*a*b^5*c^5*d^2+2*b^6*c^6*d))/(2^(3/2)*sqrt(-(a^3*b^2*c^2*d^5)+3*a^2*b^3*c^3*d^4-3*a*b^4...

# arm final 1 Algebraic functions/1.1 Binomial products/1.1.3 General/1.1.3.4 (e x)^m (a+b x^n)^p (c+d x^n)^q.mac e4 integrand (a+b*x^3)*(A+B*x^3)/x
# core /home/serge/src/mr-ports/test/mr_rules.core sw {} cap 30 hit False cpu [0.7896]
  !! rubi: rule 1_2_1_2 r73 misfire (repl error) on (B*b*x^2+B*a*((A*b)/(B*a)+1)*x+A*a)/x with [_mr_1_2_1_2_r73_e = 1,_mr_1_2_1_2_r73_d = 0,_mr_1_2_1_2_r73_m = -1,_mr_1_2_1_2_r73_p = 1,_mr_1_2_1_2_r73_b = B*a*((A*b)/(B*a)+1),_mr_1_2_1_2_r73_c = B*b,_mr_1_2_1_2_r73_a = A*a]
  !! rubi: rule 1_4_1 r9 misfire (repl error) on (B*b*x^2+B*a*((A*b)/(B*a)+1)*x+A*a)/x with [_mr_1_4_1_r9_c = 1,_mr_1_4_1_r9_m = -1,_mr_1_4_1_r9_u = B*b*x^2+B*a*((A*b)/(B*a)+1)*x+A*a]
  !! rubi: rule 9_1 r14 misfire (repl error) on (B*b*x^2+B*a*((A*b)/(B*a)+1)*x+A*a)/x with [_mr_9_1_r14_c = 1,_mr_9_1_r14_m = -1,_mr_9_1_r14_u = B*b*x^2+B*a*((A*b)/(B*a)+1)*x+A*a]
  !! rubi: rule 1_4_1 r9 misfire (repl error) on (B*b*x^2+A*b*x+B*a*x+A*a)/x with [_mr_1_4_1_r9_c = 1,_mr_1_4_1_r9_m = -1,_mr_1_4_1_r9_u = B*b*x^2+A*b*x+B*a*x+A*a]
  !! rubi: rule 1_4_2 r14 misfire (repl error) on (B*b*x^2+A*b*x+B*a*x+A*a)/x with [_mr_1_4_2_r14_u = x,_mr_1_4_2_r14_m = -1,_mr_1_4_2_r14_p = 1,_mr_1_4_2_r14_v = B*b*x^2+A*b*x+B*a*x+A*a]
  !! rubi: rule 1_2_1_2 r73 misfire (repl error) on (B*b*x^2+(A*b+B*a)*x+A*a)/x with [_mr_1_2_1_2_r73_e = 1,_mr_1_2_1_2_r73_d = 0,_mr_1_2_1_2_r73_m = -1,_mr_1_2_1_2_r73_p = 1,_mr_1_2_1_2_r73_b = A*b+B*a,_mr_1_2_1_2_r73_c = B*b,_mr_1_2_1_2_r73_a = A*a]
  !! rubi: rule 1_4_1 r9 misfire (repl error) on (B*b*x^2+(A*b+B*a)*x+A*a)/x with [_mr_1_4_1_r9_c = 1,_mr_1_4_1_r9_m = -1,_mr_1_4_1_r9_u = B*b*x^2+(A*b+B*a)*x+A*a]
  !! rubi: rule 9_1 r14 misfire (repl error) on (B*b*x^2+(A*b+B*a)*x+A*a)/x with [_mr_9_1_r14_c = 1,_mr_9_1_r14_m = -1,_mr_9_1_r14_u = B*b*x^2+(A*b+B*a)*x+A*a]
  !! rubi: rule 9_3 r62 misfire (repl error) on (B*b*x^2+(A*b+B*a)*x+A*a)/x with [_mr_9_3_r62_u = (B*b*x^2+(A*b+B*a)*x+A*a)/x]
  !! rubi: rule 9_3 r63 misfire (repl error) on (B*b*x^2+(A*b+B*a)*x+A*a)/x with [_mr_9_3_r63_u = (B*b*x^2+(A*b+B*a)*x+A*a)/x]
fired    9_3 r67  (B*b*x^2+(A*b+B*a)*x+A*a)/x
fired    9_1 r6  (B*b*x^2+A*b*x+B*a*x+A*a)/x
fired    9_3 r62  (B*b*x^2+B*a*((A*b)/(B*a)+1)*x+A*a)/x
fired    1_2_3_1 r11  B*b*x+(A*a)/x+B*a*((A*b)/(B*a)+1)
fired    1_1_1_3 r4  ((B*x+A)*(b*x+a))/x
fired    1_1_3_4 r11  ((B*x^3+A)*(b*x^3+a))/x
RUBI-CPU 0.746308 
ANSWER-LEN 52 UNINT true 
ANSWER 'unintegrable[(B*b*x^6+(A*b+B*a)*x^3+A*a)/x^3,x^3]/3 

# arm final 1 Algebraic functions/1.1 Binomial products/1.1.3 General/1.1.3.4 (e x)^m (a+b x^n)^p (c+d x^n)^q.mac e14 integrand (a+b*x^3)^2*(A+B*x^3)/x
# core /home/serge/src/mr-ports/test/mr_rules.core sw {} cap 30 hit False cpu [0.378439]
  !! rubi: rule 1_4_1 r4 misfire (repl error) on (b^2*x^2+2*a*b*x+a^2)/x with [_mr_1_4_1_r4_u = 1/x,_mr_1_4_1_r4_Px = b^2*x^2+2*a*b*x+a^2]
  !! rubi: rule 1_4_1 r9 misfire (repl error) on (b^2*x^2+2*a*b*x+a^2)/x with [_mr_1_4_1_r9_c = 1,_mr_1_4_1_r9_m = -1,_mr_1_4_1_r9_u = b^2*x^2+2*a*b*x+a^2]
  !! rubi: rule 9_1 r14 misfire (repl error) on (b^2*x^2+2*a*b*x+a^2)/x with [_mr_9_1_r14_c = 1,_mr_9_1_r14_m = -1,_mr_9_1_r14_u = b^2*x^2+2*a*b*x+a^2]
  !! rubi: rule 9_1 r27 misfire (repl error) on (b^2*x^2+2*a*b*x+a^2)/x with [_mr_9_1_r27_p = 1,_mr_9_1_r27_b = 2*a*b,_mr_9_1_r27_c = b^2,_mr_9_1_r27_a = a^2,_mr_9_1_r27_u = 1/x]
  !! rubi: rule 9_3 r63 misfire (repl error) on (b^2*x^2+2*a*b*x+a^2)/x with [_mr_9_3_r63_u = (b^2*x^2+2*a*b*x+a^2)/x]
fired    9_3 r67  (b^2*x^2+2*a*b*x+a^2)/x
fired    1_2_3_1 r11  b^2*x+a^2/x+2*a*b
fired    1_1_1_2 r12  (b*x+a)^2/x
fired    1_1_1_3 r8  ((B*x+A)*(b*x+a)^2)/x
fired    1_1_3_4 r11  ((B*x^3+A)*(b*x^3+a)^2)/x
RUBI-CPU 0.339781 
ANSWER-LEN 74 UNINT true 
ANSWER (A*'unintegrable[(b^2*x^6+2*a*b*x^3+a^2)/x^3,x^3]+(B*(b*x^3+a)^3)/(3*b))/3 

# arm final 1 Algebraic functions/1.1 Binomial products/1.1.4 Improper/1.1.4.3 (e x)^m (a x^j+b x^k)^p (c+d x^n)^q.mac e6 integrand (A+B*x^2)*(b*x^2+c*x^4)/x^3
# core /home/serge/src/mr-ports/test/mr_rules.core sw {} cap 30 hit False cpu [1.001205]
  !! rubi: rule 1_2_1_2 r73 misfire (repl error) on (B*c*x^2+B*b*((A*c)/(B*b)+1)*x+A*b)/x with [_mr_1_2_1_2_r73_e = 1,_mr_1_2_1_2_r73_d = 0,_mr_1_2_1_2_r73_m = -1,_mr_1_2_1_2_r73_p = 1,_mr_1_2_1_2_r73_b = B*b*((A*c)/(B*b)+1),_mr_1_2_1_2_r73_c = B*c,_mr_1_2_1_2_r73_a = A*b]
  !! rubi: rule 1_4_1 r9 misfire (repl error) on (B*c*x^2+B*b*((A*c)/(B*b)+1)*x+A*b)/x with [_mr_1_4_1_r9_c = 1,_mr_1_4_1_r9_m = -1,_mr_1_4_1_r9_u = B*c*x^2+B*b*((A*c)/(B*b)+1)*x+A*b]
  !! rubi: rule 9_1 r14 misfire (repl error) on (B*c*x^2+B*b*((A*c)/(B*b)+1)*x+A*b)/x with [_mr_9_1_r14_c = 1,_mr_9_1_r14_m = -1,_mr_9_1_r14_u = B*c*x^2+B*b*((A*c)/(B*b)+1)*x+A*b]
  !! rubi: rule 1_4_1 r9 misfire (repl error) on (B*c*x^2+A*c*x+B*b*x+A*b)/x with [_mr_1_4_1_r9_c = 1,_mr_1_4_1_r9_m = -1,_mr_1_4_1_r9_u = B*c*x^2+A*c*x+B*b*x+A*b]
  !! rubi: rule 1_4_2 r14 misfire (repl error) on (B*c*x^2+A*c*x+B*b*x+A*b)/x with [_mr_1_4_2_r14_u = x,_mr_1_4_2_r14_m = -1,_mr_1_4_2_r14_p = 1,_mr_1_4_2_r14_v = B*c*x^2+A*c*x+B*b*x+A*b]
  !! rubi: rule 1_2_1_2 r73 misfire (repl error) on (B*c*x^2+(A*c+B*b)*x+A*b)/x with [_mr_1_2_1_2_r73_e = 1,_mr_1_2_1_2_r73_d = 0,_mr_1_2_1_2_r73_m = -1,_mr_1_2_1_2_r73_p = 1,_mr_1_2_1_2_r73_b = A*c+B*b,_mr_1_2_1_2_r73_c = B*c,_mr_1_2_1_2_r73_a = A*b]
  !! rubi: rule 1_4_1 r9 misfire (repl error) on (B*c*x^2+(A*c+B*b)*x+A*b)/x with [_mr_1_4_1_r9_c = 1,_mr_1_4_1_r9_m = -1,_mr_1_4_1_r9_u = B*c*x^2+(A*c+B*b)*x+A*b]
  !! rubi: rule 9_1 r14 misfire (repl error) on (B*c*x^2+(A*c+B*b)*x+A*b)/x with [_mr_9_1_r14_c = 1,_mr_9_1_r14_m = -1,_mr_9_1_r14_u = B*c*x^2+(A*c+B*b)*x+A*b]
  !! rubi: rule 9_3 r62 misfire (repl error) on (B*c*x^2+(A*c+B*b)*x+A*b)/x with [_mr_9_3_r62_u = (B*c*x^2+(A*c+B*b)*x+A*b)/x]
  !! rubi: rule 9_3 r63 misfire (repl error) on (B*c*x^2+(A*c+B*b)*x+A*b)/x with [_mr_9_3_r63_u = (B*c*x^2+(A*c+B*b)*x+A*b)/x]
fired    9_3 r67  (B*c*x^2+(A*c+B*b)*x+A*b)/x
fired    9_1 r6  (B*c*x^2+A*c*x+B*b*x+A*b)/x
fired    9_3 r62  (B*c*x^2+B*b*((A*c)/(B*b)+1)*x+A*b)/x
fired    1_2_3_1 r11  B*c*x+(A*b)/x+B*b*((A*c)/(B*b)+1)
fired    1_1_1_3 r4  ((B*x+A)*(c*x+b))/x
fired    1_1_2_4 r20  ((B*x^2+A)*(c*x^2+b))/x
fired    1_4_1 r18  ((B*x^2+A)*(c*x^3+b*x))/x^2
fired    1_4_1 r18  ((B*x^2+A)*(c*x^4+b*x^2))/x^3
RUBI-CPU 0.964029 
ANSWER-LEN 52 UNINT true 
ANSWER 'unintegrable[(B*c*x^4+(A*c+B*b)*x^2+A*b)/x^2,x^2]/2 

# arm final 1 Algebraic functions/1.1 Binomial products/1.1.4 Improper/1.1.4.3 (e x)^m (a x^j+b x^k)^p (c+d x^n)^q.mac e17 integrand (A+B*x^2)*(b*x^2+c*x^4)^2/x^5
# core /home/serge/src/mr-ports/test/mr_rules.core sw {} cap 30 hit False cpu [0.733978]
  !! rubi: rule 1_4_1 r4 misfire (repl error) on (c^2*x^2+2*b*c*x+b^2)/x with [_mr_1_4_1_r4_u = 1/x,_mr_1_4_1_r4_Px = c^2*x^2+2*b*c*x+b^2]
  !! rubi: rule 1_4_1 r9 misfire (repl error) on (c^2*x^2+2*b*c*x+b^2)/x with [_mr_1_4_1_r9_c = 1,_mr_1_4_1_r9_m = -1,_mr_1_4_1_r9_u = c^2*x^2+2*b*c*x+b^2]
  !! rubi: rule 9_1 r14 misfire (repl error) on (c^2*x^2+2*b*c*x+b^2)/x with [_mr_9_1_r14_c = 1,_mr_9_1_r14_m = -1,_mr_9_1_r14_u = c^2*x^2+2*b*c*x+b^2]
  !! rubi: rule 9_1 r27 misfire (repl error) on (c^2*x^2+2*b*c*x+b^2)/x with [_mr_9_1_r27_p = 1,_mr_9_1_r27_b = 2*b*c,_mr_9_1_r27_c = c^2,_mr_9_1_r27_a = b^2,_mr_9_1_r27_u = 1/x]
  !! rubi: rule 9_3 r63 misfire (repl error) on (c^2*x^2+2*b*c*x+b^2)/x with [_mr_9_3_r63_u = (c^2*x^2+2*b*c*x+b^2)/x]
fired    9_3 r67  (c^2*x^2+2*b*c*x+b^2)/x
fired    1_2_3_1 r11  c^2*x+b^2/x+2*b*c
fired    1_1_1_2 r12  (c*x+b)^2/x
fired    1_1_1_3 r8  ((B*x+A)*(c*x+b)^2)/x
fired    1_1_2_4 r20  ((B*x^2+A)*(c*x^2+b)^2)/x
fired    1_4_1 r18  ((B*x^2+A)*(c*x^3+b*x)^2)/x^3
fired    1_4_1 r18  ((B*x^2+A)*(c*x^4+b*x^2)^2)/x^5
RUBI-CPU 0.6789090000000001 
ANSWER-LEN 74 UNINT true 
ANSWER (A*'unintegrable[(c^2*x^4+2*b*c*x^2+b^2)/x^2,x^2]+(B*(c*x^2+b)^3)/(3*c))/2 

# arm final 1 Algebraic functions/1.2 Trinomial products/1.2.1 Quadratic/1.2.1.2 (d+e x)^m (a+b x+c x^2)^p.mac e438 integrand (d+e*x)^m/(c*d*x+c*e*x^2)
# core /home/serge/src/mr-ports/test/mr_rules.core sw {} cap 30 hit False cpu [0.482848]
  !! rubi: rule 1_4_1 r18 misfire (repl error) on (e*x+d)^(m-1)/(c*x) with [_mr_1_4_1_r18_Px = x,_mr_1_4_1_r18_p = -1,_mr_1_4_1_r18_q = 1,_mr_1_4_1_r18_Qx = 1/c,_mr_1_4_1_r18_u = (e*x+d)^(m-1)]
  !! rubi: rule 1_1_1_7 r5 misfire (repl error) on (e*x+d)^(m-1)/(c*x) with [_mr_1_1_1_7_r5_Px = x,_mr_1_1_1_7_r5_p = -1,_mr_1_1_1_7_r5_q = 1,_mr_1_1_1_7_r5_Qx = 1/c,_mr_1_1_1_7_r5_u = (e*x+d)^(m-1)]
fired    1_1_1_2 r34  (e*x+d)^m/x
fired    1_1_1_1 r4  (e*x+d)^(m-1)
fired    1_4_1 r10  (e*x+d)^m/(c*d*e*x+c*d^2)
fired    1_4_1 r7  (e*x+d)^m/(c*d*x)-(e*(e*x+d)^m)/(c*d*e*x+c*d^2)
fired    1_1_3_8 r5  (e*x+d)^(m-1)/(c*x)
fired    1_2_1_2 r1  (e*x+d)^m/(c*e*x^2+c*d*x)
RUBI-CPU 0.442511 
ANSWER-LEN 90 UNINT false 
ANSWER -((hypergeometric([1,m+1],[m+2],(e*x)/d+1)*(e*x+d)^(m+1))/(c*d^2*(m+1)))-(e*x+d)^m/(c*d*m) 

# arm final 1 Algebraic functions/1.2 Trinomial products/1.2.1 Quadratic/1.2.1.3 (d+e x)^m (f+g x) (a+b x+c x^2)^p.mac e658 integrand (A+B*x)*sqrt(a^2+2*a*b*x+b^2*x^2)/x
# core /home/serge/src/mr-ports/test/mr_rules.core sw {} cap 30 hit False cpu [1.147444]
  !! rubi: rule 1_2_1_2 r73 misfire (repl error) on (B*b^2*x^2+B*a*b*((A*b)/(B*a)+1)*x+A*a*b)/x with [_mr_1_2_1_2_r73_e = 1,_mr_1_2_1_2_r73_d = 0,_mr_1_2_1_2_r73_m = -1,_mr_1_2_1_2_r73_p = 1,_mr_1_2_1_2_r73_b = B*a*b*((A*b)/(B*a)+1),_mr_1_2_1_2_r73_c = B*b^2,_mr_1_2_1_2_r73_a = A*a*b]
  !! rubi: rule 1_4_1 r9 misfire (repl error) on (B*b^2*x^2+B*a*b*((A*b)/(B*a)+1)*x+A*a*b)/x with [_mr_1_4_1_r9_c = 1,_mr_1_4_1_r9_m = -1,_mr_1_4_1_r9_u = B*b^2*x^2+B*a*b*((A*b)/(B*a)+1)*x+A*a*b]
  !! rubi: rule 9_1 r14 misfire (repl error) on (B*b^2*x^2+B*a*b*((A*b)/(B*a)+1)*x+A*a*b)/x with [_mr_9_1_r14_c = 1,_mr_9_1_r14_m = -1,_mr_9_1_r14_u = B*b^2*x^2+B*a*b*((A*b)/(B*a)+1)*x+A*a*b]
  !! rubi: rule 1_4_1 r9 misfire (repl error) on (B*b^2*x^2+A*b^2*x+B*a*b*x+A*a*b)/x with [_mr_1_4_1_r9_c = 1,_mr_1_4_1_r9_m = -1,_mr_1_4_1_r9_u = B*b^2*x^2+A*b^2*x+B*a*b*x+A*a*b]
  !! rubi: rule 1_4_2 r14 misfire (repl error) on (B*b^2*x^2+A*b^2*x+B*a*b*x+A*a*b)/x with [_mr_1_4_2_r14_u = x,_mr_1_4_2_r14_m = -1,_mr_1_4_2_r14_p = 1,_mr_1_4_2_r14_v = B*b^2*x^2+A*b^2*x+B*a*b*x+A*a*b]
  !! rubi: rule 1_2_1_2 r73 misfire (repl error) on (B*b^2*x^2+(A*b^2+B*a*b)*x+A*a*b)/x with [_mr_1_2_1_2_r73_e = 1,_mr_1_2_1_2_r73_d = 0,_mr_1_2_1_2_r73_m = -1,_mr_1_2_1_2_r73_p = 1,_mr_1_2_1_2_r73_b = A*b^2+B*a*b,_mr_1_2_1_2_r73_c = B*b^2,_mr_1_2_1_2_r73_a = A*a*b]
  !! rubi: rule 1_4_1 r9 misfire (repl error) on (B*b^2*x^2+(A*b^2+B*a*b)*x+A*a*b)/x with [_mr_1_4_1_r9_c = 1,_mr_1_4_1_r9_m = -1,_mr_1_4_1_r9_u = B*b^2*x^2+(A*b^2+B*a*b)*x+A*a*b]
  !! rubi: rule 9_1 r14 misfire (repl error) on (B*b^2*x^2+(A*b^2+B*a*b)*x+A*a*b)/x with [_mr_9_1_r14_c = 1,_mr_9_1_r14_m = -1,_mr_9_1_r14_u = B*b^2*x^2+(A*b^2+B*a*b)*x+A*a*b]
  !! rubi: rule 9_3 r62 misfire (repl error) on (B*b^2*x^2+(A*b^2+B*a*b)*x+A*a*b)/x with [_mr_9_3_r62_u = (B*b^2*x^2+(A*b^2+B*a*b)*x+A*a*b)/x]
  !! rubi: rule 9_3 r63 misfire (repl error) on (B*b^2*x^2+(A*b^2+B*a*b)*x+A*a*b)/x with [_mr_9_3_r63_u = (B*b^2*x^2+(A*b^2+B*a*b)*x+A*a*b)/x]
fired    9_3 r67  (B*b^2*x^2+(A*b^2+B*a*b)*x+A*a*b)/x
fired    9_1 r6  (B*b^2*x^2+A*b^2*x+B*a*b*x+A*a*b)/x
fired    9_3 r62  (B*b^2*x^2+B*a*b*((A*b)/(B*a)+1)*x+A*a*b)/x
fired    1_2_3_1 r11  B*b^2*x+(A*a*b)/x+B*a*b*((A*b)/(B*a)+1)
fired    1_1_1_3 r4  ((B*x+A)*(b^2*x+a*b))/x
fired    1_2_1_3 r7  ((B*x+A)*sqrt(b^2*x^2+2*a*b*x+a^2))/x
RUBI-CPU 1.104962 
ANSWER-LEN 92 UNINT true 
ANSWER (sqrt(b^2*x^2+2*a*b*x+a^2)*'unintegrable[(B*b^2*x^2+(A*b^2+B*a*b)*x+A*a*b)/x,x])/(b^2*x+a*b) 

# arm final 1 Algebraic functions/1.2 Trinomial products/1.2.2 Quartic/1.2.2.2 (d x)^m (a+b x^2+c x^4)^p.mac e150 integrand (b*x^2+c*x^4)^2/x^5
# core /home/serge/src/mr-ports/test/mr_rules.core sw {} cap 30 hit False cpu [0.492729]
  !! rubi: rule 1_4_1 r4 misfire (repl error) on (c^2*x^2+2*b*c*x+b^2)/x with [_mr_1_4_1_r4_u = 1/x,_mr_1_4_1_r4_Px = c^2*x^2+2*b*c*x+b^2]
  !! rubi: rule 1_4_1 r9 misfire (repl error) on (c^2*x^2+2*b*c*x+b^2)/x with [_mr_1_4_1_r9_c = 1,_mr_1_4_1_r9_m = -1,_mr_1_4_1_r9_u = c^2*x^2+2*b*c*x+b^2]
  !! rubi: rule 9_1 r14 misfire (repl error) on (c^2*x^2+2*b*c*x+b^2)/x with [_mr_9_1_r14_c = 1,_mr_9_1_r14_m = -1,_mr_9_1_r14_u = c^2*x^2+2*b*c*x+b^2]
  !! rubi: rule 9_1 r27 misfire (repl error) on (c^2*x^2+2*b*c*x+b^2)/x with [_mr_9_1_r27_p = 1,_mr_9_1_r27_b = 2*b*c,_mr_9_1_r27_c = c^2,_mr_9_1_r27_a = b^2,_mr_9_1_r27_u = 1/x]
  !! rubi: rule 9_3 r63 misfire (repl error) on (c^2*x^2+2*b*c*x+b^2)/x with [_mr_9_3_r63_u = (c^2*x^2+2*b*c*x+b^2)/x]
fired    9_3 r67  (c^2*x^2+2*b*c*x+b^2)/x
fired    1_2_3_1 r11  c^2*x+b^2/x+2*b*c
fired    1_1_1_2 r12  (c*x+b)^2/x
fired    1_1_2_2 r4  (c*x^2+b)^2/x
fired    1_4_1 r18  (c*x^3+b*x)^2/x^3
fired    1_4_1 r18  (c*x^4+b*x^2)^2/x^5
RUBI-CPU 0.439723 
ANSWER-LEN 48 UNINT true 
ANSWER 'unintegrable[(c^2*x^4+2*b*c*x^2+b^2)/x^2,x^2]/2 

# arm final 3 Logarithms/3.3 u (a+b log(c (d+e x)^n))^p.mac e346 integrand 1/((d*x+e*x^2)*log(c*(a+b*x)^n))
# core /home/serge/src/mr-ports/test/mr_rules.core sw {} cap 30 hit False cpu [0.986289]
fired    3_3 r32  1/(x*log(c*(b*x+a)^n))
fired    3_3 r32  1/((d*e*x+d^2)*log(c*(b*x+a)^n))
fired    1_4_1 r7  1/(d*x*log(c*(b*x+a)^n))-e/((d*e*x+d^2)*log(c*(b*x+a)^n))
fired    3_3 r28  1/(x*(e*x+d)*log(c*(b*x+a)^n))
fired    1_4_1 r25  1/((e*x^2+d*x)*log(c*(b*x+a)^n))
RUBI-CPU 0.948195 
ANSWER-LEN 93 UNINT true 
ANSWER 'unintegrable[1/(x*log(c*(b*x+a)^n)),x]/d-e*'unintegrable[1/((d*e*x+d^2)*log(c*(b*x+a)^n)),x] 

# arm final 3 Logarithms/3.5 Logarithm functions.mac e289 integrand 1/(x*(x+log(x)))
# core /home/serge/src/mr-ports/test/mr_rules.core sw {} cap 30 hit False cpu [0.371457]
fired    1_1_1_1 r1  1/x
fired    3_1_2 r2  1/(x*log(x))
fired    9_3 r67  1/(log(x)^2+x*log(x))
fired    1_4_1 r7  1/(x*log(x))-1/(log(x)^2+x*log(x))
fired    9_3 r63  1/(x*(log(x)+x))
RUBI-CPU 0.333159 
ANSWER-LEN 50 UNINT true 
ANSWER log(log(x))-'unintegrable[1/(log(x)^2+x*log(x)),x] 

# arm final 6 Hyperbolic functions/6.1 Hyperbolic sine/6.1.1 (c+d x)^m (a+b sinh)^n.mac e360 integrand sech(c+d*x)^2*tanh(c+d*x)/(a+b*sinh(c+d*x))
# core /home/serge/src/mr-ports/test/mr_rules.core sw {} cap 30 hit True cpu [30.059209]
  !! rubi: rule 1_4_2 r20 misfire (repl error) on (%i*a*x+%i*b^2)/(b^3*x^4+a^2*b*x^4+2*b^5*x^2+2*a^2*b^3*x^2+b^7+a^2*b^5) with [_mr_1_4_2_r20_q = 1,_mr_1_4_2_r20_u = %i*a*x+%i*b^2,_mr_1_4_2_r20_v = b^3*x^4+a^2*b*x^4+2*b^5*x^2+2*a^2*b^3*x^2+b^7+a^2*b^5,_mr_1_4_2_r20_p = -1]
  !! rubi: rule 1_3_3 r4 misfire (repl error) on (%i*a*x+%i*b^2)/(b^3*x^4+a^2*b*x^4+2*b^5*x^2+2*a^2*b^3*x^2+b^7+a^2*b^5) with [_mr_1_3_3_r4_u = b^3*x^4+a^2*b*x^4+2*b^5*x^2+2*a^2*b^3*x^2+b^7+a^2*b^5,_mr_1_3_3_r4_p = -1,_mr_1_3_3_r4_Pq = %i*a*x+%i*b^2]
  !! rubi: rule 1_4_2 r19 misfire (repl error) on x/((b^3*x^4)/a^4+(b*x^4)/a^2-(4*%i*b^5*x^3)/a^4-(4*%i*b^3*x^3)/a^2-(6*b^7*x^2)/a^4-(8*b^5*x^2)/a^2-2*b^3*x^2+(4*%i*b^9*x)/a^4+(8*%i*b^7*x)/a^2+4*%i*b^5*x+b^11/a^4+(3*b^9)/a^2+3*b^7+a^2*b^5) with [_mr_1_4_2_r19_u = (b^3*x^4)/a^4+(b*x^4)/a^2-(4*%i*b^5*x^3)/
  !! rubi: rule 1_4_2 r20 misfire (repl error) on x/((b^3*x^4)/a^4+(b*x^4)/a^2-(4*%i*b^5*x^3)/a^4-(4*%i*b^3*x^3)/a^2-(6*b^7*x^2)/a^4-(8*b^5*x^2)/a^2-2*b^3*x^2+(4*%i*b^9*x)/a^4+(8*%i*b^7*x)/a^2+4*%i*b^5*x+b^11/a^4+(3*b^9)/a^2+3*b^7+a^2*b^5) with [_mr_1_4_2_r20_q = 1,_mr_1_4_2_r20_u = x,_mr_1_4_2_r20_v = (
  !! rubi: rule 1_4_2 r20 misfire (repl error) on (a^4*x+%i*a^4*b^2)/(b^3*x^4+a^2*b*x^4-2*a^2*b^5*x^2-2*a^4*b^3*x^2+a^4*b^7+a^6*b^5) with [_mr_1_4_2_r20_q = 1,_mr_1_4_2_r20_u = a^4*x+%i*a^4*b^2,_mr_1_4_2_r20_v = b^3*x^4+a^2*b*x^4-2*a^2*b^5*x^2-2*a^4*b^3*x^2+a^4*b^7+a^6*b^5,_mr_1_4_2_r20_p = -1]
  !! rubi: rule 1_3_3 r4 misfire (repl error) on (a^4*x+%i*a^4*b^2)/(b^3*x^4+a^2*b*x^4-2*a^2*b^5*x^2-2*a^4*b^3*x^2+a^4*b^7+a^6*b^5) with [_mr_1_3_3_r4_u = b^3*x^4+a^2*b*x^4-2*a^2*b^5*x^2-2*a^4*b^3*x^2+a^4*b^7+a^6*b^5,_mr_1_3_3_r4_p = -1,_mr_1_3_3_r4_Pq = a^4*x+%i*a^4*b^2]
  !! rubi: rule 1_4_2 r19 misfire (repl error) on x/((b^3*x^4)/a^16+(b*x^4)/a^14-(4*%i*b^5*x^3)/a^12-(4*%i*b^3*x^3)/a^10-(6*b^7*x^2)/a^8-(8*b^5*x^2)/a^6-(2*b^3*x^2)/a^4+(4*%i*b^9*x)/a^4+(8*%i*b^7*x)/a^2+4*%i*b^5*x+b^11+3*a^2*b^9+3*a^4*b^7+a^6*b^5) with [_mr_1_4_2_r19_u = (b^3*x^4)/a^16+(b*x^4)/a^14-(4*%i
  !! rubi: rule 1_4_2 r20 misfire (repl error) on x/((b^3*x^4)/a^16+(b*x^4)/a^14-(4*%i*b^5*x^3)/a^12-(4*%i*b^3*x^3)/a^10-(6*b^7*x^2)/a^8-(8*b^5*x^2)/a^6-(2*b^3*x^2)/a^4+(4*%i*b^9*x)/a^4+(8*%i*b^7*x)/a^2+4*%i*b^5*x+b^11+3*a^2*b^9+3*a^4*b^7+a^6*b^5) with [_mr_1_4_2_r20_q = 1,_mr_1_4_2_r20_u = x,_mr_1_4_2_r
  !! rubi: rule 1_4_2 r20 misfire (repl error) on (a^16*x+%i*a^20*b^2)/(b^3*x^4+a^2*b*x^4-2*a^10*b^5*x^2-2*a^12*b^3*x^2+a^20*b^7+a^22*b^5) with [_mr_1_4_2_r20_q = 1,_mr_1_4_2_r20_u = a^16*x+%i*a^20*b^2,_mr_1_4_2_r20_v = b^3*x^4+a^2*b*x^4-2*a^10*b^5*x^2-2*a^12*b^3*x^2+a^20*b^7+a^22*b^5,_mr_1_4_2_r20_p = -
  !! rubi: rule 1_3_3 r4 misfire (repl error) on (a^16*x+%i*a^20*b^2)/(b^3*x^4+a^2*b*x^4-2*a^10*b^5*x^2-2*a^12*b^3*x^2+a^20*b^7+a^22*b^5) with [_mr_1_3_3_r4_u = b^3*x^4+a^2*b*x^4-2*a^10*b^5*x^2-2*a^12*b^3*x^2+a^20*b^7+a^22*b^5,_mr_1_3_3_r4_p = -1,_mr_1_3_3_r4_Pq = a^16*x+%i*a^20*b^2]
  !! rubi: rule 1_4_2 r19 misfire (repl error) on x/((b^3*x^4)/a^64+(b*x^4)/a^62-(4*%i*b^5*x^3)/a^44-(4*%i*b^3*x^3)/a^42-(6*b^7*x^2)/a^24-(8*b^5*x^2)/a^22-(2*b^3*x^2)/a^20+(4*%i*b^9*x)/a^4+(8*%i*b^7*x)/a^2+4*%i*b^5*x+a^16*b^11+3*a^18*b^9+3*a^20*b^7+a^22*b^5) with [_mr_1_4_2_r19_u = (b^3*x^4)/a^64+(b*x^4)
  !! rubi: rule 1_4_2 r20 misfire (repl error) on x/((b^3*x^4)/a^64+(b*x^4)/a^62-(4*%i*b^5*x^3)/a^44-(4*%i*b^3*x^3)/a^42-(6*b^7*x^2)/a^24-(8*b^5*x^2)/a^22-(2*b^3*x^2)/a^20+(4*%i*b^9*x)/a^4+(8*%i*b^7*x)/a^2+4*%i*b^5*x+a^16*b^11+3*a^18*b^9+3*a^20*b^7+a^22*b^5) with [_mr_1_4_2_r20_q = 1,_mr_1_4_2_r20_u = x,
  !! rubi: rule 1_4_2 r20 misfire (repl error) on (a^64*x+%i*a^84*b^2)/(b^3*x^4+a^2*b*x^4-2*a^42*b^5*x^2-2*a^44*b^3*x^2+a^84*b^7+a^86*b^5) with [_mr_1_4_2_r20_q = 1,_mr_1_4_2_r20_u = a^64*x+%i*a^84*b^2,_mr_1_4_2_r20_v = b^3*x^4+a^2*b*x^4-2*a^42*b^5*x^2-2*a^44*b^3*x^2+a^84*b^7+a^86*b^5,_mr_1_4_2_r20_p = -
  !! rubi: rule 1_3_3 r4 misfire (repl error) on (a^64*x+%i*a^84*b^2)/(b^3*x^4+a^2*b*x^4-2*a^42*b^5*x^2-2*a^44*b^3*x^2+a^84*b^7+a^86*b^5) with [_mr_1_3_3_r4_u = b^3*x^4+a^2*b*x^4-2*a^42*b^5*x^2-2*a^44*b^3*x^2+a^84*b^7+a^86*b^5,_mr_1_3_3_r4_p = -1,_mr_1_3_3_r4_Pq = a^64*x+%i*a^84*b^2]

# arm final 6 Hyperbolic functions/6.1 Hyperbolic sine/6.1.5 Hyperbolic sine functions.mac e303 integrand %e^(a+b*x)*sinh(a+b*x)^2
# core /home/serge/src/mr-ports/test/mr_rules.core sw {} cap 30 hit False cpu [2.088804]
  !! rubi: rule 1_4_1 r18 misfire (repl error) on (x^4-2*x^2+1)/(4*x^2) with [_mr_1_4_1_r18_Px = x,_mr_1_4_1_r18_p = -2,_mr_1_4_1_r18_q = 1,_mr_1_4_1_r18_Qx = 1/4,_mr_1_4_1_r18_u = x^4-2*x^2+1]
  !! rubi: rule 1_1_1_7 r5 misfire (repl error) on (x^4-2*x^2+1)/(4*x^2) with [_mr_1_1_1_7_r5_Px = x,_mr_1_1_1_7_r5_p = -2,_mr_1_1_1_7_r5_q = 1,_mr_1_1_1_7_r5_Qx = 1/4,_mr_1_1_1_7_r5_u = x^4-2*x^2+1]
  !! rubi: rule 1_2_2_2 r2 misfire (repl error) on (x^4/4-x^2/2+1/4)/x^2 with [_mr_1_2_2_2_r2_p = 1,_mr_1_2_2_2_r2_b = -(1/2),_mr_1_2_2_2_r2_c = 1/4,_mr_1_2_2_2_r2_a = 1/4,_mr_1_2_2_2_r2_d = 1,_mr_1_2_2_2_r2_m = -2]
  !! rubi: rule 1_2_3_2 r2 misfire (repl error) on (x^4/4-x^2/2+1/4)/x^2 with [_mr_1_2_3_2_r2_p = 1,_mr_1_2_3_2_r2_n = 2,_mr_1_2_3_2_r2_b = -(1/2),_mr_1_2_3_2_r2_n2 = 4,_mr_1_2_3_2_r2_c = 1/4,_mr_1_2_3_2_r2_a = 1/4,_mr_1_2_3_2_r2_d = 1,_mr_1_2_3_2_r2_m = -2]
  !! rubi: rule 1_4_1 r9 misfire (repl error) on (x^4/4-x^2/2+1/4)/x^2 with [_mr_1_4_1_r9_c = 1,_mr_1_4_1_r9_m = -2,_mr_1_4_1_r9_u = x^4/4-x^2/2+1/4]
  !! rubi: rule 9_1 r14 misfire (repl error) on (x^4/4-x^2/2+1/4)/x^2 with [_mr_9_1_r14_c = 1,_mr_9_1_r14_m = -2,_mr_9_1_r14_u = x^4/4-x^2/2+1/4]
  !! rubi: rule 1_2_2_2 r2 misfire (repl error) on (x^4/16-x^2/8+1/16)/x^2 with [_mr_1_2_2_2_r2_p = 1,_mr_1_2_2_2_r2_b = -(1/8),_mr_1_2_2_2_r2_c = 1/16,_mr_1_2_2_2_r2_a = 1/16,_mr_1_2_2_2_r2_d = 1,_mr_1_2_2_2_r2_m = -2]
  !! rubi: rule 1_2_3_2 r2 misfire (repl error) on (x^4/16-x^2/8+1/16)/x^2 with [_mr_1_2_3_2_r2_p = 1,_mr_1_2_3_2_r2_n = 2,_mr_1_2_3_2_r2_b = -(1/8),_mr_1_2_3_2_r2_n2 = 4,_mr_1_2_3_2_r2_c = 1/16,_mr_1_2_3_2_r2_a = 1/16,_mr_1_2_3_2_r2_d = 1,_mr_1_2_3_2_r2_m = -2]
  !! rubi: rule 1_4_1 r9 misfire (repl error) on (x^4/16-x^2/8+1/16)/x^2 with [_mr_1_4_1_r9_c = 1,_mr_1_4_1_r9_m = -2,_mr_1_4_1_r9_u = x^4/16-x^2/8+1/16]
  !! rubi: rule 9_1 r14 misfire (repl error) on (x^4/16-x^2/8+1/16)/x^2 with [_mr_9_1_r14_c = 1,_mr_9_1_r14_m = -2,_mr_9_1_r14_u = x^4/16-x^2/8+1/16]
  !! rubi: rule 1_2_2_2 r2 misfire (repl error) on (x^4/256-x^2/128+1/256)/x^2 with [_mr_1_2_2_2_r2_p = 1,_mr_1_2_2_2_r2_b = -(1/128),_mr_1_2_2_2_r2_c = 1/256,_mr_1_2_2_2_r2_a = 1/256,_mr_1_2_2_2_r2_d = 1,_mr_1_2_2_2_r2_m = -2]
  !! rubi: rule 1_2_3_2 r2 misfire (repl error) on (x^4/256-x^2/128+1/256)/x^2 with [_mr_1_2_3_2_r2_p = 1,_mr_1_2_3_2_r2_n = 2,_mr_1_2_3_2_r2_b = -(1/128),_mr_1_2_3_2_r2_n2 = 4,_mr_1_2_3_2_r2_c = 1/256,_mr_1_2_3_2_r2_a = 1/256,_mr_1_2_3_2_r2_d = 1,_mr_1_2_3_2_r2_m = -2]
  !! rubi: rule 1_4_1 r9 misfire (repl error) on (x^4/256-x^2/128+1/256)/x^2 with [_mr_1_4_1_r9_c = 1,_mr_1_4_1_r9_m = -2,_mr_1_4_1_r9_u = x^4/256-x^2/128+1/256]
  !! rubi: rule 9_1 r14 misfire (repl error) on (x^4/256-x^2/128+1/256)/x^2 with [_mr_9_1_r14_c = 1,_mr_9_1_r14_m = -2,_mr_9_1_r14_u = x^4/256-x^2/128+1/256]
  !! rubi: rule 1_2_2_2 r2 misfire (repl error) on (x^4/65536-x^2/32768+1/65536)/x^2 with [_mr_1_2_2_2_r2_p = 1,_mr_1_2_2_2_r2_b = -(1/32768),_mr_1_2_2_2_r2_c = 1/65536,_mr_1_2_2_2_r2_a = 1/65536,_mr_1_2_2_2_r2_d = 1,_mr_1_2_2_2_r2_m = -2]
  !! rubi: rule 1_2_3_2 r2 misfire (repl error) on (x^4/65536-x^2/32768+1/65536)/x^2 with [_mr_1_2_3_2_r2_p = 1,_mr_1_2_3_2_r2_n = 2,_mr_1_2_3_2_r2_b = -(1/32768),_mr_1_2_3_2_r2_n2 = 4,_mr_1_2_3_2_r2_c = 1/65536,_mr_1_2_3_2_r2_a = 1/65536,_mr_1_2_3_2_r2_d = 1,_mr_1_2_3_2_r2_m = -2]
  !! rubi: rule 1_4_1 r9 misfire (repl error) on (x^4/65536-x^2/32768+1/65536)/x^2 with [_mr_1_4_1_r9_c = 1,_mr_1_4_1_r9_m = -2,_mr_1_4_1_r9_u = x^4/65536-x^2/32768+1/65536]
  !! rubi: rule 9_1 r14 misfire (repl error) on (x^4/65536-x^2/32768+1/65536)/x^2 with [_mr_9_1_r14_c = 1,_mr_9_1_r14_m = -2,_mr_9_1_r14_u = x^4/65536-x^2/32768+1/65536]
  !! rubi: rule 1_2_2_2 r2 misfire (repl error) on (x^4/4294967296-x^2/2147483648+1/4294967296)/x^2 with [_mr_1_2_2_2_r2_p = 1,_mr_1_2_2_2_r2_b = -(1/2147483648),_mr_1_2_2_2_r2_c = 1/4294967296,_mr_1_2_2_2_r2_a = 1/4294967296,_mr_1_2_2_2_r2_d = 1,_mr_1_2_2_2_r2_m = -2]
  !! rubi: rule 1_2_3_2 r2 misfire (repl error) on (x^4/4294967296-x^2/2147483648+1/4294967296)/x^2 with [_mr_1_2_3_2_r2_p = 1,_mr_1_2_3_2_r2_n = 2,_mr_1_2_3_2_r2_b = -(1/2147483648),_mr_1_2_3_2_r2_n2 = 4,_mr_1_2_3_2_r2_c = 1/4294967296,_mr_1_2_3_2_r2_a = 1/4294967296,_mr_1_2_3_2_r2_d = 1,_mr_1_2_3_2_r2_
  !! rubi: rule 1_4_1 r9 misfire (repl error) on (x^4/4294967296-x^2/2147483648+1/4294967296)/x^2 with [_mr_1_4_1_r9_c = 1,_mr_1_4_1_r9_m = -2,_mr_1_4_1_r9_u = x^4/4294967296-x^2/2147483648+1/4294967296]
  !! rubi: rule 9_1 r14 misfire (repl error) on (x^4/4294967296-x^2/2147483648+1/4294967296)/x^2 with [_mr_9_1_r14_c = 1,_mr_9_1_r14_m = -2,_mr_9_1_r14_u = x^4/4294967296-x^2/2147483648+1/4294967296]
  !! rubi: rule 1_2_2_2 r2 misfire (repl error) on (x^4/18446744073709551616-x^2/9223372036854775808+1/18446744073709551616)/x^2 with [_mr_1_2_2_2_r2_p = 1,_mr_1_2_2_2_r2_b = -(1/9223372036854775808),_mr_1_2_2_2_r2_c = 1/18446744073709551616,_mr_1_2_2_2_r2_a = 1/18446744073709551616,_mr_1_2_2_2_r2_d = 1,
  !! rubi: rule 1_2_3_2 r2 misfire (repl error) on (x^4/18446744073709551616-x^2/9223372036854775808+1/18446744073709551616)/x^2 with [_mr_1_2_3_2_r2_p = 1,_mr_1_2_3_2_r2_n = 2,_mr_1_2_3_2_r2_b = -(1/9223372036854775808),_mr_1_2_3_2_r2_n2 = 4,_mr_1_2_3_2_r2_c = 1/18446744073709551616,_mr_1_2_3_2_r2_a = 1
  !! rubi: rule 1_4_1 r9 misfire (repl error) on (x^4/18446744073709551616-x^2/9223372036854775808+1/18446744073709551616)/x^2 with [_mr_1_4_1_r9_c = 1,_mr_1_4_1_r9_m = -2,_mr_1_4_1_r9_u = x^4/18446744073709551616-x^2/9223372036854775808+1/18446744073709551616]
  !! rubi: rule 9_1 r14 misfire (repl error) on (x^4/18446744073709551616-x^2/9223372036854775808+1/18446744073709551616)/x^2 with [_mr_9_1_r14_c = 1,_mr_9_1_r14_m = -2,_mr_9_1_r14_u = x^4/18446744073709551616-x^2/9223372036854775808+1/18446744073709551616]
  !! rubi: rule 1_2_2_2 r2 misfire (repl error) on (x^4/340282366920938463463374607431768211456-x^2/170141183460469231731687303715884105728+1/340282366920938463463374607431768211456)/x^2 with [_mr_1_2_2_2_r2_p = 1,_mr_1_2_2_2_r2_b = -(1/170141183460469231731687303715884105728),_mr_1_2_2_2_r2_c = 1/340282
  !! rubi: rule 1_2_3_2 r2 misfire (repl error) on (x^4/340282366920938463463374607431768211456-x^2/170141183460469231731687303715884105728+1/340282366920938463463374607431768211456)/x^2 with [_mr_1_2_3_2_r2_p = 1,_mr_1_2_3_2_r2_n = 2,_mr_1_2_3_2_r2_b = -(1/170141183460469231731687303715884105728),_mr_1_
  !! rubi: rule 1_4_1 r9 misfire (repl error) on (x^4/340282366920938463463374607431768211456-x^2/170141183460469231731687303715884105728+1/340282366920938463463374607431768211456)/x^2 with [_mr_1_4_1_r9_c = 1,_mr_1_4_1_r9_m = -2,_mr_1_4_1_r9_u = x^4/340282366920938463463374607431768211456-x^2/1701411834
  !! rubi: rule 9_1 r14 misfire (repl error) on (x^4/340282366920938463463374607431768211456-x^2/170141183460469231731687303715884105728+1/340282366920938463463374607431768211456)/x^2 with [_mr_9_1_r14_c = 1,_mr_9_1_r14_m = -2,_mr_9_1_r14_u = x^4/340282366920938463463374607431768211456-x^2/17014118346046
  !! rubi: rule 1_2_2_2 r2 misfire (repl error) on (x^4/115792089237316195423570985008687907853269984665640564039457584007913129639936-x^2/57896044618658097711785492504343953926634992332820282019728792003956564819968+1/115792089237316195423570985008687907853269984665640564039457584007913129639936)/x^2 wi
  !! rubi: rule 1_2_3_2 r2 misfire (repl error) on (x^4/115792089237316195423570985008687907853269984665640564039457584007913129639936-x^2/57896044618658097711785492504343953926634992332820282019728792003956564819968+1/115792089237316195423570985008687907853269984665640564039457584007913129639936)/x^2 wi
  !! rubi: rule 1_4_1 r9 misfire (repl error) on (x^4/115792089237316195423570985008687907853269984665640564039457584007913129639936-x^2/57896044618658097711785492504343953926634992332820282019728792003956564819968+1/115792089237316195423570985008687907853269984665640564039457584007913129639936)/x^2 with
  !! rubi: rule 9_1 r14 misfire (repl error) on (x^4/115792089237316195423570985008687907853269984665640564039457584007913129639936-x^2/57896044618658097711785492504343953926634992332820282019728792003956564819968+1/115792089237316195423570985008687907853269984665640564039457584007913129639936)/x^2 with 
  !! rubi: rule 1_2_2_2 r2 misfire (repl error) on (x^4/13407807929942597099574024998205846127479365820592393377723561443721764030073546976801874298166903427690031858186486050853753882811946569946433649006084096-x^2/67039039649712985497870124991029230637396829102961966888617807218608820150367734884009371
  !! rubi: rule 1_2_3_2 r2 misfire (repl error) on (x^4/13407807929942597099574024998205846127479365820592393377723561443721764030073546976801874298166903427690031858186486050853753882811946569946433649006084096-x^2/67039039649712985497870124991029230637396829102961966888617807218608820150367734884009371
  !! rubi: rule 1_4_1 r9 misfire (repl error) on (x^4/13407807929942597099574024998205846127479365820592393377723561443721764030073546976801874298166903427690031858186486050853753882811946569946433649006084096-x^2/6703903964971298549787012499102923063739682910296196688861780721860882015036773488400937149
  !! rubi: rule 9_1 r14 misfire (repl error) on (x^4/13407807929942597099574024998205846127479365820592393377723561443721764030073546976801874298166903427690031858186486050853753882811946569946433649006084096-x^2/67039039649712985497870124991029230637396829102961966888617807218608820150367734884009371490
  !! rubi: rule 1_2_2_2 r2 misfire (repl error) on (x^4/179769313486231590772930519078902473361797697894230657273430081157732675805500963132708477322407536021120113879871393357658789768814416622492847430639474124377767893424865485276302219601246094119453082952085005768838150682342462881473913110540827237
  !! rubi: rule 1_2_3_2 r2 misfire (repl error) on (x^4/179769313486231590772930519078902473361797697894230657273430081157732675805500963132708477322407536021120113879871393357658789768814416622492847430639474124377767893424865485276302219601246094119453082952085005768838150682342462881473913110540827237
  !! rubi: rule 1_4_1 r9 misfire (repl error) on (x^4/17976931348623159077293051907890247336179769789423065727343008115773267580550096313270847732240753602112011387987139335765878976881441662249284743063947412437776789342486548527630221960124609411945308295208500576883815068234246288147391311054082723716
  !! rubi: rule 9_1 r14 misfire (repl error) on (x^4/179769313486231590772930519078902473361797697894230657273430081157732675805500963132708477322407536021120113879871393357658789768814416622492847430639474124377767893424865485276302219601246094119453082952085005768838150682342462881473913110540827237163
fired    1_1_2_2 r5  (x^2/17976931348623159077293051907890247336179769789423065727343008115773267580550096313270847732240753602112011387987139335765878976881441662249284743063947412
fired    9_1 r28  (x^4/17976931348623159077293051907890247336179769789423065727343008115773267580550096313270847732240753602112011387987139335765878976881441662249284743063947412
fired    1_2_3_1 r11  x^2/179769313486231590772930519078902473361797697894230657273430081157732675805500963132708477322407536021120113879871393357658789768814416622492847430639474124
fired    1_1_2_2 r5  (x^2/13407807929942597099574024998205846127479365820592393377723561443721764030073546976801874298166903427690031858186486050853753882811946569946433649006084096
fired    9_1 r28  (x^4/13407807929942597099574024998205846127479365820592393377723561443721764030073546976801874298166903427690031858186486050853753882811946569946433649006084096
fired    1_2_3_1 r11  x^2/13407807929942597099574024998205846127479365820592393377723561443721764030073546976801874298166903427690031858186486050853753882811946569946433649006084096+
fired    1_1_2_2 r5  (x^2/115792089237316195423570985008687907853269984665640564039457584007913129639936-1/11579208923731619542357098500868790785326998466564056403945758400791312963
fired    9_1 r28  (x^4/115792089237316195423570985008687907853269984665640564039457584007913129639936-x^2/578960446186580977117854925043439539266349923328202820197287920039565648
fired    1_2_3_1 r11  x^2/115792089237316195423570985008687907853269984665640564039457584007913129639936+1/(11579208923731619542357098500868790785326998466564056403945758400791312963
fired    1_1_2_2 r5  (x^2/340282366920938463463374607431768211456-1/340282366920938463463374607431768211456)^2/x^2
fired    9_1 r28  (x^4/340282366920938463463374607431768211456-x^2/170141183460469231731687303715884105728+1/340282366920938463463374607431768211456)/x^2
fired    1_2_3_1 r11  x^2/340282366920938463463374607431768211456+1/(340282366920938463463374607431768211456*x^2)-1/170141183460469231731687303715884105728
fired    1_1_2_2 r5  (x^2/18446744073709551616-1/18446744073709551616)^2/x^2
fired    9_1 r28  (x^4/18446744073709551616-x^2/9223372036854775808+1/18446744073709551616)/x^2
fired    1_2_3_1 r11  x^2/18446744073709551616+1/(18446744073709551616*x^2)-1/9223372036854775808
fired    1_1_2_2 r5  (x^2/4294967296-1/4294967296)^2/x^2
fired    9_1 r28  (x^4/4294967296-x^2/2147483648+1/4294967296)/x^2
fired    1_2_3_1 r11  x^2/4294967296+1/(4294967296*x^2)-1/2147483648
fired    1_1_2_2 r5  (x^2/65536-1/65536)^2/x^2
fired    9_1 r28  (x^4/65536-x^2/32768+1/65536)/x^2
fired    1_2_3_1 r11  x^2/65536+1/(65536*x^2)-1/32768
fired    1_1_2_2 r5  (x^2/256-1/256)^2/x^2
fired    9_1 r28  (x^4/256-x^2/128+1/256)/x^2
fired    1_2_3_1 r11  x^2/256+1/(256*x^2)-1/128
fired    1_1_2_2 r5  (x^2/16-1/16)^2/x^2
fired    9_1 r28  (x^4/16-x^2/8+1/16)/x^2
fired    1_2_3_1 r11  x^2/16+1/(16*x^2)-1/8
fired    1_1_2_2 r5  (x^2/4-1/4)^2/x^2
fired    9_1 r28  (x^4/4-x^2/2+1/4)/x^2
fired    1_2_3_1 r11  x^2/4+1/(4*x^2)-1/2
fired    1_2_2_6 r3  (x^4-2*x^2+1)/(4*x^2)
fired    2_3 r96  %e^(b*x+a)*sinh(b*x+a)^2
RUBI-CPU 2.0424320000000002 
ANSWER-LEN 2533 UNINT true 
ANSWER (8079251517827751825178719172167487990111025667428871008032586356881163784716972723299300352880728365922179490230474504873529889787622730273772038096612070780157719341825249022937549437597413026699014409596016892069198054660654939040459523584619042617645411463009076260721893972885266452151888099780982596380478583347417085605171243696641142373714044008831580514519451414832756548177115078537564648216044279181485900929615464339399587788075411476100924403308321807806781421177705052431289275431732830867419635645164174483761499317088249659553881291597359333885900533858307401161329619651238037...

# arm final 6 Hyperbolic functions/6.1 Hyperbolic sine/6.1.5 Hyperbolic sine functions.mac e310 integrand %e^x*sinh(2*x)^2
# core /home/serge/src/mr-ports/test/mr_rules.core sw {} cap 30 hit False cpu [1.99583]
  !! rubi: rule 1_4_1 r18 misfire (repl error) on (x^8-2*x^4+1)/(4*x^4) with [_mr_1_4_1_r18_Px = x,_mr_1_4_1_r18_p = -4,_mr_1_4_1_r18_q = 1,_mr_1_4_1_r18_Qx = 1/4,_mr_1_4_1_r18_u = x^8-2*x^4+1]
  !! rubi: rule 1_1_1_7 r5 misfire (repl error) on (x^8-2*x^4+1)/(4*x^4) with [_mr_1_1_1_7_r5_Px = x,_mr_1_1_1_7_r5_p = -4,_mr_1_1_1_7_r5_q = 1,_mr_1_1_1_7_r5_Qx = 1/4,_mr_1_1_1_7_r5_u = x^8-2*x^4+1]
  !! rubi: rule 1_2_3_2 r2 misfire (repl error) on (x^8/4-x^4/2+1/4)/x^4 with [_mr_1_2_3_2_r2_p = 1,_mr_1_2_3_2_r2_n = 4,_mr_1_2_3_2_r2_b = -(1/2),_mr_1_2_3_2_r2_n2 = 8,_mr_1_2_3_2_r2_c = 1/4,_mr_1_2_3_2_r2_a = 1/4,_mr_1_2_3_2_r2_d = 1,_mr_1_2_3_2_r2_m = -4]
  !! rubi: rule 1_4_1 r9 misfire (repl error) on (x^8/4-x^4/2+1/4)/x^4 with [_mr_1_4_1_r9_c = 1,_mr_1_4_1_r9_m = -4,_mr_1_4_1_r9_u = x^8/4-x^4/2+1/4]
  !! rubi: rule 9_1 r14 misfire (repl error) on (x^8/4-x^4/2+1/4)/x^4 with [_mr_9_1_r14_c = 1,_mr_9_1_r14_m = -4,_mr_9_1_r14_u = x^8/4-x^4/2+1/4]
  !! rubi: rule 1_2_3_2 r2 misfire (repl error) on (x^8/16-x^4/8+1/16)/x^4 with [_mr_1_2_3_2_r2_p = 1,_mr_1_2_3_2_r2_n = 4,_mr_1_2_3_2_r2_b = -(1/8),_mr_1_2_3_2_r2_n2 = 8,_mr_1_2_3_2_r2_c = 1/16,_mr_1_2_3_2_r2_a = 1/16,_mr_1_2_3_2_r2_d = 1,_mr_1_2_3_2_r2_m = -4]
  !! rubi: rule 1_4_1 r9 misfire (repl error) on (x^8/16-x^4/8+1/16)/x^4 with [_mr_1_4_1_r9_c = 1,_mr_1_4_1_r9_m = -4,_mr_1_4_1_r9_u = x^8/16-x^4/8+1/16]
  !! rubi: rule 9_1 r14 misfire (repl error) on (x^8/16-x^4/8+1/16)/x^4 with [_mr_9_1_r14_c = 1,_mr_9_1_r14_m = -4,_mr_9_1_r14_u = x^8/16-x^4/8+1/16]
  !! rubi: rule 1_2_3_2 r2 misfire (repl error) on (x^8/256-x^4/128+1/256)/x^4 with [_mr_1_2_3_2_r2_p = 1,_mr_1_2_3_2_r2_n = 4,_mr_1_2_3_2_r2_b = -(1/128),_mr_1_2_3_2_r2_n2 = 8,_mr_1_2_3_2_r2_c = 1/256,_mr_1_2_3_2_r2_a = 1/256,_mr_1_2_3_2_r2_d = 1,_mr_1_2_3_2_r2_m = -4]
  !! rubi: rule 1_4_1 r9 misfire (repl error) on (x^8/256-x^4/128+1/256)/x^4 with [_mr_1_4_1_r9_c = 1,_mr_1_4_1_r9_m = -4,_mr_1_4_1_r9_u = x^8/256-x^4/128+1/256]
  !! rubi: rule 9_1 r14 misfire (repl error) on (x^8/256-x^4/128+1/256)/x^4 with [_mr_9_1_r14_c = 1,_mr_9_1_r14_m = -4,_mr_9_1_r14_u = x^8/256-x^4/128+1/256]
  !! rubi: rule 1_2_3_2 r2 misfire (repl error) on (x^8/65536-x^4/32768+1/65536)/x^4 with [_mr_1_2_3_2_r2_p = 1,_mr_1_2_3_2_r2_n = 4,_mr_1_2_3_2_r2_b = -(1/32768),_mr_1_2_3_2_r2_n2 = 8,_mr_1_2_3_2_r2_c = 1/65536,_mr_1_2_3_2_r2_a = 1/65536,_mr_1_2_3_2_r2_d = 1,_mr_1_2_3_2_r2_m = -4]
  !! rubi: rule 1_4_1 r9 misfire (repl error) on (x^8/65536-x^4/32768+1/65536)/x^4 with [_mr_1_4_1_r9_c = 1,_mr_1_4_1_r9_m = -4,_mr_1_4_1_r9_u = x^8/65536-x^4/32768+1/65536]
  !! rubi: rule 9_1 r14 misfire (repl error) on (x^8/65536-x^4/32768+1/65536)/x^4 with [_mr_9_1_r14_c = 1,_mr_9_1_r14_m = -4,_mr_9_1_r14_u = x^8/65536-x^4/32768+1/65536]
  !! rubi: rule 1_2_3_2 r2 misfire (repl error) on (x^8/4294967296-x^4/2147483648+1/4294967296)/x^4 with [_mr_1_2_3_2_r2_p = 1,_mr_1_2_3_2_r2_n = 4,_mr_1_2_3_2_r2_b = -(1/2147483648),_mr_1_2_3_2_r2_n2 = 8,_mr_1_2_3_2_r2_c = 1/4294967296,_mr_1_2_3_2_r2_a = 1/4294967296,_mr_1_2_3_2_r2_d = 1,_mr_1_2_3_2_r2_
  !! rubi: rule 1_4_1 r9 misfire (repl error) on (x^8/4294967296-x^4/2147483648+1/4294967296)/x^4 with [_mr_1_4_1_r9_c = 1,_mr_1_4_1_r9_m = -4,_mr_1_4_1_r9_u = x^8/4294967296-x^4/2147483648+1/4294967296]
  !! rubi: rule 9_1 r14 misfire (repl error) on (x^8/4294967296-x^4/2147483648+1/4294967296)/x^4 with [_mr_9_1_r14_c = 1,_mr_9_1_r14_m = -4,_mr_9_1_r14_u = x^8/4294967296-x^4/2147483648+1/4294967296]
  !! rubi: rule 1_2_3_2 r2 misfire (repl error) on (x^8/18446744073709551616-x^4/9223372036854775808+1/18446744073709551616)/x^4 with [_mr_1_2_3_2_r2_p = 1,_mr_1_2_3_2_r2_n = 4,_mr_1_2_3_2_r2_b = -(1/9223372036854775808),_mr_1_2_3_2_r2_n2 = 8,_mr_1_2_3_2_r2_c = 1/18446744073709551616,_mr_1_2_3_2_r2_a = 1
  !! rubi: rule 1_4_1 r9 misfire (repl error) on (x^8/18446744073709551616-x^4/9223372036854775808+1/18446744073709551616)/x^4 with [_mr_1_4_1_r9_c = 1,_mr_1_4_1_r9_m = -4,_mr_1_4_1_r9_u = x^8/18446744073709551616-x^4/9223372036854775808+1/18446744073709551616]
  !! rubi: rule 9_1 r14 misfire (repl error) on (x^8/18446744073709551616-x^4/9223372036854775808+1/18446744073709551616)/x^4 with [_mr_9_1_r14_c = 1,_mr_9_1_r14_m = -4,_mr_9_1_r14_u = x^8/18446744073709551616-x^4/9223372036854775808+1/18446744073709551616]
  !! rubi: rule 1_2_3_2 r2 misfire (repl error) on (x^8/340282366920938463463374607431768211456-x^4/170141183460469231731687303715884105728+1/340282366920938463463374607431768211456)/x^4 with [_mr_1_2_3_2_r2_p = 1,_mr_1_2_3_2_r2_n = 4,_mr_1_2_3_2_r2_b = -(1/170141183460469231731687303715884105728),_mr_1_
  !! rubi: rule 1_4_1 r9 misfire (repl error) on (x^8/340282366920938463463374607431768211456-x^4/170141183460469231731687303715884105728+1/340282366920938463463374607431768211456)/x^4 with [_mr_1_4_1_r9_c = 1,_mr_1_4_1_r9_m = -4,_mr_1_4_1_r9_u = x^8/340282366920938463463374607431768211456-x^4/1701411834
  !! rubi: rule 9_1 r14 misfire (repl error) on (x^8/340282366920938463463374607431768211456-x^4/170141183460469231731687303715884105728+1/340282366920938463463374607431768211456)/x^4 with [_mr_9_1_r14_c = 1,_mr_9_1_r14_m = -4,_mr_9_1_r14_u = x^8/340282366920938463463374607431768211456-x^4/17014118346046
  !! rubi: rule 1_2_3_2 r2 misfire (repl error) on (x^8/115792089237316195423570985008687907853269984665640564039457584007913129639936-x^4/57896044618658097711785492504343953926634992332820282019728792003956564819968+1/115792089237316195423570985008687907853269984665640564039457584007913129639936)/x^4 wi
  !! rubi: rule 1_4_1 r9 misfire (repl error) on (x^8/115792089237316195423570985008687907853269984665640564039457584007913129639936-x^4/57896044618658097711785492504343953926634992332820282019728792003956564819968+1/115792089237316195423570985008687907853269984665640564039457584007913129639936)/x^4 with
  !! rubi: rule 9_1 r14 misfire (repl error) on (x^8/115792089237316195423570985008687907853269984665640564039457584007913129639936-x^4/57896044618658097711785492504343953926634992332820282019728792003956564819968+1/115792089237316195423570985008687907853269984665640564039457584007913129639936)/x^4 with 
  !! rubi: rule 1_2_3_2 r2 misfire (repl error) on (x^8/13407807929942597099574024998205846127479365820592393377723561443721764030073546976801874298166903427690031858186486050853753882811946569946433649006084096-x^4/67039039649712985497870124991029230637396829102961966888617807218608820150367734884009371
  !! rubi: rule 1_4_1 r9 misfire (repl error) on (x^8/13407807929942597099574024998205846127479365820592393377723561443721764030073546976801874298166903427690031858186486050853753882811946569946433649006084096-x^4/6703903964971298549787012499102923063739682910296196688861780721860882015036773488400937149
  !! rubi: rule 9_1 r14 misfire (repl error) on (x^8/13407807929942597099574024998205846127479365820592393377723561443721764030073546976801874298166903427690031858186486050853753882811946569946433649006084096-x^4/67039039649712985497870124991029230637396829102961966888617807218608820150367734884009371490
  !! rubi: rule 1_2_3_2 r2 misfire (repl error) on (x^8/179769313486231590772930519078902473361797697894230657273430081157732675805500963132708477322407536021120113879871393357658789768814416622492847430639474124377767893424865485276302219601246094119453082952085005768838150682342462881473913110540827237
  !! rubi: rule 1_4_1 r9 misfire (repl error) on (x^8/17976931348623159077293051907890247336179769789423065727343008115773267580550096313270847732240753602112011387987139335765878976881441662249284743063947412437776789342486548527630221960124609411945308295208500576883815068234246288147391311054082723716
  !! rubi: rule 9_1 r14 misfire (repl error) on (x^8/179769313486231590772930519078902473361797697894230657273430081157732675805500963132708477322407536021120113879871393357658789768814416622492847430639474124377767893424865485276302219601246094119453082952085005768838150682342462881473913110540827237163
fired    1_1_3_2 r12  (x^4/17976931348623159077293051907890247336179769789423065727343008115773267580550096313270847732240753602112011387987139335765878976881441662249284743063947412
fired    9_1 r28  (x^8/17976931348623159077293051907890247336179769789423065727343008115773267580550096313270847732240753602112011387987139335765878976881441662249284743063947412
fired    1_2_3_1 r11  x^4/179769313486231590772930519078902473361797697894230657273430081157732675805500963132708477322407536021120113879871393357658789768814416622492847430639474124
fired    1_1_3_2 r12  (x^4/13407807929942597099574024998205846127479365820592393377723561443721764030073546976801874298166903427690031858186486050853753882811946569946433649006084096
fired    9_1 r28  (x^8/13407807929942597099574024998205846127479365820592393377723561443721764030073546976801874298166903427690031858186486050853753882811946569946433649006084096
fired    1_2_3_1 r11  x^4/13407807929942597099574024998205846127479365820592393377723561443721764030073546976801874298166903427690031858186486050853753882811946569946433649006084096+
fired    1_1_3_2 r12  (x^4/115792089237316195423570985008687907853269984665640564039457584007913129639936-1/11579208923731619542357098500868790785326998466564056403945758400791312963
fired    9_1 r28  (x^8/115792089237316195423570985008687907853269984665640564039457584007913129639936-x^4/578960446186580977117854925043439539266349923328202820197287920039565648
fired    1_2_3_1 r11  x^4/115792089237316195423570985008687907853269984665640564039457584007913129639936+1/(11579208923731619542357098500868790785326998466564056403945758400791312963
fired    1_1_3_2 r12  (x^4/340282366920938463463374607431768211456-1/340282366920938463463374607431768211456)^2/x^4
fired    9_1 r28  (x^8/340282366920938463463374607431768211456-x^4/170141183460469231731687303715884105728+1/340282366920938463463374607431768211456)/x^4
fired    1_2_3_1 r11  x^4/340282366920938463463374607431768211456+1/(340282366920938463463374607431768211456*x^4)-1/170141183460469231731687303715884105728
fired    1_1_3_2 r12  (x^4/18446744073709551616-1/18446744073709551616)^2/x^4
fired    9_1 r28  (x^8/18446744073709551616-x^4/9223372036854775808+1/18446744073709551616)/x^4
fired    1_2_3_1 r11  x^4/18446744073709551616+1/(18446744073709551616*x^4)-1/9223372036854775808
fired    1_1_3_2 r12  (x^4/4294967296-1/4294967296)^2/x^4
fired    9_1 r28  (x^8/4294967296-x^4/2147483648+1/4294967296)/x^4
fired    1_2_3_1 r11  x^4/4294967296+1/(4294967296*x^4)-1/2147483648
fired    1_1_3_2 r12  (x^4/65536-1/65536)^2/x^4
fired    9_1 r28  (x^8/65536-x^4/32768+1/65536)/x^4
fired    1_2_3_1 r11  x^4/65536+1/(65536*x^4)-1/32768
fired    1_1_3_2 r12  (x^4/256-1/256)^2/x^4
fired    9_1 r28  (x^8/256-x^4/128+1/256)/x^4
fired    1_2_3_1 r11  x^4/256+1/(256*x^4)-1/128
fired    1_1_3_2 r12  (x^4/16-1/16)^2/x^4
fired    9_1 r28  (x^8/16-x^4/8+1/16)/x^4
fired    1_2_3_1 r11  x^4/16+1/(16*x^4)-1/8
fired    1_1_3_2 r12  (x^4/4-1/4)^2/x^4
fired    9_1 r28  (x^8/4-x^4/2+1/4)/x^4
fired    1_2_3_1 r11  x^4/4+1/(4*x^4)-1/2
fired    1_2_3_6 r2  (x^8-2*x^4+1)/(4*x^4)
fired    2_3 r96  %e^x*sinh(2*x)^2
RUBI-CPU 1.9496010000000001 
ANSWER-LEN 2511 UNINT true 
ANSWER 80792515178277518251787191721674879901110256674288710080325863568811637847169727232993003528807283659221794902304745048735298897876227302737720380966120707801577193418252490229375494375974130266990144095960168920691980546606549390404595235846190426176454114630090762607218939728852664521518880997809825963804785833474170856051712436966411423737140440088315805145194514148327565481771150785375646482160442791814859009296154643393995877880754114761009244033083218078067814211777050524312892754317328308674196356451641744837614993170882496595538812915973593338859005338583074011613296196512380370...

# arm final 6 Hyperbolic functions/6.1 Hyperbolic sine/6.1.5 Hyperbolic sine functions.mac e314 integrand %e^x*sinh(3*x)^2
# core /home/serge/src/mr-ports/test/mr_rules.core sw {} cap 30 hit False cpu [1.965926]
  !! rubi: rule 1_4_1 r18 misfire (repl error) on (x^12-2*x^6+1)/(4*x^6) with [_mr_1_4_1_r18_Px = x,_mr_1_4_1_r18_p = -6,_mr_1_4_1_r18_q = 1,_mr_1_4_1_r18_Qx = 1/4,_mr_1_4_1_r18_u = x^12-2*x^6+1]
  !! rubi: rule 1_1_1_7 r5 misfire (repl error) on (x^12-2*x^6+1)/(4*x^6) with [_mr_1_1_1_7_r5_Px = x,_mr_1_1_1_7_r5_p = -6,_mr_1_1_1_7_r5_q = 1,_mr_1_1_1_7_r5_Qx = 1/4,_mr_1_1_1_7_r5_u = x^12-2*x^6+1]
  !! rubi: rule 1_2_3_2 r2 misfire (repl error) on (x^12/4-x^6/2+1/4)/x^6 with [_mr_1_2_3_2_r2_p = 1,_mr_1_2_3_2_r2_n = 6,_mr_1_2_3_2_r2_b = -(1/2),_mr_1_2_3_2_r2_n2 = 12,_mr_1_2_3_2_r2_c = 1/4,_mr_1_2_3_2_r2_a = 1/4,_mr_1_2_3_2_r2_d = 1,_mr_1_2_3_2_r2_m = -6]
  !! rubi: rule 1_4_1 r9 misfire (repl error) on (x^12/4-x^6/2+1/4)/x^6 with [_mr_1_4_1_r9_c = 1,_mr_1_4_1_r9_m = -6,_mr_1_4_1_r9_u = x^12/4-x^6/2+1/4]
  !! rubi: rule 9_1 r14 misfire (repl error) on (x^12/4-x^6/2+1/4)/x^6 with [_mr_9_1_r14_c = 1,_mr_9_1_r14_m = -6,_mr_9_1_r14_u = x^12/4-x^6/2+1/4]
  !! rubi: rule 1_2_3_2 r2 misfire (repl error) on (x^12/16-x^6/8+1/16)/x^6 with [_mr_1_2_3_2_r2_p = 1,_mr_1_2_3_2_r2_n = 6,_mr_1_2_3_2_r2_b = -(1/8),_mr_1_2_3_2_r2_n2 = 12,_mr_1_2_3_2_r2_c = 1/16,_mr_1_2_3_2_r2_a = 1/16,_mr_1_2_3_2_r2_d = 1,_mr_1_2_3_2_r2_m = -6]
  !! rubi: rule 1_4_1 r9 misfire (repl error) on (x^12/16-x^6/8+1/16)/x^6 with [_mr_1_4_1_r9_c = 1,_mr_1_4_1_r9_m = -6,_mr_1_4_1_r9_u = x^12/16-x^6/8+1/16]
  !! rubi: rule 9_1 r14 misfire (repl error) on (x^12/16-x^6/8+1/16)/x^6 with [_mr_9_1_r14_c = 1,_mr_9_1_r14_m = -6,_mr_9_1_r14_u = x^12/16-x^6/8+1/16]
  !! rubi: rule 1_2_3_2 r2 misfire (repl error) on (x^12/256-x^6/128+1/256)/x^6 with [_mr_1_2_3_2_r2_p = 1,_mr_1_2_3_2_r2_n = 6,_mr_1_2_3_2_r2_b = -(1/128),_mr_1_2_3_2_r2_n2 = 12,_mr_1_2_3_2_r2_c = 1/256,_mr_1_2_3_2_r2_a = 1/256,_mr_1_2_3_2_r2_d = 1,_mr_1_2_3_2_r2_m = -6]
  !! rubi: rule 1_4_1 r9 misfire (repl error) on (x^12/256-x^6/128+1/256)/x^6 with [_mr_1_4_1_r9_c = 1,_mr_1_4_1_r9_m = -6,_mr_1_4_1_r9_u = x^12/256-x^6/128+1/256]
  !! rubi: rule 9_1 r14 misfire (repl error) on (x^12/256-x^6/128+1/256)/x^6 with [_mr_9_1_r14_c = 1,_mr_9_1_r14_m = -6,_mr_9_1_r14_u = x^12/256-x^6/128+1/256]
  !! rubi: rule 1_2_3_2 r2 misfire (repl error) on (x^12/65536-x^6/32768+1/65536)/x^6 with [_mr_1_2_3_2_r2_p = 1,_mr_1_2_3_2_r2_n = 6,_mr_1_2_3_2_r2_b = -(1/32768),_mr_1_2_3_2_r2_n2 = 12,_mr_1_2_3_2_r2_c = 1/65536,_mr_1_2_3_2_r2_a = 1/65536,_mr_1_2_3_2_r2_d = 1,_mr_1_2_3_2_r2_m = -6]
  !! rubi: rule 1_4_1 r9 misfire (repl error) on (x^12/65536-x^6/32768+1/65536)/x^6 with [_mr_1_4_1_r9_c = 1,_mr_1_4_1_r9_m = -6,_mr_1_4_1_r9_u = x^12/65536-x^6/32768+1/65536]
  !! rubi: rule 9_1 r14 misfire (repl error) on (x^12/65536-x^6/32768+1/65536)/x^6 with [_mr_9_1_r14_c = 1,_mr_9_1_r14_m = -6,_mr_9_1_r14_u = x^12/65536-x^6/32768+1/65536]
  !! rubi: rule 1_2_3_2 r2 misfire (repl error) on (x^12/4294967296-x^6/2147483648+1/4294967296)/x^6 with [_mr_1_2_3_2_r2_p = 1,_mr_1_2_3_2_r2_n = 6,_mr_1_2_3_2_r2_b = -(1/2147483648),_mr_1_2_3_2_r2_n2 = 12,_mr_1_2_3_2_r2_c = 1/4294967296,_mr_1_2_3_2_r2_a = 1/4294967296,_mr_1_2_3_2_r2_d = 1,_mr_1_2_3_2_r
  !! rubi: rule 1_4_1 r9 misfire (repl error) on (x^12/4294967296-x^6/2147483648+1/4294967296)/x^6 with [_mr_1_4_1_r9_c = 1,_mr_1_4_1_r9_m = -6,_mr_1_4_1_r9_u = x^12/4294967296-x^6/2147483648+1/4294967296]
  !! rubi: rule 9_1 r14 misfire (repl error) on (x^12/4294967296-x^6/2147483648+1/4294967296)/x^6 with [_mr_9_1_r14_c = 1,_mr_9_1_r14_m = -6,_mr_9_1_r14_u = x^12/4294967296-x^6/2147483648+1/4294967296]
  !! rubi: rule 1_2_3_2 r2 misfire (repl error) on (x^12/18446744073709551616-x^6/9223372036854775808+1/18446744073709551616)/x^6 with [_mr_1_2_3_2_r2_p = 1,_mr_1_2_3_2_r2_n = 6,_mr_1_2_3_2_r2_b = -(1/9223372036854775808),_mr_1_2_3_2_r2_n2 = 12,_mr_1_2_3_2_r2_c = 1/18446744073709551616,_mr_1_2_3_2_r2_a =
  !! rubi: rule 1_4_1 r9 misfire (repl error) on (x^12/18446744073709551616-x^6/9223372036854775808+1/18446744073709551616)/x^6 with [_mr_1_4_1_r9_c = 1,_mr_1_4_1_r9_m = -6,_mr_1_4_1_r9_u = x^12/18446744073709551616-x^6/9223372036854775808+1/18446744073709551616]
  !! rubi: rule 9_1 r14 misfire (repl error) on (x^12/18446744073709551616-x^6/9223372036854775808+1/18446744073709551616)/x^6 with [_mr_9_1_r14_c = 1,_mr_9_1_r14_m = -6,_mr_9_1_r14_u = x^12/18446744073709551616-x^6/9223372036854775808+1/18446744073709551616]
  !! rubi: rule 1_2_3_2 r2 misfire (repl error) on (x^12/340282366920938463463374607431768211456-x^6/170141183460469231731687303715884105728+1/340282366920938463463374607431768211456)/x^6 with [_mr_1_2_3_2_r2_p = 1,_mr_1_2_3_2_r2_n = 6,_mr_1_2_3_2_r2_b = -(1/170141183460469231731687303715884105728),_mr_1
  !! rubi: rule 1_4_1 r9 misfire (repl error) on (x^12/340282366920938463463374607431768211456-x^6/170141183460469231731687303715884105728+1/340282366920938463463374607431768211456)/x^6 with [_mr_1_4_1_r9_c = 1,_mr_1_4_1_r9_m = -6,_mr_1_4_1_r9_u = x^12/340282366920938463463374607431768211456-x^6/17014118
  !! rubi: rule 9_1 r14 misfire (repl error) on (x^12/340282366920938463463374607431768211456-x^6/170141183460469231731687303715884105728+1/340282366920938463463374607431768211456)/x^6 with [_mr_9_1_r14_c = 1,_mr_9_1_r14_m = -6,_mr_9_1_r14_u = x^12/340282366920938463463374607431768211456-x^6/170141183460
  !! rubi: rule 1_2_3_2 r2 misfire (repl error) on (x^12/115792089237316195423570985008687907853269984665640564039457584007913129639936-x^6/57896044618658097711785492504343953926634992332820282019728792003956564819968+1/115792089237316195423570985008687907853269984665640564039457584007913129639936)/x^6 w
  !! rubi: rule 1_4_1 r9 misfire (repl error) on (x^12/115792089237316195423570985008687907853269984665640564039457584007913129639936-x^6/57896044618658097711785492504343953926634992332820282019728792003956564819968+1/115792089237316195423570985008687907853269984665640564039457584007913129639936)/x^6 wit
  !! rubi: rule 9_1 r14 misfire (repl error) on (x^12/115792089237316195423570985008687907853269984665640564039457584007913129639936-x^6/57896044618658097711785492504343953926634992332820282019728792003956564819968+1/115792089237316195423570985008687907853269984665640564039457584007913129639936)/x^6 with
  !! rubi: rule 1_2_3_2 r2 misfire (repl error) on (x^12/13407807929942597099574024998205846127479365820592393377723561443721764030073546976801874298166903427690031858186486050853753882811946569946433649006084096-x^6/6703903964971298549787012499102923063739682910296196688861780721860882015036773488400937
  !! rubi: rule 1_4_1 r9 misfire (repl error) on (x^12/13407807929942597099574024998205846127479365820592393377723561443721764030073546976801874298166903427690031858186486050853753882811946569946433649006084096-x^6/670390396497129854978701249910292306373968291029619668886178072186088201503677348840093714
  !! rubi: rule 9_1 r14 misfire (repl error) on (x^12/13407807929942597099574024998205846127479365820592393377723561443721764030073546976801874298166903427690031858186486050853753882811946569946433649006084096-x^6/6703903964971298549787012499102923063739682910296196688861780721860882015036773488400937149
  !! rubi: rule 1_2_3_2 r2 misfire (repl error) on (x^12/17976931348623159077293051907890247336179769789423065727343008115773267580550096313270847732240753602112011387987139335765878976881441662249284743063947412437776789342486548527630221960124609411945308295208500576883815068234246288147391311054082723
  !! rubi: rule 1_4_1 r9 misfire (repl error) on (x^12/1797693134862315907729305190789024733617976978942306572734300811577326758055009631327084773224075360211201138798713933576587897688144166224928474306394741243777678934248654852763022196012460941194530829520850057688381506823424628814739131105408272371
  !! rubi: rule 9_1 r14 misfire (repl error) on (x^12/17976931348623159077293051907890247336179769789423065727343008115773267580550096313270847732240753602112011387987139335765878976881441662249284743063947412437776789342486548527630221960124609411945308295208500576883815068234246288147391311054082723716
fired    1_1_3_2 r12  (x^6/17976931348623159077293051907890247336179769789423065727343008115773267580550096313270847732240753602112011387987139335765878976881441662249284743063947412
fired    9_1 r28  (x^12/1797693134862315907729305190789024733617976978942306572734300811577326758055009631327084773224075360211201138798713933576587897688144166224928474306394741
fired    1_2_3_1 r11  x^6/179769313486231590772930519078902473361797697894230657273430081157732675805500963132708477322407536021120113879871393357658789768814416622492847430639474124
fired    1_1_3_2 r12  (x^6/13407807929942597099574024998205846127479365820592393377723561443721764030073546976801874298166903427690031858186486050853753882811946569946433649006084096
fired    9_1 r28  (x^12/1340780792994259709957402499820584612747936582059239337772356144372176403007354697680187429816690342769003185818648605085375388281194656994643364900608409
fired    1_2_3_1 r11  x^6/13407807929942597099574024998205846127479365820592393377723561443721764030073546976801874298166903427690031858186486050853753882811946569946433649006084096+
fired    1_1_3_2 r12  (x^6/115792089237316195423570985008687907853269984665640564039457584007913129639936-1/11579208923731619542357098500868790785326998466564056403945758400791312963
fired    9_1 r28  (x^12/115792089237316195423570985008687907853269984665640564039457584007913129639936-x^6/57896044618658097711785492504343953926634992332820282019728792003956564
fired    1_2_3_1 r11  x^6/115792089237316195423570985008687907853269984665640564039457584007913129639936+1/(11579208923731619542357098500868790785326998466564056403945758400791312963
fired    1_1_3_2 r12  (x^6/340282366920938463463374607431768211456-1/340282366920938463463374607431768211456)^2/x^6
fired    9_1 r28  (x^12/340282366920938463463374607431768211456-x^6/170141183460469231731687303715884105728+1/340282366920938463463374607431768211456)/x^6
fired    1_2_3_1 r11  x^6/340282366920938463463374607431768211456+1/(340282366920938463463374607431768211456*x^6)-1/170141183460469231731687303715884105728
fired    1_1_3_2 r12  (x^6/18446744073709551616-1/18446744073709551616)^2/x^6
fired    9_1 r28  (x^12/18446744073709551616-x^6/9223372036854775808+1/18446744073709551616)/x^6
fired    1_2_3_1 r11  x^6/18446744073709551616+1/(18446744073709551616*x^6)-1/9223372036854775808
fired    1_1_3_2 r12  (x^6/4294967296-1/4294967296)^2/x^6
fired    9_1 r28  (x^12/4294967296-x^6/2147483648+1/4294967296)/x^6
fired    1_2_3_1 r11  x^6/4294967296+1/(4294967296*x^6)-1/2147483648
fired    1_1_3_2 r12  (x^6/65536-1/65536)^2/x^6
fired    9_1 r28  (x^12/65536-x^6/32768+1/65536)/x^6
fired    1_2_3_1 r11  x^6/65536+1/(65536*x^6)-1/32768
fired    1_1_3_2 r12  (x^6/256-1/256)^2/x^6
fired    9_1 r28  (x^12/256-x^6/128+1/256)/x^6
fired    1_2_3_1 r11  x^6/256+1/(256*x^6)-1/128
fired    1_1_3_2 r12  (x^6/16-1/16)^2/x^6
fired    9_1 r28  (x^12/16-x^6/8+1/16)/x^6
fired    1_2_3_1 r11  x^6/16+1/(16*x^6)-1/8
fired    1_1_3_2 r12  (x^6/4-1/4)^2/x^6
fired    9_1 r28  (x^12/4-x^6/2+1/4)/x^6
fired    1_2_3_1 r11  x^6/4+1/(4*x^6)-1/2
fired    1_2_3_6 r2  (x^12-2*x^6+1)/(4*x^6)
fired    2_3 r96  %e^x*sinh(3*x)^2
RUBI-CPU 1.9162780000000001 
ANSWER-LEN 2511 UNINT true 
ANSWER 80792515178277518251787191721674879901110256674288710080325863568811637847169727232993003528807283659221794902304745048735298897876227302737720380966120707801577193418252490229375494375974130266990144095960168920691980546606549390404595235846190426176454114630090762607218939728852664521518880997809825963804785833474170856051712436966411423737140440088315805145194514148327565481771150785375646482160442791814859009296154643393995877880754114761009244033083218078067814211777050524312892754317328308674196356451641744837614993170882496595538812915973593338859005338583074011613296196512380370...

# arm final 6 Hyperbolic functions/6.1 Hyperbolic sine/6.1.5 Hyperbolic sine functions.mac e318 integrand %e^x*sinh(4*x)^2
# core /home/serge/src/mr-ports/test/mr_rules.core sw {} cap 30 hit False cpu [1.95871]
  !! rubi: rule 1_4_1 r18 misfire (repl error) on (x^16-2*x^8+1)/(4*x^8) with [_mr_1_4_1_r18_Px = x,_mr_1_4_1_r18_p = -8,_mr_1_4_1_r18_q = 1,_mr_1_4_1_r18_Qx = 1/4,_mr_1_4_1_r18_u = x^16-2*x^8+1]
  !! rubi: rule 1_1_1_7 r5 misfire (repl error) on (x^16-2*x^8+1)/(4*x^8) with [_mr_1_1_1_7_r5_Px = x,_mr_1_1_1_7_r5_p = -8,_mr_1_1_1_7_r5_q = 1,_mr_1_1_1_7_r5_Qx = 1/4,_mr_1_1_1_7_r5_u = x^16-2*x^8+1]
  !! rubi: rule 1_2_3_2 r2 misfire (repl error) on (x^16/4-x^8/2+1/4)/x^8 with [_mr_1_2_3_2_r2_p = 1,_mr_1_2_3_2_r2_n = 8,_mr_1_2_3_2_r2_b = -(1/2),_mr_1_2_3_2_r2_n2 = 16,_mr_1_2_3_2_r2_c = 1/4,_mr_1_2_3_2_r2_a = 1/4,_mr_1_2_3_2_r2_d = 1,_mr_1_2_3_2_r2_m = -8]
  !! rubi: rule 1_4_1 r9 misfire (repl error) on (x^16/4-x^8/2+1/4)/x^8 with [_mr_1_4_1_r9_c = 1,_mr_1_4_1_r9_m = -8,_mr_1_4_1_r9_u = x^16/4-x^8/2+1/4]
  !! rubi: rule 9_1 r14 misfire (repl error) on (x^16/4-x^8/2+1/4)/x^8 with [_mr_9_1_r14_c = 1,_mr_9_1_r14_m = -8,_mr_9_1_r14_u = x^16/4-x^8/2+1/4]
  !! rubi: rule 1_2_3_2 r2 misfire (repl error) on (x^16/16-x^8/8+1/16)/x^8 with [_mr_1_2_3_2_r2_p = 1,_mr_1_2_3_2_r2_n = 8,_mr_1_2_3_2_r2_b = -(1/8),_mr_1_2_3_2_r2_n2 = 16,_mr_1_2_3_2_r2_c = 1/16,_mr_1_2_3_2_r2_a = 1/16,_mr_1_2_3_2_r2_d = 1,_mr_1_2_3_2_r2_m = -8]
  !! rubi: rule 1_4_1 r9 misfire (repl error) on (x^16/16-x^8/8+1/16)/x^8 with [_mr_1_4_1_r9_c = 1,_mr_1_4_1_r9_m = -8,_mr_1_4_1_r9_u = x^16/16-x^8/8+1/16]
  !! rubi: rule 9_1 r14 misfire (repl error) on (x^16/16-x^8/8+1/16)/x^8 with [_mr_9_1_r14_c = 1,_mr_9_1_r14_m = -8,_mr_9_1_r14_u = x^16/16-x^8/8+1/16]
  !! rubi: rule 1_2_3_2 r2 misfire (repl error) on (x^16/256-x^8/128+1/256)/x^8 with [_mr_1_2_3_2_r2_p = 1,_mr_1_2_3_2_r2_n = 8,_mr_1_2_3_2_r2_b = -(1/128),_mr_1_2_3_2_r2_n2 = 16,_mr_1_2_3_2_r2_c = 1/256,_mr_1_2_3_2_r2_a = 1/256,_mr_1_2_3_2_r2_d = 1,_mr_1_2_3_2_r2_m = -8]
  !! rubi: rule 1_4_1 r9 misfire (repl error) on (x^16/256-x^8/128+1/256)/x^8 with [_mr_1_4_1_r9_c = 1,_mr_1_4_1_r9_m = -8,_mr_1_4_1_r9_u = x^16/256-x^8/128+1/256]
  !! rubi: rule 9_1 r14 misfire (repl error) on (x^16/256-x^8/128+1/256)/x^8 with [_mr_9_1_r14_c = 1,_mr_9_1_r14_m = -8,_mr_9_1_r14_u = x^16/256-x^8/128+1/256]
  !! rubi: rule 1_2_3_2 r2 misfire (repl error) on (x^16/65536-x^8/32768+1/65536)/x^8 with [_mr_1_2_3_2_r2_p = 1,_mr_1_2_3_2_r2_n = 8,_mr_1_2_3_2_r2_b = -(1/32768),_mr_1_2_3_2_r2_n2 = 16,_mr_1_2_3_2_r2_c = 1/65536,_mr_1_2_3_2_r2_a = 1/65536,_mr_1_2_3_2_r2_d = 1,_mr_1_2_3_2_r2_m = -8]
  !! rubi: rule 1_4_1 r9 misfire (repl error) on (x^16/65536-x^8/32768+1/65536)/x^8 with [_mr_1_4_1_r9_c = 1,_mr_1_4_1_r9_m = -8,_mr_1_4_1_r9_u = x^16/65536-x^8/32768+1/65536]
  !! rubi: rule 9_1 r14 misfire (repl error) on (x^16/65536-x^8/32768+1/65536)/x^8 with [_mr_9_1_r14_c = 1,_mr_9_1_r14_m = -8,_mr_9_1_r14_u = x^16/65536-x^8/32768+1/65536]
  !! rubi: rule 1_2_3_2 r2 misfire (repl error) on (x^16/4294967296-x^8/2147483648+1/4294967296)/x^8 with [_mr_1_2_3_2_r2_p = 1,_mr_1_2_3_2_r2_n = 8,_mr_1_2_3_2_r2_b = -(1/2147483648),_mr_1_2_3_2_r2_n2 = 16,_mr_1_2_3_2_r2_c = 1/4294967296,_mr_1_2_3_2_r2_a = 1/4294967296,_mr_1_2_3_2_r2_d = 1,_mr_1_2_3_2_r
  !! rubi: rule 1_4_1 r9 misfire (repl error) on (x^16/4294967296-x^8/2147483648+1/4294967296)/x^8 with [_mr_1_4_1_r9_c = 1,_mr_1_4_1_r9_m = -8,_mr_1_4_1_r9_u = x^16/4294967296-x^8/2147483648+1/4294967296]
  !! rubi: rule 9_1 r14 misfire (repl error) on (x^16/4294967296-x^8/2147483648+1/4294967296)/x^8 with [_mr_9_1_r14_c = 1,_mr_9_1_r14_m = -8,_mr_9_1_r14_u = x^16/4294967296-x^8/2147483648+1/4294967296]
  !! rubi: rule 1_2_3_2 r2 misfire (repl error) on (x^16/18446744073709551616-x^8/9223372036854775808+1/18446744073709551616)/x^8 with [_mr_1_2_3_2_r2_p = 1,_mr_1_2_3_2_r2_n = 8,_mr_1_2_3_2_r2_b = -(1/9223372036854775808),_mr_1_2_3_2_r2_n2 = 16,_mr_1_2_3_2_r2_c = 1/18446744073709551616,_mr_1_2_3_2_r2_a =
  !! rubi: rule 1_4_1 r9 misfire (repl error) on (x^16/18446744073709551616-x^8/9223372036854775808+1/18446744073709551616)/x^8 with [_mr_1_4_1_r9_c = 1,_mr_1_4_1_r9_m = -8,_mr_1_4_1_r9_u = x^16/18446744073709551616-x^8/9223372036854775808+1/18446744073709551616]
  !! rubi: rule 9_1 r14 misfire (repl error) on (x^16/18446744073709551616-x^8/9223372036854775808+1/18446744073709551616)/x^8 with [_mr_9_1_r14_c = 1,_mr_9_1_r14_m = -8,_mr_9_1_r14_u = x^16/18446744073709551616-x^8/9223372036854775808+1/18446744073709551616]
  !! rubi: rule 1_2_3_2 r2 misfire (repl error) on (x^16/340282366920938463463374607431768211456-x^8/170141183460469231731687303715884105728+1/340282366920938463463374607431768211456)/x^8 with [_mr_1_2_3_2_r2_p = 1,_mr_1_2_3_2_r2_n = 8,_mr_1_2_3_2_r2_b = -(1/170141183460469231731687303715884105728),_mr_1
  !! rubi: rule 1_4_1 r9 misfire (repl error) on (x^16/340282366920938463463374607431768211456-x^8/170141183460469231731687303715884105728+1/340282366920938463463374607431768211456)/x^8 with [_mr_1_4_1_r9_c = 1,_mr_1_4_1_r9_m = -8,_mr_1_4_1_r9_u = x^16/340282366920938463463374607431768211456-x^8/17014118
  !! rubi: rule 9_1 r14 misfire (repl error) on (x^16/340282366920938463463374607431768211456-x^8/170141183460469231731687303715884105728+1/340282366920938463463374607431768211456)/x^8 with [_mr_9_1_r14_c = 1,_mr_9_1_r14_m = -8,_mr_9_1_r14_u = x^16/340282366920938463463374607431768211456-x^8/170141183460
  !! rubi: rule 1_2_3_2 r2 misfire (repl error) on (x^16/115792089237316195423570985008687907853269984665640564039457584007913129639936-x^8/57896044618658097711785492504343953926634992332820282019728792003956564819968+1/115792089237316195423570985008687907853269984665640564039457584007913129639936)/x^8 w
  !! rubi: rule 1_4_1 r9 misfire (repl error) on (x^16/115792089237316195423570985008687907853269984665640564039457584007913129639936-x^8/57896044618658097711785492504343953926634992332820282019728792003956564819968+1/115792089237316195423570985008687907853269984665640564039457584007913129639936)/x^8 wit
  !! rubi: rule 9_1 r14 misfire (repl error) on (x^16/115792089237316195423570985008687907853269984665640564039457584007913129639936-x^8/57896044618658097711785492504343953926634992332820282019728792003956564819968+1/115792089237316195423570985008687907853269984665640564039457584007913129639936)/x^8 with
  !! rubi: rule 1_2_3_2 r2 misfire (repl error) on (x^16/13407807929942597099574024998205846127479365820592393377723561443721764030073546976801874298166903427690031858186486050853753882811946569946433649006084096-x^8/6703903964971298549787012499102923063739682910296196688861780721860882015036773488400937
  !! rubi: rule 1_4_1 r9 misfire (repl error) on (x^16/13407807929942597099574024998205846127479365820592393377723561443721764030073546976801874298166903427690031858186486050853753882811946569946433649006084096-x^8/670390396497129854978701249910292306373968291029619668886178072186088201503677348840093714
  !! rubi: rule 9_1 r14 misfire (repl error) on (x^16/13407807929942597099574024998205846127479365820592393377723561443721764030073546976801874298166903427690031858186486050853753882811946569946433649006084096-x^8/6703903964971298549787012499102923063739682910296196688861780721860882015036773488400937149
  !! rubi: rule 1_2_3_2 r2 misfire (repl error) on (x^16/17976931348623159077293051907890247336179769789423065727343008115773267580550096313270847732240753602112011387987139335765878976881441662249284743063947412437776789342486548527630221960124609411945308295208500576883815068234246288147391311054082723
  !! rubi: rule 1_4_1 r9 misfire (repl error) on (x^16/1797693134862315907729305190789024733617976978942306572734300811577326758055009631327084773224075360211201138798713933576587897688144166224928474306394741243777678934248654852763022196012460941194530829520850057688381506823424628814739131105408272371
  !! rubi: rule 9_1 r14 misfire (repl error) on (x^16/17976931348623159077293051907890247336179769789423065727343008115773267580550096313270847732240753602112011387987139335765878976881441662249284743063947412437776789342486548527630221960124609411945308295208500576883815068234246288147391311054082723716
fired    1_1_3_2 r12  (x^8/17976931348623159077293051907890247336179769789423065727343008115773267580550096313270847732240753602112011387987139335765878976881441662249284743063947412
fired    9_1 r28  (x^16/1797693134862315907729305190789024733617976978942306572734300811577326758055009631327084773224075360211201138798713933576587897688144166224928474306394741
fired    1_2_3_1 r11  x^8/179769313486231590772930519078902473361797697894230657273430081157732675805500963132708477322407536021120113879871393357658789768814416622492847430639474124
fired    1_1_3_2 r12  (x^8/13407807929942597099574024998205846127479365820592393377723561443721764030073546976801874298166903427690031858186486050853753882811946569946433649006084096
fired    9_1 r28  (x^16/1340780792994259709957402499820584612747936582059239337772356144372176403007354697680187429816690342769003185818648605085375388281194656994643364900608409
fired    1_2_3_1 r11  x^8/13407807929942597099574024998205846127479365820592393377723561443721764030073546976801874298166903427690031858186486050853753882811946569946433649006084096+
fired    1_1_3_2 r12  (x^8/115792089237316195423570985008687907853269984665640564039457584007913129639936-1/11579208923731619542357098500868790785326998466564056403945758400791312963
fired    9_1 r28  (x^16/115792089237316195423570985008687907853269984665640564039457584007913129639936-x^8/57896044618658097711785492504343953926634992332820282019728792003956564
fired    1_2_3_1 r11  x^8/115792089237316195423570985008687907853269984665640564039457584007913129639936+1/(11579208923731619542357098500868790785326998466564056403945758400791312963
fired    1_1_3_2 r12  (x^8/340282366920938463463374607431768211456-1/340282366920938463463374607431768211456)^2/x^8
fired    9_1 r28  (x^16/340282366920938463463374607431768211456-x^8/170141183460469231731687303715884105728+1/340282366920938463463374607431768211456)/x^8
fired    1_2_3_1 r11  x^8/340282366920938463463374607431768211456+1/(340282366920938463463374607431768211456*x^8)-1/170141183460469231731687303715884105728
fired    1_1_3_2 r12  (x^8/18446744073709551616-1/18446744073709551616)^2/x^8
fired    9_1 r28  (x^16/18446744073709551616-x^8/9223372036854775808+1/18446744073709551616)/x^8
fired    1_2_3_1 r11  x^8/18446744073709551616+1/(18446744073709551616*x^8)-1/9223372036854775808
fired    1_1_3_2 r12  (x^8/4294967296-1/4294967296)^2/x^8
fired    9_1 r28  (x^16/4294967296-x^8/2147483648+1/4294967296)/x^8
fired    1_2_3_1 r11  x^8/4294967296+1/(4294967296*x^8)-1/2147483648
fired    1_1_3_2 r12  (x^8/65536-1/65536)^2/x^8
fired    9_1 r28  (x^16/65536-x^8/32768+1/65536)/x^8
fired    1_2_3_1 r11  x^8/65536+1/(65536*x^8)-1/32768
fired    1_1_3_2 r12  (x^8/256-1/256)^2/x^8
fired    9_1 r28  (x^16/256-x^8/128+1/256)/x^8
fired    1_2_3_1 r11  x^8/256+1/(256*x^8)-1/128
fired    1_1_3_2 r12  (x^8/16-1/16)^2/x^8
fired    9_1 r28  (x^16/16-x^8/8+1/16)/x^8
fired    1_2_3_1 r11  x^8/16+1/(16*x^8)-1/8
fired    1_1_3_2 r12  (x^8/4-1/4)^2/x^8
fired    9_1 r28  (x^16/4-x^8/2+1/4)/x^8
fired    1_2_3_1 r11  x^8/4+1/(4*x^8)-1/2
fired    1_2_3_6 r2  (x^16-2*x^8+1)/(4*x^8)
fired    2_3 r96  %e^x*sinh(4*x)^2
RUBI-CPU 1.913233 
ANSWER-LEN 2511 UNINT true 
ANSWER 80792515178277518251787191721674879901110256674288710080325863568811637847169727232993003528807283659221794902304745048735298897876227302737720380966120707801577193418252490229375494375974130266990144095960168920691980546606549390404595235846190426176454114630090762607218939728852664521518880997809825963804785833474170856051712436966411423737140440088315805145194514148327565481771150785375646482160442791814859009296154643393995877880754114761009244033083218078067814211777050524312892754317328308674196356451641744837614993170882496595538812915973593338859005338583074011613296196512380370...

# arm final 6 Hyperbolic functions/6.2 Hyperbolic cosine/6.2.5 Hyperbolic cosine functions.mac e273 integrand %e^x*cosh(2*x)^2
# core /home/serge/src/mr-ports/test/mr_rules.core sw {} cap 30 hit False cpu [1.795427]
  !! rubi: rule 1_4_1 r18 misfire (repl error) on (x^8+2*x^4+1)/(4*x^4) with [_mr_1_4_1_r18_Px = x,_mr_1_4_1_r18_p = -4,_mr_1_4_1_r18_q = 1,_mr_1_4_1_r18_Qx = 1/4,_mr_1_4_1_r18_u = x^8+2*x^4+1]
  !! rubi: rule 1_1_1_7 r5 misfire (repl error) on (x^8+2*x^4+1)/(4*x^4) with [_mr_1_1_1_7_r5_Px = x,_mr_1_1_1_7_r5_p = -4,_mr_1_1_1_7_r5_q = 1,_mr_1_1_1_7_r5_Qx = 1/4,_mr_1_1_1_7_r5_u = x^8+2*x^4+1]
  !! rubi: rule 1_2_3_2 r2 misfire (repl error) on (x^8/4+x^4/2+1/4)/x^4 with [_mr_1_2_3_2_r2_p = 1,_mr_1_2_3_2_r2_n = 4,_mr_1_2_3_2_r2_b = 1/2,_mr_1_2_3_2_r2_n2 = 8,_mr_1_2_3_2_r2_c = 1/4,_mr_1_2_3_2_r2_a = 1/4,_mr_1_2_3_2_r2_d = 1,_mr_1_2_3_2_r2_m = -4]
  !! rubi: rule 1_4_1 r9 misfire (repl error) on (x^8/4+x^4/2+1/4)/x^4 with [_mr_1_4_1_r9_c = 1,_mr_1_4_1_r9_m = -4,_mr_1_4_1_r9_u = x^8/4+x^4/2+1/4]
  !! rubi: rule 9_1 r14 misfire (repl error) on (x^8/4+x^4/2+1/4)/x^4 with [_mr_9_1_r14_c = 1,_mr_9_1_r14_m = -4,_mr_9_1_r14_u = x^8/4+x^4/2+1/4]
  !! rubi: rule 1_2_3_2 r2 misfire (repl error) on (x^8/16+x^4/8+1/16)/x^4 with [_mr_1_2_3_2_r2_p = 1,_mr_1_2_3_2_r2_n = 4,_mr_1_2_3_2_r2_b = 1/8,_mr_1_2_3_2_r2_n2 = 8,_mr_1_2_3_2_r2_c = 1/16,_mr_1_2_3_2_r2_a = 1/16,_mr_1_2_3_2_r2_d = 1,_mr_1_2_3_2_r2_m = -4]
  !! rubi: rule 1_4_1 r9 misfire (repl error) on (x^8/16+x^4/8+1/16)/x^4 with [_mr_1_4_1_r9_c = 1,_mr_1_4_1_r9_m = -4,_mr_1_4_1_r9_u = x^8/16+x^4/8+1/16]
  !! rubi: rule 9_1 r14 misfire (repl error) on (x^8/16+x^4/8+1/16)/x^4 with [_mr_9_1_r14_c = 1,_mr_9_1_r14_m = -4,_mr_9_1_r14_u = x^8/16+x^4/8+1/16]
  !! rubi: rule 1_2_3_2 r2 misfire (repl error) on (x^8/256+x^4/128+1/256)/x^4 with [_mr_1_2_3_2_r2_p = 1,_mr_1_2_3_2_r2_n = 4,_mr_1_2_3_2_r2_b = 1/128,_mr_1_2_3_2_r2_n2 = 8,_mr_1_2_3_2_r2_c = 1/256,_mr_1_2_3_2_r2_a = 1/256,_mr_1_2_3_2_r2_d = 1,_mr_1_2_3_2_r2_m = -4]
  !! rubi: rule 1_4_1 r9 misfire (repl error) on (x^8/256+x^4/128+1/256)/x^4 with [_mr_1_4_1_r9_c = 1,_mr_1_4_1_r9_m = -4,_mr_1_4_1_r9_u = x^8/256+x^4/128+1/256]
  !! rubi: rule 9_1 r14 misfire (repl error) on (x^8/256+x^4/128+1/256)/x^4 with [_mr_9_1_r14_c = 1,_mr_9_1_r14_m = -4,_mr_9_1_r14_u = x^8/256+x^4/128+1/256]
  !! rubi: rule 1_2_3_2 r2 misfire (repl error) on (x^8/65536+x^4/32768+1/65536)/x^4 with [_mr_1_2_3_2_r2_p = 1,_mr_1_2_3_2_r2_n = 4,_mr_1_2_3_2_r2_b = 1/32768,_mr_1_2_3_2_r2_n2 = 8,_mr_1_2_3_2_r2_c = 1/65536,_mr_1_2_3_2_r2_a = 1/65536,_mr_1_2_3_2_r2_d = 1,_mr_1_2_3_2_r2_m = -4]
  !! rubi: rule 1_4_1 r9 misfire (repl error) on (x^8/65536+x^4/32768+1/65536)/x^4 with [_mr_1_4_1_r9_c = 1,_mr_1_4_1_r9_m = -4,_mr_1_4_1_r9_u = x^8/65536+x^4/32768+1/65536]
  !! rubi: rule 9_1 r14 misfire (repl error) on (x^8/65536+x^4/32768+1/65536)/x^4 with [_mr_9_1_r14_c = 1,_mr_9_1_r14_m = -4,_mr_9_1_r14_u = x^8/65536+x^4/32768+1/65536]
  !! rubi: rule 1_2_3_2 r2 misfire (repl error) on (x^8/4294967296+x^4/2147483648+1/4294967296)/x^4 with [_mr_1_2_3_2_r2_p = 1,_mr_1_2_3_2_r2_n = 4,_mr_1_2_3_2_r2_b = 1/2147483648,_mr_1_2_3_2_r2_n2 = 8,_mr_1_2_3_2_r2_c = 1/4294967296,_mr_1_2_3_2_r2_a = 1/4294967296,_mr_1_2_3_2_r2_d = 1,_mr_1_2_3_2_r2_m =
  !! rubi: rule 1_4_1 r9 misfire (repl error) on (x^8/4294967296+x^4/2147483648+1/4294967296)/x^4 with [_mr_1_4_1_r9_c = 1,_mr_1_4_1_r9_m = -4,_mr_1_4_1_r9_u = x^8/4294967296+x^4/2147483648+1/4294967296]
  !! rubi: rule 9_1 r14 misfire (repl error) on (x^8/4294967296+x^4/2147483648+1/4294967296)/x^4 with [_mr_9_1_r14_c = 1,_mr_9_1_r14_m = -4,_mr_9_1_r14_u = x^8/4294967296+x^4/2147483648+1/4294967296]
  !! rubi: rule 1_2_3_2 r2 misfire (repl error) on (x^8/18446744073709551616+x^4/9223372036854775808+1/18446744073709551616)/x^4 with [_mr_1_2_3_2_r2_p = 1,_mr_1_2_3_2_r2_n = 4,_mr_1_2_3_2_r2_b = 1/9223372036854775808,_mr_1_2_3_2_r2_n2 = 8,_mr_1_2_3_2_r2_c = 1/18446744073709551616,_mr_1_2_3_2_r2_a = 1/18
  !! rubi: rule 1_4_1 r9 misfire (repl error) on (x^8/18446744073709551616+x^4/9223372036854775808+1/18446744073709551616)/x^4 with [_mr_1_4_1_r9_c = 1,_mr_1_4_1_r9_m = -4,_mr_1_4_1_r9_u = x^8/18446744073709551616+x^4/9223372036854775808+1/18446744073709551616]
  !! rubi: rule 9_1 r14 misfire (repl error) on (x^8/18446744073709551616+x^4/9223372036854775808+1/18446744073709551616)/x^4 with [_mr_9_1_r14_c = 1,_mr_9_1_r14_m = -4,_mr_9_1_r14_u = x^8/18446744073709551616+x^4/9223372036854775808+1/18446744073709551616]
  !! rubi: rule 1_2_3_2 r2 misfire (repl error) on (x^8/340282366920938463463374607431768211456+x^4/170141183460469231731687303715884105728+1/340282366920938463463374607431768211456)/x^4 with [_mr_1_2_3_2_r2_p = 1,_mr_1_2_3_2_r2_n = 4,_mr_1_2_3_2_r2_b = 1/170141183460469231731687303715884105728,_mr_1_2_3
  !! rubi: rule 1_4_1 r9 misfire (repl error) on (x^8/340282366920938463463374607431768211456+x^4/170141183460469231731687303715884105728+1/340282366920938463463374607431768211456)/x^4 with [_mr_1_4_1_r9_c = 1,_mr_1_4_1_r9_m = -4,_mr_1_4_1_r9_u = x^8/340282366920938463463374607431768211456+x^4/1701411834
  !! rubi: rule 9_1 r14 misfire (repl error) on (x^8/340282366920938463463374607431768211456+x^4/170141183460469231731687303715884105728+1/340282366920938463463374607431768211456)/x^4 with [_mr_9_1_r14_c = 1,_mr_9_1_r14_m = -4,_mr_9_1_r14_u = x^8/340282366920938463463374607431768211456+x^4/17014118346046
  !! rubi: rule 1_2_3_2 r2 misfire (repl error) on (x^8/115792089237316195423570985008687907853269984665640564039457584007913129639936+x^4/57896044618658097711785492504343953926634992332820282019728792003956564819968+1/115792089237316195423570985008687907853269984665640564039457584007913129639936)/x^4 wi
  !! rubi: rule 1_4_1 r9 misfire (repl error) on (x^8/115792089237316195423570985008687907853269984665640564039457584007913129639936+x^4/57896044618658097711785492504343953926634992332820282019728792003956564819968+1/115792089237316195423570985008687907853269984665640564039457584007913129639936)/x^4 with
  !! rubi: rule 9_1 r14 misfire (repl error) on (x^8/115792089237316195423570985008687907853269984665640564039457584007913129639936+x^4/57896044618658097711785492504343953926634992332820282019728792003956564819968+1/115792089237316195423570985008687907853269984665640564039457584007913129639936)/x^4 with 
  !! rubi: rule 1_2_3_2 r2 misfire (repl error) on (x^8/13407807929942597099574024998205846127479365820592393377723561443721764030073546976801874298166903427690031858186486050853753882811946569946433649006084096+x^4/67039039649712985497870124991029230637396829102961966888617807218608820150367734884009371
  !! rubi: rule 1_4_1 r9 misfire (repl error) on (x^8/13407807929942597099574024998205846127479365820592393377723561443721764030073546976801874298166903427690031858186486050853753882811946569946433649006084096+x^4/6703903964971298549787012499102923063739682910296196688861780721860882015036773488400937149
  !! rubi: rule 9_1 r14 misfire (repl error) on (x^8/13407807929942597099574024998205846127479365820592393377723561443721764030073546976801874298166903427690031858186486050853753882811946569946433649006084096+x^4/67039039649712985497870124991029230637396829102961966888617807218608820150367734884009371490
  !! rubi: rule 1_2_3_2 r2 misfire (repl error) on (x^8/179769313486231590772930519078902473361797697894230657273430081157732675805500963132708477322407536021120113879871393357658789768814416622492847430639474124377767893424865485276302219601246094119453082952085005768838150682342462881473913110540827237
  !! rubi: rule 1_4_1 r9 misfire (repl error) on (x^8/17976931348623159077293051907890247336179769789423065727343008115773267580550096313270847732240753602112011387987139335765878976881441662249284743063947412437776789342486548527630221960124609411945308295208500576883815068234246288147391311054082723716
  !! rubi: rule 9_1 r14 misfire (repl error) on (x^8/179769313486231590772930519078902473361797697894230657273430081157732675805500963132708477322407536021120113879871393357658789768814416622492847430639474124377767893424865485276302219601246094119453082952085005768838150682342462881473913110540827237163
fired    1_1_3_2 r12  (x^4/17976931348623159077293051907890247336179769789423065727343008115773267580550096313270847732240753602112011387987139335765878976881441662249284743063947412
fired    9_1 r28  (x^8/17976931348623159077293051907890247336179769789423065727343008115773267580550096313270847732240753602112011387987139335765878976881441662249284743063947412
fired    1_2_3_1 r11  x^4/179769313486231590772930519078902473361797697894230657273430081157732675805500963132708477322407536021120113879871393357658789768814416622492847430639474124
fired    1_1_3_2 r12  (x^4/13407807929942597099574024998205846127479365820592393377723561443721764030073546976801874298166903427690031858186486050853753882811946569946433649006084096
fired    9_1 r28  (x^8/13407807929942597099574024998205846127479365820592393377723561443721764030073546976801874298166903427690031858186486050853753882811946569946433649006084096
fired    1_2_3_1 r11  x^4/13407807929942597099574024998205846127479365820592393377723561443721764030073546976801874298166903427690031858186486050853753882811946569946433649006084096+
fired    1_1_3_2 r12  (x^4/115792089237316195423570985008687907853269984665640564039457584007913129639936+1/11579208923731619542357098500868790785326998466564056403945758400791312963
fired    9_1 r28  (x^8/115792089237316195423570985008687907853269984665640564039457584007913129639936+x^4/578960446186580977117854925043439539266349923328202820197287920039565648
fired    1_2_3_1 r11  x^4/115792089237316195423570985008687907853269984665640564039457584007913129639936+1/(11579208923731619542357098500868790785326998466564056403945758400791312963
fired    1_1_3_2 r12  (x^4/340282366920938463463374607431768211456+1/340282366920938463463374607431768211456)^2/x^4
fired    9_1 r28  (x^8/340282366920938463463374607431768211456+x^4/170141183460469231731687303715884105728+1/340282366920938463463374607431768211456)/x^4
fired    1_2_3_1 r11  x^4/340282366920938463463374607431768211456+1/(340282366920938463463374607431768211456*x^4)+1/170141183460469231731687303715884105728
fired    1_1_3_2 r12  (x^4/18446744073709551616+1/18446744073709551616)^2/x^4
fired    9_1 r28  (x^8/18446744073709551616+x^4/9223372036854775808+1/18446744073709551616)/x^4
fired    1_2_3_1 r11  x^4/18446744073709551616+1/(18446744073709551616*x^4)+1/9223372036854775808
fired    1_1_3_2 r12  (x^4/4294967296+1/4294967296)^2/x^4
fired    9_1 r28  (x^8/4294967296+x^4/2147483648+1/4294967296)/x^4
fired    1_2_3_1 r11  x^4/4294967296+1/(4294967296*x^4)+1/2147483648
fired    1_1_3_2 r12  (x^4/65536+1/65536)^2/x^4
fired    9_1 r28  (x^8/65536+x^4/32768+1/65536)/x^4
fired    1_2_3_1 r11  x^4/65536+1/(65536*x^4)+1/32768
fired    1_1_3_2 r12  (x^4/256+1/256)^2/x^4
fired    9_1 r28  (x^8/256+x^4/128+1/256)/x^4
fired    1_2_3_1 r11  x^4/256+1/(256*x^4)+1/128
fired    1_1_3_2 r12  (x^4/16+1/16)^2/x^4
fired    9_1 r28  (x^8/16+x^4/8+1/16)/x^4
fired    1_2_3_1 r11  x^4/16+1/(16*x^4)+1/8
fired    1_1_3_2 r12  (x^4/4+1/4)^2/x^4
fired    9_1 r28  (x^8/4+x^4/2+1/4)/x^4
fired    1_2_3_1 r11  x^4/4+1/(4*x^4)+1/2
fired    1_2_3_6 r2  (x^8+2*x^4+1)/(4*x^4)
fired    2_3 r96  %e^x*cosh(2*x)^2
RUBI-CPU 1.7487270000000001 
ANSWER-LEN 2511 UNINT true 
ANSWER 80792515178277518251787191721674879901110256674288710080325863568811637847169727232993003528807283659221794902304745048735298897876227302737720380966120707801577193418252490229375494375974130266990144095960168920691980546606549390404595235846190426176454114630090762607218939728852664521518880997809825963804785833474170856051712436966411423737140440088315805145194514148327565481771150785375646482160442791814859009296154643393995877880754114761009244033083218078067814211777050524312892754317328308674196356451641744837614993170882496595538812915973593338859005338583074011613296196512380370...

# arm final 6 Hyperbolic functions/6.2 Hyperbolic cosine/6.2.5 Hyperbolic cosine functions.mac e277 integrand %e^x*cosh(3*x)^2
# core /home/serge/src/mr-ports/test/mr_rules.core sw {} cap 30 hit False cpu [1.761265]
  !! rubi: rule 1_4_1 r18 misfire (repl error) on (x^12+2*x^6+1)/(4*x^6) with [_mr_1_4_1_r18_Px = x,_mr_1_4_1_r18_p = -6,_mr_1_4_1_r18_q = 1,_mr_1_4_1_r18_Qx = 1/4,_mr_1_4_1_r18_u = x^12+2*x^6+1]
  !! rubi: rule 1_1_1_7 r5 misfire (repl error) on (x^12+2*x^6+1)/(4*x^6) with [_mr_1_1_1_7_r5_Px = x,_mr_1_1_1_7_r5_p = -6,_mr_1_1_1_7_r5_q = 1,_mr_1_1_1_7_r5_Qx = 1/4,_mr_1_1_1_7_r5_u = x^12+2*x^6+1]
  !! rubi: rule 1_2_3_2 r2 misfire (repl error) on (x^12/4+x^6/2+1/4)/x^6 with [_mr_1_2_3_2_r2_p = 1,_mr_1_2_3_2_r2_n = 6,_mr_1_2_3_2_r2_b = 1/2,_mr_1_2_3_2_r2_n2 = 12,_mr_1_2_3_2_r2_c = 1/4,_mr_1_2_3_2_r2_a = 1/4,_mr_1_2_3_2_r2_d = 1,_mr_1_2_3_2_r2_m = -6]
  !! rubi: rule 1_4_1 r9 misfire (repl error) on (x^12/4+x^6/2+1/4)/x^6 with [_mr_1_4_1_r9_c = 1,_mr_1_4_1_r9_m = -6,_mr_1_4_1_r9_u = x^12/4+x^6/2+1/4]
  !! rubi: rule 9_1 r14 misfire (repl error) on (x^12/4+x^6/2+1/4)/x^6 with [_mr_9_1_r14_c = 1,_mr_9_1_r14_m = -6,_mr_9_1_r14_u = x^12/4+x^6/2+1/4]
  !! rubi: rule 1_2_3_2 r2 misfire (repl error) on (x^12/16+x^6/8+1/16)/x^6 with [_mr_1_2_3_2_r2_p = 1,_mr_1_2_3_2_r2_n = 6,_mr_1_2_3_2_r2_b = 1/8,_mr_1_2_3_2_r2_n2 = 12,_mr_1_2_3_2_r2_c = 1/16,_mr_1_2_3_2_r2_a = 1/16,_mr_1_2_3_2_r2_d = 1,_mr_1_2_3_2_r2_m = -6]
  !! rubi: rule 1_4_1 r9 misfire (repl error) on (x^12/16+x^6/8+1/16)/x^6 with [_mr_1_4_1_r9_c = 1,_mr_1_4_1_r9_m = -6,_mr_1_4_1_r9_u = x^12/16+x^6/8+1/16]
  !! rubi: rule 9_1 r14 misfire (repl error) on (x^12/16+x^6/8+1/16)/x^6 with [_mr_9_1_r14_c = 1,_mr_9_1_r14_m = -6,_mr_9_1_r14_u = x^12/16+x^6/8+1/16]
  !! rubi: rule 1_2_3_2 r2 misfire (repl error) on (x^12/256+x^6/128+1/256)/x^6 with [_mr_1_2_3_2_r2_p = 1,_mr_1_2_3_2_r2_n = 6,_mr_1_2_3_2_r2_b = 1/128,_mr_1_2_3_2_r2_n2 = 12,_mr_1_2_3_2_r2_c = 1/256,_mr_1_2_3_2_r2_a = 1/256,_mr_1_2_3_2_r2_d = 1,_mr_1_2_3_2_r2_m = -6]
  !! rubi: rule 1_4_1 r9 misfire (repl error) on (x^12/256+x^6/128+1/256)/x^6 with [_mr_1_4_1_r9_c = 1,_mr_1_4_1_r9_m = -6,_mr_1_4_1_r9_u = x^12/256+x^6/128+1/256]
  !! rubi: rule 9_1 r14 misfire (repl error) on (x^12/256+x^6/128+1/256)/x^6 with [_mr_9_1_r14_c = 1,_mr_9_1_r14_m = -6,_mr_9_1_r14_u = x^12/256+x^6/128+1/256]
  !! rubi: rule 1_2_3_2 r2 misfire (repl error) on (x^12/65536+x^6/32768+1/65536)/x^6 with [_mr_1_2_3_2_r2_p = 1,_mr_1_2_3_2_r2_n = 6,_mr_1_2_3_2_r2_b = 1/32768,_mr_1_2_3_2_r2_n2 = 12,_mr_1_2_3_2_r2_c = 1/65536,_mr_1_2_3_2_r2_a = 1/65536,_mr_1_2_3_2_r2_d = 1,_mr_1_2_3_2_r2_m = -6]
  !! rubi: rule 1_4_1 r9 misfire (repl error) on (x^12/65536+x^6/32768+1/65536)/x^6 with [_mr_1_4_1_r9_c = 1,_mr_1_4_1_r9_m = -6,_mr_1_4_1_r9_u = x^12/65536+x^6/32768+1/65536]
  !! rubi: rule 9_1 r14 misfire (repl error) on (x^12/65536+x^6/32768+1/65536)/x^6 with [_mr_9_1_r14_c = 1,_mr_9_1_r14_m = -6,_mr_9_1_r14_u = x^12/65536+x^6/32768+1/65536]
  !! rubi: rule 1_2_3_2 r2 misfire (repl error) on (x^12/4294967296+x^6/2147483648+1/4294967296)/x^6 with [_mr_1_2_3_2_r2_p = 1,_mr_1_2_3_2_r2_n = 6,_mr_1_2_3_2_r2_b = 1/2147483648,_mr_1_2_3_2_r2_n2 = 12,_mr_1_2_3_2_r2_c = 1/4294967296,_mr_1_2_3_2_r2_a = 1/4294967296,_mr_1_2_3_2_r2_d = 1,_mr_1_2_3_2_r2_m
  !! rubi: rule 1_4_1 r9 misfire (repl error) on (x^12/4294967296+x^6/2147483648+1/4294967296)/x^6 with [_mr_1_4_1_r9_c = 1,_mr_1_4_1_r9_m = -6,_mr_1_4_1_r9_u = x^12/4294967296+x^6/2147483648+1/4294967296]
  !! rubi: rule 9_1 r14 misfire (repl error) on (x^12/4294967296+x^6/2147483648+1/4294967296)/x^6 with [_mr_9_1_r14_c = 1,_mr_9_1_r14_m = -6,_mr_9_1_r14_u = x^12/4294967296+x^6/2147483648+1/4294967296]
  !! rubi: rule 1_2_3_2 r2 misfire (repl error) on (x^12/18446744073709551616+x^6/9223372036854775808+1/18446744073709551616)/x^6 with [_mr_1_2_3_2_r2_p = 1,_mr_1_2_3_2_r2_n = 6,_mr_1_2_3_2_r2_b = 1/9223372036854775808,_mr_1_2_3_2_r2_n2 = 12,_mr_1_2_3_2_r2_c = 1/18446744073709551616,_mr_1_2_3_2_r2_a = 1/
  !! rubi: rule 1_4_1 r9 misfire (repl error) on (x^12/18446744073709551616+x^6/9223372036854775808+1/18446744073709551616)/x^6 with [_mr_1_4_1_r9_c = 1,_mr_1_4_1_r9_m = -6,_mr_1_4_1_r9_u = x^12/18446744073709551616+x^6/9223372036854775808+1/18446744073709551616]
  !! rubi: rule 9_1 r14 misfire (repl error) on (x^12/18446744073709551616+x^6/9223372036854775808+1/18446744073709551616)/x^6 with [_mr_9_1_r14_c = 1,_mr_9_1_r14_m = -6,_mr_9_1_r14_u = x^12/18446744073709551616+x^6/9223372036854775808+1/18446744073709551616]
  !! rubi: rule 1_2_3_2 r2 misfire (repl error) on (x^12/340282366920938463463374607431768211456+x^6/170141183460469231731687303715884105728+1/340282366920938463463374607431768211456)/x^6 with [_mr_1_2_3_2_r2_p = 1,_mr_1_2_3_2_r2_n = 6,_mr_1_2_3_2_r2_b = 1/170141183460469231731687303715884105728,_mr_1_2_
  !! rubi: rule 1_4_1 r9 misfire (repl error) on (x^12/340282366920938463463374607431768211456+x^6/170141183460469231731687303715884105728+1/340282366920938463463374607431768211456)/x^6 with [_mr_1_4_1_r9_c = 1,_mr_1_4_1_r9_m = -6,_mr_1_4_1_r9_u = x^12/340282366920938463463374607431768211456+x^6/17014118
  !! rubi: rule 9_1 r14 misfire (repl error) on (x^12/340282366920938463463374607431768211456+x^6/170141183460469231731687303715884105728+1/340282366920938463463374607431768211456)/x^6 with [_mr_9_1_r14_c = 1,_mr_9_1_r14_m = -6,_mr_9_1_r14_u = x^12/340282366920938463463374607431768211456+x^6/170141183460
  !! rubi: rule 1_2_3_2 r2 misfire (repl error) on (x^12/115792089237316195423570985008687907853269984665640564039457584007913129639936+x^6/57896044618658097711785492504343953926634992332820282019728792003956564819968+1/115792089237316195423570985008687907853269984665640564039457584007913129639936)/x^6 w
  !! rubi: rule 1_4_1 r9 misfire (repl error) on (x^12/115792089237316195423570985008687907853269984665640564039457584007913129639936+x^6/57896044618658097711785492504343953926634992332820282019728792003956564819968+1/115792089237316195423570985008687907853269984665640564039457584007913129639936)/x^6 wit
  !! rubi: rule 9_1 r14 misfire (repl error) on (x^12/115792089237316195423570985008687907853269984665640564039457584007913129639936+x^6/57896044618658097711785492504343953926634992332820282019728792003956564819968+1/115792089237316195423570985008687907853269984665640564039457584007913129639936)/x^6 with
  !! rubi: rule 1_2_3_2 r2 misfire (repl error) on (x^12/13407807929942597099574024998205846127479365820592393377723561443721764030073546976801874298166903427690031858186486050853753882811946569946433649006084096+x^6/6703903964971298549787012499102923063739682910296196688861780721860882015036773488400937
  !! rubi: rule 1_4_1 r9 misfire (repl error) on (x^12/13407807929942597099574024998205846127479365820592393377723561443721764030073546976801874298166903427690031858186486050853753882811946569946433649006084096+x^6/670390396497129854978701249910292306373968291029619668886178072186088201503677348840093714
  !! rubi: rule 9_1 r14 misfire (repl error) on (x^12/13407807929942597099574024998205846127479365820592393377723561443721764030073546976801874298166903427690031858186486050853753882811946569946433649006084096+x^6/6703903964971298549787012499102923063739682910296196688861780721860882015036773488400937149
  !! rubi: rule 1_2_3_2 r2 misfire (repl error) on (x^12/17976931348623159077293051907890247336179769789423065727343008115773267580550096313270847732240753602112011387987139335765878976881441662249284743063947412437776789342486548527630221960124609411945308295208500576883815068234246288147391311054082723
  !! rubi: rule 1_4_1 r9 misfire (repl error) on (x^12/1797693134862315907729305190789024733617976978942306572734300811577326758055009631327084773224075360211201138798713933576587897688144166224928474306394741243777678934248654852763022196012460941194530829520850057688381506823424628814739131105408272371
  !! rubi: rule 9_1 r14 misfire (repl error) on (x^12/17976931348623159077293051907890247336179769789423065727343008115773267580550096313270847732240753602112011387987139335765878976881441662249284743063947412437776789342486548527630221960124609411945308295208500576883815068234246288147391311054082723716
fired    1_1_3_2 r12  (x^6/17976931348623159077293051907890247336179769789423065727343008115773267580550096313270847732240753602112011387987139335765878976881441662249284743063947412
fired    9_1 r28  (x^12/1797693134862315907729305190789024733617976978942306572734300811577326758055009631327084773224075360211201138798713933576587897688144166224928474306394741
fired    1_2_3_1 r11  x^6/179769313486231590772930519078902473361797697894230657273430081157732675805500963132708477322407536021120113879871393357658789768814416622492847430639474124
fired    1_1_3_2 r12  (x^6/13407807929942597099574024998205846127479365820592393377723561443721764030073546976801874298166903427690031858186486050853753882811946569946433649006084096
fired    9_1 r28  (x^12/1340780792994259709957402499820584612747936582059239337772356144372176403007354697680187429816690342769003185818648605085375388281194656994643364900608409
fired    1_2_3_1 r11  x^6/13407807929942597099574024998205846127479365820592393377723561443721764030073546976801874298166903427690031858186486050853753882811946569946433649006084096+
fired    1_1_3_2 r12  (x^6/115792089237316195423570985008687907853269984665640564039457584007913129639936+1/11579208923731619542357098500868790785326998466564056403945758400791312963
fired    9_1 r28  (x^12/115792089237316195423570985008687907853269984665640564039457584007913129639936+x^6/57896044618658097711785492504343953926634992332820282019728792003956564
fired    1_2_3_1 r11  x^6/115792089237316195423570985008687907853269984665640564039457584007913129639936+1/(11579208923731619542357098500868790785326998466564056403945758400791312963
fired    1_1_3_2 r12  (x^6/340282366920938463463374607431768211456+1/340282366920938463463374607431768211456)^2/x^6
fired    9_1 r28  (x^12/340282366920938463463374607431768211456+x^6/170141183460469231731687303715884105728+1/340282366920938463463374607431768211456)/x^6
fired    1_2_3_1 r11  x^6/340282366920938463463374607431768211456+1/(340282366920938463463374607431768211456*x^6)+1/170141183460469231731687303715884105728
fired    1_1_3_2 r12  (x^6/18446744073709551616+1/18446744073709551616)^2/x^6
fired    9_1 r28  (x^12/18446744073709551616+x^6/9223372036854775808+1/18446744073709551616)/x^6
fired    1_2_3_1 r11  x^6/18446744073709551616+1/(18446744073709551616*x^6)+1/9223372036854775808
fired    1_1_3_2 r12  (x^6/4294967296+1/4294967296)^2/x^6
fired    9_1 r28  (x^12/4294967296+x^6/2147483648+1/4294967296)/x^6
fired    1_2_3_1 r11  x^6/4294967296+1/(4294967296*x^6)+1/2147483648
fired    1_1_3_2 r12  (x^6/65536+1/65536)^2/x^6
fired    9_1 r28  (x^12/65536+x^6/32768+1/65536)/x^6
fired    1_2_3_1 r11  x^6/65536+1/(65536*x^6)+1/32768
fired    1_1_3_2 r12  (x^6/256+1/256)^2/x^6
fired    9_1 r28  (x^12/256+x^6/128+1/256)/x^6
fired    1_2_3_1 r11  x^6/256+1/(256*x^6)+1/128
fired    1_1_3_2 r12  (x^6/16+1/16)^2/x^6
fired    9_1 r28  (x^12/16+x^6/8+1/16)/x^6
fired    1_2_3_1 r11  x^6/16+1/(16*x^6)+1/8
fired    1_1_3_2 r12  (x^6/4+1/4)^2/x^6
fired    9_1 r28  (x^12/4+x^6/2+1/4)/x^6
fired    1_2_3_1 r11  x^6/4+1/(4*x^6)+1/2
fired    1_2_3_6 r2  (x^12+2*x^6+1)/(4*x^6)
fired    2_3 r96  %e^x*cosh(3*x)^2
RUBI-CPU 1.7097699999999998 
ANSWER-LEN 2511 UNINT true 
ANSWER 80792515178277518251787191721674879901110256674288710080325863568811637847169727232993003528807283659221794902304745048735298897876227302737720380966120707801577193418252490229375494375974130266990144095960168920691980546606549390404595235846190426176454114630090762607218939728852664521518880997809825963804785833474170856051712436966411423737140440088315805145194514148327565481771150785375646482160442791814859009296154643393995877880754114761009244033083218078067814211777050524312892754317328308674196356451641744837614993170882496595538812915973593338859005338583074011613296196512380370...

# arm final 6 Hyperbolic functions/6.2 Hyperbolic cosine/6.2.5 Hyperbolic cosine functions.mac e281 integrand %e^x*cosh(4*x)^2
# core /home/serge/src/mr-ports/test/mr_rules.core sw {} cap 30 hit False cpu [1.780198]
  !! rubi: rule 1_4_1 r18 misfire (repl error) on (x^16+2*x^8+1)/(4*x^8) with [_mr_1_4_1_r18_Px = x,_mr_1_4_1_r18_p = -8,_mr_1_4_1_r18_q = 1,_mr_1_4_1_r18_Qx = 1/4,_mr_1_4_1_r18_u = x^16+2*x^8+1]
  !! rubi: rule 1_1_1_7 r5 misfire (repl error) on (x^16+2*x^8+1)/(4*x^8) with [_mr_1_1_1_7_r5_Px = x,_mr_1_1_1_7_r5_p = -8,_mr_1_1_1_7_r5_q = 1,_mr_1_1_1_7_r5_Qx = 1/4,_mr_1_1_1_7_r5_u = x^16+2*x^8+1]
  !! rubi: rule 1_2_3_2 r2 misfire (repl error) on (x^16/4+x^8/2+1/4)/x^8 with [_mr_1_2_3_2_r2_p = 1,_mr_1_2_3_2_r2_n = 8,_mr_1_2_3_2_r2_b = 1/2,_mr_1_2_3_2_r2_n2 = 16,_mr_1_2_3_2_r2_c = 1/4,_mr_1_2_3_2_r2_a = 1/4,_mr_1_2_3_2_r2_d = 1,_mr_1_2_3_2_r2_m = -8]
  !! rubi: rule 1_4_1 r9 misfire (repl error) on (x^16/4+x^8/2+1/4)/x^8 with [_mr_1_4_1_r9_c = 1,_mr_1_4_1_r9_m = -8,_mr_1_4_1_r9_u = x^16/4+x^8/2+1/4]
  !! rubi: rule 9_1 r14 misfire (repl error) on (x^16/4+x^8/2+1/4)/x^8 with [_mr_9_1_r14_c = 1,_mr_9_1_r14_m = -8,_mr_9_1_r14_u = x^16/4+x^8/2+1/4]
  !! rubi: rule 1_2_3_2 r2 misfire (repl error) on (x^16/16+x^8/8+1/16)/x^8 with [_mr_1_2_3_2_r2_p = 1,_mr_1_2_3_2_r2_n = 8,_mr_1_2_3_2_r2_b = 1/8,_mr_1_2_3_2_r2_n2 = 16,_mr_1_2_3_2_r2_c = 1/16,_mr_1_2_3_2_r2_a = 1/16,_mr_1_2_3_2_r2_d = 1,_mr_1_2_3_2_r2_m = -8]
  !! rubi: rule 1_4_1 r9 misfire (repl error) on (x^16/16+x^8/8+1/16)/x^8 with [_mr_1_4_1_r9_c = 1,_mr_1_4_1_r9_m = -8,_mr_1_4_1_r9_u = x^16/16+x^8/8+1/16]
  !! rubi: rule 9_1 r14 misfire (repl error) on (x^16/16+x^8/8+1/16)/x^8 with [_mr_9_1_r14_c = 1,_mr_9_1_r14_m = -8,_mr_9_1_r14_u = x^16/16+x^8/8+1/16]
  !! rubi: rule 1_2_3_2 r2 misfire (repl error) on (x^16/256+x^8/128+1/256)/x^8 with [_mr_1_2_3_2_r2_p = 1,_mr_1_2_3_2_r2_n = 8,_mr_1_2_3_2_r2_b = 1/128,_mr_1_2_3_2_r2_n2 = 16,_mr_1_2_3_2_r2_c = 1/256,_mr_1_2_3_2_r2_a = 1/256,_mr_1_2_3_2_r2_d = 1,_mr_1_2_3_2_r2_m = -8]
  !! rubi: rule 1_4_1 r9 misfire (repl error) on (x^16/256+x^8/128+1/256)/x^8 with [_mr_1_4_1_r9_c = 1,_mr_1_4_1_r9_m = -8,_mr_1_4_1_r9_u = x^16/256+x^8/128+1/256]
  !! rubi: rule 9_1 r14 misfire (repl error) on (x^16/256+x^8/128+1/256)/x^8 with [_mr_9_1_r14_c = 1,_mr_9_1_r14_m = -8,_mr_9_1_r14_u = x^16/256+x^8/128+1/256]
  !! rubi: rule 1_2_3_2 r2 misfire (repl error) on (x^16/65536+x^8/32768+1/65536)/x^8 with [_mr_1_2_3_2_r2_p = 1,_mr_1_2_3_2_r2_n = 8,_mr_1_2_3_2_r2_b = 1/32768,_mr_1_2_3_2_r2_n2 = 16,_mr_1_2_3_2_r2_c = 1/65536,_mr_1_2_3_2_r2_a = 1/65536,_mr_1_2_3_2_r2_d = 1,_mr_1_2_3_2_r2_m = -8]
  !! rubi: rule 1_4_1 r9 misfire (repl error) on (x^16/65536+x^8/32768+1/65536)/x^8 with [_mr_1_4_1_r9_c = 1,_mr_1_4_1_r9_m = -8,_mr_1_4_1_r9_u = x^16/65536+x^8/32768+1/65536]
  !! rubi: rule 9_1 r14 misfire (repl error) on (x^16/65536+x^8/32768+1/65536)/x^8 with [_mr_9_1_r14_c = 1,_mr_9_1_r14_m = -8,_mr_9_1_r14_u = x^16/65536+x^8/32768+1/65536]
  !! rubi: rule 1_2_3_2 r2 misfire (repl error) on (x^16/4294967296+x^8/2147483648+1/4294967296)/x^8 with [_mr_1_2_3_2_r2_p = 1,_mr_1_2_3_2_r2_n = 8,_mr_1_2_3_2_r2_b = 1/2147483648,_mr_1_2_3_2_r2_n2 = 16,_mr_1_2_3_2_r2_c = 1/4294967296,_mr_1_2_3_2_r2_a = 1/4294967296,_mr_1_2_3_2_r2_d = 1,_mr_1_2_3_2_r2_m
  !! rubi: rule 1_4_1 r9 misfire (repl error) on (x^16/4294967296+x^8/2147483648+1/4294967296)/x^8 with [_mr_1_4_1_r9_c = 1,_mr_1_4_1_r9_m = -8,_mr_1_4_1_r9_u = x^16/4294967296+x^8/2147483648+1/4294967296]
  !! rubi: rule 9_1 r14 misfire (repl error) on (x^16/4294967296+x^8/2147483648+1/4294967296)/x^8 with [_mr_9_1_r14_c = 1,_mr_9_1_r14_m = -8,_mr_9_1_r14_u = x^16/4294967296+x^8/2147483648+1/4294967296]
  !! rubi: rule 1_2_3_2 r2 misfire (repl error) on (x^16/18446744073709551616+x^8/9223372036854775808+1/18446744073709551616)/x^8 with [_mr_1_2_3_2_r2_p = 1,_mr_1_2_3_2_r2_n = 8,_mr_1_2_3_2_r2_b = 1/9223372036854775808,_mr_1_2_3_2_r2_n2 = 16,_mr_1_2_3_2_r2_c = 1/18446744073709551616,_mr_1_2_3_2_r2_a = 1/
  !! rubi: rule 1_4_1 r9 misfire (repl error) on (x^16/18446744073709551616+x^8/9223372036854775808+1/18446744073709551616)/x^8 with [_mr_1_4_1_r9_c = 1,_mr_1_4_1_r9_m = -8,_mr_1_4_1_r9_u = x^16/18446744073709551616+x^8/9223372036854775808+1/18446744073709551616]
  !! rubi: rule 9_1 r14 misfire (repl error) on (x^16/18446744073709551616+x^8/9223372036854775808+1/18446744073709551616)/x^8 with [_mr_9_1_r14_c = 1,_mr_9_1_r14_m = -8,_mr_9_1_r14_u = x^16/18446744073709551616+x^8/9223372036854775808+1/18446744073709551616]
  !! rubi: rule 1_2_3_2 r2 misfire (repl error) on (x^16/340282366920938463463374607431768211456+x^8/170141183460469231731687303715884105728+1/340282366920938463463374607431768211456)/x^8 with [_mr_1_2_3_2_r2_p = 1,_mr_1_2_3_2_r2_n = 8,_mr_1_2_3_2_r2_b = 1/170141183460469231731687303715884105728,_mr_1_2_
  !! rubi: rule 1_4_1 r9 misfire (repl error) on (x^16/340282366920938463463374607431768211456+x^8/170141183460469231731687303715884105728+1/340282366920938463463374607431768211456)/x^8 with [_mr_1_4_1_r9_c = 1,_mr_1_4_1_r9_m = -8,_mr_1_4_1_r9_u = x^16/340282366920938463463374607431768211456+x^8/17014118
  !! rubi: rule 9_1 r14 misfire (repl error) on (x^16/340282366920938463463374607431768211456+x^8/170141183460469231731687303715884105728+1/340282366920938463463374607431768211456)/x^8 with [_mr_9_1_r14_c = 1,_mr_9_1_r14_m = -8,_mr_9_1_r14_u = x^16/340282366920938463463374607431768211456+x^8/170141183460
  !! rubi: rule 1_2_3_2 r2 misfire (repl error) on (x^16/115792089237316195423570985008687907853269984665640564039457584007913129639936+x^8/57896044618658097711785492504343953926634992332820282019728792003956564819968+1/115792089237316195423570985008687907853269984665640564039457584007913129639936)/x^8 w
  !! rubi: rule 1_4_1 r9 misfire (repl error) on (x^16/115792089237316195423570985008687907853269984665640564039457584007913129639936+x^8/57896044618658097711785492504343953926634992332820282019728792003956564819968+1/115792089237316195423570985008687907853269984665640564039457584007913129639936)/x^8 wit
  !! rubi: rule 9_1 r14 misfire (repl error) on (x^16/115792089237316195423570985008687907853269984665640564039457584007913129639936+x^8/57896044618658097711785492504343953926634992332820282019728792003956564819968+1/115792089237316195423570985008687907853269984665640564039457584007913129639936)/x^8 with
  !! rubi: rule 1_2_3_2 r2 misfire (repl error) on (x^16/13407807929942597099574024998205846127479365820592393377723561443721764030073546976801874298166903427690031858186486050853753882811946569946433649006084096+x^8/6703903964971298549787012499102923063739682910296196688861780721860882015036773488400937
  !! rubi: rule 1_4_1 r9 misfire (repl error) on (x^16/13407807929942597099574024998205846127479365820592393377723561443721764030073546976801874298166903427690031858186486050853753882811946569946433649006084096+x^8/670390396497129854978701249910292306373968291029619668886178072186088201503677348840093714
  !! rubi: rule 9_1 r14 misfire (repl error) on (x^16/13407807929942597099574024998205846127479365820592393377723561443721764030073546976801874298166903427690031858186486050853753882811946569946433649006084096+x^8/6703903964971298549787012499102923063739682910296196688861780721860882015036773488400937149
  !! rubi: rule 1_2_3_2 r2 misfire (repl error) on (x^16/17976931348623159077293051907890247336179769789423065727343008115773267580550096313270847732240753602112011387987139335765878976881441662249284743063947412437776789342486548527630221960124609411945308295208500576883815068234246288147391311054082723
  !! rubi: rule 1_4_1 r9 misfire (repl error) on (x^16/1797693134862315907729305190789024733617976978942306572734300811577326758055009631327084773224075360211201138798713933576587897688144166224928474306394741243777678934248654852763022196012460941194530829520850057688381506823424628814739131105408272371
  !! rubi: rule 9_1 r14 misfire (repl error) on (x^16/17976931348623159077293051907890247336179769789423065727343008115773267580550096313270847732240753602112011387987139335765878976881441662249284743063947412437776789342486548527630221960124609411945308295208500576883815068234246288147391311054082723716
fired    1_1_3_2 r12  (x^8/17976931348623159077293051907890247336179769789423065727343008115773267580550096313270847732240753602112011387987139335765878976881441662249284743063947412
fired    9_1 r28  (x^16/1797693134862315907729305190789024733617976978942306572734300811577326758055009631327084773224075360211201138798713933576587897688144166224928474306394741
fired    1_2_3_1 r11  x^8/179769313486231590772930519078902473361797697894230657273430081157732675805500963132708477322407536021120113879871393357658789768814416622492847430639474124
fired    1_1_3_2 r12  (x^8/13407807929942597099574024998205846127479365820592393377723561443721764030073546976801874298166903427690031858186486050853753882811946569946433649006084096
fired    9_1 r28  (x^16/1340780792994259709957402499820584612747936582059239337772356144372176403007354697680187429816690342769003185818648605085375388281194656994643364900608409
fired    1_2_3_1 r11  x^8/13407807929942597099574024998205846127479365820592393377723561443721764030073546976801874298166903427690031858186486050853753882811946569946433649006084096+
fired    1_1_3_2 r12  (x^8/115792089237316195423570985008687907853269984665640564039457584007913129639936+1/11579208923731619542357098500868790785326998466564056403945758400791312963
fired    9_1 r28  (x^16/115792089237316195423570985008687907853269984665640564039457584007913129639936+x^8/57896044618658097711785492504343953926634992332820282019728792003956564
fired    1_2_3_1 r11  x^8/115792089237316195423570985008687907853269984665640564039457584007913129639936+1/(11579208923731619542357098500868790785326998466564056403945758400791312963
fired    1_1_3_2 r12  (x^8/340282366920938463463374607431768211456+1/340282366920938463463374607431768211456)^2/x^8
fired    9_1 r28  (x^16/340282366920938463463374607431768211456+x^8/170141183460469231731687303715884105728+1/340282366920938463463374607431768211456)/x^8
fired    1_2_3_1 r11  x^8/340282366920938463463374607431768211456+1/(340282366920938463463374607431768211456*x^8)+1/170141183460469231731687303715884105728
fired    1_1_3_2 r12  (x^8/18446744073709551616+1/18446744073709551616)^2/x^8
fired    9_1 r28  (x^16/18446744073709551616+x^8/9223372036854775808+1/18446744073709551616)/x^8
fired    1_2_3_1 r11  x^8/18446744073709551616+1/(18446744073709551616*x^8)+1/9223372036854775808
fired    1_1_3_2 r12  (x^8/4294967296+1/4294967296)^2/x^8
fired    9_1 r28  (x^16/4294967296+x^8/2147483648+1/4294967296)/x^8
fired    1_2_3_1 r11  x^8/4294967296+1/(4294967296*x^8)+1/2147483648
fired    1_1_3_2 r12  (x^8/65536+1/65536)^2/x^8
fired    9_1 r28  (x^16/65536+x^8/32768+1/65536)/x^8
fired    1_2_3_1 r11  x^8/65536+1/(65536*x^8)+1/32768
fired    1_1_3_2 r12  (x^8/256+1/256)^2/x^8
fired    9_1 r28  (x^16/256+x^8/128+1/256)/x^8
fired    1_2_3_1 r11  x^8/256+1/(256*x^8)+1/128
fired    1_1_3_2 r12  (x^8/16+1/16)^2/x^8
fired    9_1 r28  (x^16/16+x^8/8+1/16)/x^8
fired    1_2_3_1 r11  x^8/16+1/(16*x^8)+1/8
fired    1_1_3_2 r12  (x^8/4+1/4)^2/x^8
fired    9_1 r28  (x^16/4+x^8/2+1/4)/x^8
fired    1_2_3_1 r11  x^8/4+1/(4*x^8)+1/2
fired    1_2_3_6 r2  (x^16+2*x^8+1)/(4*x^8)
fired    2_3 r96  %e^x*cosh(4*x)^2
RUBI-CPU 1.726105 
ANSWER-LEN 2511 UNINT true 
ANSWER 80792515178277518251787191721674879901110256674288710080325863568811637847169727232993003528807283659221794902304745048735298897876227302737720380966120707801577193418252490229375494375974130266990144095960168920691980546606549390404595235846190426176454114630090762607218939728852664521518880997809825963804785833474170856051712436966411423737140440088315805145194514148327565481771150785375646482160442791814859009296154643393995877880754114761009244033083218078067814211777050524312892754317328308674196356451641744837614993170882496595538812915973593338859005338583074011613296196512380370...

# arm final 6 Hyperbolic functions/6.7 Miscellaneous/6.7.1 Hyperbolic functions.mac e80 integrand sinh(a+b*x)^4*tanh(a+b*x)
# core /home/serge/src/mr-ports/test/mr_rules.core sw {} cap 30 hit False cpu [0.289951]
  !! rubi: rule 1_4_1 r9 misfire (repl error) on (x^2-2*x+1)/x with [_mr_1_4_1_r9_c = 1,_mr_1_4_1_r9_m = -1,_mr_1_4_1_r9_u = x^2-2*x+1]
  !! rubi: rule 9_1 r14 misfire (repl error) on (x^2-2*x+1)/x with [_mr_9_1_r14_c = 1,_mr_9_1_r14_m = -1,_mr_9_1_r14_u = x^2-2*x+1]
  !! rubi: rule 9_1 r27 misfire (repl error) on (x^2-2*x+1)/x with [_mr_9_1_r27_p = 1,_mr_9_1_r27_b = -2,_mr_9_1_r27_c = 1,_mr_9_1_r27_a = 1,_mr_9_1_r27_u = 1/x]
  !! rubi: rule 9_3 r63 misfire (repl error) on (x^2-2*x+1)/x with [_mr_9_3_r63_u = (x^2-2*x+1)/x]
fired    9_3 r67  (x^2-2*x+1)/x
fired    1_2_3_1 r11  x+1/x-2
fired    1_1_1_2 r12  (x-1)^2/x
fired    1_1_2_2 r4  (x^2-1)^2/x
fired    4_7_5 r32  sinh(b*x+a)^4*tanh(b*x+a)
RUBI-CPU 0.253276 
ANSWER-LEN 82 UNINT true 
ANSWER 'unintegrable[(cosh(b*x+a)^4-2*cosh(b*x+a)^2+1)/cosh(b*x+a)^2,cosh(b*x+a)^2]/(2*b) 

# arm final 6 Hyperbolic functions/6.7 Miscellaneous/6.7.1 Hyperbolic functions.mac e111 integrand cosh(a+b*x)^4*coth(a+b*x)
# core /home/serge/src/mr-ports/test/mr_rules.core sw {} cap 30 hit False cpu [0.296428]
  !! rubi: rule 1_4_1 r4 misfire (repl error) on (x^2+2*x+1)/x with [_mr_1_4_1_r4_u = 1/x,_mr_1_4_1_r4_Px = x^2+2*x+1]
  !! rubi: rule 1_4_1 r9 misfire (repl error) on (x^2+2*x+1)/x with [_mr_1_4_1_r9_c = 1,_mr_1_4_1_r9_m = -1,_mr_1_4_1_r9_u = x^2+2*x+1]
  !! rubi: rule 9_1 r14 misfire (repl error) on (x^2+2*x+1)/x with [_mr_9_1_r14_c = 1,_mr_9_1_r14_m = -1,_mr_9_1_r14_u = x^2+2*x+1]
  !! rubi: rule 9_1 r27 misfire (repl error) on (x^2+2*x+1)/x with [_mr_9_1_r27_p = 1,_mr_9_1_r27_b = 2,_mr_9_1_r27_c = 1,_mr_9_1_r27_a = 1,_mr_9_1_r27_u = 1/x]
  !! rubi: rule 9_3 r63 misfire (repl error) on (x^2+2*x+1)/x with [_mr_9_3_r63_u = (x^2+2*x+1)/x]
fired    9_3 r67  (x^2+2*x+1)/x
fired    1_2_3_1 r11  x+1/x+2
fired    1_1_1_2 r12  (x+1)^2/x
fired    1_1_2_2 r4  (x^2+1)^2/x
fired    4_7_5 r31  cosh(b*x+a)^4*coth(b*x+a)
RUBI-CPU 0.252845 
ANSWER-LEN 82 UNINT true 
ANSWER 'unintegrable[(sinh(b*x+a)^4+2*sinh(b*x+a)^2+1)/sinh(b*x+a)^2,sinh(b*x+a)^2]/(2*b) 

# arm final 6 Hyperbolic functions/6.7 Miscellaneous/6.7.1 Hyperbolic functions.mac e908 integrand %e^(a+b*x)*cosh(a+b*x)^2*sinh(a+b*x)^2
# core /home/serge/src/mr-ports/test/mr_rules.core sw {} cap 30 hit False cpu [2.102598]
  !! rubi: rule 1_4_1 r18 misfire (repl error) on (x^8-2*x^4+1)/(16*x^4) with [_mr_1_4_1_r18_Px = x,_mr_1_4_1_r18_p = -4,_mr_1_4_1_r18_q = 1,_mr_1_4_1_r18_Qx = 1/16,_mr_1_4_1_r18_u = x^8-2*x^4+1]
  !! rubi: rule 1_1_1_7 r5 misfire (repl error) on (x^8-2*x^4+1)/(16*x^4) with [_mr_1_1_1_7_r5_Px = x,_mr_1_1_1_7_r5_p = -4,_mr_1_1_1_7_r5_q = 1,_mr_1_1_1_7_r5_Qx = 1/16,_mr_1_1_1_7_r5_u = x^8-2*x^4+1]
  !! rubi: rule 1_2_3_2 r2 misfire (repl error) on (x^8/16-x^4/8+1/16)/x^4 with [_mr_1_2_3_2_r2_p = 1,_mr_1_2_3_2_r2_n = 4,_mr_1_2_3_2_r2_b = -(1/8),_mr_1_2_3_2_r2_n2 = 8,_mr_1_2_3_2_r2_c = 1/16,_mr_1_2_3_2_r2_a = 1/16,_mr_1_2_3_2_r2_d = 1,_mr_1_2_3_2_r2_m = -4]
  !! rubi: rule 1_4_1 r9 misfire (repl error) on (x^8/16-x^4/8+1/16)/x^4 with [_mr_1_4_1_r9_c = 1,_mr_1_4_1_r9_m = -4,_mr_1_4_1_r9_u = x^8/16-x^4/8+1/16]
  !! rubi: rule 9_1 r14 misfire (repl error) on (x^8/16-x^4/8+1/16)/x^4 with [_mr_9_1_r14_c = 1,_mr_9_1_r14_m = -4,_mr_9_1_r14_u = x^8/16-x^4/8+1/16]
  !! rubi: rule 1_2_3_2 r2 misfire (repl error) on (x^8/256-x^4/128+1/256)/x^4 with [_mr_1_2_3_2_r2_p = 1,_mr_1_2_3_2_r2_n = 4,_mr_1_2_3_2_r2_b = -(1/128),_mr_1_2_3_2_r2_n2 = 8,_mr_1_2_3_2_r2_c = 1/256,_mr_1_2_3_2_r2_a = 1/256,_mr_1_2_3_2_r2_d = 1,_mr_1_2_3_2_r2_m = -4]
  !! rubi: rule 1_4_1 r9 misfire (repl error) on (x^8/256-x^4/128+1/256)/x^4 with [_mr_1_4_1_r9_c = 1,_mr_1_4_1_r9_m = -4,_mr_1_4_1_r9_u = x^8/256-x^4/128+1/256]
  !! rubi: rule 9_1 r14 misfire (repl error) on (x^8/256-x^4/128+1/256)/x^4 with [_mr_9_1_r14_c = 1,_mr_9_1_r14_m = -4,_mr_9_1_r14_u = x^8/256-x^4/128+1/256]
  !! rubi: rule 1_2_3_2 r2 misfire (repl error) on (x^8/65536-x^4/32768+1/65536)/x^4 with [_mr_1_2_3_2_r2_p = 1,_mr_1_2_3_2_r2_n = 4,_mr_1_2_3_2_r2_b = -(1/32768),_mr_1_2_3_2_r2_n2 = 8,_mr_1_2_3_2_r2_c = 1/65536,_mr_1_2_3_2_r2_a = 1/65536,_mr_1_2_3_2_r2_d = 1,_mr_1_2_3_2_r2_m = -4]
  !! rubi: rule 1_4_1 r9 misfire (repl error) on (x^8/65536-x^4/32768+1/65536)/x^4 with [_mr_1_4_1_r9_c = 1,_mr_1_4_1_r9_m = -4,_mr_1_4_1_r9_u = x^8/65536-x^4/32768+1/65536]
  !! rubi: rule 9_1 r14 misfire (repl error) on (x^8/65536-x^4/32768+1/65536)/x^4 with [_mr_9_1_r14_c = 1,_mr_9_1_r14_m = -4,_mr_9_1_r14_u = x^8/65536-x^4/32768+1/65536]
  !! rubi: rule 1_2_3_2 r2 misfire (repl error) on (x^8/4294967296-x^4/2147483648+1/4294967296)/x^4 with [_mr_1_2_3_2_r2_p = 1,_mr_1_2_3_2_r2_n = 4,_mr_1_2_3_2_r2_b = -(1/2147483648),_mr_1_2_3_2_r2_n2 = 8,_mr_1_2_3_2_r2_c = 1/4294967296,_mr_1_2_3_2_r2_a = 1/4294967296,_mr_1_2_3_2_r2_d = 1,_mr_1_2_3_2_r2_
  !! rubi: rule 1_4_1 r9 misfire (repl error) on (x^8/4294967296-x^4/2147483648+1/4294967296)/x^4 with [_mr_1_4_1_r9_c = 1,_mr_1_4_1_r9_m = -4,_mr_1_4_1_r9_u = x^8/4294967296-x^4/2147483648+1/4294967296]
  !! rubi: rule 9_1 r14 misfire (repl error) on (x^8/4294967296-x^4/2147483648+1/4294967296)/x^4 with [_mr_9_1_r14_c = 1,_mr_9_1_r14_m = -4,_mr_9_1_r14_u = x^8/4294967296-x^4/2147483648+1/4294967296]
  !! rubi: rule 1_2_3_2 r2 misfire (repl error) on (x^8/18446744073709551616-x^4/9223372036854775808+1/18446744073709551616)/x^4 with [_mr_1_2_3_2_r2_p = 1,_mr_1_2_3_2_r2_n = 4,_mr_1_2_3_2_r2_b = -(1/9223372036854775808),_mr_1_2_3_2_r2_n2 = 8,_mr_1_2_3_2_r2_c = 1/18446744073709551616,_mr_1_2_3_2_r2_a = 1
  !! rubi: rule 1_4_1 r9 misfire (repl error) on (x^8/18446744073709551616-x^4/9223372036854775808+1/18446744073709551616)/x^4 with [_mr_1_4_1_r9_c = 1,_mr_1_4_1_r9_m = -4,_mr_1_4_1_r9_u = x^8/18446744073709551616-x^4/9223372036854775808+1/18446744073709551616]
  !! rubi: rule 9_1 r14 misfire (repl error) on (x^8/18446744073709551616-x^4/9223372036854775808+1/18446744073709551616)/x^4 with [_mr_9_1_r14_c = 1,_mr_9_1_r14_m = -4,_mr_9_1_r14_u = x^8/18446744073709551616-x^4/9223372036854775808+1/18446744073709551616]
  !! rubi: rule 1_2_3_2 r2 misfire (repl error) on (x^8/340282366920938463463374607431768211456-x^4/170141183460469231731687303715884105728+1/340282366920938463463374607431768211456)/x^4 with [_mr_1_2_3_2_r2_p = 1,_mr_1_2_3_2_r2_n = 4,_mr_1_2_3_2_r2_b = -(1/170141183460469231731687303715884105728),_mr_1_
  !! rubi: rule 1_4_1 r9 misfire (repl error) on (x^8/340282366920938463463374607431768211456-x^4/170141183460469231731687303715884105728+1/340282366920938463463374607431768211456)/x^4 with [_mr_1_4_1_r9_c = 1,_mr_1_4_1_r9_m = -4,_mr_1_4_1_r9_u = x^8/340282366920938463463374607431768211456-x^4/1701411834
  !! rubi: rule 9_1 r14 misfire (repl error) on (x^8/340282366920938463463374607431768211456-x^4/170141183460469231731687303715884105728+1/340282366920938463463374607431768211456)/x^4 with [_mr_9_1_r14_c = 1,_mr_9_1_r14_m = -4,_mr_9_1_r14_u = x^8/340282366920938463463374607431768211456-x^4/17014118346046
  !! rubi: rule 1_2_3_2 r2 misfire (repl error) on (x^8/115792089237316195423570985008687907853269984665640564039457584007913129639936-x^4/57896044618658097711785492504343953926634992332820282019728792003956564819968+1/115792089237316195423570985008687907853269984665640564039457584007913129639936)/x^4 wi
  !! rubi: rule 1_4_1 r9 misfire (repl error) on (x^8/115792089237316195423570985008687907853269984665640564039457584007913129639936-x^4/57896044618658097711785492504343953926634992332820282019728792003956564819968+1/115792089237316195423570985008687907853269984665640564039457584007913129639936)/x^4 with
  !! rubi: rule 9_1 r14 misfire (repl error) on (x^8/115792089237316195423570985008687907853269984665640564039457584007913129639936-x^4/57896044618658097711785492504343953926634992332820282019728792003956564819968+1/115792089237316195423570985008687907853269984665640564039457584007913129639936)/x^4 with 
  !! rubi: rule 1_2_3_2 r2 misfire (repl error) on (x^8/13407807929942597099574024998205846127479365820592393377723561443721764030073546976801874298166903427690031858186486050853753882811946569946433649006084096-x^4/67039039649712985497870124991029230637396829102961966888617807218608820150367734884009371
  !! rubi: rule 1_4_1 r9 misfire (repl error) on (x^8/13407807929942597099574024998205846127479365820592393377723561443721764030073546976801874298166903427690031858186486050853753882811946569946433649006084096-x^4/6703903964971298549787012499102923063739682910296196688861780721860882015036773488400937149
  !! rubi: rule 9_1 r14 misfire (repl error) on (x^8/13407807929942597099574024998205846127479365820592393377723561443721764030073546976801874298166903427690031858186486050853753882811946569946433649006084096-x^4/67039039649712985497870124991029230637396829102961966888617807218608820150367734884009371490
  !! rubi: rule 1_2_3_2 r2 misfire (repl error) on (x^8/179769313486231590772930519078902473361797697894230657273430081157732675805500963132708477322407536021120113879871393357658789768814416622492847430639474124377767893424865485276302219601246094119453082952085005768838150682342462881473913110540827237
  !! rubi: rule 1_4_1 r9 misfire (repl error) on (x^8/17976931348623159077293051907890247336179769789423065727343008115773267580550096313270847732240753602112011387987139335765878976881441662249284743063947412437776789342486548527630221960124609411945308295208500576883815068234246288147391311054082723716
  !! rubi: rule 9_1 r14 misfire (repl error) on (x^8/179769313486231590772930519078902473361797697894230657273430081157732675805500963132708477322407536021120113879871393357658789768814416622492847430639474124377767893424865485276302219601246094119453082952085005768838150682342462881473913110540827237163
  !! rubi: rule 1_2_3_2 r2 misfire (repl error) on (x^8/323170060713110073007148766886699519604441026697154840321303454275246551388678908931972014115229134636887179609218980194941195591504909210950881523864482831206308773673009960917501977503896521067960576383840675682767922186426197561618380943384761704
  !! rubi: rule 1_4_1 r9 misfire (repl error) on (x^8/32317006071311007300714876688669951960444102669715484032130345427524655138867890893197201411522913463688717960921898019494119559150490921095088152386448283120630877367300996091750197750389652106796057638384067568276792218642619756161838094338476170470
  !! rubi: rule 9_1 r14 misfire (repl error) on (x^8/323170060713110073007148766886699519604441026697154840321303454275246551388678908931972014115229134636887179609218980194941195591504909210950881523864482831206308773673009960917501977503896521067960576383840675682767922186426197561618380943384761704705
fired    1_1_3_2 r12  (x^4/32317006071311007300714876688669951960444102669715484032130345427524655138867890893197201411522913463688717960921898019494119559150490921095088152386448283
fired    9_1 r28  (x^8/32317006071311007300714876688669951960444102669715484032130345427524655138867890893197201411522913463688717960921898019494119559150490921095088152386448283
fired    1_2_3_1 r11  x^4/323170060713110073007148766886699519604441026697154840321303454275246551388678908931972014115229134636887179609218980194941195591504909210950881523864482831
fired    1_1_3_2 r12  (x^4/17976931348623159077293051907890247336179769789423065727343008115773267580550096313270847732240753602112011387987139335765878976881441662249284743063947412
fired    9_1 r28  (x^8/17976931348623159077293051907890247336179769789423065727343008115773267580550096313270847732240753602112011387987139335765878976881441662249284743063947412
fired    1_2_3_1 r11  x^4/179769313486231590772930519078902473361797697894230657273430081157732675805500963132708477322407536021120113879871393357658789768814416622492847430639474124
fired    1_1_3_2 r12  (x^4/13407807929942597099574024998205846127479365820592393377723561443721764030073546976801874298166903427690031858186486050853753882811946569946433649006084096
fired    9_1 r28  (x^8/13407807929942597099574024998205846127479365820592393377723561443721764030073546976801874298166903427690031858186486050853753882811946569946433649006084096
fired    1_2_3_1 r11  x^4/13407807929942597099574024998205846127479365820592393377723561443721764030073546976801874298166903427690031858186486050853753882811946569946433649006084096+
fired    1_1_3_2 r12  (x^4/115792089237316195423570985008687907853269984665640564039457584007913129639936-1/11579208923731619542357098500868790785326998466564056403945758400791312963
fired    9_1 r28  (x^8/115792089237316195423570985008687907853269984665640564039457584007913129639936-x^4/578960446186580977117854925043439539266349923328202820197287920039565648
fired    1_2_3_1 r11  x^4/115792089237316195423570985008687907853269984665640564039457584007913129639936+1/(11579208923731619542357098500868790785326998466564056403945758400791312963
fired    1_1_3_2 r12  (x^4/340282366920938463463374607431768211456-1/340282366920938463463374607431768211456)^2/x^4
fired    9_1 r28  (x^8/340282366920938463463374607431768211456-x^4/170141183460469231731687303715884105728+1/340282366920938463463374607431768211456)/x^4
fired    1_2_3_1 r11  x^4/340282366920938463463374607431768211456+1/(340282366920938463463374607431768211456*x^4)-1/170141183460469231731687303715884105728
fired    1_1_3_2 r12  (x^4/18446744073709551616-1/18446744073709551616)^2/x^4
fired    9_1 r28  (x^8/18446744073709551616-x^4/9223372036854775808+1/18446744073709551616)/x^4
fired    1_2_3_1 r11  x^4/18446744073709551616+1/(18446744073709551616*x^4)-1/9223372036854775808
fired    1_1_3_2 r12  (x^4/4294967296-1/4294967296)^2/x^4
fired    9_1 r28  (x^8/4294967296-x^4/2147483648+1/4294967296)/x^4
fired    1_2_3_1 r11  x^4/4294967296+1/(4294967296*x^4)-1/2147483648
fired    1_1_3_2 r12  (x^4/65536-1/65536)^2/x^4
fired    9_1 r28  (x^8/65536-x^4/32768+1/65536)/x^4
fired    1_2_3_1 r11  x^4/65536+1/(65536*x^4)-1/32768
fired    1_1_3_2 r12  (x^4/256-1/256)^2/x^4
fired    9_1 r28  (x^8/256-x^4/128+1/256)/x^4
fired    1_2_3_1 r11  x^4/256+1/(256*x^4)-1/128
fired    1_1_3_2 r12  (x^4/16-1/16)^2/x^4
fired    9_1 r28  (x^8/16-x^4/8+1/16)/x^4
fired    1_2_3_1 r11  x^4/16+1/(16*x^4)-1/8
fired    1_2_3_6 r2  (x^8-2*x^4+1)/(16*x^4)
fired    2_3 r96  %e^(b*x+a)*cosh(b*x+a)^2*sinh(b*x+a)^2
RUBI-CPU 2.0590900000000003 
ANSWER-LEN 4999 UNINT true 
ANSWER (6527430508832203166823454441978902391124776556546148627401459270524711924822234105305167574593734739630563166965245392737422333988661210045395225549071032987162231103398187489627259938339898239465175437574099663914851992746235704660452091777153666359355049429411273150445525304625741306965424861147487681291793368605511173662168160188689130878747371583955146683143916852769118906349827499173213847135586472249283071789488986965215604588048824203996852969376181508431302606635469335427086565943956075551684692312397602308824581345086230161482425573960354695133240580289800784688912489377577154...

# arm final 5 Inverse trig functions/5.1 Inverse sine/5.1.4a (f x)^m (d-c^2 d x^2)^p (a+b arcsin(c x))^n.mac e485 integrand (d-c^2*d*x^2)^(1/2)*(a+b*asin(c*x))^n/x
# core /home/serge/src/mr-ports/test/mr_rules.core sw {} cap 30 hit False cpu [2.117122]
fired    5_1_4 r55  (b*asin(c*x)+a)^n/(x*sqrt(d-c^2*d*x^2))
fired    2_1 r6  %e^-(%i*(x/b-a/b))*x^n
fired    2_1 r6  %e^(%i*(x/b-a/b))*x^n
fired    4_1_10 r13  x^n*%mr_isin(x/b-a/b)
fired    4_1_0_1 r1  x^n*sin(x/b-a/b)
fired    5_1_4 r45  (x*(b*asin(c*x)+a)^n)/sqrt(d-c^2*d*x^2)
fired    1_4_1 r7  (d*(b*asin(c*x)+a)^n)/(x*sqrt(d-c^2*d*x^2))-(c^2*d*x*(b*asin(c*x)+a)^n)/sqrt(d-c^2*d*x^2)
fired    5_1_4 r47  (sqrt(d-c^2*d*x^2)*(b*asin(c*x)+a)^n)/x
RUBI-CPU 2.077302 
ANSWER-LEN 336 UNINT true 
ANSWER d*'unintegrable[(b*asin(c*x)+a)^n/(x*sqrt(d-c^2*d*x^2)),x]-(d*sqrt(1-c^2*x^2)*(-((%e^((%i*a)/b)*b*gamma_incomplete(n+1,(%i*(b*asin(c*x)+a))/b)*(b*asin(c*x)+a)^n)/(2*((%i*(b*asin(c*x)+a))/b)^n))-(%e^-((%i*a)/b)*b*gamma_incomplete(n+1,-((%i*(b*asin(c*x)+a))/b))*(b*asin(c*x)+a)^n)/(2*(-((%i*(b*asin(c*x)+a))/b))^n)))/(b*sqrt(d-c^2*d*x^2)) 

# arm final 5 Inverse trig functions/5.1 Inverse sine/5.1.4a (f x)^m (d-c^2 d x^2)^p (a+b arcsin(c x))^n.mac e490 integrand (d-c^2*d*x^2)^(3/2)*(a+b*asin(c*x))^n/x
# core /home/serge/src/mr-ports/test/mr_rules.core sw {} cap 30 hit False cpu [3.81226]
fired    2_1 r6  %e^-(%i*(x/b-a/b))*x^n
fired    2_1 r6  %e^(%i*(x/b-a/b))*x^n
fired    4_1_10 r13  x^n*%mr_isin(x/b-a/b)
fired    4_1_0_1 r1  x^n*sin(x/b-a/b)
fired    2_1 r6  %e^-(%i*((3*x)/b-(3*a)/b))*x^n
fired    2_1 r6  %e^(%i*((3*x)/b-(3*a)/b))*x^n
fired    4_1_10 r13  x^n*%mr_isin((3*x)/b-(3*a)/b)
fired    4_1_0_1 r1  x^n*sin((3*x)/b-(3*a)/b)
fired    1_4_1 r7  (3*x^n*sin(x/b-a/b))/4-(x^n*sin((3*x)/b-(3*a)/b))/4
fired    4_1_10 r17  x^n*%mr_isin(x/b-a/b)^3
fired    4_1_0_1 r1  x^n*sin(x/b-a/b)^3
fired    5_1_4 r45  (x^3*(b*asin(c*x)+a)^n)/sqrt(d-c^2*d*x^2)
fired    2_1 r6  %e^-(%i*(x/b-a/b))*x^n
fired    2_1 r6  %e^(%i*(x/b-a/b))*x^n
fired    4_1_10 r13  x^n*%mr_isin(x/b-a/b)
fired    4_1_0_1 r1  x^n*sin(x/b-a/b)
fired    5_1_4 r45  (x*(b*asin(c*x)+a)^n)/sqrt(d-c^2*d*x^2)
fired    5_1_4 r55  (b*asin(c*x)+a)^n/(x*sqrt(d-c^2*d*x^2))
fired    1_4_1 r7  (c^4*d^2*x^3*(b*asin(c*x)+a)^n)/sqrt(d-c^2*d*x^2)-(2*c^2*d^2*x*(b*asin(c*x)+a)^n)/sqrt(d-c^2*d*x^2)+(d^2*(b*asin(c*x)+a)^n)/(x*sqrt(d-c^2*d*x^2))
fired    5_1_4 r47  ((d-c^2*d*x^2)^(3/2)*(b*asin(c*x)+a)^n)/x
RUBI-CPU 3.760769 
ANSWER-LEN 880 UNINT true 
ANSWER d^2*'unintegrable[(b*asin(c*x)+a)^n/(x*sqrt(d-c^2*d*x^2)),x]+(d^2*sqrt(1-c^2*x^2)*((3*(-((%e^((%i*a)/b)*b*gamma_incomplete(n+1,(%i*(b*asin(c*x)+a))/b)*(b*asin(c*x)+a)^n)/(2*((%i*(b*asin(c*x)+a))/b)^n))-(%e^-((%i*a)/b)*b*gamma_incomplete(n+1,-((%i*(b*asin(c*x)+a))/b))*(b*asin(c*x)+a)^n)/(2*(-((%i*(b*asin(c*x)+a))/b))^n)))/4-(-((%e^((3*%i*a)/b)*b*gamma_incomplete(n+1,(3*%i*(b*asin(c*x)+a))/b)*(b*asin(c*x)+a)^n)/(6*((3*%i*(b*asin(c*x)+a))/b)^n))-(%e^-((3*%i*a)/b)*b*gamma_incomplete(n+1,-((3*%i*(b*asin(c*x)+a))/b))*(b*asin(c*x)+a)^n)/(6*(-((3*%i*(b*asin(c*x)+a))/b))^n))/4))/(b*sqrt(d-c^2*d*...

# arm final 5 Inverse trig functions/5.1 Inverse sine/5.1.4a (f x)^m (d-c^2 d x^2)^p (a+b arcsin(c x))^n.mac e495 integrand (d-c^2*d*x^2)^(5/2)*(a+b*asin(c*x))^n/x
# core /home/serge/src/mr-ports/test/mr_rules.core sw {} cap 30 hit False cpu [5.913058]
fired    2_1 r6  %e^-(%i*((5*x)/b-(5*a)/b))*x^n
fired    2_1 r6  %e^(%i*((5*x)/b-(5*a)/b))*x^n
fired    4_1_10 r13  x^n*%mr_isin((5*x)/b-(5*a)/b)
fired    4_1_0_1 r1  x^n*sin((5*x)/b-(5*a)/b)
fired    2_1 r6  %e^-(%i*((3*x)/b-(3*a)/b))*x^n
fired    2_1 r6  %e^(%i*((3*x)/b-(3*a)/b))*x^n
fired    4_1_10 r13  x^n*%mr_isin((3*x)/b-(3*a)/b)
fired    4_1_0_1 r1  x^n*sin((3*x)/b-(3*a)/b)
fired    2_1 r6  %e^-(%i*(x/b-a/b))*x^n
fired    2_1 r6  %e^(%i*(x/b-a/b))*x^n
fired    4_1_10 r13  x^n*%mr_isin(x/b-a/b)
fired    4_1_0_1 r1  x^n*sin(x/b-a/b)
fired    1_4_1 r7  (x^n*sin((5*x)/b-(5*a)/b))/16-(5*x^n*sin((3*x)/b-(3*a)/b))/16+(5*x^n*sin(x/b-a/b))/8
fired    4_1_10 r17  x^n*%mr_isin(x/b-a/b)^5
fired    4_1_0_1 r1  x^n*sin(x/b-a/b)^5
fired    5_1_4 r45  (x^5*(b*asin(c*x)+a)^n)/sqrt(d-c^2*d*x^2)
fired    2_1 r6  %e^-(%i*(x/b-a/b))*x^n
fired    2_1 r6  %e^(%i*(x/b-a/b))*x^n
fired    4_1_10 r13  x^n*%mr_isin(x/b-a/b)
fired    4_1_0_1 r1  x^n*sin(x/b-a/b)
fired    2_1 r6  %e^-(%i*((3*x)/b-(3*a)/b))*x^n
fired    2_1 r6  %e^(%i*((3*x)/b-(3*a)/b))*x^n
fired    4_1_10 r13  x^n*%mr_isin((3*x)/b-(3*a)/b)
fired    4_1_0_1 r1  x^n*sin((3*x)/b-(3*a)/b)
fired    1_4_1 r7  (3*x^n*sin(x/b-a/b))/4-(x^n*sin((3*x)/b-(3*a)/b))/4
fired    4_1_10 r17  x^n*%mr_isin(x/b-a/b)^3
fired    4_1_0_1 r1  x^n*sin(x/b-a/b)^3
fired    5_1_4 r45  (x^3*(b*asin(c*x)+a)^n)/sqrt(d-c^2*d*x^2)
fired    2_1 r6  %e^-(%i*(x/b-a/b))*x^n
fired    2_1 r6  %e^(%i*(x/b-a/b))*x^n
fired    4_1_10 r13  x^n*%mr_isin(x/b-a/b)
fired    4_1_0_1 r1  x^n*sin(x/b-a/b)
fired    5_1_4 r45  (x*(b*asin(c*x)+a)^n)/sqrt(d-c^2*d*x^2)
fired    5_1_4 r55  (b*asin(c*x)+a)^n/(x*sqrt(d-c^2*d*x^2))
fired    1_4_1 r7  -((c^6*d^3*x^5*(b*asin(c*x)+a)^n)/sqrt(d-c^2*d*x^2))+(3*c^4*d^3*x^3*(b*asin(c*x)+a)^n)/sqrt(d-c^2*d*x^2)-(3*c^2*d^3*x*(b*asin(c*x)+a)^n)/sqrt(d-c^2*d*x^2)+(d^3*
fired    5_1_4 r47  ((d-c^2*d*x^2)^(5/2)*(b*asin(c*x)+a)^n)/x
RUBI-CPU 5.848422 
ANSWER-LEN 1678 UNINT true 
ANSWER d^3*'unintegrable[(b*asin(c*x)+a)^n/(x*sqrt(d-c^2*d*x^2)),x]-(d^3*sqrt(1-c^2*x^2)*((-((%e^((5*%i*a)/b)*b*gamma_incomplete(n+1,(5*%i*(b*asin(c*x)+a))/b)*(b*asin(c*x)+a)^n)/(10*((5*%i*(b*asin(c*x)+a))/b)^n))-(%e^-((5*%i*a)/b)*b*gamma_incomplete(n+1,-((5*%i*(b*asin(c*x)+a))/b))*(b*asin(c*x)+a)^n)/(10*(-((5*%i*(b*asin(c*x)+a))/b))^n))/16-(5*(-((%e^((3*%i*a)/b)*b*gamma_incomplete(n+1,(3*%i*(b*asin(c*x)+a))/b)*(b*asin(c*x)+a)^n)/(6*((3*%i*(b*asin(c*x)+a))/b)^n))-(%e^-((3*%i*a)/b)*b*gamma_incomplete(n+1,-((3*%i*(b*asin(c*x)+a))/b))*(b*asin(c*x)+a)^n)/(6*(-((3*%i*(b*asin(c*x)+a))/b))^n)))/16+(5...

# arm final 5 Inverse trig functions/5.1 Inverse sine/5.1.4b (f x)^m (d+e x^2)^p (a+b arcsin(c x))^n.mac e24 integrand (d+e*x^2)^3*(a+b*asin(c*x))/x
# core /home/serge/src/mr-ports/test/mr_rules.core sw {} cap 30 hit False cpu [6.658716]
fired    1_1_1_1 r2  x
fired    1_4_1 r7  e^3*x^2+3*d*e^2*x+d^3/x+3*d^2*e
fired    1_1_1_2 r12  (e*x+d)^3/x
fired    1_1_2_2 r4  (e*x^2+d)^3/x
fired    1_1_2_1 r17  1/sqrt(1-c^2*x^2)
fired    1_1_2_7 r16  sqrt(1-c^2*x^2)/(4*c*x+4)
fired    3_1_5 r30  (sqrt(1-c^2*x^2)*log(x^2))/(4*c*x+4)
fired    1_1_2_1 r17  1/sqrt(1-c^2*x^2)
fired    1_1_2_7 r16  sqrt(1-c^2*x^2)/(4*c^3*x+4*c^2)
fired    1_4_1 r7  (d^3*sqrt(1-c^2*x^2)*log(x^2))/(4*c*x+4)+(3*d^2*e*((2*e^2+9*c^2*d*e)/(18*c^4*d^2)+1)*sqrt(1-c^2*x^2))/(4*c^3*x+4*c^2)
fired    9_3 r63  (6*c^6*d^3*sqrt(1-c^2*x^2)*log(x^2)+18*c^4*d^2*e*((2*e^2+9*c^2*d*e)/(18*c^4*d^2)+1)*sqrt(1-c^2*x^2))/(24*c^7*x+24*c^6)
fired    1_1_2_1 r17  1/sqrt(1-c^2*x^2)
fired    1_1_2_7 r16  sqrt(1-c^2*x^2)/(4*c*x-4)
fired    3_1_5 r30  (sqrt(1-c^2*x^2)*log(x^2))/(4*c*x-4)
fired    1_1_2_1 r17  1/sqrt(1-c^2*x^2)
fired    1_1_2_7 r16  sqrt(1-c^2*x^2)/(4*c^3*x-4*c^2)
fired    1_4_1 r7  (d^3*sqrt(1-c^2*x^2)*log(x^2))/(4*c*x-4)+(3*d^2*e*((2*e^2+9*c^2*d*e)/(18*c^4*d^2)+1)*sqrt(1-c^2*x^2))/(4*c^3*x-4*c^2)
fired    9_3 r63  (6*c^6*d^3*sqrt(1-c^2*x^2)*log(x^2)+18*c^4*d^2*e*((2*e^2+9*c^2*d*e)/(18*c^4*d^2)+1)*sqrt(1-c^2*x^2))/(24*c^7*x-24*c^6)
  !! rubi: rule 1_4_1 r9 misfire (repl error) on x^2*(2*c^2*e^3*sqrt(1-c^2*x^2)+9*c^4*d*e^2*sqrt(1-c^2*x^2)) with [_mr_1_4_1_r9_c = 1,_mr_1_4_1_r9_m = 2,_mr_1_4_1_r9_u = 2*c^2*e^3*sqrt(1-c^2*x^2)+9*c^4*d*e^2*sqrt(1-c^2*x^2)]
fired    1_1_2_1 r17  1/sqrt(1-c^2*x^2)
fired    1_1_2_1 r5  sqrt(1-c^2*x^2)
fired    1_4_1 r23  (-(2*c^2*e^3)-9*c^4*d*e^2)*sqrt(1-c^2*x^2)
fired    1_1_2_10 r6  (2*c^2*e^3+9*c^4*d*e^2)*x^2*sqrt(1-c^2*x^2)
fired    9_1 r6  x^2*(2*c^2*e^3*sqrt(1-c^2*x^2)+9*c^4*d*e^2*sqrt(1-c^2*x^2))
fired    1_1_2_1 r17  1/sqrt(1-c^2*x^2)
fired    1_1_2_2 r23  x^2/sqrt(1-c^2*x^2)
fired    1_1_2_2 r23  x^4/sqrt(1-c^2*x^2)
fired    1_1_2_2 r9  x^4*sqrt(1-c^2*x^2)
fired    1_1_2_1 r17  1/sqrt(1-c^2*x^2)
fired    1_1_2_1 r5  sqrt(1-c^2*x^2)
fired    1_4_1 r7  x^2*(2*c^2*e^3*sqrt(1-c^2*x^2)+9*c^4*d*e^2*sqrt(1-c^2*x^2))+2*c^4*e^3*x^4*sqrt(1-c^2*x^2)+18*c^4*d^2*e*((2*e^2+9*c^2*d*e)/(18*c^4*d^2)+1)*sqrt(1-c^2*x^2)
fired    1_4_1 r7  (6*c^6*d^3*sqrt(1-c^2*x^2)*log(x^2)+18*c^4*d^2*e*((2*e^2+9*c^2*d*e)/(18*c^4*d^2)+1)*sqrt(1-c^2*x^2))/(24*c^7*x+24*c^6)-(6*c^6*d^3*sqrt(1-c^2*x^2)*log(x^2)+18*c^
fired    9_3 r46  (6*d^3*sqrt(1-c^2*x^2)*log(x^2)+2*e^3*x^6*sqrt(1-c^2*x^2)+9*d*e^2*x^4*sqrt(1-c^2*x^2)+18*d^2*e*x^2*sqrt(1-c^2*x^2))/(12-12*c^2*x^2)
fired    1_4_1 r18  -((6*d^3*sqrt(1-c^2*x^2)*log(x^2)+2*e^3*x^6*sqrt(1-c^2*x^2)+9*d*e^2*x^4*sqrt(1-c^2*x^2)+18*d^2*e*x^2*sqrt(1-c^2*x^2))/(12*c^2*x^2-12))
fired    5_1_4 r51  ((e*x^2+d)^3*(b*asin(c*x)+a))/x
RUBI-CPU 6.617075000000001 
ANSWER-LEN 730 UNINT true 
ANSWER ((b*asin(c*x)+a)*(d^3*log(x^2)+(e^3*x^6)/3+(3*d*e^2*x^4)/2+3*d^2*e*x^2))/2-b*c*(d^3*'unintegrable[(sqrt(1-c^2*x^2)*log(x^2))/(4*c*x+4),x]-d^3*'unintegrable[(sqrt(1-c^2*x^2)*log(x^2))/(4*c*x-4),x]-(2*c^4*e^3*(((3*(asin(c*x)/(2*c^3)-(x*sqrt(1-c^2*x^2))/(2*c^2)))/(4*c^2)-(x^3*sqrt(1-c^2*x^2))/(4*c^2))/6+(x^5*sqrt(1-c^2*x^2))/6)-((-(2*c^2*e^3)-9*c^4*d*e^2)*(asin(c*x)/(2*c)+(x*sqrt(1-c^2*x^2))/2))/(4*c^2)+18*c^4*d^2*e*((2*e^2+9*c^2*d*e)/(18*c^4*d^2)+1)*(asin(c*x)/(2*c)+(x*sqrt(1-c^2*x^2))/2)-((2*c^2*e^3+9*c^4*d*e^2)*x*(1-c^2*x^2)^(3/2))/(4*c^2))/(12*c^6)+3*d^2*e*((2*e^2+9*c^2*d*e)/(18*c^4*d^...

# arm final 5 Inverse trig functions/5.3 Inverse tangent/5.3.6 Exponentials of inverse tangent.mac e70 integrand %e^(3/2*%i*atan(a*x))*x^3
# core /home/serge/src/mr-ports/test/mr_rules.core sw {} cap 30 hit True cpu [30.061404]

# arm final 5 Inverse trig functions/5.3 Inverse tangent/5.3.6 Exponentials of inverse tangent.mac e79 integrand %e^(5/2*%i*atan(a*x))*x^3
# core /home/serge/src/mr-ports/test/mr_rules.core sw {} cap 30 hit True cpu [30.019732]

# arm final 5 Inverse trig functions/5.3 Inverse tangent/5.3.6 Exponentials of inverse tangent.mac e88 integrand x^3/%e^(1/2*%i*atan(a*x))
# core /home/serge/src/mr-ports/test/mr_rules.core sw {} cap 30 hit True cpu [30.05428]

# arm final 5 Inverse trig functions/5.3 Inverse tangent/5.3.6 Exponentials of inverse tangent.mac e97 integrand x^3/%e^(3/2*%i*atan(a*x))
# core /home/serge/src/mr-ports/test/mr_rules.core sw {} cap 30 hit True cpu [30.033484]

# arm final 5 Inverse trig functions/5.3 Inverse tangent/5.3.6 Exponentials of inverse tangent.mac e106 integrand x^3/%e^(5/2*%i*atan(a*x))
# core /home/serge/src/mr-ports/test/mr_rules.core sw {} cap 30 hit True cpu [30.023709]

# arm final 7 Inverse hyperbolic functions/7.1 Inverse hyperbolic sine/7.1.4a (f x)^m (d+c^2 d x^2)^p (a+b arcsinh(c x))^n.mac e76 integrand (d+c^2*d*x^2)^(5/2)*(a+b*asinh(c*x))/x^2
# core /home/serge/src/mr-ports/test/mr_rules.core sw {} cap 30 hit False cpu [1.094842]
fired    1_1_1_1 r2  x
fired    7_1_3 r2  (b*asinh(c*x)+a)/sqrt(c^2*x^2+1)
fired    7_1_3 r4  sqrt(c^2*d*x^2+d)*(b*asinh(c*x)+a)
fired    1_1_1_1 r2  x
fired    1_4_1 r7  c^2*x^3+x
fired    1_1_2_2 r5  x*(c^2*x^2+1)
fired    7_1_3 r5  (c^2*d*x^2+d)^(3/2)*(b*asinh(c*x)+a)
  !! rubi: rule 1_4_1 r4 misfire (repl error) on (c^4*x^2+2*c^2*x+1)/x with [_mr_1_4_1_r4_u = 1/x,_mr_1_4_1_r4_Px = c^4*x^2+2*c^2*x+1]
  !! rubi: rule 1_4_1 r9 misfire (repl error) on (c^4*x^2+2*c^2*x+1)/x with [_mr_1_4_1_r9_c = 1,_mr_1_4_1_r9_m = -1,_mr_1_4_1_r9_u = c^4*x^2+2*c^2*x+1]
  !! rubi: rule 9_1 r14 misfire (repl error) on (c^4*x^2+2*c^2*x+1)/x with [_mr_9_1_r14_c = 1,_mr_9_1_r14_m = -1,_mr_9_1_r14_u = c^4*x^2+2*c^2*x+1]
  !! rubi: rule 9_1 r27 misfire (repl error) on (c^4*x^2+2*c^2*x+1)/x with [_mr_9_1_r27_p = 1,_mr_9_1_r27_b = 2*c^2,_mr_9_1_r27_c = c^4,_mr_9_1_r27_a = 1,_mr_9_1_r27_u = 1/x]
  !! rubi: rule 9_3 r63 misfire (repl error) on (c^4*x^2+2*c^2*x+1)/x with [_mr_9_3_r63_u = (c^4*x^2+2*c^2*x+1)/x]
fired    9_3 r67  (c^4*x^2+2*c^2*x+1)/x
fired    1_2_3_1 r11  c^4*x+1/x+2*c^2
fired    1_1_1_2 r12  (c^2*x+1)^2/x
fired    1_1_2_2 r4  (c^2*x^2+1)^2/x
fired    7_1_4 r11  ((c^2*d*x^2+d)^(5/2)*(b*asinh(c*x)+a))/x^2
RUBI-CPU 1.035955 
ANSWER-LEN 414 UNINT true 
ANSWER (b*c*d^2*sqrt(c^2*d*x^2+d)*'unintegrable[(c^4*x^4+2*c^2*x^2+1)/x^2,x^2])/(2*sqrt(c^2*x^2+1))+5*c^2*d*((3*d*((sqrt(c^2*d*x^2+d)*(b*asinh(c*x)+a)^2)/(4*b*c*sqrt(c^2*x^2+1))+(x*sqrt(c^2*d*x^2+d)*(b*asinh(c*x)+a))/2-(b*c*x^2*sqrt(c^2*d*x^2+d))/(4*sqrt(c^2*x^2+1))))/4+(x*(c^2*d*x^2+d)^(3/2)*(b*asinh(c*x)+a))/4-(b*c*d*sqrt(c^2*d*x^2+d)*((c^2*x^4)/4+x^2/2))/(4*sqrt(c^2*x^2+1)))-((c^2*d*x^2+d)^(5/2)*(b*asinh(c*x)+a))/x 

# arm final 7 Inverse hyperbolic functions/7.1 Inverse hyperbolic sine/7.1.4a (f x)^m (d+c^2 d x^2)^p (a+b arcsinh(c x))^n.mac e451 integrand (a+b*asinh(c*x))^n*sqrt(d+c^2*d*x^2)/x
# core /home/serge/src/mr-ports/test/mr_rules.core sw {} cap 30 hit False cpu [2.24441]
fired    2_1 r6  %e^-(%i*((%i*x)/b-(%i*a)/b))*x^n
fired    2_1 r6  %e^(%i*((%i*x)/b-(%i*a)/b))*x^n
fired    4_1_10 r13  x^n*%mr_isin((%i*x)/b-(%i*a)/b)
fired    9_1 r11  -(%i*x^n*%mr_isin((%i*x)/b-(%i*a)/b))
fired    4_1_0_1 r1  x^n*sinh(x/b-a/b)
fired    7_1_4 r23  (x*(b*asinh(c*x)+a)^n)/sqrt(c^2*d*x^2+d)
fired    7_1_4 r28  (b*asinh(c*x)+a)^n/(x*sqrt(c^2*d*x^2+d))
fired    1_4_1 r7  (c^2*d*x*(b*asinh(c*x)+a)^n)/sqrt(c^2*d*x^2+d)+(d*(b*asinh(c*x)+a)^n)/(x*sqrt(c^2*d*x^2+d))
fired    7_1_4 r24  (sqrt(c^2*d*x^2+d)*(b*asinh(c*x)+a)^n)/x
RUBI-CPU 2.196524 
ANSWER-LEN 319 UNINT true 
ANSWER d*'unintegrable[(b*asinh(c*x)+a)^n/(x*sqrt(c^2*d*x^2+d)),x]-(%i*d*sqrt(c^2*x^2+1)*((%e^(a/b)*%i*b*gamma_incomplete(n+1,(b*asinh(c*x)+a)/b)*(b*asinh(c*x)+a)^n)/(2*((b*asinh(c*x)+a)/b)^n)+(%e^-(a/b)*%i*b*gamma_incomplete(n+1,-((b*asinh(c*x)+a)/b))*(b*asinh(c*x)+a)^n)/(2*(-((b*asinh(c*x)+a)/b))^n)))/(b*sqrt(c^2*d*x^2+d)) 

# arm final 7 Inverse hyperbolic functions/7.1 Inverse hyperbolic sine/7.1.4a (f x)^m (d+c^2 d x^2)^p (a+b arcsinh(c x))^n.mac e456 integrand (d+c^2*d*x^2)^(3/2)*(a+b*asinh(c*x))^n/x
# core /home/serge/src/mr-ports/test/mr_rules.core sw {} cap 30 hit False cpu [4.425186]
fired    2_1 r6  %e^-(%i*((%i*x)/b-(%i*a)/b))*x^n
fired    2_1 r6  %e^(%i*((%i*x)/b-(%i*a)/b))*x^n
fired    4_1_10 r13  x^n*%mr_isin((%i*x)/b-(%i*a)/b)
fired    9_1 r11  -(%i*x^n*%mr_isin((%i*x)/b-(%i*a)/b))
fired    4_1_0_1 r1  x^n*sinh(x/b-a/b)
fired    2_1 r6  %e^-(%i*((3*%i*x)/b-(3*%i*a)/b))*x^n
fired    2_1 r6  %e^(%i*((3*%i*x)/b-(3*%i*a)/b))*x^n
fired    4_1_10 r13  x^n*%mr_isin((3*%i*x)/b-(3*%i*a)/b)
fired    9_1 r11  -(%i*x^n*%mr_isin((3*%i*x)/b-(3*%i*a)/b))
fired    4_1_0_1 r1  x^n*sinh((3*x)/b-(3*a)/b)
fired    1_4_1 r7  (3*%i*x^n*sinh(x/b-a/b))/4-(%i*x^n*sinh((3*x)/b-(3*a)/b))/4
fired    4_1_10 r17  x^n*%mr_isin((%i*x)/b-(%i*a)/b)^3
fired    9_1 r11  %i*x^n*%mr_isin((%i*x)/b-(%i*a)/b)^3
fired    4_1_0_1 r1  x^n*sinh(x/b-a/b)^3
fired    7_1_4 r23  (x^3*(b*asinh(c*x)+a)^n)/sqrt(c^2*d*x^2+d)
fired    2_1 r6  %e^-(%i*((%i*x)/b-(%i*a)/b))*x^n
fired    2_1 r6  %e^(%i*((%i*x)/b-(%i*a)/b))*x^n
fired    4_1_10 r13  x^n*%mr_isin((%i*x)/b-(%i*a)/b)
fired    9_1 r11  -(%i*x^n*%mr_isin((%i*x)/b-(%i*a)/b))
fired    4_1_0_1 r1  x^n*sinh(x/b-a/b)
fired    7_1_4 r23  (x*(b*asinh(c*x)+a)^n)/sqrt(c^2*d*x^2+d)
fired    7_1_4 r28  (b*asinh(c*x)+a)^n/(x*sqrt(c^2*d*x^2+d))
fired    1_4_1 r7  (c^4*d^2*x^3*(b*asinh(c*x)+a)^n)/sqrt(c^2*d*x^2+d)+(2*c^2*d^2*x*(b*asinh(c*x)+a)^n)/sqrt(c^2*d*x^2+d)+(d^2*(b*asinh(c*x)+a)^n)/(x*sqrt(c^2*d*x^2+d))
fired    7_1_4 r24  ((c^2*d*x^2+d)^(3/2)*(b*asinh(c*x)+a)^n)/x
RUBI-CPU 4.370292 
ANSWER-LEN 836 UNINT true 
ANSWER d^2*'unintegrable[(b*asinh(c*x)+a)^n/(x*sqrt(c^2*d*x^2+d)),x]+(%i*d^2*sqrt(c^2*x^2+1)*((3*((%e^(a/b)*%i*b*gamma_incomplete(n+1,(b*asinh(c*x)+a)/b)*(b*asinh(c*x)+a)^n)/(2*((b*asinh(c*x)+a)/b)^n)+(%e^-(a/b)*%i*b*gamma_incomplete(n+1,-((b*asinh(c*x)+a)/b))*(b*asinh(c*x)+a)^n)/(2*(-((b*asinh(c*x)+a)/b))^n)))/4-((%e^((3*a)/b)*%i*b*gamma_incomplete(n+1,(3*(b*asinh(c*x)+a))/b)*(b*asinh(c*x)+a)^n)/(6*((3*(b*asinh(c*x)+a))/b)^n)+(%e^-((3*a)/b)*%i*b*gamma_incomplete(n+1,-((3*(b*asinh(c*x)+a))/b))*(b*asinh(c*x)+a)^n)/(6*(-((3*(b*asinh(c*x)+a))/b))^n))/4))/(b*sqrt(c^2*d*x^2+d))-(2*%i*d^2*sqrt(c^2*x...

# arm final 7 Inverse hyperbolic functions/7.1 Inverse hyperbolic sine/7.1.4a (f x)^m (d+c^2 d x^2)^p (a+b arcsinh(c x))^n.mac e461 integrand (d+c^2*d*x^2)^(5/2)*(a+b*asinh(c*x))^n/x
# core /home/serge/src/mr-ports/test/mr_rules.core sw {} cap 30 hit False cpu [7.487977]
fired    2_1 r6  %e^-(%i*((5*%i*x)/b-(5*%i*a)/b))*x^n
fired    2_1 r6  %e^(%i*((5*%i*x)/b-(5*%i*a)/b))*x^n
fired    4_1_10 r13  x^n*%mr_isin((5*%i*x)/b-(5*%i*a)/b)
fired    9_1 r11  -(%i*x^n*%mr_isin((5*%i*x)/b-(5*%i*a)/b))
fired    4_1_0_1 r1  x^n*sinh((5*x)/b-(5*a)/b)
fired    2_1 r6  %e^-(%i*((3*%i*x)/b-(3*%i*a)/b))*x^n
fired    2_1 r6  %e^(%i*((3*%i*x)/b-(3*%i*a)/b))*x^n
fired    4_1_10 r13  x^n*%mr_isin((3*%i*x)/b-(3*%i*a)/b)
fired    9_1 r11  -(%i*x^n*%mr_isin((3*%i*x)/b-(3*%i*a)/b))
fired    4_1_0_1 r1  x^n*sinh((3*x)/b-(3*a)/b)
fired    2_1 r6  %e^-(%i*((%i*x)/b-(%i*a)/b))*x^n
fired    2_1 r6  %e^(%i*((%i*x)/b-(%i*a)/b))*x^n
fired    4_1_10 r13  x^n*%mr_isin((%i*x)/b-(%i*a)/b)
fired    9_1 r11  -(%i*x^n*%mr_isin((%i*x)/b-(%i*a)/b))
fired    4_1_0_1 r1  x^n*sinh(x/b-a/b)
fired    1_4_1 r7  (%i*x^n*sinh((5*x)/b-(5*a)/b))/16-(5*%i*x^n*sinh((3*x)/b-(3*a)/b))/16+(5*%i*x^n*sinh(x/b-a/b))/8
fired    4_1_10 r17  x^n*%mr_isin((%i*x)/b-(%i*a)/b)^5
fired    9_1 r11  -(%i*x^n*%mr_isin((%i*x)/b-(%i*a)/b)^5)
fired    4_1_0_1 r1  x^n*sinh(x/b-a/b)^5
fired    7_1_4 r23  (x^5*(b*asinh(c*x)+a)^n)/sqrt(c^2*d*x^2+d)
fired    2_1 r6  %e^-(%i*((%i*x)/b-(%i*a)/b))*x^n
fired    2_1 r6  %e^(%i*((%i*x)/b-(%i*a)/b))*x^n
fired    4_1_10 r13  x^n*%mr_isin((%i*x)/b-(%i*a)/b)
fired    9_1 r11  -(%i*x^n*%mr_isin((%i*x)/b-(%i*a)/b))
fired    4_1_0_1 r1  x^n*sinh(x/b-a/b)
fired    2_1 r6  %e^-(%i*((3*%i*x)/b-(3*%i*a)/b))*x^n
fired    2_1 r6  %e^(%i*((3*%i*x)/b-(3*%i*a)/b))*x^n
fired    4_1_10 r13  x^n*%mr_isin((3*%i*x)/b-(3*%i*a)/b)
fired    9_1 r11  -(%i*x^n*%mr_isin((3*%i*x)/b-(3*%i*a)/b))
fired    4_1_0_1 r1  x^n*sinh((3*x)/b-(3*a)/b)
fired    1_4_1 r7  (3*%i*x^n*sinh(x/b-a/b))/4-(%i*x^n*sinh((3*x)/b-(3*a)/b))/4
fired    4_1_10 r17  x^n*%mr_isin((%i*x)/b-(%i*a)/b)^3
fired    9_1 r11  %i*x^n*%mr_isin((%i*x)/b-(%i*a)/b)^3
fired    4_1_0_1 r1  x^n*sinh(x/b-a/b)^3
fired    7_1_4 r23  (x^3*(b*asinh(c*x)+a)^n)/sqrt(c^2*d*x^2+d)
fired    2_1 r6  %e^-(%i*((%i*x)/b-(%i*a)/b))*x^n
fired    2_1 r6  %e^(%i*((%i*x)/b-(%i*a)/b))*x^n
fired    4_1_10 r13  x^n*%mr_isin((%i*x)/b-(%i*a)/b)
fired    9_1 r11  -(%i*x^n*%mr_isin((%i*x)/b-(%i*a)/b))
fired    4_1_0_1 r1  x^n*sinh(x/b-a/b)
fired    7_1_4 r23  (x*(b*asinh(c*x)+a)^n)/sqrt(c^2*d*x^2+d)
fired    7_1_4 r28  (b*asinh(c*x)+a)^n/(x*sqrt(c^2*d*x^2+d))
fired    1_4_1 r7  (c^6*d^3*x^5*(b*asinh(c*x)+a)^n)/sqrt(c^2*d*x^2+d)+(3*c^4*d^3*x^3*(b*asinh(c*x)+a)^n)/sqrt(c^2*d*x^2+d)+(3*c^2*d^3*x*(b*asinh(c*x)+a)^n)/sqrt(c^2*d*x^2+d)+(d^3*
fired    7_1_4 r24  ((c^2*d*x^2+d)^(5/2)*(b*asinh(c*x)+a)^n)/x
RUBI-CPU 7.421867 
ANSWER-LEN 1598 UNINT true 
ANSWER d^3*'unintegrable[(b*asinh(c*x)+a)^n/(x*sqrt(c^2*d*x^2+d)),x]-(%i*d^3*sqrt(c^2*x^2+1)*(((%e^((5*a)/b)*%i*b*gamma_incomplete(n+1,(5*(b*asinh(c*x)+a))/b)*(b*asinh(c*x)+a)^n)/(10*((5*(b*asinh(c*x)+a))/b)^n)+(%e^-((5*a)/b)*%i*b*gamma_incomplete(n+1,-((5*(b*asinh(c*x)+a))/b))*(b*asinh(c*x)+a)^n)/(10*(-((5*(b*asinh(c*x)+a))/b))^n))/16-(5*((%e^((3*a)/b)*%i*b*gamma_incomplete(n+1,(3*(b*asinh(c*x)+a))/b)*(b*asinh(c*x)+a)^n)/(6*((3*(b*asinh(c*x)+a))/b)^n)+(%e^-((3*a)/b)*%i*b*gamma_incomplete(n+1,-((3*(b*asinh(c*x)+a))/b))*(b*asinh(c*x)+a)^n)/(6*(-((3*(b*asinh(c*x)+a))/b))^n)))/16+(5*((%e^(a/b)*%i...

# arm final 7 Inverse hyperbolic functions/7.2 Inverse hyperbolic cosine/7.2.4a (f x)^m (d-c^2 d x^2)^p (a+b arccosh(c x))^n.mac e90 integrand (d-c^2*d*x^2)^(5/2)*(a+b*acosh(c*x))/x^2
# core /home/serge/src/mr-ports/test/mr_rules.core sw {} cap 30 hit False cpu [1.342219]
fired    1_1_1_1 r2  x
fired    7_2_3 r5  (b*acosh(c*x)+a)/(sqrt(c*x-1)*sqrt(c*x+1))
fired    7_2_3 r7  sqrt(d-c^2*d*x^2)*(b*acosh(c*x)+a)
fired    1_1_1_1 r2  x
fired    1_4_1 r7  c^2*x^3-x
fired    1_1_2_2 r5  x*(c^2*x^2-1)
fired    1_1_1_3 r1  x*(c*x-1)*(c*x+1)
fired    7_2_3 r9  (d-c^2*d*x^2)^(3/2)*(b*acosh(c*x)+a)
  !! rubi: rule 1_4_1 r9 misfire (repl error) on (c^4*x^2-2*c^2*x+1)/x with [_mr_1_4_1_r9_c = 1,_mr_1_4_1_r9_m = -1,_mr_1_4_1_r9_u = c^4*x^2-2*c^2*x+1]
  !! rubi: rule 9_1 r14 misfire (repl error) on (c^4*x^2-2*c^2*x+1)/x with [_mr_9_1_r14_c = 1,_mr_9_1_r14_m = -1,_mr_9_1_r14_u = c^4*x^2-2*c^2*x+1]
  !! rubi: rule 9_1 r27 misfire (repl error) on (c^4*x^2-2*c^2*x+1)/x with [_mr_9_1_r27_p = 1,_mr_9_1_r27_b = -(2*c^2),_mr_9_1_r27_c = c^4,_mr_9_1_r27_a = 1,_mr_9_1_r27_u = 1/x]
  !! rubi: rule 9_3 r63 misfire (repl error) on (c^4*x^2-2*c^2*x+1)/x with [_mr_9_3_r63_u = (c^4*x^2-2*c^2*x+1)/x]
fired    9_3 r67  (c^4*x^2-2*c^2*x+1)/x
fired    1_2_3_1 r11  c^4*x+1/x-2*c^2
fired    1_1_1_2 r12  (c^2*x-1)^2/x
fired    1_1_2_2 r4  (c^2*x^2-1)^2/x
fired    1_1_1_3 r1  ((c*x-1)^2*(c*x+1)^2)/x
fired    7_2_4 r17  ((d-c^2*d*x^2)^(5/2)*(b*acosh(c*x)+a))/x^2
RUBI-CPU 1.3034780000000001 
ANSWER-LEN 449 UNINT true 
ANSWER (b*c*d^2*sqrt(d-c^2*d*x^2)*'unintegrable[(c^4*x^4-2*c^2*x^2+1)/x^2,x^2])/(2*sqrt(c*x-1)*sqrt(c*x+1))-5*c^2*d*((3*d*(-((sqrt(d-c^2*d*x^2)*(b*acosh(c*x)+a)^2)/(4*b*c*sqrt(c*x-1)*sqrt(c*x+1)))+(x*sqrt(d-c^2*d*x^2)*(b*acosh(c*x)+a))/2-(b*c*x^2*sqrt(d-c^2*d*x^2))/(4*sqrt(c*x-1)*sqrt(c*x+1))))/4+(x*(d-c^2*d*x^2)^(3/2)*(b*acosh(c*x)+a))/4+(b*c*d*sqrt(d-c^2*d*x^2)*((c^2*x^4)/4-x^2/2))/(4*sqrt(c*x-1)*sqrt(c*x+1)))-((d-c^2*d*x^2)^(5/2)*(b*acosh(c*x)+a))/x 

# arm final 7 Inverse hyperbolic functions/7.3 Inverse hyperbolic tangent/7.3.6 Exponentials of inverse hyperbolic tangent functions.mac e71 integrand %e^(3/2*atanh(a*x))*x^3
# core /home/serge/src/mr-ports/test/mr_rules.core sw {} cap 30 hit True cpu [30.05266]

# arm final 7 Inverse hyperbolic functions/7.3 Inverse hyperbolic tangent/7.3.6 Exponentials of inverse hyperbolic tangent functions.mac e81 integrand %e^(5/2*atanh(a*x))*x^3
# core /home/serge/src/mr-ports/test/mr_rules.core sw {} cap 30 hit True cpu [30.029182]
fired    1_2_1_2 r3  (sqrt(2)-2*x)/(-x^2+sqrt(2)*x-1)
fired    1_2_1_2 r3  (2*x+sqrt(2))/(-x^2-sqrt(2)*x-1)
fired    1_2_2_3 r23  (1-x^2)/(x^4+1)
fired    1_1_2_1 r11  1/(-x^2-1)
fired    1_2_1_1 r11  1/(x^2+sqrt(2)*x+1)
fired    1_1_2_1 r11  1/(-x^2-1)
fired    1_2_1_1 r11  1/(x^2-sqrt(2)*x+1)
fired    1_2_2_3 r20  (x^2+1)/(x^4+1)
fired    1_1_3_1 r23  1/(x^4+1)
fired    1_1_3_1 r52  1/(2-x^4)^(1/4)
fired    1_1_1_2 r32  1/((1-a*x)^(1/4)*(a*x+1)^(3/4))
fired    1_1_1_2 r19  (a*x+1)^(1/4)/(1-a*x)^(1/4)
fired    9_1 r12  (9*a^2*(a*x+1)^(1/4))/(4*(1-a*x)^(1/4))
fired    9_3 r9  ((a*x+1)^(1/4)*(a*x+2)*((9*a^3*x)/(4*a^2*x^2+16*a*x+16)+(9*a^2)/(2*a^2*x^2+8*a*x+8)))/(1-a*x)^(1/4)
fired    1_1_1_6 r7  -(((a*x+1)^(1/4)*(a*x+2))/(2*(1-a*x)^(1/4)))
fired    1_1_1_3 r19  (x^2*(a*x+1)^(1/4))/(1-a*x)^(1/4)
fired    1_2_1_2 r3  (sqrt(2)-2*x)/(-x^2+sqrt(2)*x-1)
fired    1_2_1_2 r3  (2*x+sqrt(2))/(-x^2-sqrt(2)*x-1)
fired    1_2_2_3 r23  (1-x^2)/(x^4+1)
fired    1_1_2_1 r11  1/(-x^2-1)
fired    1_2_1_1 r11  1/(x^2+sqrt(2)*x+1)
fired    1_1_2_1 r11  1/(-x^2-1)
fired    1_2_1_1 r11  1/(x^2-sqrt(2)*x+1)
fired    1_2_2_3 r20  (x^2+1)/(x^4+1)
fired    1_1_3_1 r23  1/(x^4+1)
fired    1_1_3_1 r52  1/(2-x^4)^(1/4)
fired    1_1_1_2 r32  1/((1-a*x)^(1/4)*(a*x+1)^(3/4))
fired    1_1_1_2 r19  (a*x+1)^(1/4)/(1-a*x)^(1/4)
fired    1_1_1_3 r8  (x*(a*x+1)^(1/4))/(1-a*x)^(1/4)
fired    1_4_1 r7  -((a*x^2*(a*x+1)^(1/4))/(2*(1-a*x)^(1/4)))-(2*x*(a*x+1)^(1/4))/(1-a*x)^(1/4)
fired    1_1_1_7 r25  -((x*(a*x+1)^(1/4)*(a*x+4))/(2*(1-a*x)^(1/4)))
fired    1_1_1_3 r29  (x^3*(a*x+1)^(1/4))/(1-a*x)^(1/4)

# arm final 7 Inverse hyperbolic functions/7.3 Inverse hyperbolic tangent/7.3.6 Exponentials of inverse hyperbolic tangent functions.mac e101 integrand x^3/%e^(3/2*atanh(a*x))
# core /home/serge/src/mr-ports/test/mr_rules.core sw {} cap 30 hit True cpu [30.059959]

# arm final 7 Inverse hyperbolic functions/7.3 Inverse hyperbolic tangent/7.3.6 Exponentials of inverse hyperbolic tangent functions.mac e111 integrand x^3/%e^(5/2*atanh(a*x))
# core /home/serge/src/mr-ports/test/mr_rules.core sw {} cap 30 hit True cpu [30.100085]
fired    1_1_2_1 r11  1/(-x^2-1)
fired    1_2_1_1 r11  1/(x^2+sqrt(2)*x+1)
fired    1_1_2_1 r11  1/(-x^2-1)
fired    1_2_1_1 r11  1/(x^2-sqrt(2)*x+1)
fired    1_2_2_3 r20  (x^2+1)/(x^4+1)
fired    1_2_1_2 r3  (sqrt(2)-2*x)/(-x^2+sqrt(2)*x-1)
fired    1_2_1_2 r3  (2*x+sqrt(2))/(-x^2-sqrt(2)*x-1)
fired    1_2_2_3 r23  (1-x^2)/(x^4+1)
fired    1_1_3_2 r39  x^2/(x^4+1)
fired    1_1_3_2 r74  x^2/(2-x^4)^(3/4)
fired    1_1_1_2 r32  1/((1-a*x)^(3/4)*(a*x+1)^(1/4))
fired    1_1_1_2 r19  (1-a*x)^(1/4)/(a*x+1)^(1/4)
fired    9_1 r12  (9*a^2*(1-a*x)^(1/4))/(4*(a*x+1)^(1/4))
fired    9_3 r9  ((1-a*x)^(1/4)*(a*x-2)*((9*a^3*x)/(4*a^2*x^2-16*a*x+16)-(9*a^2)/(2*a^2*x^2-8*a*x+8)))/(a*x+1)^(1/4)
fired    1_1_1_6 r7  ((1-a*x)^(1/4)*(a*x-2))/(2*(a*x+1)^(1/4))
fired    1_1_1_3 r19  (x^2*(1-a*x)^(1/4))/(a*x+1)^(1/4)

# arm final 7 Inverse hyperbolic functions/7.3 Inverse hyperbolic tangent/7.3.6 Exponentials of inverse hyperbolic tangent functions.mac e1024 integrand %e^(2*atanh(a*x))*(c-a^2*c*x^2)/x
# core /home/serge/src/mr-ports/test/mr_rules.core sw {} cap 30 hit False cpu [0.597334]
  !! rubi: rule 1_4_1 r4 misfire (repl error) on (a^2*x^2+2*a*x+1)/x with [_mr_1_4_1_r4_u = 1/x,_mr_1_4_1_r4_Px = a^2*x^2+2*a*x+1]
  !! rubi: rule 1_4_1 r9 misfire (repl error) on (a^2*x^2+2*a*x+1)/x with [_mr_1_4_1_r9_c = 1,_mr_1_4_1_r9_m = -1,_mr_1_4_1_r9_u = a^2*x^2+2*a*x+1]
  !! rubi: rule 9_1 r14 misfire (repl error) on (a^2*x^2+2*a*x+1)/x with [_mr_9_1_r14_c = 1,_mr_9_1_r14_m = -1,_mr_9_1_r14_u = a^2*x^2+2*a*x+1]
  !! rubi: rule 9_1 r27 misfire (repl error) on (a^2*x^2+2*a*x+1)/x with [_mr_9_1_r27_p = 1,_mr_9_1_r27_b = 2*a,_mr_9_1_r27_c = a^2,_mr_9_1_r27_a = 1,_mr_9_1_r27_u = 1/x]
  !! rubi: rule 9_3 r63 misfire (repl error) on (a^2*x^2+2*a*x+1)/x with [_mr_9_3_r63_u = (a^2*x^2+2*a*x+1)/x]
fired    9_3 r67  (a^2*x^2+2*a*x+1)/x
fired    1_2_3_1 r11  a^2*x+1/x+2*a
fired    1_1_1_2 r12  (a*x+1)^2/x
fired    7_3_6 r28  (%e^(2*atanh(a*x))*(c-a^2*c*x^2))/x
RUBI-CPU 0.551616 
ANSWER-LEN 38 UNINT true 
ANSWER c*'unintegrable[(a^2*x^2+2*a*x+1)/x,x] 

# arm final 4 Trig functions/4.1 Sine/4.1.1.3 (g tan)^p (a+b sin)^m.mac e152 integrand cot(c+d*x)*(a+b*sin(c+d*x))^2
# core /home/serge/src/mr-ports/test/mr_rules.core sw {} cap 30 hit False cpu [0.423512]
  !! rubi: rule 1_4_1 r4 misfire (repl error) on (b^2*x^2+2*a*b*x+a^2)/x with [_mr_1_4_1_r4_u = 1/x,_mr_1_4_1_r4_Px = b^2*x^2+2*a*b*x+a^2]
  !! rubi: rule 1_4_1 r9 misfire (repl error) on (b^2*x^2+2*a*b*x+a^2)/x with [_mr_1_4_1_r9_c = 1,_mr_1_4_1_r9_m = -1,_mr_1_4_1_r9_u = b^2*x^2+2*a*b*x+a^2]
  !! rubi: rule 9_1 r14 misfire (repl error) on (b^2*x^2+2*a*b*x+a^2)/x with [_mr_9_1_r14_c = 1,_mr_9_1_r14_m = -1,_mr_9_1_r14_u = b^2*x^2+2*a*b*x+a^2]
  !! rubi: rule 9_1 r27 misfire (repl error) on (b^2*x^2+2*a*b*x+a^2)/x with [_mr_9_1_r27_p = 1,_mr_9_1_r27_b = 2*a*b,_mr_9_1_r27_c = b^2,_mr_9_1_r27_a = a^2,_mr_9_1_r27_u = 1/x]
  !! rubi: rule 9_3 r63 misfire (repl error) on (b^2*x^2+2*a*b*x+a^2)/x with [_mr_9_3_r63_u = (b^2*x^2+2*a*b*x+a^2)/x]
fired    9_3 r67  (b^2*x^2+2*a*b*x+a^2)/x
fired    1_2_3_1 r11  b^2*x+a^2/x+2*a*b
fired    1_1_1_2 r12  (b*x+a)^2/x
fired    4_7_5 r7  cot(d*x+c)*(b*sin(d*x+c)+a)^2
RUBI-CPU 0.373584 
ANSWER-LEN 78 UNINT true 
ANSWER 'unintegrable[(b^2*sin(d*x+c)^2+2*a*b*sin(d*x+c)+a^2)/sin(d*x+c),sin(d*x+c)]/d 

# arm final 4 Trig functions/4.5 Secant/4.5.1.4 (d tan)^n (a+b sec)^m.mac e224 integrand cot(c+d*x)^3*(a+a*sec(c+d*x))^n
# core /home/serge/src/mr-ports/test/mr_rules.core sw {} cap 30 hit False cpu [1.291688]
  !! rubi: rule 1_4_1 r18 misfire (repl error) on (a^2*(a*x+a)^(n-2)*((2-n)*x+2))/(x*(a*x-a)) with [_mr_1_4_1_r18_Px = x,_mr_1_4_1_r18_p = -1,_mr_1_4_1_r18_Qx = a,_mr_1_4_1_r18_q = 2,_mr_1_4_1_r18_u = ((a*x+a)^(n-2)*((2-n)*x+2))/(a*x-a)]
  !! rubi: rule 1_1_1_7 r5 misfire (repl error) on (a^2*(a*x+a)^(n-2)*((2-n)*x+2))/(x*(a*x-a)) with [_mr_1_1_1_7_r5_Px = x,_mr_1_1_1_7_r5_p = -1,_mr_1_1_1_7_r5_Qx = a,_mr_1_1_1_7_r5_q = 2,_mr_1_1_1_7_r5_u = ((a*x+a)^(n-2)*((2-n)*x+2))/(a*x-a)]
fired    1_1_1_1 r4  (a*x+a)^(n-2)
fired    1_4_1 r10  (a*x+a)^n/(sqrt(2)*x+sqrt(2))^2
fired    1_4_1 r5  (a*x+a)^n/(2*x^2+4*x+2)
fired    1_1_1_1 r4  (a*x+a)^(n-1)
fired    1_4_1 r10  (a*x+a)^n/(4*a*x+4*a)
fired    1_1_1_2 r37  (a*x+a)^n/(4*a*x-4*a)
fired    1_1_1_2 r34  (a*x+a)^n/x
fired    1_4_1 r7  (n*(a*x+a)^n)/(a*(2*x^2+4*x+2))+((n+4)*(a*x+a)^n)/(4*a*x+4*a)-((n-4)*(a*x+a)^n)/(4*a*x-4*a)-(2*(a*x+a)^n)/(a*x)
fired    1_1_1_7 r25  (a^2*(a*x+a)^(n-2)*((2-n)*x+2))/(x*(a*x-a))
fired    1_1_1_3 r32  (a*x+a)^(n-2)/(x*(a*x-a)^2)
fired    4_5_1_4 r2  (a*%mr_icsc(d*x+c+%pi/2)+a)^n/%mr_icot(d*x+c+%pi/2)^3
fired    9_1 r10  -((a*%mr_icsc(d*x+c+%pi/2)+a)^n/%mr_icot(d*x+c+%pi/2)^3)
fired    4_1_0_1 r1  cot(d*x+c)^3*(a*sec(d*x+c)+a)^n
RUBI-CPU 1.2421950000000002 
ANSWER-LEN 325 UNINT false 
ANSWER (a^4*(-((-((hypergeometric([1,n+1],[n+2],(a*sec(d*x+c)+a)/(2*a))*(4-n)*(a*sec(d*x+c)+a)^(n+1))/(8*a^2*(n+1)))+(2*hypergeometric([1,n+1],[n+2],sec(d*x+c)+1)*(a*sec(d*x+c)+a)^(n+1))/(a^2*(n+1))+((n+4)*(a*sec(d*x+c)+a)^n)/(4*a*n)+(n*(a*sec(d*x+c)+a)^(n-1))/(2*(n-1)))/(2*a^3))-(a*sec(d*x+c)+a)^(n-1)/(2*a^2*(a*sec(d*x+c)-a))))/d 

