=== probes/matcher/16-seen-guard-trace  2026-09-15 12:34 UTC
maxima: Maxima-version: "branch_5_50_base_84_g4204fb669"
maxima: Maxima build date: "2026-08-31 13:27:47"
maxima: Lisp implementation type: "SBCL"
maxima: Lisp implementation version: "2.6.7"
git HEAD: 560b4a51b860688a01fa8a29263fd525e82832f2  (tracked runtime sources vs HEAD: clean)
core fixed: /home/serge/src/maxima-rubi/test/mr_rules.core  fingerprint b98e4748784738cb78f0163a97d4cf5f  git_rev 0611bd42b5b99bb07b083e734d3471ff5a0ae66b
core p0:    /tmp/mr-p0-tree/test/mr_rules.core  fingerprint 5ef9b3bc5ee07ffac0e76f1fea54fbac  git_rev 0a6664c568c53b1b644da6411876b55d3a64111c
driver switches: {'mr_flat_wide': 'false', 'mr_cond_retry': 'true', 'mr_model_flags': 'true'}   cap 30 s, 8 workers, stdin /dev/null
instrumentation: HEAD %mr_top_body / P0 0a6664c mr_top + %mr_hybrid_body, patched at asserted anchors; %mr_seenp checked equal (normalized) in both trees; fixed sha1 6a49bc9317f2, p0 sha1 ff746b20462e
arms: trace = fixed core, seen test as HEAD; exact-only = fixed core, %mr_seenp exact member only (DIAGNOSTIC ARM, NOT A PROPOSED FIX); p0 = P0 core, seen test as P0.
entry set: class1 from probes/matcher/16-seen-guard-trace.class1.tsv (186 entries, sha1 45f898945d43); p0 arm on every entry
call line: #id d=<nesting depth> dl=<depth_level> <entry kind> fb seenlen=<length(%mr_seen) at entry> seen=<via>@#<matched call>(live=<matched call still on the path>) out=<rule[@pass] | fall-through:<branch>> owner=<parent's next rule-outcome line: the rule attempt that made the call>

--- c1 g7 1 Algebraic functions/1.2 Trinomial products/1.2.2 Quartic/1.2.2.4 (f x)^m (d+e x^2)^q (a+b x^2+c x^4)^p.mac e204 (eq)
  [trace] class=deferred t=0.3s L263 returned=yes t=0.252004 calls=2 ratsimp-hits=1 exact-hits=0 unexited=0 misfire/fault-lines=0 top=1_2_2_4_r93
    fires=1_2_2_4_r93
    answer sha1=42ac2958fa56 'integrate(e*x^2*(f*x)^(3/2)*sqrt(c*x^4+b*x^2+a)+d*(f*x)^(3/2)*sqrt(c*x^4+b*x^2+a),x)
    #1 d=1 dl=1 seenp fb=false seenlen=0 seen=- out=1_2_2_4_r93 owner=- f=(f*x)^(3/2)*(e*x^2+d)*sqrt(c*x^4+b*x^2+a)
    #2 d=2 dl=2 seenp fb=true seenlen=1 seen=ratsimp@#1(idx1,live=yes) out=fall-through:seen-hit owner=1_2_2_4_r93:fired f=e*x^2*(f*x)^(3/2)*sqrt(c*x^4+b*x^2+a)+d*(f*x)^(3/2)*sqrt(c*x^4+b*x^2+a)
        matched elem=(f*x)^(3/2)*(e*x^2+d)*sqrt(c*x^4+b*x^2+a)
  [exact-only] class=unverified t=2.1s L263 returned=yes t=1.680023 calls=7 ratsimp-hits=0 exact-hits=0 unexited=0 misfire/fault-lines=0 top=1_2_2_4_r93
    fires=1_1_2_4_r66,1_2_2_2_r35,1_4_1_r29,1_1_2_4_r66,1_2_2_2_r35,1_4_1_r7,1_2_2_4_r93
    answer sha1=12d2a849b271 (2*AppellF1(9/4,-(1/2),-(1/2),13/4,-((2*c*x^2)/(sqrt(b^2-4*a*c)+b)),-((2*c*x^2)/(b-sqrt(b^2-4*a*c))))*e*(f*x)^(9/2)*sqrt(c*x^4+b*x^2+a))/(9*f^3*sqrt((2*c*x^2)/(...
    #1 d=1 dl=1 seenp fb=false seenlen=0 seen=- out=1_2_2_4_r93 owner=- f=(f*x)^(3/2)*(e*x^2+d)*sqrt(c*x^4+b*x^2+a)
    #2 d=2 dl=2 seenp fb=true seenlen=1 seen=- out=1_4_1_r7 owner=1_2_2_4_r93:fired f=e*x^2*(f*x)^(3/2)*sqrt(c*x^4+b*x^2+a)+d*(f*x)^(3/2)*sqrt(c*x^4+b*x^2+a)
    #3 d=3 dl=3 seenp fb=true seenlen=2 seen=- out=1_4_1_r29 owner=1_4_1_r7:fired f=x^2*(f*x)^(3/2)*sqrt(c*x^4+b*x^2+a)
    #4 d=4 dl=4 seenp fb=true seenlen=3 seen=- out=1_2_2_2_r35 owner=1_4_1_r29:fired f=(f*x)^(7/2)*sqrt(c*x^4+b*x^2+a)
    #5 d=5 dl=5 seenp fb=true seenlen=4 seen=- out=1_1_2_4_r66 owner=1_2_2_2_r35:fired f=(f*x)^(7/2)*sqrt((2*c*x^2)/(b-sqrt(b^2-4*a*c))+1)*sqrt((2*c*x^2)/(sqrt(b^2-4*a*c)+b)+1)
    #6 d=3 dl=3 seenp fb=true seenlen=2 seen=- out=1_2_2_2_r35 owner=1_4_1_r7:fired f=(f*x)^(3/2)*sqrt(c*x^4+b*x^2+a)
    #7 d=4 dl=4 seenp fb=true seenlen=3 seen=- out=1_1_2_4_r66 owner=1_2_2_2_r35:fired f=(f*x)^(3/2)*sqrt((2*c*x^2)/(b-sqrt(b^2-4*a*c))+1)*sqrt((2*c*x^2)/(sqrt(b^2-4*a*c)+b)+1)
  [p0] class=verified t=3.9s L263 returned=yes t=3.866052 calls=7 ratsimp-hits=0 exact-hits=2 unexited=0 misfire/fault-lines=0 top=1_2_2_6_r3@pass2
    fires=1_2_2_2_r2,1_1_2_3_r1,1_2_2_2_r2,1_4_1_r7,1_2_2_6_r3
    answer sha1=c4e22bb71191 d*'integrate((f*x)^(3/2)*sqrt(c*x^4+b*x^2+a),x)+(e*f*sqrt(f*x)*'integrate(x^(7/2)*sqrt(c*x^4+b*x^2+a),x))/sqrt(x)
    #1 d=1 dl=1 p0-mr_top fb=false seenlen=0 seen=- out=1_2_2_6_r3@pass2 owner=- f=(f*x)^(3/2)*(e*x^2+d)*sqrt(c*x^4+b*x^2+a)
    #2 d=2 dl=1 p0-mr_top fb=true seenlen=0 seen=- out=1_4_1_r7@pass1 owner=1_2_2_6_r3:fired f=e*x^2*(f*x)^(3/2)*sqrt(c*x^4+b*x^2+a)+d*(f*x)^(3/2)*sqrt(c*x^4+b*x^2+a)
    #3 d=3 dl=2 p0-mr_top fb=true seenlen=1 seen=- out=1_1_2_3_r1@pass1 owner=1_4_1_r7:fired f=x^2*(f*x)^(3/2)*sqrt(c*x^4+b*x^2+a)
    #4 d=4 dl=3 p0-mr_top fb=true seenlen=2 seen=- out=1_2_2_2_r2@pass1 owner=1_1_2_3_r1:fired f=x^(7/2)*sqrt(c*x^4+b*x^2+a)
    #5 d=5 dl=4 p0-mr_top fb=true seenlen=3 seen=exact@#4(idx1,live=yes) out=fall-through:seen-hit owner=1_2_2_2_r2:fired f=x^(7/2)*sqrt(c*x^4+b*x^2+a)
        matched elem=x^(7/2)*sqrt(c*x^4+b*x^2+a)
    #6 d=3 dl=2 p0-mr_top fb=true seenlen=1 seen=- out=1_2_2_2_r2@pass1 owner=1_4_1_r7:fired f=(f*x)^(3/2)*sqrt(c*x^4+b*x^2+a)
    #7 d=4 dl=3 p0-mr_top fb=true seenlen=2 seen=exact@#6(idx1,live=yes) out=fall-through:seen-hit owner=1_2_2_2_r2:fired f=(f*x)^(3/2)*sqrt(c*x^4+b*x^2+a)
        matched elem=(f*x)^(3/2)*sqrt(c*x^4+b*x^2+a)

--- c1 g7 1 Algebraic functions/1.2 Trinomial products/1.2.2 Quartic/1.2.2.4 (f x)^m (d+e x^2)^q (a+b x^2+c x^4)^p.mac e205 (eq)
  [trace] class=deferred t=0.3s L264 returned=yes t=0.260004 calls=2 ratsimp-hits=1 exact-hits=0 unexited=0 misfire/fault-lines=0 top=1_2_2_4_r93
    fires=1_2_2_4_r93
    answer sha1=7b7194db3778 'integrate(e*x^2*sqrt(f*x)*sqrt(c*x^4+b*x^2+a)+d*sqrt(f*x)*sqrt(c*x^4+b*x^2+a),x)
    #1 d=1 dl=1 seenp fb=false seenlen=0 seen=- out=1_2_2_4_r93 owner=- f=sqrt(f*x)*(e*x^2+d)*sqrt(c*x^4+b*x^2+a)
    #2 d=2 dl=2 seenp fb=true seenlen=1 seen=ratsimp@#1(idx1,live=yes) out=fall-through:seen-hit owner=1_2_2_4_r93:fired f=e*x^2*sqrt(f*x)*sqrt(c*x^4+b*x^2+a)+d*sqrt(f*x)*sqrt(c*x^4+b*x^2+a)
        matched elem=sqrt(f*x)*(e*x^2+d)*sqrt(c*x^4+b*x^2+a)
  [exact-only] class=unverified t=2.1s L264 returned=yes t=1.658023 calls=7 ratsimp-hits=0 exact-hits=0 unexited=0 misfire/fault-lines=0 top=1_2_2_4_r93
    fires=1_1_2_4_r66,1_2_2_2_r35,1_4_1_r29,1_1_2_4_r66,1_2_2_2_r35,1_4_1_r7,1_2_2_4_r93
    answer sha1=18e51623a304 (2*AppellF1(7/4,-(1/2),-(1/2),11/4,-((2*c*x^2)/(sqrt(b^2-4*a*c)+b)),-((2*c*x^2)/(b-sqrt(b^2-4*a*c))))*e*(f*x)^(7/2)*sqrt(c*x^4+b*x^2+a))/(7*f^3*sqrt((2*c*x^2)/(...
    #1 d=1 dl=1 seenp fb=false seenlen=0 seen=- out=1_2_2_4_r93 owner=- f=sqrt(f*x)*(e*x^2+d)*sqrt(c*x^4+b*x^2+a)
    #2 d=2 dl=2 seenp fb=true seenlen=1 seen=- out=1_4_1_r7 owner=1_2_2_4_r93:fired f=e*x^2*sqrt(f*x)*sqrt(c*x^4+b*x^2+a)+d*sqrt(f*x)*sqrt(c*x^4+b*x^2+a)
    #3 d=3 dl=3 seenp fb=true seenlen=2 seen=- out=1_4_1_r29 owner=1_4_1_r7:fired f=x^2*sqrt(f*x)*sqrt(c*x^4+b*x^2+a)
    #4 d=4 dl=4 seenp fb=true seenlen=3 seen=- out=1_2_2_2_r35 owner=1_4_1_r29:fired f=(f*x)^(5/2)*sqrt(c*x^4+b*x^2+a)
    #5 d=5 dl=5 seenp fb=true seenlen=4 seen=- out=1_1_2_4_r66 owner=1_2_2_2_r35:fired f=(f*x)^(5/2)*sqrt((2*c*x^2)/(b-sqrt(b^2-4*a*c))+1)*sqrt((2*c*x^2)/(sqrt(b^2-4*a*c)+b)+1)
    #6 d=3 dl=3 seenp fb=true seenlen=2 seen=- out=1_2_2_2_r35 owner=1_4_1_r7:fired f=sqrt(f*x)*sqrt(c*x^4+b*x^2+a)
    #7 d=4 dl=4 seenp fb=true seenlen=3 seen=- out=1_1_2_4_r66 owner=1_2_2_2_r35:fired f=sqrt(f*x)*sqrt((2*c*x^2)/(b-sqrt(b^2-4*a*c))+1)*sqrt((2*c*x^2)/(sqrt(b^2-4*a*c)+b)+1)
  [p0] class=verified t=3.9s L264 returned=yes t=3.881052 calls=7 ratsimp-hits=0 exact-hits=2 unexited=0 misfire/fault-lines=0 top=1_2_2_6_r3@pass2
    fires=1_2_2_2_r2,1_1_2_3_r1,1_2_2_2_r2,1_4_1_r7,1_2_2_6_r3
    answer sha1=6c3db2943655 d*'integrate(sqrt(f*x)*sqrt(c*x^4+b*x^2+a),x)+(e*sqrt(f*x)*'integrate(x^(5/2)*sqrt(c*x^4+b*x^2+a),x))/sqrt(x)
    #1 d=1 dl=1 p0-mr_top fb=false seenlen=0 seen=- out=1_2_2_6_r3@pass2 owner=- f=sqrt(f*x)*(e*x^2+d)*sqrt(c*x^4+b*x^2+a)
    #2 d=2 dl=1 p0-mr_top fb=true seenlen=0 seen=- out=1_4_1_r7@pass1 owner=1_2_2_6_r3:fired f=e*x^2*sqrt(f*x)*sqrt(c*x^4+b*x^2+a)+d*sqrt(f*x)*sqrt(c*x^4+b*x^2+a)
    #3 d=3 dl=2 p0-mr_top fb=true seenlen=1 seen=- out=1_1_2_3_r1@pass1 owner=1_4_1_r7:fired f=x^2*sqrt(f*x)*sqrt(c*x^4+b*x^2+a)
    #4 d=4 dl=3 p0-mr_top fb=true seenlen=2 seen=- out=1_2_2_2_r2@pass1 owner=1_1_2_3_r1:fired f=x^(5/2)*sqrt(c*x^4+b*x^2+a)
    #5 d=5 dl=4 p0-mr_top fb=true seenlen=3 seen=exact@#4(idx1,live=yes) out=fall-through:seen-hit owner=1_2_2_2_r2:fired f=x^(5/2)*sqrt(c*x^4+b*x^2+a)
        matched elem=x^(5/2)*sqrt(c*x^4+b*x^2+a)
    #6 d=3 dl=2 p0-mr_top fb=true seenlen=1 seen=- out=1_2_2_2_r2@pass1 owner=1_4_1_r7:fired f=sqrt(f*x)*sqrt(c*x^4+b*x^2+a)
    #7 d=4 dl=3 p0-mr_top fb=true seenlen=2 seen=exact@#6(idx1,live=yes) out=fall-through:seen-hit owner=1_2_2_2_r2:fired f=sqrt(f*x)*sqrt(c*x^4+b*x^2+a)
        matched elem=sqrt(f*x)*sqrt(c*x^4+b*x^2+a)

--- c1 g7 1 Algebraic functions/1.2 Trinomial products/1.2.2 Quartic/1.2.2.4 (f x)^m (d+e x^2)^q (a+b x^2+c x^4)^p.mac e206 (eq)
  [trace] class=deferred t=0.3s L265 returned=yes t=0.255004 calls=2 ratsimp-hits=1 exact-hits=0 unexited=0 misfire/fault-lines=0 top=1_2_2_4_r93
    fires=1_2_2_4_r93
    answer sha1=7500ba82f122 'integrate((e*x^2*sqrt(c*x^4+b*x^2+a))/sqrt(f*x)+(d*sqrt(c*x^4+b*x^2+a))/sqrt(f*x),x)
    #1 d=1 dl=1 seenp fb=false seenlen=0 seen=- out=1_2_2_4_r93 owner=- f=((e*x^2+d)*sqrt(c*x^4+b*x^2+a))/sqrt(f*x)
    #2 d=2 dl=2 seenp fb=true seenlen=1 seen=ratsimp@#1(idx1,live=yes) out=fall-through:seen-hit owner=1_2_2_4_r93:fired f=(e*x^2*sqrt(c*x^4+b*x^2+a))/sqrt(f*x)+(d*sqrt(c*x^4+b*x^2+a))/sqrt(f*x)
        matched elem=((e*x^2+d)*sqrt(c*x^4+b*x^2+a))/sqrt(f*x)
  [exact-only] class=contains-noun t=3.6s L265 returned=yes t=3.583048 calls=5 ratsimp-hits=0 exact-hits=0 unexited=0 misfire/fault-lines=0 top=1_2_2_4_r93
    fires=1_2_2_6_r9,1_4_1_r18,1_2_2_6_r9,1_4_1_r7,1_2_2_4_r93
    answer sha1=d75fb35e0d3a 'unintegrable[(e*(f*x)^(3/2)*sqrt(c*x^4+b*x^2+a))/f^2,x]+'unintegrable[(d*sqrt(c*x^4+b*x^2+a))/sqrt(f*x),x]
    #1 d=1 dl=1 seenp fb=false seenlen=0 seen=- out=1_2_2_4_r93 owner=- f=((e*x^2+d)*sqrt(c*x^4+b*x^2+a))/sqrt(f*x)
    #2 d=2 dl=2 seenp fb=true seenlen=1 seen=- out=1_4_1_r7 owner=1_2_2_4_r93:fired f=(e*x^2*sqrt(c*x^4+b*x^2+a))/sqrt(f*x)+(d*sqrt(c*x^4+b*x^2+a))/sqrt(f*x)
    #3 d=3 dl=3 seenp fb=true seenlen=2 seen=- out=1_4_1_r18 owner=1_4_1_r7:fired f=(e*x^2*sqrt(c*x^4+b*x^2+a))/sqrt(f*x)
    #4 d=4 dl=4 seenp fb=true seenlen=3 seen=- out=1_2_2_6_r9 owner=1_4_1_r18:fired f=(e*(f*x)^(3/2)*sqrt(c*x^4+b*x^2+a))/f^2
    #5 d=3 dl=3 seenp fb=true seenlen=2 seen=- out=1_2_2_6_r9 owner=1_4_1_r7:fired f=(d*sqrt(c*x^4+b*x^2+a))/sqrt(f*x)
  [p0] class=verified t=12.9s L265 returned=yes t=12.896171 calls=8 ratsimp-hits=0 exact-hits=1 unexited=0 misfire/fault-lines=0 top=1_2_2_6_r3@pass2
    fires=1_3_3_r15,9_1_r13,1_4_1_r34,1_1_2_3_r1,1_4_1_r7,1_2_2_6_r3
    answer sha1=b2fa223ce10c d*'integrate(sqrt(c*x^4+b*x^2+a)/sqrt(f*x),x)+(2*e*sqrt(f*x)*'integrate(x^2*sqrt(c*x^4+b*x^2+a),sqrt(x)))/(f*sqrt(x))
    #1 d=1 dl=1 p0-mr_top fb=false seenlen=0 seen=- out=1_2_2_6_r3@pass2 owner=- f=((e*x^2+d)*sqrt(c*x^4+b*x^2+a))/sqrt(f*x)
    #2 d=2 dl=1 p0-mr_top fb=true seenlen=0 seen=- out=1_4_1_r7@pass1 owner=1_2_2_6_r3:fired f=(e*x^2*sqrt(c*x^4+b*x^2+a))/sqrt(f*x)+(d*sqrt(c*x^4+b*x^2+a))/sqrt(f*x)
    #3 d=3 dl=2 p0-mr_top fb=true seenlen=1 seen=- out=1_1_2_3_r1@pass1 owner=1_4_1_r7:fired f=(e*x^2*sqrt(c*x^4+b*x^2+a))/sqrt(f*x)
    #4 d=4 dl=3 p0-mr_top fb=true seenlen=2 seen=- out=1_4_1_r34@pass1 owner=1_1_2_3_r1:fired f=e*x^(3/2)*sqrt(c*x^4+b*x^2+a)
    #5 d=5 dl=4 p0-mr_top fb=true seenlen=3 seen=- out=9_1_r13@pass1 owner=1_4_1_r34:fired f=e*x^4*sqrt(c*x^8+b*x^4+a)
    #6 d=6 dl=4 p0-hybrid-alg fb=true seenlen=4 seen=- out=1_3_3_r15@pass3 owner=9_1_r13:fired f=x^4*sqrt(c*x^8+b*x^4+a)
    #7 d=7 dl=6 p0-mr_top fb=true seenlen=5 seen=exact@#6(idx1,live=yes) out=fall-through:seen-hit owner=1_3_3_r15:fired f=x^4*sqrt(c*x^8+b*x^4+a)
        matched elem=x^4*sqrt(c*x^8+b*x^4+a)
    #8 d=3 dl=2 p0-mr_top fb=true seenlen=1 seen=- out=fall-through:nofire owner=1_4_1_r7:fired f=(d*sqrt(c*x^4+b*x^2+a))/sqrt(f*x)

--- c1 g7 1 Algebraic functions/1.2 Trinomial products/1.2.2 Quartic/1.2.2.4 (f x)^m (d+e x^2)^q (a+b x^2+c x^4)^p.mac e207 (eq)
  [trace] class=deferred t=0.3s L266 returned=yes t=0.255003 calls=2 ratsimp-hits=1 exact-hits=0 unexited=0 misfire/fault-lines=0 top=1_2_2_4_r93
    fires=1_2_2_4_r93
    answer sha1=602685aa8325 'integrate((e*x^2*sqrt(c*x^4+b*x^2+a))/(f*x)^(3/2)+(d*sqrt(c*x^4+b*x^2+a))/(f*x)^(3/2),x)
    #1 d=1 dl=1 seenp fb=false seenlen=0 seen=- out=1_2_2_4_r93 owner=- f=((e*x^2+d)*sqrt(c*x^4+b*x^2+a))/(f*x)^(3/2)
    #2 d=2 dl=2 seenp fb=true seenlen=1 seen=ratsimp@#1(idx1,live=yes) out=fall-through:seen-hit owner=1_2_2_4_r93:fired f=(e*x^2*sqrt(c*x^4+b*x^2+a))/(f*x)^(3/2)+(d*sqrt(c*x^4+b*x^2+a))/(f*x)^(3/2)
        matched elem=((e*x^2+d)*sqrt(c*x^4+b*x^2+a))/(f*x)^(3/2)
  [exact-only] class=contains-noun t=3.5s L266 returned=yes t=3.526046 calls=5 ratsimp-hits=0 exact-hits=0 unexited=0 misfire/fault-lines=0 top=1_2_2_4_r93
    fires=1_2_2_6_r9,1_4_1_r18,1_2_2_6_r9,1_4_1_r7,1_2_2_4_r93
    answer sha1=2f405778c6d3 'unintegrable[(e*sqrt(f*x)*sqrt(c*x^4+b*x^2+a))/f^2,x]+'unintegrable[(d*sqrt(c*x^4+b*x^2+a))/(f*x)^(3/2),x]
    #1 d=1 dl=1 seenp fb=false seenlen=0 seen=- out=1_2_2_4_r93 owner=- f=((e*x^2+d)*sqrt(c*x^4+b*x^2+a))/(f*x)^(3/2)
    #2 d=2 dl=2 seenp fb=true seenlen=1 seen=- out=1_4_1_r7 owner=1_2_2_4_r93:fired f=(e*x^2*sqrt(c*x^4+b*x^2+a))/(f*x)^(3/2)+(d*sqrt(c*x^4+b*x^2+a))/(f*x)^(3/2)
    #3 d=3 dl=3 seenp fb=true seenlen=2 seen=- out=1_4_1_r18 owner=1_4_1_r7:fired f=(e*x^2*sqrt(c*x^4+b*x^2+a))/(f*x)^(3/2)
    #4 d=4 dl=4 seenp fb=true seenlen=3 seen=- out=1_2_2_6_r9 owner=1_4_1_r18:fired f=(e*sqrt(f*x)*sqrt(c*x^4+b*x^2+a))/f^2
    #5 d=3 dl=3 seenp fb=true seenlen=2 seen=- out=1_2_2_6_r9 owner=1_4_1_r7:fired f=(d*sqrt(c*x^4+b*x^2+a))/(f*x)^(3/2)
  [p0] class=verified t=12.4s L266 returned=yes t=12.428165 calls=8 ratsimp-hits=0 exact-hits=1 unexited=0 misfire/fault-lines=0 top=1_2_2_6_r3@pass2
    fires=1_3_3_r15,9_1_r13,1_4_1_r34,1_1_2_3_r1,1_4_1_r7,1_2_2_6_r3
    answer sha1=13a332fcfe89 d*'integrate(sqrt(c*x^4+b*x^2+a)/(f*x)^(3/2),x)+(2*e*sqrt(f*x)*'integrate(x*sqrt(c*x^4+b*x^2+a),sqrt(x)))/(f^2*sqrt(x))
    #1 d=1 dl=1 p0-mr_top fb=false seenlen=0 seen=- out=1_2_2_6_r3@pass2 owner=- f=((e*x^2+d)*sqrt(c*x^4+b*x^2+a))/(f*x)^(3/2)
    #2 d=2 dl=1 p0-mr_top fb=true seenlen=0 seen=- out=1_4_1_r7@pass1 owner=1_2_2_6_r3:fired f=(e*x^2*sqrt(c*x^4+b*x^2+a))/(f*x)^(3/2)+(d*sqrt(c*x^4+b*x^2+a))/(f*x)^(3/2)
    #3 d=3 dl=2 p0-mr_top fb=true seenlen=1 seen=- out=1_1_2_3_r1@pass1 owner=1_4_1_r7:fired f=(e*x^2*sqrt(c*x^4+b*x^2+a))/(f*x)^(3/2)
    #4 d=4 dl=3 p0-mr_top fb=true seenlen=2 seen=- out=1_4_1_r34@pass1 owner=1_1_2_3_r1:fired f=e*sqrt(x)*sqrt(c*x^4+b*x^2+a)
    #5 d=5 dl=4 p0-mr_top fb=true seenlen=3 seen=- out=9_1_r13@pass1 owner=1_4_1_r34:fired f=e*x^2*sqrt(c*x^8+b*x^4+a)
    #6 d=6 dl=4 p0-hybrid-alg fb=true seenlen=4 seen=- out=1_3_3_r15@pass3 owner=9_1_r13:fired f=x^2*sqrt(c*x^8+b*x^4+a)
    #7 d=7 dl=6 p0-mr_top fb=true seenlen=5 seen=exact@#6(idx1,live=yes) out=fall-through:seen-hit owner=1_3_3_r15:fired f=x^2*sqrt(c*x^8+b*x^4+a)
        matched elem=x^2*sqrt(c*x^8+b*x^4+a)
    #8 d=3 dl=2 p0-mr_top fb=true seenlen=1 seen=- out=fall-through:nofire owner=1_4_1_r7:fired f=(d*sqrt(c*x^4+b*x^2+a))/(f*x)^(3/2)

--- c1 g7 1 Algebraic functions/1.2 Trinomial products/1.2.2 Quartic/1.2.2.4 (f x)^m (d+e x^2)^q (a+b x^2+c x^4)^p.mac e208 (eq)
  [trace] class=deferred t=0.3s L267 returned=yes t=0.247004 calls=2 ratsimp-hits=1 exact-hits=0 unexited=0 misfire/fault-lines=0 top=1_2_2_4_r93
    fires=1_2_2_4_r93
    answer sha1=38e7be15bb95 'integrate(e*x^2*(f*x)^(3/2)*(c*x^4+b*x^2+a)^(3/2)+d*(f*x)^(3/2)*(c*x^4+b*x^2+a)^(3/2),x)
    #1 d=1 dl=1 seenp fb=false seenlen=0 seen=- out=1_2_2_4_r93 owner=- f=(f*x)^(3/2)*(e*x^2+d)*(c*x^4+b*x^2+a)^(3/2)
    #2 d=2 dl=2 seenp fb=true seenlen=1 seen=ratsimp@#1(idx1,live=yes) out=fall-through:seen-hit owner=1_2_2_4_r93:fired f=e*x^2*(f*x)^(3/2)*(c*x^4+b*x^2+a)^(3/2)+d*(f*x)^(3/2)*(c*x^4+b*x^2+a)^(3/2)
        matched elem=(f*x)^(3/2)*(e*x^2+d)*(c*x^4+b*x^2+a)^(3/2)
  [exact-only] class=unverified t=2.1s L267 returned=yes t=1.701023 calls=7 ratsimp-hits=0 exact-hits=0 unexited=0 misfire/fault-lines=0 top=1_2_2_4_r93
    fires=1_1_2_4_r66,1_2_2_2_r35,1_4_1_r29,1_1_2_4_r66,1_2_2_2_r35,1_4_1_r7,1_2_2_4_r93
    answer sha1=575c3f6ec09b (2*AppellF1(9/4,-(3/2),-(3/2),13/4,-((2*c*x^2)/(sqrt(b^2-4*a*c)+b)),-((2*c*x^2)/(b-sqrt(b^2-4*a*c))))*a*e*(f*x)^(9/2)*sqrt(c*x^4+b*x^2+a))/(9*f^3*sqrt((2*c*x^2)...
    #1 d=1 dl=1 seenp fb=false seenlen=0 seen=- out=1_2_2_4_r93 owner=- f=(f*x)^(3/2)*(e*x^2+d)*(c*x^4+b*x^2+a)^(3/2)
    #2 d=2 dl=2 seenp fb=true seenlen=1 seen=- out=1_4_1_r7 owner=1_2_2_4_r93:fired f=e*x^2*(f*x)^(3/2)*(c*x^4+b*x^2+a)^(3/2)+d*(f*x)^(3/2)*(c*x^4+b*x^2+a)^(3/2)
    #3 d=3 dl=3 seenp fb=true seenlen=2 seen=- out=1_4_1_r29 owner=1_4_1_r7:fired f=x^2*(f*x)^(3/2)*(c*x^4+b*x^2+a)^(3/2)
    #4 d=4 dl=4 seenp fb=true seenlen=3 seen=- out=1_2_2_2_r35 owner=1_4_1_r29:fired f=(f*x)^(7/2)*(c*x^4+b*x^2+a)^(3/2)
    #5 d=5 dl=5 seenp fb=true seenlen=4 seen=- out=1_1_2_4_r66 owner=1_2_2_2_r35:fired f=(f*x)^(7/2)*((2*c*x^2)/(b-sqrt(b^2-4*a*c))+1)^(3/2)*((2*c*x^2)/(sqrt(b^2-4*a*c)+b)+1)^(3/2)
    #6 d=3 dl=3 seenp fb=true seenlen=2 seen=- out=1_2_2_2_r35 owner=1_4_1_r7:fired f=(f*x)^(3/2)*(c*x^4+b*x^2+a)^(3/2)
    #7 d=4 dl=4 seenp fb=true seenlen=3 seen=- out=1_1_2_4_r66 owner=1_2_2_2_r35:fired f=(f*x)^(3/2)*((2*c*x^2)/(b-sqrt(b^2-4*a*c))+1)^(3/2)*((2*c*x^2)/(sqrt(b^2-4*a*c)+b)+1)^(3/2)
  [p0] class=verified t=3.9s L267 returned=yes t=3.866052 calls=7 ratsimp-hits=0 exact-hits=2 unexited=0 misfire/fault-lines=0 top=1_2_2_6_r3@pass2
    fires=1_2_2_2_r2,1_1_2_3_r1,1_2_2_2_r2,1_4_1_r7,1_2_2_6_r3
    answer sha1=fc899732e0c6 d*'integrate((f*x)^(3/2)*(c*x^4+b*x^2+a)^(3/2),x)+(e*f*sqrt(f*x)*'integrate(x^(7/2)*(c*x^4+b*x^2+a)^(3/2),x))/sqrt(x)
    #1 d=1 dl=1 p0-mr_top fb=false seenlen=0 seen=- out=1_2_2_6_r3@pass2 owner=- f=(f*x)^(3/2)*(e*x^2+d)*(c*x^4+b*x^2+a)^(3/2)
    #2 d=2 dl=1 p0-mr_top fb=true seenlen=0 seen=- out=1_4_1_r7@pass1 owner=1_2_2_6_r3:fired f=e*x^2*(f*x)^(3/2)*(c*x^4+b*x^2+a)^(3/2)+d*(f*x)^(3/2)*(c*x^4+b*x^2+a)^(3/2)
    #3 d=3 dl=2 p0-mr_top fb=true seenlen=1 seen=- out=1_1_2_3_r1@pass1 owner=1_4_1_r7:fired f=x^2*(f*x)^(3/2)*(c*x^4+b*x^2+a)^(3/2)
    #4 d=4 dl=3 p0-mr_top fb=true seenlen=2 seen=- out=1_2_2_2_r2@pass1 owner=1_1_2_3_r1:fired f=x^(7/2)*(c*x^4+b*x^2+a)^(3/2)
    #5 d=5 dl=4 p0-mr_top fb=true seenlen=3 seen=exact@#4(idx1,live=yes) out=fall-through:seen-hit owner=1_2_2_2_r2:fired f=x^(7/2)*(c*x^4+b*x^2+a)^(3/2)
        matched elem=x^(7/2)*(c*x^4+b*x^2+a)^(3/2)
    #6 d=3 dl=2 p0-mr_top fb=true seenlen=1 seen=- out=1_2_2_2_r2@pass1 owner=1_4_1_r7:fired f=(f*x)^(3/2)*(c*x^4+b*x^2+a)^(3/2)
    #7 d=4 dl=3 p0-mr_top fb=true seenlen=2 seen=exact@#6(idx1,live=yes) out=fall-through:seen-hit owner=1_2_2_2_r2:fired f=(f*x)^(3/2)*(c*x^4+b*x^2+a)^(3/2)
        matched elem=(f*x)^(3/2)*(c*x^4+b*x^2+a)^(3/2)

--- c1 g7 1 Algebraic functions/1.2 Trinomial products/1.2.2 Quartic/1.2.2.4 (f x)^m (d+e x^2)^q (a+b x^2+c x^4)^p.mac e209 (eq)
  [trace] class=deferred t=0.3s L268 returned=yes t=0.248003 calls=2 ratsimp-hits=1 exact-hits=0 unexited=0 misfire/fault-lines=0 top=1_2_2_4_r93
    fires=1_2_2_4_r93
    answer sha1=3fca470789f3 'integrate(e*x^2*sqrt(f*x)*(c*x^4+b*x^2+a)^(3/2)+d*sqrt(f*x)*(c*x^4+b*x^2+a)^(3/2),x)
    #1 d=1 dl=1 seenp fb=false seenlen=0 seen=- out=1_2_2_4_r93 owner=- f=sqrt(f*x)*(e*x^2+d)*(c*x^4+b*x^2+a)^(3/2)
    #2 d=2 dl=2 seenp fb=true seenlen=1 seen=ratsimp@#1(idx1,live=yes) out=fall-through:seen-hit owner=1_2_2_4_r93:fired f=e*x^2*sqrt(f*x)*(c*x^4+b*x^2+a)^(3/2)+d*sqrt(f*x)*(c*x^4+b*x^2+a)^(3/2)
        matched elem=sqrt(f*x)*(e*x^2+d)*(c*x^4+b*x^2+a)^(3/2)
  [exact-only] class=unverified t=2.1s L268 returned=yes t=1.673023 calls=7 ratsimp-hits=0 exact-hits=0 unexited=0 misfire/fault-lines=0 top=1_2_2_4_r93
    fires=1_1_2_4_r66,1_2_2_2_r35,1_4_1_r29,1_1_2_4_r66,1_2_2_2_r35,1_4_1_r7,1_2_2_4_r93
    answer sha1=b8ad485b0aa5 (2*AppellF1(7/4,-(3/2),-(3/2),11/4,-((2*c*x^2)/(sqrt(b^2-4*a*c)+b)),-((2*c*x^2)/(b-sqrt(b^2-4*a*c))))*a*e*(f*x)^(7/2)*sqrt(c*x^4+b*x^2+a))/(7*f^3*sqrt((2*c*x^2)...
    #1 d=1 dl=1 seenp fb=false seenlen=0 seen=- out=1_2_2_4_r93 owner=- f=sqrt(f*x)*(e*x^2+d)*(c*x^4+b*x^2+a)^(3/2)
    #2 d=2 dl=2 seenp fb=true seenlen=1 seen=- out=1_4_1_r7 owner=1_2_2_4_r93:fired f=e*x^2*sqrt(f*x)*(c*x^4+b*x^2+a)^(3/2)+d*sqrt(f*x)*(c*x^4+b*x^2+a)^(3/2)
    #3 d=3 dl=3 seenp fb=true seenlen=2 seen=- out=1_4_1_r29 owner=1_4_1_r7:fired f=x^2*sqrt(f*x)*(c*x^4+b*x^2+a)^(3/2)
    #4 d=4 dl=4 seenp fb=true seenlen=3 seen=- out=1_2_2_2_r35 owner=1_4_1_r29:fired f=(f*x)^(5/2)*(c*x^4+b*x^2+a)^(3/2)
    #5 d=5 dl=5 seenp fb=true seenlen=4 seen=- out=1_1_2_4_r66 owner=1_2_2_2_r35:fired f=(f*x)^(5/2)*((2*c*x^2)/(b-sqrt(b^2-4*a*c))+1)^(3/2)*((2*c*x^2)/(sqrt(b^2-4*a*c)+b)+1)^(3/2)
    #6 d=3 dl=3 seenp fb=true seenlen=2 seen=- out=1_2_2_2_r35 owner=1_4_1_r7:fired f=sqrt(f*x)*(c*x^4+b*x^2+a)^(3/2)
    #7 d=4 dl=4 seenp fb=true seenlen=3 seen=- out=1_1_2_4_r66 owner=1_2_2_2_r35:fired f=sqrt(f*x)*((2*c*x^2)/(b-sqrt(b^2-4*a*c))+1)^(3/2)*((2*c*x^2)/(sqrt(b^2-4*a*c)+b)+1)^(3/2)
  [p0] class=verified t=4.0s L268 returned=yes t=3.953053 calls=7 ratsimp-hits=0 exact-hits=2 unexited=0 misfire/fault-lines=0 top=1_2_2_6_r3@pass2
    fires=1_2_2_2_r2,1_1_2_3_r1,1_2_2_2_r2,1_4_1_r7,1_2_2_6_r3
    answer sha1=2dc51981aa20 d*'integrate(sqrt(f*x)*(c*x^4+b*x^2+a)^(3/2),x)+(e*sqrt(f*x)*'integrate(x^(5/2)*(c*x^4+b*x^2+a)^(3/2),x))/sqrt(x)
    #1 d=1 dl=1 p0-mr_top fb=false seenlen=0 seen=- out=1_2_2_6_r3@pass2 owner=- f=sqrt(f*x)*(e*x^2+d)*(c*x^4+b*x^2+a)^(3/2)
    #2 d=2 dl=1 p0-mr_top fb=true seenlen=0 seen=- out=1_4_1_r7@pass1 owner=1_2_2_6_r3:fired f=e*x^2*sqrt(f*x)*(c*x^4+b*x^2+a)^(3/2)+d*sqrt(f*x)*(c*x^4+b*x^2+a)^(3/2)
    #3 d=3 dl=2 p0-mr_top fb=true seenlen=1 seen=- out=1_1_2_3_r1@pass1 owner=1_4_1_r7:fired f=x^2*sqrt(f*x)*(c*x^4+b*x^2+a)^(3/2)
    #4 d=4 dl=3 p0-mr_top fb=true seenlen=2 seen=- out=1_2_2_2_r2@pass1 owner=1_1_2_3_r1:fired f=x^(5/2)*(c*x^4+b*x^2+a)^(3/2)
    #5 d=5 dl=4 p0-mr_top fb=true seenlen=3 seen=exact@#4(idx1,live=yes) out=fall-through:seen-hit owner=1_2_2_2_r2:fired f=x^(5/2)*(c*x^4+b*x^2+a)^(3/2)
        matched elem=x^(5/2)*(c*x^4+b*x^2+a)^(3/2)
    #6 d=3 dl=2 p0-mr_top fb=true seenlen=1 seen=- out=1_2_2_2_r2@pass1 owner=1_4_1_r7:fired f=sqrt(f*x)*(c*x^4+b*x^2+a)^(3/2)
    #7 d=4 dl=3 p0-mr_top fb=true seenlen=2 seen=exact@#6(idx1,live=yes) out=fall-through:seen-hit owner=1_2_2_2_r2:fired f=sqrt(f*x)*(c*x^4+b*x^2+a)^(3/2)
        matched elem=sqrt(f*x)*(c*x^4+b*x^2+a)^(3/2)

--- c1 g7 1 Algebraic functions/1.2 Trinomial products/1.2.2 Quartic/1.2.2.4 (f x)^m (d+e x^2)^q (a+b x^2+c x^4)^p.mac e210 (eq)
  [trace] class=deferred t=0.3s L269 returned=yes t=0.247003 calls=2 ratsimp-hits=1 exact-hits=0 unexited=0 misfire/fault-lines=0 top=1_2_2_4_r93
    fires=1_2_2_4_r93
    answer sha1=6bddef87430f 'integrate((e*x^2*(c*x^4+b*x^2+a)^(3/2))/sqrt(f*x)+(d*(c*x^4+b*x^2+a)^(3/2))/sqrt(f*x),x)
    #1 d=1 dl=1 seenp fb=false seenlen=0 seen=- out=1_2_2_4_r93 owner=- f=((e*x^2+d)*(c*x^4+b*x^2+a)^(3/2))/sqrt(f*x)
    #2 d=2 dl=2 seenp fb=true seenlen=1 seen=ratsimp@#1(idx1,live=yes) out=fall-through:seen-hit owner=1_2_2_4_r93:fired f=(e*x^2*(c*x^4+b*x^2+a)^(3/2))/sqrt(f*x)+(d*(c*x^4+b*x^2+a)^(3/2))/sqrt(f*x)
        matched elem=((e*x^2+d)*(c*x^4+b*x^2+a)^(3/2))/sqrt(f*x)
  [exact-only] class=contains-noun t=3.7s L269 returned=yes t=3.647049 calls=5 ratsimp-hits=0 exact-hits=0 unexited=0 misfire/fault-lines=0 top=1_2_2_4_r93
    fires=1_2_2_6_r9,1_4_1_r18,1_2_2_6_r9,1_4_1_r7,1_2_2_4_r93
    answer sha1=ae1a79800b0d 'unintegrable[(e*(f*x)^(3/2)*(c*x^4+b*x^2+a)^(3/2))/f^2,x]+'unintegrable[(d*(c*x^4+b*x^2+a)^(3/2))/sqrt(f*x),x]
    #1 d=1 dl=1 seenp fb=false seenlen=0 seen=- out=1_2_2_4_r93 owner=- f=((e*x^2+d)*(c*x^4+b*x^2+a)^(3/2))/sqrt(f*x)
    #2 d=2 dl=2 seenp fb=true seenlen=1 seen=- out=1_4_1_r7 owner=1_2_2_4_r93:fired f=(e*x^2*(c*x^4+b*x^2+a)^(3/2))/sqrt(f*x)+(d*(c*x^4+b*x^2+a)^(3/2))/sqrt(f*x)
    #3 d=3 dl=3 seenp fb=true seenlen=2 seen=- out=1_4_1_r18 owner=1_4_1_r7:fired f=(e*x^2*(c*x^4+b*x^2+a)^(3/2))/sqrt(f*x)
    #4 d=4 dl=4 seenp fb=true seenlen=3 seen=- out=1_2_2_6_r9 owner=1_4_1_r18:fired f=(e*(f*x)^(3/2)*(c*x^4+b*x^2+a)^(3/2))/f^2
    #5 d=3 dl=3 seenp fb=true seenlen=2 seen=- out=1_2_2_6_r9 owner=1_4_1_r7:fired f=(d*(c*x^4+b*x^2+a)^(3/2))/sqrt(f*x)
  [p0] class=verified t=13.3s L269 returned=yes t=13.268177 calls=8 ratsimp-hits=0 exact-hits=1 unexited=0 misfire/fault-lines=0 top=1_2_2_6_r3@pass2
    fires=1_3_3_r15,9_1_r13,1_4_1_r34,1_1_2_3_r1,1_4_1_r7,1_2_2_6_r3
    answer sha1=0da3dc63b2c5 d*'integrate((c*x^4+b*x^2+a)^(3/2)/sqrt(f*x),x)+(2*e*sqrt(f*x)*'integrate(x^2*(c*x^4+b*x^2+a)^(3/2),sqrt(x)))/(f*sqrt(x))
    #1 d=1 dl=1 p0-mr_top fb=false seenlen=0 seen=- out=1_2_2_6_r3@pass2 owner=- f=((e*x^2+d)*(c*x^4+b*x^2+a)^(3/2))/sqrt(f*x)
    #2 d=2 dl=1 p0-mr_top fb=true seenlen=0 seen=- out=1_4_1_r7@pass1 owner=1_2_2_6_r3:fired f=(e*x^2*(c*x^4+b*x^2+a)^(3/2))/sqrt(f*x)+(d*(c*x^4+b*x^2+a)^(3/2))/sqrt(f*x)
    #3 d=3 dl=2 p0-mr_top fb=true seenlen=1 seen=- out=1_1_2_3_r1@pass1 owner=1_4_1_r7:fired f=(e*x^2*(c*x^4+b*x^2+a)^(3/2))/sqrt(f*x)
    #4 d=4 dl=3 p0-mr_top fb=true seenlen=2 seen=- out=1_4_1_r34@pass1 owner=1_1_2_3_r1:fired f=e*x^(3/2)*(c*x^4+b*x^2+a)^(3/2)
    #5 d=5 dl=4 p0-mr_top fb=true seenlen=3 seen=- out=9_1_r13@pass1 owner=1_4_1_r34:fired f=e*x^4*(c*x^8+b*x^4+a)^(3/2)
    #6 d=6 dl=4 p0-hybrid-alg fb=true seenlen=4 seen=- out=1_3_3_r15@pass3 owner=9_1_r13:fired f=x^4*(c*x^8+b*x^4+a)^(3/2)
    #7 d=7 dl=6 p0-mr_top fb=true seenlen=5 seen=exact@#6(idx1,live=yes) out=fall-through:seen-hit owner=1_3_3_r15:fired f=x^4*(c*x^8+b*x^4+a)^(3/2)
        matched elem=x^4*(c*x^8+b*x^4+a)^(3/2)
    #8 d=3 dl=2 p0-mr_top fb=true seenlen=1 seen=- out=fall-through:nofire owner=1_4_1_r7:fired f=(d*(c*x^4+b*x^2+a)^(3/2))/sqrt(f*x)

--- c1 g7 1 Algebraic functions/1.2 Trinomial products/1.2.2 Quartic/1.2.2.4 (f x)^m (d+e x^2)^q (a+b x^2+c x^4)^p.mac e211 (eq)
  [trace] class=deferred t=0.3s L270 returned=yes t=0.256003 calls=2 ratsimp-hits=1 exact-hits=0 unexited=0 misfire/fault-lines=0 top=1_2_2_4_r93
    fires=1_2_2_4_r93
    answer sha1=69da7a0185f3 'integrate((e*x^2*(c*x^4+b*x^2+a)^(3/2))/(f*x)^(3/2)+(d*(c*x^4+b*x^2+a)^(3/2))/(f*x)^(3/2),x)
    #1 d=1 dl=1 seenp fb=false seenlen=0 seen=- out=1_2_2_4_r93 owner=- f=((e*x^2+d)*(c*x^4+b*x^2+a)^(3/2))/(f*x)^(3/2)
    #2 d=2 dl=2 seenp fb=true seenlen=1 seen=ratsimp@#1(idx1,live=yes) out=fall-through:seen-hit owner=1_2_2_4_r93:fired f=(e*x^2*(c*x^4+b*x^2+a)^(3/2))/(f*x)^(3/2)+(d*(c*x^4+b*x^2+a)^(3/2))/(f*x)^(3/2)
        matched elem=((e*x^2+d)*(c*x^4+b*x^2+a)^(3/2))/(f*x)^(3/2)
  [exact-only] class=contains-noun t=3.7s L270 returned=yes t=3.653048 calls=5 ratsimp-hits=0 exact-hits=0 unexited=0 misfire/fault-lines=0 top=1_2_2_4_r93
    fires=1_2_2_6_r9,1_4_1_r18,1_2_2_6_r9,1_4_1_r7,1_2_2_4_r93
    answer sha1=ce3658886ade 'unintegrable[(e*sqrt(f*x)*(c*x^4+b*x^2+a)^(3/2))/f^2,x]+'unintegrable[(d*(c*x^4+b*x^2+a)^(3/2))/(f*x)^(3/2),x]
    #1 d=1 dl=1 seenp fb=false seenlen=0 seen=- out=1_2_2_4_r93 owner=- f=((e*x^2+d)*(c*x^4+b*x^2+a)^(3/2))/(f*x)^(3/2)
    #2 d=2 dl=2 seenp fb=true seenlen=1 seen=- out=1_4_1_r7 owner=1_2_2_4_r93:fired f=(e*x^2*(c*x^4+b*x^2+a)^(3/2))/(f*x)^(3/2)+(d*(c*x^4+b*x^2+a)^(3/2))/(f*x)^(3/2)
    #3 d=3 dl=3 seenp fb=true seenlen=2 seen=- out=1_4_1_r18 owner=1_4_1_r7:fired f=(e*x^2*(c*x^4+b*x^2+a)^(3/2))/(f*x)^(3/2)
    #4 d=4 dl=4 seenp fb=true seenlen=3 seen=- out=1_2_2_6_r9 owner=1_4_1_r18:fired f=(e*sqrt(f*x)*(c*x^4+b*x^2+a)^(3/2))/f^2
    #5 d=3 dl=3 seenp fb=true seenlen=2 seen=- out=1_2_2_6_r9 owner=1_4_1_r7:fired f=(d*(c*x^4+b*x^2+a)^(3/2))/(f*x)^(3/2)
  [p0] class=verified t=12.5s L270 returned=yes t=12.511167 calls=8 ratsimp-hits=0 exact-hits=1 unexited=0 misfire/fault-lines=0 top=1_2_2_6_r3@pass2
    fires=1_3_3_r15,9_1_r13,1_4_1_r34,1_1_2_3_r1,1_4_1_r7,1_2_2_6_r3
    answer sha1=e53837d8d898 d*'integrate((c*x^4+b*x^2+a)^(3/2)/(f*x)^(3/2),x)+(2*e*sqrt(f*x)*'integrate(x*(c*x^4+b*x^2+a)^(3/2),sqrt(x)))/(f^2*sqrt(x))
    #1 d=1 dl=1 p0-mr_top fb=false seenlen=0 seen=- out=1_2_2_6_r3@pass2 owner=- f=((e*x^2+d)*(c*x^4+b*x^2+a)^(3/2))/(f*x)^(3/2)
    #2 d=2 dl=1 p0-mr_top fb=true seenlen=0 seen=- out=1_4_1_r7@pass1 owner=1_2_2_6_r3:fired f=(e*x^2*(c*x^4+b*x^2+a)^(3/2))/(f*x)^(3/2)+(d*(c*x^4+b*x^2+a)^(3/2))/(f*x)^(3/2)
    #3 d=3 dl=2 p0-mr_top fb=true seenlen=1 seen=- out=1_1_2_3_r1@pass1 owner=1_4_1_r7:fired f=(e*x^2*(c*x^4+b*x^2+a)^(3/2))/(f*x)^(3/2)
    #4 d=4 dl=3 p0-mr_top fb=true seenlen=2 seen=- out=1_4_1_r34@pass1 owner=1_1_2_3_r1:fired f=e*sqrt(x)*(c*x^4+b*x^2+a)^(3/2)
    #5 d=5 dl=4 p0-mr_top fb=true seenlen=3 seen=- out=9_1_r13@pass1 owner=1_4_1_r34:fired f=e*x^2*(c*x^8+b*x^4+a)^(3/2)
    #6 d=6 dl=4 p0-hybrid-alg fb=true seenlen=4 seen=- out=1_3_3_r15@pass3 owner=9_1_r13:fired f=x^2*(c*x^8+b*x^4+a)^(3/2)
    #7 d=7 dl=6 p0-mr_top fb=true seenlen=5 seen=exact@#6(idx1,live=yes) out=fall-through:seen-hit owner=1_3_3_r15:fired f=x^2*(c*x^8+b*x^4+a)^(3/2)
        matched elem=x^2*(c*x^8+b*x^4+a)^(3/2)
    #8 d=3 dl=2 p0-mr_top fb=true seenlen=1 seen=- out=fall-through:nofire owner=1_4_1_r7:fired f=(d*(c*x^4+b*x^2+a)^(3/2))/(f*x)^(3/2)

--- c1 g7 1 Algebraic functions/1.2 Trinomial products/1.2.2 Quartic/1.2.2.4 (f x)^m (d+e x^2)^q (a+b x^2+c x^4)^p.mac e212 (eq)
  [trace] class=deferred t=0.3s L273 returned=yes t=0.249003 calls=2 ratsimp-hits=1 exact-hits=0 unexited=0 misfire/fault-lines=0 top=1_2_2_4_r93
    fires=1_2_2_4_r93
    answer sha1=9ea0e9ef679e 'integrate((e*x^2*(f*x)^(3/2))/sqrt(c*x^4+b*x^2+a)+(d*(f*x)^(3/2))/sqrt(c*x^4+b*x^2+a),x)
    #1 d=1 dl=1 seenp fb=false seenlen=0 seen=- out=1_2_2_4_r93 owner=- f=((f*x)^(3/2)*(e*x^2+d))/sqrt(c*x^4+b*x^2+a)
    #2 d=2 dl=2 seenp fb=true seenlen=1 seen=ratsimp@#1(idx1,live=yes) out=fall-through:seen-hit owner=1_2_2_4_r93:fired f=(e*x^2*(f*x)^(3/2))/sqrt(c*x^4+b*x^2+a)+(d*(f*x)^(3/2))/sqrt(c*x^4+b*x^2+a)
        matched elem=((f*x)^(3/2)*(e*x^2+d))/sqrt(c*x^4+b*x^2+a)
  [exact-only] class=contains-noun t=2.4s L273 returned=yes t=2.432032 calls=5 ratsimp-hits=0 exact-hits=0 unexited=0 misfire/fault-lines=0 top=1_2_2_4_r93
    fires=1_2_2_6_r9,1_4_1_r29,1_2_2_6_r9,1_4_1_r7,1_2_2_4_r93
    answer sha1=07479d463c49 'unintegrable[(e*(f*x)^(7/2))/sqrt(c*x^4+b*x^2+a),x]/f^2+'unintegrable[(d*(f*x)^(3/2))/sqrt(c*x^4+b*x^2+a),x]
    #1 d=1 dl=1 seenp fb=false seenlen=0 seen=- out=1_2_2_4_r93 owner=- f=((f*x)^(3/2)*(e*x^2+d))/sqrt(c*x^4+b*x^2+a)
    #2 d=2 dl=2 seenp fb=true seenlen=1 seen=- out=1_4_1_r7 owner=1_2_2_4_r93:fired f=(e*x^2*(f*x)^(3/2))/sqrt(c*x^4+b*x^2+a)+(d*(f*x)^(3/2))/sqrt(c*x^4+b*x^2+a)
    #3 d=3 dl=3 seenp fb=true seenlen=2 seen=- out=1_4_1_r29 owner=1_4_1_r7:fired f=(e*x^2*(f*x)^(3/2))/sqrt(c*x^4+b*x^2+a)
    #4 d=4 dl=4 seenp fb=true seenlen=3 seen=- out=1_2_2_6_r9 owner=1_4_1_r29:fired f=(e*(f*x)^(7/2))/sqrt(c*x^4+b*x^2+a)
    #5 d=3 dl=3 seenp fb=true seenlen=2 seen=- out=1_2_2_6_r9 owner=1_4_1_r7:fired f=(d*(f*x)^(3/2))/sqrt(c*x^4+b*x^2+a)
  [p0] class=verified t=6.1s L273 returned=yes t=6.106081 calls=7 ratsimp-hits=0 exact-hits=1 unexited=0 misfire/fault-lines=0 top=1_2_2_6_r3@pass2
    fires=1_4_1_r34,1_1_2_3_r1,1_2_2_6_r3,1_4_1_r7,1_2_2_6_r3
    answer sha1=53c02e576947 d*'integrate((f*x)^(3/2)/sqrt(c*x^4+b*x^2+a),x)+(2*e*f*sqrt(f*x)*'integrate(x^4/sqrt(c*x^4+b*x^2+a),sqrt(x)))/sqrt(x)
    #1 d=1 dl=1 p0-mr_top fb=false seenlen=0 seen=- out=1_2_2_6_r3@pass2 owner=- f=((f*x)^(3/2)*(e*x^2+d))/sqrt(c*x^4+b*x^2+a)
    #2 d=2 dl=1 p0-mr_top fb=true seenlen=0 seen=- out=1_4_1_r7@pass1 owner=1_2_2_6_r3:fired f=(e*x^2*(f*x)^(3/2))/sqrt(c*x^4+b*x^2+a)+(d*(f*x)^(3/2))/sqrt(c*x^4+b*x^2+a)
    #3 d=3 dl=2 p0-mr_top fb=true seenlen=1 seen=- out=1_1_2_3_r1@pass1 owner=1_4_1_r7:fired f=(e*x^2*(f*x)^(3/2))/sqrt(c*x^4+b*x^2+a)
    #4 d=4 dl=3 p0-mr_top fb=true seenlen=2 seen=- out=1_4_1_r34@pass1 owner=1_1_2_3_r1:fired f=(e*x^(7/2))/sqrt(c*x^4+b*x^2+a)
    #5 d=5 dl=4 p0-mr_top fb=true seenlen=3 seen=- out=fall-through:nofire owner=1_4_1_r34:fired f=(e*x^8)/sqrt(c*x^8+b*x^4+a)
    #6 d=3 dl=2 p0-mr_top fb=true seenlen=1 seen=- out=1_2_2_6_r3@pass1 owner=1_4_1_r7:fired f=(d*(f*x)^(3/2))/sqrt(c*x^4+b*x^2+a)
    #7 d=4 dl=3 p0-mr_top fb=true seenlen=2 seen=exact@#6(idx1,live=yes) out=fall-through:seen-hit owner=1_2_2_6_r3:fired f=(d*(f*x)^(3/2))/sqrt(c*x^4+b*x^2+a)
        matched elem=(d*(f*x)^(3/2))/sqrt(c*x^4+b*x^2+a)

--- c1 g7 1 Algebraic functions/1.2 Trinomial products/1.2.2 Quartic/1.2.2.4 (f x)^m (d+e x^2)^q (a+b x^2+c x^4)^p.mac e213 (eq)
  [trace] class=deferred t=0.3s L274 returned=yes t=0.250003 calls=2 ratsimp-hits=1 exact-hits=0 unexited=0 misfire/fault-lines=0 top=1_2_2_4_r93
    fires=1_2_2_4_r93
    answer sha1=dc07e87889db 'integrate((e*x^2*sqrt(f*x))/sqrt(c*x^4+b*x^2+a)+(d*sqrt(f*x))/sqrt(c*x^4+b*x^2+a),x)
    #1 d=1 dl=1 seenp fb=false seenlen=0 seen=- out=1_2_2_4_r93 owner=- f=(sqrt(f*x)*(e*x^2+d))/sqrt(c*x^4+b*x^2+a)
    #2 d=2 dl=2 seenp fb=true seenlen=1 seen=ratsimp@#1(idx1,live=yes) out=fall-through:seen-hit owner=1_2_2_4_r93:fired f=(e*x^2*sqrt(f*x))/sqrt(c*x^4+b*x^2+a)+(d*sqrt(f*x))/sqrt(c*x^4+b*x^2+a)
        matched elem=(sqrt(f*x)*(e*x^2+d))/sqrt(c*x^4+b*x^2+a)
  [exact-only] class=contains-noun t=2.4s L274 returned=yes t=2.382032 calls=5 ratsimp-hits=0 exact-hits=0 unexited=0 misfire/fault-lines=0 top=1_2_2_4_r93
    fires=1_2_2_6_r9,1_4_1_r29,1_2_2_6_r9,1_4_1_r7,1_2_2_4_r93
    answer sha1=0ef3e39bb35a 'unintegrable[(e*(f*x)^(5/2))/sqrt(c*x^4+b*x^2+a),x]/f^2+'unintegrable[(d*sqrt(f*x))/sqrt(c*x^4+b*x^2+a),x]
    #1 d=1 dl=1 seenp fb=false seenlen=0 seen=- out=1_2_2_4_r93 owner=- f=(sqrt(f*x)*(e*x^2+d))/sqrt(c*x^4+b*x^2+a)
    #2 d=2 dl=2 seenp fb=true seenlen=1 seen=- out=1_4_1_r7 owner=1_2_2_4_r93:fired f=(e*x^2*sqrt(f*x))/sqrt(c*x^4+b*x^2+a)+(d*sqrt(f*x))/sqrt(c*x^4+b*x^2+a)
    #3 d=3 dl=3 seenp fb=true seenlen=2 seen=- out=1_4_1_r29 owner=1_4_1_r7:fired f=(e*x^2*sqrt(f*x))/sqrt(c*x^4+b*x^2+a)
    #4 d=4 dl=4 seenp fb=true seenlen=3 seen=- out=1_2_2_6_r9 owner=1_4_1_r29:fired f=(e*(f*x)^(5/2))/sqrt(c*x^4+b*x^2+a)
    #5 d=3 dl=3 seenp fb=true seenlen=2 seen=- out=1_2_2_6_r9 owner=1_4_1_r7:fired f=(d*sqrt(f*x))/sqrt(c*x^4+b*x^2+a)
  [p0] class=verified t=6.2s L274 returned=yes t=6.206083 calls=7 ratsimp-hits=0 exact-hits=1 unexited=0 misfire/fault-lines=0 top=1_2_2_6_r3@pass2
    fires=1_4_1_r34,1_1_2_3_r1,1_2_2_6_r3,1_4_1_r7,1_2_2_6_r3
    answer sha1=c99bed81381a d*'integrate(sqrt(f*x)/sqrt(c*x^4+b*x^2+a),x)+(2*e*sqrt(f*x)*'integrate(x^3/sqrt(c*x^4+b*x^2+a),sqrt(x)))/sqrt(x)
    #1 d=1 dl=1 p0-mr_top fb=false seenlen=0 seen=- out=1_2_2_6_r3@pass2 owner=- f=(sqrt(f*x)*(e*x^2+d))/sqrt(c*x^4+b*x^2+a)
    #2 d=2 dl=1 p0-mr_top fb=true seenlen=0 seen=- out=1_4_1_r7@pass1 owner=1_2_2_6_r3:fired f=(e*x^2*sqrt(f*x))/sqrt(c*x^4+b*x^2+a)+(d*sqrt(f*x))/sqrt(c*x^4+b*x^2+a)
    #3 d=3 dl=2 p0-mr_top fb=true seenlen=1 seen=- out=1_1_2_3_r1@pass1 owner=1_4_1_r7:fired f=(e*x^2*sqrt(f*x))/sqrt(c*x^4+b*x^2+a)
    #4 d=4 dl=3 p0-mr_top fb=true seenlen=2 seen=- out=1_4_1_r34@pass1 owner=1_1_2_3_r1:fired f=(e*x^(5/2))/sqrt(c*x^4+b*x^2+a)
    #5 d=5 dl=4 p0-mr_top fb=true seenlen=3 seen=- out=fall-through:nofire owner=1_4_1_r34:fired f=(e*x^6)/sqrt(c*x^8+b*x^4+a)
    #6 d=3 dl=2 p0-mr_top fb=true seenlen=1 seen=- out=1_2_2_6_r3@pass1 owner=1_4_1_r7:fired f=(d*sqrt(f*x))/sqrt(c*x^4+b*x^2+a)
    #7 d=4 dl=3 p0-mr_top fb=true seenlen=2 seen=exact@#6(idx1,live=yes) out=fall-through:seen-hit owner=1_2_2_6_r3:fired f=(d*sqrt(f*x))/sqrt(c*x^4+b*x^2+a)
        matched elem=(d*sqrt(f*x))/sqrt(c*x^4+b*x^2+a)

--- c1 g7 1 Algebraic functions/1.2 Trinomial products/1.2.2 Quartic/1.2.2.4 (f x)^m (d+e x^2)^q (a+b x^2+c x^4)^p.mac e214 (eq)
  [trace] class=deferred t=0.3s L275 returned=yes t=0.252004 calls=2 ratsimp-hits=1 exact-hits=0 unexited=0 misfire/fault-lines=0 top=1_2_2_4_r93
    fires=1_2_2_4_r93
    answer sha1=741d5c8417a0 'integrate((e*x^2)/(sqrt(f*x)*sqrt(c*x^4+b*x^2+a))+d/(sqrt(f*x)*sqrt(c*x^4+b*x^2+a)),x)
    #1 d=1 dl=1 seenp fb=false seenlen=0 seen=- out=1_2_2_4_r93 owner=- f=(e*x^2+d)/(sqrt(f*x)*sqrt(c*x^4+b*x^2+a))
    #2 d=2 dl=2 seenp fb=true seenlen=1 seen=ratsimp@#1(idx1,live=yes) out=fall-through:seen-hit owner=1_2_2_4_r93:fired f=(e*x^2)/(sqrt(f*x)*sqrt(c*x^4+b*x^2+a))+d/(sqrt(f*x)*sqrt(c*x^4+b*x^2+a))
        matched elem=(e*x^2+d)/(sqrt(f*x)*sqrt(c*x^4+b*x^2+a))
  [exact-only] class=contains-noun t=3.6s L275 returned=yes t=3.633048 calls=5 ratsimp-hits=0 exact-hits=0 unexited=0 misfire/fault-lines=0 top=1_2_2_4_r93
    fires=1_2_2_6_r9,1_4_1_r18,1_2_2_6_r9,1_4_1_r7,1_2_2_4_r93
    answer sha1=e9dad418612d 'unintegrable[(e*(f*x)^(3/2))/(f^2*sqrt(c*x^4+b*x^2+a)),x]+'unintegrable[d/(sqrt(f*x)*sqrt(c*x^4+b*x^2+a)),x]
    #1 d=1 dl=1 seenp fb=false seenlen=0 seen=- out=1_2_2_4_r93 owner=- f=(e*x^2+d)/(sqrt(f*x)*sqrt(c*x^4+b*x^2+a))
    #2 d=2 dl=2 seenp fb=true seenlen=1 seen=- out=1_4_1_r7 owner=1_2_2_4_r93:fired f=(e*x^2)/(sqrt(f*x)*sqrt(c*x^4+b*x^2+a))+d/(sqrt(f*x)*sqrt(c*x^4+b*x^2+a))
    #3 d=3 dl=3 seenp fb=true seenlen=2 seen=- out=1_4_1_r18 owner=1_4_1_r7:fired f=(e*x^2)/(sqrt(f*x)*sqrt(c*x^4+b*x^2+a))
    #4 d=4 dl=4 seenp fb=true seenlen=3 seen=- out=1_2_2_6_r9 owner=1_4_1_r18:fired f=(e*(f*x)^(3/2))/(f^2*sqrt(c*x^4+b*x^2+a))
    #5 d=3 dl=3 seenp fb=true seenlen=2 seen=- out=1_2_2_6_r9 owner=1_4_1_r7:fired f=d/(sqrt(f*x)*sqrt(c*x^4+b*x^2+a))
  [p0] class=verified t=6.1s L275 returned=yes t=6.127081 calls=7 ratsimp-hits=0 exact-hits=1 unexited=0 misfire/fault-lines=0 top=1_2_2_6_r3@pass2
    fires=1_4_1_r34,1_1_2_3_r1,1_2_2_6_r3,1_4_1_r7,1_2_2_6_r3
    answer sha1=7e61fb46df2c d*'integrate(1/(sqrt(f*x)*sqrt(c*x^4+b*x^2+a)),x)+(2*e*sqrt(f*x)*'integrate(x^2/sqrt(c*x^4+b*x^2+a),sqrt(x)))/(f*sqrt(x))
    #1 d=1 dl=1 p0-mr_top fb=false seenlen=0 seen=- out=1_2_2_6_r3@pass2 owner=- f=(e*x^2+d)/(sqrt(f*x)*sqrt(c*x^4+b*x^2+a))
    #2 d=2 dl=1 p0-mr_top fb=true seenlen=0 seen=- out=1_4_1_r7@pass1 owner=1_2_2_6_r3:fired f=(e*x^2)/(sqrt(f*x)*sqrt(c*x^4+b*x^2+a))+d/(sqrt(f*x)*sqrt(c*x^4+b*x^2+a))
    #3 d=3 dl=2 p0-mr_top fb=true seenlen=1 seen=- out=1_1_2_3_r1@pass1 owner=1_4_1_r7:fired f=(e*x^2)/(sqrt(f*x)*sqrt(c*x^4+b*x^2+a))
    #4 d=4 dl=3 p0-mr_top fb=true seenlen=2 seen=- out=1_4_1_r34@pass1 owner=1_1_2_3_r1:fired f=(e*x^(3/2))/sqrt(c*x^4+b*x^2+a)
    #5 d=5 dl=4 p0-mr_top fb=true seenlen=3 seen=- out=fall-through:nofire owner=1_4_1_r34:fired f=(e*x^4)/sqrt(c*x^8+b*x^4+a)
    #6 d=3 dl=2 p0-mr_top fb=true seenlen=1 seen=- out=1_2_2_6_r3@pass1 owner=1_4_1_r7:fired f=d/(sqrt(f*x)*sqrt(c*x^4+b*x^2+a))
    #7 d=4 dl=3 p0-mr_top fb=true seenlen=2 seen=exact@#6(idx1,live=yes) out=fall-through:seen-hit owner=1_2_2_6_r3:fired f=d/(sqrt(f*x)*sqrt(c*x^4+b*x^2+a))
        matched elem=d/(sqrt(f*x)*sqrt(c*x^4+b*x^2+a))

--- c1 g7 1 Algebraic functions/1.2 Trinomial products/1.2.2 Quartic/1.2.2.4 (f x)^m (d+e x^2)^q (a+b x^2+c x^4)^p.mac e215 (eq)
  [trace] class=deferred t=0.3s L276 returned=yes t=0.259003 calls=2 ratsimp-hits=1 exact-hits=0 unexited=0 misfire/fault-lines=0 top=1_2_2_4_r93
    fires=1_2_2_4_r93
    answer sha1=373e87636cfd 'integrate((e*x^2)/((f*x)^(3/2)*sqrt(c*x^4+b*x^2+a))+d/((f*x)^(3/2)*sqrt(c*x^4+b*x^2+a)),x)
    #1 d=1 dl=1 seenp fb=false seenlen=0 seen=- out=1_2_2_4_r93 owner=- f=(e*x^2+d)/((f*x)^(3/2)*sqrt(c*x^4+b*x^2+a))
    #2 d=2 dl=2 seenp fb=true seenlen=1 seen=ratsimp@#1(idx1,live=yes) out=fall-through:seen-hit owner=1_2_2_4_r93:fired f=(e*x^2)/((f*x)^(3/2)*sqrt(c*x^4+b*x^2+a))+d/((f*x)^(3/2)*sqrt(c*x^4+b*x^2+a))
        matched elem=(e*x^2+d)/((f*x)^(3/2)*sqrt(c*x^4+b*x^2+a))
  [exact-only] class=contains-noun t=3.6s L276 returned=yes t=3.569048 calls=5 ratsimp-hits=0 exact-hits=0 unexited=0 misfire/fault-lines=0 top=1_2_2_4_r93
    fires=1_2_2_6_r9,1_4_1_r18,1_2_2_6_r9,1_4_1_r7,1_2_2_4_r93
    answer sha1=946dd7c13161 'unintegrable[(e*sqrt(f*x))/(f^2*sqrt(c*x^4+b*x^2+a)),x]+'unintegrable[d/((f*x)^(3/2)*sqrt(c*x^4+b*x^2+a)),x]
    #1 d=1 dl=1 seenp fb=false seenlen=0 seen=- out=1_2_2_4_r93 owner=- f=(e*x^2+d)/((f*x)^(3/2)*sqrt(c*x^4+b*x^2+a))
    #2 d=2 dl=2 seenp fb=true seenlen=1 seen=- out=1_4_1_r7 owner=1_2_2_4_r93:fired f=(e*x^2)/((f*x)^(3/2)*sqrt(c*x^4+b*x^2+a))+d/((f*x)^(3/2)*sqrt(c*x^4+b*x^2+a))
    #3 d=3 dl=3 seenp fb=true seenlen=2 seen=- out=1_4_1_r18 owner=1_4_1_r7:fired f=(e*x^2)/((f*x)^(3/2)*sqrt(c*x^4+b*x^2+a))
    #4 d=4 dl=4 seenp fb=true seenlen=3 seen=- out=1_2_2_6_r9 owner=1_4_1_r18:fired f=(e*sqrt(f*x))/(f^2*sqrt(c*x^4+b*x^2+a))
    #5 d=3 dl=3 seenp fb=true seenlen=2 seen=- out=1_2_2_6_r9 owner=1_4_1_r7:fired f=d/((f*x)^(3/2)*sqrt(c*x^4+b*x^2+a))
  [p0] class=verified t=6.1s L276 returned=yes t=6.130082 calls=7 ratsimp-hits=0 exact-hits=1 unexited=0 misfire/fault-lines=0 top=1_2_2_6_r3@pass2
    fires=1_4_1_r34,1_1_2_3_r1,1_2_2_6_r3,1_4_1_r7,1_2_2_6_r3
    answer sha1=77e0a032420b d*'integrate(1/((f*x)^(3/2)*sqrt(c*x^4+b*x^2+a)),x)+(2*e*sqrt(f*x)*'integrate(x/sqrt(c*x^4+b*x^2+a),sqrt(x)))/(f^2*sqrt(x))
    #1 d=1 dl=1 p0-mr_top fb=false seenlen=0 seen=- out=1_2_2_6_r3@pass2 owner=- f=(e*x^2+d)/((f*x)^(3/2)*sqrt(c*x^4+b*x^2+a))
    #2 d=2 dl=1 p0-mr_top fb=true seenlen=0 seen=- out=1_4_1_r7@pass1 owner=1_2_2_6_r3:fired f=(e*x^2)/((f*x)^(3/2)*sqrt(c*x^4+b*x^2+a))+d/((f*x)^(3/2)*sqrt(c*x^4+b*x^2+a))
    #3 d=3 dl=2 p0-mr_top fb=true seenlen=1 seen=- out=1_1_2_3_r1@pass1 owner=1_4_1_r7:fired f=(e*x^2)/((f*x)^(3/2)*sqrt(c*x^4+b*x^2+a))
    #4 d=4 dl=3 p0-mr_top fb=true seenlen=2 seen=- out=1_4_1_r34@pass1 owner=1_1_2_3_r1:fired f=(e*sqrt(x))/sqrt(c*x^4+b*x^2+a)
    #5 d=5 dl=4 p0-mr_top fb=true seenlen=3 seen=- out=fall-through:nofire owner=1_4_1_r34:fired f=(e*x^2)/sqrt(c*x^8+b*x^4+a)
    #6 d=3 dl=2 p0-mr_top fb=true seenlen=1 seen=- out=1_2_2_6_r3@pass1 owner=1_4_1_r7:fired f=d/((f*x)^(3/2)*sqrt(c*x^4+b*x^2+a))
    #7 d=4 dl=3 p0-mr_top fb=true seenlen=2 seen=exact@#6(idx1,live=yes) out=fall-through:seen-hit owner=1_2_2_6_r3:fired f=d/((f*x)^(3/2)*sqrt(c*x^4+b*x^2+a))
        matched elem=d/((f*x)^(3/2)*sqrt(c*x^4+b*x^2+a))

--- c1 g7 1 Algebraic functions/1.2 Trinomial products/1.2.2 Quartic/1.2.2.4 (f x)^m (d+e x^2)^q (a+b x^2+c x^4)^p.mac e216 (eq)
  [trace] class=deferred t=0.3s L277 returned=yes t=0.250003 calls=2 ratsimp-hits=1 exact-hits=0 unexited=0 misfire/fault-lines=0 top=1_2_2_4_r93
    fires=1_2_2_4_r93
    answer sha1=3206d2cb2100 'integrate((e*x^2*(f*x)^(3/2))/(c*x^4+b*x^2+a)^(3/2)+(d*(f*x)^(3/2))/(c*x^4+b*x^2+a)^(3/2),x)
    #1 d=1 dl=1 seenp fb=false seenlen=0 seen=- out=1_2_2_4_r93 owner=- f=((f*x)^(3/2)*(e*x^2+d))/(c*x^4+b*x^2+a)^(3/2)
    #2 d=2 dl=2 seenp fb=true seenlen=1 seen=ratsimp@#1(idx1,live=yes) out=fall-through:seen-hit owner=1_2_2_4_r93:fired f=(e*x^2*(f*x)^(3/2))/(c*x^4+b*x^2+a)^(3/2)+(d*(f*x)^(3/2))/(c*x^4+b*x^2+a)^(3/2)
        matched elem=((f*x)^(3/2)*(e*x^2+d))/(c*x^4+b*x^2+a)^(3/2)
  [exact-only] class=contains-noun t=2.5s L277 returned=yes t=2.449032 calls=5 ratsimp-hits=0 exact-hits=0 unexited=0 misfire/fault-lines=0 top=1_2_2_4_r93
    fires=1_2_2_6_r9,1_4_1_r29,1_2_2_6_r9,1_4_1_r7,1_2_2_4_r93
    answer sha1=1524c94e8df2 'unintegrable[(e*(f*x)^(7/2))/(c*x^4+b*x^2+a)^(3/2),x]/f^2+'unintegrable[(d*(f*x)^(3/2))/(c*x^4+b*x^2+a)^(3/2),x]
    #1 d=1 dl=1 seenp fb=false seenlen=0 seen=- out=1_2_2_4_r93 owner=- f=((f*x)^(3/2)*(e*x^2+d))/(c*x^4+b*x^2+a)^(3/2)
    #2 d=2 dl=2 seenp fb=true seenlen=1 seen=- out=1_4_1_r7 owner=1_2_2_4_r93:fired f=(e*x^2*(f*x)^(3/2))/(c*x^4+b*x^2+a)^(3/2)+(d*(f*x)^(3/2))/(c*x^4+b*x^2+a)^(3/2)
    #3 d=3 dl=3 seenp fb=true seenlen=2 seen=- out=1_4_1_r29 owner=1_4_1_r7:fired f=(e*x^2*(f*x)^(3/2))/(c*x^4+b*x^2+a)^(3/2)
    #4 d=4 dl=4 seenp fb=true seenlen=3 seen=- out=1_2_2_6_r9 owner=1_4_1_r29:fired f=(e*(f*x)^(7/2))/(c*x^4+b*x^2+a)^(3/2)
    #5 d=3 dl=3 seenp fb=true seenlen=2 seen=- out=1_2_2_6_r9 owner=1_4_1_r7:fired f=(d*(f*x)^(3/2))/(c*x^4+b*x^2+a)^(3/2)
  [p0] class=verified t=5.9s L277 returned=yes t=5.915079 calls=7 ratsimp-hits=0 exact-hits=1 unexited=0 misfire/fault-lines=0 top=1_2_2_6_r3@pass2
    fires=1_4_1_r34,1_1_2_3_r1,1_2_2_6_r3,1_4_1_r7,1_2_2_6_r3
    answer sha1=d92e03f92655 d*'integrate((f*x)^(3/2)/(c*x^4+b*x^2+a)^(3/2),x)+(2*e*f*sqrt(f*x)*'integrate(x^4/(c*x^4+b*x^2+a)^(3/2),sqrt(x)))/sqrt(x)
    #1 d=1 dl=1 p0-mr_top fb=false seenlen=0 seen=- out=1_2_2_6_r3@pass2 owner=- f=((f*x)^(3/2)*(e*x^2+d))/(c*x^4+b*x^2+a)^(3/2)
    #2 d=2 dl=1 p0-mr_top fb=true seenlen=0 seen=- out=1_4_1_r7@pass1 owner=1_2_2_6_r3:fired f=(e*x^2*(f*x)^(3/2))/(c*x^4+b*x^2+a)^(3/2)+(d*(f*x)^(3/2))/(c*x^4+b*x^2+a)^(3/2)
    #3 d=3 dl=2 p0-mr_top fb=true seenlen=1 seen=- out=1_1_2_3_r1@pass1 owner=1_4_1_r7:fired f=(e*x^2*(f*x)^(3/2))/(c*x^4+b*x^2+a)^(3/2)
    #4 d=4 dl=3 p0-mr_top fb=true seenlen=2 seen=- out=1_4_1_r34@pass1 owner=1_1_2_3_r1:fired f=(e*x^(7/2))/(c*x^4+b*x^2+a)^(3/2)
    #5 d=5 dl=4 p0-mr_top fb=true seenlen=3 seen=- out=fall-through:nofire owner=1_4_1_r34:fired f=(e*x^8)/(c*x^8+b*x^4+a)^(3/2)
    #6 d=3 dl=2 p0-mr_top fb=true seenlen=1 seen=- out=1_2_2_6_r3@pass1 owner=1_4_1_r7:fired f=(d*(f*x)^(3/2))/(c*x^4+b*x^2+a)^(3/2)
    #7 d=4 dl=3 p0-mr_top fb=true seenlen=2 seen=exact@#6(idx1,live=yes) out=fall-through:seen-hit owner=1_2_2_6_r3:fired f=(d*(f*x)^(3/2))/(c*x^4+b*x^2+a)^(3/2)
        matched elem=(d*(f*x)^(3/2))/(c*x^4+b*x^2+a)^(3/2)

--- c1 g7 1 Algebraic functions/1.2 Trinomial products/1.2.2 Quartic/1.2.2.4 (f x)^m (d+e x^2)^q (a+b x^2+c x^4)^p.mac e217 (eq)
  [trace] class=deferred t=0.3s L278 returned=yes t=0.248003 calls=2 ratsimp-hits=1 exact-hits=0 unexited=0 misfire/fault-lines=0 top=1_2_2_4_r93
    fires=1_2_2_4_r93
    answer sha1=8abd9687d2b8 'integrate((e*x^2*sqrt(f*x))/(c*x^4+b*x^2+a)^(3/2)+(d*sqrt(f*x))/(c*x^4+b*x^2+a)^(3/2),x)
    #1 d=1 dl=1 seenp fb=false seenlen=0 seen=- out=1_2_2_4_r93 owner=- f=(sqrt(f*x)*(e*x^2+d))/(c*x^4+b*x^2+a)^(3/2)
    #2 d=2 dl=2 seenp fb=true seenlen=1 seen=ratsimp@#1(idx1,live=yes) out=fall-through:seen-hit owner=1_2_2_4_r93:fired f=(e*x^2*sqrt(f*x))/(c*x^4+b*x^2+a)^(3/2)+(d*sqrt(f*x))/(c*x^4+b*x^2+a)^(3/2)
        matched elem=(sqrt(f*x)*(e*x^2+d))/(c*x^4+b*x^2+a)^(3/2)
  [exact-only] class=contains-noun t=2.4s L278 returned=yes t=2.405032 calls=5 ratsimp-hits=0 exact-hits=0 unexited=0 misfire/fault-lines=0 top=1_2_2_4_r93
    fires=1_2_2_6_r9,1_4_1_r29,1_2_2_6_r9,1_4_1_r7,1_2_2_4_r93
    answer sha1=b14a7e91039c 'unintegrable[(e*(f*x)^(5/2))/(c*x^4+b*x^2+a)^(3/2),x]/f^2+'unintegrable[(d*sqrt(f*x))/(c*x^4+b*x^2+a)^(3/2),x]
    #1 d=1 dl=1 seenp fb=false seenlen=0 seen=- out=1_2_2_4_r93 owner=- f=(sqrt(f*x)*(e*x^2+d))/(c*x^4+b*x^2+a)^(3/2)
    #2 d=2 dl=2 seenp fb=true seenlen=1 seen=- out=1_4_1_r7 owner=1_2_2_4_r93:fired f=(e*x^2*sqrt(f*x))/(c*x^4+b*x^2+a)^(3/2)+(d*sqrt(f*x))/(c*x^4+b*x^2+a)^(3/2)
    #3 d=3 dl=3 seenp fb=true seenlen=2 seen=- out=1_4_1_r29 owner=1_4_1_r7:fired f=(e*x^2*sqrt(f*x))/(c*x^4+b*x^2+a)^(3/2)
    #4 d=4 dl=4 seenp fb=true seenlen=3 seen=- out=1_2_2_6_r9 owner=1_4_1_r29:fired f=(e*(f*x)^(5/2))/(c*x^4+b*x^2+a)^(3/2)
    #5 d=3 dl=3 seenp fb=true seenlen=2 seen=- out=1_2_2_6_r9 owner=1_4_1_r7:fired f=(d*sqrt(f*x))/(c*x^4+b*x^2+a)^(3/2)
  [p0] class=verified t=6.1s L278 returned=yes t=6.06608 calls=7 ratsimp-hits=0 exact-hits=1 unexited=0 misfire/fault-lines=0 top=1_2_2_6_r3@pass2
    fires=1_4_1_r34,1_1_2_3_r1,1_2_2_6_r3,1_4_1_r7,1_2_2_6_r3
    answer sha1=789da4220cbb d*'integrate(sqrt(f*x)/(c*x^4+b*x^2+a)^(3/2),x)+(2*e*sqrt(f*x)*'integrate(x^3/(c*x^4+b*x^2+a)^(3/2),sqrt(x)))/sqrt(x)
    #1 d=1 dl=1 p0-mr_top fb=false seenlen=0 seen=- out=1_2_2_6_r3@pass2 owner=- f=(sqrt(f*x)*(e*x^2+d))/(c*x^4+b*x^2+a)^(3/2)
    #2 d=2 dl=1 p0-mr_top fb=true seenlen=0 seen=- out=1_4_1_r7@pass1 owner=1_2_2_6_r3:fired f=(e*x^2*sqrt(f*x))/(c*x^4+b*x^2+a)^(3/2)+(d*sqrt(f*x))/(c*x^4+b*x^2+a)^(3/2)
    #3 d=3 dl=2 p0-mr_top fb=true seenlen=1 seen=- out=1_1_2_3_r1@pass1 owner=1_4_1_r7:fired f=(e*x^2*sqrt(f*x))/(c*x^4+b*x^2+a)^(3/2)
    #4 d=4 dl=3 p0-mr_top fb=true seenlen=2 seen=- out=1_4_1_r34@pass1 owner=1_1_2_3_r1:fired f=(e*x^(5/2))/(c*x^4+b*x^2+a)^(3/2)
    #5 d=5 dl=4 p0-mr_top fb=true seenlen=3 seen=- out=fall-through:nofire owner=1_4_1_r34:fired f=(e*x^6)/(c*x^8+b*x^4+a)^(3/2)
    #6 d=3 dl=2 p0-mr_top fb=true seenlen=1 seen=- out=1_2_2_6_r3@pass1 owner=1_4_1_r7:fired f=(d*sqrt(f*x))/(c*x^4+b*x^2+a)^(3/2)
    #7 d=4 dl=3 p0-mr_top fb=true seenlen=2 seen=exact@#6(idx1,live=yes) out=fall-through:seen-hit owner=1_2_2_6_r3:fired f=(d*sqrt(f*x))/(c*x^4+b*x^2+a)^(3/2)
        matched elem=(d*sqrt(f*x))/(c*x^4+b*x^2+a)^(3/2)

--- c1 g7 1 Algebraic functions/1.2 Trinomial products/1.2.2 Quartic/1.2.2.4 (f x)^m (d+e x^2)^q (a+b x^2+c x^4)^p.mac e218 (eq)
  [trace] class=deferred t=0.3s L279 returned=yes t=0.249003 calls=2 ratsimp-hits=1 exact-hits=0 unexited=0 misfire/fault-lines=0 top=1_2_2_4_r93
    fires=1_2_2_4_r93
    answer sha1=5ffd0a164866 'integrate((e*x^2)/(sqrt(f*x)*(c*x^4+b*x^2+a)^(3/2))+d/(sqrt(f*x)*(c*x^4+b*x^2+a)^(3/2)),x)
    #1 d=1 dl=1 seenp fb=false seenlen=0 seen=- out=1_2_2_4_r93 owner=- f=(e*x^2+d)/(sqrt(f*x)*(c*x^4+b*x^2+a)^(3/2))
    #2 d=2 dl=2 seenp fb=true seenlen=1 seen=ratsimp@#1(idx1,live=yes) out=fall-through:seen-hit owner=1_2_2_4_r93:fired f=(e*x^2)/(sqrt(f*x)*(c*x^4+b*x^2+a)^(3/2))+d/(sqrt(f*x)*(c*x^4+b*x^2+a)^(3/2))
        matched elem=(e*x^2+d)/(sqrt(f*x)*(c*x^4+b*x^2+a)^(3/2))
  [exact-only] class=contains-noun t=3.6s L279 returned=yes t=3.614049 calls=5 ratsimp-hits=0 exact-hits=0 unexited=0 misfire/fault-lines=0 top=1_2_2_4_r93
    fires=1_2_2_6_r9,1_4_1_r18,1_2_2_6_r9,1_4_1_r7,1_2_2_4_r93
    answer sha1=af9fe4efc177 'unintegrable[(e*(f*x)^(3/2))/(f^2*(c*x^4+b*x^2+a)^(3/2)),x]+'unintegrable[d/(sqrt(f*x)*(c*x^4+b*x^2+a)^(3/2)),x]
    #1 d=1 dl=1 seenp fb=false seenlen=0 seen=- out=1_2_2_4_r93 owner=- f=(e*x^2+d)/(sqrt(f*x)*(c*x^4+b*x^2+a)^(3/2))
    #2 d=2 dl=2 seenp fb=true seenlen=1 seen=- out=1_4_1_r7 owner=1_2_2_4_r93:fired f=(e*x^2)/(sqrt(f*x)*(c*x^4+b*x^2+a)^(3/2))+d/(sqrt(f*x)*(c*x^4+b*x^2+a)^(3/2))
    #3 d=3 dl=3 seenp fb=true seenlen=2 seen=- out=1_4_1_r18 owner=1_4_1_r7:fired f=(e*x^2)/(sqrt(f*x)*(c*x^4+b*x^2+a)^(3/2))
    #4 d=4 dl=4 seenp fb=true seenlen=3 seen=- out=1_2_2_6_r9 owner=1_4_1_r18:fired f=(e*(f*x)^(3/2))/(f^2*(c*x^4+b*x^2+a)^(3/2))
    #5 d=3 dl=3 seenp fb=true seenlen=2 seen=- out=1_2_2_6_r9 owner=1_4_1_r7:fired f=d/(sqrt(f*x)*(c*x^4+b*x^2+a)^(3/2))
  [p0] class=verified t=6.2s L279 returned=yes t=6.203082 calls=7 ratsimp-hits=0 exact-hits=1 unexited=0 misfire/fault-lines=0 top=1_2_2_6_r3@pass2
    fires=1_4_1_r34,1_1_2_3_r1,1_2_2_6_r3,1_4_1_r7,1_2_2_6_r3
    answer sha1=19d7417ab6a4 d*'integrate(1/(sqrt(f*x)*(c*x^4+b*x^2+a)^(3/2)),x)+(2*e*sqrt(f*x)*'integrate(x^2/(c*x^4+b*x^2+a)^(3/2),sqrt(x)))/(f*sqrt(x))
    #1 d=1 dl=1 p0-mr_top fb=false seenlen=0 seen=- out=1_2_2_6_r3@pass2 owner=- f=(e*x^2+d)/(sqrt(f*x)*(c*x^4+b*x^2+a)^(3/2))
    #2 d=2 dl=1 p0-mr_top fb=true seenlen=0 seen=- out=1_4_1_r7@pass1 owner=1_2_2_6_r3:fired f=(e*x^2)/(sqrt(f*x)*(c*x^4+b*x^2+a)^(3/2))+d/(sqrt(f*x)*(c*x^4+b*x^2+a)^(3/2))
    #3 d=3 dl=2 p0-mr_top fb=true seenlen=1 seen=- out=1_1_2_3_r1@pass1 owner=1_4_1_r7:fired f=(e*x^2)/(sqrt(f*x)*(c*x^4+b*x^2+a)^(3/2))
    #4 d=4 dl=3 p0-mr_top fb=true seenlen=2 seen=- out=1_4_1_r34@pass1 owner=1_1_2_3_r1:fired f=(e*x^(3/2))/(c*x^4+b*x^2+a)^(3/2)
    #5 d=5 dl=4 p0-mr_top fb=true seenlen=3 seen=- out=fall-through:nofire owner=1_4_1_r34:fired f=(e*x^4)/(c*x^8+b*x^4+a)^(3/2)
    #6 d=3 dl=2 p0-mr_top fb=true seenlen=1 seen=- out=1_2_2_6_r3@pass1 owner=1_4_1_r7:fired f=d/(sqrt(f*x)*(c*x^4+b*x^2+a)^(3/2))
    #7 d=4 dl=3 p0-mr_top fb=true seenlen=2 seen=exact@#6(idx1,live=yes) out=fall-through:seen-hit owner=1_2_2_6_r3:fired f=d/(sqrt(f*x)*(c*x^4+b*x^2+a)^(3/2))
        matched elem=d/(sqrt(f*x)*(c*x^4+b*x^2+a)^(3/2))

--- c1 g7 1 Algebraic functions/1.2 Trinomial products/1.2.2 Quartic/1.2.2.4 (f x)^m (d+e x^2)^q (a+b x^2+c x^4)^p.mac e219 (eq)
  [trace] class=deferred t=0.3s L280 returned=yes t=0.268004 calls=2 ratsimp-hits=1 exact-hits=0 unexited=0 misfire/fault-lines=0 top=1_2_2_4_r93
    fires=1_2_2_4_r93
    answer sha1=ba07634bb04e 'integrate((e*x^2)/((f*x)^(3/2)*(c*x^4+b*x^2+a)^(3/2))+d/((f*x)^(3/2)*(c*x^4+b*x^2+a)^(3/2)),x)
    #1 d=1 dl=1 seenp fb=false seenlen=0 seen=- out=1_2_2_4_r93 owner=- f=(e*x^2+d)/((f*x)^(3/2)*(c*x^4+b*x^2+a)^(3/2))
    #2 d=2 dl=2 seenp fb=true seenlen=1 seen=ratsimp@#1(idx1,live=yes) out=fall-through:seen-hit owner=1_2_2_4_r93:fired f=(e*x^2)/((f*x)^(3/2)*(c*x^4+b*x^2+a)^(3/2))+d/((f*x)^(3/2)*(c*x^4+b*x^2+a)^(3/2))
        matched elem=(e*x^2+d)/((f*x)^(3/2)*(c*x^4+b*x^2+a)^(3/2))
  [exact-only] class=contains-noun t=3.6s L280 returned=yes t=3.619048 calls=5 ratsimp-hits=0 exact-hits=0 unexited=0 misfire/fault-lines=0 top=1_2_2_4_r93
    fires=1_2_2_6_r9,1_4_1_r18,1_2_2_6_r9,1_4_1_r7,1_2_2_4_r93
    answer sha1=bf089d9ee3bb 'unintegrable[(e*sqrt(f*x))/(f^2*(c*x^4+b*x^2+a)^(3/2)),x]+'unintegrable[d/((f*x)^(3/2)*(c*x^4+b*x^2+a)^(3/2)),x]
    #1 d=1 dl=1 seenp fb=false seenlen=0 seen=- out=1_2_2_4_r93 owner=- f=(e*x^2+d)/((f*x)^(3/2)*(c*x^4+b*x^2+a)^(3/2))
    #2 d=2 dl=2 seenp fb=true seenlen=1 seen=- out=1_4_1_r7 owner=1_2_2_4_r93:fired f=(e*x^2)/((f*x)^(3/2)*(c*x^4+b*x^2+a)^(3/2))+d/((f*x)^(3/2)*(c*x^4+b*x^2+a)^(3/2))
    #3 d=3 dl=3 seenp fb=true seenlen=2 seen=- out=1_4_1_r18 owner=1_4_1_r7:fired f=(e*x^2)/((f*x)^(3/2)*(c*x^4+b*x^2+a)^(3/2))
    #4 d=4 dl=4 seenp fb=true seenlen=3 seen=- out=1_2_2_6_r9 owner=1_4_1_r18:fired f=(e*sqrt(f*x))/(f^2*(c*x^4+b*x^2+a)^(3/2))
    #5 d=3 dl=3 seenp fb=true seenlen=2 seen=- out=1_2_2_6_r9 owner=1_4_1_r7:fired f=d/((f*x)^(3/2)*(c*x^4+b*x^2+a)^(3/2))
  [p0] class=verified t=6.0s L280 returned=yes t=5.995081 calls=7 ratsimp-hits=0 exact-hits=1 unexited=0 misfire/fault-lines=0 top=1_2_2_6_r3@pass2
    fires=1_4_1_r34,1_1_2_3_r1,1_2_2_6_r3,1_4_1_r7,1_2_2_6_r3
    answer sha1=8be33e223191 d*'integrate(1/((f*x)^(3/2)*(c*x^4+b*x^2+a)^(3/2)),x)+(2*e*sqrt(f*x)*'integrate(x/(c*x^4+b*x^2+a)^(3/2),sqrt(x)))/(f^2*sqrt(x))
    #1 d=1 dl=1 p0-mr_top fb=false seenlen=0 seen=- out=1_2_2_6_r3@pass2 owner=- f=(e*x^2+d)/((f*x)^(3/2)*(c*x^4+b*x^2+a)^(3/2))
    #2 d=2 dl=1 p0-mr_top fb=true seenlen=0 seen=- out=1_4_1_r7@pass1 owner=1_2_2_6_r3:fired f=(e*x^2)/((f*x)^(3/2)*(c*x^4+b*x^2+a)^(3/2))+d/((f*x)^(3/2)*(c*x^4+b*x^2+a)^(3/2))
    #3 d=3 dl=2 p0-mr_top fb=true seenlen=1 seen=- out=1_1_2_3_r1@pass1 owner=1_4_1_r7:fired f=(e*x^2)/((f*x)^(3/2)*(c*x^4+b*x^2+a)^(3/2))
    #4 d=4 dl=3 p0-mr_top fb=true seenlen=2 seen=- out=1_4_1_r34@pass1 owner=1_1_2_3_r1:fired f=(e*sqrt(x))/(c*x^4+b*x^2+a)^(3/2)
    #5 d=5 dl=4 p0-mr_top fb=true seenlen=3 seen=- out=fall-through:nofire owner=1_4_1_r34:fired f=(e*x^2)/(c*x^8+b*x^4+a)^(3/2)
    #6 d=3 dl=2 p0-mr_top fb=true seenlen=1 seen=- out=1_2_2_6_r3@pass1 owner=1_4_1_r7:fired f=d/((f*x)^(3/2)*(c*x^4+b*x^2+a)^(3/2))
    #7 d=4 dl=3 p0-mr_top fb=true seenlen=2 seen=exact@#6(idx1,live=yes) out=fall-through:seen-hit owner=1_2_2_6_r3:fired f=d/((f*x)^(3/2)*(c*x^4+b*x^2+a)^(3/2))
        matched elem=d/((f*x)^(3/2)*(c*x^4+b*x^2+a)^(3/2))

--- c1 g7 1 Algebraic functions/1.2 Trinomial products/1.2.2 Quartic/1.2.2.4 (f x)^m (d+e x^2)^q (a+b x^2+c x^4)^p.mac e225 (eq)
  [trace] class=deferred t=0.3s L288 returned=yes t=0.244003 calls=2 ratsimp-hits=1 exact-hits=0 unexited=0 misfire/fault-lines=0 top=1_2_2_4_r93
    fires=1_2_2_4_r93
    answer sha1=3470c83d3155 'integrate(e*x^2*(f*x)^m*(c*x^4+b*x^2+a)^(3/2)+d*(f*x)^m*(c*x^4+b*x^2+a)^(3/2),x)
    #1 d=1 dl=1 seenp fb=false seenlen=0 seen=- out=1_2_2_4_r93 owner=- f=(f*x)^m*(e*x^2+d)*(c*x^4+b*x^2+a)^(3/2)
    #2 d=2 dl=2 seenp fb=true seenlen=1 seen=ratsimp@#1(idx1,live=yes) out=fall-through:seen-hit owner=1_2_2_4_r93:fired f=e*x^2*(f*x)^m*(c*x^4+b*x^2+a)^(3/2)+d*(f*x)^m*(c*x^4+b*x^2+a)^(3/2)
        matched elem=(f*x)^m*(e*x^2+d)*(c*x^4+b*x^2+a)^(3/2)
  [exact-only] class=unverified t=2.6s L288 returned=yes t=1.675023 calls=7 ratsimp-hits=0 exact-hits=0 unexited=0 misfire/fault-lines=0 top=1_2_2_4_r93
    fires=1_1_2_4_r66,1_2_2_2_r35,1_4_1_r29,1_1_2_4_r66,1_2_2_2_r35,1_4_1_r7,1_2_2_4_r93
    answer sha1=7407f017244f (a*e*AppellF1((m+3)/2,-(3/2),-(3/2),(m+3)/2+1,-((2*c*x^2)/(sqrt(b^2-4*a*c)+b)),-((2*c*x^2)/(b-sqrt(b^2-4*a*c))))*(f*x)^(m+3)*sqrt(c*x^4+b*x^2+a))/(f^3*(m+3)*sqr...
    #1 d=1 dl=1 seenp fb=false seenlen=0 seen=- out=1_2_2_4_r93 owner=- f=(f*x)^m*(e*x^2+d)*(c*x^4+b*x^2+a)^(3/2)
    #2 d=2 dl=2 seenp fb=true seenlen=1 seen=- out=1_4_1_r7 owner=1_2_2_4_r93:fired f=e*x^2*(f*x)^m*(c*x^4+b*x^2+a)^(3/2)+d*(f*x)^m*(c*x^4+b*x^2+a)^(3/2)
    #3 d=3 dl=3 seenp fb=true seenlen=2 seen=- out=1_4_1_r29 owner=1_4_1_r7:fired f=x^2*(f*x)^m*(c*x^4+b*x^2+a)^(3/2)
    #4 d=4 dl=4 seenp fb=true seenlen=3 seen=- out=1_2_2_2_r35 owner=1_4_1_r29:fired f=(f*x)^(m+2)*(c*x^4+b*x^2+a)^(3/2)
    #5 d=5 dl=5 seenp fb=true seenlen=4 seen=- out=1_1_2_4_r66 owner=1_2_2_2_r35:fired f=(f*x)^(m+2)*((2*c*x^2)/(b-sqrt(b^2-4*a*c))+1)^(3/2)*((2*c*x^2)/(sqrt(b^2-4*a*c)+b)+1)^(3/2)
    #6 d=3 dl=3 seenp fb=true seenlen=2 seen=- out=1_2_2_2_r35 owner=1_4_1_r7:fired f=(f*x)^m*(c*x^4+b*x^2+a)^(3/2)
    #7 d=4 dl=4 seenp fb=true seenlen=3 seen=- out=1_1_2_4_r66 owner=1_2_2_2_r35:fired f=(f*x)^m*((2*c*x^2)/(b-sqrt(b^2-4*a*c))+1)^(3/2)*((2*c*x^2)/(sqrt(b^2-4*a*c)+b)+1)^(3/2)
  [p0] class=verified t=3.8s L288 returned=yes t=3.81205 calls=7 ratsimp-hits=0 exact-hits=2 unexited=0 misfire/fault-lines=0 top=1_2_2_6_r3@pass2
    fires=1_2_2_2_r2,1_1_2_3_r1,1_2_2_2_r2,1_4_1_r7,1_2_2_6_r3
    answer sha1=e2486a8a0f34 d*'integrate((f*x)^m*(c*x^4+b*x^2+a)^(3/2),x)+(e*(f*x)^m*'integrate(x^(m+2)*(c*x^4+b*x^2+a)^(3/2),x))/x^m
    #1 d=1 dl=1 p0-mr_top fb=false seenlen=0 seen=- out=1_2_2_6_r3@pass2 owner=- f=(f*x)^m*(e*x^2+d)*(c*x^4+b*x^2+a)^(3/2)
    #2 d=2 dl=1 p0-mr_top fb=true seenlen=0 seen=- out=1_4_1_r7@pass1 owner=1_2_2_6_r3:fired f=e*x^2*(f*x)^m*(c*x^4+b*x^2+a)^(3/2)+d*(f*x)^m*(c*x^4+b*x^2+a)^(3/2)
    #3 d=3 dl=2 p0-mr_top fb=true seenlen=1 seen=- out=1_1_2_3_r1@pass1 owner=1_4_1_r7:fired f=x^2*(f*x)^m*(c*x^4+b*x^2+a)^(3/2)
    #4 d=4 dl=3 p0-mr_top fb=true seenlen=2 seen=- out=1_2_2_2_r2@pass1 owner=1_1_2_3_r1:fired f=x^(m+2)*(c*x^4+b*x^2+a)^(3/2)
    #5 d=5 dl=4 p0-mr_top fb=true seenlen=3 seen=exact@#4(idx1,live=yes) out=fall-through:seen-hit owner=1_2_2_2_r2:fired f=x^(m+2)*(c*x^4+b*x^2+a)^(3/2)
        matched elem=x^(m+2)*(c*x^4+b*x^2+a)^(3/2)
    #6 d=3 dl=2 p0-mr_top fb=true seenlen=1 seen=- out=1_2_2_2_r2@pass1 owner=1_4_1_r7:fired f=(f*x)^m*(c*x^4+b*x^2+a)^(3/2)
    #7 d=4 dl=3 p0-mr_top fb=true seenlen=2 seen=exact@#6(idx1,live=yes) out=fall-through:seen-hit owner=1_2_2_2_r2:fired f=(f*x)^m*(c*x^4+b*x^2+a)^(3/2)
        matched elem=(f*x)^m*(c*x^4+b*x^2+a)^(3/2)

--- c1 g7 1 Algebraic functions/1.2 Trinomial products/1.2.2 Quartic/1.2.2.4 (f x)^m (d+e x^2)^q (a+b x^2+c x^4)^p.mac e226 (eq)
  [trace] class=deferred t=0.3s L289 returned=yes t=0.245003 calls=2 ratsimp-hits=1 exact-hits=0 unexited=0 misfire/fault-lines=0 top=1_2_2_4_r93
    fires=1_2_2_4_r93
    answer sha1=ab84073edf05 'integrate(e*x^2*(f*x)^m*sqrt(c*x^4+b*x^2+a)+d*(f*x)^m*sqrt(c*x^4+b*x^2+a),x)
    #1 d=1 dl=1 seenp fb=false seenlen=0 seen=- out=1_2_2_4_r93 owner=- f=(f*x)^m*(e*x^2+d)*sqrt(c*x^4+b*x^2+a)
    #2 d=2 dl=2 seenp fb=true seenlen=1 seen=ratsimp@#1(idx1,live=yes) out=fall-through:seen-hit owner=1_2_2_4_r93:fired f=e*x^2*(f*x)^m*sqrt(c*x^4+b*x^2+a)+d*(f*x)^m*sqrt(c*x^4+b*x^2+a)
        matched elem=(f*x)^m*(e*x^2+d)*sqrt(c*x^4+b*x^2+a)
  [exact-only] class=unverified t=2.5s L289 returned=yes t=1.664023 calls=7 ratsimp-hits=0 exact-hits=0 unexited=0 misfire/fault-lines=0 top=1_2_2_4_r93
    fires=1_1_2_4_r66,1_2_2_2_r35,1_4_1_r29,1_1_2_4_r66,1_2_2_2_r35,1_4_1_r7,1_2_2_4_r93
    answer sha1=dd60b21db641 (e*AppellF1((m+3)/2,-(1/2),-(1/2),(m+3)/2+1,-((2*c*x^2)/(sqrt(b^2-4*a*c)+b)),-((2*c*x^2)/(b-sqrt(b^2-4*a*c))))*(f*x)^(m+3)*sqrt(c*x^4+b*x^2+a))/(f^3*(m+3)*sqrt(...
    #1 d=1 dl=1 seenp fb=false seenlen=0 seen=- out=1_2_2_4_r93 owner=- f=(f*x)^m*(e*x^2+d)*sqrt(c*x^4+b*x^2+a)
    #2 d=2 dl=2 seenp fb=true seenlen=1 seen=- out=1_4_1_r7 owner=1_2_2_4_r93:fired f=e*x^2*(f*x)^m*sqrt(c*x^4+b*x^2+a)+d*(f*x)^m*sqrt(c*x^4+b*x^2+a)
    #3 d=3 dl=3 seenp fb=true seenlen=2 seen=- out=1_4_1_r29 owner=1_4_1_r7:fired f=x^2*(f*x)^m*sqrt(c*x^4+b*x^2+a)
    #4 d=4 dl=4 seenp fb=true seenlen=3 seen=- out=1_2_2_2_r35 owner=1_4_1_r29:fired f=(f*x)^(m+2)*sqrt(c*x^4+b*x^2+a)
    #5 d=5 dl=5 seenp fb=true seenlen=4 seen=- out=1_1_2_4_r66 owner=1_2_2_2_r35:fired f=(f*x)^(m+2)*sqrt((2*c*x^2)/(b-sqrt(b^2-4*a*c))+1)*sqrt((2*c*x^2)/(sqrt(b^2-4*a*c)+b)+1)
    #6 d=3 dl=3 seenp fb=true seenlen=2 seen=- out=1_2_2_2_r35 owner=1_4_1_r7:fired f=(f*x)^m*sqrt(c*x^4+b*x^2+a)
    #7 d=4 dl=4 seenp fb=true seenlen=3 seen=- out=1_1_2_4_r66 owner=1_2_2_2_r35:fired f=(f*x)^m*sqrt((2*c*x^2)/(b-sqrt(b^2-4*a*c))+1)*sqrt((2*c*x^2)/(sqrt(b^2-4*a*c)+b)+1)
  [p0] class=verified t=3.9s L289 returned=yes t=3.886052 calls=7 ratsimp-hits=0 exact-hits=2 unexited=0 misfire/fault-lines=0 top=1_2_2_6_r3@pass2
    fires=1_2_2_2_r2,1_1_2_3_r1,1_2_2_2_r2,1_4_1_r7,1_2_2_6_r3
    answer sha1=bb9401225003 d*'integrate((f*x)^m*sqrt(c*x^4+b*x^2+a),x)+(e*(f*x)^m*'integrate(x^(m+2)*sqrt(c*x^4+b*x^2+a),x))/x^m
    #1 d=1 dl=1 p0-mr_top fb=false seenlen=0 seen=- out=1_2_2_6_r3@pass2 owner=- f=(f*x)^m*(e*x^2+d)*sqrt(c*x^4+b*x^2+a)
    #2 d=2 dl=1 p0-mr_top fb=true seenlen=0 seen=- out=1_4_1_r7@pass1 owner=1_2_2_6_r3:fired f=e*x^2*(f*x)^m*sqrt(c*x^4+b*x^2+a)+d*(f*x)^m*sqrt(c*x^4+b*x^2+a)
    #3 d=3 dl=2 p0-mr_top fb=true seenlen=1 seen=- out=1_1_2_3_r1@pass1 owner=1_4_1_r7:fired f=x^2*(f*x)^m*sqrt(c*x^4+b*x^2+a)
    #4 d=4 dl=3 p0-mr_top fb=true seenlen=2 seen=- out=1_2_2_2_r2@pass1 owner=1_1_2_3_r1:fired f=x^(m+2)*sqrt(c*x^4+b*x^2+a)
    #5 d=5 dl=4 p0-mr_top fb=true seenlen=3 seen=exact@#4(idx1,live=yes) out=fall-through:seen-hit owner=1_2_2_2_r2:fired f=x^(m+2)*sqrt(c*x^4+b*x^2+a)
        matched elem=x^(m+2)*sqrt(c*x^4+b*x^2+a)
    #6 d=3 dl=2 p0-mr_top fb=true seenlen=1 seen=- out=1_2_2_2_r2@pass1 owner=1_4_1_r7:fired f=(f*x)^m*sqrt(c*x^4+b*x^2+a)
    #7 d=4 dl=3 p0-mr_top fb=true seenlen=2 seen=exact@#6(idx1,live=yes) out=fall-through:seen-hit owner=1_2_2_2_r2:fired f=(f*x)^m*sqrt(c*x^4+b*x^2+a)
        matched elem=(f*x)^m*sqrt(c*x^4+b*x^2+a)

--- c1 g7 1 Algebraic functions/1.2 Trinomial products/1.2.2 Quartic/1.2.2.4 (f x)^m (d+e x^2)^q (a+b x^2+c x^4)^p.mac e227 (eq)
  [trace] class=deferred t=0.3s L290 returned=yes t=0.252004 calls=2 ratsimp-hits=1 exact-hits=0 unexited=0 misfire/fault-lines=0 top=1_2_2_4_r93
    fires=1_2_2_4_r93
    answer sha1=7b9298580800 'integrate((e*x^2*(f*x)^m)/sqrt(c*x^4+b*x^2+a)+(d*(f*x)^m)/sqrt(c*x^4+b*x^2+a),x)
    #1 d=1 dl=1 seenp fb=false seenlen=0 seen=- out=1_2_2_4_r93 owner=- f=((f*x)^m*(e*x^2+d))/sqrt(c*x^4+b*x^2+a)
    #2 d=2 dl=2 seenp fb=true seenlen=1 seen=ratsimp@#1(idx1,live=yes) out=fall-through:seen-hit owner=1_2_2_4_r93:fired f=(e*x^2*(f*x)^m)/sqrt(c*x^4+b*x^2+a)+(d*(f*x)^m)/sqrt(c*x^4+b*x^2+a)
        matched elem=((f*x)^m*(e*x^2+d))/sqrt(c*x^4+b*x^2+a)
  [exact-only] class=contains-noun t=2.4s L290 returned=yes t=2.374031 calls=5 ratsimp-hits=0 exact-hits=0 unexited=0 misfire/fault-lines=0 top=1_2_2_4_r93
    fires=1_2_2_6_r9,1_4_1_r29,1_2_2_6_r9,1_4_1_r7,1_2_2_4_r93
    answer sha1=6cf5a1c46435 'unintegrable[(e*(f*x)^(m+2))/sqrt(c*x^4+b*x^2+a),x]/f^2+'unintegrable[(d*(f*x)^m)/sqrt(c*x^4+b*x^2+a),x]
    #1 d=1 dl=1 seenp fb=false seenlen=0 seen=- out=1_2_2_4_r93 owner=- f=((f*x)^m*(e*x^2+d))/sqrt(c*x^4+b*x^2+a)
    #2 d=2 dl=2 seenp fb=true seenlen=1 seen=- out=1_4_1_r7 owner=1_2_2_4_r93:fired f=(e*x^2*(f*x)^m)/sqrt(c*x^4+b*x^2+a)+(d*(f*x)^m)/sqrt(c*x^4+b*x^2+a)
    #3 d=3 dl=3 seenp fb=true seenlen=2 seen=- out=1_4_1_r29 owner=1_4_1_r7:fired f=(e*x^2*(f*x)^m)/sqrt(c*x^4+b*x^2+a)
    #4 d=4 dl=4 seenp fb=true seenlen=3 seen=- out=1_2_2_6_r9 owner=1_4_1_r29:fired f=(e*(f*x)^(m+2))/sqrt(c*x^4+b*x^2+a)
    #5 d=3 dl=3 seenp fb=true seenlen=2 seen=- out=1_2_2_6_r9 owner=1_4_1_r7:fired f=(d*(f*x)^m)/sqrt(c*x^4+b*x^2+a)
  [p0] class=verified t=4.8s L290 returned=yes t=4.828064 calls=7 ratsimp-hits=0 exact-hits=2 unexited=0 misfire/fault-lines=0 top=1_2_2_6_r3@pass2
    fires=1_2_2_6_r3,1_1_2_3_r1,1_2_2_6_r3,1_4_1_r7,1_2_2_6_r3
    answer sha1=fdb49da72965 d*'integrate((f*x)^m/sqrt(c*x^4+b*x^2+a),x)+(e*(f*x)^m*'integrate(x^(m+2)/sqrt(c*x^4+b*x^2+a),x))/x^m
    #1 d=1 dl=1 p0-mr_top fb=false seenlen=0 seen=- out=1_2_2_6_r3@pass2 owner=- f=((f*x)^m*(e*x^2+d))/sqrt(c*x^4+b*x^2+a)
    #2 d=2 dl=1 p0-mr_top fb=true seenlen=0 seen=- out=1_4_1_r7@pass1 owner=1_2_2_6_r3:fired f=(e*x^2*(f*x)^m)/sqrt(c*x^4+b*x^2+a)+(d*(f*x)^m)/sqrt(c*x^4+b*x^2+a)
    #3 d=3 dl=2 p0-mr_top fb=true seenlen=1 seen=- out=1_1_2_3_r1@pass1 owner=1_4_1_r7:fired f=(e*x^2*(f*x)^m)/sqrt(c*x^4+b*x^2+a)
    #4 d=4 dl=3 p0-mr_top fb=true seenlen=2 seen=- out=1_2_2_6_r3@pass1 owner=1_1_2_3_r1:fired f=(e*x^(m+2))/sqrt(c*x^4+b*x^2+a)
    #5 d=5 dl=4 p0-mr_top fb=true seenlen=3 seen=exact@#4(idx1,live=yes) out=fall-through:seen-hit owner=1_2_2_6_r3:fired f=(e*x^(m+2))/sqrt(c*x^4+b*x^2+a)
        matched elem=(e*x^(m+2))/sqrt(c*x^4+b*x^2+a)
    #6 d=3 dl=2 p0-mr_top fb=true seenlen=1 seen=- out=1_2_2_6_r3@pass1 owner=1_4_1_r7:fired f=(d*(f*x)^m)/sqrt(c*x^4+b*x^2+a)
    #7 d=4 dl=3 p0-mr_top fb=true seenlen=2 seen=exact@#6(idx1,live=yes) out=fall-through:seen-hit owner=1_2_2_6_r3:fired f=(d*(f*x)^m)/sqrt(c*x^4+b*x^2+a)
        matched elem=(d*(f*x)^m)/sqrt(c*x^4+b*x^2+a)

--- c1 g7 1 Algebraic functions/1.2 Trinomial products/1.2.2 Quartic/1.2.2.4 (f x)^m (d+e x^2)^q (a+b x^2+c x^4)^p.mac e228 (eq)
  [trace] class=deferred t=0.3s L291 returned=yes t=0.251004 calls=2 ratsimp-hits=1 exact-hits=0 unexited=0 misfire/fault-lines=0 top=1_2_2_4_r93
    fires=1_2_2_4_r93
    answer sha1=473a315c2a53 'integrate((e*x^2*(f*x)^m)/(c*x^4+b*x^2+a)^(3/2)+(d*(f*x)^m)/(c*x^4+b*x^2+a)^(3/2),x)
    #1 d=1 dl=1 seenp fb=false seenlen=0 seen=- out=1_2_2_4_r93 owner=- f=((f*x)^m*(e*x^2+d))/(c*x^4+b*x^2+a)^(3/2)
    #2 d=2 dl=2 seenp fb=true seenlen=1 seen=ratsimp@#1(idx1,live=yes) out=fall-through:seen-hit owner=1_2_2_4_r93:fired f=(e*x^2*(f*x)^m)/(c*x^4+b*x^2+a)^(3/2)+(d*(f*x)^m)/(c*x^4+b*x^2+a)^(3/2)
        matched elem=((f*x)^m*(e*x^2+d))/(c*x^4+b*x^2+a)^(3/2)
  [exact-only] class=contains-noun t=2.4s L291 returned=yes t=2.411032 calls=5 ratsimp-hits=0 exact-hits=0 unexited=0 misfire/fault-lines=0 top=1_2_2_4_r93
    fires=1_2_2_6_r9,1_4_1_r29,1_2_2_6_r9,1_4_1_r7,1_2_2_4_r93
    answer sha1=eaade0dc9b2e 'unintegrable[(e*(f*x)^(m+2))/(c*x^4+b*x^2+a)^(3/2),x]/f^2+'unintegrable[(d*(f*x)^m)/(c*x^4+b*x^2+a)^(3/2),x]
    #1 d=1 dl=1 seenp fb=false seenlen=0 seen=- out=1_2_2_4_r93 owner=- f=((f*x)^m*(e*x^2+d))/(c*x^4+b*x^2+a)^(3/2)
    #2 d=2 dl=2 seenp fb=true seenlen=1 seen=- out=1_4_1_r7 owner=1_2_2_4_r93:fired f=(e*x^2*(f*x)^m)/(c*x^4+b*x^2+a)^(3/2)+(d*(f*x)^m)/(c*x^4+b*x^2+a)^(3/2)
    #3 d=3 dl=3 seenp fb=true seenlen=2 seen=- out=1_4_1_r29 owner=1_4_1_r7:fired f=(e*x^2*(f*x)^m)/(c*x^4+b*x^2+a)^(3/2)
    #4 d=4 dl=4 seenp fb=true seenlen=3 seen=- out=1_2_2_6_r9 owner=1_4_1_r29:fired f=(e*(f*x)^(m+2))/(c*x^4+b*x^2+a)^(3/2)
    #5 d=3 dl=3 seenp fb=true seenlen=2 seen=- out=1_2_2_6_r9 owner=1_4_1_r7:fired f=(d*(f*x)^m)/(c*x^4+b*x^2+a)^(3/2)
  [p0] class=verified t=4.7s L291 returned=yes t=4.656062 calls=7 ratsimp-hits=0 exact-hits=2 unexited=0 misfire/fault-lines=0 top=1_2_2_6_r3@pass2
    fires=1_2_2_6_r3,1_1_2_3_r1,1_2_2_6_r3,1_4_1_r7,1_2_2_6_r3
    answer sha1=d2ec4898a708 d*'integrate((f*x)^m/(c*x^4+b*x^2+a)^(3/2),x)+(e*(f*x)^m*'integrate(x^(m+2)/(c*x^4+b*x^2+a)^(3/2),x))/x^m
    #1 d=1 dl=1 p0-mr_top fb=false seenlen=0 seen=- out=1_2_2_6_r3@pass2 owner=- f=((f*x)^m*(e*x^2+d))/(c*x^4+b*x^2+a)^(3/2)
    #2 d=2 dl=1 p0-mr_top fb=true seenlen=0 seen=- out=1_4_1_r7@pass1 owner=1_2_2_6_r3:fired f=(e*x^2*(f*x)^m)/(c*x^4+b*x^2+a)^(3/2)+(d*(f*x)^m)/(c*x^4+b*x^2+a)^(3/2)
    #3 d=3 dl=2 p0-mr_top fb=true seenlen=1 seen=- out=1_1_2_3_r1@pass1 owner=1_4_1_r7:fired f=(e*x^2*(f*x)^m)/(c*x^4+b*x^2+a)^(3/2)
    #4 d=4 dl=3 p0-mr_top fb=true seenlen=2 seen=- out=1_2_2_6_r3@pass1 owner=1_1_2_3_r1:fired f=(e*x^(m+2))/(c*x^4+b*x^2+a)^(3/2)
    #5 d=5 dl=4 p0-mr_top fb=true seenlen=3 seen=exact@#4(idx1,live=yes) out=fall-through:seen-hit owner=1_2_2_6_r3:fired f=(e*x^(m+2))/(c*x^4+b*x^2+a)^(3/2)
        matched elem=(e*x^(m+2))/(c*x^4+b*x^2+a)^(3/2)
    #6 d=3 dl=2 p0-mr_top fb=true seenlen=1 seen=- out=1_2_2_6_r3@pass1 owner=1_4_1_r7:fired f=(d*(f*x)^m)/(c*x^4+b*x^2+a)^(3/2)
    #7 d=4 dl=3 p0-mr_top fb=true seenlen=2 seen=exact@#6(idx1,live=yes) out=fall-through:seen-hit owner=1_2_2_6_r3:fired f=(d*(f*x)^m)/(c*x^4+b*x^2+a)^(3/2)
        matched elem=(d*(f*x)^m)/(c*x^4+b*x^2+a)^(3/2)

--- c1 g9 1 Algebraic functions/1.2 Trinomial products/1.2.1 Quadratic/1.2.1.4 (d+e x)^m (f+g x)^n (a+b x+c x^2)^p.mac e442 (eq)
  [trace] class=deferred t=1.1s L557 returned=yes t=1.043013 calls=2 ratsimp-hits=1 exact-hits=0 unexited=0 misfire/fault-lines=0 top=1_2_1_3_r109
    fires=1_2_1_3_r109
    answer sha1=849c9b1376a6 'integrate(sqrt(c*d*e*x^2+a*e^2*x+c*d^2*x+a*d*e)/(e*x^3+d*x^2),x)
    #1 d=1 dl=1 seenp fb=false seenlen=0 seen=- out=1_2_1_3_r109 owner=- f=sqrt(c*d*e*x^2+(a*e^2+c*d^2)*x+a*d*e)/(x^2*(e*x+d))
    #2 d=2 dl=2 seenp fb=true seenlen=1 seen=ratsimp@#1(idx1,live=yes) out=fall-through:seen-hit owner=1_2_1_3_r109:fired f=sqrt(c*d*e*x^2+a*e^2*x+c*d^2*x+a*d*e)/(e*x^3+d*x^2)
        matched elem=sqrt(c*d*e*x^2+(a*e^2+c*d^2)*x+a*d*e)/(x^2*(e*x+d))
  [exact-only] class=deferred t=5.1s L557 returned=yes t=5.074068 calls=4 ratsimp-hits=0 exact-hits=1 unexited=0 misfire/fault-lines=0 top=1_2_1_3_r109
    fires=1_4_2_r15,1_4_1_r25,1_2_1_3_r109
    answer sha1=f6a61efd9987 'integrate(sqrt(c*d*e*x^2+a*e^2*x+c*d^2*x+a*d*e)/(x^2*(e*x+d)),x)
    #1 d=1 dl=1 seenp fb=false seenlen=0 seen=- out=1_2_1_3_r109 owner=- f=sqrt(c*d*e*x^2+(a*e^2+c*d^2)*x+a*d*e)/(x^2*(e*x+d))
    #2 d=2 dl=2 seenp fb=true seenlen=1 seen=- out=1_4_1_r25 owner=1_2_1_3_r109:fired f=sqrt(c*d*e*x^2+a*e^2*x+c*d^2*x+a*d*e)/(e*x^3+d*x^2)
    #3 d=3 dl=3 seenp fb=true seenlen=2 seen=- out=1_4_2_r15 owner=1_4_1_r25:fired f=sqrt(c*d*e*x^2+a*e^2*x+c*d^2*x+a*d*e)/(x^2*(e*x+d))
    #4 d=4 dl=4 seenp fb=true seenlen=3 seen=exact@#3(idx1,live=yes) out=fall-through:seen-hit owner=1_4_2_r15:fired f=sqrt(c*d*e*x^2+a*e^2*x+c*d^2*x+a*d*e)/(x^2*(e*x+d))
        matched elem=sqrt(c*d*e*x^2+a*e^2*x+c*d^2*x+a*d*e)/(x^2*(e*x+d))
  [p0] class=verified t=1.1s L557 returned=yes t=1.117014 calls=3 ratsimp-hits=1 exact-hits=0 unexited=0 misfire/fault-lines=0 top=1_3_3_r6@pass1
    fires=1_4_2_r25,1_3_3_r6
    answer sha1=95a83722df76 ((sqrt(a)*e^(5/2)*log((2*sqrt(a)*sqrt(d)*sqrt(e)*sqrt(c*d*e*x^2+(a*e^2+c*d^2)*x+a*d*e))/abs(x)+((a*e^2+c*d^2)*x)/abs(x)+(2*a*d*e)/abs(x)))/(2*d^(3/2))-(c*sqrt(d...
    #1 d=1 dl=1 p0-mr_top fb=false seenlen=0 seen=- out=1_3_3_r6@pass1 owner=- f=sqrt(c*d*e*x^2+(a*e^2+c*d^2)*x+a*d*e)/(x^2*(e*x+d))
    #2 d=2 dl=2 p0-mr_top fb=true seenlen=1 seen=- out=1_4_2_r25@pass1 owner=1_3_3_r6:fired f=sqrt(c*d*e*x+a*e^2)/(e*x^2*sqrt((e*x+d)/e))
    #3 d=3 dl=3 p0-mr_top fb=true seenlen=2 seen=ratsimp@#2(idx1,live=yes) out=fall-through:seen-hit owner=1_4_2_r25:fired f=sqrt(c*d*e*x+a*e^2)/(e*x^2*sqrt(x+d/e))
        matched elem=sqrt(c*d*e*x+a*e^2)/(e*x^2*sqrt((e*x+d)/e))

--- c1 g9 1 Algebraic functions/1.2 Trinomial products/1.2.1 Quadratic/1.2.1.4 (d+e x)^m (f+g x)^n (a+b x+c x^2)^p.mac e443 (eq)
  [trace] class=deferred t=1.1s L558 returned=yes t=1.036013 calls=2 ratsimp-hits=1 exact-hits=0 unexited=0 misfire/fault-lines=0 top=1_2_1_3_r109
    fires=1_2_1_3_r109
    answer sha1=90367dcfdbae 'integrate(sqrt(c*d*e*x^2+a*e^2*x+c*d^2*x+a*d*e)/(e*x^4+d*x^3),x)
    #1 d=1 dl=1 seenp fb=false seenlen=0 seen=- out=1_2_1_3_r109 owner=- f=sqrt(c*d*e*x^2+(a*e^2+c*d^2)*x+a*d*e)/(x^3*(e*x+d))
    #2 d=2 dl=2 seenp fb=true seenlen=1 seen=ratsimp@#1(idx1,live=yes) out=fall-through:seen-hit owner=1_2_1_3_r109:fired f=sqrt(c*d*e*x^2+a*e^2*x+c*d^2*x+a*d*e)/(e*x^4+d*x^3)
        matched elem=sqrt(c*d*e*x^2+(a*e^2+c*d^2)*x+a*d*e)/(x^3*(e*x+d))
  [exact-only] class=deferred t=4.5s L558 returned=yes t=4.526061 calls=4 ratsimp-hits=0 exact-hits=1 unexited=0 misfire/fault-lines=0 top=1_2_1_3_r109
    fires=1_4_2_r15,1_4_1_r25,1_2_1_3_r109
    answer sha1=102eae836853 'integrate(sqrt(c*d*e*x^2+a*e^2*x+c*d^2*x+a*d*e)/(x^3*(e*x+d)),x)
    #1 d=1 dl=1 seenp fb=false seenlen=0 seen=- out=1_2_1_3_r109 owner=- f=sqrt(c*d*e*x^2+(a*e^2+c*d^2)*x+a*d*e)/(x^3*(e*x+d))
    #2 d=2 dl=2 seenp fb=true seenlen=1 seen=- out=1_4_1_r25 owner=1_2_1_3_r109:fired f=sqrt(c*d*e*x^2+a*e^2*x+c*d^2*x+a*d*e)/(e*x^4+d*x^3)
    #3 d=3 dl=3 seenp fb=true seenlen=2 seen=- out=1_4_2_r15 owner=1_4_1_r25:fired f=sqrt(c*d*e*x^2+a*e^2*x+c*d^2*x+a*d*e)/(x^3*(e*x+d))
    #4 d=4 dl=4 seenp fb=true seenlen=3 seen=exact@#3(idx1,live=yes) out=fall-through:seen-hit owner=1_4_2_r15:fired f=sqrt(c*d*e*x^2+a*e^2*x+c*d^2*x+a*d*e)/(x^3*(e*x+d))
        matched elem=sqrt(c*d*e*x^2+a*e^2*x+c*d^2*x+a*d*e)/(x^3*(e*x+d))
  [p0] class=verified t=1.2s L558 returned=yes t=1.143015 calls=3 ratsimp-hits=1 exact-hits=0 unexited=0 misfire/fault-lines=0 top=1_3_3_r6@pass1
    fires=1_4_2_r25,1_3_3_r6
    answer sha1=c9d8f8dd288d (-((3*e^(3/2)*(a*e^2+c*d^2)*log((2*sqrt(a)*sqrt(d)*sqrt(e)*sqrt(c*d*e*x^2+(a*e^2+c*d^2)*x+a*d*e))/abs(x)+((a*e^2+c*d^2)*x)/abs(x)+(2*a*d*e)/abs(x)))/(8*sqrt(a)*...
    #1 d=1 dl=1 p0-mr_top fb=false seenlen=0 seen=- out=1_3_3_r6@pass1 owner=- f=sqrt(c*d*e*x^2+(a*e^2+c*d^2)*x+a*d*e)/(x^3*(e*x+d))
    #2 d=2 dl=2 p0-mr_top fb=true seenlen=1 seen=- out=1_4_2_r25@pass1 owner=1_3_3_r6:fired f=sqrt(c*d*e*x+a*e^2)/(e*x^3*sqrt((e*x+d)/e))
    #3 d=3 dl=3 p0-mr_top fb=true seenlen=2 seen=ratsimp@#2(idx1,live=yes) out=fall-through:seen-hit owner=1_4_2_r25:fired f=sqrt(c*d*e*x+a*e^2)/(e*x^3*sqrt(x+d/e))
        matched elem=sqrt(c*d*e*x+a*e^2)/(e*x^3*sqrt((e*x+d)/e))

--- c1 g9 1 Algebraic functions/1.2 Trinomial products/1.2.1 Quadratic/1.2.1.4 (d+e x)^m (f+g x)^n (a+b x+c x^2)^p.mac e444 (eq)
  [trace] class=deferred t=1.1s L559 returned=yes t=1.039013 calls=2 ratsimp-hits=1 exact-hits=0 unexited=0 misfire/fault-lines=0 top=1_2_1_3_r109
    fires=1_2_1_3_r109
    answer sha1=73106827ba69 'integrate(sqrt(c*d*e*x^2+a*e^2*x+c*d^2*x+a*d*e)/(e*x^5+d*x^4),x)
    #1 d=1 dl=1 seenp fb=false seenlen=0 seen=- out=1_2_1_3_r109 owner=- f=sqrt(c*d*e*x^2+(a*e^2+c*d^2)*x+a*d*e)/(x^4*(e*x+d))
    #2 d=2 dl=2 seenp fb=true seenlen=1 seen=ratsimp@#1(idx1,live=yes) out=fall-through:seen-hit owner=1_2_1_3_r109:fired f=sqrt(c*d*e*x^2+a*e^2*x+c*d^2*x+a*d*e)/(e*x^5+d*x^4)
        matched elem=sqrt(c*d*e*x^2+(a*e^2+c*d^2)*x+a*d*e)/(x^4*(e*x+d))
  [exact-only] class=deferred t=4.6s L559 returned=yes t=4.548061 calls=4 ratsimp-hits=0 exact-hits=1 unexited=0 misfire/fault-lines=0 top=1_2_1_3_r109
    fires=1_4_2_r15,1_4_1_r25,1_2_1_3_r109
    answer sha1=7d4481fb833c 'integrate(sqrt(c*d*e*x^2+a*e^2*x+c*d^2*x+a*d*e)/(x^4*(e*x+d)),x)
    #1 d=1 dl=1 seenp fb=false seenlen=0 seen=- out=1_2_1_3_r109 owner=- f=sqrt(c*d*e*x^2+(a*e^2+c*d^2)*x+a*d*e)/(x^4*(e*x+d))
    #2 d=2 dl=2 seenp fb=true seenlen=1 seen=- out=1_4_1_r25 owner=1_2_1_3_r109:fired f=sqrt(c*d*e*x^2+a*e^2*x+c*d^2*x+a*d*e)/(e*x^5+d*x^4)
    #3 d=3 dl=3 seenp fb=true seenlen=2 seen=- out=1_4_2_r15 owner=1_4_1_r25:fired f=sqrt(c*d*e*x^2+a*e^2*x+c*d^2*x+a*d*e)/(x^4*(e*x+d))
    #4 d=4 dl=4 seenp fb=true seenlen=3 seen=exact@#3(idx1,live=yes) out=fall-through:seen-hit owner=1_4_2_r15:fired f=sqrt(c*d*e*x^2+a*e^2*x+c*d^2*x+a*d*e)/(x^4*(e*x+d))
        matched elem=sqrt(c*d*e*x^2+a*e^2*x+c*d^2*x+a*d*e)/(x^4*(e*x+d))
  [p0] class=verified t=1.2s L559 returned=yes t=1.161015 calls=3 ratsimp-hits=1 exact-hits=0 unexited=0 misfire/fault-lines=0 top=1_3_3_r6@pass1
    fires=1_4_2_r25,1_3_3_r6
    answer sha1=ccf7b01e7a67 ((5*sqrt(e)*(a*e^2+c*d^2)^2*log((2*sqrt(a)*sqrt(d)*sqrt(e)*sqrt(c*d*e*x^2+(a*e^2+c*d^2)*x+a*d*e))/abs(x)+((a*e^2+c*d^2)*x)/abs(x)+(2*a*d*e)/abs(x)))/(16*a^(3/2)...
    #1 d=1 dl=1 p0-mr_top fb=false seenlen=0 seen=- out=1_3_3_r6@pass1 owner=- f=sqrt(c*d*e*x^2+(a*e^2+c*d^2)*x+a*d*e)/(x^4*(e*x+d))
    #2 d=2 dl=2 p0-mr_top fb=true seenlen=1 seen=- out=1_4_2_r25@pass1 owner=1_3_3_r6:fired f=sqrt(c*d*e*x+a*e^2)/(e*x^4*sqrt((e*x+d)/e))
    #3 d=3 dl=3 p0-mr_top fb=true seenlen=2 seen=ratsimp@#2(idx1,live=yes) out=fall-through:seen-hit owner=1_4_2_r25:fired f=sqrt(c*d*e*x+a*e^2)/(e*x^4*sqrt(x+d/e))
        matched elem=sqrt(c*d*e*x+a*e^2)/(e*x^4*sqrt((e*x+d)/e))

--- c1 g9 1 Algebraic functions/1.2 Trinomial products/1.2.1 Quadratic/1.2.1.4 (d+e x)^m (f+g x)^n (a+b x+c x^2)^p.mac e445 (eq)
  [trace] class=deferred t=1.1s L560 returned=yes t=1.050014 calls=2 ratsimp-hits=1 exact-hits=0 unexited=0 misfire/fault-lines=0 top=1_2_1_3_r109
    fires=1_2_1_3_r109
    answer sha1=f3cc0948397e 'integrate(sqrt(c*d*e*x^2+a*e^2*x+c*d^2*x+a*d*e)/(e*x^6+d*x^5),x)
    #1 d=1 dl=1 seenp fb=false seenlen=0 seen=- out=1_2_1_3_r109 owner=- f=sqrt(c*d*e*x^2+(a*e^2+c*d^2)*x+a*d*e)/(x^5*(e*x+d))
    #2 d=2 dl=2 seenp fb=true seenlen=1 seen=ratsimp@#1(idx1,live=yes) out=fall-through:seen-hit owner=1_2_1_3_r109:fired f=sqrt(c*d*e*x^2+a*e^2*x+c*d^2*x+a*d*e)/(e*x^6+d*x^5)
        matched elem=sqrt(c*d*e*x^2+(a*e^2+c*d^2)*x+a*d*e)/(x^5*(e*x+d))
  [exact-only] class=deferred t=4.5s L560 returned=yes t=4.50806 calls=4 ratsimp-hits=0 exact-hits=1 unexited=0 misfire/fault-lines=0 top=1_2_1_3_r109
    fires=1_4_2_r15,1_4_1_r25,1_2_1_3_r109
    answer sha1=6eee5feea3a1 'integrate(sqrt(c*d*e*x^2+a*e^2*x+c*d^2*x+a*d*e)/(x^5*(e*x+d)),x)
    #1 d=1 dl=1 seenp fb=false seenlen=0 seen=- out=1_2_1_3_r109 owner=- f=sqrt(c*d*e*x^2+(a*e^2+c*d^2)*x+a*d*e)/(x^5*(e*x+d))
    #2 d=2 dl=2 seenp fb=true seenlen=1 seen=- out=1_4_1_r25 owner=1_2_1_3_r109:fired f=sqrt(c*d*e*x^2+a*e^2*x+c*d^2*x+a*d*e)/(e*x^6+d*x^5)
    #3 d=3 dl=3 seenp fb=true seenlen=2 seen=- out=1_4_2_r15 owner=1_4_1_r25:fired f=sqrt(c*d*e*x^2+a*e^2*x+c*d^2*x+a*d*e)/(x^5*(e*x+d))
    #4 d=4 dl=4 seenp fb=true seenlen=3 seen=exact@#3(idx1,live=yes) out=fall-through:seen-hit owner=1_4_2_r15:fired f=sqrt(c*d*e*x^2+a*e^2*x+c*d^2*x+a*d*e)/(x^5*(e*x+d))
        matched elem=sqrt(c*d*e*x^2+a*e^2*x+c*d^2*x+a*d*e)/(x^5*(e*x+d))
  [p0] class=verified t=1.2s L560 returned=yes t=1.221016 calls=3 ratsimp-hits=1 exact-hits=0 unexited=0 misfire/fault-lines=0 top=1_3_3_r6@pass1
    fires=1_4_2_r25,1_3_3_r6
    answer sha1=865722e92306 (-((35*(a*e^2+c*d^2)^3*log((2*sqrt(a)*sqrt(d)*sqrt(e)*sqrt(c*d*e*x^2+(a*e^2+c*d^2)*x+a*d*e))/abs(x)+((a*e^2+c*d^2)*x)/abs(x)+(2*a*d*e)/abs(x)))/(128*a^(5/2)*d^(...
    #1 d=1 dl=1 p0-mr_top fb=false seenlen=0 seen=- out=1_3_3_r6@pass1 owner=- f=sqrt(c*d*e*x^2+(a*e^2+c*d^2)*x+a*d*e)/(x^5*(e*x+d))
    #2 d=2 dl=2 p0-mr_top fb=true seenlen=1 seen=- out=1_4_2_r25@pass1 owner=1_3_3_r6:fired f=sqrt(c*d*e*x+a*e^2)/(e*x^5*sqrt((e*x+d)/e))
    #3 d=3 dl=3 p0-mr_top fb=true seenlen=2 seen=ratsimp@#2(idx1,live=yes) out=fall-through:seen-hit owner=1_4_2_r25:fired f=sqrt(c*d*e*x+a*e^2)/(e*x^5*sqrt(x+d/e))
        matched elem=sqrt(c*d*e*x+a*e^2)/(e*x^5*sqrt((e*x+d)/e))

--- c1 g9 1 Algebraic functions/1.2 Trinomial products/1.2.1 Quadratic/1.2.1.4 (d+e x)^m (f+g x)^n (a+b x+c x^2)^p.mac e451 (eq)
  [trace] class=deferred t=1.0s L566 returned=yes t=1.027013 calls=2 ratsimp-hits=1 exact-hits=0 unexited=0 misfire/fault-lines=0 top=1_2_1_3_r109
    fires=1_2_1_3_r109
    answer sha1=eb1e6fad1598 'integrate((c*d*e*x^2+a*e^2*x+c*d^2*x+a*d*e)^(3/2)/(e*x^3+d*x^2),x)
    #1 d=1 dl=1 seenp fb=false seenlen=0 seen=- out=1_2_1_3_r109 owner=- f=(c*d*e*x^2+(a*e^2+c*d^2)*x+a*d*e)^(3/2)/(x^2*(e*x+d))
    #2 d=2 dl=2 seenp fb=true seenlen=1 seen=ratsimp@#1(idx1,live=yes) out=fall-through:seen-hit owner=1_2_1_3_r109:fired f=(c*d*e*x^2+a*e^2*x+c*d^2*x+a*d*e)^(3/2)/(e*x^3+d*x^2)
        matched elem=(c*d*e*x^2+(a*e^2+c*d^2)*x+a*d*e)^(3/2)/(x^2*(e*x+d))
  [exact-only] class=deferred t=5.1s L566 returned=yes t=5.044067 calls=4 ratsimp-hits=0 exact-hits=1 unexited=0 misfire/fault-lines=0 top=1_2_1_3_r109
    fires=1_4_2_r15,1_4_1_r25,1_2_1_3_r109
    answer sha1=4e3d2ea36676 'integrate((c*d*e*x^2+a*e^2*x+c*d^2*x+a*d*e)^(3/2)/(x^2*(e*x+d)),x)
    #1 d=1 dl=1 seenp fb=false seenlen=0 seen=- out=1_2_1_3_r109 owner=- f=(c*d*e*x^2+(a*e^2+c*d^2)*x+a*d*e)^(3/2)/(x^2*(e*x+d))
    #2 d=2 dl=2 seenp fb=true seenlen=1 seen=- out=1_4_1_r25 owner=1_2_1_3_r109:fired f=(c*d*e*x^2+a*e^2*x+c*d^2*x+a*d*e)^(3/2)/(e*x^3+d*x^2)
    #3 d=3 dl=3 seenp fb=true seenlen=2 seen=- out=1_4_2_r15 owner=1_4_1_r25:fired f=(c*d*e*x^2+a*e^2*x+c*d^2*x+a*d*e)^(3/2)/(x^2*(e*x+d))
    #4 d=4 dl=4 seenp fb=true seenlen=3 seen=exact@#3(idx1,live=yes) out=fall-through:seen-hit owner=1_4_2_r15:fired f=(c*d*e*x^2+a*e^2*x+c*d^2*x+a*d*e)^(3/2)/(x^2*(e*x+d))
        matched elem=(c*d*e*x^2+a*e^2*x+c*d^2*x+a*d*e)^(3/2)/(x^2*(e*x+d))
  [p0] class=verified t=1.1s L566 returned=yes t=1.116015 calls=3 ratsimp-hits=1 exact-hits=0 unexited=0 misfire/fault-lines=0 top=1_3_3_r6@pass1
    fires=1_4_2_r25,1_3_3_r6
    answer sha1=74a3d3aa1411 (-((a^(3/2)*e^(7/2)*log((2*sqrt(a)*sqrt(d)*sqrt(e)*sqrt(c*d*e*x^2+(a*e^2+c*d^2)*x+a*d*e))/abs(x)+((a*e^2+c*d^2)*x)/abs(x)+(2*a*d*e)/abs(x)))/(2*sqrt(d)))-(3*sqr...
    #1 d=1 dl=1 p0-mr_top fb=false seenlen=0 seen=- out=1_3_3_r6@pass1 owner=- f=(c*d*e*x^2+(a*e^2+c*d^2)*x+a*d*e)^(3/2)/(x^2*(e*x+d))
    #2 d=2 dl=2 p0-mr_top fb=true seenlen=1 seen=- out=1_4_2_r25@pass1 owner=1_3_3_r6:fired f=(sqrt((e*x+d)/e)*(c*d*e*x+a*e^2)^(3/2))/(e*x^2)
    #3 d=3 dl=3 p0-mr_top fb=true seenlen=2 seen=ratsimp@#2(idx1,live=yes) out=fall-through:seen-hit owner=1_4_2_r25:fired f=(sqrt(x+d/e)*(c*d*e*x+a*e^2)^(3/2))/(e*x^2)
        matched elem=(sqrt((e*x+d)/e)*(c*d*e*x+a*e^2)^(3/2))/(e*x^2)

--- c1 g9 1 Algebraic functions/1.2 Trinomial products/1.2.1 Quadratic/1.2.1.4 (d+e x)^m (f+g x)^n (a+b x+c x^2)^p.mac e452 (eq)
  [trace] class=deferred t=1.0s L567 returned=yes t=1.023013 calls=2 ratsimp-hits=1 exact-hits=0 unexited=0 misfire/fault-lines=0 top=1_2_1_3_r109
    fires=1_2_1_3_r109
    answer sha1=03f79f22e139 'integrate((c*d*e*x^2+a*e^2*x+c*d^2*x+a*d*e)^(3/2)/(e*x^4+d*x^3),x)
    #1 d=1 dl=1 seenp fb=false seenlen=0 seen=- out=1_2_1_3_r109 owner=- f=(c*d*e*x^2+(a*e^2+c*d^2)*x+a*d*e)^(3/2)/(x^3*(e*x+d))
    #2 d=2 dl=2 seenp fb=true seenlen=1 seen=ratsimp@#1(idx1,live=yes) out=fall-through:seen-hit owner=1_2_1_3_r109:fired f=(c*d*e*x^2+a*e^2*x+c*d^2*x+a*d*e)^(3/2)/(e*x^4+d*x^3)
        matched elem=(c*d*e*x^2+(a*e^2+c*d^2)*x+a*d*e)^(3/2)/(x^3*(e*x+d))
  [exact-only] class=deferred t=4.5s L567 returned=yes t=4.53306 calls=4 ratsimp-hits=0 exact-hits=1 unexited=0 misfire/fault-lines=0 top=1_2_1_3_r109
    fires=1_4_2_r15,1_4_1_r25,1_2_1_3_r109
    answer sha1=7a2cdbd76f3b 'integrate((c*d*e*x^2+a*e^2*x+c*d^2*x+a*d*e)^(3/2)/(x^3*(e*x+d)),x)
    #1 d=1 dl=1 seenp fb=false seenlen=0 seen=- out=1_2_1_3_r109 owner=- f=(c*d*e*x^2+(a*e^2+c*d^2)*x+a*d*e)^(3/2)/(x^3*(e*x+d))
    #2 d=2 dl=2 seenp fb=true seenlen=1 seen=- out=1_4_1_r25 owner=1_2_1_3_r109:fired f=(c*d*e*x^2+a*e^2*x+c*d^2*x+a*d*e)^(3/2)/(e*x^4+d*x^3)
    #3 d=3 dl=3 seenp fb=true seenlen=2 seen=- out=1_4_2_r15 owner=1_4_1_r25:fired f=(c*d*e*x^2+a*e^2*x+c*d^2*x+a*d*e)^(3/2)/(x^3*(e*x+d))
    #4 d=4 dl=4 seenp fb=true seenlen=3 seen=exact@#3(idx1,live=yes) out=fall-through:seen-hit owner=1_4_2_r15:fired f=(c*d*e*x^2+a*e^2*x+c*d^2*x+a*d*e)^(3/2)/(x^3*(e*x+d))
        matched elem=(c*d*e*x^2+a*e^2*x+c*d^2*x+a*d*e)^(3/2)/(x^3*(e*x+d))
  [p0] class=verified t=1.1s L567 returned=yes t=1.116014 calls=3 ratsimp-hits=1 exact-hits=0 unexited=0 misfire/fault-lines=0 top=1_3_3_r6@pass1
    fires=1_4_2_r25,1_3_3_r6
    answer sha1=7370d8b9a17d (-(sqrt(a)*c*sqrt(d)*e^(5/2)*log((2*sqrt(a)*sqrt(d)*sqrt(e)*sqrt(c*d*e*x^2+(a*e^2+c*d^2)*x+a*d*e))/abs(x)+((a*e^2+c*d^2)*x)/abs(x)+(2*a*d*e)/abs(x)))+(sqrt(a)*e...
    #1 d=1 dl=1 p0-mr_top fb=false seenlen=0 seen=- out=1_3_3_r6@pass1 owner=- f=(c*d*e*x^2+(a*e^2+c*d^2)*x+a*d*e)^(3/2)/(x^3*(e*x+d))
    #2 d=2 dl=2 p0-mr_top fb=true seenlen=1 seen=- out=1_4_2_r25@pass1 owner=1_3_3_r6:fired f=(sqrt((e*x+d)/e)*(c*d*e*x+a*e^2)^(3/2))/(e*x^3)
    #3 d=3 dl=3 p0-mr_top fb=true seenlen=2 seen=ratsimp@#2(idx1,live=yes) out=fall-through:seen-hit owner=1_4_2_r25:fired f=(sqrt(x+d/e)*(c*d*e*x+a*e^2)^(3/2))/(e*x^3)
        matched elem=(sqrt((e*x+d)/e)*(c*d*e*x+a*e^2)^(3/2))/(e*x^3)

--- c1 g9 1 Algebraic functions/1.2 Trinomial products/1.2.1 Quadratic/1.2.1.4 (d+e x)^m (f+g x)^n (a+b x+c x^2)^p.mac e453 (eq)
  [trace] class=deferred t=1.0s L568 returned=yes t=1.027013 calls=2 ratsimp-hits=1 exact-hits=0 unexited=0 misfire/fault-lines=0 top=1_2_1_3_r109
    fires=1_2_1_3_r109
    answer sha1=3918f7fa7b13 'integrate((c*d*e*x^2+a*e^2*x+c*d^2*x+a*d*e)^(3/2)/(e*x^5+d*x^4),x)
    #1 d=1 dl=1 seenp fb=false seenlen=0 seen=- out=1_2_1_3_r109 owner=- f=(c*d*e*x^2+(a*e^2+c*d^2)*x+a*d*e)^(3/2)/(x^4*(e*x+d))
    #2 d=2 dl=2 seenp fb=true seenlen=1 seen=ratsimp@#1(idx1,live=yes) out=fall-through:seen-hit owner=1_2_1_3_r109:fired f=(c*d*e*x^2+a*e^2*x+c*d^2*x+a*d*e)^(3/2)/(e*x^5+d*x^4)
        matched elem=(c*d*e*x^2+(a*e^2+c*d^2)*x+a*d*e)^(3/2)/(x^4*(e*x+d))
  [exact-only] class=deferred t=4.6s L568 returned=yes t=4.54106 calls=4 ratsimp-hits=0 exact-hits=1 unexited=0 misfire/fault-lines=0 top=1_2_1_3_r109
    fires=1_4_2_r15,1_4_1_r25,1_2_1_3_r109
    answer sha1=a78f73c2f245 'integrate((c*d*e*x^2+a*e^2*x+c*d^2*x+a*d*e)^(3/2)/(x^4*(e*x+d)),x)
    #1 d=1 dl=1 seenp fb=false seenlen=0 seen=- out=1_2_1_3_r109 owner=- f=(c*d*e*x^2+(a*e^2+c*d^2)*x+a*d*e)^(3/2)/(x^4*(e*x+d))
    #2 d=2 dl=2 seenp fb=true seenlen=1 seen=- out=1_4_1_r25 owner=1_2_1_3_r109:fired f=(c*d*e*x^2+a*e^2*x+c*d^2*x+a*d*e)^(3/2)/(e*x^5+d*x^4)
    #3 d=3 dl=3 seenp fb=true seenlen=2 seen=- out=1_4_2_r15 owner=1_4_1_r25:fired f=(c*d*e*x^2+a*e^2*x+c*d^2*x+a*d*e)^(3/2)/(x^4*(e*x+d))
    #4 d=4 dl=4 seenp fb=true seenlen=3 seen=exact@#3(idx1,live=yes) out=fall-through:seen-hit owner=1_4_2_r15:fired f=(c*d*e*x^2+a*e^2*x+c*d^2*x+a*d*e)^(3/2)/(x^4*(e*x+d))
        matched elem=(c*d*e*x^2+a*e^2*x+c*d^2*x+a*d*e)^(3/2)/(x^4*(e*x+d))
  [p0] class=verified t=1.2s L568 returned=yes t=1.137015 calls=3 ratsimp-hits=1 exact-hits=0 unexited=0 misfire/fault-lines=0 top=1_3_3_r6@pass1
    fires=1_4_2_r25,1_3_3_r6
    answer sha1=8a8d671a5980 (-((e^(3/2)*(a*e^2+c*d^2)^2*log((2*sqrt(a)*sqrt(d)*sqrt(e)*sqrt(c*d*e*x^2+(a*e^2+c*d^2)*x+a*d*e))/abs(x)+((a*e^2+c*d^2)*x)/abs(x)+(2*a*d*e)/abs(x)))/(16*sqrt(a)...
    #1 d=1 dl=1 p0-mr_top fb=false seenlen=0 seen=- out=1_3_3_r6@pass1 owner=- f=(c*d*e*x^2+(a*e^2+c*d^2)*x+a*d*e)^(3/2)/(x^4*(e*x+d))
    #2 d=2 dl=2 p0-mr_top fb=true seenlen=1 seen=- out=1_4_2_r25@pass1 owner=1_3_3_r6:fired f=(sqrt((e*x+d)/e)*(c*d*e*x+a*e^2)^(3/2))/(e*x^4)
    #3 d=3 dl=3 p0-mr_top fb=true seenlen=2 seen=ratsimp@#2(idx1,live=yes) out=fall-through:seen-hit owner=1_4_2_r25:fired f=(sqrt(x+d/e)*(c*d*e*x+a*e^2)^(3/2))/(e*x^4)
        matched elem=(sqrt((e*x+d)/e)*(c*d*e*x+a*e^2)^(3/2))/(e*x^4)

--- c1 g9 1 Algebraic functions/1.2 Trinomial products/1.2.1 Quadratic/1.2.1.4 (d+e x)^m (f+g x)^n (a+b x+c x^2)^p.mac e454 (eq)
  [trace] class=deferred t=1.1s L569 returned=yes t=1.046014 calls=2 ratsimp-hits=1 exact-hits=0 unexited=0 misfire/fault-lines=0 top=1_2_1_3_r109
    fires=1_2_1_3_r109
    answer sha1=ce8223865b32 'integrate((c*d*e*x^2+a*e^2*x+c*d^2*x+a*d*e)^(3/2)/(e*x^6+d*x^5),x)
    #1 d=1 dl=1 seenp fb=false seenlen=0 seen=- out=1_2_1_3_r109 owner=- f=(c*d*e*x^2+(a*e^2+c*d^2)*x+a*d*e)^(3/2)/(x^5*(e*x+d))
    #2 d=2 dl=2 seenp fb=true seenlen=1 seen=ratsimp@#1(idx1,live=yes) out=fall-through:seen-hit owner=1_2_1_3_r109:fired f=(c*d*e*x^2+a*e^2*x+c*d^2*x+a*d*e)^(3/2)/(e*x^6+d*x^5)
        matched elem=(c*d*e*x^2+(a*e^2+c*d^2)*x+a*d*e)^(3/2)/(x^5*(e*x+d))
  [exact-only] class=deferred t=4.5s L569 returned=yes t=4.53106 calls=4 ratsimp-hits=0 exact-hits=1 unexited=0 misfire/fault-lines=0 top=1_2_1_3_r109
    fires=1_4_2_r15,1_4_1_r25,1_2_1_3_r109
    answer sha1=81a20b637da0 'integrate((c*d*e*x^2+a*e^2*x+c*d^2*x+a*d*e)^(3/2)/(x^5*(e*x+d)),x)
    #1 d=1 dl=1 seenp fb=false seenlen=0 seen=- out=1_2_1_3_r109 owner=- f=(c*d*e*x^2+(a*e^2+c*d^2)*x+a*d*e)^(3/2)/(x^5*(e*x+d))
    #2 d=2 dl=2 seenp fb=true seenlen=1 seen=- out=1_4_1_r25 owner=1_2_1_3_r109:fired f=(c*d*e*x^2+a*e^2*x+c*d^2*x+a*d*e)^(3/2)/(e*x^6+d*x^5)
    #3 d=3 dl=3 seenp fb=true seenlen=2 seen=- out=1_4_2_r15 owner=1_4_1_r25:fired f=(c*d*e*x^2+a*e^2*x+c*d^2*x+a*d*e)^(3/2)/(x^5*(e*x+d))
    #4 d=4 dl=4 seenp fb=true seenlen=3 seen=exact@#3(idx1,live=yes) out=fall-through:seen-hit owner=1_4_2_r15:fired f=(c*d*e*x^2+a*e^2*x+c*d^2*x+a*d*e)^(3/2)/(x^5*(e*x+d))
        matched elem=(c*d*e*x^2+a*e^2*x+c*d^2*x+a*d*e)^(3/2)/(x^5*(e*x+d))
  [p0] class=verified t=1.2s L569 returned=yes t=1.191015 calls=3 ratsimp-hits=1 exact-hits=0 unexited=0 misfire/fault-lines=0 top=1_3_3_r6@pass1
    fires=1_4_2_r25,1_3_3_r6
    answer sha1=ffb7bbd39802 ((5*sqrt(e)*(a*e^2+c*d^2)^3*log((2*sqrt(a)*sqrt(d)*sqrt(e)*sqrt(c*d*e*x^2+(a*e^2+c*d^2)*x+a*d*e))/abs(x)+((a*e^2+c*d^2)*x)/abs(x)+(2*a*d*e)/abs(x)))/(128*a^(3/2...
    #1 d=1 dl=1 p0-mr_top fb=false seenlen=0 seen=- out=1_3_3_r6@pass1 owner=- f=(c*d*e*x^2+(a*e^2+c*d^2)*x+a*d*e)^(3/2)/(x^5*(e*x+d))
    #2 d=2 dl=2 p0-mr_top fb=true seenlen=1 seen=- out=1_4_2_r25@pass1 owner=1_3_3_r6:fired f=(sqrt((e*x+d)/e)*(c*d*e*x+a*e^2)^(3/2))/(e*x^5)
    #3 d=3 dl=3 p0-mr_top fb=true seenlen=2 seen=ratsimp@#2(idx1,live=yes) out=fall-through:seen-hit owner=1_4_2_r25:fired f=(sqrt(x+d/e)*(c*d*e*x+a*e^2)^(3/2))/(e*x^5)
        matched elem=(sqrt((e*x+d)/e)*(c*d*e*x+a*e^2)^(3/2))/(e*x^5)

--- c1 g9 1 Algebraic functions/1.2 Trinomial products/1.2.1 Quadratic/1.2.1.4 (d+e x)^m (f+g x)^n (a+b x+c x^2)^p.mac e455 (eq)
  [trace] class=deferred t=1.0s L570 returned=yes t=1.014013 calls=2 ratsimp-hits=1 exact-hits=0 unexited=0 misfire/fault-lines=0 top=1_2_1_3_r109
    fires=1_2_1_3_r109
    answer sha1=ab48bf674b9f 'integrate((c*d*e*x^2+a*e^2*x+c*d^2*x+a*d*e)^(3/2)/(e*x^7+d*x^6),x)
    #1 d=1 dl=1 seenp fb=false seenlen=0 seen=- out=1_2_1_3_r109 owner=- f=(c*d*e*x^2+(a*e^2+c*d^2)*x+a*d*e)^(3/2)/(x^6*(e*x+d))
    #2 d=2 dl=2 seenp fb=true seenlen=1 seen=ratsimp@#1(idx1,live=yes) out=fall-through:seen-hit owner=1_2_1_3_r109:fired f=(c*d*e*x^2+a*e^2*x+c*d^2*x+a*d*e)^(3/2)/(e*x^7+d*x^6)
        matched elem=(c*d*e*x^2+(a*e^2+c*d^2)*x+a*d*e)^(3/2)/(x^6*(e*x+d))
  [exact-only] class=deferred t=4.5s L570 returned=yes t=4.50006 calls=4 ratsimp-hits=0 exact-hits=1 unexited=0 misfire/fault-lines=0 top=1_2_1_3_r109
    fires=1_4_2_r15,1_4_1_r25,1_2_1_3_r109
    answer sha1=7240a6ce024c 'integrate((c*d*e*x^2+a*e^2*x+c*d^2*x+a*d*e)^(3/2)/(x^6*(e*x+d)),x)
    #1 d=1 dl=1 seenp fb=false seenlen=0 seen=- out=1_2_1_3_r109 owner=- f=(c*d*e*x^2+(a*e^2+c*d^2)*x+a*d*e)^(3/2)/(x^6*(e*x+d))
    #2 d=2 dl=2 seenp fb=true seenlen=1 seen=- out=1_4_1_r25 owner=1_2_1_3_r109:fired f=(c*d*e*x^2+a*e^2*x+c*d^2*x+a*d*e)^(3/2)/(e*x^7+d*x^6)
    #3 d=3 dl=3 seenp fb=true seenlen=2 seen=- out=1_4_2_r15 owner=1_4_1_r25:fired f=(c*d*e*x^2+a*e^2*x+c*d^2*x+a*d*e)^(3/2)/(x^6*(e*x+d))
    #4 d=4 dl=4 seenp fb=true seenlen=3 seen=exact@#3(idx1,live=yes) out=fall-through:seen-hit owner=1_4_2_r15:fired f=(c*d*e*x^2+a*e^2*x+c*d^2*x+a*d*e)^(3/2)/(x^6*(e*x+d))
        matched elem=(c*d*e*x^2+a*e^2*x+c*d^2*x+a*d*e)^(3/2)/(x^6*(e*x+d))
  [p0] class=verified t=1.3s L570 returned=yes t=1.238016 calls=3 ratsimp-hits=1 exact-hits=0 unexited=0 misfire/fault-lines=0 top=1_3_3_r6@pass1
    fires=1_4_2_r25,1_3_3_r6
    answer sha1=f2ff5092de33 (-((7*(a*e^2+c*d^2)^4*log((2*sqrt(a)*sqrt(d)*sqrt(e)*sqrt(c*d*e*x^2+(a*e^2+c*d^2)*x+a*d*e))/abs(x)+((a*e^2+c*d^2)*x)/abs(x)+(2*a*d*e)/abs(x)))/(256*a^(5/2)*d^(9...
    #1 d=1 dl=1 p0-mr_top fb=false seenlen=0 seen=- out=1_3_3_r6@pass1 owner=- f=(c*d*e*x^2+(a*e^2+c*d^2)*x+a*d*e)^(3/2)/(x^6*(e*x+d))
    #2 d=2 dl=2 p0-mr_top fb=true seenlen=1 seen=- out=1_4_2_r25@pass1 owner=1_3_3_r6:fired f=(sqrt((e*x+d)/e)*(c*d*e*x+a*e^2)^(3/2))/(e*x^6)
    #3 d=3 dl=3 p0-mr_top fb=true seenlen=2 seen=ratsimp@#2(idx1,live=yes) out=fall-through:seen-hit owner=1_4_2_r25:fired f=(sqrt(x+d/e)*(c*d*e*x+a*e^2)^(3/2))/(e*x^6)
        matched elem=(sqrt((e*x+d)/e)*(c*d*e*x+a*e^2)^(3/2))/(e*x^6)

--- c1 g9 1 Algebraic functions/1.2 Trinomial products/1.2.1 Quadratic/1.2.1.4 (d+e x)^m (f+g x)^n (a+b x+c x^2)^p.mac e456 (eq)
  [trace] class=deferred t=1.0s L571 returned=yes t=1.028013 calls=2 ratsimp-hits=1 exact-hits=0 unexited=0 misfire/fault-lines=0 top=1_2_1_3_r109
    fires=1_2_1_3_r109
    answer sha1=67d64cdee364 'integrate((c*d*e*x^2+a*e^2*x+c*d^2*x+a*d*e)^(3/2)/(e*x^8+d*x^7),x)
    #1 d=1 dl=1 seenp fb=false seenlen=0 seen=- out=1_2_1_3_r109 owner=- f=(c*d*e*x^2+(a*e^2+c*d^2)*x+a*d*e)^(3/2)/(x^7*(e*x+d))
    #2 d=2 dl=2 seenp fb=true seenlen=1 seen=ratsimp@#1(idx1,live=yes) out=fall-through:seen-hit owner=1_2_1_3_r109:fired f=(c*d*e*x^2+a*e^2*x+c*d^2*x+a*d*e)^(3/2)/(e*x^8+d*x^7)
        matched elem=(c*d*e*x^2+(a*e^2+c*d^2)*x+a*d*e)^(3/2)/(x^7*(e*x+d))
  [exact-only] class=deferred t=4.6s L571 returned=yes t=4.538061 calls=4 ratsimp-hits=0 exact-hits=1 unexited=0 misfire/fault-lines=0 top=1_2_1_3_r109
    fires=1_4_2_r15,1_4_1_r25,1_2_1_3_r109
    answer sha1=e340ea5bc9e7 'integrate((c*d*e*x^2+a*e^2*x+c*d^2*x+a*d*e)^(3/2)/(x^7*(e*x+d)),x)
    #1 d=1 dl=1 seenp fb=false seenlen=0 seen=- out=1_2_1_3_r109 owner=- f=(c*d*e*x^2+(a*e^2+c*d^2)*x+a*d*e)^(3/2)/(x^7*(e*x+d))
    #2 d=2 dl=2 seenp fb=true seenlen=1 seen=- out=1_4_1_r25 owner=1_2_1_3_r109:fired f=(c*d*e*x^2+a*e^2*x+c*d^2*x+a*d*e)^(3/2)/(e*x^8+d*x^7)
    #3 d=3 dl=3 seenp fb=true seenlen=2 seen=- out=1_4_2_r15 owner=1_4_1_r25:fired f=(c*d*e*x^2+a*e^2*x+c*d^2*x+a*d*e)^(3/2)/(x^7*(e*x+d))
    #4 d=4 dl=4 seenp fb=true seenlen=3 seen=exact@#3(idx1,live=yes) out=fall-through:seen-hit owner=1_4_2_r15:fired f=(c*d*e*x^2+a*e^2*x+c*d^2*x+a*d*e)^(3/2)/(x^7*(e*x+d))
        matched elem=(c*d*e*x^2+a*e^2*x+c*d^2*x+a*d*e)^(3/2)/(x^7*(e*x+d))
  [p0] class=verified t=1.3s L571 returned=yes t=1.265016 calls=3 ratsimp-hits=1 exact-hits=0 unexited=0 misfire/fault-lines=0 top=1_3_3_r6@pass1
    fires=1_4_2_r25,1_3_3_r6
    answer sha1=2e5eb516af35 ((21*(a*e^2+c*d^2)^5*log((2*sqrt(a)*sqrt(d)*sqrt(e)*sqrt(c*d*e*x^2+(a*e^2+c*d^2)*x+a*d*e))/abs(x)+((a*e^2+c*d^2)*x)/abs(x)+(2*a*d*e)/abs(x)))/(1024*a^(7/2)*d^(1...
    #1 d=1 dl=1 p0-mr_top fb=false seenlen=0 seen=- out=1_3_3_r6@pass1 owner=- f=(c*d*e*x^2+(a*e^2+c*d^2)*x+a*d*e)^(3/2)/(x^7*(e*x+d))
    #2 d=2 dl=2 p0-mr_top fb=true seenlen=1 seen=- out=1_4_2_r25@pass1 owner=1_3_3_r6:fired f=(sqrt((e*x+d)/e)*(c*d*e*x+a*e^2)^(3/2))/(e*x^7)
    #3 d=3 dl=3 p0-mr_top fb=true seenlen=2 seen=ratsimp@#2(idx1,live=yes) out=fall-through:seen-hit owner=1_4_2_r25:fired f=(sqrt(x+d/e)*(c*d*e*x+a*e^2)^(3/2))/(e*x^7)
        matched elem=(sqrt((e*x+d)/e)*(c*d*e*x+a*e^2)^(3/2))/(e*x^7)

--- c1 g9 1 Algebraic functions/1.2 Trinomial products/1.2.1 Quadratic/1.2.1.4 (d+e x)^m (f+g x)^n (a+b x+c x^2)^p.mac e462 (eq)
  [trace] class=deferred t=1.0s L577 returned=yes t=1.033013 calls=2 ratsimp-hits=1 exact-hits=0 unexited=0 misfire/fault-lines=0 top=1_2_1_3_r109
    fires=1_2_1_3_r109
    answer sha1=fd30b9e47543 'integrate((c*d*e*x^2+a*e^2*x+c*d^2*x+a*d*e)^(5/2)/(e*x^3+d*x^2),x)
    #1 d=1 dl=1 seenp fb=false seenlen=0 seen=- out=1_2_1_3_r109 owner=- f=(c*d*e*x^2+(a*e^2+c*d^2)*x+a*d*e)^(5/2)/(x^2*(e*x+d))
    #2 d=2 dl=2 seenp fb=true seenlen=1 seen=ratsimp@#1(idx1,live=yes) out=fall-through:seen-hit owner=1_2_1_3_r109:fired f=(c*d*e*x^2+a*e^2*x+c*d^2*x+a*d*e)^(5/2)/(e*x^3+d*x^2)
        matched elem=(c*d*e*x^2+(a*e^2+c*d^2)*x+a*d*e)^(5/2)/(x^2*(e*x+d))
  [exact-only] class=deferred t=5.1s L577 returned=yes t=5.049067 calls=4 ratsimp-hits=0 exact-hits=1 unexited=0 misfire/fault-lines=0 top=1_2_1_3_r109
    fires=1_4_2_r15,1_4_1_r25,1_2_1_3_r109
    answer sha1=94ea4842ad50 'integrate((c*d*e*x^2+a*e^2*x+c*d^2*x+a*d*e)^(5/2)/(x^2*(e*x+d)),x)
    #1 d=1 dl=1 seenp fb=false seenlen=0 seen=- out=1_2_1_3_r109 owner=- f=(c*d*e*x^2+(a*e^2+c*d^2)*x+a*d*e)^(5/2)/(x^2*(e*x+d))
    #2 d=2 dl=2 seenp fb=true seenlen=1 seen=- out=1_4_1_r25 owner=1_2_1_3_r109:fired f=(c*d*e*x^2+a*e^2*x+c*d^2*x+a*d*e)^(5/2)/(e*x^3+d*x^2)
    #3 d=3 dl=3 seenp fb=true seenlen=2 seen=- out=1_4_2_r15 owner=1_4_1_r25:fired f=(c*d*e*x^2+a*e^2*x+c*d^2*x+a*d*e)^(5/2)/(x^2*(e*x+d))
    #4 d=4 dl=4 seenp fb=true seenlen=3 seen=exact@#3(idx1,live=yes) out=fall-through:seen-hit owner=1_4_2_r15:fired f=(c*d*e*x^2+a*e^2*x+c*d^2*x+a*d*e)^(5/2)/(x^2*(e*x+d))
        matched elem=(c*d*e*x^2+a*e^2*x+c*d^2*x+a*d*e)^(5/2)/(x^2*(e*x+d))
  [p0] class=verified t=1.2s L577 returned=yes t=1.133015 calls=3 ratsimp-hits=1 exact-hits=0 unexited=0 misfire/fault-lines=0 top=1_3_3_r6@pass1
    fires=1_4_2_r25,1_3_3_r6
    answer sha1=0b5047c4474a (-(a^(3/2)*c*d^(5/2)*e^(5/2)*log((2*sqrt(a)*sqrt(d)*sqrt(e)*sqrt(c*d*e*x^2+(a*e^2+c*d^2)*x+a*d*e))/abs(x)+((a*e^2+c*d^2)*x)/abs(x)+(2*a*d*e)/abs(x)))-(3*a^(3/2)...
    #1 d=1 dl=1 p0-mr_top fb=false seenlen=0 seen=- out=1_3_3_r6@pass1 owner=- f=(c*d*e*x^2+(a*e^2+c*d^2)*x+a*d*e)^(5/2)/(x^2*(e*x+d))
    #2 d=2 dl=2 p0-mr_top fb=true seenlen=1 seen=- out=1_4_2_r25@pass1 owner=1_3_3_r6:fired f=(((e*x+d)/e)^(3/2)*(c*d*e*x+a*e^2)^(5/2))/(e*x^2)
    #3 d=3 dl=3 p0-mr_top fb=true seenlen=2 seen=ratsimp@#2(idx1,live=yes) out=fall-through:seen-hit owner=1_4_2_r25:fired f=((x+d/e)^(3/2)*(c*d*e*x+a*e^2)^(5/2))/(e*x^2)
        matched elem=(((e*x+d)/e)^(3/2)*(c*d*e*x+a*e^2)^(5/2))/(e*x^2)

--- c1 g9 1 Algebraic functions/1.2 Trinomial products/1.2.1 Quadratic/1.2.1.4 (d+e x)^m (f+g x)^n (a+b x+c x^2)^p.mac e463 (eq)
  [trace] class=deferred t=1.0s L578 returned=yes t=1.037013 calls=2 ratsimp-hits=1 exact-hits=0 unexited=0 misfire/fault-lines=0 top=1_2_1_3_r109
    fires=1_2_1_3_r109
    answer sha1=b1ef887ebee2 'integrate((c*d*e*x^2+a*e^2*x+c*d^2*x+a*d*e)^(5/2)/(e*x^4+d*x^3),x)
    #1 d=1 dl=1 seenp fb=false seenlen=0 seen=- out=1_2_1_3_r109 owner=- f=(c*d*e*x^2+(a*e^2+c*d^2)*x+a*d*e)^(5/2)/(x^3*(e*x+d))
    #2 d=2 dl=2 seenp fb=true seenlen=1 seen=ratsimp@#1(idx1,live=yes) out=fall-through:seen-hit owner=1_2_1_3_r109:fired f=(c*d*e*x^2+a*e^2*x+c*d^2*x+a*d*e)^(5/2)/(e*x^4+d*x^3)
        matched elem=(c*d*e*x^2+(a*e^2+c*d^2)*x+a*d*e)^(5/2)/(x^3*(e*x+d))
  [exact-only] class=deferred t=4.5s L578 returned=yes t=4.498061 calls=4 ratsimp-hits=0 exact-hits=1 unexited=0 misfire/fault-lines=0 top=1_2_1_3_r109
    fires=1_4_2_r15,1_4_1_r25,1_2_1_3_r109
    answer sha1=09780fd3bb82 'integrate((c*d*e*x^2+a*e^2*x+c*d^2*x+a*d*e)^(5/2)/(x^3*(e*x+d)),x)
    #1 d=1 dl=1 seenp fb=false seenlen=0 seen=- out=1_2_1_3_r109 owner=- f=(c*d*e*x^2+(a*e^2+c*d^2)*x+a*d*e)^(5/2)/(x^3*(e*x+d))
    #2 d=2 dl=2 seenp fb=true seenlen=1 seen=- out=1_4_1_r25 owner=1_2_1_3_r109:fired f=(c*d*e*x^2+a*e^2*x+c*d^2*x+a*d*e)^(5/2)/(e*x^4+d*x^3)
    #3 d=3 dl=3 seenp fb=true seenlen=2 seen=- out=1_4_2_r15 owner=1_4_1_r25:fired f=(c*d*e*x^2+a*e^2*x+c*d^2*x+a*d*e)^(5/2)/(x^3*(e*x+d))
    #4 d=4 dl=4 seenp fb=true seenlen=3 seen=exact@#3(idx1,live=yes) out=fall-through:seen-hit owner=1_4_2_r15:fired f=(c*d*e*x^2+a*e^2*x+c*d^2*x+a*d*e)^(5/2)/(x^3*(e*x+d))
        matched elem=(c*d*e*x^2+a*e^2*x+c*d^2*x+a*d*e)^(5/2)/(x^3*(e*x+d))
  [p0] class=verified t=1.2s L578 returned=yes t=1.160015 calls=3 ratsimp-hits=1 exact-hits=0 unexited=0 misfire/fault-lines=0 top=1_3_3_r6@pass1
    fires=1_4_2_r25,1_3_3_r6
    answer sha1=229e4b74e129 (-((3*sqrt(a)*e^(3/2)*(a*e^2+c*d^2)^2*log((2*sqrt(a)*sqrt(d)*sqrt(e)*sqrt(c*d*e*x^2+(a*e^2+c*d^2)*x+a*d*e))/abs(x)+((a*e^2+c*d^2)*x)/abs(x)+(2*a*d*e)/abs(x)))/(...
    #1 d=1 dl=1 p0-mr_top fb=false seenlen=0 seen=- out=1_3_3_r6@pass1 owner=- f=(c*d*e*x^2+(a*e^2+c*d^2)*x+a*d*e)^(5/2)/(x^3*(e*x+d))
    #2 d=2 dl=2 p0-mr_top fb=true seenlen=1 seen=- out=1_4_2_r25@pass1 owner=1_3_3_r6:fired f=(((e*x+d)/e)^(3/2)*(c*d*e*x+a*e^2)^(5/2))/(e*x^3)
    #3 d=3 dl=3 p0-mr_top fb=true seenlen=2 seen=ratsimp@#2(idx1,live=yes) out=fall-through:seen-hit owner=1_4_2_r25:fired f=((x+d/e)^(3/2)*(c*d*e*x+a*e^2)^(5/2))/(e*x^3)
        matched elem=(((e*x+d)/e)^(3/2)*(c*d*e*x+a*e^2)^(5/2))/(e*x^3)

--- c1 g9 1 Algebraic functions/1.2 Trinomial products/1.2.1 Quadratic/1.2.1.4 (d+e x)^m (f+g x)^n (a+b x+c x^2)^p.mac e464 (eq)
  [trace] class=deferred t=1.0s L579 returned=yes t=1.032013 calls=2 ratsimp-hits=1 exact-hits=0 unexited=0 misfire/fault-lines=0 top=1_2_1_3_r109
    fires=1_2_1_3_r109
    answer sha1=b557acf01ac9 'integrate((c*d*e*x^2+a*e^2*x+c*d^2*x+a*d*e)^(5/2)/(e*x^5+d*x^4),x)
    #1 d=1 dl=1 seenp fb=false seenlen=0 seen=- out=1_2_1_3_r109 owner=- f=(c*d*e*x^2+(a*e^2+c*d^2)*x+a*d*e)^(5/2)/(x^4*(e*x+d))
    #2 d=2 dl=2 seenp fb=true seenlen=1 seen=ratsimp@#1(idx1,live=yes) out=fall-through:seen-hit owner=1_2_1_3_r109:fired f=(c*d*e*x^2+a*e^2*x+c*d^2*x+a*d*e)^(5/2)/(e*x^5+d*x^4)
        matched elem=(c*d*e*x^2+(a*e^2+c*d^2)*x+a*d*e)^(5/2)/(x^4*(e*x+d))
  [exact-only] class=deferred t=4.6s L579 returned=yes t=4.577062 calls=4 ratsimp-hits=0 exact-hits=1 unexited=0 misfire/fault-lines=0 top=1_2_1_3_r109
    fires=1_4_2_r15,1_4_1_r25,1_2_1_3_r109
    answer sha1=0f284ee30a6d 'integrate((c*d*e*x^2+a*e^2*x+c*d^2*x+a*d*e)^(5/2)/(x^4*(e*x+d)),x)
    #1 d=1 dl=1 seenp fb=false seenlen=0 seen=- out=1_2_1_3_r109 owner=- f=(c*d*e*x^2+(a*e^2+c*d^2)*x+a*d*e)^(5/2)/(x^4*(e*x+d))
    #2 d=2 dl=2 seenp fb=true seenlen=1 seen=- out=1_4_1_r25 owner=1_2_1_3_r109:fired f=(c*d*e*x^2+a*e^2*x+c*d^2*x+a*d*e)^(5/2)/(e*x^5+d*x^4)
    #3 d=3 dl=3 seenp fb=true seenlen=2 seen=- out=1_4_2_r15 owner=1_4_1_r25:fired f=(c*d*e*x^2+a*e^2*x+c*d^2*x+a*d*e)^(5/2)/(x^4*(e*x+d))
    #4 d=4 dl=4 seenp fb=true seenlen=3 seen=exact@#3(idx1,live=yes) out=fall-through:seen-hit owner=1_4_2_r15:fired f=(c*d*e*x^2+a*e^2*x+c*d^2*x+a*d*e)^(5/2)/(x^4*(e*x+d))
        matched elem=(c*d*e*x^2+a*e^2*x+c*d^2*x+a*d*e)^(5/2)/(x^4*(e*x+d))
  [p0] class=verified t=1.2s L579 returned=yes t=1.170015 calls=3 ratsimp-hits=1 exact-hits=0 unexited=0 misfire/fault-lines=0 top=1_3_3_r6@pass1
    fires=1_4_2_r25,1_3_3_r6
    answer sha1=d6b60baad4b8 ((sqrt(e)*(a*e^2+c*d^2)^3*log((2*sqrt(a)*sqrt(d)*sqrt(e)*sqrt(c*d*e*x^2+(a*e^2+c*d^2)*x+a*d*e))/abs(x)+((a*e^2+c*d^2)*x)/abs(x)+(2*a*d*e)/abs(x)))/(16*sqrt(a)*d...
    #1 d=1 dl=1 p0-mr_top fb=false seenlen=0 seen=- out=1_3_3_r6@pass1 owner=- f=(c*d*e*x^2+(a*e^2+c*d^2)*x+a*d*e)^(5/2)/(x^4*(e*x+d))
    #2 d=2 dl=2 p0-mr_top fb=true seenlen=1 seen=- out=1_4_2_r25@pass1 owner=1_3_3_r6:fired f=(((e*x+d)/e)^(3/2)*(c*d*e*x+a*e^2)^(5/2))/(e*x^4)
    #3 d=3 dl=3 p0-mr_top fb=true seenlen=2 seen=ratsimp@#2(idx1,live=yes) out=fall-through:seen-hit owner=1_4_2_r25:fired f=((x+d/e)^(3/2)*(c*d*e*x+a*e^2)^(5/2))/(e*x^4)
        matched elem=(((e*x+d)/e)^(3/2)*(c*d*e*x+a*e^2)^(5/2))/(e*x^4)

--- c1 g9 1 Algebraic functions/1.2 Trinomial products/1.2.1 Quadratic/1.2.1.4 (d+e x)^m (f+g x)^n (a+b x+c x^2)^p.mac e465 (eq)
  [trace] class=deferred t=1.0s L580 returned=yes t=1.027013 calls=2 ratsimp-hits=1 exact-hits=0 unexited=0 misfire/fault-lines=0 top=1_2_1_3_r109
    fires=1_2_1_3_r109
    answer sha1=cbbaf7a35452 'integrate((c*d*e*x^2+a*e^2*x+c*d^2*x+a*d*e)^(5/2)/(e*x^6+d*x^5),x)
    #1 d=1 dl=1 seenp fb=false seenlen=0 seen=- out=1_2_1_3_r109 owner=- f=(c*d*e*x^2+(a*e^2+c*d^2)*x+a*d*e)^(5/2)/(x^5*(e*x+d))
    #2 d=2 dl=2 seenp fb=true seenlen=1 seen=ratsimp@#1(idx1,live=yes) out=fall-through:seen-hit owner=1_2_1_3_r109:fired f=(c*d*e*x^2+a*e^2*x+c*d^2*x+a*d*e)^(5/2)/(e*x^6+d*x^5)
        matched elem=(c*d*e*x^2+(a*e^2+c*d^2)*x+a*d*e)^(5/2)/(x^5*(e*x+d))
  [exact-only] class=deferred t=4.5s L580 returned=yes t=4.509061 calls=4 ratsimp-hits=0 exact-hits=1 unexited=0 misfire/fault-lines=0 top=1_2_1_3_r109
    fires=1_4_2_r15,1_4_1_r25,1_2_1_3_r109
    answer sha1=605a2f90f2d5 'integrate((c*d*e*x^2+a*e^2*x+c*d^2*x+a*d*e)^(5/2)/(x^5*(e*x+d)),x)
    #1 d=1 dl=1 seenp fb=false seenlen=0 seen=- out=1_2_1_3_r109 owner=- f=(c*d*e*x^2+(a*e^2+c*d^2)*x+a*d*e)^(5/2)/(x^5*(e*x+d))
    #2 d=2 dl=2 seenp fb=true seenlen=1 seen=- out=1_4_1_r25 owner=1_2_1_3_r109:fired f=(c*d*e*x^2+a*e^2*x+c*d^2*x+a*d*e)^(5/2)/(e*x^6+d*x^5)
    #3 d=3 dl=3 seenp fb=true seenlen=2 seen=- out=1_4_2_r15 owner=1_4_1_r25:fired f=(c*d*e*x^2+a*e^2*x+c*d^2*x+a*d*e)^(5/2)/(x^5*(e*x+d))
    #4 d=4 dl=4 seenp fb=true seenlen=3 seen=exact@#3(idx1,live=yes) out=fall-through:seen-hit owner=1_4_2_r15:fired f=(c*d*e*x^2+a*e^2*x+c*d^2*x+a*d*e)^(5/2)/(x^5*(e*x+d))
        matched elem=(c*d*e*x^2+a*e^2*x+c*d^2*x+a*d*e)^(5/2)/(x^5*(e*x+d))
  [p0] class=verified t=1.2s L580 returned=yes t=1.201016 calls=3 ratsimp-hits=1 exact-hits=0 unexited=0 misfire/fault-lines=0 top=1_3_3_r6@pass1
    fires=1_4_2_r25,1_3_3_r6
    answer sha1=8017ed9c11da (-((3*(a*e^2+c*d^2)^4*log((2*sqrt(a)*sqrt(d)*sqrt(e)*sqrt(c*d*e*x^2+(a*e^2+c*d^2)*x+a*d*e))/abs(x)+((a*e^2+c*d^2)*x)/abs(x)+(2*a*d*e)/abs(x)))/(128*a^(3/2)*d^(5...
    #1 d=1 dl=1 p0-mr_top fb=false seenlen=0 seen=- out=1_3_3_r6@pass1 owner=- f=(c*d*e*x^2+(a*e^2+c*d^2)*x+a*d*e)^(5/2)/(x^5*(e*x+d))
    #2 d=2 dl=2 p0-mr_top fb=true seenlen=1 seen=- out=1_4_2_r25@pass1 owner=1_3_3_r6:fired f=(((e*x+d)/e)^(3/2)*(c*d*e*x+a*e^2)^(5/2))/(e*x^5)
    #3 d=3 dl=3 p0-mr_top fb=true seenlen=2 seen=ratsimp@#2(idx1,live=yes) out=fall-through:seen-hit owner=1_4_2_r25:fired f=((x+d/e)^(3/2)*(c*d*e*x+a*e^2)^(5/2))/(e*x^5)
        matched elem=(((e*x+d)/e)^(3/2)*(c*d*e*x+a*e^2)^(5/2))/(e*x^5)

--- c1 g9 1 Algebraic functions/1.2 Trinomial products/1.2.1 Quadratic/1.2.1.4 (d+e x)^m (f+g x)^n (a+b x+c x^2)^p.mac e466 (eq)
  [trace] class=deferred t=1.0s L581 returned=yes t=1.031013 calls=2 ratsimp-hits=1 exact-hits=0 unexited=0 misfire/fault-lines=0 top=1_2_1_3_r109
    fires=1_2_1_3_r109
    answer sha1=5ad4769253bd 'integrate((c*d*e*x^2+a*e^2*x+c*d^2*x+a*d*e)^(5/2)/(e*x^7+d*x^6),x)
    #1 d=1 dl=1 seenp fb=false seenlen=0 seen=- out=1_2_1_3_r109 owner=- f=(c*d*e*x^2+(a*e^2+c*d^2)*x+a*d*e)^(5/2)/(x^6*(e*x+d))
    #2 d=2 dl=2 seenp fb=true seenlen=1 seen=ratsimp@#1(idx1,live=yes) out=fall-through:seen-hit owner=1_2_1_3_r109:fired f=(c*d*e*x^2+a*e^2*x+c*d^2*x+a*d*e)^(5/2)/(e*x^7+d*x^6)
        matched elem=(c*d*e*x^2+(a*e^2+c*d^2)*x+a*d*e)^(5/2)/(x^6*(e*x+d))
  [exact-only] class=deferred t=4.5s L581 returned=yes t=4.507061 calls=4 ratsimp-hits=0 exact-hits=1 unexited=0 misfire/fault-lines=0 top=1_2_1_3_r109
    fires=1_4_2_r15,1_4_1_r25,1_2_1_3_r109
    answer sha1=1e73ca4fa005 'integrate((c*d*e*x^2+a*e^2*x+c*d^2*x+a*d*e)^(5/2)/(x^6*(e*x+d)),x)
    #1 d=1 dl=1 seenp fb=false seenlen=0 seen=- out=1_2_1_3_r109 owner=- f=(c*d*e*x^2+(a*e^2+c*d^2)*x+a*d*e)^(5/2)/(x^6*(e*x+d))
    #2 d=2 dl=2 seenp fb=true seenlen=1 seen=- out=1_4_1_r25 owner=1_2_1_3_r109:fired f=(c*d*e*x^2+a*e^2*x+c*d^2*x+a*d*e)^(5/2)/(e*x^7+d*x^6)
    #3 d=3 dl=3 seenp fb=true seenlen=2 seen=- out=1_4_2_r15 owner=1_4_1_r25:fired f=(c*d*e*x^2+a*e^2*x+c*d^2*x+a*d*e)^(5/2)/(x^6*(e*x+d))
    #4 d=4 dl=4 seenp fb=true seenlen=3 seen=exact@#3(idx1,live=yes) out=fall-through:seen-hit owner=1_4_2_r15:fired f=(c*d*e*x^2+a*e^2*x+c*d^2*x+a*d*e)^(5/2)/(x^6*(e*x+d))
        matched elem=(c*d*e*x^2+a*e^2*x+c*d^2*x+a*d*e)^(5/2)/(x^6*(e*x+d))
  [p0] class=verified t=1.3s L581 returned=yes t=1.265017 calls=3 ratsimp-hits=1 exact-hits=0 unexited=0 misfire/fault-lines=0 top=1_3_3_r6@pass1
    fires=1_4_2_r25,1_3_3_r6
    answer sha1=1085f2aac4b3 ((3*(a*e^2+c*d^2)^5*log((2*sqrt(a)*sqrt(d)*sqrt(e)*sqrt(c*d*e*x^2+(a*e^2+c*d^2)*x+a*d*e))/abs(x)+((a*e^2+c*d^2)*x)/abs(x)+(2*a*d*e)/abs(x)))/(256*a^(5/2)*d^(7/2...
    #1 d=1 dl=1 p0-mr_top fb=false seenlen=0 seen=- out=1_3_3_r6@pass1 owner=- f=(c*d*e*x^2+(a*e^2+c*d^2)*x+a*d*e)^(5/2)/(x^6*(e*x+d))
    #2 d=2 dl=2 p0-mr_top fb=true seenlen=1 seen=- out=1_4_2_r25@pass1 owner=1_3_3_r6:fired f=(((e*x+d)/e)^(3/2)*(c*d*e*x+a*e^2)^(5/2))/(e*x^6)
    #3 d=3 dl=3 p0-mr_top fb=true seenlen=2 seen=ratsimp@#2(idx1,live=yes) out=fall-through:seen-hit owner=1_4_2_r25:fired f=((x+d/e)^(3/2)*(c*d*e*x+a*e^2)^(5/2))/(e*x^6)
        matched elem=(((e*x+d)/e)^(3/2)*(c*d*e*x+a*e^2)^(5/2))/(e*x^6)

--- c1 g9 1 Algebraic functions/1.2 Trinomial products/1.2.1 Quadratic/1.2.1.4 (d+e x)^m (f+g x)^n (a+b x+c x^2)^p.mac e467 (eq)
  [trace] class=deferred t=1.1s L582 returned=yes t=1.045014 calls=2 ratsimp-hits=1 exact-hits=0 unexited=0 misfire/fault-lines=0 top=1_2_1_3_r109
    fires=1_2_1_3_r109
    answer sha1=809965e69d39 'integrate((c*d*e*x^2+a*e^2*x+c*d^2*x+a*d*e)^(5/2)/(e*x^8+d*x^7),x)
    #1 d=1 dl=1 seenp fb=false seenlen=0 seen=- out=1_2_1_3_r109 owner=- f=(c*d*e*x^2+(a*e^2+c*d^2)*x+a*d*e)^(5/2)/(x^7*(e*x+d))
    #2 d=2 dl=2 seenp fb=true seenlen=1 seen=ratsimp@#1(idx1,live=yes) out=fall-through:seen-hit owner=1_2_1_3_r109:fired f=(c*d*e*x^2+a*e^2*x+c*d^2*x+a*d*e)^(5/2)/(e*x^8+d*x^7)
        matched elem=(c*d*e*x^2+(a*e^2+c*d^2)*x+a*d*e)^(5/2)/(x^7*(e*x+d))
  [exact-only] class=deferred t=4.5s L582 returned=yes t=4.524061 calls=4 ratsimp-hits=0 exact-hits=1 unexited=0 misfire/fault-lines=0 top=1_2_1_3_r109
    fires=1_4_2_r15,1_4_1_r25,1_2_1_3_r109
    answer sha1=4d3fb244ded8 'integrate((c*d*e*x^2+a*e^2*x+c*d^2*x+a*d*e)^(5/2)/(x^7*(e*x+d)),x)
    #1 d=1 dl=1 seenp fb=false seenlen=0 seen=- out=1_2_1_3_r109 owner=- f=(c*d*e*x^2+(a*e^2+c*d^2)*x+a*d*e)^(5/2)/(x^7*(e*x+d))
    #2 d=2 dl=2 seenp fb=true seenlen=1 seen=- out=1_4_1_r25 owner=1_2_1_3_r109:fired f=(c*d*e*x^2+a*e^2*x+c*d^2*x+a*d*e)^(5/2)/(e*x^8+d*x^7)
    #3 d=3 dl=3 seenp fb=true seenlen=2 seen=- out=1_4_2_r15 owner=1_4_1_r25:fired f=(c*d*e*x^2+a*e^2*x+c*d^2*x+a*d*e)^(5/2)/(x^7*(e*x+d))
    #4 d=4 dl=4 seenp fb=true seenlen=3 seen=exact@#3(idx1,live=yes) out=fall-through:seen-hit owner=1_4_2_r15:fired f=(c*d*e*x^2+a*e^2*x+c*d^2*x+a*d*e)^(5/2)/(x^7*(e*x+d))
        matched elem=(c*d*e*x^2+a*e^2*x+c*d^2*x+a*d*e)^(5/2)/(x^7*(e*x+d))
  [p0] class=verified t=1.3s L582 returned=yes t=1.298017 calls=3 ratsimp-hits=1 exact-hits=0 unexited=0 misfire/fault-lines=0 top=1_3_3_r6@pass1
    fires=1_4_2_r25,1_3_3_r6
    answer sha1=aa7739b1f04e (-((7*(a*e^2+c*d^2)^6*log((2*sqrt(a)*sqrt(d)*sqrt(e)*sqrt(c*d*e*x^2+(a*e^2+c*d^2)*x+a*d*e))/abs(x)+((a*e^2+c*d^2)*x)/abs(x)+(2*a*d*e)/abs(x)))/(1024*a^(7/2)*d^(...
    #1 d=1 dl=1 p0-mr_top fb=false seenlen=0 seen=- out=1_3_3_r6@pass1 owner=- f=(c*d*e*x^2+(a*e^2+c*d^2)*x+a*d*e)^(5/2)/(x^7*(e*x+d))
    #2 d=2 dl=2 p0-mr_top fb=true seenlen=1 seen=- out=1_4_2_r25@pass1 owner=1_3_3_r6:fired f=(((e*x+d)/e)^(3/2)*(c*d*e*x+a*e^2)^(5/2))/(e*x^7)
    #3 d=3 dl=3 p0-mr_top fb=true seenlen=2 seen=ratsimp@#2(idx1,live=yes) out=fall-through:seen-hit owner=1_4_2_r25:fired f=((x+d/e)^(3/2)*(c*d*e*x+a*e^2)^(5/2))/(e*x^7)
        matched elem=(((e*x+d)/e)^(3/2)*(c*d*e*x+a*e^2)^(5/2))/(e*x^7)

--- c1 g9 1 Algebraic functions/1.2 Trinomial products/1.2.1 Quadratic/1.2.1.4 (d+e x)^m (f+g x)^n (a+b x+c x^2)^p.mac e468 (eq)
  [trace] class=deferred t=1.0s L583 returned=yes t=1.027013 calls=2 ratsimp-hits=1 exact-hits=0 unexited=0 misfire/fault-lines=0 top=1_2_1_3_r109
    fires=1_2_1_3_r109
    answer sha1=ca547cb45535 'integrate((c*d*e*x^2+a*e^2*x+c*d^2*x+a*d*e)^(5/2)/(e*x^9+d*x^8),x)
    #1 d=1 dl=1 seenp fb=false seenlen=0 seen=- out=1_2_1_3_r109 owner=- f=(c*d*e*x^2+(a*e^2+c*d^2)*x+a*d*e)^(5/2)/(x^8*(e*x+d))
    #2 d=2 dl=2 seenp fb=true seenlen=1 seen=ratsimp@#1(idx1,live=yes) out=fall-through:seen-hit owner=1_2_1_3_r109:fired f=(c*d*e*x^2+a*e^2*x+c*d^2*x+a*d*e)^(5/2)/(e*x^9+d*x^8)
        matched elem=(c*d*e*x^2+(a*e^2+c*d^2)*x+a*d*e)^(5/2)/(x^8*(e*x+d))
  [exact-only] class=deferred t=4.5s L583 returned=yes t=4.525061 calls=4 ratsimp-hits=0 exact-hits=1 unexited=0 misfire/fault-lines=0 top=1_2_1_3_r109
    fires=1_4_2_r15,1_4_1_r25,1_2_1_3_r109
    answer sha1=fc4df2585209 'integrate((c*d*e*x^2+a*e^2*x+c*d^2*x+a*d*e)^(5/2)/(x^8*(e*x+d)),x)
    #1 d=1 dl=1 seenp fb=false seenlen=0 seen=- out=1_2_1_3_r109 owner=- f=(c*d*e*x^2+(a*e^2+c*d^2)*x+a*d*e)^(5/2)/(x^8*(e*x+d))
    #2 d=2 dl=2 seenp fb=true seenlen=1 seen=- out=1_4_1_r25 owner=1_2_1_3_r109:fired f=(c*d*e*x^2+a*e^2*x+c*d^2*x+a*d*e)^(5/2)/(e*x^9+d*x^8)
    #3 d=3 dl=3 seenp fb=true seenlen=2 seen=- out=1_4_2_r15 owner=1_4_1_r25:fired f=(c*d*e*x^2+a*e^2*x+c*d^2*x+a*d*e)^(5/2)/(x^8*(e*x+d))
    #4 d=4 dl=4 seenp fb=true seenlen=3 seen=exact@#3(idx1,live=yes) out=fall-through:seen-hit owner=1_4_2_r15:fired f=(c*d*e*x^2+a*e^2*x+c*d^2*x+a*d*e)^(5/2)/(x^8*(e*x+d))
        matched elem=(c*d*e*x^2+a*e^2*x+c*d^2*x+a*d*e)^(5/2)/(x^8*(e*x+d))
  [p0] class=verified t=1.4s L583 returned=yes t=1.349018 calls=3 ratsimp-hits=1 exact-hits=0 unexited=0 misfire/fault-lines=0 top=1_3_3_r6@pass1
    fires=1_4_2_r25,1_3_3_r6
    answer sha1=998e2b47bff4 ((9*(a*e^2+c*d^2)^7*log((2*sqrt(a)*sqrt(d)*sqrt(e)*sqrt(c*d*e*x^2+(a*e^2+c*d^2)*x+a*d*e))/abs(x)+((a*e^2+c*d^2)*x)/abs(x)+(2*a*d*e)/abs(x)))/(2048*a^(9/2)*d^(11...
    #1 d=1 dl=1 p0-mr_top fb=false seenlen=0 seen=- out=1_3_3_r6@pass1 owner=- f=(c*d*e*x^2+(a*e^2+c*d^2)*x+a*d*e)^(5/2)/(x^8*(e*x+d))
    #2 d=2 dl=2 p0-mr_top fb=true seenlen=1 seen=- out=1_4_2_r25@pass1 owner=1_3_3_r6:fired f=(((e*x+d)/e)^(3/2)*(c*d*e*x+a*e^2)^(5/2))/(e*x^8)
    #3 d=3 dl=3 p0-mr_top fb=true seenlen=2 seen=ratsimp@#2(idx1,live=yes) out=fall-through:seen-hit owner=1_4_2_r25:fired f=((x+d/e)^(3/2)*(c*d*e*x+a*e^2)^(5/2))/(e*x^8)
        matched elem=(((e*x+d)/e)^(3/2)*(c*d*e*x+a*e^2)^(5/2))/(e*x^8)

--- c1 g9 1 Algebraic functions/1.2 Trinomial products/1.2.1 Quadratic/1.2.1.4 (d+e x)^m (f+g x)^n (a+b x+c x^2)^p.mac e469 (eq)
  [trace] class=deferred t=1.1s L584 returned=yes t=1.045014 calls=2 ratsimp-hits=1 exact-hits=0 unexited=0 misfire/fault-lines=0 top=1_2_1_3_r109
    fires=1_2_1_3_r109
    answer sha1=2e0300d2ca61 'integrate((c*d*e*x^2+a*e^2*x+c*d^2*x+a*d*e)^(5/2)/(e*x^10+d*x^9),x)
    #1 d=1 dl=1 seenp fb=false seenlen=0 seen=- out=1_2_1_3_r109 owner=- f=(c*d*e*x^2+(a*e^2+c*d^2)*x+a*d*e)^(5/2)/(x^9*(e*x+d))
    #2 d=2 dl=2 seenp fb=true seenlen=1 seen=ratsimp@#1(idx1,live=yes) out=fall-through:seen-hit owner=1_2_1_3_r109:fired f=(c*d*e*x^2+a*e^2*x+c*d^2*x+a*d*e)^(5/2)/(e*x^10+d*x^9)
        matched elem=(c*d*e*x^2+(a*e^2+c*d^2)*x+a*d*e)^(5/2)/(x^9*(e*x+d))
  [exact-only] class=deferred t=4.5s L584 returned=yes t=4.504061 calls=4 ratsimp-hits=0 exact-hits=1 unexited=0 misfire/fault-lines=0 top=1_2_1_3_r109
    fires=1_4_2_r15,1_4_1_r25,1_2_1_3_r109
    answer sha1=b00f8ae8c2b9 'integrate((c*d*e*x^2+a*e^2*x+c*d^2*x+a*d*e)^(5/2)/(x^9*(e*x+d)),x)
    #1 d=1 dl=1 seenp fb=false seenlen=0 seen=- out=1_2_1_3_r109 owner=- f=(c*d*e*x^2+(a*e^2+c*d^2)*x+a*d*e)^(5/2)/(x^9*(e*x+d))
    #2 d=2 dl=2 seenp fb=true seenlen=1 seen=- out=1_4_1_r25 owner=1_2_1_3_r109:fired f=(c*d*e*x^2+a*e^2*x+c*d^2*x+a*d*e)^(5/2)/(e*x^10+d*x^9)
    #3 d=3 dl=3 seenp fb=true seenlen=2 seen=- out=1_4_2_r15 owner=1_4_1_r25:fired f=(c*d*e*x^2+a*e^2*x+c*d^2*x+a*d*e)^(5/2)/(x^9*(e*x+d))
    #4 d=4 dl=4 seenp fb=true seenlen=3 seen=exact@#3(idx1,live=yes) out=fall-through:seen-hit owner=1_4_2_r15:fired f=(c*d*e*x^2+a*e^2*x+c*d^2*x+a*d*e)^(5/2)/(x^9*(e*x+d))
        matched elem=(c*d*e*x^2+a*e^2*x+c*d^2*x+a*d*e)^(5/2)/(x^9*(e*x+d))
  [p0] class=verified t=1.4s L584 returned=yes t=1.401018 calls=3 ratsimp-hits=1 exact-hits=0 unexited=0 misfire/fault-lines=0 top=1_3_3_r6@pass1
    fires=1_4_2_r25,1_3_3_r6
    answer sha1=b2dabdee159b (-((99*(a*e^2+c*d^2)^8*log((2*sqrt(a)*sqrt(d)*sqrt(e)*sqrt(c*d*e*x^2+(a*e^2+c*d^2)*x+a*d*e))/abs(x)+((a*e^2+c*d^2)*x)/abs(x)+(2*a*d*e)/abs(x)))/(32768*a^(11/2)*...
    #1 d=1 dl=1 p0-mr_top fb=false seenlen=0 seen=- out=1_3_3_r6@pass1 owner=- f=(c*d*e*x^2+(a*e^2+c*d^2)*x+a*d*e)^(5/2)/(x^9*(e*x+d))
    #2 d=2 dl=2 p0-mr_top fb=true seenlen=1 seen=- out=1_4_2_r25@pass1 owner=1_3_3_r6:fired f=(((e*x+d)/e)^(3/2)*(c*d*e*x+a*e^2)^(5/2))/(e*x^9)
    #3 d=3 dl=3 p0-mr_top fb=true seenlen=2 seen=ratsimp@#2(idx1,live=yes) out=fall-through:seen-hit owner=1_4_2_r25:fired f=((x+d/e)^(3/2)*(c*d*e*x+a*e^2)^(5/2))/(e*x^9)
        matched elem=(((e*x+d)/e)^(3/2)*(c*d*e*x+a*e^2)^(5/2))/(e*x^9)

--- c1 g22 1 Algebraic functions/1.1 Binomial products/1.1.1 Linear/1.1.1.2 (a+b x)^m (c+d x)^n.mac e879 (eq)
  [trace] class=deferred t=0.2s L981 returned=yes t=0.176002 calls=2 ratsimp-hits=1 exact-hits=0 unexited=0 misfire/fault-lines=0 top=1_4_1_r18
    fires=1_4_1_r18
    answer sha1=4e8df97c1c40 'integrate(abs(x)/(b*sqrt(c)*x+a*sqrt(c)),x)
    #1 d=1 dl=1 seenp fb=false seenlen=0 seen=- out=1_4_1_r18 owner=- f=abs(x)/(sqrt(c)*(b*x+a))
    #2 d=2 dl=2 seenp fb=true seenlen=1 seen=ratsimp@#1(idx1,live=yes) out=fall-through:seen-hit owner=1_4_1_r18:fired f=abs(x)/(b*sqrt(c)*x+a*sqrt(c))
        matched elem=abs(x)/(sqrt(c)*(b*x+a))
  [exact-only] class=verified t=0.3s L981 returned=yes t=0.327004 calls=3 ratsimp-hits=0 exact-hits=1 unexited=0 misfire/fault-lines=0 top=1_4_1_r18
    fires=1_1_3_7_r46,1_4_1_r18
    answer sha1=37bf435c279f ('integrate(abs(x)/(b*x+a),x))/sqrt(c)
    #1 d=1 dl=1 seenp fb=false seenlen=0 seen=- out=1_4_1_r18 owner=- f=abs(x)/(sqrt(c)*(b*x+a))
    #2 d=2 dl=2 seenp fb=true seenlen=1 seen=- out=1_1_3_7_r46 owner=1_4_1_r18:fired f=abs(x)/(b*sqrt(c)*x+a*sqrt(c))
    #3 d=3 dl=3 seenp fb=true seenlen=2 seen=exact@#2(idx1,live=yes) out=fall-through:seen-hit owner=1_1_3_7_r46:fired f=abs(x)/(b*sqrt(c)*x+a*sqrt(c))
        matched elem=abs(x)/(b*sqrt(c)*x+a*sqrt(c))
  [p0] class=verified t=7.4s L981 returned=yes t=7.416099 calls=2 ratsimp-hits=0 exact-hits=0 unexited=0 misfire/fault-lines=0 top=9_1_r16@pass2
    fires=9_1_r16
    answer sha1=37bf435c279f ('integrate(abs(x)/(b*x+a),x))/sqrt(c)
    #1 d=1 dl=1 p0-mr_top fb=false seenlen=0 seen=- out=9_1_r16@pass2 owner=- f=abs(x)/(sqrt(c)*(b*x+a))
    #2 d=2 dl=0 p0-hybrid-alg fb=true seenlen=0 seen=- out=fall-through:nofire owner=9_1_r16:fired f=abs(x)/(b*x+a)

--- c1 g22 1 Algebraic functions/1.1 Binomial products/1.1.1 Linear/1.1.1.2 (a+b x)^m (c+d x)^n.mac e881 (eq)
  [trace] class=deferred t=0.2s L983 returned=yes t=0.224003 calls=2 ratsimp-hits=1 exact-hits=0 unexited=0 misfire/fault-lines=0 top=1_4_1_r18
    fires=1_4_1_r18
    answer sha1=1ece1a6e862c 'integrate(1/((b*sqrt(c)*x+a*sqrt(c))*abs(x)),x)
    #1 d=1 dl=1 seenp fb=false seenlen=0 seen=- out=1_4_1_r18 owner=- f=1/(sqrt(c)*(b*x+a)*abs(x))
    #2 d=2 dl=2 seenp fb=true seenlen=1 seen=ratsimp@#1(idx1,live=yes) out=fall-through:seen-hit owner=1_4_1_r18:fired f=1/((b*sqrt(c)*x+a*sqrt(c))*abs(x))
        matched elem=1/(sqrt(c)*(b*x+a)*abs(x))
  [exact-only] class=deferred t=0.7s L983 returned=yes t=0.654009 calls=2 ratsimp-hits=0 exact-hits=0 unexited=0 misfire/fault-lines=0 top=1_4_1_r18
    fires=1_4_1_r18
    answer sha1=1ece1a6e862c 'integrate(1/((b*sqrt(c)*x+a*sqrt(c))*abs(x)),x)
    #1 d=1 dl=1 seenp fb=false seenlen=0 seen=- out=1_4_1_r18 owner=- f=1/(sqrt(c)*(b*x+a)*abs(x))
    #2 d=2 dl=2 seenp fb=true seenlen=1 seen=- out=fall-through:nofire owner=1_4_1_r18:fired f=1/((b*sqrt(c)*x+a*sqrt(c))*abs(x))
  [p0] class=verified t=6.0s L983 returned=yes t=5.95308 calls=2 ratsimp-hits=0 exact-hits=0 unexited=0 misfire/fault-lines=0 top=9_1_r16@pass2
    fires=9_1_r16
    answer sha1=e5ca786882e8 ('integrate(1/((b*x+a)*abs(x)),x))/sqrt(c)
    #1 d=1 dl=1 p0-mr_top fb=false seenlen=0 seen=- out=9_1_r16@pass2 owner=- f=1/(sqrt(c)*(b*x+a)*abs(x))
    #2 d=2 dl=0 p0-hybrid-alg fb=true seenlen=0 seen=- out=fall-through:nofire owner=9_1_r16:fired f=1/((b*x+a)*abs(x))

--- c1 g22 1 Algebraic functions/1.1 Binomial products/1.1.1 Linear/1.1.1.2 (a+b x)^m (c+d x)^n.mac e887 (eq)
  [trace] class=deferred t=0.2s L989 returned=yes t=0.161002 calls=2 ratsimp-hits=1 exact-hits=0 unexited=0 misfire/fault-lines=0 top=1_4_1_r18
    fires=1_4_1_r18
    answer sha1=03c689c4cadc 'integrate(abs(x)/(b*c^(3/2)*x+a*c^(3/2)),x)
    #1 d=1 dl=1 seenp fb=false seenlen=0 seen=- out=1_4_1_r18 owner=- f=abs(x)/(c^(3/2)*(b*x+a))
    #2 d=2 dl=2 seenp fb=true seenlen=1 seen=ratsimp@#1(idx1,live=yes) out=fall-through:seen-hit owner=1_4_1_r18:fired f=abs(x)/(b*c^(3/2)*x+a*c^(3/2))
        matched elem=abs(x)/(c^(3/2)*(b*x+a))
  [exact-only] class=verified t=0.3s L989 returned=yes t=0.331004 calls=3 ratsimp-hits=0 exact-hits=1 unexited=0 misfire/fault-lines=0 top=1_4_1_r18
    fires=1_1_3_7_r46,1_4_1_r18
    answer sha1=d72ead8ebd2a ('integrate(abs(x)/(b*x+a),x))/c^(3/2)
    #1 d=1 dl=1 seenp fb=false seenlen=0 seen=- out=1_4_1_r18 owner=- f=abs(x)/(c^(3/2)*(b*x+a))
    #2 d=2 dl=2 seenp fb=true seenlen=1 seen=- out=1_1_3_7_r46 owner=1_4_1_r18:fired f=abs(x)/(b*c^(3/2)*x+a*c^(3/2))
    #3 d=3 dl=3 seenp fb=true seenlen=2 seen=exact@#2(idx1,live=yes) out=fall-through:seen-hit owner=1_1_3_7_r46:fired f=abs(x)/(b*c^(3/2)*x+a*c^(3/2))
        matched elem=abs(x)/(b*c^(3/2)*x+a*c^(3/2))
  [p0] class=verified t=7.0s L989 returned=yes t=7.002093 calls=2 ratsimp-hits=0 exact-hits=0 unexited=0 misfire/fault-lines=0 top=9_1_r16@pass2
    fires=9_1_r16
    answer sha1=d72ead8ebd2a ('integrate(abs(x)/(b*x+a),x))/c^(3/2)
    #1 d=1 dl=1 p0-mr_top fb=false seenlen=0 seen=- out=9_1_r16@pass2 owner=- f=abs(x)/(c^(3/2)*(b*x+a))
    #2 d=2 dl=0 p0-hybrid-alg fb=true seenlen=0 seen=- out=fall-through:nofire owner=9_1_r16:fired f=abs(x)/(b*x+a)

--- c1 g22 1 Algebraic functions/1.1 Binomial products/1.1.1 Linear/1.1.1.2 (a+b x)^m (c+d x)^n.mac e889 (eq)
  [trace] class=deferred t=0.2s L991 returned=yes t=0.219002 calls=2 ratsimp-hits=1 exact-hits=0 unexited=0 misfire/fault-lines=0 top=1_4_1_r18
    fires=1_4_1_r18
    answer sha1=944dc4232be8 'integrate(1/((b*c^(3/2)*x+a*c^(3/2))*abs(x)),x)
    #1 d=1 dl=1 seenp fb=false seenlen=0 seen=- out=1_4_1_r18 owner=- f=1/(c^(3/2)*(b*x+a)*abs(x))
    #2 d=2 dl=2 seenp fb=true seenlen=1 seen=ratsimp@#1(idx1,live=yes) out=fall-through:seen-hit owner=1_4_1_r18:fired f=1/((b*c^(3/2)*x+a*c^(3/2))*abs(x))
        matched elem=1/(c^(3/2)*(b*x+a)*abs(x))
  [exact-only] class=deferred t=0.7s L991 returned=yes t=0.664009 calls=2 ratsimp-hits=0 exact-hits=0 unexited=0 misfire/fault-lines=0 top=1_4_1_r18
    fires=1_4_1_r18
    answer sha1=944dc4232be8 'integrate(1/((b*c^(3/2)*x+a*c^(3/2))*abs(x)),x)
    #1 d=1 dl=1 seenp fb=false seenlen=0 seen=- out=1_4_1_r18 owner=- f=1/(c^(3/2)*(b*x+a)*abs(x))
    #2 d=2 dl=2 seenp fb=true seenlen=1 seen=- out=fall-through:nofire owner=1_4_1_r18:fired f=1/((b*c^(3/2)*x+a*c^(3/2))*abs(x))
  [p0] class=verified t=5.8s L991 returned=yes t=5.781078 calls=2 ratsimp-hits=0 exact-hits=0 unexited=0 misfire/fault-lines=0 top=9_1_r16@pass2
    fires=9_1_r16
    answer sha1=44b17f8c0c86 ('integrate(1/((b*x+a)*abs(x)),x))/c^(3/2)
    #1 d=1 dl=1 p0-mr_top fb=false seenlen=0 seen=- out=9_1_r16@pass2 owner=- f=1/(c^(3/2)*(b*x+a)*abs(x))
    #2 d=2 dl=0 p0-hybrid-alg fb=true seenlen=0 seen=- out=fall-through:nofire owner=9_1_r16:fired f=1/((b*x+a)*abs(x))

--- c1 g22 1 Algebraic functions/1.1 Binomial products/1.1.1 Linear/1.1.1.3 (a+b x)^m (c+d x)^n (e+f x)^p.mac e373 (eq)
  [trace] class=deferred t=0.2s L476 returned=yes t=0.236003 calls=2 ratsimp-hits=1 exact-hits=0 unexited=0 misfire/fault-lines=0 top=1_4_1_r18
    fires=1_4_1_r18
    answer sha1=d974b4d18898 'integrate(x^m/((a*x^2)/b+1)^2,x)
    #1 d=1 dl=1 seenp fb=false seenlen=0 seen=- out=1_4_1_r18 owner=- f=(b^2*x^m)/(a*x^2+b)^2
    #2 d=2 dl=2 seenp fb=true seenlen=1 seen=ratsimp@#1(idx1,live=yes) out=fall-through:seen-hit owner=1_4_1_r18:fired f=x^m/((a*x^2)/b+1)^2
        matched elem=(b^2*x^m)/(a*x^2+b)^2
  [exact-only] class=expected t=0.3s L476 returned=yes t=0.248003 calls=2 ratsimp-hits=0 exact-hits=0 unexited=0 misfire/fault-lines=0 top=1_4_1_r18
    fires=1_1_2_2_r39,1_4_1_r18
    answer sha1=00a63a5d6810 (hypergeometric([2,(m+1)/2],[(m+1)/2+1],-((a*x^2)/b))*x^(m+1))/(m+1)
    #1 d=1 dl=1 seenp fb=false seenlen=0 seen=- out=1_4_1_r18 owner=- f=(b^2*x^m)/(a*x^2+b)^2
    #2 d=2 dl=2 seenp fb=true seenlen=1 seen=- out=1_1_2_2_r39 owner=1_4_1_r18:fired f=x^m/((a*x^2)/b+1)^2
  [p0] class=verified t=3.1s L476 returned=yes t=3.03204 calls=2 ratsimp-hits=0 exact-hits=0 unexited=0 misfire/fault-lines=0 top=1_1_2_9_r104@pass2
    fires=1_1_2_9_r104
    answer sha1=47e6ed59a469 b^2*'integrate(x^m/(a^2*x^4+2*a*b*x^2+b^2),x)
    #1 d=1 dl=1 p0-mr_top fb=false seenlen=0 seen=- out=1_1_2_9_r104@pass2 owner=- f=(b^2*x^m)/(a*x^2+b)^2
    #2 d=2 dl=1 p0-mr_top fb=true seenlen=0 seen=- out=fall-through:nofire owner=1_1_2_9_r104:fired f=(b^2*x^m)/(a^2*x^4+2*a*b*x^2+b^2)

--- c1 g22 1 Algebraic functions/1.1 Binomial products/1.1.2 Quadratic/1.1.2.8 P(x) (c x)^m (a+b x^2)^p.mac e58 (eq)
  [trace] class=deferred t=0.2s L95 returned=yes t=0.148002 calls=2 ratsimp-hits=1 exact-hits=0 unexited=0 misfire/fault-lines=0 top=1_4_1_r18
    fires=1_4_1_r18
    answer sha1=1c76f2118fe9 'integrate((c*x)^m/((b*x^2)/A+a/A),x)
    #1 d=1 dl=1 seenp fb=false seenlen=0 seen=- out=1_4_1_r18 owner=- f=(A*(c*x)^m)/(b*x^2+a)
    #2 d=2 dl=2 seenp fb=true seenlen=1 seen=ratsimp@#1(idx1,live=yes) out=fall-through:seen-hit owner=1_4_1_r18:fired f=(c*x)^m/((b*x^2)/A+a/A)
        matched elem=(A*(c*x)^m)/(b*x^2+a)
  [exact-only] class=expected t=0.2s L95 returned=yes t=0.152003 calls=2 ratsimp-hits=0 exact-hits=0 unexited=0 misfire/fault-lines=0 top=1_4_1_r18
    fires=1_1_2_2_r39,1_4_1_r18
    answer sha1=2f813d88193f (hypergeometric([1,(m+1)/2],[(m+1)/2+1],-((b*x^2)/a))*A*(c*x)^(m+1))/(a*c*(m+1))
    #1 d=1 dl=1 seenp fb=false seenlen=0 seen=- out=1_4_1_r18 owner=- f=(A*(c*x)^m)/(b*x^2+a)
    #2 d=2 dl=2 seenp fb=true seenlen=1 seen=- out=1_1_2_2_r39 owner=1_4_1_r18:fired f=(c*x)^m/((b*x^2)/A+a/A)
  [p0] class=verified t=2.8s L95 returned=yes t=2.748036 calls=3 ratsimp-hits=0 exact-hits=1 unexited=0 misfire/fault-lines=0 top=1_2_1_9b_r5@pass2
    fires=1_2_1_9b_r5,1_2_1_9b_r5
    answer sha1=e4cee5ed0070 A*'integrate((c*x)^m/(b*x^2+a),x)
    #1 d=1 dl=1 p0-mr_top fb=false seenlen=0 seen=- out=1_2_1_9b_r5@pass2 owner=- f=(A*(c*x)^m)/(b*x^2+a)
    #2 d=2 dl=1 p0-mr_top fb=true seenlen=0 seen=- out=1_2_1_9b_r5@pass1 owner=1_2_1_9b_r5:fired f=(A*(c*x)^m)/(b*x^2+a)
    #3 d=3 dl=2 p0-mr_top fb=true seenlen=1 seen=exact@#2(idx1,live=yes) out=fall-through:seen-hit owner=1_2_1_9b_r5:fired f=(A*(c*x)^m)/(b*x^2+a)
        matched elem=(A*(c*x)^m)/(b*x^2+a)

--- c1 g22 1 Algebraic functions/1.1 Binomial products/1.1.3 General/1.1.3.8 P(x) (c x)^m (a+b x^n)^p.mac e63 (eq)
  [trace] class=deferred t=0.4s L86 returned=yes t=0.400005 calls=2 ratsimp-hits=1 exact-hits=0 unexited=0 misfire/fault-lines=0 top=1_4_1_r18
    fires=1_4_1_r18
    answer sha1=f08c562e4e54 'integrate((d*x+c)/(b*x^3+a)^(3/2),x)
    #1 d=1 dl=1 seenp fb=false seenlen=0 seen=- out=1_4_1_r18 owner=- f=(b*d*x^4+b*c*x^3+a*d*x+a*c)/(b*x^3+a)^(5/2)
    #2 d=2 dl=2 seenp fb=true seenlen=1 seen=ratsimp@#1(idx1,live=yes) out=fall-through:seen-hit owner=1_4_1_r18:fired f=(d*x+c)/(b*x^3+a)^(3/2)
        matched elem=(b*d*x^4+b*c*x^3+a*d*x+a*c)/(b*x^3+a)^(5/2)
  [exact-only] class=verified t=1.2s L86 returned=yes t=1.165015 calls=7 ratsimp-hits=0 exact-hits=1 unexited=0 misfire/fault-lines=0 top=1_4_1_r18
    fires=1_1_3_1_r30,1_1_3_1_r30,1_1_3_7_r29,1_1_3_7_r29,1_1_3_7_r6,1_4_1_r18
    answer sha1=c2550f1b9da1 (2*x*(d*x+c))/(3*a*sqrt(b*x^3+a))-(2*((2*sqrt(sqrt(3)+2)*(-(((1-sqrt(3))*a^(1/3)*d)/2)-(b^(1/3)*c)/2)*(b^(1/3)*x+a^(1/3))*sqrt((b^(2/3)*x^2-a^(1/3)*b^(1/3)*x+a^...
    #1 d=1 dl=1 seenp fb=false seenlen=0 seen=- out=1_4_1_r18 owner=- f=(b*d*x^4+b*c*x^3+a*d*x+a*c)/(b*x^3+a)^(5/2)
    #2 d=2 dl=2 seenp fb=true seenlen=1 seen=- out=1_1_3_7_r6 owner=1_4_1_r18:fired f=(d*x+c)/(b*x^3+a)^(3/2)
    #3 d=3 dl=3 seenp fb=true seenlen=2 seen=- out=1_1_3_7_r29 owner=1_1_3_7_r6:fired f=((d*x)/2-c/2)/sqrt(b*x^3+a)
    #4 d=4 dl=4 seenp fb=true seenlen=3 seen=- out=1_1_3_1_r30 owner=1_1_3_7_r29:fired f=1/sqrt(b*x^3+a)
    #5 d=4 dl=4 seenp fb=true seenlen=3 seen=- out=1_1_3_7_r29 owner=1_1_3_7_r29:fired f=(b^(1/3)*x+(1-sqrt(3))*a^(1/3))/sqrt(b*x^3+a)
    #6 d=5 dl=5 seenp fb=true seenlen=4 seen=- out=1_1_3_1_r30 owner=1_1_3_7_r29:fired f=1/sqrt(b*x^3+a)
    #7 d=5 dl=5 seenp fb=true seenlen=4 seen=exact@#5(idx1,live=yes) out=fall-through:seen-hit owner=1_1_3_7_r29:fired f=(b^(1/3)*x+(1-sqrt(3))*a^(1/3))/sqrt(b*x^3+a)
        matched elem=(b^(1/3)*x+(1-sqrt(3))*a^(1/3))/sqrt(b*x^3+a)
  [p0] class=verified t=2.2s L86 returned=yes t=2.227029 calls=3 ratsimp-hits=0 exact-hits=0 unexited=0 misfire/fault-lines=0 top=1_3_4_r21@pass1
    fires=1_3_4_r21,1_3_4_r21
    answer sha1=41756548f734 -((2*((5*b*c*x)/(7*(b*x^3+a)^(3/2))-(2*'integrate(((63*a*b^2*d*x)/4+(45*a*b^2*c)/4)/(b*x^3+a)^(5/2),x))/(7*b)))/(5*b))-(2*d*x^2)/(5*(b*x^3+a)^(3/2))
    #1 d=1 dl=1 p0-mr_top fb=false seenlen=0 seen=- out=1_3_4_r21@pass1 owner=- f=(b*d*x^4+b*c*x^3+a*d*x+a*c)/(b*x^3+a)^(5/2)
    #2 d=2 dl=2 p0-mr_top fb=true seenlen=1 seen=- out=1_3_4_r21@pass1 owner=1_3_4_r21:fired f=(-((5*b^2*c*x^3)/2)-(9*a*b*d*x)/2-(5*a*b*c)/2)/(b*x^3+a)^(5/2)
    #3 d=3 dl=3 p0-mr_top fb=true seenlen=2 seen=- out=fall-through:nofire owner=1_3_4_r21:fired f=((63*a*b^2*d*x)/4+(45*a*b^2*c)/4)/(b*x^3+a)^(5/2)

--- c1 g22 1 Algebraic functions/1.1 Binomial products/1.1.3 General/1.1.3.8 P(x) (c x)^m (a+b x^n)^p.mac e64 (eq)
  [trace] class=deferred t=0.4s L87 returned=yes t=0.396006 calls=2 ratsimp-hits=1 exact-hits=0 unexited=0 misfire/fault-lines=0 top=1_4_1_r18
    fires=1_4_1_r18
    answer sha1=a29e8ff5758d 'integrate((d*x+c)/(b*x^3+a)^(5/2),x)
    #1 d=1 dl=1 seenp fb=false seenlen=0 seen=- out=1_4_1_r18 owner=- f=(b*d*x^4+b*c*x^3+a*d*x+a*c)/(b*x^3+a)^(7/2)
    #2 d=2 dl=2 seenp fb=true seenlen=1 seen=ratsimp@#1(idx1,live=yes) out=fall-through:seen-hit owner=1_4_1_r18:fired f=(d*x+c)/(b*x^3+a)^(5/2)
        matched elem=(b*d*x^4+b*c*x^3+a*d*x+a*c)/(b*x^3+a)^(7/2)
  [exact-only] class=verified t=1.4s L87 returned=yes t=1.411018 calls=8 ratsimp-hits=0 exact-hits=1 unexited=0 misfire/fault-lines=0 top=1_4_1_r18
    fires=1_1_3_1_r30,1_1_3_1_r30,1_1_3_7_r29,1_1_3_7_r29,1_1_3_7_r6,1_1_3_7_r6,1_4_1_r18
    answer sha1=2a1c985bed7c (2*x*(d*x+c))/(9*a*(b*x^3+a)^(3/2))-(2*((2*x*(-((5*d*x)/2)-(7*c)/2))/(3*a*sqrt(b*x^3+a))-(2*((2*sqrt(sqrt(3)+2)*((5*(1-sqrt(3))*a^(1/3)*d)/4+(7*b^(1/3)*c)/4)*(b...
    #1 d=1 dl=1 seenp fb=false seenlen=0 seen=- out=1_4_1_r18 owner=- f=(b*d*x^4+b*c*x^3+a*d*x+a*c)/(b*x^3+a)^(7/2)
    #2 d=2 dl=2 seenp fb=true seenlen=1 seen=- out=1_1_3_7_r6 owner=1_4_1_r18:fired f=(d*x+c)/(b*x^3+a)^(5/2)
    #3 d=3 dl=3 seenp fb=true seenlen=2 seen=- out=1_1_3_7_r6 owner=1_1_3_7_r6:fired f=(-((5*d*x)/2)-(7*c)/2)/(b*x^3+a)^(3/2)
    #4 d=4 dl=4 seenp fb=true seenlen=3 seen=- out=1_1_3_7_r29 owner=1_1_3_7_r6:fired f=((7*c)/4-(5*d*x)/4)/sqrt(b*x^3+a)
    #5 d=5 dl=5 seenp fb=true seenlen=4 seen=- out=1_1_3_1_r30 owner=1_1_3_7_r29:fired f=1/sqrt(b*x^3+a)
    #6 d=5 dl=5 seenp fb=true seenlen=4 seen=- out=1_1_3_7_r29 owner=1_1_3_7_r29:fired f=(b^(1/3)*x+(1-sqrt(3))*a^(1/3))/sqrt(b*x^3+a)
    #7 d=6 dl=6 seenp fb=true seenlen=5 seen=- out=1_1_3_1_r30 owner=1_1_3_7_r29:fired f=1/sqrt(b*x^3+a)
    #8 d=6 dl=6 seenp fb=true seenlen=5 seen=exact@#6(idx1,live=yes) out=fall-through:seen-hit owner=1_1_3_7_r29:fired f=(b^(1/3)*x+(1-sqrt(3))*a^(1/3))/sqrt(b*x^3+a)
        matched elem=(b^(1/3)*x+(1-sqrt(3))*a^(1/3))/sqrt(b*x^3+a)
  [p0] class=verified t=2.3s L87 returned=yes t=2.24303 calls=3 ratsimp-hits=0 exact-hits=0 unexited=0 misfire/fault-lines=0 top=1_3_4_r21@pass1
    fires=1_3_4_r21,1_3_4_r21
    answer sha1=87272d1755d4 -((2*((11*b*c*x)/(13*(b*x^3+a)^(5/2))-(2*'integrate(((195*a*b^2*d*x)/4+(165*a*b^2*c)/4)/(b*x^3+a)^(7/2),x))/(13*b)))/(11*b))-(2*d*x^2)/(11*(b*x^3+a)^(5/2))
    #1 d=1 dl=1 p0-mr_top fb=false seenlen=0 seen=- out=1_3_4_r21@pass1 owner=- f=(b*d*x^4+b*c*x^3+a*d*x+a*c)/(b*x^3+a)^(7/2)
    #2 d=2 dl=2 p0-mr_top fb=true seenlen=1 seen=- out=1_3_4_r21@pass1 owner=1_3_4_r21:fired f=(-((11*b^2*c*x^3)/2)-(15*a*b*d*x)/2-(11*a*b*c)/2)/(b*x^3+a)^(7/2)
    #3 d=3 dl=3 p0-mr_top fb=true seenlen=2 seen=- out=fall-through:nofire owner=1_3_4_r21:fired f=((195*a*b^2*d*x)/4+(165*a*b^2*c)/4)/(b*x^3+a)^(7/2)

--- c1 g22 1 Algebraic functions/1.1 Binomial products/1.1.3 General/1.1.3.8 P(x) (c x)^m (a+b x^n)^p.mac e65 (eq)
  [trace] class=deferred t=0.4s L88 returned=yes t=0.398006 calls=2 ratsimp-hits=1 exact-hits=0 unexited=0 misfire/fault-lines=0 top=1_4_1_r18
    fires=1_4_1_r18
    answer sha1=059aaff54622 'integrate((d*x+c)/(b*x^3+a)^(7/2),x)
    #1 d=1 dl=1 seenp fb=false seenlen=0 seen=- out=1_4_1_r18 owner=- f=(b*d*x^4+b*c*x^3+a*d*x+a*c)/(b*x^3+a)^(9/2)
    #2 d=2 dl=2 seenp fb=true seenlen=1 seen=ratsimp@#1(idx1,live=yes) out=fall-through:seen-hit owner=1_4_1_r18:fired f=(d*x+c)/(b*x^3+a)^(7/2)
        matched elem=(b*d*x^4+b*c*x^3+a*d*x+a*c)/(b*x^3+a)^(9/2)
  [exact-only] class=verified t=1.7s L88 returned=yes t=1.647022 calls=9 ratsimp-hits=0 exact-hits=1 unexited=0 misfire/fault-lines=0 top=1_4_1_r18
    fires=1_1_3_1_r30,1_1_3_1_r30,1_1_3_7_r29,1_1_3_7_r29,1_1_3_7_r6,1_1_3_7_r6,1_1_3_7_r6,1_4_1_r18
    answer sha1=cff2acbcf05a (2*x*(d*x+c))/(15*a*(b*x^3+a)^(5/2))-(2*((2*x*(-((11*d*x)/2)-(13*c)/2))/(9*a*(b*x^3+a)^(3/2))-(2*((2*x*((55*d*x)/4+(91*c)/4))/(3*a*sqrt(b*x^3+a))-(2*((2*sqrt(sq...
    #1 d=1 dl=1 seenp fb=false seenlen=0 seen=- out=1_4_1_r18 owner=- f=(b*d*x^4+b*c*x^3+a*d*x+a*c)/(b*x^3+a)^(9/2)
    #2 d=2 dl=2 seenp fb=true seenlen=1 seen=- out=1_1_3_7_r6 owner=1_4_1_r18:fired f=(d*x+c)/(b*x^3+a)^(7/2)
    #3 d=3 dl=3 seenp fb=true seenlen=2 seen=- out=1_1_3_7_r6 owner=1_1_3_7_r6:fired f=(-((11*d*x)/2)-(13*c)/2)/(b*x^3+a)^(5/2)
    #4 d=4 dl=4 seenp fb=true seenlen=3 seen=- out=1_1_3_7_r6 owner=1_1_3_7_r6:fired f=((55*d*x)/4+(91*c)/4)/(b*x^3+a)^(3/2)
    #5 d=5 dl=5 seenp fb=true seenlen=4 seen=- out=1_1_3_7_r29 owner=1_1_3_7_r6:fired f=((55*d*x)/8-(91*c)/8)/sqrt(b*x^3+a)
    #6 d=6 dl=6 seenp fb=true seenlen=5 seen=- out=1_1_3_1_r30 owner=1_1_3_7_r29:fired f=1/sqrt(b*x^3+a)
    #7 d=6 dl=6 seenp fb=true seenlen=5 seen=- out=1_1_3_7_r29 owner=1_1_3_7_r29:fired f=(b^(1/3)*x+(1-sqrt(3))*a^(1/3))/sqrt(b*x^3+a)
    #8 d=7 dl=7 seenp fb=true seenlen=6 seen=- out=1_1_3_1_r30 owner=1_1_3_7_r29:fired f=1/sqrt(b*x^3+a)
    #9 d=7 dl=7 seenp fb=true seenlen=6 seen=exact@#7(idx1,live=yes) out=fall-through:seen-hit owner=1_1_3_7_r29:fired f=(b^(1/3)*x+(1-sqrt(3))*a^(1/3))/sqrt(b*x^3+a)
        matched elem=(b^(1/3)*x+(1-sqrt(3))*a^(1/3))/sqrt(b*x^3+a)
  [p0] class=verified t=2.3s L88 returned=yes t=2.26803 calls=3 ratsimp-hits=0 exact-hits=0 unexited=0 misfire/fault-lines=0 top=1_3_4_r21@pass1
    fires=1_3_4_r21,1_3_4_r21
    answer sha1=e21ed4f84155 -((2*((17*b*c*x)/(19*(b*x^3+a)^(7/2))-(2*'integrate(((399*a*b^2*d*x)/4+(357*a*b^2*c)/4)/(b*x^3+a)^(9/2),x))/(19*b)))/(17*b))-(2*d*x^2)/(17*(b*x^3+a)^(7/2))
    #1 d=1 dl=1 p0-mr_top fb=false seenlen=0 seen=- out=1_3_4_r21@pass1 owner=- f=(b*d*x^4+b*c*x^3+a*d*x+a*c)/(b*x^3+a)^(9/2)
    #2 d=2 dl=2 p0-mr_top fb=true seenlen=1 seen=- out=1_3_4_r21@pass1 owner=1_3_4_r21:fired f=(-((17*b^2*c*x^3)/2)-(21*a*b*d*x)/2-(17*a*b*c)/2)/(b*x^3+a)^(9/2)
    #3 d=3 dl=3 p0-mr_top fb=true seenlen=2 seen=- out=fall-through:nofire owner=1_3_4_r21:fired f=((399*a*b^2*d*x)/4+(357*a*b^2*c)/4)/(b*x^3+a)^(9/2)

--- c1 g22 1 Algebraic functions/1.2 Trinomial products/1.2.2 Quartic/1.2.2.5 P(x) (a+b x^2+c x^4)^p.mac e64 (eq)
  [trace] class=deferred t=2.2s L81 returned=yes t=2.185029 calls=2 ratsimp-hits=1 exact-hits=0 unexited=0 misfire/fault-lines=0 top=1_4_1_r18
    fires=1_4_1_r18
    answer sha1=7dbe4310fcb8 'integrate((f*x^2+e*x+d)/(c*x^4+b*x^2+a),x)
    #1 d=1 dl=1 seenp fb=false seenlen=0 seen=- out=1_4_1_r18 owner=- f=(c*f*x^6+c*e*x^5+(b*f+c*d)*x^4+b*e*x^3+(a*f+b*d)*x^2+a*e*x+a*d)/(c*x^4+b*x^2+a)^2
    #2 d=2 dl=2 seenp fb=true seenlen=1 seen=ratsimp@#1(idx1,live=yes) out=fall-through:seen-hit owner=1_4_1_r18:fired f=(f*x^2+e*x+d)/(c*x^4+b*x^2+a)
        matched elem=(c*f*x^6+c*e*x^5+(b*f+c*d)*x^4+b*e*x^3+(a*f+b*d)*x^2+a*e*x+a*d)/(c*x^4+b*x^2+a)^2
  [exact-only] class=verified t=3.1s L81 returned=yes t=3.080041 calls=8 ratsimp-hits=0 exact-hits=0 unexited=0 misfire/fault-lines=0 top=1_4_1_r18
    fires=1_1_2_1_r12,1_1_2_1_r12,1_2_2_3_r24,1_1_2_2_r39,1_1_2_2_r39,1_2_2_2_r25,1_2_2_5_r3,1_4_1_r18
    answer sha1=2c2bf68feb8f (sqrt(1/c)*(f/2-(2*c*d-b*f)/(2*sqrt(b^2-4*a*c)))*atan(x/(sqrt(1/c)*sqrt(sqrt(b^2-4*a*c)/2+b/2))))/sqrt(sqrt(b^2-4*a*c)/2+b/2)+(sqrt(1/c)*((2*c*d-b*f)/(2*sqrt(b^...
    #1 d=1 dl=1 seenp fb=false seenlen=0 seen=- out=1_4_1_r18 owner=- f=(c*f*x^6+c*e*x^5+(b*f+c*d)*x^4+b*e*x^3+(a*f+b*d)*x^2+a*e*x+a*d)/(c*x^4+b*x^2+a)^2
    #2 d=2 dl=2 seenp fb=true seenlen=1 seen=- out=1_2_2_5_r3 owner=1_4_1_r18:fired f=(f*x^2+e*x+d)/(c*x^4+b*x^2+a)
    #3 d=3 dl=3 seenp fb=true seenlen=2 seen=- out=1_2_2_3_r24 owner=1_2_2_5_r3:fired f=(f*x^2+d)/(c*x^4+b*x^2+a)
    #4 d=4 dl=4 seenp fb=true seenlen=3 seen=- out=1_1_2_1_r12 owner=1_2_2_3_r24:fired f=1/(c*x^2-sqrt(b^2-4*a*c)/2+b/2)
    #5 d=4 dl=4 seenp fb=true seenlen=3 seen=- out=1_1_2_1_r12 owner=1_2_2_3_r24:fired f=1/(c*x^2+sqrt(b^2-4*a*c)/2+b/2)
    #6 d=3 dl=3 seenp fb=true seenlen=2 seen=- out=1_2_2_2_r25 owner=1_2_2_5_r3:fired f=(e*x)/(c*x^4+b*x^2+a)
    #7 d=4 dl=4 seenp fb=true seenlen=3 seen=- out=1_1_2_2_r39 owner=1_2_2_2_r25:fired f=(e*x)/(c*x^2-sqrt(b^2-4*a*c)/2+b/2)
    #8 d=4 dl=4 seenp fb=true seenlen=3 seen=- out=1_1_2_2_r39 owner=1_2_2_2_r25:fired f=(e*x)/(c*x^2+sqrt(b^2-4*a*c)/2+b/2)
  [p0] class=verified t=3.3s L81 returned=yes t=3.245043 calls=7 ratsimp-hits=1 exact-hits=0 unexited=0 misfire/fault-lines=0 top=1_2_2_5_r3@pass1
    fires=1_2_2_5_r8,1_2_1_6_r1,1_2_1_6_r4,1_2_2_6_r2,1_2_2_5_r3
    answer sha1=979bc35e10a8 (e*atan((2*c*x^2+b)/sqrt(4*a*c-b^2)))/sqrt(4*a*c-b^2)-('integrate((8*a^2*c*f*x^2-2*a*b^2*f*x^2+8*a^2*c*d-2*a*b^2*d)/(c*x^4+b*x^2+a),x))/(2*a*(b^2-4*a*c))
    #1 d=1 dl=1 p0-mr_top fb=false seenlen=0 seen=- out=1_2_2_5_r3@pass1 owner=- f=(c*f*x^6+c*e*x^5+(b*f+c*d)*x^4+b*e*x^3+(a*f+b*d)*x^2+a*e*x+a*d)/(c*x^4+b*x^2+a)^2
    #2 d=2 dl=2 p0-mr_top fb=true seenlen=1 seen=- out=1_2_2_5_r8@pass1 owner=1_2_2_5_r3:fired f=(c*f*x^6+(b*f+c*d)*x^4+(a*f+b*d)*x^2+a*d)/(c*x^4+b*x^2+a)^2
    #3 d=3 dl=3 p0-mr_top fb=true seenlen=2 seen=- out=fall-through:nofire owner=1_2_2_5_r8:fired f=(8*a^2*c*f*x^2-2*a*b^2*f*x^2+8*a^2*c*d-2*a*b^2*d)/(c*x^4+b*x^2+a)
    #4 d=2 dl=2 p0-mr_top fb=true seenlen=1 seen=- out=1_2_2_6_r2@pass1 owner=1_2_2_5_r3:fired f=(x*(c*e*x^4+b*e*x^2+a*e))/(c*x^4+b*x^2+a)^2
    #5 d=3 dl=3 p0-mr_top fb=true seenlen=2 seen=- out=1_2_1_6_r4@pass1 owner=1_2_2_6_r2:fired f=(c*e*x^2+b*e*x+a*e)/(c*x^2+b*x+a)^2
    #6 d=4 dl=4 p0-mr_top fb=true seenlen=3 seen=- out=1_2_1_6_r1@pass1 owner=1_2_1_6_r4:fired f=(4*a*c*e-b^2*e)/(c*x^2+b*x+a)
    #7 d=5 dl=5 p0-mr_top fb=true seenlen=4 seen=ratsimp@#6(idx1,live=yes) out=fall-through:seen-hit owner=1_2_1_6_r1:fired f=(4*a*c*e)/(c*x^2+b*x+a)-(b^2*e)/(c*x^2+b*x+a)
        matched elem=(4*a*c*e-b^2*e)/(c*x^2+b*x+a)

--- c1 g25 1 Algebraic functions/1.2 Trinomial products/1.2.2 Quartic/1.2.2.7 P(x) (d+e x^2)^q (a+b x^2+c x^4)^p.mac e1 (eq)
  [trace] class=deferred t=1.1s L16 returned=yes t=1.111015 calls=2 ratsimp-hits=1 exact-hits=0 unexited=0 misfire/fault-lines=0 top=1_2_2_7_r41
    fires=1_2_2_7_r41
    answer sha1=2153622148ae 'integrate((B*e^3*x^8)/sqrt(c*x^4+a)+(A*e^3*x^6)/sqrt(c*x^4+a)+(3*B*d*e^2*x^6)/sqrt(c*x^4+a)+(3*A*d*e^2*x^4)/sqrt(c*x^4+a)+(3*B*d^2*e*x^4)/sqrt(c*x^4+a)+(3*A*d^...
    #1 d=1 dl=1 seenp fb=false seenlen=0 seen=- out=1_2_2_7_r41 owner=- f=((B*x^2+A)*(e*x^2+d)^3)/sqrt(c*x^4+a)
    #2 d=2 dl=2 seenp fb=true seenlen=1 seen=ratsimp@#1(idx1,live=yes) out=fall-through:seen-hit owner=1_2_2_7_r41:fired f=(B*e^3*x^8)/sqrt(c*x^4+a)+(A*e^3*x^6)/sqrt(c*x^4+a)+(3*B*d*e^2*x^6)/sqrt(c*x^4+a)+(3*A*d*e^2*x^4)/sqrt(c*x^4+a...
        matched elem=((B*x^2+A)*(e*x^2+d)^3)/sqrt(c*x^4+a)
  [exact-only] class=verified t=16.3s L16 returned=yes t=16.296219 calls=24 ratsimp-hits=0 exact-hits=4 unexited=0 misfire/fault-lines=0 top=1_2_2_7_r41
    fires=1_1_3_1_r32,1_4_1_r23,1_1_3_7_r40,1_1_3_7_r40,1_1_3_7_r45,1_1_3_7_r40,1_1_3_7_r45,1_1_3_7_r40,1_1_3_1_r32,1_4_1_r23,1_1_3_7_r40,1_1_3_1_r32,1_4_1_r23,1_1_3_7_r40,1_1_3_7_r45,1_1_3_7_r45,1_1_3_1_r32,1_4_1_r23,1_4_1_r7,1_2_2_7_r41
    answer sha1=efd5acd6a9bf ((5*B*a^2*e^3*(sqrt(1/a)*sqrt(c)*x^2+1)*sqrt((c^2*x^8+2*sqrt(1/a)*a*c^(3/2)*x^6+2*a*c*x^4+2*sqrt(1/a)*a^2*sqrt(c)*x^2+a^2)/(c^2*x^8+4*sqrt(1/a)*a*c^(3/2)*x^6+6*...
    #1 d=1 dl=1 seenp fb=false seenlen=0 seen=- out=1_2_2_7_r41 owner=- f=((B*x^2+A)*(e*x^2+d)^3)/sqrt(c*x^4+a)
    #2 d=2 dl=2 seenp fb=true seenlen=1 seen=- out=1_4_1_r7 owner=1_2_2_7_r41:fired f=(B*e^3*x^8)/sqrt(c*x^4+a)+(A*e^3*x^6)/sqrt(c*x^4+a)+(3*B*d*e^2*x^6)/sqrt(c*x^4+a)+(3*A*d*e^2*x^4)/sqrt(c*x^4+a...
    #3 d=3 dl=3 seenp fb=true seenlen=2 seen=- out=1_1_3_7_r40 owner=1_4_1_r7:fired f=(B*e^3*x^8)/sqrt(c*x^4+a)
    #4 d=4 dl=4 seenp fb=true seenlen=3 seen=- out=1_1_3_7_r40 owner=1_1_3_7_r40:fired f=-((5*B*a*e^3*x^4)/sqrt(c*x^4+a))
    #5 d=5 dl=5 seenp fb=true seenlen=4 seen=- out=1_4_1_r23 owner=1_1_3_7_r40:fired f=(5*B*a^2*e^3)/sqrt(c*x^4+a)
    #6 d=6 dl=6 seenp fb=true seenlen=5 seen=- out=1_1_3_1_r32 owner=1_4_1_r23:fired f=1/sqrt(c*x^4+a)
    #7 d=3 dl=3 seenp fb=true seenlen=2 seen=- out=1_1_3_7_r40 owner=1_4_1_r7:fired f=(A*e^3*x^6)/sqrt(c*x^4+a)
    #8 d=4 dl=4 seenp fb=true seenlen=3 seen=- out=1_1_3_7_r45 owner=1_1_3_7_r40:fired f=-((3*A*a*e^3*x^2)/sqrt(c*x^4+a))
    #9 d=5 dl=5 seenp fb=true seenlen=4 seen=exact@#8(idx1,live=yes) out=fall-through:seen-hit owner=1_1_3_7_r45:fired f=-((3*A*a*e^3*x^2)/sqrt(c*x^4+a))
        matched elem=-((3*A*a*e^3*x^2)/sqrt(c*x^4+a))
    #10 d=3 dl=3 seenp fb=true seenlen=2 seen=- out=1_1_3_7_r40 owner=1_4_1_r7:fired f=(3*B*d*e^2*x^6)/sqrt(c*x^4+a)
    #11 d=4 dl=4 seenp fb=true seenlen=3 seen=- out=1_1_3_7_r45 owner=1_1_3_7_r40:fired f=-((9*B*a*d*e^2*x^2)/sqrt(c*x^4+a))
    #12 d=5 dl=5 seenp fb=true seenlen=4 seen=exact@#11(idx1,live=yes) out=fall-through:seen-hit owner=1_1_3_7_r45:fired f=-((9*B*a*d*e^2*x^2)/sqrt(c*x^4+a))
        matched elem=-((9*B*a*d*e^2*x^2)/sqrt(c*x^4+a))
    #13 d=3 dl=3 seenp fb=true seenlen=2 seen=- out=1_1_3_7_r40 owner=1_4_1_r7:fired f=(3*A*d*e^2*x^4)/sqrt(c*x^4+a)
    #14 d=4 dl=4 seenp fb=true seenlen=3 seen=- out=1_4_1_r23 owner=1_1_3_7_r40:fired f=-((3*A*a*d*e^2)/sqrt(c*x^4+a))
    #15 d=5 dl=5 seenp fb=true seenlen=4 seen=- out=1_1_3_1_r32 owner=1_4_1_r23:fired f=1/sqrt(c*x^4+a)
    #16 d=3 dl=3 seenp fb=true seenlen=2 seen=- out=1_1_3_7_r40 owner=1_4_1_r7:fired f=(3*B*d^2*e*x^4)/sqrt(c*x^4+a)
    #17 d=4 dl=4 seenp fb=true seenlen=3 seen=- out=1_4_1_r23 owner=1_1_3_7_r40:fired f=-((3*B*a*d^2*e)/sqrt(c*x^4+a))
    #18 d=5 dl=5 seenp fb=true seenlen=4 seen=- out=1_1_3_1_r32 owner=1_4_1_r23:fired f=1/sqrt(c*x^4+a)
    #19 d=3 dl=3 seenp fb=true seenlen=2 seen=- out=1_1_3_7_r45 owner=1_4_1_r7:fired f=(3*A*d^2*e*x^2)/sqrt(c*x^4+a)
    #20 d=4 dl=4 seenp fb=true seenlen=3 seen=exact@#19(idx1,live=yes) out=fall-through:seen-hit owner=1_1_3_7_r45:fired f=(3*A*d^2*e*x^2)/sqrt(c*x^4+a)
        matched elem=(3*A*d^2*e*x^2)/sqrt(c*x^4+a)
    #21 d=3 dl=3 seenp fb=true seenlen=2 seen=- out=1_1_3_7_r45 owner=1_4_1_r7:fired f=(B*d^3*x^2)/sqrt(c*x^4+a)
    #22 d=4 dl=4 seenp fb=true seenlen=3 seen=exact@#21(idx1,live=yes) out=fall-through:seen-hit owner=1_1_3_7_r45:fired f=(B*d^3*x^2)/sqrt(c*x^4+a)
        matched elem=(B*d^3*x^2)/sqrt(c*x^4+a)
    #23 d=3 dl=3 seenp fb=true seenlen=2 seen=- out=1_4_1_r23 owner=1_4_1_r7:fired f=(A*d^3)/sqrt(c*x^4+a)
    #24 d=4 dl=4 seenp fb=true seenlen=3 seen=- out=1_1_3_1_r32 owner=1_4_1_r23:fired f=1/sqrt(c*x^4+a)
  [p0] class=verified t=2.4s L16 returned=yes t=2.380032 calls=6 ratsimp-hits=1 exact-hits=0 unexited=0 misfire/fault-lines=0 top=1_2_2_5_r9@pass1
    fires=9_1_r9,1_2_2_8_r18,1_2_2_5_r9,1_2_2_5_r9,1_2_2_5_r9
    answer sha1=7d9c228e6c38 ((('integrate(((-(63*A*a*c^2*e^3)-189*B*a*c^2*d*e^2+315*A*c^3*d^2*e+105*B*c^3*d^3)*x^2+25*B*a^2*c*e^3-105*A*a*c^2*d*e^2-105*B*a*c^2*d^2*e+105*A*c^3*d^3)/sqrt(c*...
    #1 d=1 dl=1 p0-mr_top fb=false seenlen=0 seen=- out=1_2_2_5_r9@pass1 owner=- f=((B*x^2+A)*(e*x^2+d)^3)/sqrt(c*x^4+a)
    #2 d=2 dl=2 p0-mr_top fb=true seenlen=1 seen=- out=1_2_2_5_r9@pass1 owner=1_2_2_5_r9:fired f=(7*A*c*e^3*x^6+21*B*c*d*e^2*x^6-5*B*a*e^3*x^4+21*A*c*d*e^2*x^4+21*B*c*d^2*e*x^4+21*A*c*d^2*e*x^2+7*B*c*d^3*x^2...
    #3 d=3 dl=3 p0-mr_top fb=true seenlen=2 seen=- out=1_2_2_5_r9@pass1 owner=1_2_2_5_r9:fired f=(-(25*B*a*c*e^3*x^4)+105*A*c^2*d*e^2*x^4+105*B*c^2*d^2*e*x^4-21*A*a*c*e^3*x^2-63*B*a*c*d*e^2*x^2+105*A*c^2*d^2...
    #4 d=4 dl=4 p0-mr_top fb=true seenlen=3 seen=- out=1_2_2_8_r18@pass1 owner=1_2_2_5_r9:fired f=(-(63*A*a*c^2*e^3*x^2)-189*B*a*c^2*d*e^2*x^2+315*A*c^3*d^2*e*x^2+105*B*c^3*d^3*x^2+25*B*a^2*c*e^3-105*A*a*c^2*...
    #5 d=5 dl=5 p0-mr_top fb=true seenlen=4 seen=- out=9_1_r9@pass1 owner=1_2_2_8_r18:fired f=0
    #6 d=5 dl=5 p0-mr_top fb=true seenlen=4 seen=ratsimp@#4(idx1,live=yes) out=fall-through:seen-hit owner=1_2_2_8_r18:fired f=((-(63*A*a*c^2*e^3)-189*B*a*c^2*d*e^2+315*A*c^3*d^2*e+105*B*c^3*d^3)*x^2+25*B*a^2*c*e^3-105*A*a*c^2*d*e^2-105*...
        matched elem=(-(63*A*a*c^2*e^3*x^2)-189*B*a*c^2*d*e^2*x^2+315*A*c^3*d^2*e*x^2+105*B*c^3*d^3*x^2+25*B*a^2*c*e^3-105*A*a*c^2*...

--- c1 g25 1 Algebraic functions/1.2 Trinomial products/1.2.2 Quartic/1.2.2.7 P(x) (d+e x^2)^q (a+b x^2+c x^4)^p.mac e2 (eq)
  [trace] class=deferred t=1.1s L17 returned=yes t=1.062014 calls=2 ratsimp-hits=1 exact-hits=0 unexited=0 misfire/fault-lines=0 top=1_2_2_7_r41
    fires=1_2_2_7_r41
    answer sha1=92dc5f155b01 'integrate((B*e^2*x^6)/sqrt(c*x^4+a)+(A*e^2*x^4)/sqrt(c*x^4+a)+(2*B*d*e*x^4)/sqrt(c*x^4+a)+(2*A*d*e*x^2)/sqrt(c*x^4+a)+(B*d^2*x^2)/sqrt(c*x^4+a)+(A*d^2)/sqrt(c*...
    #1 d=1 dl=1 seenp fb=false seenlen=0 seen=- out=1_2_2_7_r41 owner=- f=((B*x^2+A)*(e*x^2+d)^2)/sqrt(c*x^4+a)
    #2 d=2 dl=2 seenp fb=true seenlen=1 seen=ratsimp@#1(idx1,live=yes) out=fall-through:seen-hit owner=1_2_2_7_r41:fired f=(B*e^2*x^6)/sqrt(c*x^4+a)+(A*e^2*x^4)/sqrt(c*x^4+a)+(2*B*d*e*x^4)/sqrt(c*x^4+a)+(2*A*d*e*x^2)/sqrt(c*x^4+a)+(B...
        matched elem=((B*x^2+A)*(e*x^2+d)^2)/sqrt(c*x^4+a)
  [exact-only] class=verified t=10.5s L17 returned=yes t=10.458141 calls=17 ratsimp-hits=0 exact-hits=3 unexited=0 misfire/fault-lines=0 top=1_2_2_7_r41
    fires=1_1_3_7_r45,1_1_3_7_r40,1_1_3_1_r32,1_4_1_r23,1_1_3_7_r40,1_1_3_1_r32,1_4_1_r23,1_1_3_7_r40,1_1_3_7_r45,1_1_3_7_r45,1_1_3_1_r32,1_4_1_r23,1_4_1_r7,1_2_2_7_r41
    answer sha1=33a9af869e1a -((A*a*e^2*(sqrt(1/a)*sqrt(c)*x^2+1)*sqrt((c^2*x^8+2*sqrt(1/a)*a*c^(3/2)*x^6+2*a*c*x^4+2*sqrt(1/a)*a^2*sqrt(c)*x^2+a^2)/(c^2*x^8+4*sqrt(1/a)*a*c^(3/2)*x^6+6*a*c...
    #1 d=1 dl=1 seenp fb=false seenlen=0 seen=- out=1_2_2_7_r41 owner=- f=((B*x^2+A)*(e*x^2+d)^2)/sqrt(c*x^4+a)
    #2 d=2 dl=2 seenp fb=true seenlen=1 seen=- out=1_4_1_r7 owner=1_2_2_7_r41:fired f=(B*e^2*x^6)/sqrt(c*x^4+a)+(A*e^2*x^4)/sqrt(c*x^4+a)+(2*B*d*e*x^4)/sqrt(c*x^4+a)+(2*A*d*e*x^2)/sqrt(c*x^4+a)+(B...
    #3 d=3 dl=3 seenp fb=true seenlen=2 seen=- out=1_1_3_7_r40 owner=1_4_1_r7:fired f=(B*e^2*x^6)/sqrt(c*x^4+a)
    #4 d=4 dl=4 seenp fb=true seenlen=3 seen=- out=1_1_3_7_r45 owner=1_1_3_7_r40:fired f=-((3*B*a*e^2*x^2)/sqrt(c*x^4+a))
    #5 d=5 dl=5 seenp fb=true seenlen=4 seen=exact@#4(idx1,live=yes) out=fall-through:seen-hit owner=1_1_3_7_r45:fired f=-((3*B*a*e^2*x^2)/sqrt(c*x^4+a))
        matched elem=-((3*B*a*e^2*x^2)/sqrt(c*x^4+a))
    #6 d=3 dl=3 seenp fb=true seenlen=2 seen=- out=1_1_3_7_r40 owner=1_4_1_r7:fired f=(A*e^2*x^4)/sqrt(c*x^4+a)
    #7 d=4 dl=4 seenp fb=true seenlen=3 seen=- out=1_4_1_r23 owner=1_1_3_7_r40:fired f=-((A*a*e^2)/sqrt(c*x^4+a))
    #8 d=5 dl=5 seenp fb=true seenlen=4 seen=- out=1_1_3_1_r32 owner=1_4_1_r23:fired f=1/sqrt(c*x^4+a)
    #9 d=3 dl=3 seenp fb=true seenlen=2 seen=- out=1_1_3_7_r40 owner=1_4_1_r7:fired f=(2*B*d*e*x^4)/sqrt(c*x^4+a)
    #10 d=4 dl=4 seenp fb=true seenlen=3 seen=- out=1_4_1_r23 owner=1_1_3_7_r40:fired f=-((2*B*a*d*e)/sqrt(c*x^4+a))
    #11 d=5 dl=5 seenp fb=true seenlen=4 seen=- out=1_1_3_1_r32 owner=1_4_1_r23:fired f=1/sqrt(c*x^4+a)
    #12 d=3 dl=3 seenp fb=true seenlen=2 seen=- out=1_1_3_7_r45 owner=1_4_1_r7:fired f=(2*A*d*e*x^2)/sqrt(c*x^4+a)
    #13 d=4 dl=4 seenp fb=true seenlen=3 seen=exact@#12(idx1,live=yes) out=fall-through:seen-hit owner=1_1_3_7_r45:fired f=(2*A*d*e*x^2)/sqrt(c*x^4+a)
        matched elem=(2*A*d*e*x^2)/sqrt(c*x^4+a)
    #14 d=3 dl=3 seenp fb=true seenlen=2 seen=- out=1_1_3_7_r45 owner=1_4_1_r7:fired f=(B*d^2*x^2)/sqrt(c*x^4+a)
    #15 d=4 dl=4 seenp fb=true seenlen=3 seen=exact@#14(idx1,live=yes) out=fall-through:seen-hit owner=1_1_3_7_r45:fired f=(B*d^2*x^2)/sqrt(c*x^4+a)
        matched elem=(B*d^2*x^2)/sqrt(c*x^4+a)
    #16 d=3 dl=3 seenp fb=true seenlen=2 seen=- out=1_4_1_r23 owner=1_4_1_r7:fired f=(A*d^2)/sqrt(c*x^4+a)
    #17 d=4 dl=4 seenp fb=true seenlen=3 seen=- out=1_1_3_1_r32 owner=1_4_1_r23:fired f=1/sqrt(c*x^4+a)
  [p0] class=verified t=1.8s L17 returned=yes t=1.789024 calls=5 ratsimp-hits=1 exact-hits=0 unexited=0 misfire/fault-lines=0 top=1_2_2_5_r9@pass1
    fires=9_1_r9,1_2_2_8_r18,1_2_2_5_r9,1_2_2_5_r9
    answer sha1=6eaa1aa98347 (('integrate(((-(9*B*a*c*e^2)+30*A*c^2*d*e+15*B*c^2*d^2)*x^2-5*A*a*c*e^2-10*B*a*c*d*e+15*A*c^2*d^2)/sqrt(c*x^4+a),x))/(3*c)+((5*A*c*e^2+10*B*c*d*e)*x*sqrt(c*x^4...
    #1 d=1 dl=1 p0-mr_top fb=false seenlen=0 seen=- out=1_2_2_5_r9@pass1 owner=- f=((B*x^2+A)*(e*x^2+d)^2)/sqrt(c*x^4+a)
    #2 d=2 dl=2 p0-mr_top fb=true seenlen=1 seen=- out=1_2_2_5_r9@pass1 owner=1_2_2_5_r9:fired f=(5*A*c*e^2*x^4+10*B*c*d*e*x^4-3*B*a*e^2*x^2+10*A*c*d*e*x^2+5*B*c*d^2*x^2+5*A*c*d^2)/sqrt(c*x^4+a)
    #3 d=3 dl=3 p0-mr_top fb=true seenlen=2 seen=- out=1_2_2_8_r18@pass1 owner=1_2_2_5_r9:fired f=(-(9*B*a*c*e^2*x^2)+30*A*c^2*d*e*x^2+15*B*c^2*d^2*x^2-5*A*a*c*e^2-10*B*a*c*d*e+15*A*c^2*d^2)/sqrt(c*x^4+a)
    #4 d=4 dl=4 p0-mr_top fb=true seenlen=3 seen=- out=9_1_r9@pass1 owner=1_2_2_8_r18:fired f=0
    #5 d=4 dl=4 p0-mr_top fb=true seenlen=3 seen=ratsimp@#3(idx1,live=yes) out=fall-through:seen-hit owner=1_2_2_8_r18:fired f=((-(9*B*a*c*e^2)+30*A*c^2*d*e+15*B*c^2*d^2)*x^2-5*A*a*c*e^2-10*B*a*c*d*e+15*A*c^2*d^2)/sqrt(c*x^4+a)
        matched elem=(-(9*B*a*c*e^2*x^2)+30*A*c^2*d*e*x^2+15*B*c^2*d^2*x^2-5*A*a*c*e^2-10*B*a*c*d*e+15*A*c^2*d^2)/sqrt(c*x^4+a)

--- c1 g25 1 Algebraic functions/1.2 Trinomial products/1.2.2 Quartic/1.2.2.7 P(x) (d+e x^2)^q (a+b x^2+c x^4)^p.mac e3 (eq)
  [trace] class=deferred t=0.7s L18 returned=yes t=0.705009 calls=2 ratsimp-hits=1 exact-hits=0 unexited=0 misfire/fault-lines=0 top=1_2_2_7_r41
    fires=1_2_2_7_r41
    answer sha1=37e9cff715df 'integrate((B*e*x^4)/sqrt(c*x^4+a)+(A*e*x^2)/sqrt(c*x^4+a)+(B*d*x^2)/sqrt(c*x^4+a)+(A*d)/sqrt(c*x^4+a),x)
    #1 d=1 dl=1 seenp fb=false seenlen=0 seen=- out=1_2_2_7_r41 owner=- f=((B*x^2+A)*(e*x^2+d))/sqrt(c*x^4+a)
    #2 d=2 dl=2 seenp fb=true seenlen=1 seen=ratsimp@#1(idx1,live=yes) out=fall-through:seen-hit owner=1_2_2_7_r41:fired f=(B*e*x^4)/sqrt(c*x^4+a)+(A*e*x^2)/sqrt(c*x^4+a)+(B*d*x^2)/sqrt(c*x^4+a)+(A*d)/sqrt(c*x^4+a)
        matched elem=((B*x^2+A)*(e*x^2+d))/sqrt(c*x^4+a)
  [exact-only] class=verified t=4.5s L18 returned=yes t=4.44806 calls=11 ratsimp-hits=0 exact-hits=2 unexited=0 misfire/fault-lines=0 top=1_2_2_7_r41
    fires=1_1_3_1_r32,1_4_1_r23,1_1_3_7_r40,1_1_3_7_r45,1_1_3_7_r45,1_1_3_1_r32,1_4_1_r23,1_4_1_r7,1_2_2_7_r41
    answer sha1=8001f8931f21 -((B*a*e*(sqrt(1/a)*sqrt(c)*x^2+1)*sqrt((c^2*x^8+2*sqrt(1/a)*a*c^(3/2)*x^6+2*a*c*x^4+2*sqrt(1/a)*a^2*sqrt(c)*x^2+a^2)/(c^2*x^8+4*sqrt(1/a)*a*c^(3/2)*x^6+6*a*c*x...
    #1 d=1 dl=1 seenp fb=false seenlen=0 seen=- out=1_2_2_7_r41 owner=- f=((B*x^2+A)*(e*x^2+d))/sqrt(c*x^4+a)
    #2 d=2 dl=2 seenp fb=true seenlen=1 seen=- out=1_4_1_r7 owner=1_2_2_7_r41:fired f=(B*e*x^4)/sqrt(c*x^4+a)+(A*e*x^2)/sqrt(c*x^4+a)+(B*d*x^2)/sqrt(c*x^4+a)+(A*d)/sqrt(c*x^4+a)
    #3 d=3 dl=3 seenp fb=true seenlen=2 seen=- out=1_1_3_7_r40 owner=1_4_1_r7:fired f=(B*e*x^4)/sqrt(c*x^4+a)
    #4 d=4 dl=4 seenp fb=true seenlen=3 seen=- out=1_4_1_r23 owner=1_1_3_7_r40:fired f=-((B*a*e)/sqrt(c*x^4+a))
    #5 d=5 dl=5 seenp fb=true seenlen=4 seen=- out=1_1_3_1_r32 owner=1_4_1_r23:fired f=1/sqrt(c*x^4+a)
    #6 d=3 dl=3 seenp fb=true seenlen=2 seen=- out=1_1_3_7_r45 owner=1_4_1_r7:fired f=(A*e*x^2)/sqrt(c*x^4+a)
    #7 d=4 dl=4 seenp fb=true seenlen=3 seen=exact@#6(idx1,live=yes) out=fall-through:seen-hit owner=1_1_3_7_r45:fired f=(A*e*x^2)/sqrt(c*x^4+a)
        matched elem=(A*e*x^2)/sqrt(c*x^4+a)
    #8 d=3 dl=3 seenp fb=true seenlen=2 seen=- out=1_1_3_7_r45 owner=1_4_1_r7:fired f=(B*d*x^2)/sqrt(c*x^4+a)
    #9 d=4 dl=4 seenp fb=true seenlen=3 seen=exact@#8(idx1,live=yes) out=fall-through:seen-hit owner=1_1_3_7_r45:fired f=(B*d*x^2)/sqrt(c*x^4+a)
        matched elem=(B*d*x^2)/sqrt(c*x^4+a)
    #10 d=3 dl=3 seenp fb=true seenlen=2 seen=- out=1_4_1_r23 owner=1_4_1_r7:fired f=(A*d)/sqrt(c*x^4+a)
    #11 d=4 dl=4 seenp fb=true seenlen=3 seen=- out=1_1_3_1_r32 owner=1_4_1_r23:fired f=1/sqrt(c*x^4+a)
  [p0] class=verified t=1.2s L18 returned=yes t=1.215016 calls=4 ratsimp-hits=1 exact-hits=0 unexited=0 misfire/fault-lines=0 top=1_2_2_5_r9@pass1
    fires=9_1_r9,1_2_2_8_r18,1_2_2_5_r9
    answer sha1=eae330bd9c04 ('integrate(((3*A*c*e+3*B*c*d)*x^2-B*a*e+3*A*c*d)/sqrt(c*x^4+a),x))/(3*c)+(B*e*x*sqrt(c*x^4+a))/(3*c)
    #1 d=1 dl=1 p0-mr_top fb=false seenlen=0 seen=- out=1_2_2_5_r9@pass1 owner=- f=((B*x^2+A)*(e*x^2+d))/sqrt(c*x^4+a)
    #2 d=2 dl=2 p0-mr_top fb=true seenlen=1 seen=- out=1_2_2_8_r18@pass1 owner=1_2_2_5_r9:fired f=(3*A*c*e*x^2+3*B*c*d*x^2-B*a*e+3*A*c*d)/sqrt(c*x^4+a)
    #3 d=3 dl=3 p0-mr_top fb=true seenlen=2 seen=- out=9_1_r9@pass1 owner=1_2_2_8_r18:fired f=0
    #4 d=3 dl=3 p0-mr_top fb=true seenlen=2 seen=ratsimp@#2(idx1,live=yes) out=fall-through:seen-hit owner=1_2_2_8_r18:fired f=((3*A*c*e+3*B*c*d)*x^2-B*a*e+3*A*c*d)/sqrt(c*x^4+a)
        matched elem=(3*A*c*e*x^2+3*B*c*d*x^2-B*a*e+3*A*c*d)/sqrt(c*x^4+a)

--- c1 g25 1 Algebraic functions/1.2 Trinomial products/1.2.2 Quartic/1.2.2.7 P(x) (d+e x^2)^q (a+b x^2+c x^4)^p.mac e8 (eq)
  [trace] class=deferred t=1.1s L23 returned=yes t=1.103015 calls=2 ratsimp-hits=1 exact-hits=0 unexited=0 misfire/fault-lines=0 top=1_2_2_7_r41
    fires=1_2_2_7_r41
    answer sha1=a3671957f509 'integrate((B*e^3*x^8)/(c*x^4+a)^(3/2)+(A*e^3*x^6)/(c*x^4+a)^(3/2)+(3*B*d*e^2*x^6)/(c*x^4+a)^(3/2)+(3*A*d*e^2*x^4)/(c*x^4+a)^(3/2)+(3*B*d^2*e*x^4)/(c*x^4+a)^(3/...
    #1 d=1 dl=1 seenp fb=false seenlen=0 seen=- out=1_2_2_7_r41 owner=- f=((B*x^2+A)*(e*x^2+d)^3)/(c*x^4+a)^(3/2)
    #2 d=2 dl=2 seenp fb=true seenlen=1 seen=ratsimp@#1(idx1,live=yes) out=fall-through:seen-hit owner=1_2_2_7_r41:fired f=(B*e^3*x^8)/(c*x^4+a)^(3/2)+(A*e^3*x^6)/(c*x^4+a)^(3/2)+(3*B*d*e^2*x^6)/(c*x^4+a)^(3/2)+(3*A*d*e^2*x^4)/(c*x^4...
        matched elem=((B*x^2+A)*(e*x^2+d)^3)/(c*x^4+a)^(3/2)
  [exact-only] class=verified t=18.9s L23 returned=yes t=18.858254 calls=26 ratsimp-hits=0 exact-hits=4 unexited=0 misfire/fault-lines=0 top=1_2_2_7_r41
    fires=1_1_3_1_r32,1_1_3_3_r17,1_1_3_8_r13,1_1_3_7_r45,1_1_3_8_r13,1_1_3_7_r45,1_1_3_8_r13,1_1_3_1_r32,1_4_1_r23,1_1_3_8_r13,1_1_3_1_r32,1_4_1_r23,1_1_3_8_r13,1_1_3_7_r45,1_1_3_7_r6,1_1_3_7_r45,1_1_3_7_r6,1_1_3_1_r32,1_1_3_1_r11,1_4_1_r23,1_4_1_r7,1_2_2_7_r41
    answer sha1=84b56ae98e6b (A*d^3*((sqrt(1/a)*sqrt(c)*x^2+1)*sqrt((c^2*x^8+2*sqrt(1/a)*a*c^(3/2)*x^6+2*a*c*x^4+2*sqrt(1/a)*a^2*sqrt(c)*x^2+a^2)/(c^2*x^8+4*sqrt(1/a)*a*c^(3/2)*x^6+6*a*c*x^...
    #1 d=1 dl=1 seenp fb=false seenlen=0 seen=- out=1_2_2_7_r41 owner=- f=((B*x^2+A)*(e*x^2+d)^3)/(c*x^4+a)^(3/2)
    #2 d=2 dl=2 seenp fb=true seenlen=1 seen=- out=1_4_1_r7 owner=1_2_2_7_r41:fired f=(B*e^3*x^8)/(c*x^4+a)^(3/2)+(A*e^3*x^6)/(c*x^4+a)^(3/2)+(3*B*d*e^2*x^6)/(c*x^4+a)^(3/2)+(3*A*d*e^2*x^4)/(c*x^4...
    #3 d=3 dl=3 seenp fb=true seenlen=2 seen=- out=1_1_3_8_r13 owner=1_4_1_r7:fired f=(B*e^3*x^8)/(c*x^4+a)^(3/2)
    #4 d=4 dl=4 seenp fb=true seenlen=3 seen=- out=1_1_3_3_r17 owner=1_1_3_8_r13:fired f=(B*a^2*e^3-2*B*a*c*e^3*x^4)/sqrt(c*x^4+a)
    #5 d=5 dl=5 seenp fb=true seenlen=4 seen=- out=1_1_3_1_r32 owner=1_1_3_3_r17:fired f=1/sqrt(c*x^4+a)
    #6 d=3 dl=3 seenp fb=true seenlen=2 seen=- out=1_1_3_8_r13 owner=1_4_1_r7:fired f=(A*e^3*x^6)/(c*x^4+a)^(3/2)
    #7 d=4 dl=4 seenp fb=true seenlen=3 seen=- out=1_1_3_7_r45 owner=1_1_3_8_r13:fired f=-((3*A*a*c*e^3*x^2)/sqrt(c*x^4+a))
    #8 d=5 dl=5 seenp fb=true seenlen=4 seen=exact@#7(idx1,live=yes) out=fall-through:seen-hit owner=1_1_3_7_r45:fired f=-((3*A*a*c*e^3*x^2)/sqrt(c*x^4+a))
        matched elem=-((3*A*a*c*e^3*x^2)/sqrt(c*x^4+a))
    #9 d=3 dl=3 seenp fb=true seenlen=2 seen=- out=1_1_3_8_r13 owner=1_4_1_r7:fired f=(3*B*d*e^2*x^6)/(c*x^4+a)^(3/2)
    #10 d=4 dl=4 seenp fb=true seenlen=3 seen=- out=1_1_3_7_r45 owner=1_1_3_8_r13:fired f=-((9*B*a*c*d*e^2*x^2)/sqrt(c*x^4+a))
    #11 d=5 dl=5 seenp fb=true seenlen=4 seen=exact@#10(idx1,live=yes) out=fall-through:seen-hit owner=1_1_3_7_r45:fired f=-((9*B*a*c*d*e^2*x^2)/sqrt(c*x^4+a))
        matched elem=-((9*B*a*c*d*e^2*x^2)/sqrt(c*x^4+a))
    #12 d=3 dl=3 seenp fb=true seenlen=2 seen=- out=1_1_3_8_r13 owner=1_4_1_r7:fired f=(3*A*d*e^2*x^4)/(c*x^4+a)^(3/2)
    #13 d=4 dl=4 seenp fb=true seenlen=3 seen=- out=1_4_1_r23 owner=1_1_3_8_r13:fired f=-((3*A*a*d*e^2)/sqrt(c*x^4+a))
    #14 d=5 dl=5 seenp fb=true seenlen=4 seen=- out=1_1_3_1_r32 owner=1_4_1_r23:fired f=1/sqrt(c*x^4+a)
    #15 d=3 dl=3 seenp fb=true seenlen=2 seen=- out=1_1_3_8_r13 owner=1_4_1_r7:fired f=(3*B*d^2*e*x^4)/(c*x^4+a)^(3/2)
    #16 d=4 dl=4 seenp fb=true seenlen=3 seen=- out=1_4_1_r23 owner=1_1_3_8_r13:fired f=-((3*B*a*d^2*e)/sqrt(c*x^4+a))
    #17 d=5 dl=5 seenp fb=true seenlen=4 seen=- out=1_1_3_1_r32 owner=1_4_1_r23:fired f=1/sqrt(c*x^4+a)
    #18 d=3 dl=3 seenp fb=true seenlen=2 seen=- out=1_1_3_7_r6 owner=1_4_1_r7:fired f=(3*A*d^2*e*x^2)/(c*x^4+a)^(3/2)
    #19 d=4 dl=4 seenp fb=true seenlen=3 seen=- out=1_1_3_7_r45 owner=1_1_3_7_r6:fired f=(3*A*d^2*e*x^2)/sqrt(c*x^4+a)
    #20 d=5 dl=5 seenp fb=true seenlen=4 seen=exact@#19(idx1,live=yes) out=fall-through:seen-hit owner=1_1_3_7_r45:fired f=(3*A*d^2*e*x^2)/sqrt(c*x^4+a)
        matched elem=(3*A*d^2*e*x^2)/sqrt(c*x^4+a)
    #21 d=3 dl=3 seenp fb=true seenlen=2 seen=- out=1_1_3_7_r6 owner=1_4_1_r7:fired f=(B*d^3*x^2)/(c*x^4+a)^(3/2)
    #22 d=4 dl=4 seenp fb=true seenlen=3 seen=- out=1_1_3_7_r45 owner=1_1_3_7_r6:fired f=(B*d^3*x^2)/sqrt(c*x^4+a)
    #23 d=5 dl=5 seenp fb=true seenlen=4 seen=exact@#22(idx1,live=yes) out=fall-through:seen-hit owner=1_1_3_7_r45:fired f=(B*d^3*x^2)/sqrt(c*x^4+a)
        matched elem=(B*d^3*x^2)/sqrt(c*x^4+a)
    #24 d=3 dl=3 seenp fb=true seenlen=2 seen=- out=1_4_1_r23 owner=1_4_1_r7:fired f=(A*d^3)/(c*x^4+a)^(3/2)
    #25 d=4 dl=4 seenp fb=true seenlen=3 seen=- out=1_1_3_1_r11 owner=1_4_1_r23:fired f=1/(c*x^4+a)^(3/2)
    #26 d=5 dl=5 seenp fb=true seenlen=4 seen=- out=1_1_3_1_r32 owner=1_1_3_1_r11:fired f=1/sqrt(c*x^4+a)
  [p0] class=verified t=1.8s L23 returned=yes t=1.826025 calls=5 ratsimp-hits=1 exact-hits=0 unexited=0 misfire/fault-lines=0 top=1_2_2_5_r8@pass1
    fires=9_1_r9,1_2_2_8_r18,1_2_2_5_r9,1_2_2_5_r8
    answer sha1=dd4aaa550495 (('integrate(((18*A*a^2*c*e^3+54*B*a^2*c*d*e^2-18*A*a*c^2*d^2*e-6*B*a*c^2*d^3)*x^2-10*B*a^3*e^3+18*A*a^2*c*d*e^2+18*B*a^2*c*d^2*e+6*A*a*c^2*d^3)/sqrt(c*x^4+a),x...
    #1 d=1 dl=1 p0-mr_top fb=false seenlen=0 seen=- out=1_2_2_5_r8@pass1 owner=- f=((B*x^2+A)*(e*x^2+d)^3)/(c*x^4+a)^(3/2)
    #2 d=2 dl=2 p0-mr_top fb=true seenlen=1 seen=- out=1_2_2_5_r9@pass1 owner=1_2_2_5_r8:fired f=(4*B*a^2*e^3*x^4+6*A*a^2*e^3*x^2+18*B*a^2*d*e^2*x^2-6*A*a*c*d^2*e*x^2-2*B*a*c*d^3*x^2-(2*B*a^3*e^3)/c+6*A*a^2*...
    #3 d=3 dl=3 p0-mr_top fb=true seenlen=2 seen=- out=1_2_2_8_r18@pass1 owner=1_2_2_5_r9:fired f=(18*A*a^2*c*e^3*x^2+54*B*a^2*c*d*e^2*x^2-18*A*a*c^2*d^2*e*x^2-6*B*a*c^2*d^3*x^2-10*B*a^3*e^3+18*A*a^2*c*d*e^2+...
    #4 d=4 dl=4 p0-mr_top fb=true seenlen=3 seen=- out=9_1_r9@pass1 owner=1_2_2_8_r18:fired f=0
    #5 d=4 dl=4 p0-mr_top fb=true seenlen=3 seen=ratsimp@#3(idx1,live=yes) out=fall-through:seen-hit owner=1_2_2_8_r18:fired f=((18*A*a^2*c*e^3+54*B*a^2*c*d*e^2-18*A*a*c^2*d^2*e-6*B*a*c^2*d^3)*x^2-10*B*a^3*e^3+18*A*a^2*c*d*e^2+18*B*a^2*c...
        matched elem=(18*A*a^2*c*e^3*x^2+54*B*a^2*c*d*e^2*x^2-18*A*a*c^2*d^2*e*x^2-6*B*a*c^2*d^3*x^2-10*B*a^3*e^3+18*A*a^2*c*d*e^2+...

--- c1 g25 1 Algebraic functions/1.2 Trinomial products/1.2.2 Quartic/1.2.2.7 P(x) (d+e x^2)^q (a+b x^2+c x^4)^p.mac e9 (eq)
  [trace] class=deferred t=1.1s L24 returned=yes t=1.039013 calls=2 ratsimp-hits=1 exact-hits=0 unexited=0 misfire/fault-lines=0 top=1_2_2_7_r41
    fires=1_2_2_7_r41
    answer sha1=06ddcca818a1 'integrate((B*e^2*x^6)/(c*x^4+a)^(3/2)+(A*e^2*x^4)/(c*x^4+a)^(3/2)+(2*B*d*e*x^4)/(c*x^4+a)^(3/2)+(2*A*d*e*x^2)/(c*x^4+a)^(3/2)+(B*d^2*x^2)/(c*x^4+a)^(3/2)+(A*d^...
    #1 d=1 dl=1 seenp fb=false seenlen=0 seen=- out=1_2_2_7_r41 owner=- f=((B*x^2+A)*(e*x^2+d)^2)/(c*x^4+a)^(3/2)
    #2 d=2 dl=2 seenp fb=true seenlen=1 seen=ratsimp@#1(idx1,live=yes) out=fall-through:seen-hit owner=1_2_2_7_r41:fired f=(B*e^2*x^6)/(c*x^4+a)^(3/2)+(A*e^2*x^4)/(c*x^4+a)^(3/2)+(2*B*d*e*x^4)/(c*x^4+a)^(3/2)+(2*A*d*e*x^2)/(c*x^4+a)^...
        matched elem=((B*x^2+A)*(e*x^2+d)^2)/(c*x^4+a)^(3/2)
  [exact-only] class=verified t=13.6s L24 returned=yes t=13.546182 calls=20 ratsimp-hits=0 exact-hits=3 unexited=0 misfire/fault-lines=0 top=1_2_2_7_r41
    fires=1_1_3_7_r45,1_1_3_8_r13,1_1_3_1_r32,1_4_1_r23,1_1_3_8_r13,1_1_3_1_r32,1_4_1_r23,1_1_3_8_r13,1_1_3_7_r45,1_1_3_7_r6,1_1_3_7_r45,1_1_3_7_r6,1_1_3_1_r32,1_1_3_1_r11,1_4_1_r23,1_4_1_r7,1_2_2_7_r41
    answer sha1=40b458fc57d0 (A*d^2*((sqrt(1/a)*sqrt(c)*x^2+1)*sqrt((c^2*x^8+2*sqrt(1/a)*a*c^(3/2)*x^6+2*a*c*x^4+2*sqrt(1/a)*a^2*sqrt(c)*x^2+a^2)/(c^2*x^8+4*sqrt(1/a)*a*c^(3/2)*x^6+6*a*c*x^...
    #1 d=1 dl=1 seenp fb=false seenlen=0 seen=- out=1_2_2_7_r41 owner=- f=((B*x^2+A)*(e*x^2+d)^2)/(c*x^4+a)^(3/2)
    #2 d=2 dl=2 seenp fb=true seenlen=1 seen=- out=1_4_1_r7 owner=1_2_2_7_r41:fired f=(B*e^2*x^6)/(c*x^4+a)^(3/2)+(A*e^2*x^4)/(c*x^4+a)^(3/2)+(2*B*d*e*x^4)/(c*x^4+a)^(3/2)+(2*A*d*e*x^2)/(c*x^4+a)^...
    #3 d=3 dl=3 seenp fb=true seenlen=2 seen=- out=1_1_3_8_r13 owner=1_4_1_r7:fired f=(B*e^2*x^6)/(c*x^4+a)^(3/2)
    #4 d=4 dl=4 seenp fb=true seenlen=3 seen=- out=1_1_3_7_r45 owner=1_1_3_8_r13:fired f=-((3*B*a*c*e^2*x^2)/sqrt(c*x^4+a))
    #5 d=5 dl=5 seenp fb=true seenlen=4 seen=exact@#4(idx1,live=yes) out=fall-through:seen-hit owner=1_1_3_7_r45:fired f=-((3*B*a*c*e^2*x^2)/sqrt(c*x^4+a))
        matched elem=-((3*B*a*c*e^2*x^2)/sqrt(c*x^4+a))
    #6 d=3 dl=3 seenp fb=true seenlen=2 seen=- out=1_1_3_8_r13 owner=1_4_1_r7:fired f=(A*e^2*x^4)/(c*x^4+a)^(3/2)
    #7 d=4 dl=4 seenp fb=true seenlen=3 seen=- out=1_4_1_r23 owner=1_1_3_8_r13:fired f=-((A*a*e^2)/sqrt(c*x^4+a))
    #8 d=5 dl=5 seenp fb=true seenlen=4 seen=- out=1_1_3_1_r32 owner=1_4_1_r23:fired f=1/sqrt(c*x^4+a)
    #9 d=3 dl=3 seenp fb=true seenlen=2 seen=- out=1_1_3_8_r13 owner=1_4_1_r7:fired f=(2*B*d*e*x^4)/(c*x^4+a)^(3/2)
    #10 d=4 dl=4 seenp fb=true seenlen=3 seen=- out=1_4_1_r23 owner=1_1_3_8_r13:fired f=-((2*B*a*d*e)/sqrt(c*x^4+a))
    #11 d=5 dl=5 seenp fb=true seenlen=4 seen=- out=1_1_3_1_r32 owner=1_4_1_r23:fired f=1/sqrt(c*x^4+a)
    #12 d=3 dl=3 seenp fb=true seenlen=2 seen=- out=1_1_3_7_r6 owner=1_4_1_r7:fired f=(2*A*d*e*x^2)/(c*x^4+a)^(3/2)
    #13 d=4 dl=4 seenp fb=true seenlen=3 seen=- out=1_1_3_7_r45 owner=1_1_3_7_r6:fired f=(2*A*d*e*x^2)/sqrt(c*x^4+a)
    #14 d=5 dl=5 seenp fb=true seenlen=4 seen=exact@#13(idx1,live=yes) out=fall-through:seen-hit owner=1_1_3_7_r45:fired f=(2*A*d*e*x^2)/sqrt(c*x^4+a)
        matched elem=(2*A*d*e*x^2)/sqrt(c*x^4+a)
    #15 d=3 dl=3 seenp fb=true seenlen=2 seen=- out=1_1_3_7_r6 owner=1_4_1_r7:fired f=(B*d^2*x^2)/(c*x^4+a)^(3/2)
    #16 d=4 dl=4 seenp fb=true seenlen=3 seen=- out=1_1_3_7_r45 owner=1_1_3_7_r6:fired f=(B*d^2*x^2)/sqrt(c*x^4+a)
    #17 d=5 dl=5 seenp fb=true seenlen=4 seen=exact@#16(idx1,live=yes) out=fall-through:seen-hit owner=1_1_3_7_r45:fired f=(B*d^2*x^2)/sqrt(c*x^4+a)
        matched elem=(B*d^2*x^2)/sqrt(c*x^4+a)
    #18 d=3 dl=3 seenp fb=true seenlen=2 seen=- out=1_4_1_r23 owner=1_4_1_r7:fired f=(A*d^2)/(c*x^4+a)^(3/2)
    #19 d=4 dl=4 seenp fb=true seenlen=3 seen=- out=1_1_3_1_r11 owner=1_4_1_r23:fired f=1/(c*x^4+a)^(3/2)
    #20 d=5 dl=5 seenp fb=true seenlen=4 seen=- out=1_1_3_1_r32 owner=1_1_3_1_r11:fired f=1/sqrt(c*x^4+a)
  [p0] class=verified t=1.3s L24 returned=yes t=1.303017 calls=4 ratsimp-hits=1 exact-hits=0 unexited=0 misfire/fault-lines=0 top=1_2_2_5_r8@pass1
    fires=9_1_r9,1_2_2_8_r18,1_2_2_5_r8
    answer sha1=a80b4075d00b ('integrate(((6*B*a^2*e^2-4*A*a*c*d*e-2*B*a*c*d^2)*x^2+2*A*a^2*e^2+4*B*a^2*d*e+2*A*a*c*d^2)/sqrt(c*x^4+a),x))/(4*a^2*c)+(x*(2*a*c*(-((B*a*e^2)/c)+2*A*d*e+B*d^2)...
    #1 d=1 dl=1 p0-mr_top fb=false seenlen=0 seen=- out=1_2_2_5_r8@pass1 owner=- f=((B*x^2+A)*(e*x^2+d)^2)/(c*x^4+a)^(3/2)
    #2 d=2 dl=2 p0-mr_top fb=true seenlen=1 seen=- out=1_2_2_8_r18@pass1 owner=1_2_2_5_r8:fired f=(6*B*a^2*e^2*x^2-4*A*a*c*d*e*x^2-2*B*a*c*d^2*x^2+2*A*a^2*e^2+4*B*a^2*d*e+2*A*a*c*d^2)/sqrt(c*x^4+a)
    #3 d=3 dl=3 p0-mr_top fb=true seenlen=2 seen=- out=9_1_r9@pass1 owner=1_2_2_8_r18:fired f=0
    #4 d=3 dl=3 p0-mr_top fb=true seenlen=2 seen=ratsimp@#2(idx1,live=yes) out=fall-through:seen-hit owner=1_2_2_8_r18:fired f=((6*B*a^2*e^2-4*A*a*c*d*e-2*B*a*c*d^2)*x^2+2*A*a^2*e^2+4*B*a^2*d*e+2*A*a*c*d^2)/sqrt(c*x^4+a)
        matched elem=(6*B*a^2*e^2*x^2-4*A*a*c*d*e*x^2-2*B*a*c*d^2*x^2+2*A*a^2*e^2+4*B*a^2*d*e+2*A*a*c*d^2)/sqrt(c*x^4+a)

--- c1 g25 1 Algebraic functions/1.2 Trinomial products/1.2.2 Quartic/1.2.2.7 P(x) (d+e x^2)^q (a+b x^2+c x^4)^p.mac e10 (eq)
  [trace] class=deferred t=0.7s L25 returned=yes t=0.72001 calls=2 ratsimp-hits=1 exact-hits=0 unexited=0 misfire/fault-lines=0 top=1_2_2_7_r41
    fires=1_2_2_7_r41
    answer sha1=bdfe88bc02f1 'integrate((B*e*x^4)/(c*x^4+a)^(3/2)+(A*e*x^2)/(c*x^4+a)^(3/2)+(B*d*x^2)/(c*x^4+a)^(3/2)+(A*d)/(c*x^4+a)^(3/2),x)
    #1 d=1 dl=1 seenp fb=false seenlen=0 seen=- out=1_2_2_7_r41 owner=- f=((B*x^2+A)*(e*x^2+d))/(c*x^4+a)^(3/2)
    #2 d=2 dl=2 seenp fb=true seenlen=1 seen=ratsimp@#1(idx1,live=yes) out=fall-through:seen-hit owner=1_2_2_7_r41:fired f=(B*e*x^4)/(c*x^4+a)^(3/2)+(A*e*x^2)/(c*x^4+a)^(3/2)+(B*d*x^2)/(c*x^4+a)^(3/2)+(A*d)/(c*x^4+a)^(3/2)
        matched elem=((B*x^2+A)*(e*x^2+d))/(c*x^4+a)^(3/2)
  [exact-only] class=verified t=6.7s L25 returned=yes t=6.67409 calls=14 ratsimp-hits=0 exact-hits=2 unexited=0 misfire/fault-lines=0 top=1_2_2_7_r41
    fires=1_1_3_1_r32,1_4_1_r23,1_1_3_8_r13,1_1_3_7_r45,1_1_3_7_r6,1_1_3_7_r45,1_1_3_7_r6,1_1_3_1_r32,1_1_3_1_r11,1_4_1_r23,1_4_1_r7,1_2_2_7_r41
    answer sha1=831383de7917 (A*d*((sqrt(1/a)*sqrt(c)*x^2+1)*sqrt((c^2*x^8+2*sqrt(1/a)*a*c^(3/2)*x^6+2*a*c*x^4+2*sqrt(1/a)*a^2*sqrt(c)*x^2+a^2)/(c^2*x^8+4*sqrt(1/a)*a*c^(3/2)*x^6+6*a*c*x^4+...
    #1 d=1 dl=1 seenp fb=false seenlen=0 seen=- out=1_2_2_7_r41 owner=- f=((B*x^2+A)*(e*x^2+d))/(c*x^4+a)^(3/2)
    #2 d=2 dl=2 seenp fb=true seenlen=1 seen=- out=1_4_1_r7 owner=1_2_2_7_r41:fired f=(B*e*x^4)/(c*x^4+a)^(3/2)+(A*e*x^2)/(c*x^4+a)^(3/2)+(B*d*x^2)/(c*x^4+a)^(3/2)+(A*d)/(c*x^4+a)^(3/2)
    #3 d=3 dl=3 seenp fb=true seenlen=2 seen=- out=1_1_3_8_r13 owner=1_4_1_r7:fired f=(B*e*x^4)/(c*x^4+a)^(3/2)
    #4 d=4 dl=4 seenp fb=true seenlen=3 seen=- out=1_4_1_r23 owner=1_1_3_8_r13:fired f=-((B*a*e)/sqrt(c*x^4+a))
    #5 d=5 dl=5 seenp fb=true seenlen=4 seen=- out=1_1_3_1_r32 owner=1_4_1_r23:fired f=1/sqrt(c*x^4+a)
    #6 d=3 dl=3 seenp fb=true seenlen=2 seen=- out=1_1_3_7_r6 owner=1_4_1_r7:fired f=(A*e*x^2)/(c*x^4+a)^(3/2)
    #7 d=4 dl=4 seenp fb=true seenlen=3 seen=- out=1_1_3_7_r45 owner=1_1_3_7_r6:fired f=(A*e*x^2)/sqrt(c*x^4+a)
    #8 d=5 dl=5 seenp fb=true seenlen=4 seen=exact@#7(idx1,live=yes) out=fall-through:seen-hit owner=1_1_3_7_r45:fired f=(A*e*x^2)/sqrt(c*x^4+a)
        matched elem=(A*e*x^2)/sqrt(c*x^4+a)
    #9 d=3 dl=3 seenp fb=true seenlen=2 seen=- out=1_1_3_7_r6 owner=1_4_1_r7:fired f=(B*d*x^2)/(c*x^4+a)^(3/2)
    #10 d=4 dl=4 seenp fb=true seenlen=3 seen=- out=1_1_3_7_r45 owner=1_1_3_7_r6:fired f=(B*d*x^2)/sqrt(c*x^4+a)
    #11 d=5 dl=5 seenp fb=true seenlen=4 seen=exact@#10(idx1,live=yes) out=fall-through:seen-hit owner=1_1_3_7_r45:fired f=(B*d*x^2)/sqrt(c*x^4+a)
        matched elem=(B*d*x^2)/sqrt(c*x^4+a)
    #12 d=3 dl=3 seenp fb=true seenlen=2 seen=- out=1_4_1_r23 owner=1_4_1_r7:fired f=(A*d)/(c*x^4+a)^(3/2)
    #13 d=4 dl=4 seenp fb=true seenlen=3 seen=- out=1_1_3_1_r11 owner=1_4_1_r23:fired f=1/(c*x^4+a)^(3/2)
    #14 d=5 dl=5 seenp fb=true seenlen=4 seen=- out=1_1_3_1_r32 owner=1_1_3_1_r11:fired f=1/sqrt(c*x^4+a)
  [p0] class=verified t=1.2s L25 returned=yes t=1.192016 calls=4 ratsimp-hits=1 exact-hits=0 unexited=0 misfire/fault-lines=0 top=1_2_2_5_r8@pass1
    fires=9_1_r9,1_2_2_8_r18,1_2_2_5_r8
    answer sha1=2a5358dad412 ('integrate(((-(2*A*a*c*e)-2*B*a*c*d)*x^2+2*B*a^2*e+2*A*a*c*d)/sqrt(c*x^4+a),x))/(4*a^2*c)+(x*(2*a*c*(A*e+B*d)*x^2+2*a*c*(A*d-(B*a*e)/c)))/(4*a^2*c*sqrt(c*x^4+a...
    #1 d=1 dl=1 p0-mr_top fb=false seenlen=0 seen=- out=1_2_2_5_r8@pass1 owner=- f=((B*x^2+A)*(e*x^2+d))/(c*x^4+a)^(3/2)
    #2 d=2 dl=2 p0-mr_top fb=true seenlen=1 seen=- out=1_2_2_8_r18@pass1 owner=1_2_2_5_r8:fired f=(-(2*A*a*c*e*x^2)-2*B*a*c*d*x^2+2*B*a^2*e+2*A*a*c*d)/sqrt(c*x^4+a)
    #3 d=3 dl=3 p0-mr_top fb=true seenlen=2 seen=- out=9_1_r9@pass1 owner=1_2_2_8_r18:fired f=0
    #4 d=3 dl=3 p0-mr_top fb=true seenlen=2 seen=ratsimp@#2(idx1,live=yes) out=fall-through:seen-hit owner=1_2_2_8_r18:fired f=((-(2*A*a*c*e)-2*B*a*c*d)*x^2+2*B*a^2*e+2*A*a*c*d)/sqrt(c*x^4+a)
        matched elem=(-(2*A*a*c*e*x^2)-2*B*a*c*d*x^2+2*B*a^2*e+2*A*a*c*d)/sqrt(c*x^4+a)

--- c1 g25 1 Algebraic functions/1.2 Trinomial products/1.2.2 Quartic/1.2.2.7 P(x) (d+e x^2)^q (a+b x^2+c x^4)^p.mac e12 (eq)
  [trace] class=deferred t=0.9s L27 returned=yes t=0.897013 calls=2 ratsimp-hits=1 exact-hits=0 unexited=0 misfire/fault-lines=0 top=1_2_2_7_r41
    fires=1_2_2_7_r41
    answer sha1=8778dfe83de3 'integrate((B*x^2)/(sqrt(c*x^4+a)*(c*e*x^6+c*d*x^4+a*e*x^2+a*d))+A/(sqrt(c*x^4+a)*(c*e*x^6+c*d*x^4+a*e*x^2+a*d)),x)
    #1 d=1 dl=1 seenp fb=false seenlen=0 seen=- out=1_2_2_7_r41 owner=- f=(B*x^2+A)/((e*x^2+d)*(c*x^4+a)^(3/2))
    #2 d=2 dl=2 seenp fb=true seenlen=1 seen=ratsimp@#1(idx1,live=yes) out=fall-through:seen-hit owner=1_2_2_7_r41:fired f=(B*x^2)/(sqrt(c*x^4+a)*(c*e*x^6+c*d*x^4+a*e*x^2+a*d))+A/(sqrt(c*x^4+a)*(c*e*x^6+c*d*x^4+a*e*x^2+a*d))
        matched elem=(B*x^2+A)/((e*x^2+d)*(c*x^4+a)^(3/2))
  [exact-only] class=verified t=8.3s L27 returned=yes t=8.289111 calls=8 ratsimp-hits=0 exact-hits=2 unexited=0 misfire/fault-lines=0 top=1_2_2_7_r41
    fires=1_3_3_r11,1_4_1_r18,1_3_3_r11,1_4_1_r18,1_4_1_r7,1_2_2_7_r41
    answer sha1=2e6bda2a2395 B*'integrate(x^2/(sqrt(c*x^4+a)*(c*e*x^6+c*d*x^4+a*e*x^2+a*d)),x)+A*'integrate(1/(sqrt(c*x^4+a)*(c*e*x^6+c*d*x^4+a*e*x^2+a*d)),x)
    #1 d=1 dl=1 seenp fb=false seenlen=0 seen=- out=1_2_2_7_r41 owner=- f=(B*x^2+A)/((e*x^2+d)*(c*x^4+a)^(3/2))
    #2 d=2 dl=2 seenp fb=true seenlen=1 seen=- out=1_4_1_r7 owner=1_2_2_7_r41:fired f=(B*x^2)/(sqrt(c*x^4+a)*(c*e*x^6+c*d*x^4+a*e*x^2+a*d))+A/(sqrt(c*x^4+a)*(c*e*x^6+c*d*x^4+a*e*x^2+a*d))
    #3 d=3 dl=3 seenp fb=true seenlen=2 seen=- out=1_4_1_r18 owner=1_4_1_r7:fired f=(B*x^2)/(sqrt(c*x^4+a)*(c*e*x^6+c*d*x^4+a*e*x^2+a*d))
    #4 d=4 dl=4 seenp fb=true seenlen=3 seen=- out=1_3_3_r11 owner=1_4_1_r18:fired f=x^2/(sqrt(c*x^4+a)*((c*e*x^6)/B+(c*d*x^4)/B+(a*e*x^2)/B+(a*d)/B))
    #5 d=5 dl=5 seenp fb=true seenlen=4 seen=exact@#3(idx2,live=yes) out=fall-through:seen-hit owner=1_3_3_r11:fired f=(B*x^2)/(sqrt(c*x^4+a)*(c*e*x^6+c*d*x^4+a*e*x^2+a*d))
        matched elem=(B*x^2)/(sqrt(c*x^4+a)*(c*e*x^6+c*d*x^4+a*e*x^2+a*d))
    #6 d=3 dl=3 seenp fb=true seenlen=2 seen=- out=1_4_1_r18 owner=1_4_1_r7:fired f=A/(sqrt(c*x^4+a)*(c*e*x^6+c*d*x^4+a*e*x^2+a*d))
    #7 d=4 dl=4 seenp fb=true seenlen=3 seen=- out=1_3_3_r11 owner=1_4_1_r18:fired f=1/(sqrt(c*x^4+a)*((c*e*x^6)/A+(c*d*x^4)/A+(a*e*x^2)/A+(a*d)/A))
    #8 d=5 dl=5 seenp fb=true seenlen=4 seen=exact@#6(idx2,live=yes) out=fall-through:seen-hit owner=1_3_3_r11:fired f=A/(sqrt(c*x^4+a)*(c*e*x^6+c*d*x^4+a*e*x^2+a*d))
        matched elem=A/(sqrt(c*x^4+a)*(c*e*x^6+c*d*x^4+a*e*x^2+a*d))
  [p0] class=verified t=4.9s L27 returned=yes t=4.850066 calls=4 ratsimp-hits=0 exact-hits=0 unexited=0 misfire/fault-lines=0 top=1_2_2_7_r40@pass2
    fires=1_4_1_r7,1_2_2_7_r40
    answer sha1=2e6bda2a2395 B*'integrate(x^2/(sqrt(c*x^4+a)*(c*e*x^6+c*d*x^4+a*e*x^2+a*d)),x)+A*'integrate(1/(sqrt(c*x^4+a)*(c*e*x^6+c*d*x^4+a*e*x^2+a*d)),x)
    #1 d=1 dl=1 p0-mr_top fb=false seenlen=0 seen=- out=1_2_2_7_r40@pass2 owner=- f=(B*x^2+A)/((e*x^2+d)*(c*x^4+a)^(3/2))
    #2 d=2 dl=1 p0-mr_top fb=true seenlen=0 seen=- out=1_4_1_r7@pass1 owner=1_2_2_7_r40:fired f=(B*x^2)/(sqrt(c*x^4+a)*(c*e*x^6+c*d*x^4+a*e*x^2+a*d))+A/(sqrt(c*x^4+a)*(c*e*x^6+c*d*x^4+a*e*x^2+a*d))
    #3 d=3 dl=2 p0-mr_top fb=true seenlen=1 seen=- out=fall-through:nofire owner=1_4_1_r7:fired f=(B*x^2)/(sqrt(c*x^4+a)*(c*e*x^6+c*d*x^4+a*e*x^2+a*d))
    #4 d=3 dl=2 p0-mr_top fb=true seenlen=1 seen=- out=fall-through:nofire owner=1_4_1_r7:fired f=A/(sqrt(c*x^4+a)*(c*e*x^6+c*d*x^4+a*e*x^2+a*d))

--- c1 g25 1 Algebraic functions/1.2 Trinomial products/1.2.2 Quartic/1.2.2.7 P(x) (d+e x^2)^q (a+b x^2+c x^4)^p.mac e13 (eq)
  [trace] class=deferred t=0.9s L28 returned=yes t=0.932013 calls=2 ratsimp-hits=1 exact-hits=0 unexited=0 misfire/fault-lines=0 top=1_2_2_7_r41
    fires=1_2_2_7_r41
    answer sha1=bc9a31b2bc8c 'integrate((B*x^2)/(sqrt(c*x^4+a)*(c*e^2*x^8+2*c*d*e*x^6+a*e^2*x^4+c*d^2*x^4+2*a*d*e*x^2+a*d^2))+A/(sqrt(c*x^4+a)*(c*e^2*x^8+2*c*d*e*x^6+a*e^2*x^4+c*d^2*x^4+2*a...
    #1 d=1 dl=1 seenp fb=false seenlen=0 seen=- out=1_2_2_7_r41 owner=- f=(B*x^2+A)/((e*x^2+d)^2*(c*x^4+a)^(3/2))
    #2 d=2 dl=2 seenp fb=true seenlen=1 seen=ratsimp@#1(idx1,live=yes) out=fall-through:seen-hit owner=1_2_2_7_r41:fired f=(B*x^2)/(sqrt(c*x^4+a)*(c*e^2*x^8+2*c*d*e*x^6+a*e^2*x^4+c*d^2*x^4+2*a*d*e*x^2+a*d^2))+A/(sqrt(c*x^4+a)*(c*e^2*...
        matched elem=(B*x^2+A)/((e*x^2+d)^2*(c*x^4+a)^(3/2))
  [exact-only] class=verified t=18.2s L28 returned=yes t=18.128243 calls=8 ratsimp-hits=0 exact-hits=2 unexited=0 misfire/fault-lines=0 top=1_2_2_7_r41
    fires=1_3_3_r11,1_4_1_r18,1_3_3_r11,1_4_1_r18,1_4_1_r7,1_2_2_7_r41
    answer sha1=3cb42027c12d B*'integrate(x^2/(sqrt(c*x^4+a)*(c*e^2*x^8+2*c*d*e*x^6+a*e^2*x^4+c*d^2*x^4+2*a*d*e*x^2+a*d^2)),x)+A*'integrate(1/(sqrt(c*x^4+a)*(c*e^2*x^8+2*c*d*e*x^6+a*e^2*x^4...
    #1 d=1 dl=1 seenp fb=false seenlen=0 seen=- out=1_2_2_7_r41 owner=- f=(B*x^2+A)/((e*x^2+d)^2*(c*x^4+a)^(3/2))
    #2 d=2 dl=2 seenp fb=true seenlen=1 seen=- out=1_4_1_r7 owner=1_2_2_7_r41:fired f=(B*x^2)/(sqrt(c*x^4+a)*(c*e^2*x^8+2*c*d*e*x^6+a*e^2*x^4+c*d^2*x^4+2*a*d*e*x^2+a*d^2))+A/(sqrt(c*x^4+a)*(c*e^2*...
    #3 d=3 dl=3 seenp fb=true seenlen=2 seen=- out=1_4_1_r18 owner=1_4_1_r7:fired f=(B*x^2)/(sqrt(c*x^4+a)*(c*e^2*x^8+2*c*d*e*x^6+a*e^2*x^4+c*d^2*x^4+2*a*d*e*x^2+a*d^2))
    #4 d=4 dl=4 seenp fb=true seenlen=3 seen=- out=1_3_3_r11 owner=1_4_1_r18:fired f=x^2/(sqrt(c*x^4+a)*((c*e^2*x^8)/B+(2*c*d*e*x^6)/B+(a*e^2*x^4)/B+(c*d^2*x^4)/B+(2*a*d*e*x^2)/B+(a*d^2)/B))
    #5 d=5 dl=5 seenp fb=true seenlen=4 seen=exact@#3(idx2,live=yes) out=fall-through:seen-hit owner=1_3_3_r11:fired f=(B*x^2)/(sqrt(c*x^4+a)*(c*e^2*x^8+2*c*d*e*x^6+a*e^2*x^4+c*d^2*x^4+2*a*d*e*x^2+a*d^2))
        matched elem=(B*x^2)/(sqrt(c*x^4+a)*(c*e^2*x^8+2*c*d*e*x^6+a*e^2*x^4+c*d^2*x^4+2*a*d*e*x^2+a*d^2))
    #6 d=3 dl=3 seenp fb=true seenlen=2 seen=- out=1_4_1_r18 owner=1_4_1_r7:fired f=A/(sqrt(c*x^4+a)*(c*e^2*x^8+2*c*d*e*x^6+a*e^2*x^4+c*d^2*x^4+2*a*d*e*x^2+a*d^2))
    #7 d=4 dl=4 seenp fb=true seenlen=3 seen=- out=1_3_3_r11 owner=1_4_1_r18:fired f=1/(sqrt(c*x^4+a)*((c*e^2*x^8)/A+(2*c*d*e*x^6)/A+(a*e^2*x^4)/A+(c*d^2*x^4)/A+(2*a*d*e*x^2)/A+(a*d^2)/A))
    #8 d=5 dl=5 seenp fb=true seenlen=4 seen=exact@#6(idx2,live=yes) out=fall-through:seen-hit owner=1_3_3_r11:fired f=A/(sqrt(c*x^4+a)*(c*e^2*x^8+2*c*d*e*x^6+a*e^2*x^4+c*d^2*x^4+2*a*d*e*x^2+a*d^2))
        matched elem=A/(sqrt(c*x^4+a)*(c*e^2*x^8+2*c*d*e*x^6+a*e^2*x^4+c*d^2*x^4+2*a*d*e*x^2+a*d^2))
  [p0] class=verified t=5.3s L28 returned=yes t=5.262071 calls=4 ratsimp-hits=0 exact-hits=0 unexited=0 misfire/fault-lines=0 top=1_2_2_7_r40@pass2
    fires=1_4_1_r7,1_2_2_7_r40
    answer sha1=3cb42027c12d B*'integrate(x^2/(sqrt(c*x^4+a)*(c*e^2*x^8+2*c*d*e*x^6+a*e^2*x^4+c*d^2*x^4+2*a*d*e*x^2+a*d^2)),x)+A*'integrate(1/(sqrt(c*x^4+a)*(c*e^2*x^8+2*c*d*e*x^6+a*e^2*x^4...
    #1 d=1 dl=1 p0-mr_top fb=false seenlen=0 seen=- out=1_2_2_7_r40@pass2 owner=- f=(B*x^2+A)/((e*x^2+d)^2*(c*x^4+a)^(3/2))
    #2 d=2 dl=1 p0-mr_top fb=true seenlen=0 seen=- out=1_4_1_r7@pass1 owner=1_2_2_7_r40:fired f=(B*x^2)/(sqrt(c*x^4+a)*(c*e^2*x^8+2*c*d*e*x^6+a*e^2*x^4+c*d^2*x^4+2*a*d*e*x^2+a*d^2))+A/(sqrt(c*x^4+a)*(c*e^2*...
    #3 d=3 dl=2 p0-mr_top fb=true seenlen=1 seen=- out=fall-through:nofire owner=1_4_1_r7:fired f=(B*x^2)/(sqrt(c*x^4+a)*(c*e^2*x^8+2*c*d*e*x^6+a*e^2*x^4+c*d^2*x^4+2*a*d*e*x^2+a*d^2))
    #4 d=3 dl=2 p0-mr_top fb=true seenlen=1 seen=- out=fall-through:nofire owner=1_4_1_r7:fired f=A/(sqrt(c*x^4+a)*(c*e^2*x^8+2*c*d*e*x^6+a*e^2*x^4+c*d^2*x^4+2*a*d*e*x^2+a*d^2))

--- c1 g25 1 Algebraic functions/1.2 Trinomial products/1.2.2 Quartic/1.2.2.7 P(x) (d+e x^2)^q (a+b x^2+c x^4)^p.mac e14 (eq)
  [trace] class=deferred t=0.9s L29 returned=yes t=0.925013 calls=2 ratsimp-hits=1 exact-hits=0 unexited=0 misfire/fault-lines=0 top=1_2_2_7_r41
    fires=1_2_2_7_r41
    answer sha1=6feb5d40f6be 'integrate((B*x^2)/(sqrt(c*x^4+a)*(c*e^3*x^10+3*c*d*e^2*x^8+a*e^3*x^6+3*c*d^2*e*x^6+3*a*d*e^2*x^4+c*d^3*x^4+3*a*d^2*e*x^2+a*d^3))+A/(sqrt(c*x^4+a)*(c*e^3*x^10+3...
    #1 d=1 dl=1 seenp fb=false seenlen=0 seen=- out=1_2_2_7_r41 owner=- f=(B*x^2+A)/((e*x^2+d)^3*(c*x^4+a)^(3/2))
    #2 d=2 dl=2 seenp fb=true seenlen=1 seen=ratsimp@#1(idx1,live=yes) out=fall-through:seen-hit owner=1_2_2_7_r41:fired f=(B*x^2)/(sqrt(c*x^4+a)*(c*e^3*x^10+3*c*d*e^2*x^8+a*e^3*x^6+3*c*d^2*e*x^6+3*a*d*e^2*x^4+c*d^3*x^4+3*a*d^2*e*x^2...
        matched elem=(B*x^2+A)/((e*x^2+d)^3*(c*x^4+a)^(3/2))
  [exact-only] class=timeout t=30.0s L29 returned=NO calls=7 ratsimp-hits=0 exact-hits=1 unexited=4 misfire/fault-lines=0 top=open
    fires=1_3_3_r11,1_4_1_r18
    #1 d=1 dl=1 seenp fb=false seenlen=0 seen=- out=open owner=- f=(B*x^2+A)/((e*x^2+d)^3*(c*x^4+a)^(3/2))
    #2 d=2 dl=2 seenp fb=true seenlen=1 seen=- out=open owner=- f=(B*x^2)/(sqrt(c*x^4+a)*(c*e^3*x^10+3*c*d*e^2*x^8+a*e^3*x^6+3*c*d^2*e*x^6+3*a*d*e^2*x^4+c*d^3*x^4+3*a*d^2*e*x^2...
    #3 d=3 dl=3 seenp fb=true seenlen=2 seen=- out=1_4_1_r18 owner=- f=(B*x^2)/(sqrt(c*x^4+a)*(c*e^3*x^10+3*c*d*e^2*x^8+a*e^3*x^6+3*c*d^2*e*x^6+3*a*d*e^2*x^4+c*d^3*x^4+3*a*d^2*e*x^2...
    #4 d=4 dl=4 seenp fb=true seenlen=3 seen=- out=1_3_3_r11 owner=1_4_1_r18:fired f=x^2/(sqrt(c*x^4+a)*((c*e^3*x^10)/B+(3*c*d*e^2*x^8)/B+(a*e^3*x^6)/B+(3*c*d^2*e*x^6)/B+(3*a*d*e^2*x^4)/B+(c*d^3*...
    #5 d=5 dl=5 seenp fb=true seenlen=4 seen=exact@#3(idx2,live=yes) out=fall-through:seen-hit owner=1_3_3_r11:fired f=(B*x^2)/(sqrt(c*x^4+a)*(c*e^3*x^10+3*c*d*e^2*x^8+a*e^3*x^6+3*c*d^2*e*x^6+3*a*d*e^2*x^4+c*d^3*x^4+3*a*d^2*e*x^2...
        matched elem=(B*x^2)/(sqrt(c*x^4+a)*(c*e^3*x^10+3*c*d*e^2*x^8+a*e^3*x^6+3*c*d^2*e*x^6+3*a*d*e^2*x^4+c*d^3*x^4+3*a*d^2*e*x^2...
    #6 d=3 dl=3 seenp fb=true seenlen=2 seen=- out=open owner=- f=A/(sqrt(c*x^4+a)*(c*e^3*x^10+3*c*d*e^2*x^8+a*e^3*x^6+3*c*d^2*e*x^6+3*a*d*e^2*x^4+c*d^3*x^4+3*a*d^2*e*x^2+a*d^3...
    #7 d=4 dl=4 seenp fb=true seenlen=3 seen=- out=open owner=- f=1/(sqrt(c*x^4+a)*((c*e^3*x^10)/A+(3*c*d*e^2*x^8)/A+(a*e^3*x^6)/A+(3*c*d^2*e*x^6)/A+(3*a*d*e^2*x^4)/A+(c*d^3*x^...
  [p0] class=verified t=5.7s L29 returned=yes t=5.657075 calls=4 ratsimp-hits=0 exact-hits=0 unexited=0 misfire/fault-lines=0 top=1_2_2_7_r40@pass2
    fires=1_4_1_r7,1_2_2_7_r40
    answer sha1=4cd45839a58f B*'integrate(x^2/(sqrt(c*x^4+a)*(c*e^3*x^10+3*c*d*e^2*x^8+a*e^3*x^6+3*c*d^2*e*x^6+3*a*d*e^2*x^4+c*d^3*x^4+3*a*d^2*e*x^2+a*d^3)),x)+A*'integrate(1/(sqrt(c*x^4+a)...
    #1 d=1 dl=1 p0-mr_top fb=false seenlen=0 seen=- out=1_2_2_7_r40@pass2 owner=- f=(B*x^2+A)/((e*x^2+d)^3*(c*x^4+a)^(3/2))
    #2 d=2 dl=1 p0-mr_top fb=true seenlen=0 seen=- out=1_4_1_r7@pass1 owner=1_2_2_7_r40:fired f=(B*x^2)/(sqrt(c*x^4+a)*(c*e^3*x^10+3*c*d*e^2*x^8+a*e^3*x^6+3*c*d^2*e*x^6+3*a*d*e^2*x^4+c*d^3*x^4+3*a*d^2*e*x^2...
    #3 d=3 dl=2 p0-mr_top fb=true seenlen=1 seen=- out=fall-through:nofire owner=1_4_1_r7:fired f=(B*x^2)/(sqrt(c*x^4+a)*(c*e^3*x^10+3*c*d*e^2*x^8+a*e^3*x^6+3*c*d^2*e*x^6+3*a*d*e^2*x^4+c*d^3*x^4+3*a*d^2*e*x^2...
    #4 d=3 dl=2 p0-mr_top fb=true seenlen=1 seen=- out=fall-through:nofire owner=1_4_1_r7:fired f=A/(sqrt(c*x^4+a)*(c*e^3*x^10+3*c*d*e^2*x^8+a*e^3*x^6+3*c*d^2*e*x^6+3*a*d*e^2*x^4+c*d^3*x^4+3*a*d^2*e*x^2+a*d^3...

--- c1 g30 1 Algebraic functions/1.2 Trinomial products/1.2.1 Quadratic/1.2.1.4 (d+e x)^m (f+g x)^n (a+b x+c x^2)^p.mac e322 (eq)
  [trace] class=deferred t=0.3s L405 returned=yes t=0.277004 calls=2 ratsimp-hits=1 exact-hits=0 unexited=0 misfire/fault-lines=0 top=1_1_2_8_r102
    fires=1_1_2_8_r102
    answer sha1=0d790f2fb7b1 'integrate(sqrt(c*x^2+a)/(e*x^3+d*x^2),x)
    #1 d=1 dl=1 seenp fb=false seenlen=0 seen=- out=1_1_2_8_r102 owner=- f=sqrt(c*x^2+a)/(x^2*(e*x+d))
    #2 d=2 dl=2 seenp fb=true seenlen=1 seen=ratsimp@#1(idx1,live=yes) out=fall-through:seen-hit owner=1_1_2_8_r102:fired f=sqrt(c*x^2+a)/(e*x^3+d*x^2)
        matched elem=sqrt(c*x^2+a)/(x^2*(e*x+d))
  [exact-only] class=deferred t=0.7s L405 returned=yes t=0.681009 calls=3 ratsimp-hits=0 exact-hits=1 unexited=0 misfire/fault-lines=0 top=1_1_2_8_r102
    fires=1_4_1_r25,1_1_2_8_r102
    answer sha1=c56494f9b415 'integrate(sqrt(c*x^2+a)/(x^2*(e*x+d)),x)
    #1 d=1 dl=1 seenp fb=false seenlen=0 seen=- out=1_1_2_8_r102 owner=- f=sqrt(c*x^2+a)/(x^2*(e*x+d))
    #2 d=2 dl=2 seenp fb=true seenlen=1 seen=- out=1_4_1_r25 owner=1_1_2_8_r102:fired f=sqrt(c*x^2+a)/(e*x^3+d*x^2)
    #3 d=3 dl=3 seenp fb=true seenlen=2 seen=exact@#1(idx2,live=yes) out=fall-through:seen-hit owner=1_4_1_r25:fired f=sqrt(c*x^2+a)/(x^2*(e*x+d))
        matched elem=sqrt(c*x^2+a)/(x^2*(e*x+d))
  [p0] class=verified t=0.8s L405 returned=yes t=0.750011 calls=9 ratsimp-hits=0 exact-hits=2 unexited=0 misfire/fault-lines=0 top=1_1_2_8_r106@pass1
    fires=1_4_2_r8,1_1_1_4_r46,1_1_2_1_r15,1_1_1_2_r32,1_1_1_3_r12,1_1_2_4_r20,1_1_2_8_r106
    answer sha1=94c1dda0903d (sqrt(a*e^2+c*d^2)*log((c*e^2*x^2-c*d^2)/(2*e*sqrt(a*e^2+c*d^2)*sqrt(c*x^2+a)+c*e^2*x^2+2*a*e^2+c*d^2))+sqrt(a)*e*log(-((c*x^2)/(-(2*sqrt(a)*sqrt(c*x^2+a))+c*x^...
    #1 d=1 dl=1 p0-mr_top fb=false seenlen=0 seen=- out=1_1_2_8_r106@pass1 owner=- f=sqrt(c*x^2+a)/(x^2*(e*x+d))
    #2 d=2 dl=2 p0-mr_top fb=true seenlen=1 seen=- out=1_4_2_r8@pass1 owner=1_1_2_8_r106:fired f=sqrt(c*x^2+a)/(x^2*(d^2-e^2*x^2))
    #3 d=3 dl=3 p0-mr_top fb=true seenlen=2 seen=exact@#2(idx1,live=yes) out=fall-through:seen-hit owner=1_4_2_r8:fired f=sqrt(c*x^2+a)/(x^2*(d^2-e^2*x^2))
        matched elem=sqrt(c*x^2+a)/(x^2*(d^2-e^2*x^2))
    #4 d=2 dl=2 p0-mr_top fb=true seenlen=1 seen=- out=1_1_2_4_r20@pass1 owner=1_1_2_8_r106:fired f=sqrt(c*x^2+a)/(x*(d^2-e^2*x^2))
    #5 d=3 dl=3 p0-mr_top fb=true seenlen=2 seen=- out=1_1_1_3_r12@pass1 owner=1_1_2_4_r20:fired f=sqrt(c*x+a)/(x*(d^2-e^2*x))
    #6 d=4 dl=4 p0-mr_top fb=true seenlen=3 seen=- out=1_1_1_4_r46@pass1 owner=1_1_1_3_r12:fired f=1/(sqrt(c*x+a)*(d^2-e^2*x))
    #7 d=5 dl=5 p0-mr_top fb=true seenlen=4 seen=exact@#6(idx1,live=yes) out=fall-through:seen-hit owner=1_1_1_4_r46:fired f=1/(sqrt(c*x+a)*(d^2-e^2*x))
        matched elem=1/(sqrt(c*x+a)*(d^2-e^2*x))
    #8 d=4 dl=4 p0-mr_top fb=true seenlen=3 seen=- out=1_1_1_2_r32@pass1 owner=1_1_1_3_r12:fired f=1/(x*sqrt(c*x+a))
    #9 d=5 dl=5 p0-mr_top fb=true seenlen=4 seen=- out=1_1_2_1_r15@pass1 owner=1_1_1_2_r32:fired f=1/(x^2/c-a/c)

--- c1 g30 1 Algebraic functions/1.2 Trinomial products/1.2.1 Quadratic/1.2.1.4 (d+e x)^m (f+g x)^n (a+b x+c x^2)^p.mac e323 (eq)
  [trace] class=deferred t=0.3s L406 returned=yes t=0.270003 calls=2 ratsimp-hits=1 exact-hits=0 unexited=0 misfire/fault-lines=0 top=1_1_2_8_r102
    fires=1_1_2_8_r102
    answer sha1=41b7e235787b 'integrate(sqrt(c*x^2+a)/(e*x^4+d*x^3),x)
    #1 d=1 dl=1 seenp fb=false seenlen=0 seen=- out=1_1_2_8_r102 owner=- f=sqrt(c*x^2+a)/(x^3*(e*x+d))
    #2 d=2 dl=2 seenp fb=true seenlen=1 seen=ratsimp@#1(idx1,live=yes) out=fall-through:seen-hit owner=1_1_2_8_r102:fired f=sqrt(c*x^2+a)/(e*x^4+d*x^3)
        matched elem=sqrt(c*x^2+a)/(x^3*(e*x+d))
  [exact-only] class=deferred t=0.6s L406 returned=yes t=0.566008 calls=3 ratsimp-hits=0 exact-hits=1 unexited=0 misfire/fault-lines=0 top=1_1_2_8_r102
    fires=1_4_1_r25,1_1_2_8_r102
    answer sha1=b0697f126cc2 'integrate(sqrt(c*x^2+a)/(x^3*(e*x+d)),x)
    #1 d=1 dl=1 seenp fb=false seenlen=0 seen=- out=1_1_2_8_r102 owner=- f=sqrt(c*x^2+a)/(x^3*(e*x+d))
    #2 d=2 dl=2 seenp fb=true seenlen=1 seen=- out=1_4_1_r25 owner=1_1_2_8_r102:fired f=sqrt(c*x^2+a)/(e*x^4+d*x^3)
    #3 d=3 dl=3 seenp fb=true seenlen=2 seen=exact@#1(idx2,live=yes) out=fall-through:seen-hit owner=1_4_1_r25:fired f=sqrt(c*x^2+a)/(x^3*(e*x+d))
        matched elem=sqrt(c*x^2+a)/(x^3*(e*x+d))
  [p0] class=verified t=0.7s L406 returned=yes t=0.717009 calls=9 ratsimp-hits=1 exact-hits=2 unexited=0 misfire/fault-lines=0 top=1_1_2_8_r106@pass1
    fires=1_1_1_3_r55,1_1_1_2_r13,1_1_1_4_r38,1_1_2_4_r20,1_4_2_r8,1_1_2_8_r106
    answer sha1=106ae0e9573c (x^2*(-(2*sqrt(a)*e*sqrt(a*e^2+c*d^2)*log((c*e^2*x^2-c*d^2)/(2*e*sqrt(a*e^2+c*d^2)*sqrt(c*x^2+a)+c*e^2*x^2+2*a*e^2+c*d^2)))+2*a*e^2*log((c*x^2)/(2*sqrt(a)*sqrt(...
    #1 d=1 dl=1 p0-mr_top fb=false seenlen=0 seen=- out=1_1_2_8_r106@pass1 owner=- f=sqrt(c*x^2+a)/(x^3*(e*x+d))
    #2 d=2 dl=2 p0-mr_top fb=true seenlen=1 seen=- out=1_1_2_4_r20@pass1 owner=1_1_2_8_r106:fired f=sqrt(c*x^2+a)/(x^3*(d^2-e^2*x^2))
    #3 d=3 dl=3 p0-mr_top fb=true seenlen=2 seen=- out=1_1_1_4_r38@pass1 owner=1_1_2_4_r20:fired f=sqrt(c*x+a)/(x^2*(d^2-e^2*x))
    #4 d=4 dl=4 p0-mr_top fb=true seenlen=3 seen=- out=1_1_1_3_r55@pass1 owner=1_1_1_4_r38:fired f=1/(x^2*sqrt(c*x+a)*(d^2-e^2*x))
    #5 d=5 dl=5 p0-mr_top fb=true seenlen=4 seen=ratsimp@#4(idx1,live=yes) out=fall-through:seen-hit owner=1_1_1_3_r55:fired f=1/(d^2*x^2*sqrt(c*x+a)-e^2*x^3*sqrt(c*x+a))
        matched elem=1/(x^2*sqrt(c*x+a)*(d^2-e^2*x))
    #6 d=4 dl=4 p0-mr_top fb=true seenlen=3 seen=- out=1_1_1_2_r13@pass1 owner=1_1_1_4_r38:fired f=1/(x^2*sqrt(c*x+a))
    #7 d=5 dl=5 p0-mr_top fb=true seenlen=4 seen=exact@#6(idx1,live=yes) out=fall-through:seen-hit owner=1_1_1_2_r13:fired f=1/(x^2*sqrt(c*x+a))
        matched elem=1/(x^2*sqrt(c*x+a))
    #8 d=2 dl=2 p0-mr_top fb=true seenlen=1 seen=- out=1_4_2_r8@pass1 owner=1_1_2_8_r106:fired f=sqrt(c*x^2+a)/(x^2*(d^2-e^2*x^2))
    #9 d=3 dl=3 p0-mr_top fb=true seenlen=2 seen=exact@#8(idx1,live=yes) out=fall-through:seen-hit owner=1_4_2_r8:fired f=sqrt(c*x^2+a)/(x^2*(d^2-e^2*x^2))
        matched elem=sqrt(c*x^2+a)/(x^2*(d^2-e^2*x^2))

--- c1 g30 1 Algebraic functions/1.2 Trinomial products/1.2.1 Quadratic/1.2.1.4 (d+e x)^m (f+g x)^n (a+b x+c x^2)^p.mac e324 (eq)
  [trace] class=deferred t=0.3s L407 returned=yes t=0.283003 calls=2 ratsimp-hits=1 exact-hits=0 unexited=0 misfire/fault-lines=0 top=1_1_2_8_r102
    fires=1_1_2_8_r102
    answer sha1=1baf65d51466 'integrate(sqrt(c*x^2+a)/(e*x^5+d*x^4),x)
    #1 d=1 dl=1 seenp fb=false seenlen=0 seen=- out=1_1_2_8_r102 owner=- f=sqrt(c*x^2+a)/(x^4*(e*x+d))
    #2 d=2 dl=2 seenp fb=true seenlen=1 seen=ratsimp@#1(idx1,live=yes) out=fall-through:seen-hit owner=1_1_2_8_r102:fired f=sqrt(c*x^2+a)/(e*x^5+d*x^4)
        matched elem=sqrt(c*x^2+a)/(x^4*(e*x+d))
  [exact-only] class=deferred t=0.6s L407 returned=yes t=0.571008 calls=3 ratsimp-hits=0 exact-hits=1 unexited=0 misfire/fault-lines=0 top=1_1_2_8_r102
    fires=1_4_1_r25,1_1_2_8_r102
    answer sha1=57c94be39175 'integrate(sqrt(c*x^2+a)/(x^4*(e*x+d)),x)
    #1 d=1 dl=1 seenp fb=false seenlen=0 seen=- out=1_1_2_8_r102 owner=- f=sqrt(c*x^2+a)/(x^4*(e*x+d))
    #2 d=2 dl=2 seenp fb=true seenlen=1 seen=- out=1_4_1_r25 owner=1_1_2_8_r102:fired f=sqrt(c*x^2+a)/(e*x^5+d*x^4)
    #3 d=3 dl=3 seenp fb=true seenlen=2 seen=exact@#1(idx2,live=yes) out=fall-through:seen-hit owner=1_4_1_r25:fired f=sqrt(c*x^2+a)/(x^4*(e*x+d))
        matched elem=sqrt(c*x^2+a)/(x^4*(e*x+d))
  [p0] class=verified t=0.8s L407 returned=yes t=0.754011 calls=9 ratsimp-hits=1 exact-hits=2 unexited=0 misfire/fault-lines=0 top=1_1_2_8_r106@pass1
    fires=1_4_2_r8,1_1_1_3_r55,1_1_1_2_r13,1_1_1_4_r38,1_1_2_4_r20,1_1_2_8_r106
    answer sha1=72056efd7b27 d*'integrate(sqrt(c*x^2+a)/(x^4*(d^2-e^2*x^2)),x)-(e*(x^2*(-(2*sqrt(a)*e*sqrt(a*e^2+c*d^2)*log((c*e^2*x^2-c*d^2)/(2*e*sqrt(a*e^2+c*d^2)*sqrt(c*x^2+a)+c*e^2*x^2+...
    #1 d=1 dl=1 p0-mr_top fb=false seenlen=0 seen=- out=1_1_2_8_r106@pass1 owner=- f=sqrt(c*x^2+a)/(x^4*(e*x+d))
    #2 d=2 dl=2 p0-mr_top fb=true seenlen=1 seen=- out=1_4_2_r8@pass1 owner=1_1_2_8_r106:fired f=sqrt(c*x^2+a)/(x^4*(d^2-e^2*x^2))
    #3 d=3 dl=3 p0-mr_top fb=true seenlen=2 seen=exact@#2(idx1,live=yes) out=fall-through:seen-hit owner=1_4_2_r8:fired f=sqrt(c*x^2+a)/(x^4*(d^2-e^2*x^2))
        matched elem=sqrt(c*x^2+a)/(x^4*(d^2-e^2*x^2))
    #4 d=2 dl=2 p0-mr_top fb=true seenlen=1 seen=- out=1_1_2_4_r20@pass1 owner=1_1_2_8_r106:fired f=sqrt(c*x^2+a)/(x^3*(d^2-e^2*x^2))
    #5 d=3 dl=3 p0-mr_top fb=true seenlen=2 seen=- out=1_1_1_4_r38@pass1 owner=1_1_2_4_r20:fired f=sqrt(c*x+a)/(x^2*(d^2-e^2*x))
    #6 d=4 dl=4 p0-mr_top fb=true seenlen=3 seen=- out=1_1_1_3_r55@pass1 owner=1_1_1_4_r38:fired f=1/(x^2*sqrt(c*x+a)*(d^2-e^2*x))
    #7 d=5 dl=5 p0-mr_top fb=true seenlen=4 seen=ratsimp@#6(idx1,live=yes) out=fall-through:seen-hit owner=1_1_1_3_r55:fired f=1/(d^2*x^2*sqrt(c*x+a)-e^2*x^3*sqrt(c*x+a))
        matched elem=1/(x^2*sqrt(c*x+a)*(d^2-e^2*x))
    #8 d=4 dl=4 p0-mr_top fb=true seenlen=3 seen=- out=1_1_1_2_r13@pass1 owner=1_1_1_4_r38:fired f=1/(x^2*sqrt(c*x+a))
    #9 d=5 dl=5 p0-mr_top fb=true seenlen=4 seen=exact@#8(idx1,live=yes) out=fall-through:seen-hit owner=1_1_1_2_r13:fired f=1/(x^2*sqrt(c*x+a))
        matched elem=1/(x^2*sqrt(c*x+a))

--- c1 g30 1 Algebraic functions/1.2 Trinomial products/1.2.1 Quadratic/1.2.1.4 (d+e x)^m (f+g x)^n (a+b x+c x^2)^p.mac e325 (eq)
  [trace] class=deferred t=0.3s L408 returned=yes t=0.277003 calls=2 ratsimp-hits=1 exact-hits=0 unexited=0 misfire/fault-lines=0 top=1_1_2_8_r102
    fires=1_1_2_8_r102
    answer sha1=3c9047dafe10 'integrate(sqrt(c*x^2+a)/(e*x^6+d*x^5),x)
    #1 d=1 dl=1 seenp fb=false seenlen=0 seen=- out=1_1_2_8_r102 owner=- f=sqrt(c*x^2+a)/(x^5*(e*x+d))
    #2 d=2 dl=2 seenp fb=true seenlen=1 seen=ratsimp@#1(idx1,live=yes) out=fall-through:seen-hit owner=1_1_2_8_r102:fired f=sqrt(c*x^2+a)/(e*x^6+d*x^5)
        matched elem=sqrt(c*x^2+a)/(x^5*(e*x+d))
  [exact-only] class=deferred t=0.6s L408 returned=yes t=0.547008 calls=3 ratsimp-hits=0 exact-hits=1 unexited=0 misfire/fault-lines=0 top=1_1_2_8_r102
    fires=1_4_1_r25,1_1_2_8_r102
    answer sha1=a83188668749 'integrate(sqrt(c*x^2+a)/(x^5*(e*x+d)),x)
    #1 d=1 dl=1 seenp fb=false seenlen=0 seen=- out=1_1_2_8_r102 owner=- f=sqrt(c*x^2+a)/(x^5*(e*x+d))
    #2 d=2 dl=2 seenp fb=true seenlen=1 seen=- out=1_4_1_r25 owner=1_1_2_8_r102:fired f=sqrt(c*x^2+a)/(e*x^6+d*x^5)
    #3 d=3 dl=3 seenp fb=true seenlen=2 seen=exact@#1(idx2,live=yes) out=fall-through:seen-hit owner=1_4_1_r25:fired f=sqrt(c*x^2+a)/(x^5*(e*x+d))
        matched elem=sqrt(c*x^2+a)/(x^5*(e*x+d))
  [p0] class=verified t=0.7s L408 returned=yes t=0.71601 calls=9 ratsimp-hits=1 exact-hits=2 unexited=0 misfire/fault-lines=0 top=1_1_2_8_r106@pass1
    fires=1_1_1_3_r55,1_1_1_2_r13,1_1_1_4_r38,1_1_2_4_r20,1_4_2_r8,1_1_2_8_r106
    answer sha1=737d26e718b8 -((x^4*(a^2*(8*e^3*sqrt(a*e^2+c*d^2)*log((c*e^2*x^2-c*d^2)/(2*e*sqrt(a*e^2+c*d^2)*sqrt(c*x^2+a)+c*e^2*x^2+2*a*e^2+c*d^2))-8*sqrt(a)*e^4*log((c*x^2)/(2*sqrt(a)*s...
    #1 d=1 dl=1 p0-mr_top fb=false seenlen=0 seen=- out=1_1_2_8_r106@pass1 owner=- f=sqrt(c*x^2+a)/(x^5*(e*x+d))
    #2 d=2 dl=2 p0-mr_top fb=true seenlen=1 seen=- out=1_1_2_4_r20@pass1 owner=1_1_2_8_r106:fired f=sqrt(c*x^2+a)/(x^5*(d^2-e^2*x^2))
    #3 d=3 dl=3 p0-mr_top fb=true seenlen=2 seen=- out=1_1_1_4_r38@pass1 owner=1_1_2_4_r20:fired f=sqrt(c*x+a)/(x^3*(d^2-e^2*x))
    #4 d=4 dl=4 p0-mr_top fb=true seenlen=3 seen=- out=1_1_1_3_r55@pass1 owner=1_1_1_4_r38:fired f=1/(x^3*sqrt(c*x+a)*(d^2-e^2*x))
    #5 d=5 dl=5 p0-mr_top fb=true seenlen=4 seen=ratsimp@#4(idx1,live=yes) out=fall-through:seen-hit owner=1_1_1_3_r55:fired f=1/(d^2*x^3*sqrt(c*x+a)-e^2*x^4*sqrt(c*x+a))
        matched elem=1/(x^3*sqrt(c*x+a)*(d^2-e^2*x))
    #6 d=4 dl=4 p0-mr_top fb=true seenlen=3 seen=- out=1_1_1_2_r13@pass1 owner=1_1_1_4_r38:fired f=1/(x^3*sqrt(c*x+a))
    #7 d=5 dl=5 p0-mr_top fb=true seenlen=4 seen=exact@#6(idx1,live=yes) out=fall-through:seen-hit owner=1_1_1_2_r13:fired f=1/(x^3*sqrt(c*x+a))
        matched elem=1/(x^3*sqrt(c*x+a))
    #8 d=2 dl=2 p0-mr_top fb=true seenlen=1 seen=- out=1_4_2_r8@pass1 owner=1_1_2_8_r106:fired f=sqrt(c*x^2+a)/(x^4*(d^2-e^2*x^2))
    #9 d=3 dl=3 p0-mr_top fb=true seenlen=2 seen=exact@#8(idx1,live=yes) out=fall-through:seen-hit owner=1_4_2_r8:fired f=sqrt(c*x^2+a)/(x^4*(d^2-e^2*x^2))
        matched elem=sqrt(c*x^2+a)/(x^4*(d^2-e^2*x^2))

--- c1 g30 1 Algebraic functions/1.2 Trinomial products/1.2.1 Quadratic/1.2.1.4 (d+e x)^m (f+g x)^n (a+b x+c x^2)^p.mac e332 (eq)
  [trace] class=deferred t=0.3s L417 returned=yes t=0.277003 calls=2 ratsimp-hits=1 exact-hits=0 unexited=0 misfire/fault-lines=0 top=1_1_2_8_r102
    fires=1_1_2_8_r102
    answer sha1=76cc5523dd9c 'integrate(1/(sqrt(c*x^2+a)*(e*x^3+d*x^2)),x)
    #1 d=1 dl=1 seenp fb=false seenlen=0 seen=- out=1_1_2_8_r102 owner=- f=1/(x^2*(e*x+d)*sqrt(c*x^2+a))
    #2 d=2 dl=2 seenp fb=true seenlen=1 seen=ratsimp@#1(idx1,live=yes) out=fall-through:seen-hit owner=1_1_2_8_r102:fired f=1/(sqrt(c*x^2+a)*(e*x^3+d*x^2))
        matched elem=1/(x^2*(e*x+d)*sqrt(c*x^2+a))
  [exact-only] class=deferred t=0.7s L417 returned=yes t=0.67601 calls=3 ratsimp-hits=0 exact-hits=1 unexited=0 misfire/fault-lines=0 top=1_1_2_8_r102
    fires=1_4_1_r25,1_1_2_8_r102
    answer sha1=9777711e3d8c 'integrate(1/(x^2*(e*x+d)*sqrt(c*x^2+a)),x)
    #1 d=1 dl=1 seenp fb=false seenlen=0 seen=- out=1_1_2_8_r102 owner=- f=1/(x^2*(e*x+d)*sqrt(c*x^2+a))
    #2 d=2 dl=2 seenp fb=true seenlen=1 seen=- out=1_4_1_r25 owner=1_1_2_8_r102:fired f=1/(sqrt(c*x^2+a)*(e*x^3+d*x^2))
    #3 d=3 dl=3 seenp fb=true seenlen=2 seen=exact@#1(idx2,live=yes) out=fall-through:seen-hit owner=1_4_1_r25:fired f=1/(x^2*(e*x+d)*sqrt(c*x^2+a))
        matched elem=1/(x^2*(e*x+d)*sqrt(c*x^2+a))
  [p0] class=verified t=0.4s L417 returned=yes t=0.388005 calls=12 ratsimp-hits=0 exact-hits=1 unexited=0 misfire/fault-lines=0 top=1_1_2_8_r106@pass1
    fires=1_1_1_1_r2,1_1_2_2_r33,1_1_2_1_r15,1_1_2_3_r12,1_1_2_5_r13,1_1_1_4_r46,1_1_2_1_r15,1_1_1_2_r32,1_1_1_3_r15,1_1_2_4_r20,1_1_2_8_r106
    answer sha1=606c8339c6ab d*((%i*e^2*log(-((%i*a*e^2*sqrt(-(a*e^2)-c*d^2)*x^3*sqrt(c*x^2+a)-%i*a*d^2*sqrt(-(a*e^2)-c*d^2)*x*sqrt(c*x^2+a)+a*c*abs(d)*e^2*x^4+(a^2*abs(d)*e^2-a*c*d^2*abs(d...
    #1 d=1 dl=1 p0-mr_top fb=false seenlen=0 seen=- out=1_1_2_8_r106@pass1 owner=- f=1/(x^2*(e*x+d)*sqrt(c*x^2+a))
    #2 d=2 dl=2 p0-mr_top fb=true seenlen=1 seen=- out=1_1_2_5_r13@pass1 owner=1_1_2_8_r106:fired f=1/(x^2*sqrt(c*x^2+a)*(d^2-e^2*x^2))
    #3 d=3 dl=3 p0-mr_top fb=true seenlen=2 seen=- out=1_1_2_2_r33@pass1 owner=1_1_2_5_r13:fired f=1/(x^2*sqrt(c*x^2+a))
    #4 d=4 dl=4 p0-mr_top fb=true seenlen=3 seen=- out=1_1_1_1_r2@pass1 owner=1_1_2_2_r33:fired f=1/x^2
    #5 d=3 dl=3 p0-mr_top fb=true seenlen=2 seen=- out=1_1_2_3_r12@pass1 owner=1_1_2_5_r13:fired f=1/(sqrt(c*x^2+a)*(d^2-e^2*x^2))
    #6 d=4 dl=4 p0-mr_top fb=true seenlen=3 seen=- out=1_1_2_1_r15@pass1 owner=1_1_2_3_r12:fired f=1/(d^2-(a*e^2+c*d^2)*x^2)
    #7 d=2 dl=2 p0-mr_top fb=true seenlen=1 seen=- out=1_1_2_4_r20@pass1 owner=1_1_2_8_r106:fired f=1/(x*sqrt(c*x^2+a)*(d^2-e^2*x^2))
    #8 d=3 dl=3 p0-mr_top fb=true seenlen=2 seen=- out=1_1_1_3_r15@pass1 owner=1_1_2_4_r20:fired f=1/(x*sqrt(c*x+a)*(d^2-e^2*x))
    #9 d=4 dl=4 p0-mr_top fb=true seenlen=3 seen=- out=1_1_1_4_r46@pass1 owner=1_1_1_3_r15:fired f=1/(sqrt(c*x+a)*(d^2-e^2*x))
    #10 d=5 dl=5 p0-mr_top fb=true seenlen=4 seen=exact@#9(idx1,live=yes) out=fall-through:seen-hit owner=1_1_1_4_r46:fired f=1/(sqrt(c*x+a)*(d^2-e^2*x))
        matched elem=1/(sqrt(c*x+a)*(d^2-e^2*x))
    #11 d=4 dl=4 p0-mr_top fb=true seenlen=3 seen=- out=1_1_1_2_r32@pass1 owner=1_1_1_3_r15:fired f=1/(x*sqrt(c*x+a))
    #12 d=5 dl=5 p0-mr_top fb=true seenlen=4 seen=- out=1_1_2_1_r15@pass1 owner=1_1_1_2_r32:fired f=1/(x^2/c-a/c)

--- c1 g30 1 Algebraic functions/1.2 Trinomial products/1.2.1 Quadratic/1.2.1.4 (d+e x)^m (f+g x)^n (a+b x+c x^2)^p.mac e333 (eq)
  [trace] class=deferred t=0.3s L418 returned=yes t=0.279003 calls=2 ratsimp-hits=1 exact-hits=0 unexited=0 misfire/fault-lines=0 top=1_1_2_8_r102
    fires=1_1_2_8_r102
    answer sha1=f77ac0e69c8c 'integrate(1/(sqrt(c*x^2+a)*(e*x^4+d*x^3)),x)
    #1 d=1 dl=1 seenp fb=false seenlen=0 seen=- out=1_1_2_8_r102 owner=- f=1/(x^3*(e*x+d)*sqrt(c*x^2+a))
    #2 d=2 dl=2 seenp fb=true seenlen=1 seen=ratsimp@#1(idx1,live=yes) out=fall-through:seen-hit owner=1_1_2_8_r102:fired f=1/(sqrt(c*x^2+a)*(e*x^4+d*x^3))
        matched elem=1/(x^3*(e*x+d)*sqrt(c*x^2+a))
  [exact-only] class=deferred t=0.6s L418 returned=yes t=0.585008 calls=3 ratsimp-hits=0 exact-hits=1 unexited=0 misfire/fault-lines=0 top=1_1_2_8_r102
    fires=1_4_1_r25,1_1_2_8_r102
    answer sha1=b194836b0227 'integrate(1/(x^3*(e*x+d)*sqrt(c*x^2+a)),x)
    #1 d=1 dl=1 seenp fb=false seenlen=0 seen=- out=1_1_2_8_r102 owner=- f=1/(x^3*(e*x+d)*sqrt(c*x^2+a))
    #2 d=2 dl=2 seenp fb=true seenlen=1 seen=- out=1_4_1_r25 owner=1_1_2_8_r102:fired f=1/(sqrt(c*x^2+a)*(e*x^4+d*x^3))
    #3 d=3 dl=3 seenp fb=true seenlen=2 seen=exact@#1(idx2,live=yes) out=fall-through:seen-hit owner=1_4_1_r25:fired f=1/(x^3*(e*x+d)*sqrt(c*x^2+a))
        matched elem=1/(x^3*(e*x+d)*sqrt(c*x^2+a))
  [p0] class=verified t=0.3s L418 returned=yes t=0.326005 calls=9 ratsimp-hits=1 exact-hits=0 unexited=0 misfire/fault-lines=0 top=1_1_2_8_r106@pass1
    fires=1_1_1_3_r55,1_1_2_4_r20,1_1_1_1_r2,1_1_2_2_r33,1_1_2_1_r15,1_1_2_3_r12,1_1_2_5_r13,1_1_2_8_r106
    answer sha1=a6adfb41a1ec -(e*((%i*e^2*log(-((%i*a*e^2*sqrt(-(a*e^2)-c*d^2)*x^3*sqrt(c*x^2+a)-%i*a*d^2*sqrt(-(a*e^2)-c*d^2)*x*sqrt(c*x^2+a)+a*c*abs(d)*e^2*x^4+(a^2*abs(d)*e^2-a*c*d^2*abs...
    #1 d=1 dl=1 p0-mr_top fb=false seenlen=0 seen=- out=1_1_2_8_r106@pass1 owner=- f=1/(x^3*(e*x+d)*sqrt(c*x^2+a))
    #2 d=2 dl=2 p0-mr_top fb=true seenlen=1 seen=- out=1_1_2_4_r20@pass1 owner=1_1_2_8_r106:fired f=1/(x^3*sqrt(c*x^2+a)*(d^2-e^2*x^2))
    #3 d=3 dl=3 p0-mr_top fb=true seenlen=2 seen=- out=1_1_1_3_r55@pass1 owner=1_1_2_4_r20:fired f=1/(x^2*sqrt(c*x+a)*(d^2-e^2*x))
    #4 d=4 dl=4 p0-mr_top fb=true seenlen=3 seen=ratsimp@#3(idx1,live=yes) out=fall-through:seen-hit owner=1_1_1_3_r55:fired f=1/(d^2*x^2*sqrt(c*x+a)-e^2*x^3*sqrt(c*x+a))
        matched elem=1/(x^2*sqrt(c*x+a)*(d^2-e^2*x))
    #5 d=2 dl=2 p0-mr_top fb=true seenlen=1 seen=- out=1_1_2_5_r13@pass1 owner=1_1_2_8_r106:fired f=1/(x^2*sqrt(c*x^2+a)*(d^2-e^2*x^2))
    #6 d=3 dl=3 p0-mr_top fb=true seenlen=2 seen=- out=1_1_2_2_r33@pass1 owner=1_1_2_5_r13:fired f=1/(x^2*sqrt(c*x^2+a))
    #7 d=4 dl=4 p0-mr_top fb=true seenlen=3 seen=- out=1_1_1_1_r2@pass1 owner=1_1_2_2_r33:fired f=1/x^2
    #8 d=3 dl=3 p0-mr_top fb=true seenlen=2 seen=- out=1_1_2_3_r12@pass1 owner=1_1_2_5_r13:fired f=1/(sqrt(c*x^2+a)*(d^2-e^2*x^2))
    #9 d=4 dl=4 p0-mr_top fb=true seenlen=3 seen=- out=1_1_2_1_r15@pass1 owner=1_1_2_3_r12:fired f=1/(d^2-(a*e^2+c*d^2)*x^2)

--- c1 g30 1 Algebraic functions/1.2 Trinomial products/1.2.1 Quadratic/1.2.1.4 (d+e x)^m (f+g x)^n (a+b x+c x^2)^p.mac e340 (eq)
  [trace] class=deferred t=0.3s L425 returned=yes t=0.291004 calls=2 ratsimp-hits=1 exact-hits=0 unexited=0 misfire/fault-lines=0 top=1_1_2_8_r102
    fires=1_1_2_8_r102
    answer sha1=f8278f93d959 'integrate(1/((c*x^2+a)^(3/2)*(e*x^3+d*x^2)),x)
    #1 d=1 dl=1 seenp fb=false seenlen=0 seen=- out=1_1_2_8_r102 owner=- f=1/(x^2*(e*x+d)*(c*x^2+a)^(3/2))
    #2 d=2 dl=2 seenp fb=true seenlen=1 seen=ratsimp@#1(idx1,live=yes) out=fall-through:seen-hit owner=1_1_2_8_r102:fired f=1/((c*x^2+a)^(3/2)*(e*x^3+d*x^2))
        matched elem=1/(x^2*(e*x+d)*(c*x^2+a)^(3/2))
  [exact-only] class=deferred t=0.7s L425 returned=yes t=0.69101 calls=3 ratsimp-hits=0 exact-hits=1 unexited=0 misfire/fault-lines=0 top=1_1_2_8_r102
    fires=1_4_1_r25,1_1_2_8_r102
    answer sha1=0145ce2dbd25 'integrate(1/(x^2*(e*x+d)*(c*x^2+a)^(3/2)),x)
    #1 d=1 dl=1 seenp fb=false seenlen=0 seen=- out=1_1_2_8_r102 owner=- f=1/(x^2*(e*x+d)*(c*x^2+a)^(3/2))
    #2 d=2 dl=2 seenp fb=true seenlen=1 seen=- out=1_4_1_r25 owner=1_1_2_8_r102:fired f=1/((c*x^2+a)^(3/2)*(e*x^3+d*x^2))
    #3 d=3 dl=3 seenp fb=true seenlen=2 seen=exact@#1(idx2,live=yes) out=fall-through:seen-hit owner=1_4_1_r25:fired f=1/(x^2*(e*x+d)*(c*x^2+a)^(3/2))
        matched elem=1/(x^2*(e*x+d)*(c*x^2+a)^(3/2))
  [p0] class=verified t=1.1s L425 returned=yes t=1.081014 calls=7 ratsimp-hits=0 exact-hits=2 unexited=0 misfire/fault-lines=0 top=1_1_2_8_r106@pass1
    fires=1_4_2_r8,1_4_2_r25,1_1_1_3_r14,1_1_2_4_r20,1_1_2_8_r106
    answer sha1=0f7d50c6830c d*'integrate(1/(x^2*(c*x^2+a)^(3/2)*(d^2-e^2*x^2)),x)-(e*(-(a^2*e^3*sqrt(c*x^2+a)*log((c*e^2*x^2-c*d^2)/(2*e*sqrt(a*e^2+c*d^2)*sqrt(c*x^2+a)+c*e^2*x^2+2*a*e^2+c...
    #1 d=1 dl=1 p0-mr_top fb=false seenlen=0 seen=- out=1_1_2_8_r106@pass1 owner=- f=1/(x^2*(e*x+d)*(c*x^2+a)^(3/2))
    #2 d=2 dl=2 p0-mr_top fb=true seenlen=1 seen=- out=1_4_2_r8@pass1 owner=1_1_2_8_r106:fired f=1/(x^2*(c*x^2+a)^(3/2)*(d^2-e^2*x^2))
    #3 d=3 dl=3 p0-mr_top fb=true seenlen=2 seen=exact@#2(idx1,live=yes) out=fall-through:seen-hit owner=1_4_2_r8:fired f=1/(x^2*(c*x^2+a)^(3/2)*(d^2-e^2*x^2))
        matched elem=1/(x^2*(c*x^2+a)^(3/2)*(d^2-e^2*x^2))
    #4 d=2 dl=2 p0-mr_top fb=true seenlen=1 seen=- out=1_1_2_4_r20@pass1 owner=1_1_2_8_r106:fired f=1/(x*(c*x^2+a)^(3/2)*(d^2-e^2*x^2))
    #5 d=3 dl=3 p0-mr_top fb=true seenlen=2 seen=- out=1_1_1_3_r14@pass1 owner=1_1_2_4_r20:fired f=1/(x*(c*x+a)^(3/2)*(d^2-e^2*x))
    #6 d=4 dl=4 p0-mr_top fb=true seenlen=3 seen=- out=1_4_2_r25@pass1 owner=1_1_1_3_r14:fired f=(c*e^2*x-a*e^2-c*d^2)/(x*sqrt(c*x+a)*(d^2-e^2*x))
    #7 d=5 dl=5 p0-mr_top fb=true seenlen=4 seen=exact@#6(idx1,live=yes) out=fall-through:seen-hit owner=1_4_2_r25:fired f=(c*e^2*x-a*e^2-c*d^2)/(x*sqrt(c*x+a)*(d^2-e^2*x))
        matched elem=(c*e^2*x-a*e^2-c*d^2)/(x*sqrt(c*x+a)*(d^2-e^2*x))

--- c1 g30 1 Algebraic functions/1.2 Trinomial products/1.2.1 Quadratic/1.2.1.4 (d+e x)^m (f+g x)^n (a+b x+c x^2)^p.mac e341 (eq)
  [trace] class=deferred t=0.3s L426 returned=yes t=0.283003 calls=2 ratsimp-hits=1 exact-hits=0 unexited=0 misfire/fault-lines=0 top=1_1_2_8_r102
    fires=1_1_2_8_r102
    answer sha1=0cd053621ec3 'integrate(1/((c*x^2+a)^(3/2)*(e*x^4+d*x^3)),x)
    #1 d=1 dl=1 seenp fb=false seenlen=0 seen=- out=1_1_2_8_r102 owner=- f=1/(x^3*(e*x+d)*(c*x^2+a)^(3/2))
    #2 d=2 dl=2 seenp fb=true seenlen=1 seen=ratsimp@#1(idx1,live=yes) out=fall-through:seen-hit owner=1_1_2_8_r102:fired f=1/((c*x^2+a)^(3/2)*(e*x^4+d*x^3))
        matched elem=1/(x^3*(e*x+d)*(c*x^2+a)^(3/2))
  [exact-only] class=deferred t=0.6s L426 returned=yes t=0.574007 calls=3 ratsimp-hits=0 exact-hits=1 unexited=0 misfire/fault-lines=0 top=1_1_2_8_r102
    fires=1_4_1_r25,1_1_2_8_r102
    answer sha1=45d39614067f 'integrate(1/(x^3*(e*x+d)*(c*x^2+a)^(3/2)),x)
    #1 d=1 dl=1 seenp fb=false seenlen=0 seen=- out=1_1_2_8_r102 owner=- f=1/(x^3*(e*x+d)*(c*x^2+a)^(3/2))
    #2 d=2 dl=2 seenp fb=true seenlen=1 seen=- out=1_4_1_r25 owner=1_1_2_8_r102:fired f=1/((c*x^2+a)^(3/2)*(e*x^4+d*x^3))
    #3 d=3 dl=3 seenp fb=true seenlen=2 seen=exact@#1(idx2,live=yes) out=fall-through:seen-hit owner=1_4_1_r25:fired f=1/(x^3*(e*x+d)*(c*x^2+a)^(3/2))
        matched elem=1/(x^3*(e*x+d)*(c*x^2+a)^(3/2))
  [p0] class=verified t=0.6s L426 returned=yes t=0.608008 calls=6 ratsimp-hits=1 exact-hits=1 unexited=0 misfire/fault-lines=0 top=1_1_2_8_r106@pass1
    fires=1_1_1_3_r55,1_1_2_4_r20,1_4_2_r8,1_1_2_8_r106
    answer sha1=545e32e6f27a -((d*(x^4*(a^2*c*(2*sqrt(a)*e^5*log((c*e^2*x^2-c*d^2)/(2*e*sqrt(a*e^2+c*d^2)*sqrt(c*x^2+a)+c*e^2*x^2+2*a*e^2+c*d^2))-2*e^4*sqrt(a*e^2+c*d^2)*log((c*x^2)/(2*sqrt...
    #1 d=1 dl=1 p0-mr_top fb=false seenlen=0 seen=- out=1_1_2_8_r106@pass1 owner=- f=1/(x^3*(e*x+d)*(c*x^2+a)^(3/2))
    #2 d=2 dl=2 p0-mr_top fb=true seenlen=1 seen=- out=1_1_2_4_r20@pass1 owner=1_1_2_8_r106:fired f=1/(x^3*(c*x^2+a)^(3/2)*(d^2-e^2*x^2))
    #3 d=3 dl=3 p0-mr_top fb=true seenlen=2 seen=- out=1_1_1_3_r55@pass1 owner=1_1_2_4_r20:fired f=1/(x^2*(c*x+a)^(3/2)*(d^2-e^2*x))
    #4 d=4 dl=4 p0-mr_top fb=true seenlen=3 seen=ratsimp@#3(idx1,live=yes) out=fall-through:seen-hit owner=1_1_1_3_r55:fired f=1/(d^2*x^2*(c*x+a)^(3/2)-e^2*x^3*(c*x+a)^(3/2))
        matched elem=1/(x^2*(c*x+a)^(3/2)*(d^2-e^2*x))
    #5 d=2 dl=2 p0-mr_top fb=true seenlen=1 seen=- out=1_4_2_r8@pass1 owner=1_1_2_8_r106:fired f=1/(x^2*(c*x^2+a)^(3/2)*(d^2-e^2*x^2))
    #6 d=3 dl=3 p0-mr_top fb=true seenlen=2 seen=exact@#5(idx1,live=yes) out=fall-through:seen-hit owner=1_4_2_r8:fired f=1/(x^2*(c*x^2+a)^(3/2)*(d^2-e^2*x^2))
        matched elem=1/(x^2*(c*x^2+a)^(3/2)*(d^2-e^2*x^2))

--- c1 g31 1 Algebraic functions/1.2 Trinomial products/1.2.1 Quadratic/1.2.1.3 (d+e x)^m (f+g x) (a+b x+c x^2)^p.mac e1086 (eq)
  [trace] class=deferred t=0.5s L1209 returned=yes t=0.473006 calls=2 ratsimp-hits=1 exact-hits=0 unexited=0 misfire/fault-lines=0 top=1_2_1_3_r20
    fires=1_2_1_3_r20
    answer sha1=5a76483e4570 'integrate((B*x*(e*x)^m)/(c*x^2+b*x+a)+(A*(e*x)^m)/(c*x^2+b*x+a),x)
    #1 d=1 dl=1 seenp fb=false seenlen=0 seen=- out=1_2_1_3_r20 owner=- f=((e*x)^m*(B*x+A))/(c*x^2+b*x+a)
    #2 d=2 dl=2 seenp fb=true seenlen=1 seen=ratsimp@#1(idx1,live=yes) out=fall-through:seen-hit owner=1_2_1_3_r20:fired f=(B*x*(e*x)^m)/(c*x^2+b*x+a)+(A*(e*x)^m)/(c*x^2+b*x+a)
        matched elem=((e*x)^m*(B*x+A))/(c*x^2+b*x+a)
  [exact-only] class=verified t=1.8s L1209 returned=yes t=1.755024 calls=9 ratsimp-hits=0 exact-hits=2 unexited=0 misfire/fault-lines=0 top=1_2_1_3_r20
    fires=1_2_1_2_r86,1_2_1_3_r1,1_4_1_r18,1_2_1_2_r86,1_4_1_r18,1_4_1_r7,1_2_1_3_r20
    answer sha1=cfb0f6ea81c3 ('integrate((e*x)^(m+1)/((c*x^2)/B+(b*x)/B+a/B),x))/e+'integrate((e*x)^m/((c*x^2)/A+(b*x)/A+a/A),x)
    #1 d=1 dl=1 seenp fb=false seenlen=0 seen=- out=1_2_1_3_r20 owner=- f=((e*x)^m*(B*x+A))/(c*x^2+b*x+a)
    #2 d=2 dl=2 seenp fb=true seenlen=1 seen=- out=1_4_1_r7 owner=1_2_1_3_r20:fired f=(B*x*(e*x)^m)/(c*x^2+b*x+a)+(A*(e*x)^m)/(c*x^2+b*x+a)
    #3 d=3 dl=3 seenp fb=true seenlen=2 seen=- out=1_4_1_r18 owner=1_4_1_r7:fired f=(B*x*(e*x)^m)/(c*x^2+b*x+a)
    #4 d=4 dl=4 seenp fb=true seenlen=3 seen=- out=1_2_1_3_r1 owner=1_4_1_r18:fired f=(x*(e*x)^m)/((c*x^2)/B+(b*x)/B+a/B)
    #5 d=5 dl=5 seenp fb=true seenlen=4 seen=- out=1_2_1_2_r86 owner=1_2_1_3_r1:fired f=(e*x)^(m+1)/((c*x^2)/B+(b*x)/B+a/B)
    #6 d=6 dl=6 seenp fb=true seenlen=5 seen=exact@#5(idx1,live=yes) out=fall-through:seen-hit owner=1_2_1_2_r86:fired f=(e*x)^(m+1)/((c*x^2)/B+(b*x)/B+a/B)
        matched elem=(e*x)^(m+1)/((c*x^2)/B+(b*x)/B+a/B)
    #7 d=3 dl=3 seenp fb=true seenlen=2 seen=- out=1_4_1_r18 owner=1_4_1_r7:fired f=(A*(e*x)^m)/(c*x^2+b*x+a)
    #8 d=4 dl=4 seenp fb=true seenlen=3 seen=- out=1_2_1_2_r86 owner=1_4_1_r18:fired f=(e*x)^m/((c*x^2)/A+(b*x)/A+a/A)
    #9 d=5 dl=5 seenp fb=true seenlen=4 seen=exact@#8(idx1,live=yes) out=fall-through:seen-hit owner=1_2_1_2_r86:fired f=(e*x)^m/((c*x^2)/A+(b*x)/A+a/A)
        matched elem=(e*x)^m/((c*x^2)/A+(b*x)/A+a/A)
  [p0] class=verified t=3.9s L1209 returned=yes t=3.837052 calls=6 ratsimp-hits=1 exact-hits=1 unexited=0 misfire/fault-lines=0 top=1_2_1_3b_r68@pass2
    fires=1_2_1_9b_r1,1_2_1_9b_r5,1_4_1_r7,1_2_1_3b_r68
    answer sha1=3febd052883c (B*'integrate((e*x)^(m+1)/(c*x^2+b*x+a),x))/e+A*'integrate((e*x)^m/(c*x^2+b*x+a),x)
    #1 d=1 dl=1 p0-mr_top fb=false seenlen=0 seen=- out=1_2_1_3b_r68@pass2 owner=- f=((e*x)^m*(B*x+A))/(c*x^2+b*x+a)
    #2 d=2 dl=1 p0-mr_top fb=true seenlen=0 seen=- out=1_4_1_r7@pass1 owner=1_2_1_3b_r68:fired f=(B*x*(e*x)^m)/(c*x^2+b*x+a)+(A*(e*x)^m)/(c*x^2+b*x+a)
    #3 d=3 dl=2 p0-mr_top fb=true seenlen=1 seen=- out=1_2_1_9b_r1@pass1 owner=1_4_1_r7:fired f=(B*x*(e*x)^m)/(c*x^2+b*x+a)
    #4 d=4 dl=3 p0-mr_top fb=true seenlen=2 seen=ratsimp@#3(idx1,live=yes) out=fall-through:seen-hit owner=1_2_1_9b_r1:fired f=(B*(e*x)^(m+1))/(e*(c*x^2+b*x+a))
        matched elem=(B*x*(e*x)^m)/(c*x^2+b*x+a)
    #5 d=3 dl=2 p0-mr_top fb=true seenlen=1 seen=- out=1_2_1_9b_r5@pass1 owner=1_4_1_r7:fired f=(A*(e*x)^m)/(c*x^2+b*x+a)
    #6 d=4 dl=3 p0-mr_top fb=true seenlen=2 seen=exact@#5(idx1,live=yes) out=fall-through:seen-hit owner=1_2_1_9b_r5:fired f=(A*(e*x)^m)/(c*x^2+b*x+a)
        matched elem=(A*(e*x)^m)/(c*x^2+b*x+a)

--- c1 g31 1 Algebraic functions/1.2 Trinomial products/1.2.1 Quadratic/1.2.1.3 (d+e x)^m (f+g x) (a+b x+c x^2)^p.mac e1657 (eq)
  [trace] class=deferred t=0.5s L1872 returned=yes t=0.519008 calls=2 ratsimp-hits=1 exact-hits=0 unexited=0 misfire/fault-lines=0 top=1_2_1_3_r20
    fires=1_2_1_3_r20
    answer sha1=de52424da832 'integrate((2*c*x*(e*x+d)^m)/(c*x^2+b*x+a)+(b*(e*x+d)^m)/(c*x^2+b*x+a),x)
    #1 d=1 dl=1 seenp fb=false seenlen=0 seen=- out=1_2_1_3_r20 owner=- f=((2*c*x+b)*(e*x+d)^m)/(c*x^2+b*x+a)
    #2 d=2 dl=2 seenp fb=true seenlen=1 seen=ratsimp@#1(idx1,live=yes) out=fall-through:seen-hit owner=1_2_1_3_r20:fired f=(2*c*x*(e*x+d)^m)/(c*x^2+b*x+a)+(b*(e*x+d)^m)/(c*x^2+b*x+a)
        matched elem=((2*c*x+b)*(e*x+d)^m)/(c*x^2+b*x+a)
  [exact-only] class=verified t=2.2s L1872 returned=yes t=2.22703 calls=9 ratsimp-hits=0 exact-hits=2 unexited=0 misfire/fault-lines=0 top=1_2_1_3_r20
    fires=1_2_1_3_r20,1_4_1_r18,1_4_1_r18,1_2_1_2_r86,1_4_1_r18,1_4_1_r7,1_2_1_3_r20
    answer sha1=2250320f81f1 'integrate((e*x+d)^m/((c*x^2)/b+x+a/b),x)+'integrate((x*(e*x+d)^m)/(x^2/2+(b*x)/(2*c)+a/(2*c)),x)
    #1 d=1 dl=1 seenp fb=false seenlen=0 seen=- out=1_2_1_3_r20 owner=- f=((2*c*x+b)*(e*x+d)^m)/(c*x^2+b*x+a)
    #2 d=2 dl=2 seenp fb=true seenlen=1 seen=- out=1_4_1_r7 owner=1_2_1_3_r20:fired f=(2*c*x*(e*x+d)^m)/(c*x^2+b*x+a)+(b*(e*x+d)^m)/(c*x^2+b*x+a)
    #3 d=3 dl=3 seenp fb=true seenlen=2 seen=- out=1_4_1_r18 owner=1_4_1_r7:fired f=(2*c*x*(e*x+d)^m)/(c*x^2+b*x+a)
    #4 d=4 dl=4 seenp fb=true seenlen=3 seen=- out=1_4_1_r18 owner=1_4_1_r18:fired f=(c*x*(e*x+d)^m)/((c*x^2)/2+(b*x)/2+a/2)
    #5 d=5 dl=5 seenp fb=true seenlen=4 seen=- out=1_2_1_3_r20 owner=1_4_1_r18:fired f=(x*(e*x+d)^m)/(x^2/2+(b*x)/(2*c)+a/(2*c))
    #6 d=6 dl=6 seenp fb=true seenlen=5 seen=exact@#5(idx1,live=yes) out=fall-through:seen-hit owner=1_2_1_3_r20:fired f=(x*(e*x+d)^m)/(x^2/2+(b*x)/(2*c)+a/(2*c))
        matched elem=(x*(e*x+d)^m)/(x^2/2+(b*x)/(2*c)+a/(2*c))
    #7 d=3 dl=3 seenp fb=true seenlen=2 seen=- out=1_4_1_r18 owner=1_4_1_r7:fired f=(b*(e*x+d)^m)/(c*x^2+b*x+a)
    #8 d=4 dl=4 seenp fb=true seenlen=3 seen=- out=1_2_1_2_r86 owner=1_4_1_r18:fired f=(e*x+d)^m/((c*x^2)/b+x+a/b)
    #9 d=5 dl=5 seenp fb=true seenlen=4 seen=exact@#8(idx1,live=yes) out=fall-through:seen-hit owner=1_2_1_2_r86:fired f=(e*x+d)^m/((c*x^2)/b+x+a/b)
        matched elem=(e*x+d)^m/((c*x^2)/b+x+a/b)
  [p0] class=verified t=3.0s L1872 returned=yes t=2.95404 calls=6 ratsimp-hits=0 exact-hits=2 unexited=0 misfire/fault-lines=0 top=1_2_1_3b_r68@pass2
    fires=1_2_1_9b_r5,1_2_1_9b_r5,1_4_1_r7,1_2_1_3b_r68
    answer sha1=429754fe12a3 2*c*'integrate((x*(e*x+d)^m)/(c*x^2+b*x+a),x)+b*'integrate((e*x+d)^m/(c*x^2+b*x+a),x)
    #1 d=1 dl=1 p0-mr_top fb=false seenlen=0 seen=- out=1_2_1_3b_r68@pass2 owner=- f=((2*c*x+b)*(e*x+d)^m)/(c*x^2+b*x+a)
    #2 d=2 dl=1 p0-mr_top fb=true seenlen=0 seen=- out=1_4_1_r7@pass1 owner=1_2_1_3b_r68:fired f=(2*c*x*(e*x+d)^m)/(c*x^2+b*x+a)+(b*(e*x+d)^m)/(c*x^2+b*x+a)
    #3 d=3 dl=2 p0-mr_top fb=true seenlen=1 seen=- out=1_2_1_9b_r5@pass1 owner=1_4_1_r7:fired f=(2*c*x*(e*x+d)^m)/(c*x^2+b*x+a)
    #4 d=4 dl=3 p0-mr_top fb=true seenlen=2 seen=exact@#3(idx1,live=yes) out=fall-through:seen-hit owner=1_2_1_9b_r5:fired f=(2*c*x*(e*x+d)^m)/(c*x^2+b*x+a)
        matched elem=(2*c*x*(e*x+d)^m)/(c*x^2+b*x+a)
    #5 d=3 dl=2 p0-mr_top fb=true seenlen=1 seen=- out=1_2_1_9b_r5@pass1 owner=1_4_1_r7:fired f=(b*(e*x+d)^m)/(c*x^2+b*x+a)
    #6 d=4 dl=3 p0-mr_top fb=true seenlen=2 seen=exact@#5(idx1,live=yes) out=fall-through:seen-hit owner=1_2_1_9b_r5:fired f=(b*(e*x+d)^m)/(c*x^2+b*x+a)
        matched elem=(b*(e*x+d)^m)/(c*x^2+b*x+a)

--- c1 g31 1 Algebraic functions/1.2 Trinomial products/1.2.1 Quadratic/1.2.1.3 (d+e x)^m (f+g x) (a+b x+c x^2)^p.mac e2643 (eq)
  [trace] class=deferred t=0.5s L3012 returned=yes t=0.512006 calls=2 ratsimp-hits=1 exact-hits=0 unexited=0 misfire/fault-lines=0 top=1_2_1_3_r20
    fires=1_2_1_3_r20
    answer sha1=ec5e5bc638ee 'integrate((B*x*(e*x+d)^m)/(c*x^2+b*x+a)+(A*(e*x+d)^m)/(c*x^2+b*x+a),x)
    #1 d=1 dl=1 seenp fb=false seenlen=0 seen=- out=1_2_1_3_r20 owner=- f=((B*x+A)*(e*x+d)^m)/(c*x^2+b*x+a)
    #2 d=2 dl=2 seenp fb=true seenlen=1 seen=ratsimp@#1(idx1,live=yes) out=fall-through:seen-hit owner=1_2_1_3_r20:fired f=(B*x*(e*x+d)^m)/(c*x^2+b*x+a)+(A*(e*x+d)^m)/(c*x^2+b*x+a)
        matched elem=((B*x+A)*(e*x+d)^m)/(c*x^2+b*x+a)
  [exact-only] class=verified t=1.9s L3012 returned=yes t=1.911026 calls=8 ratsimp-hits=0 exact-hits=2 unexited=0 misfire/fault-lines=0 top=1_2_1_3_r20
    fires=1_2_1_3_r20,1_4_1_r18,1_2_1_2_r86,1_4_1_r18,1_4_1_r7,1_2_1_3_r20
    answer sha1=622edc9c8c9d 'integrate((x*(e*x+d)^m)/((c*x^2)/B+(b*x)/B+a/B),x)+'integrate((e*x+d)^m/((c*x^2)/A+(b*x)/A+a/A),x)
    #1 d=1 dl=1 seenp fb=false seenlen=0 seen=- out=1_2_1_3_r20 owner=- f=((B*x+A)*(e*x+d)^m)/(c*x^2+b*x+a)
    #2 d=2 dl=2 seenp fb=true seenlen=1 seen=- out=1_4_1_r7 owner=1_2_1_3_r20:fired f=(B*x*(e*x+d)^m)/(c*x^2+b*x+a)+(A*(e*x+d)^m)/(c*x^2+b*x+a)
    #3 d=3 dl=3 seenp fb=true seenlen=2 seen=- out=1_4_1_r18 owner=1_4_1_r7:fired f=(B*x*(e*x+d)^m)/(c*x^2+b*x+a)
    #4 d=4 dl=4 seenp fb=true seenlen=3 seen=- out=1_2_1_3_r20 owner=1_4_1_r18:fired f=(x*(e*x+d)^m)/((c*x^2)/B+(b*x)/B+a/B)
    #5 d=5 dl=5 seenp fb=true seenlen=4 seen=exact@#4(idx1,live=yes) out=fall-through:seen-hit owner=1_2_1_3_r20:fired f=(x*(e*x+d)^m)/((c*x^2)/B+(b*x)/B+a/B)
        matched elem=(x*(e*x+d)^m)/((c*x^2)/B+(b*x)/B+a/B)
    #6 d=3 dl=3 seenp fb=true seenlen=2 seen=- out=1_4_1_r18 owner=1_4_1_r7:fired f=(A*(e*x+d)^m)/(c*x^2+b*x+a)
    #7 d=4 dl=4 seenp fb=true seenlen=3 seen=- out=1_2_1_2_r86 owner=1_4_1_r18:fired f=(e*x+d)^m/((c*x^2)/A+(b*x)/A+a/A)
    #8 d=5 dl=5 seenp fb=true seenlen=4 seen=exact@#7(idx1,live=yes) out=fall-through:seen-hit owner=1_2_1_2_r86:fired f=(e*x+d)^m/((c*x^2)/A+(b*x)/A+a/A)
        matched elem=(e*x+d)^m/((c*x^2)/A+(b*x)/A+a/A)
  [p0] class=verified t=3.0s L3012 returned=yes t=2.974041 calls=6 ratsimp-hits=0 exact-hits=2 unexited=0 misfire/fault-lines=0 top=1_2_1_3b_r68@pass2
    fires=1_2_1_9b_r5,1_2_1_9b_r5,1_4_1_r7,1_2_1_3b_r68
    answer sha1=5b726dced78e B*'integrate((x*(e*x+d)^m)/(c*x^2+b*x+a),x)+A*'integrate((e*x+d)^m/(c*x^2+b*x+a),x)
    #1 d=1 dl=1 p0-mr_top fb=false seenlen=0 seen=- out=1_2_1_3b_r68@pass2 owner=- f=((B*x+A)*(e*x+d)^m)/(c*x^2+b*x+a)
    #2 d=2 dl=1 p0-mr_top fb=true seenlen=0 seen=- out=1_4_1_r7@pass1 owner=1_2_1_3b_r68:fired f=(B*x*(e*x+d)^m)/(c*x^2+b*x+a)+(A*(e*x+d)^m)/(c*x^2+b*x+a)
    #3 d=3 dl=2 p0-mr_top fb=true seenlen=1 seen=- out=1_2_1_9b_r5@pass1 owner=1_4_1_r7:fired f=(B*x*(e*x+d)^m)/(c*x^2+b*x+a)
    #4 d=4 dl=3 p0-mr_top fb=true seenlen=2 seen=exact@#3(idx1,live=yes) out=fall-through:seen-hit owner=1_2_1_9b_r5:fired f=(B*x*(e*x+d)^m)/(c*x^2+b*x+a)
        matched elem=(B*x*(e*x+d)^m)/(c*x^2+b*x+a)
    #5 d=3 dl=2 p0-mr_top fb=true seenlen=1 seen=- out=1_2_1_9b_r5@pass1 owner=1_4_1_r7:fired f=(A*(e*x+d)^m)/(c*x^2+b*x+a)
    #6 d=4 dl=3 p0-mr_top fb=true seenlen=2 seen=exact@#5(idx1,live=yes) out=fall-through:seen-hit owner=1_2_1_9b_r5:fired f=(A*(e*x+d)^m)/(c*x^2+b*x+a)
        matched elem=(A*(e*x+d)^m)/(c*x^2+b*x+a)

--- c1 g31 1 Algebraic functions/1.2 Trinomial products/1.2.1 Quadratic/1.2.1.3 (d+e x)^m (f+g x) (a+b x+c x^2)^p.mac e2645 (eq)
  [trace] class=deferred t=0.5s L3014 returned=yes t=0.516006 calls=2 ratsimp-hits=1 exact-hits=0 unexited=0 misfire/fault-lines=0 top=1_2_1_3_r20
    fires=1_2_1_3_r20
    answer sha1=eed2b3b382b2 'integrate((B*x*(e*x+d)^(m+1))/(c*x^2+b*x+a)+(A*(e*x+d)^(m+1))/(c*x^2+b*x+a),x)
    #1 d=1 dl=1 seenp fb=false seenlen=0 seen=- out=1_2_1_3_r20 owner=- f=((B*x+A)*(e*x+d)^(m+1))/(c*x^2+b*x+a)
    #2 d=2 dl=2 seenp fb=true seenlen=1 seen=ratsimp@#1(idx1,live=yes) out=fall-through:seen-hit owner=1_2_1_3_r20:fired f=(B*x*(e*x+d)^(m+1))/(c*x^2+b*x+a)+(A*(e*x+d)^(m+1))/(c*x^2+b*x+a)
        matched elem=((B*x+A)*(e*x+d)^(m+1))/(c*x^2+b*x+a)
  [exact-only] class=verified t=2.0s L3014 returned=yes t=1.979027 calls=8 ratsimp-hits=0 exact-hits=2 unexited=0 misfire/fault-lines=0 top=1_2_1_3_r20
    fires=1_2_1_3_r20,1_4_1_r18,1_2_1_2_r86,1_4_1_r18,1_4_1_r7,1_2_1_3_r20
    answer sha1=573c3a40cd56 'integrate((x*(e*x+d)^(m+1))/((c*x^2)/B+(b*x)/B+a/B),x)+'integrate((e*x+d)^(m+1)/((c*x^2)/A+(b*x)/A+a/A),x)
    #1 d=1 dl=1 seenp fb=false seenlen=0 seen=- out=1_2_1_3_r20 owner=- f=((B*x+A)*(e*x+d)^(m+1))/(c*x^2+b*x+a)
    #2 d=2 dl=2 seenp fb=true seenlen=1 seen=- out=1_4_1_r7 owner=1_2_1_3_r20:fired f=(B*x*(e*x+d)^(m+1))/(c*x^2+b*x+a)+(A*(e*x+d)^(m+1))/(c*x^2+b*x+a)
    #3 d=3 dl=3 seenp fb=true seenlen=2 seen=- out=1_4_1_r18 owner=1_4_1_r7:fired f=(B*x*(e*x+d)^(m+1))/(c*x^2+b*x+a)
    #4 d=4 dl=4 seenp fb=true seenlen=3 seen=- out=1_2_1_3_r20 owner=1_4_1_r18:fired f=(x*(e*x+d)^(m+1))/((c*x^2)/B+(b*x)/B+a/B)
    #5 d=5 dl=5 seenp fb=true seenlen=4 seen=exact@#4(idx1,live=yes) out=fall-through:seen-hit owner=1_2_1_3_r20:fired f=(x*(e*x+d)^(m+1))/((c*x^2)/B+(b*x)/B+a/B)
        matched elem=(x*(e*x+d)^(m+1))/((c*x^2)/B+(b*x)/B+a/B)
    #6 d=3 dl=3 seenp fb=true seenlen=2 seen=- out=1_4_1_r18 owner=1_4_1_r7:fired f=(A*(e*x+d)^(m+1))/(c*x^2+b*x+a)
    #7 d=4 dl=4 seenp fb=true seenlen=3 seen=- out=1_2_1_2_r86 owner=1_4_1_r18:fired f=(e*x+d)^(m+1)/((c*x^2)/A+(b*x)/A+a/A)
    #8 d=5 dl=5 seenp fb=true seenlen=4 seen=exact@#7(idx1,live=yes) out=fall-through:seen-hit owner=1_2_1_2_r86:fired f=(e*x+d)^(m+1)/((c*x^2)/A+(b*x)/A+a/A)
        matched elem=(e*x+d)^(m+1)/((c*x^2)/A+(b*x)/A+a/A)
  [p0] class=verified t=2.9s L3014 returned=yes t=2.91304 calls=6 ratsimp-hits=0 exact-hits=2 unexited=0 misfire/fault-lines=0 top=1_2_1_3b_r68@pass2
    fires=1_2_1_9b_r5,1_2_1_9b_r5,1_4_1_r7,1_2_1_3b_r68
    answer sha1=3c3136336c17 B*'integrate((x*(e*x+d)^(m+1))/(c*x^2+b*x+a),x)+A*'integrate((e*x+d)^(m+1)/(c*x^2+b*x+a),x)
    #1 d=1 dl=1 p0-mr_top fb=false seenlen=0 seen=- out=1_2_1_3b_r68@pass2 owner=- f=((B*x+A)*(e*x+d)^(m+1))/(c*x^2+b*x+a)
    #2 d=2 dl=1 p0-mr_top fb=true seenlen=0 seen=- out=1_4_1_r7@pass1 owner=1_2_1_3b_r68:fired f=(B*x*(e*x+d)^(m+1))/(c*x^2+b*x+a)+(A*(e*x+d)^(m+1))/(c*x^2+b*x+a)
    #3 d=3 dl=2 p0-mr_top fb=true seenlen=1 seen=- out=1_2_1_9b_r5@pass1 owner=1_4_1_r7:fired f=(B*x*(e*x+d)^(m+1))/(c*x^2+b*x+a)
    #4 d=4 dl=3 p0-mr_top fb=true seenlen=2 seen=exact@#3(idx1,live=yes) out=fall-through:seen-hit owner=1_2_1_9b_r5:fired f=(B*x*(e*x+d)^(m+1))/(c*x^2+b*x+a)
        matched elem=(B*x*(e*x+d)^(m+1))/(c*x^2+b*x+a)
    #5 d=3 dl=2 p0-mr_top fb=true seenlen=1 seen=- out=1_2_1_9b_r5@pass1 owner=1_4_1_r7:fired f=(A*(e*x+d)^(m+1))/(c*x^2+b*x+a)
    #6 d=4 dl=3 p0-mr_top fb=true seenlen=2 seen=exact@#5(idx1,live=yes) out=fall-through:seen-hit owner=1_2_1_9b_r5:fired f=(A*(e*x+d)^(m+1))/(c*x^2+b*x+a)
        matched elem=(A*(e*x+d)^(m+1))/(c*x^2+b*x+a)

--- c1 g31 1 Algebraic functions/1.2 Trinomial products/1.2.1 Quadratic/1.2.1.4 (d+e x)^m (f+g x)^n (a+b x+c x^2)^p.mac e930 (eq)
  [trace] class=deferred t=0.8s L1217 returned=yes t=0.803011 calls=2 ratsimp-hits=1 exact-hits=0 unexited=0 misfire/fault-lines=0 top=1_2_1_3_r20
    fires=1_2_1_3_r20
    answer sha1=2738136bc189 'integrate((81*x^4*(4*x+1)^m)/(3*x^2-5*x+1)+(216*x^3*(4*x+1)^m)/(3*x^2-5*x+1)+(216*x^2*(4*x+1)^m)/(3*x^2-5*x+1)+(96*x*(4*x+1)^m)/(3*x^2-5*x+1)+(16*(4*x+1)^m)/(3...
    #1 d=1 dl=1 seenp fb=false seenlen=0 seen=- out=1_2_1_3_r20 owner=- f=((3*x+2)^4*(4*x+1)^m)/(3*x^2-5*x+1)
    #2 d=2 dl=2 seenp fb=true seenlen=1 seen=ratsimp@#1(idx1,live=yes) out=fall-through:seen-hit owner=1_2_1_3_r20:fired f=(81*x^4*(4*x+1)^m)/(3*x^2-5*x+1)+(216*x^3*(4*x+1)^m)/(3*x^2-5*x+1)+(216*x^2*(4*x+1)^m)/(3*x^2-5*x+1)+(96*x*(4*...
        matched elem=((3*x+2)^4*(4*x+1)^m)/(3*x^2-5*x+1)
  [exact-only] class=verified t=7.1s L1217 returned=yes t=7.104095 calls=17 ratsimp-hits=0 exact-hits=5 unexited=0 misfire/fault-lines=0 top=1_2_1_3_r20
    fires=1_2_1_3_r20,1_4_1_r18,1_2_1_3_r20,1_4_1_r18,1_2_1_3_r20,1_4_1_r18,1_2_1_3_r20,1_4_1_r18,1_2_1_2_r86,1_4_1_r18,1_4_1_r7,1_2_1_3_r20
    answer sha1=405f9e253c22 'integrate((4*x+1)^m/((3*x^2)/16-(5*x)/16+1/16),x)+'integrate((x^4*(4*x+1)^m)/(x^2/27-(5*x)/81+1/81),x)+'integrate((x*(4*x+1)^m)/(x^2/32-(5*x)/96+1/96),x)+'inte...
    #1 d=1 dl=1 seenp fb=false seenlen=0 seen=- out=1_2_1_3_r20 owner=- f=((3*x+2)^4*(4*x+1)^m)/(3*x^2-5*x+1)
    #2 d=2 dl=2 seenp fb=true seenlen=1 seen=- out=1_4_1_r7 owner=1_2_1_3_r20:fired f=(81*x^4*(4*x+1)^m)/(3*x^2-5*x+1)+(216*x^3*(4*x+1)^m)/(3*x^2-5*x+1)+(216*x^2*(4*x+1)^m)/(3*x^2-5*x+1)+(96*x*(4*...
    #3 d=3 dl=3 seenp fb=true seenlen=2 seen=- out=1_4_1_r18 owner=1_4_1_r7:fired f=(81*x^4*(4*x+1)^m)/(3*x^2-5*x+1)
    #4 d=4 dl=4 seenp fb=true seenlen=3 seen=- out=1_2_1_3_r20 owner=1_4_1_r18:fired f=(x^4*(4*x+1)^m)/(x^2/27-(5*x)/81+1/81)
    #5 d=5 dl=5 seenp fb=true seenlen=4 seen=exact@#4(idx1,live=yes) out=fall-through:seen-hit owner=1_2_1_3_r20:fired f=(x^4*(4*x+1)^m)/(x^2/27-(5*x)/81+1/81)
        matched elem=(x^4*(4*x+1)^m)/(x^2/27-(5*x)/81+1/81)
    #6 d=3 dl=3 seenp fb=true seenlen=2 seen=- out=1_4_1_r18 owner=1_4_1_r7:fired f=(216*x^3*(4*x+1)^m)/(3*x^2-5*x+1)
    #7 d=4 dl=4 seenp fb=true seenlen=3 seen=- out=1_2_1_3_r20 owner=1_4_1_r18:fired f=(x^3*(4*x+1)^m)/(x^2/72-(5*x)/216+1/216)
    #8 d=5 dl=5 seenp fb=true seenlen=4 seen=exact@#7(idx1,live=yes) out=fall-through:seen-hit owner=1_2_1_3_r20:fired f=(x^3*(4*x+1)^m)/(x^2/72-(5*x)/216+1/216)
        matched elem=(x^3*(4*x+1)^m)/(x^2/72-(5*x)/216+1/216)
    #9 d=3 dl=3 seenp fb=true seenlen=2 seen=- out=1_4_1_r18 owner=1_4_1_r7:fired f=(216*x^2*(4*x+1)^m)/(3*x^2-5*x+1)
    #10 d=4 dl=4 seenp fb=true seenlen=3 seen=- out=1_2_1_3_r20 owner=1_4_1_r18:fired f=(x^2*(4*x+1)^m)/(x^2/72-(5*x)/216+1/216)
    #11 d=5 dl=5 seenp fb=true seenlen=4 seen=exact@#10(idx1,live=yes) out=fall-through:seen-hit owner=1_2_1_3_r20:fired f=(x^2*(4*x+1)^m)/(x^2/72-(5*x)/216+1/216)
        matched elem=(x^2*(4*x+1)^m)/(x^2/72-(5*x)/216+1/216)
    #12 d=3 dl=3 seenp fb=true seenlen=2 seen=- out=1_4_1_r18 owner=1_4_1_r7:fired f=(96*x*(4*x+1)^m)/(3*x^2-5*x+1)
    #13 d=4 dl=4 seenp fb=true seenlen=3 seen=- out=1_2_1_3_r20 owner=1_4_1_r18:fired f=(x*(4*x+1)^m)/(x^2/32-(5*x)/96+1/96)
    #14 d=5 dl=5 seenp fb=true seenlen=4 seen=exact@#13(idx1,live=yes) out=fall-through:seen-hit owner=1_2_1_3_r20:fired f=(x*(4*x+1)^m)/(x^2/32-(5*x)/96+1/96)
        matched elem=(x*(4*x+1)^m)/(x^2/32-(5*x)/96+1/96)
    #15 d=3 dl=3 seenp fb=true seenlen=2 seen=- out=1_4_1_r18 owner=1_4_1_r7:fired f=(16*(4*x+1)^m)/(3*x^2-5*x+1)
    #16 d=4 dl=4 seenp fb=true seenlen=3 seen=- out=1_2_1_2_r86 owner=1_4_1_r18:fired f=(4*x+1)^m/((3*x^2)/16-(5*x)/16+1/16)
    #17 d=5 dl=5 seenp fb=true seenlen=4 seen=exact@#16(idx1,live=yes) out=fall-through:seen-hit owner=1_2_1_2_r86:fired f=(4*x+1)^m/((3*x^2)/16-(5*x)/16+1/16)
        matched elem=(4*x+1)^m/((3*x^2)/16-(5*x)/16+1/16)
  [p0] class=verified t=7.8s L1217 returned=yes t=7.826106 calls=9 ratsimp-hits=0 exact-hits=2 unexited=0 misfire/fault-lines=0 top=1_2_1_3_r109@pass2
    fires=1_2_1_9b_r5,1_2_1_9b_r5,1_4_1_r7,1_2_1_3_r109
    answer sha1=06584e0b98ad 81*'integrate((x^4*(4*x+1)^m)/(3*x^2-5*x+1),x)+216*'integrate((x^3*(4*x+1)^m)/(3*x^2-5*x+1),x)+216*'integrate((x^2*(4*x+1)^m)/(3*x^2-5*x+1),x)+96*'integrate((x*...
    #1 d=1 dl=1 p0-mr_top fb=false seenlen=0 seen=- out=1_2_1_3_r109@pass2 owner=- f=((3*x+2)^4*(4*x+1)^m)/(3*x^2-5*x+1)
    #2 d=2 dl=1 p0-mr_top fb=true seenlen=0 seen=- out=1_4_1_r7@pass1 owner=1_2_1_3_r109:fired f=(81*x^4*(4*x+1)^m)/(3*x^2-5*x+1)+(216*x^3*(4*x+1)^m)/(3*x^2-5*x+1)+(216*x^2*(4*x+1)^m)/(3*x^2-5*x+1)+(96*x*(4*...
    #3 d=3 dl=2 p0-mr_top fb=true seenlen=1 seen=- out=fall-through:nofire owner=1_4_1_r7:fired f=(81*x^4*(4*x+1)^m)/(3*x^2-5*x+1)
    #4 d=3 dl=2 p0-mr_top fb=true seenlen=1 seen=- out=fall-through:nofire owner=1_4_1_r7:fired f=(216*x^3*(4*x+1)^m)/(3*x^2-5*x+1)
    #5 d=3 dl=2 p0-mr_top fb=true seenlen=1 seen=- out=fall-through:nofire owner=1_4_1_r7:fired f=(216*x^2*(4*x+1)^m)/(3*x^2-5*x+1)
    #6 d=3 dl=2 p0-mr_top fb=true seenlen=1 seen=- out=1_2_1_9b_r5@pass1 owner=1_4_1_r7:fired f=(96*x*(4*x+1)^m)/(3*x^2-5*x+1)
    #7 d=4 dl=3 p0-mr_top fb=true seenlen=2 seen=exact@#6(idx1,live=yes) out=fall-through:seen-hit owner=1_2_1_9b_r5:fired f=(96*x*(4*x+1)^m)/(3*x^2-5*x+1)
        matched elem=(96*x*(4*x+1)^m)/(3*x^2-5*x+1)
    #8 d=3 dl=2 p0-mr_top fb=true seenlen=1 seen=- out=1_2_1_9b_r5@pass1 owner=1_4_1_r7:fired f=(16*(4*x+1)^m)/(3*x^2-5*x+1)
    #9 d=4 dl=3 p0-mr_top fb=true seenlen=2 seen=exact@#8(idx1,live=yes) out=fall-through:seen-hit owner=1_2_1_9b_r5:fired f=(16*(4*x+1)^m)/(3*x^2-5*x+1)
        matched elem=(16*(4*x+1)^m)/(3*x^2-5*x+1)

--- c1 g31 1 Algebraic functions/1.2 Trinomial products/1.2.1 Quadratic/1.2.1.4 (d+e x)^m (f+g x)^n (a+b x+c x^2)^p.mac e931 (eq)
  [trace] class=deferred t=0.8s L1218 returned=yes t=0.793011 calls=2 ratsimp-hits=1 exact-hits=0 unexited=0 misfire/fault-lines=0 top=1_2_1_3_r20
    fires=1_2_1_3_r20
    answer sha1=3ef491e8dd88 'integrate((27*x^3*(4*x+1)^m)/(3*x^2-5*x+1)+(54*x^2*(4*x+1)^m)/(3*x^2-5*x+1)+(36*x*(4*x+1)^m)/(3*x^2-5*x+1)+(8*(4*x+1)^m)/(3*x^2-5*x+1),x)
    #1 d=1 dl=1 seenp fb=false seenlen=0 seen=- out=1_2_1_3_r20 owner=- f=((3*x+2)^3*(4*x+1)^m)/(3*x^2-5*x+1)
    #2 d=2 dl=2 seenp fb=true seenlen=1 seen=ratsimp@#1(idx1,live=yes) out=fall-through:seen-hit owner=1_2_1_3_r20:fired f=(27*x^3*(4*x+1)^m)/(3*x^2-5*x+1)+(54*x^2*(4*x+1)^m)/(3*x^2-5*x+1)+(36*x*(4*x+1)^m)/(3*x^2-5*x+1)+(8*(4*x+1)^m)...
        matched elem=((3*x+2)^3*(4*x+1)^m)/(3*x^2-5*x+1)
  [exact-only] class=verified t=5.5s L1218 returned=yes t=5.466073 calls=14 ratsimp-hits=0 exact-hits=4 unexited=0 misfire/fault-lines=0 top=1_2_1_3_r20
    fires=1_2_1_3_r20,1_4_1_r18,1_2_1_3_r20,1_4_1_r18,1_2_1_3_r20,1_4_1_r18,1_2_1_2_r86,1_4_1_r18,1_4_1_r7,1_2_1_3_r20
    answer sha1=5e6ace728d05 'integrate((4*x+1)^m/((3*x^2)/8-(5*x)/8+1/8),x)+'integrate((x^3*(4*x+1)^m)/(x^2/9-(5*x)/27+1/27),x)+'integrate((x*(4*x+1)^m)/(x^2/12-(5*x)/36+1/36),x)+'integrat...
    #1 d=1 dl=1 seenp fb=false seenlen=0 seen=- out=1_2_1_3_r20 owner=- f=((3*x+2)^3*(4*x+1)^m)/(3*x^2-5*x+1)
    #2 d=2 dl=2 seenp fb=true seenlen=1 seen=- out=1_4_1_r7 owner=1_2_1_3_r20:fired f=(27*x^3*(4*x+1)^m)/(3*x^2-5*x+1)+(54*x^2*(4*x+1)^m)/(3*x^2-5*x+1)+(36*x*(4*x+1)^m)/(3*x^2-5*x+1)+(8*(4*x+1)^m)...
    #3 d=3 dl=3 seenp fb=true seenlen=2 seen=- out=1_4_1_r18 owner=1_4_1_r7:fired f=(27*x^3*(4*x+1)^m)/(3*x^2-5*x+1)
    #4 d=4 dl=4 seenp fb=true seenlen=3 seen=- out=1_2_1_3_r20 owner=1_4_1_r18:fired f=(x^3*(4*x+1)^m)/(x^2/9-(5*x)/27+1/27)
    #5 d=5 dl=5 seenp fb=true seenlen=4 seen=exact@#4(idx1,live=yes) out=fall-through:seen-hit owner=1_2_1_3_r20:fired f=(x^3*(4*x+1)^m)/(x^2/9-(5*x)/27+1/27)
        matched elem=(x^3*(4*x+1)^m)/(x^2/9-(5*x)/27+1/27)
    #6 d=3 dl=3 seenp fb=true seenlen=2 seen=- out=1_4_1_r18 owner=1_4_1_r7:fired f=(54*x^2*(4*x+1)^m)/(3*x^2-5*x+1)
    #7 d=4 dl=4 seenp fb=true seenlen=3 seen=- out=1_2_1_3_r20 owner=1_4_1_r18:fired f=(x^2*(4*x+1)^m)/(x^2/18-(5*x)/54+1/54)
    #8 d=5 dl=5 seenp fb=true seenlen=4 seen=exact@#7(idx1,live=yes) out=fall-through:seen-hit owner=1_2_1_3_r20:fired f=(x^2*(4*x+1)^m)/(x^2/18-(5*x)/54+1/54)
        matched elem=(x^2*(4*x+1)^m)/(x^2/18-(5*x)/54+1/54)
    #9 d=3 dl=3 seenp fb=true seenlen=2 seen=- out=1_4_1_r18 owner=1_4_1_r7:fired f=(36*x*(4*x+1)^m)/(3*x^2-5*x+1)
    #10 d=4 dl=4 seenp fb=true seenlen=3 seen=- out=1_2_1_3_r20 owner=1_4_1_r18:fired f=(x*(4*x+1)^m)/(x^2/12-(5*x)/36+1/36)
    #11 d=5 dl=5 seenp fb=true seenlen=4 seen=exact@#10(idx1,live=yes) out=fall-through:seen-hit owner=1_2_1_3_r20:fired f=(x*(4*x+1)^m)/(x^2/12-(5*x)/36+1/36)
        matched elem=(x*(4*x+1)^m)/(x^2/12-(5*x)/36+1/36)
    #12 d=3 dl=3 seenp fb=true seenlen=2 seen=- out=1_4_1_r18 owner=1_4_1_r7:fired f=(8*(4*x+1)^m)/(3*x^2-5*x+1)
    #13 d=4 dl=4 seenp fb=true seenlen=3 seen=- out=1_2_1_2_r86 owner=1_4_1_r18:fired f=(4*x+1)^m/((3*x^2)/8-(5*x)/8+1/8)
    #14 d=5 dl=5 seenp fb=true seenlen=4 seen=exact@#13(idx1,live=yes) out=fall-through:seen-hit owner=1_2_1_2_r86:fired f=(4*x+1)^m/((3*x^2)/8-(5*x)/8+1/8)
        matched elem=(4*x+1)^m/((3*x^2)/8-(5*x)/8+1/8)
  [p0] class=verified t=6.1s L1218 returned=yes t=6.118082 calls=8 ratsimp-hits=0 exact-hits=2 unexited=0 misfire/fault-lines=0 top=1_2_1_3_r109@pass2
    fires=1_2_1_9b_r5,1_2_1_9b_r5,1_4_1_r7,1_2_1_3_r109
    answer sha1=4c49bdee3364 27*'integrate((x^3*(4*x+1)^m)/(3*x^2-5*x+1),x)+54*'integrate((x^2*(4*x+1)^m)/(3*x^2-5*x+1),x)+36*'integrate((x*(4*x+1)^m)/(3*x^2-5*x+1),x)+8*'integrate((4*x+1)^...
    #1 d=1 dl=1 p0-mr_top fb=false seenlen=0 seen=- out=1_2_1_3_r109@pass2 owner=- f=((3*x+2)^3*(4*x+1)^m)/(3*x^2-5*x+1)
    #2 d=2 dl=1 p0-mr_top fb=true seenlen=0 seen=- out=1_4_1_r7@pass1 owner=1_2_1_3_r109:fired f=(27*x^3*(4*x+1)^m)/(3*x^2-5*x+1)+(54*x^2*(4*x+1)^m)/(3*x^2-5*x+1)+(36*x*(4*x+1)^m)/(3*x^2-5*x+1)+(8*(4*x+1)^m)...
    #3 d=3 dl=2 p0-mr_top fb=true seenlen=1 seen=- out=fall-through:nofire owner=1_4_1_r7:fired f=(27*x^3*(4*x+1)^m)/(3*x^2-5*x+1)
    #4 d=3 dl=2 p0-mr_top fb=true seenlen=1 seen=- out=fall-through:nofire owner=1_4_1_r7:fired f=(54*x^2*(4*x+1)^m)/(3*x^2-5*x+1)
    #5 d=3 dl=2 p0-mr_top fb=true seenlen=1 seen=- out=1_2_1_9b_r5@pass1 owner=1_4_1_r7:fired f=(36*x*(4*x+1)^m)/(3*x^2-5*x+1)
    #6 d=4 dl=3 p0-mr_top fb=true seenlen=2 seen=exact@#5(idx1,live=yes) out=fall-through:seen-hit owner=1_2_1_9b_r5:fired f=(36*x*(4*x+1)^m)/(3*x^2-5*x+1)
        matched elem=(36*x*(4*x+1)^m)/(3*x^2-5*x+1)
    #7 d=3 dl=2 p0-mr_top fb=true seenlen=1 seen=- out=1_2_1_9b_r5@pass1 owner=1_4_1_r7:fired f=(8*(4*x+1)^m)/(3*x^2-5*x+1)
    #8 d=4 dl=3 p0-mr_top fb=true seenlen=2 seen=exact@#7(idx1,live=yes) out=fall-through:seen-hit owner=1_2_1_9b_r5:fired f=(8*(4*x+1)^m)/(3*x^2-5*x+1)
        matched elem=(8*(4*x+1)^m)/(3*x^2-5*x+1)

--- c1 g31 1 Algebraic functions/1.2 Trinomial products/1.2.1 Quadratic/1.2.1.4 (d+e x)^m (f+g x)^n (a+b x+c x^2)^p.mac e932 (eq)
  [trace] class=deferred t=0.8s L1219 returned=yes t=0.795011 calls=2 ratsimp-hits=1 exact-hits=0 unexited=0 misfire/fault-lines=0 top=1_2_1_3_r20
    fires=1_2_1_3_r20
    answer sha1=8ea511633a58 'integrate((9*x^2*(4*x+1)^m)/(3*x^2-5*x+1)+(12*x*(4*x+1)^m)/(3*x^2-5*x+1)+(4*(4*x+1)^m)/(3*x^2-5*x+1),x)
    #1 d=1 dl=1 seenp fb=false seenlen=0 seen=- out=1_2_1_3_r20 owner=- f=((3*x+2)^2*(4*x+1)^m)/(3*x^2-5*x+1)
    #2 d=2 dl=2 seenp fb=true seenlen=1 seen=ratsimp@#1(idx1,live=yes) out=fall-through:seen-hit owner=1_2_1_3_r20:fired f=(9*x^2*(4*x+1)^m)/(3*x^2-5*x+1)+(12*x*(4*x+1)^m)/(3*x^2-5*x+1)+(4*(4*x+1)^m)/(3*x^2-5*x+1)
        matched elem=((3*x+2)^2*(4*x+1)^m)/(3*x^2-5*x+1)
  [exact-only] class=verified t=3.9s L1219 returned=yes t=3.854052 calls=11 ratsimp-hits=0 exact-hits=3 unexited=0 misfire/fault-lines=0 top=1_2_1_3_r20
    fires=1_2_1_3_r20,1_4_1_r18,1_2_1_3_r20,1_4_1_r18,1_2_1_2_r86,1_4_1_r18,1_4_1_r7,1_2_1_3_r20
    answer sha1=911f2ab35c7e 'integrate((4*x+1)^m/((3*x^2)/4-(5*x)/4+1/4),x)+'integrate((x^2*(4*x+1)^m)/(x^2/3-(5*x)/9+1/9),x)+'integrate((x*(4*x+1)^m)/(x^2/4-(5*x)/12+1/12),x)
    #1 d=1 dl=1 seenp fb=false seenlen=0 seen=- out=1_2_1_3_r20 owner=- f=((3*x+2)^2*(4*x+1)^m)/(3*x^2-5*x+1)
    #2 d=2 dl=2 seenp fb=true seenlen=1 seen=- out=1_4_1_r7 owner=1_2_1_3_r20:fired f=(9*x^2*(4*x+1)^m)/(3*x^2-5*x+1)+(12*x*(4*x+1)^m)/(3*x^2-5*x+1)+(4*(4*x+1)^m)/(3*x^2-5*x+1)
    #3 d=3 dl=3 seenp fb=true seenlen=2 seen=- out=1_4_1_r18 owner=1_4_1_r7:fired f=(9*x^2*(4*x+1)^m)/(3*x^2-5*x+1)
    #4 d=4 dl=4 seenp fb=true seenlen=3 seen=- out=1_2_1_3_r20 owner=1_4_1_r18:fired f=(x^2*(4*x+1)^m)/(x^2/3-(5*x)/9+1/9)
    #5 d=5 dl=5 seenp fb=true seenlen=4 seen=exact@#4(idx1,live=yes) out=fall-through:seen-hit owner=1_2_1_3_r20:fired f=(x^2*(4*x+1)^m)/(x^2/3-(5*x)/9+1/9)
        matched elem=(x^2*(4*x+1)^m)/(x^2/3-(5*x)/9+1/9)
    #6 d=3 dl=3 seenp fb=true seenlen=2 seen=- out=1_4_1_r18 owner=1_4_1_r7:fired f=(12*x*(4*x+1)^m)/(3*x^2-5*x+1)
    #7 d=4 dl=4 seenp fb=true seenlen=3 seen=- out=1_2_1_3_r20 owner=1_4_1_r18:fired f=(x*(4*x+1)^m)/(x^2/4-(5*x)/12+1/12)
    #8 d=5 dl=5 seenp fb=true seenlen=4 seen=exact@#7(idx1,live=yes) out=fall-through:seen-hit owner=1_2_1_3_r20:fired f=(x*(4*x+1)^m)/(x^2/4-(5*x)/12+1/12)
        matched elem=(x*(4*x+1)^m)/(x^2/4-(5*x)/12+1/12)
    #9 d=3 dl=3 seenp fb=true seenlen=2 seen=- out=1_4_1_r18 owner=1_4_1_r7:fired f=(4*(4*x+1)^m)/(3*x^2-5*x+1)
    #10 d=4 dl=4 seenp fb=true seenlen=3 seen=- out=1_2_1_2_r86 owner=1_4_1_r18:fired f=(4*x+1)^m/((3*x^2)/4-(5*x)/4+1/4)
    #11 d=5 dl=5 seenp fb=true seenlen=4 seen=exact@#10(idx1,live=yes) out=fall-through:seen-hit owner=1_2_1_2_r86:fired f=(4*x+1)^m/((3*x^2)/4-(5*x)/4+1/4)
        matched elem=(4*x+1)^m/((3*x^2)/4-(5*x)/4+1/4)
  [p0] class=verified t=4.5s L1219 returned=yes t=4.520061 calls=7 ratsimp-hits=0 exact-hits=2 unexited=0 misfire/fault-lines=0 top=1_2_1_3_r109@pass2
    fires=1_2_1_9b_r5,1_2_1_9b_r5,1_4_1_r7,1_2_1_3_r109
    answer sha1=ac1124537120 9*'integrate((x^2*(4*x+1)^m)/(3*x^2-5*x+1),x)+12*'integrate((x*(4*x+1)^m)/(3*x^2-5*x+1),x)+4*'integrate((4*x+1)^m/(3*x^2-5*x+1),x)
    #1 d=1 dl=1 p0-mr_top fb=false seenlen=0 seen=- out=1_2_1_3_r109@pass2 owner=- f=((3*x+2)^2*(4*x+1)^m)/(3*x^2-5*x+1)
    #2 d=2 dl=1 p0-mr_top fb=true seenlen=0 seen=- out=1_4_1_r7@pass1 owner=1_2_1_3_r109:fired f=(9*x^2*(4*x+1)^m)/(3*x^2-5*x+1)+(12*x*(4*x+1)^m)/(3*x^2-5*x+1)+(4*(4*x+1)^m)/(3*x^2-5*x+1)
    #3 d=3 dl=2 p0-mr_top fb=true seenlen=1 seen=- out=fall-through:nofire owner=1_4_1_r7:fired f=(9*x^2*(4*x+1)^m)/(3*x^2-5*x+1)
    #4 d=3 dl=2 p0-mr_top fb=true seenlen=1 seen=- out=1_2_1_9b_r5@pass1 owner=1_4_1_r7:fired f=(12*x*(4*x+1)^m)/(3*x^2-5*x+1)
    #5 d=4 dl=3 p0-mr_top fb=true seenlen=2 seen=exact@#4(idx1,live=yes) out=fall-through:seen-hit owner=1_2_1_9b_r5:fired f=(12*x*(4*x+1)^m)/(3*x^2-5*x+1)
        matched elem=(12*x*(4*x+1)^m)/(3*x^2-5*x+1)
    #6 d=3 dl=2 p0-mr_top fb=true seenlen=1 seen=- out=1_2_1_9b_r5@pass1 owner=1_4_1_r7:fired f=(4*(4*x+1)^m)/(3*x^2-5*x+1)
    #7 d=4 dl=3 p0-mr_top fb=true seenlen=2 seen=exact@#6(idx1,live=yes) out=fall-through:seen-hit owner=1_2_1_9b_r5:fired f=(4*(4*x+1)^m)/(3*x^2-5*x+1)
        matched elem=(4*(4*x+1)^m)/(3*x^2-5*x+1)

--- c1 g31 1 Algebraic functions/1.2 Trinomial products/1.2.1 Quadratic/1.2.1.4 (d+e x)^m (f+g x)^n (a+b x+c x^2)^p.mac e933 (eq)
  [trace] class=deferred t=0.5s L1220 returned=yes t=0.508006 calls=2 ratsimp-hits=1 exact-hits=0 unexited=0 misfire/fault-lines=0 top=1_2_1_3_r20
    fires=1_2_1_3_r20
    answer sha1=a823cc87abc6 'integrate((3*x*(4*x+1)^m)/(3*x^2-5*x+1)+(2*(4*x+1)^m)/(3*x^2-5*x+1),x)
    #1 d=1 dl=1 seenp fb=false seenlen=0 seen=- out=1_2_1_3_r20 owner=- f=((3*x+2)*(4*x+1)^m)/(3*x^2-5*x+1)
    #2 d=2 dl=2 seenp fb=true seenlen=1 seen=ratsimp@#1(idx1,live=yes) out=fall-through:seen-hit owner=1_2_1_3_r20:fired f=(3*x*(4*x+1)^m)/(3*x^2-5*x+1)+(2*(4*x+1)^m)/(3*x^2-5*x+1)
        matched elem=((3*x+2)*(4*x+1)^m)/(3*x^2-5*x+1)
  [exact-only] class=verified t=1.9s L1220 returned=yes t=1.928026 calls=8 ratsimp-hits=0 exact-hits=2 unexited=0 misfire/fault-lines=0 top=1_2_1_3_r20
    fires=1_2_1_3_r20,1_4_1_r18,1_2_1_2_r86,1_4_1_r18,1_4_1_r7,1_2_1_3_r20
    answer sha1=52a3066cfbea 'integrate((4*x+1)^m/((3*x^2)/2-(5*x)/2+1/2),x)+'integrate((x*(4*x+1)^m)/(x^2-(5*x)/3+1/3),x)
    #1 d=1 dl=1 seenp fb=false seenlen=0 seen=- out=1_2_1_3_r20 owner=- f=((3*x+2)*(4*x+1)^m)/(3*x^2-5*x+1)
    #2 d=2 dl=2 seenp fb=true seenlen=1 seen=- out=1_4_1_r7 owner=1_2_1_3_r20:fired f=(3*x*(4*x+1)^m)/(3*x^2-5*x+1)+(2*(4*x+1)^m)/(3*x^2-5*x+1)
    #3 d=3 dl=3 seenp fb=true seenlen=2 seen=- out=1_4_1_r18 owner=1_4_1_r7:fired f=(3*x*(4*x+1)^m)/(3*x^2-5*x+1)
    #4 d=4 dl=4 seenp fb=true seenlen=3 seen=- out=1_2_1_3_r20 owner=1_4_1_r18:fired f=(x*(4*x+1)^m)/(x^2-(5*x)/3+1/3)
    #5 d=5 dl=5 seenp fb=true seenlen=4 seen=exact@#4(idx1,live=yes) out=fall-through:seen-hit owner=1_2_1_3_r20:fired f=(x*(4*x+1)^m)/(x^2-(5*x)/3+1/3)
        matched elem=(x*(4*x+1)^m)/(x^2-(5*x)/3+1/3)
    #6 d=3 dl=3 seenp fb=true seenlen=2 seen=- out=1_4_1_r18 owner=1_4_1_r7:fired f=(2*(4*x+1)^m)/(3*x^2-5*x+1)
    #7 d=4 dl=4 seenp fb=true seenlen=3 seen=- out=1_2_1_2_r86 owner=1_4_1_r18:fired f=(4*x+1)^m/((3*x^2)/2-(5*x)/2+1/2)
    #8 d=5 dl=5 seenp fb=true seenlen=4 seen=exact@#7(idx1,live=yes) out=fall-through:seen-hit owner=1_2_1_2_r86:fired f=(4*x+1)^m/((3*x^2)/2-(5*x)/2+1/2)
        matched elem=(4*x+1)^m/((3*x^2)/2-(5*x)/2+1/2)
  [p0] class=verified t=2.9s L1220 returned=yes t=2.91704 calls=6 ratsimp-hits=0 exact-hits=2 unexited=0 misfire/fault-lines=0 top=1_2_1_3b_r68@pass2
    fires=1_2_1_9b_r5,1_2_1_9b_r5,1_4_1_r7,1_2_1_3b_r68
    answer sha1=c05426f36170 3*'integrate((x*(4*x+1)^m)/(3*x^2-5*x+1),x)+2*'integrate((4*x+1)^m/(3*x^2-5*x+1),x)
    #1 d=1 dl=1 p0-mr_top fb=false seenlen=0 seen=- out=1_2_1_3b_r68@pass2 owner=- f=((3*x+2)*(4*x+1)^m)/(3*x^2-5*x+1)
    #2 d=2 dl=1 p0-mr_top fb=true seenlen=0 seen=- out=1_4_1_r7@pass1 owner=1_2_1_3b_r68:fired f=(3*x*(4*x+1)^m)/(3*x^2-5*x+1)+(2*(4*x+1)^m)/(3*x^2-5*x+1)
    #3 d=3 dl=2 p0-mr_top fb=true seenlen=1 seen=- out=1_2_1_9b_r5@pass1 owner=1_4_1_r7:fired f=(3*x*(4*x+1)^m)/(3*x^2-5*x+1)
    #4 d=4 dl=3 p0-mr_top fb=true seenlen=2 seen=exact@#3(idx1,live=yes) out=fall-through:seen-hit owner=1_2_1_9b_r5:fired f=(3*x*(4*x+1)^m)/(3*x^2-5*x+1)
        matched elem=(3*x*(4*x+1)^m)/(3*x^2-5*x+1)
    #5 d=3 dl=2 p0-mr_top fb=true seenlen=1 seen=- out=1_2_1_9b_r5@pass1 owner=1_4_1_r7:fired f=(2*(4*x+1)^m)/(3*x^2-5*x+1)
    #6 d=4 dl=3 p0-mr_top fb=true seenlen=2 seen=exact@#5(idx1,live=yes) out=fall-through:seen-hit owner=1_2_1_9b_r5:fired f=(2*(4*x+1)^m)/(3*x^2-5*x+1)
        matched elem=(2*(4*x+1)^m)/(3*x^2-5*x+1)

--- c1 g34 1 Algebraic functions/1.1 Binomial products/1.1.3 General/1.1.3.4 (e x)^m (a+b x^n)^p (c+d x^n)^q.mac e165 (eq)
  [trace] class=timeout t=30.0s L194 returned=yes t=4.838065 calls=16 ratsimp-hits=0 exact-hits=2 unexited=0 misfire/fault-lines=0 top=1_1_3_4_r22
    fires=1_1_3_7_r45,1_1_3_7_r45,1_2_1_1_r12,1_2_1_2_r3,1_2_1_2_r9,1_1_3_7_r45,1_1_3_7_r45,1_2_1_1_r12,1_2_1_2_r3,1_2_1_2_r9,1_1_2_1_r10,1_1_3_2_r37,1_1_3_2_r71,1_1_3_4_r22
    answer sha1=c9e296a3cdab -((((A*b)/2+(5*B*a)/2)*(%i*(1/b)^(5/6)*sqrt(1/b^(1/3))*b*log(((2*sqrt(x)+19*%i+7*3^(3/2))*x^10+((190*sqrt(3)*%i+230)*sqrt(x)+2470*%i+190*sqrt(3))*x^9+((665*3^(5...
    #1 d=1 dl=1 seenp fb=false seenlen=0 seen=- out=1_1_3_4_r22 owner=- f=(x^(3/2)*(B*x^3+A))/(b*x^3+a)^2
    #2 d=2 dl=2 seenp fb=true seenlen=1 seen=- out=1_1_3_2_r71 owner=1_1_3_4_r22:fired f=x^(3/2)/(b*x^3+a)
    #3 d=3 dl=3 seenp fb=true seenlen=2 seen=- out=1_1_3_2_r37 owner=1_1_3_2_r71:fired f=x^4/(b*x^6+a)
    #4 d=4 dl=4 seenp fb=true seenlen=3 seen=- out=1_2_1_2_r9 owner=1_1_3_2_r37:fired f=(a^(1/6)*(1/b)^(1/6)*cos((2*%pi*(2*k-1))/3)-cos((5*%pi*(2*k-1))/6)*x)/(x^2-2*a^(1/6)*(1/b)^(1/6)*cos((%pi*(2*k...
    #5 d=5 dl=5 seenp fb=true seenlen=4 seen=- out=1_2_1_1_r12 owner=1_2_1_2_r9:fired f=1/(x^2-2*a^(1/6)*(1/b)^(1/6)*cos((%pi*(2*k-1))/6)*x+a^(1/3)/b^(1/3))
    #6 d=6 dl=6 seenp fb=true seenlen=5 seen=- out=1_1_3_7_r45 owner=1_2_1_1_r12:fired f=-(b^(1/3)/(b^(1/3)*x^2-4*a^(1/3)*cos((%pi*(2*k-1))/6)^2+4*a^(1/3)))
    #7 d=7 dl=7 seenp fb=true seenlen=6 seen=- out=1_1_3_7_r45 owner=1_1_3_7_r45:fired f=-(b^(1/3)/(b^(1/3)*x^2-4*a^(1/3)*cos((%pi*k)/3-%pi/6)^2+4*a^(1/3)))
    #8 d=8 dl=8 seenp fb=true seenlen=7 seen=exact@#7(idx1,live=yes) out=fall-through:seen-hit owner=1_1_3_7_r45:fired f=-(b^(1/3)/(b^(1/3)*x^2-4*a^(1/3)*cos((%pi*k)/3-%pi/6)^2+4*a^(1/3)))
        matched elem=-(b^(1/3)/(b^(1/3)*x^2-4*a^(1/3)*cos((%pi*k)/3-%pi/6)^2+4*a^(1/3)))
    #9 d=5 dl=5 seenp fb=true seenlen=4 seen=- out=1_2_1_2_r3 owner=1_2_1_2_r9:fired f=(2*x-2*a^(1/6)*(1/b)^(1/6)*cos((%pi*(2*k-1))/6))/(x^2-2*a^(1/6)*(1/b)^(1/6)*cos((%pi*(2*k-1))/6)*x+a^(1/3)/b^(...
    #10 d=4 dl=4 seenp fb=true seenlen=3 seen=- out=1_2_1_2_r9 owner=1_1_3_2_r37:fired f=(cos((5*%pi*(2*k-1))/6)*x+a^(1/6)*(1/b)^(1/6)*cos((2*%pi*(2*k-1))/3))/(x^2+2*a^(1/6)*(1/b)^(1/6)*cos((%pi*(2*k...
    #11 d=5 dl=5 seenp fb=true seenlen=4 seen=- out=1_2_1_1_r12 owner=1_2_1_2_r9:fired f=1/(x^2+2*a^(1/6)*(1/b)^(1/6)*cos((%pi*(2*k-1))/6)*x+a^(1/3)/b^(1/3))
    #12 d=6 dl=6 seenp fb=true seenlen=5 seen=- out=1_1_3_7_r45 owner=1_2_1_1_r12:fired f=-(b^(1/3)/(b^(1/3)*x^2-4*a^(1/3)*cos((%pi*(2*k-1))/6)^2+4*a^(1/3)))
    #13 d=7 dl=7 seenp fb=true seenlen=6 seen=- out=1_1_3_7_r45 owner=1_1_3_7_r45:fired f=-(b^(1/3)/(b^(1/3)*x^2-4*a^(1/3)*cos((%pi*k)/3-%pi/6)^2+4*a^(1/3)))
    #14 d=8 dl=8 seenp fb=true seenlen=7 seen=exact@#13(idx1,live=yes) out=fall-through:seen-hit owner=1_1_3_7_r45:fired f=-(b^(1/3)/(b^(1/3)*x^2-4*a^(1/3)*cos((%pi*k)/3-%pi/6)^2+4*a^(1/3)))
        matched elem=-(b^(1/3)/(b^(1/3)*x^2-4*a^(1/3)*cos((%pi*k)/3-%pi/6)^2+4*a^(1/3)))
    #15 d=5 dl=5 seenp fb=true seenlen=4 seen=- out=1_2_1_2_r3 owner=1_2_1_2_r9:fired f=(2*x+2*a^(1/6)*(1/b)^(1/6)*cos((%pi*(2*k-1))/6))/(x^2+2*a^(1/6)*(1/b)^(1/6)*cos((%pi*(2*k-1))/6)*x+a^(1/3)/b^(...
    #16 d=4 dl=4 seenp fb=true seenlen=3 seen=- out=1_1_2_1_r10 owner=1_1_3_2_r37:fired f=1/(x^2+a^(1/3)/b^(1/3))
  [exact-only] class=timeout t=30.0s L194 returned=yes t=4.844066 calls=16 ratsimp-hits=0 exact-hits=2 unexited=0 misfire/fault-lines=0 top=1_1_3_4_r22
    fires=1_1_3_7_r45,1_1_3_7_r45,1_2_1_1_r12,1_2_1_2_r3,1_2_1_2_r9,1_1_3_7_r45,1_1_3_7_r45,1_2_1_1_r12,1_2_1_2_r3,1_2_1_2_r9,1_1_2_1_r10,1_1_3_2_r37,1_1_3_2_r71,1_1_3_4_r22
    answer sha1=c9e296a3cdab -((((A*b)/2+(5*B*a)/2)*(%i*(1/b)^(5/6)*sqrt(1/b^(1/3))*b*log(((2*sqrt(x)+19*%i+7*3^(3/2))*x^10+((190*sqrt(3)*%i+230)*sqrt(x)+2470*%i+190*sqrt(3))*x^9+((665*3^(5...
    #1 d=1 dl=1 seenp fb=false seenlen=0 seen=- out=1_1_3_4_r22 owner=- f=(x^(3/2)*(B*x^3+A))/(b*x^3+a)^2
    #2 d=2 dl=2 seenp fb=true seenlen=1 seen=- out=1_1_3_2_r71 owner=1_1_3_4_r22:fired f=x^(3/2)/(b*x^3+a)
    #3 d=3 dl=3 seenp fb=true seenlen=2 seen=- out=1_1_3_2_r37 owner=1_1_3_2_r71:fired f=x^4/(b*x^6+a)
    #4 d=4 dl=4 seenp fb=true seenlen=3 seen=- out=1_2_1_2_r9 owner=1_1_3_2_r37:fired f=(a^(1/6)*(1/b)^(1/6)*cos((2*%pi*(2*k-1))/3)-cos((5*%pi*(2*k-1))/6)*x)/(x^2-2*a^(1/6)*(1/b)^(1/6)*cos((%pi*(2*k...
    #5 d=5 dl=5 seenp fb=true seenlen=4 seen=- out=1_2_1_1_r12 owner=1_2_1_2_r9:fired f=1/(x^2-2*a^(1/6)*(1/b)^(1/6)*cos((%pi*(2*k-1))/6)*x+a^(1/3)/b^(1/3))
    #6 d=6 dl=6 seenp fb=true seenlen=5 seen=- out=1_1_3_7_r45 owner=1_2_1_1_r12:fired f=-(b^(1/3)/(b^(1/3)*x^2-4*a^(1/3)*cos((%pi*(2*k-1))/6)^2+4*a^(1/3)))
    #7 d=7 dl=7 seenp fb=true seenlen=6 seen=- out=1_1_3_7_r45 owner=1_1_3_7_r45:fired f=-(b^(1/3)/(b^(1/3)*x^2-4*a^(1/3)*cos((%pi*k)/3-%pi/6)^2+4*a^(1/3)))
    #8 d=8 dl=8 seenp fb=true seenlen=7 seen=exact@#7(idx1,live=yes) out=fall-through:seen-hit owner=1_1_3_7_r45:fired f=-(b^(1/3)/(b^(1/3)*x^2-4*a^(1/3)*cos((%pi*k)/3-%pi/6)^2+4*a^(1/3)))
        matched elem=-(b^(1/3)/(b^(1/3)*x^2-4*a^(1/3)*cos((%pi*k)/3-%pi/6)^2+4*a^(1/3)))
    #9 d=5 dl=5 seenp fb=true seenlen=4 seen=- out=1_2_1_2_r3 owner=1_2_1_2_r9:fired f=(2*x-2*a^(1/6)*(1/b)^(1/6)*cos((%pi*(2*k-1))/6))/(x^2-2*a^(1/6)*(1/b)^(1/6)*cos((%pi*(2*k-1))/6)*x+a^(1/3)/b^(...
    #10 d=4 dl=4 seenp fb=true seenlen=3 seen=- out=1_2_1_2_r9 owner=1_1_3_2_r37:fired f=(cos((5*%pi*(2*k-1))/6)*x+a^(1/6)*(1/b)^(1/6)*cos((2*%pi*(2*k-1))/3))/(x^2+2*a^(1/6)*(1/b)^(1/6)*cos((%pi*(2*k...
    #11 d=5 dl=5 seenp fb=true seenlen=4 seen=- out=1_2_1_1_r12 owner=1_2_1_2_r9:fired f=1/(x^2+2*a^(1/6)*(1/b)^(1/6)*cos((%pi*(2*k-1))/6)*x+a^(1/3)/b^(1/3))
    #12 d=6 dl=6 seenp fb=true seenlen=5 seen=- out=1_1_3_7_r45 owner=1_2_1_1_r12:fired f=-(b^(1/3)/(b^(1/3)*x^2-4*a^(1/3)*cos((%pi*(2*k-1))/6)^2+4*a^(1/3)))
    #13 d=7 dl=7 seenp fb=true seenlen=6 seen=- out=1_1_3_7_r45 owner=1_1_3_7_r45:fired f=-(b^(1/3)/(b^(1/3)*x^2-4*a^(1/3)*cos((%pi*k)/3-%pi/6)^2+4*a^(1/3)))
    #14 d=8 dl=8 seenp fb=true seenlen=7 seen=exact@#13(idx1,live=yes) out=fall-through:seen-hit owner=1_1_3_7_r45:fired f=-(b^(1/3)/(b^(1/3)*x^2-4*a^(1/3)*cos((%pi*k)/3-%pi/6)^2+4*a^(1/3)))
        matched elem=-(b^(1/3)/(b^(1/3)*x^2-4*a^(1/3)*cos((%pi*k)/3-%pi/6)^2+4*a^(1/3)))
    #15 d=5 dl=5 seenp fb=true seenlen=4 seen=- out=1_2_1_2_r3 owner=1_2_1_2_r9:fired f=(2*x+2*a^(1/6)*(1/b)^(1/6)*cos((%pi*(2*k-1))/6))/(x^2+2*a^(1/6)*(1/b)^(1/6)*cos((%pi*(2*k-1))/6)*x+a^(1/3)/b^(...
    #16 d=4 dl=4 seenp fb=true seenlen=3 seen=- out=1_1_2_1_r10 owner=1_1_3_2_r37:fired f=1/(x^2+a^(1/3)/b^(1/3))
  [p0] class=verified t=2.1s L194 returned=yes t=2.017027 calls=3 ratsimp-hits=0 exact-hits=0 unexited=0 misfire/fault-lines=0 top=1_4_1_r34@pass1
    fires=1_3_4_r21,1_4_1_r34
    answer sha1=3729ee1d0b44 -((2*(x^3*(B*a*b*(sqrt(-b^(1/3))*(5*log(((2*b*sqrt(x)+3^(3/2)*a^(1/6)*b^(5/6)+a^(1/6)*sqrt(-b^(1/3))*b^(2/3))*x+(5*a^(1/3)*b^(2/3)+sqrt(3)*a^(1/3)*sqrt(-b^(1/3)...
    #1 d=1 dl=1 p0-mr_top fb=false seenlen=0 seen=- out=1_4_1_r34@pass1 owner=- f=(x^(3/2)*(B*x^3+A))/(b*x^3+a)^2
    #2 d=2 dl=2 p0-mr_top fb=true seenlen=1 seen=- out=1_3_4_r21@pass1 owner=1_4_1_r34:fired f=(x^4*(B*x^6+A))/(b*x^6+a)^2
    #3 d=3 dl=3 p0-mr_top fb=true seenlen=2 seen=- out=fall-through:nofire owner=1_3_4_r21:fired f=(-(A*b*x^4)-5*B*a*x^4)/(b*x^6+a)^2

--- c1 g34 1 Algebraic functions/1.1 Binomial products/1.1.3 General/1.1.3.4 (e x)^m (a+b x^n)^p (c+d x^n)^q.mac e167 (eq)
  [trace] class=timeout t=30.0s L196 returned=yes t=4.784065 calls=16 ratsimp-hits=0 exact-hits=2 unexited=0 misfire/fault-lines=0 top=1_1_3_4_r22
    fires=1_1_3_7_r45,1_1_3_7_r45,1_2_1_1_r12,1_2_1_2_r3,1_2_1_2_r9,1_1_3_7_r45,1_1_3_7_r45,1_2_1_1_r12,1_2_1_2_r3,1_2_1_2_r9,1_1_2_1_r10,1_1_3_1_r21,1_1_3_2_r71,1_1_3_4_r22
    answer sha1=28be2c8a2086 -((((5*A*b)/2+(B*a)/2)*(%i*(1/b)^(1/6)*sqrt(1/b^(1/3))*b^(1/3)*log(((2*sqrt(x)+19*%i+7*3^(3/2))*x^10+((190*sqrt(3)*%i+230)*sqrt(x)+2470*%i+190*sqrt(3))*x^9+((66...
    #1 d=1 dl=1 seenp fb=false seenlen=0 seen=- out=1_1_3_4_r22 owner=- f=(B*x^3+A)/(sqrt(x)*(b*x^3+a)^2)
    #2 d=2 dl=2 seenp fb=true seenlen=1 seen=- out=1_1_3_2_r71 owner=1_1_3_4_r22:fired f=1/(sqrt(x)*(b*x^3+a))
    #3 d=3 dl=3 seenp fb=true seenlen=2 seen=- out=1_1_3_1_r21 owner=1_1_3_2_r71:fired f=1/(b*x^6+a)
    #4 d=4 dl=4 seenp fb=true seenlen=3 seen=- out=1_2_1_2_r9 owner=1_1_3_1_r21:fired f=(a^(1/6)*(1/b)^(1/6)-cos((%pi*(2*k-1))/6)*x)/(x^2-2*a^(1/6)*(1/b)^(1/6)*cos((%pi*(2*k-1))/6)*x+a^(1/3)/b^(1/3)...
    #5 d=5 dl=5 seenp fb=true seenlen=4 seen=- out=1_2_1_1_r12 owner=1_2_1_2_r9:fired f=1/(x^2-2*a^(1/6)*(1/b)^(1/6)*cos((%pi*(2*k-1))/6)*x+a^(1/3)/b^(1/3))
    #6 d=6 dl=6 seenp fb=true seenlen=5 seen=- out=1_1_3_7_r45 owner=1_2_1_1_r12:fired f=-(b^(1/3)/(b^(1/3)*x^2-4*a^(1/3)*cos((%pi*(2*k-1))/6)^2+4*a^(1/3)))
    #7 d=7 dl=7 seenp fb=true seenlen=6 seen=- out=1_1_3_7_r45 owner=1_1_3_7_r45:fired f=-(b^(1/3)/(b^(1/3)*x^2-4*a^(1/3)*cos((%pi*k)/3-%pi/6)^2+4*a^(1/3)))
    #8 d=8 dl=8 seenp fb=true seenlen=7 seen=exact@#7(idx1,live=yes) out=fall-through:seen-hit owner=1_1_3_7_r45:fired f=-(b^(1/3)/(b^(1/3)*x^2-4*a^(1/3)*cos((%pi*k)/3-%pi/6)^2+4*a^(1/3)))
        matched elem=-(b^(1/3)/(b^(1/3)*x^2-4*a^(1/3)*cos((%pi*k)/3-%pi/6)^2+4*a^(1/3)))
    #9 d=5 dl=5 seenp fb=true seenlen=4 seen=- out=1_2_1_2_r3 owner=1_2_1_2_r9:fired f=(2*x-2*a^(1/6)*(1/b)^(1/6)*cos((%pi*(2*k-1))/6))/(x^2-2*a^(1/6)*(1/b)^(1/6)*cos((%pi*(2*k-1))/6)*x+a^(1/3)/b^(...
    #10 d=4 dl=4 seenp fb=true seenlen=3 seen=- out=1_2_1_2_r9 owner=1_1_3_1_r21:fired f=(cos((%pi*(2*k-1))/6)*x+a^(1/6)*(1/b)^(1/6))/(x^2+2*a^(1/6)*(1/b)^(1/6)*cos((%pi*(2*k-1))/6)*x+a^(1/3)/b^(1/3)...
    #11 d=5 dl=5 seenp fb=true seenlen=4 seen=- out=1_2_1_1_r12 owner=1_2_1_2_r9:fired f=1/(x^2+2*a^(1/6)*(1/b)^(1/6)*cos((%pi*(2*k-1))/6)*x+a^(1/3)/b^(1/3))
    #12 d=6 dl=6 seenp fb=true seenlen=5 seen=- out=1_1_3_7_r45 owner=1_2_1_1_r12:fired f=-(b^(1/3)/(b^(1/3)*x^2-4*a^(1/3)*cos((%pi*(2*k-1))/6)^2+4*a^(1/3)))
    #13 d=7 dl=7 seenp fb=true seenlen=6 seen=- out=1_1_3_7_r45 owner=1_1_3_7_r45:fired f=-(b^(1/3)/(b^(1/3)*x^2-4*a^(1/3)*cos((%pi*k)/3-%pi/6)^2+4*a^(1/3)))
    #14 d=8 dl=8 seenp fb=true seenlen=7 seen=exact@#13(idx1,live=yes) out=fall-through:seen-hit owner=1_1_3_7_r45:fired f=-(b^(1/3)/(b^(1/3)*x^2-4*a^(1/3)*cos((%pi*k)/3-%pi/6)^2+4*a^(1/3)))
        matched elem=-(b^(1/3)/(b^(1/3)*x^2-4*a^(1/3)*cos((%pi*k)/3-%pi/6)^2+4*a^(1/3)))
    #15 d=5 dl=5 seenp fb=true seenlen=4 seen=- out=1_2_1_2_r3 owner=1_2_1_2_r9:fired f=(2*x+2*a^(1/6)*(1/b)^(1/6)*cos((%pi*(2*k-1))/6))/(x^2+2*a^(1/6)*(1/b)^(1/6)*cos((%pi*(2*k-1))/6)*x+a^(1/3)/b^(...
    #16 d=4 dl=4 seenp fb=true seenlen=3 seen=- out=1_1_2_1_r10 owner=1_1_3_1_r21:fired f=1/(x^2+a^(1/3)/b^(1/3))
  [exact-only] class=timeout t=30.0s L196 returned=yes t=4.762065 calls=16 ratsimp-hits=0 exact-hits=2 unexited=0 misfire/fault-lines=0 top=1_1_3_4_r22
    fires=1_1_3_7_r45,1_1_3_7_r45,1_2_1_1_r12,1_2_1_2_r3,1_2_1_2_r9,1_1_3_7_r45,1_1_3_7_r45,1_2_1_1_r12,1_2_1_2_r3,1_2_1_2_r9,1_1_2_1_r10,1_1_3_1_r21,1_1_3_2_r71,1_1_3_4_r22
    answer sha1=28be2c8a2086 -((((5*A*b)/2+(B*a)/2)*(%i*(1/b)^(1/6)*sqrt(1/b^(1/3))*b^(1/3)*log(((2*sqrt(x)+19*%i+7*3^(3/2))*x^10+((190*sqrt(3)*%i+230)*sqrt(x)+2470*%i+190*sqrt(3))*x^9+((66...
    #1 d=1 dl=1 seenp fb=false seenlen=0 seen=- out=1_1_3_4_r22 owner=- f=(B*x^3+A)/(sqrt(x)*(b*x^3+a)^2)
    #2 d=2 dl=2 seenp fb=true seenlen=1 seen=- out=1_1_3_2_r71 owner=1_1_3_4_r22:fired f=1/(sqrt(x)*(b*x^3+a))
    #3 d=3 dl=3 seenp fb=true seenlen=2 seen=- out=1_1_3_1_r21 owner=1_1_3_2_r71:fired f=1/(b*x^6+a)
    #4 d=4 dl=4 seenp fb=true seenlen=3 seen=- out=1_2_1_2_r9 owner=1_1_3_1_r21:fired f=(a^(1/6)*(1/b)^(1/6)-cos((%pi*(2*k-1))/6)*x)/(x^2-2*a^(1/6)*(1/b)^(1/6)*cos((%pi*(2*k-1))/6)*x+a^(1/3)/b^(1/3)...
    #5 d=5 dl=5 seenp fb=true seenlen=4 seen=- out=1_2_1_1_r12 owner=1_2_1_2_r9:fired f=1/(x^2-2*a^(1/6)*(1/b)^(1/6)*cos((%pi*(2*k-1))/6)*x+a^(1/3)/b^(1/3))
    #6 d=6 dl=6 seenp fb=true seenlen=5 seen=- out=1_1_3_7_r45 owner=1_2_1_1_r12:fired f=-(b^(1/3)/(b^(1/3)*x^2-4*a^(1/3)*cos((%pi*(2*k-1))/6)^2+4*a^(1/3)))
    #7 d=7 dl=7 seenp fb=true seenlen=6 seen=- out=1_1_3_7_r45 owner=1_1_3_7_r45:fired f=-(b^(1/3)/(b^(1/3)*x^2-4*a^(1/3)*cos((%pi*k)/3-%pi/6)^2+4*a^(1/3)))
    #8 d=8 dl=8 seenp fb=true seenlen=7 seen=exact@#7(idx1,live=yes) out=fall-through:seen-hit owner=1_1_3_7_r45:fired f=-(b^(1/3)/(b^(1/3)*x^2-4*a^(1/3)*cos((%pi*k)/3-%pi/6)^2+4*a^(1/3)))
        matched elem=-(b^(1/3)/(b^(1/3)*x^2-4*a^(1/3)*cos((%pi*k)/3-%pi/6)^2+4*a^(1/3)))
    #9 d=5 dl=5 seenp fb=true seenlen=4 seen=- out=1_2_1_2_r3 owner=1_2_1_2_r9:fired f=(2*x-2*a^(1/6)*(1/b)^(1/6)*cos((%pi*(2*k-1))/6))/(x^2-2*a^(1/6)*(1/b)^(1/6)*cos((%pi*(2*k-1))/6)*x+a^(1/3)/b^(...
    #10 d=4 dl=4 seenp fb=true seenlen=3 seen=- out=1_2_1_2_r9 owner=1_1_3_1_r21:fired f=(cos((%pi*(2*k-1))/6)*x+a^(1/6)*(1/b)^(1/6))/(x^2+2*a^(1/6)*(1/b)^(1/6)*cos((%pi*(2*k-1))/6)*x+a^(1/3)/b^(1/3)...
    #11 d=5 dl=5 seenp fb=true seenlen=4 seen=- out=1_2_1_1_r12 owner=1_2_1_2_r9:fired f=1/(x^2+2*a^(1/6)*(1/b)^(1/6)*cos((%pi*(2*k-1))/6)*x+a^(1/3)/b^(1/3))
    #12 d=6 dl=6 seenp fb=true seenlen=5 seen=- out=1_1_3_7_r45 owner=1_2_1_1_r12:fired f=-(b^(1/3)/(b^(1/3)*x^2-4*a^(1/3)*cos((%pi*(2*k-1))/6)^2+4*a^(1/3)))
    #13 d=7 dl=7 seenp fb=true seenlen=6 seen=- out=1_1_3_7_r45 owner=1_1_3_7_r45:fired f=-(b^(1/3)/(b^(1/3)*x^2-4*a^(1/3)*cos((%pi*k)/3-%pi/6)^2+4*a^(1/3)))
    #14 d=8 dl=8 seenp fb=true seenlen=7 seen=exact@#13(idx1,live=yes) out=fall-through:seen-hit owner=1_1_3_7_r45:fired f=-(b^(1/3)/(b^(1/3)*x^2-4*a^(1/3)*cos((%pi*k)/3-%pi/6)^2+4*a^(1/3)))
        matched elem=-(b^(1/3)/(b^(1/3)*x^2-4*a^(1/3)*cos((%pi*k)/3-%pi/6)^2+4*a^(1/3)))
    #15 d=5 dl=5 seenp fb=true seenlen=4 seen=- out=1_2_1_2_r3 owner=1_2_1_2_r9:fired f=(2*x+2*a^(1/6)*(1/b)^(1/6)*cos((%pi*(2*k-1))/6))/(x^2+2*a^(1/6)*(1/b)^(1/6)*cos((%pi*(2*k-1))/6)*x+a^(1/3)/b^(...
    #16 d=4 dl=4 seenp fb=true seenlen=3 seen=- out=1_1_2_1_r10 owner=1_1_3_1_r21:fired f=1/(x^2+a^(1/3)/b^(1/3))
  [p0] class=verified t=0.7s L196 returned=yes t=0.655009 calls=3 ratsimp-hits=1 exact-hits=0 unexited=0 misfire/fault-lines=0 top=1_4_1_r34@pass1
    fires=1_1_3_3_r60,1_4_1_r34
    answer sha1=6e9f59dc0309 -((2*(x^3*(A*b^2*(a^(1/6)*sqrt(-b^(1/3))*b^(2/3)*(5*log(((2*b*sqrt(x)+3^(3/2)*a^(1/6)*b^(5/6)+a^(1/6)*sqrt(-b^(1/3))*b^(2/3))*x+(5*a^(1/3)*b^(2/3)+sqrt(3)*a^(1/...
    #1 d=1 dl=1 p0-mr_top fb=false seenlen=0 seen=- out=1_4_1_r34@pass1 owner=- f=(B*x^3+A)/(sqrt(x)*(b*x^3+a)^2)
    #2 d=2 dl=2 p0-mr_top fb=true seenlen=1 seen=- out=1_1_3_3_r60@pass1 owner=1_4_1_r34:fired f=(B*x^6+A)/(b*x^6+a)^2
    #3 d=3 dl=3 p0-mr_top fb=true seenlen=2 seen=ratsimp@#2(idx1,live=yes) out=fall-through:seen-hit owner=1_1_3_3_r60:fired f=(B*x^6)/(b^2*x^12+2*a*b*x^6+a^2)+A/(b^2*x^12+2*a*b*x^6+a^2)
        matched elem=(B*x^6+A)/(b*x^6+a)^2

--- c1 g34 1 Algebraic functions/1.1 Binomial products/1.1.3 General/1.1.3.4 (e x)^m (a+b x^n)^p (c+d x^n)^q.mac e168 (eq)
  [trace] class=timeout t=30.0s L197 returned=yes t=4.911067 calls=17 ratsimp-hits=0 exact-hits=2 unexited=0 misfire/fault-lines=0 top=1_1_3_4_r22
    fires=1_1_3_7_r45,1_1_3_7_r45,1_2_1_1_r12,1_2_1_2_r3,1_2_1_2_r9,1_1_3_7_r45,1_1_3_7_r45,1_2_1_1_r12,1_2_1_2_r3,1_2_1_2_r9,1_1_2_1_r10,1_1_3_2_r37,1_1_3_2_r71,1_1_3_2_r67,1_1_3_4_r22
    answer sha1=48de6536dbe7 (((7*A*b)/2-(B*a)/2)*((%i*(1/b)^(5/6)*sqrt(1/b^(1/3))*b*log(((2*sqrt(x)+19*%i+7*3^(3/2))*x^10+((190*sqrt(3)*%i+230)*sqrt(x)+2470*%i+190*sqrt(3))*x^9+((665*3^(5/...
    #1 d=1 dl=1 seenp fb=false seenlen=0 seen=- out=1_1_3_4_r22 owner=- f=(B*x^3+A)/(x^(3/2)*(b*x^3+a)^2)
    #2 d=2 dl=2 seenp fb=true seenlen=1 seen=- out=1_1_3_2_r67 owner=1_1_3_4_r22:fired f=1/(x^(3/2)*(b*x^3+a))
    #3 d=3 dl=3 seenp fb=true seenlen=2 seen=- out=1_1_3_2_r71 owner=1_1_3_2_r67:fired f=x^(3/2)/(b*x^3+a)
    #4 d=4 dl=4 seenp fb=true seenlen=3 seen=- out=1_1_3_2_r37 owner=1_1_3_2_r71:fired f=x^4/(b*x^6+a)
    #5 d=5 dl=5 seenp fb=true seenlen=4 seen=- out=1_2_1_2_r9 owner=1_1_3_2_r37:fired f=(a^(1/6)*(1/b)^(1/6)*cos((2*%pi*(2*k-1))/3)-cos((5*%pi*(2*k-1))/6)*x)/(x^2-2*a^(1/6)*(1/b)^(1/6)*cos((%pi*(2*k...
    #6 d=6 dl=6 seenp fb=true seenlen=5 seen=- out=1_2_1_1_r12 owner=1_2_1_2_r9:fired f=1/(x^2-2*a^(1/6)*(1/b)^(1/6)*cos((%pi*(2*k-1))/6)*x+a^(1/3)/b^(1/3))
    #7 d=7 dl=7 seenp fb=true seenlen=6 seen=- out=1_1_3_7_r45 owner=1_2_1_1_r12:fired f=-(b^(1/3)/(b^(1/3)*x^2-4*a^(1/3)*cos((%pi*(2*k-1))/6)^2+4*a^(1/3)))
    #8 d=8 dl=8 seenp fb=true seenlen=7 seen=- out=1_1_3_7_r45 owner=1_1_3_7_r45:fired f=-(b^(1/3)/(b^(1/3)*x^2-4*a^(1/3)*cos((%pi*k)/3-%pi/6)^2+4*a^(1/3)))
    #9 d=9 dl=9 seenp fb=true seenlen=8 seen=exact@#8(idx1,live=yes) out=fall-through:seen-hit owner=1_1_3_7_r45:fired f=-(b^(1/3)/(b^(1/3)*x^2-4*a^(1/3)*cos((%pi*k)/3-%pi/6)^2+4*a^(1/3)))
        matched elem=-(b^(1/3)/(b^(1/3)*x^2-4*a^(1/3)*cos((%pi*k)/3-%pi/6)^2+4*a^(1/3)))
    #10 d=6 dl=6 seenp fb=true seenlen=5 seen=- out=1_2_1_2_r3 owner=1_2_1_2_r9:fired f=(2*x-2*a^(1/6)*(1/b)^(1/6)*cos((%pi*(2*k-1))/6))/(x^2-2*a^(1/6)*(1/b)^(1/6)*cos((%pi*(2*k-1))/6)*x+a^(1/3)/b^(...
    #11 d=5 dl=5 seenp fb=true seenlen=4 seen=- out=1_2_1_2_r9 owner=1_1_3_2_r37:fired f=(cos((5*%pi*(2*k-1))/6)*x+a^(1/6)*(1/b)^(1/6)*cos((2*%pi*(2*k-1))/3))/(x^2+2*a^(1/6)*(1/b)^(1/6)*cos((%pi*(2*k...
    #12 d=6 dl=6 seenp fb=true seenlen=5 seen=- out=1_2_1_1_r12 owner=1_2_1_2_r9:fired f=1/(x^2+2*a^(1/6)*(1/b)^(1/6)*cos((%pi*(2*k-1))/6)*x+a^(1/3)/b^(1/3))
    #13 d=7 dl=7 seenp fb=true seenlen=6 seen=- out=1_1_3_7_r45 owner=1_2_1_1_r12:fired f=-(b^(1/3)/(b^(1/3)*x^2-4*a^(1/3)*cos((%pi*(2*k-1))/6)^2+4*a^(1/3)))
    #14 d=8 dl=8 seenp fb=true seenlen=7 seen=- out=1_1_3_7_r45 owner=1_1_3_7_r45:fired f=-(b^(1/3)/(b^(1/3)*x^2-4*a^(1/3)*cos((%pi*k)/3-%pi/6)^2+4*a^(1/3)))
    #15 d=9 dl=9 seenp fb=true seenlen=8 seen=exact@#14(idx1,live=yes) out=fall-through:seen-hit owner=1_1_3_7_r45:fired f=-(b^(1/3)/(b^(1/3)*x^2-4*a^(1/3)*cos((%pi*k)/3-%pi/6)^2+4*a^(1/3)))
        matched elem=-(b^(1/3)/(b^(1/3)*x^2-4*a^(1/3)*cos((%pi*k)/3-%pi/6)^2+4*a^(1/3)))
    #16 d=6 dl=6 seenp fb=true seenlen=5 seen=- out=1_2_1_2_r3 owner=1_2_1_2_r9:fired f=(2*x+2*a^(1/6)*(1/b)^(1/6)*cos((%pi*(2*k-1))/6))/(x^2+2*a^(1/6)*(1/b)^(1/6)*cos((%pi*(2*k-1))/6)*x+a^(1/3)/b^(...
    #17 d=5 dl=5 seenp fb=true seenlen=4 seen=- out=1_1_2_1_r10 owner=1_1_3_2_r37:fired f=1/(x^2+a^(1/3)/b^(1/3))
  [exact-only] class=timeout t=30.0s L197 returned=yes t=4.974068 calls=17 ratsimp-hits=0 exact-hits=2 unexited=0 misfire/fault-lines=0 top=1_1_3_4_r22
    fires=1_1_3_7_r45,1_1_3_7_r45,1_2_1_1_r12,1_2_1_2_r3,1_2_1_2_r9,1_1_3_7_r45,1_1_3_7_r45,1_2_1_1_r12,1_2_1_2_r3,1_2_1_2_r9,1_1_2_1_r10,1_1_3_2_r37,1_1_3_2_r71,1_1_3_2_r67,1_1_3_4_r22
    answer sha1=48de6536dbe7 (((7*A*b)/2-(B*a)/2)*((%i*(1/b)^(5/6)*sqrt(1/b^(1/3))*b*log(((2*sqrt(x)+19*%i+7*3^(3/2))*x^10+((190*sqrt(3)*%i+230)*sqrt(x)+2470*%i+190*sqrt(3))*x^9+((665*3^(5/...
    #1 d=1 dl=1 seenp fb=false seenlen=0 seen=- out=1_1_3_4_r22 owner=- f=(B*x^3+A)/(x^(3/2)*(b*x^3+a)^2)
    #2 d=2 dl=2 seenp fb=true seenlen=1 seen=- out=1_1_3_2_r67 owner=1_1_3_4_r22:fired f=1/(x^(3/2)*(b*x^3+a))
    #3 d=3 dl=3 seenp fb=true seenlen=2 seen=- out=1_1_3_2_r71 owner=1_1_3_2_r67:fired f=x^(3/2)/(b*x^3+a)
    #4 d=4 dl=4 seenp fb=true seenlen=3 seen=- out=1_1_3_2_r37 owner=1_1_3_2_r71:fired f=x^4/(b*x^6+a)
    #5 d=5 dl=5 seenp fb=true seenlen=4 seen=- out=1_2_1_2_r9 owner=1_1_3_2_r37:fired f=(a^(1/6)*(1/b)^(1/6)*cos((2*%pi*(2*k-1))/3)-cos((5*%pi*(2*k-1))/6)*x)/(x^2-2*a^(1/6)*(1/b)^(1/6)*cos((%pi*(2*k...
    #6 d=6 dl=6 seenp fb=true seenlen=5 seen=- out=1_2_1_1_r12 owner=1_2_1_2_r9:fired f=1/(x^2-2*a^(1/6)*(1/b)^(1/6)*cos((%pi*(2*k-1))/6)*x+a^(1/3)/b^(1/3))
    #7 d=7 dl=7 seenp fb=true seenlen=6 seen=- out=1_1_3_7_r45 owner=1_2_1_1_r12:fired f=-(b^(1/3)/(b^(1/3)*x^2-4*a^(1/3)*cos((%pi*(2*k-1))/6)^2+4*a^(1/3)))
    #8 d=8 dl=8 seenp fb=true seenlen=7 seen=- out=1_1_3_7_r45 owner=1_1_3_7_r45:fired f=-(b^(1/3)/(b^(1/3)*x^2-4*a^(1/3)*cos((%pi*k)/3-%pi/6)^2+4*a^(1/3)))
    #9 d=9 dl=9 seenp fb=true seenlen=8 seen=exact@#8(idx1,live=yes) out=fall-through:seen-hit owner=1_1_3_7_r45:fired f=-(b^(1/3)/(b^(1/3)*x^2-4*a^(1/3)*cos((%pi*k)/3-%pi/6)^2+4*a^(1/3)))
        matched elem=-(b^(1/3)/(b^(1/3)*x^2-4*a^(1/3)*cos((%pi*k)/3-%pi/6)^2+4*a^(1/3)))
    #10 d=6 dl=6 seenp fb=true seenlen=5 seen=- out=1_2_1_2_r3 owner=1_2_1_2_r9:fired f=(2*x-2*a^(1/6)*(1/b)^(1/6)*cos((%pi*(2*k-1))/6))/(x^2-2*a^(1/6)*(1/b)^(1/6)*cos((%pi*(2*k-1))/6)*x+a^(1/3)/b^(...
    #11 d=5 dl=5 seenp fb=true seenlen=4 seen=- out=1_2_1_2_r9 owner=1_1_3_2_r37:fired f=(cos((5*%pi*(2*k-1))/6)*x+a^(1/6)*(1/b)^(1/6)*cos((2*%pi*(2*k-1))/3))/(x^2+2*a^(1/6)*(1/b)^(1/6)*cos((%pi*(2*k...
    #12 d=6 dl=6 seenp fb=true seenlen=5 seen=- out=1_2_1_1_r12 owner=1_2_1_2_r9:fired f=1/(x^2+2*a^(1/6)*(1/b)^(1/6)*cos((%pi*(2*k-1))/6)*x+a^(1/3)/b^(1/3))
    #13 d=7 dl=7 seenp fb=true seenlen=6 seen=- out=1_1_3_7_r45 owner=1_2_1_1_r12:fired f=-(b^(1/3)/(b^(1/3)*x^2-4*a^(1/3)*cos((%pi*(2*k-1))/6)^2+4*a^(1/3)))
    #14 d=8 dl=8 seenp fb=true seenlen=7 seen=- out=1_1_3_7_r45 owner=1_1_3_7_r45:fired f=-(b^(1/3)/(b^(1/3)*x^2-4*a^(1/3)*cos((%pi*k)/3-%pi/6)^2+4*a^(1/3)))
    #15 d=9 dl=9 seenp fb=true seenlen=8 seen=exact@#14(idx1,live=yes) out=fall-through:seen-hit owner=1_1_3_7_r45:fired f=-(b^(1/3)/(b^(1/3)*x^2-4*a^(1/3)*cos((%pi*k)/3-%pi/6)^2+4*a^(1/3)))
        matched elem=-(b^(1/3)/(b^(1/3)*x^2-4*a^(1/3)*cos((%pi*k)/3-%pi/6)^2+4*a^(1/3)))
    #16 d=6 dl=6 seenp fb=true seenlen=5 seen=- out=1_2_1_2_r3 owner=1_2_1_2_r9:fired f=(2*x+2*a^(1/6)*(1/b)^(1/6)*cos((%pi*(2*k-1))/6))/(x^2+2*a^(1/6)*(1/b)^(1/6)*cos((%pi*(2*k-1))/6)*x+a^(1/3)/b^(...
    #17 d=5 dl=5 seenp fb=true seenlen=4 seen=- out=1_1_2_1_r10 owner=1_1_3_2_r37:fired f=1/(x^2+a^(1/3)/b^(1/3))
  [p0] class=verified t=1.4s L197 returned=yes t=1.350018 calls=2 ratsimp-hits=0 exact-hits=0 unexited=0 misfire/fault-lines=0 top=1_4_1_r34@pass1
    fires=1_4_1_r34
    answer sha1=8d0c8c85de3d (2*(x^3*(b^2*(A*sqrt(x)*(sqrt(-b^(1/3))*(7*log(((2*b*sqrt(x)+3^(3/2)*a^(1/6)*b^(5/6)+a^(1/6)*sqrt(-b^(1/3))*b^(2/3))*x+(5*a^(1/3)*b^(2/3)+sqrt(3)*a^(1/3)*sqrt(-...
    #1 d=1 dl=1 p0-mr_top fb=false seenlen=0 seen=- out=1_4_1_r34@pass1 owner=- f=(B*x^3+A)/(x^(3/2)*(b*x^3+a)^2)
    #2 d=2 dl=2 p0-mr_top fb=true seenlen=1 seen=- out=fall-through:nofire owner=1_4_1_r34:fired f=(B*x^6+A)/(x^2*(b*x^6+a)^2)

--- c1 g34 1 Algebraic functions/1.1 Binomial products/1.1.3 General/1.1.3.4 (e x)^m (a+b x^n)^p (c+d x^n)^q.mac e170 (eq)
  [trace] class=timeout t=30.0s L199 returned=yes t=5.012067 calls=17 ratsimp-hits=0 exact-hits=2 unexited=0 misfire/fault-lines=0 top=1_1_3_4_r22
    fires=1_1_3_7_r45,1_1_3_7_r45,1_2_1_1_r12,1_2_1_2_r3,1_2_1_2_r9,1_1_3_7_r45,1_1_3_7_r45,1_2_1_1_r12,1_2_1_2_r3,1_2_1_2_r9,1_1_2_1_r10,1_1_3_1_r21,1_1_3_2_r71,1_1_3_2_r67,1_1_3_4_r22
    answer sha1=43158ed1a30d (((11*A*b)/2-(5*B*a)/2)*((b^(2/3)*(%i*(1/b)^(1/6)*sqrt(1/b^(1/3))*b^(1/3)*log(((2*sqrt(x)+19*%i+7*3^(3/2))*x^10+((190*sqrt(3)*%i+230)*sqrt(x)+2470*%i+190*sqrt(3...
    #1 d=1 dl=1 seenp fb=false seenlen=0 seen=- out=1_1_3_4_r22 owner=- f=(B*x^3+A)/(x^(7/2)*(b*x^3+a)^2)
    #2 d=2 dl=2 seenp fb=true seenlen=1 seen=- out=1_1_3_2_r67 owner=1_1_3_4_r22:fired f=1/(x^(7/2)*(b*x^3+a))
    #3 d=3 dl=3 seenp fb=true seenlen=2 seen=- out=1_1_3_2_r71 owner=1_1_3_2_r67:fired f=1/(sqrt(x)*(b*x^3+a))
    #4 d=4 dl=4 seenp fb=true seenlen=3 seen=- out=1_1_3_1_r21 owner=1_1_3_2_r71:fired f=1/(b*x^6+a)
    #5 d=5 dl=5 seenp fb=true seenlen=4 seen=- out=1_2_1_2_r9 owner=1_1_3_1_r21:fired f=(a^(1/6)*(1/b)^(1/6)-cos((%pi*(2*k-1))/6)*x)/(x^2-2*a^(1/6)*(1/b)^(1/6)*cos((%pi*(2*k-1))/6)*x+a^(1/3)/b^(1/3)...
    #6 d=6 dl=6 seenp fb=true seenlen=5 seen=- out=1_2_1_1_r12 owner=1_2_1_2_r9:fired f=1/(x^2-2*a^(1/6)*(1/b)^(1/6)*cos((%pi*(2*k-1))/6)*x+a^(1/3)/b^(1/3))
    #7 d=7 dl=7 seenp fb=true seenlen=6 seen=- out=1_1_3_7_r45 owner=1_2_1_1_r12:fired f=-(b^(1/3)/(b^(1/3)*x^2-4*a^(1/3)*cos((%pi*(2*k-1))/6)^2+4*a^(1/3)))
    #8 d=8 dl=8 seenp fb=true seenlen=7 seen=- out=1_1_3_7_r45 owner=1_1_3_7_r45:fired f=-(b^(1/3)/(b^(1/3)*x^2-4*a^(1/3)*cos((%pi*k)/3-%pi/6)^2+4*a^(1/3)))
    #9 d=9 dl=9 seenp fb=true seenlen=8 seen=exact@#8(idx1,live=yes) out=fall-through:seen-hit owner=1_1_3_7_r45:fired f=-(b^(1/3)/(b^(1/3)*x^2-4*a^(1/3)*cos((%pi*k)/3-%pi/6)^2+4*a^(1/3)))
        matched elem=-(b^(1/3)/(b^(1/3)*x^2-4*a^(1/3)*cos((%pi*k)/3-%pi/6)^2+4*a^(1/3)))
    #10 d=6 dl=6 seenp fb=true seenlen=5 seen=- out=1_2_1_2_r3 owner=1_2_1_2_r9:fired f=(2*x-2*a^(1/6)*(1/b)^(1/6)*cos((%pi*(2*k-1))/6))/(x^2-2*a^(1/6)*(1/b)^(1/6)*cos((%pi*(2*k-1))/6)*x+a^(1/3)/b^(...
    #11 d=5 dl=5 seenp fb=true seenlen=4 seen=- out=1_2_1_2_r9 owner=1_1_3_1_r21:fired f=(cos((%pi*(2*k-1))/6)*x+a^(1/6)*(1/b)^(1/6))/(x^2+2*a^(1/6)*(1/b)^(1/6)*cos((%pi*(2*k-1))/6)*x+a^(1/3)/b^(1/3)...
    #12 d=6 dl=6 seenp fb=true seenlen=5 seen=- out=1_2_1_1_r12 owner=1_2_1_2_r9:fired f=1/(x^2+2*a^(1/6)*(1/b)^(1/6)*cos((%pi*(2*k-1))/6)*x+a^(1/3)/b^(1/3))
    #13 d=7 dl=7 seenp fb=true seenlen=6 seen=- out=1_1_3_7_r45 owner=1_2_1_1_r12:fired f=-(b^(1/3)/(b^(1/3)*x^2-4*a^(1/3)*cos((%pi*(2*k-1))/6)^2+4*a^(1/3)))
    #14 d=8 dl=8 seenp fb=true seenlen=7 seen=- out=1_1_3_7_r45 owner=1_1_3_7_r45:fired f=-(b^(1/3)/(b^(1/3)*x^2-4*a^(1/3)*cos((%pi*k)/3-%pi/6)^2+4*a^(1/3)))
    #15 d=9 dl=9 seenp fb=true seenlen=8 seen=exact@#14(idx1,live=yes) out=fall-through:seen-hit owner=1_1_3_7_r45:fired f=-(b^(1/3)/(b^(1/3)*x^2-4*a^(1/3)*cos((%pi*k)/3-%pi/6)^2+4*a^(1/3)))
        matched elem=-(b^(1/3)/(b^(1/3)*x^2-4*a^(1/3)*cos((%pi*k)/3-%pi/6)^2+4*a^(1/3)))
    #16 d=6 dl=6 seenp fb=true seenlen=5 seen=- out=1_2_1_2_r3 owner=1_2_1_2_r9:fired f=(2*x+2*a^(1/6)*(1/b)^(1/6)*cos((%pi*(2*k-1))/6))/(x^2+2*a^(1/6)*(1/b)^(1/6)*cos((%pi*(2*k-1))/6)*x+a^(1/3)/b^(...
    #17 d=5 dl=5 seenp fb=true seenlen=4 seen=- out=1_1_2_1_r10 owner=1_1_3_1_r21:fired f=1/(x^2+a^(1/3)/b^(1/3))
  [exact-only] class=timeout t=30.0s L199 returned=yes t=5.117069 calls=17 ratsimp-hits=0 exact-hits=2 unexited=0 misfire/fault-lines=0 top=1_1_3_4_r22
    fires=1_1_3_7_r45,1_1_3_7_r45,1_2_1_1_r12,1_2_1_2_r3,1_2_1_2_r9,1_1_3_7_r45,1_1_3_7_r45,1_2_1_1_r12,1_2_1_2_r3,1_2_1_2_r9,1_1_2_1_r10,1_1_3_1_r21,1_1_3_2_r71,1_1_3_2_r67,1_1_3_4_r22
    answer sha1=43158ed1a30d (((11*A*b)/2-(5*B*a)/2)*((b^(2/3)*(%i*(1/b)^(1/6)*sqrt(1/b^(1/3))*b^(1/3)*log(((2*sqrt(x)+19*%i+7*3^(3/2))*x^10+((190*sqrt(3)*%i+230)*sqrt(x)+2470*%i+190*sqrt(3...
    #1 d=1 dl=1 seenp fb=false seenlen=0 seen=- out=1_1_3_4_r22 owner=- f=(B*x^3+A)/(x^(7/2)*(b*x^3+a)^2)
    #2 d=2 dl=2 seenp fb=true seenlen=1 seen=- out=1_1_3_2_r67 owner=1_1_3_4_r22:fired f=1/(x^(7/2)*(b*x^3+a))
    #3 d=3 dl=3 seenp fb=true seenlen=2 seen=- out=1_1_3_2_r71 owner=1_1_3_2_r67:fired f=1/(sqrt(x)*(b*x^3+a))
    #4 d=4 dl=4 seenp fb=true seenlen=3 seen=- out=1_1_3_1_r21 owner=1_1_3_2_r71:fired f=1/(b*x^6+a)
    #5 d=5 dl=5 seenp fb=true seenlen=4 seen=- out=1_2_1_2_r9 owner=1_1_3_1_r21:fired f=(a^(1/6)*(1/b)^(1/6)-cos((%pi*(2*k-1))/6)*x)/(x^2-2*a^(1/6)*(1/b)^(1/6)*cos((%pi*(2*k-1))/6)*x+a^(1/3)/b^(1/3)...
    #6 d=6 dl=6 seenp fb=true seenlen=5 seen=- out=1_2_1_1_r12 owner=1_2_1_2_r9:fired f=1/(x^2-2*a^(1/6)*(1/b)^(1/6)*cos((%pi*(2*k-1))/6)*x+a^(1/3)/b^(1/3))
    #7 d=7 dl=7 seenp fb=true seenlen=6 seen=- out=1_1_3_7_r45 owner=1_2_1_1_r12:fired f=-(b^(1/3)/(b^(1/3)*x^2-4*a^(1/3)*cos((%pi*(2*k-1))/6)^2+4*a^(1/3)))
    #8 d=8 dl=8 seenp fb=true seenlen=7 seen=- out=1_1_3_7_r45 owner=1_1_3_7_r45:fired f=-(b^(1/3)/(b^(1/3)*x^2-4*a^(1/3)*cos((%pi*k)/3-%pi/6)^2+4*a^(1/3)))
    #9 d=9 dl=9 seenp fb=true seenlen=8 seen=exact@#8(idx1,live=yes) out=fall-through:seen-hit owner=1_1_3_7_r45:fired f=-(b^(1/3)/(b^(1/3)*x^2-4*a^(1/3)*cos((%pi*k)/3-%pi/6)^2+4*a^(1/3)))
        matched elem=-(b^(1/3)/(b^(1/3)*x^2-4*a^(1/3)*cos((%pi*k)/3-%pi/6)^2+4*a^(1/3)))
    #10 d=6 dl=6 seenp fb=true seenlen=5 seen=- out=1_2_1_2_r3 owner=1_2_1_2_r9:fired f=(2*x-2*a^(1/6)*(1/b)^(1/6)*cos((%pi*(2*k-1))/6))/(x^2-2*a^(1/6)*(1/b)^(1/6)*cos((%pi*(2*k-1))/6)*x+a^(1/3)/b^(...
    #11 d=5 dl=5 seenp fb=true seenlen=4 seen=- out=1_2_1_2_r9 owner=1_1_3_1_r21:fired f=(cos((%pi*(2*k-1))/6)*x+a^(1/6)*(1/b)^(1/6))/(x^2+2*a^(1/6)*(1/b)^(1/6)*cos((%pi*(2*k-1))/6)*x+a^(1/3)/b^(1/3)...
    #12 d=6 dl=6 seenp fb=true seenlen=5 seen=- out=1_2_1_1_r12 owner=1_2_1_2_r9:fired f=1/(x^2+2*a^(1/6)*(1/b)^(1/6)*cos((%pi*(2*k-1))/6)*x+a^(1/3)/b^(1/3))
    #13 d=7 dl=7 seenp fb=true seenlen=6 seen=- out=1_1_3_7_r45 owner=1_2_1_1_r12:fired f=-(b^(1/3)/(b^(1/3)*x^2-4*a^(1/3)*cos((%pi*(2*k-1))/6)^2+4*a^(1/3)))
    #14 d=8 dl=8 seenp fb=true seenlen=7 seen=- out=1_1_3_7_r45 owner=1_1_3_7_r45:fired f=-(b^(1/3)/(b^(1/3)*x^2-4*a^(1/3)*cos((%pi*k)/3-%pi/6)^2+4*a^(1/3)))
    #15 d=9 dl=9 seenp fb=true seenlen=8 seen=exact@#14(idx1,live=yes) out=fall-through:seen-hit owner=1_1_3_7_r45:fired f=-(b^(1/3)/(b^(1/3)*x^2-4*a^(1/3)*cos((%pi*k)/3-%pi/6)^2+4*a^(1/3)))
        matched elem=-(b^(1/3)/(b^(1/3)*x^2-4*a^(1/3)*cos((%pi*k)/3-%pi/6)^2+4*a^(1/3)))
    #16 d=6 dl=6 seenp fb=true seenlen=5 seen=- out=1_2_1_2_r3 owner=1_2_1_2_r9:fired f=(2*x+2*a^(1/6)*(1/b)^(1/6)*cos((%pi*(2*k-1))/6))/(x^2+2*a^(1/6)*(1/b)^(1/6)*cos((%pi*(2*k-1))/6)*x+a^(1/3)/b^(...
    #17 d=5 dl=5 seenp fb=true seenlen=4 seen=- out=1_1_2_1_r10 owner=1_1_3_1_r21:fired f=1/(x^2+a^(1/3)/b^(1/3))
  [p0] class=verified t=1.6s L199 returned=yes t=1.552021 calls=2 ratsimp-hits=0 exact-hits=0 unexited=0 misfire/fault-lines=0 top=1_4_1_r34@pass1
    fires=1_4_1_r34
    answer sha1=31a96fcdb479 (2*(x^5*(A*b^2*sqrt(x)*(a^(1/6)*sqrt(-b^(1/3))*b^(1/6)*(55*log(((2*b*sqrt(x)+3^(3/2)*a^(1/6)*b^(5/6)+a^(1/6)*sqrt(-b^(1/3))*b^(2/3))*x+(5*a^(1/3)*b^(2/3)+sqrt(3...
    #1 d=1 dl=1 p0-mr_top fb=false seenlen=0 seen=- out=1_4_1_r34@pass1 owner=- f=(B*x^3+A)/(x^(7/2)*(b*x^3+a)^2)
    #2 d=2 dl=2 p0-mr_top fb=true seenlen=1 seen=- out=fall-through:nofire owner=1_4_1_r34:fired f=(B*x^6+A)/(x^6*(b*x^6+a)^2)

--- c1 g34 1 Algebraic functions/1.1 Binomial products/1.1.3 General/1.1.3.4 (e x)^m (a+b x^n)^p (c+d x^n)^q.mac e173 (eq)
  [trace] class=timeout t=30.0s L202 returned=yes t=5.005067 calls=17 ratsimp-hits=0 exact-hits=2 unexited=0 misfire/fault-lines=0 top=1_1_3_4_r22
    fires=1_1_3_7_r45,1_1_3_7_r45,1_2_1_1_r12,1_2_1_2_r3,1_2_1_2_r9,1_1_3_7_r45,1_1_3_7_r45,1_2_1_1_r12,1_2_1_2_r3,1_2_1_2_r9,1_1_2_1_r10,1_1_3_2_r37,1_1_3_2_r71,1_1_3_2_r32,1_1_3_4_r22
    answer sha1=8e3fc577500a (((7*A*b)/2+(5*B*a)/2)*(x^(5/2)/(3*a*(b*x^3+a))-(%i*(1/b)^(5/6)*sqrt(1/b^(1/3))*b*log(((2*sqrt(x)+19*%i+7*3^(3/2))*x^10+((190*sqrt(3)*%i+230)*sqrt(x)+2470*%i+19...
    #1 d=1 dl=1 seenp fb=false seenlen=0 seen=- out=1_1_3_4_r22 owner=- f=(x^(3/2)*(B*x^3+A))/(b*x^3+a)^3
    #2 d=2 dl=2 seenp fb=true seenlen=1 seen=- out=1_1_3_2_r32 owner=1_1_3_4_r22:fired f=x^(3/2)/(b*x^3+a)^2
    #3 d=3 dl=3 seenp fb=true seenlen=2 seen=- out=1_1_3_2_r71 owner=1_1_3_2_r32:fired f=x^(3/2)/(b*x^3+a)
    #4 d=4 dl=4 seenp fb=true seenlen=3 seen=- out=1_1_3_2_r37 owner=1_1_3_2_r71:fired f=x^4/(b*x^6+a)
    #5 d=5 dl=5 seenp fb=true seenlen=4 seen=- out=1_2_1_2_r9 owner=1_1_3_2_r37:fired f=(a^(1/6)*(1/b)^(1/6)*cos((2*%pi*(2*k-1))/3)-cos((5*%pi*(2*k-1))/6)*x)/(x^2-2*a^(1/6)*(1/b)^(1/6)*cos((%pi*(2*k...
    #6 d=6 dl=6 seenp fb=true seenlen=5 seen=- out=1_2_1_1_r12 owner=1_2_1_2_r9:fired f=1/(x^2-2*a^(1/6)*(1/b)^(1/6)*cos((%pi*(2*k-1))/6)*x+a^(1/3)/b^(1/3))
    #7 d=7 dl=7 seenp fb=true seenlen=6 seen=- out=1_1_3_7_r45 owner=1_2_1_1_r12:fired f=-(b^(1/3)/(b^(1/3)*x^2-4*a^(1/3)*cos((%pi*(2*k-1))/6)^2+4*a^(1/3)))
    #8 d=8 dl=8 seenp fb=true seenlen=7 seen=- out=1_1_3_7_r45 owner=1_1_3_7_r45:fired f=-(b^(1/3)/(b^(1/3)*x^2-4*a^(1/3)*cos((%pi*k)/3-%pi/6)^2+4*a^(1/3)))
    #9 d=9 dl=9 seenp fb=true seenlen=8 seen=exact@#8(idx1,live=yes) out=fall-through:seen-hit owner=1_1_3_7_r45:fired f=-(b^(1/3)/(b^(1/3)*x^2-4*a^(1/3)*cos((%pi*k)/3-%pi/6)^2+4*a^(1/3)))
        matched elem=-(b^(1/3)/(b^(1/3)*x^2-4*a^(1/3)*cos((%pi*k)/3-%pi/6)^2+4*a^(1/3)))
    #10 d=6 dl=6 seenp fb=true seenlen=5 seen=- out=1_2_1_2_r3 owner=1_2_1_2_r9:fired f=(2*x-2*a^(1/6)*(1/b)^(1/6)*cos((%pi*(2*k-1))/6))/(x^2-2*a^(1/6)*(1/b)^(1/6)*cos((%pi*(2*k-1))/6)*x+a^(1/3)/b^(...
    #11 d=5 dl=5 seenp fb=true seenlen=4 seen=- out=1_2_1_2_r9 owner=1_1_3_2_r37:fired f=(cos((5*%pi*(2*k-1))/6)*x+a^(1/6)*(1/b)^(1/6)*cos((2*%pi*(2*k-1))/3))/(x^2+2*a^(1/6)*(1/b)^(1/6)*cos((%pi*(2*k...
    #12 d=6 dl=6 seenp fb=true seenlen=5 seen=- out=1_2_1_1_r12 owner=1_2_1_2_r9:fired f=1/(x^2+2*a^(1/6)*(1/b)^(1/6)*cos((%pi*(2*k-1))/6)*x+a^(1/3)/b^(1/3))
    #13 d=7 dl=7 seenp fb=true seenlen=6 seen=- out=1_1_3_7_r45 owner=1_2_1_1_r12:fired f=-(b^(1/3)/(b^(1/3)*x^2-4*a^(1/3)*cos((%pi*(2*k-1))/6)^2+4*a^(1/3)))
    #14 d=8 dl=8 seenp fb=true seenlen=7 seen=- out=1_1_3_7_r45 owner=1_1_3_7_r45:fired f=-(b^(1/3)/(b^(1/3)*x^2-4*a^(1/3)*cos((%pi*k)/3-%pi/6)^2+4*a^(1/3)))
    #15 d=9 dl=9 seenp fb=true seenlen=8 seen=exact@#14(idx1,live=yes) out=fall-through:seen-hit owner=1_1_3_7_r45:fired f=-(b^(1/3)/(b^(1/3)*x^2-4*a^(1/3)*cos((%pi*k)/3-%pi/6)^2+4*a^(1/3)))
        matched elem=-(b^(1/3)/(b^(1/3)*x^2-4*a^(1/3)*cos((%pi*k)/3-%pi/6)^2+4*a^(1/3)))
    #16 d=6 dl=6 seenp fb=true seenlen=5 seen=- out=1_2_1_2_r3 owner=1_2_1_2_r9:fired f=(2*x+2*a^(1/6)*(1/b)^(1/6)*cos((%pi*(2*k-1))/6))/(x^2+2*a^(1/6)*(1/b)^(1/6)*cos((%pi*(2*k-1))/6)*x+a^(1/3)/b^(...
    #17 d=5 dl=5 seenp fb=true seenlen=4 seen=- out=1_1_2_1_r10 owner=1_1_3_2_r37:fired f=1/(x^2+a^(1/3)/b^(1/3))
  [exact-only] class=timeout t=30.0s L202 returned=yes t=4.999067 calls=17 ratsimp-hits=0 exact-hits=2 unexited=0 misfire/fault-lines=0 top=1_1_3_4_r22
    fires=1_1_3_7_r45,1_1_3_7_r45,1_2_1_1_r12,1_2_1_2_r3,1_2_1_2_r9,1_1_3_7_r45,1_1_3_7_r45,1_2_1_1_r12,1_2_1_2_r3,1_2_1_2_r9,1_1_2_1_r10,1_1_3_2_r37,1_1_3_2_r71,1_1_3_2_r32,1_1_3_4_r22
    answer sha1=8e3fc577500a (((7*A*b)/2+(5*B*a)/2)*(x^(5/2)/(3*a*(b*x^3+a))-(%i*(1/b)^(5/6)*sqrt(1/b^(1/3))*b*log(((2*sqrt(x)+19*%i+7*3^(3/2))*x^10+((190*sqrt(3)*%i+230)*sqrt(x)+2470*%i+19...
    #1 d=1 dl=1 seenp fb=false seenlen=0 seen=- out=1_1_3_4_r22 owner=- f=(x^(3/2)*(B*x^3+A))/(b*x^3+a)^3
    #2 d=2 dl=2 seenp fb=true seenlen=1 seen=- out=1_1_3_2_r32 owner=1_1_3_4_r22:fired f=x^(3/2)/(b*x^3+a)^2
    #3 d=3 dl=3 seenp fb=true seenlen=2 seen=- out=1_1_3_2_r71 owner=1_1_3_2_r32:fired f=x^(3/2)/(b*x^3+a)
    #4 d=4 dl=4 seenp fb=true seenlen=3 seen=- out=1_1_3_2_r37 owner=1_1_3_2_r71:fired f=x^4/(b*x^6+a)
    #5 d=5 dl=5 seenp fb=true seenlen=4 seen=- out=1_2_1_2_r9 owner=1_1_3_2_r37:fired f=(a^(1/6)*(1/b)^(1/6)*cos((2*%pi*(2*k-1))/3)-cos((5*%pi*(2*k-1))/6)*x)/(x^2-2*a^(1/6)*(1/b)^(1/6)*cos((%pi*(2*k...
    #6 d=6 dl=6 seenp fb=true seenlen=5 seen=- out=1_2_1_1_r12 owner=1_2_1_2_r9:fired f=1/(x^2-2*a^(1/6)*(1/b)^(1/6)*cos((%pi*(2*k-1))/6)*x+a^(1/3)/b^(1/3))
    #7 d=7 dl=7 seenp fb=true seenlen=6 seen=- out=1_1_3_7_r45 owner=1_2_1_1_r12:fired f=-(b^(1/3)/(b^(1/3)*x^2-4*a^(1/3)*cos((%pi*(2*k-1))/6)^2+4*a^(1/3)))
    #8 d=8 dl=8 seenp fb=true seenlen=7 seen=- out=1_1_3_7_r45 owner=1_1_3_7_r45:fired f=-(b^(1/3)/(b^(1/3)*x^2-4*a^(1/3)*cos((%pi*k)/3-%pi/6)^2+4*a^(1/3)))
    #9 d=9 dl=9 seenp fb=true seenlen=8 seen=exact@#8(idx1,live=yes) out=fall-through:seen-hit owner=1_1_3_7_r45:fired f=-(b^(1/3)/(b^(1/3)*x^2-4*a^(1/3)*cos((%pi*k)/3-%pi/6)^2+4*a^(1/3)))
        matched elem=-(b^(1/3)/(b^(1/3)*x^2-4*a^(1/3)*cos((%pi*k)/3-%pi/6)^2+4*a^(1/3)))
    #10 d=6 dl=6 seenp fb=true seenlen=5 seen=- out=1_2_1_2_r3 owner=1_2_1_2_r9:fired f=(2*x-2*a^(1/6)*(1/b)^(1/6)*cos((%pi*(2*k-1))/6))/(x^2-2*a^(1/6)*(1/b)^(1/6)*cos((%pi*(2*k-1))/6)*x+a^(1/3)/b^(...
    #11 d=5 dl=5 seenp fb=true seenlen=4 seen=- out=1_2_1_2_r9 owner=1_1_3_2_r37:fired f=(cos((5*%pi*(2*k-1))/6)*x+a^(1/6)*(1/b)^(1/6)*cos((2*%pi*(2*k-1))/3))/(x^2+2*a^(1/6)*(1/b)^(1/6)*cos((%pi*(2*k...
    #12 d=6 dl=6 seenp fb=true seenlen=5 seen=- out=1_2_1_1_r12 owner=1_2_1_2_r9:fired f=1/(x^2+2*a^(1/6)*(1/b)^(1/6)*cos((%pi*(2*k-1))/6)*x+a^(1/3)/b^(1/3))
    #13 d=7 dl=7 seenp fb=true seenlen=6 seen=- out=1_1_3_7_r45 owner=1_2_1_1_r12:fired f=-(b^(1/3)/(b^(1/3)*x^2-4*a^(1/3)*cos((%pi*(2*k-1))/6)^2+4*a^(1/3)))
    #14 d=8 dl=8 seenp fb=true seenlen=7 seen=- out=1_1_3_7_r45 owner=1_1_3_7_r45:fired f=-(b^(1/3)/(b^(1/3)*x^2-4*a^(1/3)*cos((%pi*k)/3-%pi/6)^2+4*a^(1/3)))
    #15 d=9 dl=9 seenp fb=true seenlen=8 seen=exact@#14(idx1,live=yes) out=fall-through:seen-hit owner=1_1_3_7_r45:fired f=-(b^(1/3)/(b^(1/3)*x^2-4*a^(1/3)*cos((%pi*k)/3-%pi/6)^2+4*a^(1/3)))
        matched elem=-(b^(1/3)/(b^(1/3)*x^2-4*a^(1/3)*cos((%pi*k)/3-%pi/6)^2+4*a^(1/3)))
    #16 d=6 dl=6 seenp fb=true seenlen=5 seen=- out=1_2_1_2_r3 owner=1_2_1_2_r9:fired f=(2*x+2*a^(1/6)*(1/b)^(1/6)*cos((%pi*(2*k-1))/6))/(x^2+2*a^(1/6)*(1/b)^(1/6)*cos((%pi*(2*k-1))/6)*x+a^(1/3)/b^(...
    #17 d=5 dl=5 seenp fb=true seenlen=4 seen=- out=1_1_2_1_r10 owner=1_1_3_2_r37:fired f=1/(x^2+a^(1/3)/b^(1/3))
  [p0] class=verified t=2.3s L202 returned=yes t=2.197029 calls=3 ratsimp-hits=0 exact-hits=0 unexited=0 misfire/fault-lines=0 top=1_4_1_r34@pass1
    fires=1_3_4_r21,1_4_1_r34
    answer sha1=ab0e71ad3b94 -((2*(x^3*(A*a*b^2*(sqrt(-b^(1/3))*(14*log(((2*b*sqrt(x)+3^(3/2)*a^(1/6)*b^(5/6)+a^(1/6)*sqrt(-b^(1/3))*b^(2/3))*x+(5*a^(1/3)*b^(2/3)+sqrt(3)*a^(1/3)*sqrt(-b^(1...
    #1 d=1 dl=1 p0-mr_top fb=false seenlen=0 seen=- out=1_4_1_r34@pass1 owner=- f=(x^(3/2)*(B*x^3+A))/(b*x^3+a)^3
    #2 d=2 dl=2 p0-mr_top fb=true seenlen=1 seen=- out=1_3_4_r21@pass1 owner=1_4_1_r34:fired f=(x^4*(B*x^6+A))/(b*x^6+a)^3
    #3 d=3 dl=3 p0-mr_top fb=true seenlen=2 seen=- out=fall-through:nofire owner=1_3_4_r21:fired f=(-(7*A*b*x^4)-5*B*a*x^4)/(b*x^6+a)^3

--- c1 g34 1 Algebraic functions/1.1 Binomial products/1.1.3 General/1.1.3.4 (e x)^m (a+b x^n)^p (c+d x^n)^q.mac e175 (eq)
  [trace] class=timeout t=30.0s L204 returned=yes t=4.932067 calls=17 ratsimp-hits=0 exact-hits=2 unexited=0 misfire/fault-lines=0 top=1_1_3_4_r22
    fires=1_1_3_7_r45,1_1_3_7_r45,1_2_1_1_r12,1_2_1_2_r3,1_2_1_2_r9,1_1_3_7_r45,1_1_3_7_r45,1_2_1_1_r12,1_2_1_2_r3,1_2_1_2_r9,1_1_2_1_r10,1_1_3_1_r21,1_1_3_2_r71,1_1_3_2_r32,1_1_3_4_r22
    answer sha1=6c7a0c327583 (((11*A*b)/2+(B*a)/2)*(sqrt(x)/(3*a*(b*x^3+a))-(5*(%i*(1/b)^(1/6)*sqrt(1/b^(1/3))*b^(1/3)*log(((2*sqrt(x)+19*%i+7*3^(3/2))*x^10+((190*sqrt(3)*%i+230)*sqrt(x)+24...
    #1 d=1 dl=1 seenp fb=false seenlen=0 seen=- out=1_1_3_4_r22 owner=- f=(B*x^3+A)/(sqrt(x)*(b*x^3+a)^3)
    #2 d=2 dl=2 seenp fb=true seenlen=1 seen=- out=1_1_3_2_r32 owner=1_1_3_4_r22:fired f=1/(sqrt(x)*(b*x^3+a)^2)
    #3 d=3 dl=3 seenp fb=true seenlen=2 seen=- out=1_1_3_2_r71 owner=1_1_3_2_r32:fired f=1/(sqrt(x)*(b*x^3+a))
    #4 d=4 dl=4 seenp fb=true seenlen=3 seen=- out=1_1_3_1_r21 owner=1_1_3_2_r71:fired f=1/(b*x^6+a)
    #5 d=5 dl=5 seenp fb=true seenlen=4 seen=- out=1_2_1_2_r9 owner=1_1_3_1_r21:fired f=(a^(1/6)*(1/b)^(1/6)-cos((%pi*(2*k-1))/6)*x)/(x^2-2*a^(1/6)*(1/b)^(1/6)*cos((%pi*(2*k-1))/6)*x+a^(1/3)/b^(1/3)...
    #6 d=6 dl=6 seenp fb=true seenlen=5 seen=- out=1_2_1_1_r12 owner=1_2_1_2_r9:fired f=1/(x^2-2*a^(1/6)*(1/b)^(1/6)*cos((%pi*(2*k-1))/6)*x+a^(1/3)/b^(1/3))
    #7 d=7 dl=7 seenp fb=true seenlen=6 seen=- out=1_1_3_7_r45 owner=1_2_1_1_r12:fired f=-(b^(1/3)/(b^(1/3)*x^2-4*a^(1/3)*cos((%pi*(2*k-1))/6)^2+4*a^(1/3)))
    #8 d=8 dl=8 seenp fb=true seenlen=7 seen=- out=1_1_3_7_r45 owner=1_1_3_7_r45:fired f=-(b^(1/3)/(b^(1/3)*x^2-4*a^(1/3)*cos((%pi*k)/3-%pi/6)^2+4*a^(1/3)))
    #9 d=9 dl=9 seenp fb=true seenlen=8 seen=exact@#8(idx1,live=yes) out=fall-through:seen-hit owner=1_1_3_7_r45:fired f=-(b^(1/3)/(b^(1/3)*x^2-4*a^(1/3)*cos((%pi*k)/3-%pi/6)^2+4*a^(1/3)))
        matched elem=-(b^(1/3)/(b^(1/3)*x^2-4*a^(1/3)*cos((%pi*k)/3-%pi/6)^2+4*a^(1/3)))
    #10 d=6 dl=6 seenp fb=true seenlen=5 seen=- out=1_2_1_2_r3 owner=1_2_1_2_r9:fired f=(2*x-2*a^(1/6)*(1/b)^(1/6)*cos((%pi*(2*k-1))/6))/(x^2-2*a^(1/6)*(1/b)^(1/6)*cos((%pi*(2*k-1))/6)*x+a^(1/3)/b^(...
    #11 d=5 dl=5 seenp fb=true seenlen=4 seen=- out=1_2_1_2_r9 owner=1_1_3_1_r21:fired f=(cos((%pi*(2*k-1))/6)*x+a^(1/6)*(1/b)^(1/6))/(x^2+2*a^(1/6)*(1/b)^(1/6)*cos((%pi*(2*k-1))/6)*x+a^(1/3)/b^(1/3)...
    #12 d=6 dl=6 seenp fb=true seenlen=5 seen=- out=1_2_1_1_r12 owner=1_2_1_2_r9:fired f=1/(x^2+2*a^(1/6)*(1/b)^(1/6)*cos((%pi*(2*k-1))/6)*x+a^(1/3)/b^(1/3))
    #13 d=7 dl=7 seenp fb=true seenlen=6 seen=- out=1_1_3_7_r45 owner=1_2_1_1_r12:fired f=-(b^(1/3)/(b^(1/3)*x^2-4*a^(1/3)*cos((%pi*(2*k-1))/6)^2+4*a^(1/3)))
    #14 d=8 dl=8 seenp fb=true seenlen=7 seen=- out=1_1_3_7_r45 owner=1_1_3_7_r45:fired f=-(b^(1/3)/(b^(1/3)*x^2-4*a^(1/3)*cos((%pi*k)/3-%pi/6)^2+4*a^(1/3)))
    #15 d=9 dl=9 seenp fb=true seenlen=8 seen=exact@#14(idx1,live=yes) out=fall-through:seen-hit owner=1_1_3_7_r45:fired f=-(b^(1/3)/(b^(1/3)*x^2-4*a^(1/3)*cos((%pi*k)/3-%pi/6)^2+4*a^(1/3)))
        matched elem=-(b^(1/3)/(b^(1/3)*x^2-4*a^(1/3)*cos((%pi*k)/3-%pi/6)^2+4*a^(1/3)))
    #16 d=6 dl=6 seenp fb=true seenlen=5 seen=- out=1_2_1_2_r3 owner=1_2_1_2_r9:fired f=(2*x+2*a^(1/6)*(1/b)^(1/6)*cos((%pi*(2*k-1))/6))/(x^2+2*a^(1/6)*(1/b)^(1/6)*cos((%pi*(2*k-1))/6)*x+a^(1/3)/b^(...
    #17 d=5 dl=5 seenp fb=true seenlen=4 seen=- out=1_1_2_1_r10 owner=1_1_3_1_r21:fired f=1/(x^2+a^(1/3)/b^(1/3))
  [exact-only] class=timeout t=30.0s L204 returned=yes t=4.928067 calls=17 ratsimp-hits=0 exact-hits=2 unexited=0 misfire/fault-lines=0 top=1_1_3_4_r22
    fires=1_1_3_7_r45,1_1_3_7_r45,1_2_1_1_r12,1_2_1_2_r3,1_2_1_2_r9,1_1_3_7_r45,1_1_3_7_r45,1_2_1_1_r12,1_2_1_2_r3,1_2_1_2_r9,1_1_2_1_r10,1_1_3_1_r21,1_1_3_2_r71,1_1_3_2_r32,1_1_3_4_r22
    answer sha1=6c7a0c327583 (((11*A*b)/2+(B*a)/2)*(sqrt(x)/(3*a*(b*x^3+a))-(5*(%i*(1/b)^(1/6)*sqrt(1/b^(1/3))*b^(1/3)*log(((2*sqrt(x)+19*%i+7*3^(3/2))*x^10+((190*sqrt(3)*%i+230)*sqrt(x)+24...
    #1 d=1 dl=1 seenp fb=false seenlen=0 seen=- out=1_1_3_4_r22 owner=- f=(B*x^3+A)/(sqrt(x)*(b*x^3+a)^3)
    #2 d=2 dl=2 seenp fb=true seenlen=1 seen=- out=1_1_3_2_r32 owner=1_1_3_4_r22:fired f=1/(sqrt(x)*(b*x^3+a)^2)
    #3 d=3 dl=3 seenp fb=true seenlen=2 seen=- out=1_1_3_2_r71 owner=1_1_3_2_r32:fired f=1/(sqrt(x)*(b*x^3+a))
    #4 d=4 dl=4 seenp fb=true seenlen=3 seen=- out=1_1_3_1_r21 owner=1_1_3_2_r71:fired f=1/(b*x^6+a)
    #5 d=5 dl=5 seenp fb=true seenlen=4 seen=- out=1_2_1_2_r9 owner=1_1_3_1_r21:fired f=(a^(1/6)*(1/b)^(1/6)-cos((%pi*(2*k-1))/6)*x)/(x^2-2*a^(1/6)*(1/b)^(1/6)*cos((%pi*(2*k-1))/6)*x+a^(1/3)/b^(1/3)...
    #6 d=6 dl=6 seenp fb=true seenlen=5 seen=- out=1_2_1_1_r12 owner=1_2_1_2_r9:fired f=1/(x^2-2*a^(1/6)*(1/b)^(1/6)*cos((%pi*(2*k-1))/6)*x+a^(1/3)/b^(1/3))
    #7 d=7 dl=7 seenp fb=true seenlen=6 seen=- out=1_1_3_7_r45 owner=1_2_1_1_r12:fired f=-(b^(1/3)/(b^(1/3)*x^2-4*a^(1/3)*cos((%pi*(2*k-1))/6)^2+4*a^(1/3)))
    #8 d=8 dl=8 seenp fb=true seenlen=7 seen=- out=1_1_3_7_r45 owner=1_1_3_7_r45:fired f=-(b^(1/3)/(b^(1/3)*x^2-4*a^(1/3)*cos((%pi*k)/3-%pi/6)^2+4*a^(1/3)))
    #9 d=9 dl=9 seenp fb=true seenlen=8 seen=exact@#8(idx1,live=yes) out=fall-through:seen-hit owner=1_1_3_7_r45:fired f=-(b^(1/3)/(b^(1/3)*x^2-4*a^(1/3)*cos((%pi*k)/3-%pi/6)^2+4*a^(1/3)))
        matched elem=-(b^(1/3)/(b^(1/3)*x^2-4*a^(1/3)*cos((%pi*k)/3-%pi/6)^2+4*a^(1/3)))
    #10 d=6 dl=6 seenp fb=true seenlen=5 seen=- out=1_2_1_2_r3 owner=1_2_1_2_r9:fired f=(2*x-2*a^(1/6)*(1/b)^(1/6)*cos((%pi*(2*k-1))/6))/(x^2-2*a^(1/6)*(1/b)^(1/6)*cos((%pi*(2*k-1))/6)*x+a^(1/3)/b^(...
    #11 d=5 dl=5 seenp fb=true seenlen=4 seen=- out=1_2_1_2_r9 owner=1_1_3_1_r21:fired f=(cos((%pi*(2*k-1))/6)*x+a^(1/6)*(1/b)^(1/6))/(x^2+2*a^(1/6)*(1/b)^(1/6)*cos((%pi*(2*k-1))/6)*x+a^(1/3)/b^(1/3)...
    #12 d=6 dl=6 seenp fb=true seenlen=5 seen=- out=1_2_1_1_r12 owner=1_2_1_2_r9:fired f=1/(x^2+2*a^(1/6)*(1/b)^(1/6)*cos((%pi*(2*k-1))/6)*x+a^(1/3)/b^(1/3))
    #13 d=7 dl=7 seenp fb=true seenlen=6 seen=- out=1_1_3_7_r45 owner=1_2_1_1_r12:fired f=-(b^(1/3)/(b^(1/3)*x^2-4*a^(1/3)*cos((%pi*(2*k-1))/6)^2+4*a^(1/3)))
    #14 d=8 dl=8 seenp fb=true seenlen=7 seen=- out=1_1_3_7_r45 owner=1_1_3_7_r45:fired f=-(b^(1/3)/(b^(1/3)*x^2-4*a^(1/3)*cos((%pi*k)/3-%pi/6)^2+4*a^(1/3)))
    #15 d=9 dl=9 seenp fb=true seenlen=8 seen=exact@#14(idx1,live=yes) out=fall-through:seen-hit owner=1_1_3_7_r45:fired f=-(b^(1/3)/(b^(1/3)*x^2-4*a^(1/3)*cos((%pi*k)/3-%pi/6)^2+4*a^(1/3)))
        matched elem=-(b^(1/3)/(b^(1/3)*x^2-4*a^(1/3)*cos((%pi*k)/3-%pi/6)^2+4*a^(1/3)))
    #16 d=6 dl=6 seenp fb=true seenlen=5 seen=- out=1_2_1_2_r3 owner=1_2_1_2_r9:fired f=(2*x+2*a^(1/6)*(1/b)^(1/6)*cos((%pi*(2*k-1))/6))/(x^2+2*a^(1/6)*(1/b)^(1/6)*cos((%pi*(2*k-1))/6)*x+a^(1/3)/b^(...
    #17 d=5 dl=5 seenp fb=true seenlen=4 seen=- out=1_1_2_1_r10 owner=1_1_3_1_r21:fired f=1/(x^2+a^(1/3)/b^(1/3))
  [p0] class=verified t=0.8s L204 returned=yes t=0.693009 calls=3 ratsimp-hits=1 exact-hits=0 unexited=0 misfire/fault-lines=0 top=1_4_1_r34@pass1
    fires=1_1_3_3_r60,1_4_1_r34
    answer sha1=28e987b4d8f9 -((2*(x^3*(b^2*(A*a*(a^(1/6)*sqrt(-b^(1/3))*b^(2/3)*(110*log(((2*b*sqrt(x)+3^(3/2)*a^(1/6)*b^(5/6)+a^(1/6)*sqrt(-b^(1/3))*b^(2/3))*x+(5*a^(1/3)*b^(2/3)+sqrt(3)*...
    #1 d=1 dl=1 p0-mr_top fb=false seenlen=0 seen=- out=1_4_1_r34@pass1 owner=- f=(B*x^3+A)/(sqrt(x)*(b*x^3+a)^3)
    #2 d=2 dl=2 p0-mr_top fb=true seenlen=1 seen=- out=1_1_3_3_r60@pass1 owner=1_4_1_r34:fired f=(B*x^6+A)/(b*x^6+a)^3
    #3 d=3 dl=3 p0-mr_top fb=true seenlen=2 seen=ratsimp@#2(idx1,live=yes) out=fall-through:seen-hit owner=1_1_3_3_r60:fired f=(B*x^6)/(b^3*x^18+3*a*b^2*x^12+3*a^2*b*x^6+a^3)+A/(b^3*x^18+3*a*b^2*x^12+3*a^2*b*x^6+a^3)
        matched elem=(B*x^6+A)/(b*x^6+a)^3

--- c1 g34 1 Algebraic functions/1.1 Binomial products/1.1.3 General/1.1.3.4 (e x)^m (a+b x^n)^p (c+d x^n)^q.mac e176 (eq)
  [trace] class=timeout t=30.0s L205 returned=yes t=5.065068 calls=18 ratsimp-hits=0 exact-hits=2 unexited=0 misfire/fault-lines=0 top=1_1_3_4_r22
    fires=1_1_3_7_r45,1_1_3_7_r45,1_2_1_1_r12,1_2_1_2_r3,1_2_1_2_r9,1_1_3_7_r45,1_1_3_7_r45,1_2_1_1_r12,1_2_1_2_r3,1_2_1_2_r9,1_1_2_1_r10,1_1_3_2_r37,1_1_3_2_r71,1_1_3_2_r67,1_1_3_2_r32,1_1_3_4_r22
    answer sha1=0e3b2909e238 (((13*A*b)/2-(B*a)/2)*((7*((%i*(1/b)^(5/6)*sqrt(1/b^(1/3))*b*log(((2*sqrt(x)+19*%i+7*3^(3/2))*x^10+((190*sqrt(3)*%i+230)*sqrt(x)+2470*%i+190*sqrt(3))*x^9+((665*...
    #1 d=1 dl=1 seenp fb=false seenlen=0 seen=- out=1_1_3_4_r22 owner=- f=(B*x^3+A)/(x^(3/2)*(b*x^3+a)^3)
    #2 d=2 dl=2 seenp fb=true seenlen=1 seen=- out=1_1_3_2_r32 owner=1_1_3_4_r22:fired f=1/(x^(3/2)*(b*x^3+a)^2)
    #3 d=3 dl=3 seenp fb=true seenlen=2 seen=- out=1_1_3_2_r67 owner=1_1_3_2_r32:fired f=1/(x^(3/2)*(b*x^3+a))
    #4 d=4 dl=4 seenp fb=true seenlen=3 seen=- out=1_1_3_2_r71 owner=1_1_3_2_r67:fired f=x^(3/2)/(b*x^3+a)
    #5 d=5 dl=5 seenp fb=true seenlen=4 seen=- out=1_1_3_2_r37 owner=1_1_3_2_r71:fired f=x^4/(b*x^6+a)
    #6 d=6 dl=6 seenp fb=true seenlen=5 seen=- out=1_2_1_2_r9 owner=1_1_3_2_r37:fired f=(a^(1/6)*(1/b)^(1/6)*cos((2*%pi*(2*k-1))/3)-cos((5*%pi*(2*k-1))/6)*x)/(x^2-2*a^(1/6)*(1/b)^(1/6)*cos((%pi*(2*k...
    #7 d=7 dl=7 seenp fb=true seenlen=6 seen=- out=1_2_1_1_r12 owner=1_2_1_2_r9:fired f=1/(x^2-2*a^(1/6)*(1/b)^(1/6)*cos((%pi*(2*k-1))/6)*x+a^(1/3)/b^(1/3))
    #8 d=8 dl=8 seenp fb=true seenlen=7 seen=- out=1_1_3_7_r45 owner=1_2_1_1_r12:fired f=-(b^(1/3)/(b^(1/3)*x^2-4*a^(1/3)*cos((%pi*(2*k-1))/6)^2+4*a^(1/3)))
    #9 d=9 dl=9 seenp fb=true seenlen=8 seen=- out=1_1_3_7_r45 owner=1_1_3_7_r45:fired f=-(b^(1/3)/(b^(1/3)*x^2-4*a^(1/3)*cos((%pi*k)/3-%pi/6)^2+4*a^(1/3)))
    #10 d=10 dl=10 seenp fb=true seenlen=9 seen=exact@#9(idx1,live=yes) out=fall-through:seen-hit owner=1_1_3_7_r45:fired f=-(b^(1/3)/(b^(1/3)*x^2-4*a^(1/3)*cos((%pi*k)/3-%pi/6)^2+4*a^(1/3)))
        matched elem=-(b^(1/3)/(b^(1/3)*x^2-4*a^(1/3)*cos((%pi*k)/3-%pi/6)^2+4*a^(1/3)))
    #11 d=7 dl=7 seenp fb=true seenlen=6 seen=- out=1_2_1_2_r3 owner=1_2_1_2_r9:fired f=(2*x-2*a^(1/6)*(1/b)^(1/6)*cos((%pi*(2*k-1))/6))/(x^2-2*a^(1/6)*(1/b)^(1/6)*cos((%pi*(2*k-1))/6)*x+a^(1/3)/b^(...
    #12 d=6 dl=6 seenp fb=true seenlen=5 seen=- out=1_2_1_2_r9 owner=1_1_3_2_r37:fired f=(cos((5*%pi*(2*k-1))/6)*x+a^(1/6)*(1/b)^(1/6)*cos((2*%pi*(2*k-1))/3))/(x^2+2*a^(1/6)*(1/b)^(1/6)*cos((%pi*(2*k...
    #13 d=7 dl=7 seenp fb=true seenlen=6 seen=- out=1_2_1_1_r12 owner=1_2_1_2_r9:fired f=1/(x^2+2*a^(1/6)*(1/b)^(1/6)*cos((%pi*(2*k-1))/6)*x+a^(1/3)/b^(1/3))
    #14 d=8 dl=8 seenp fb=true seenlen=7 seen=- out=1_1_3_7_r45 owner=1_2_1_1_r12:fired f=-(b^(1/3)/(b^(1/3)*x^2-4*a^(1/3)*cos((%pi*(2*k-1))/6)^2+4*a^(1/3)))
    #15 d=9 dl=9 seenp fb=true seenlen=8 seen=- out=1_1_3_7_r45 owner=1_1_3_7_r45:fired f=-(b^(1/3)/(b^(1/3)*x^2-4*a^(1/3)*cos((%pi*k)/3-%pi/6)^2+4*a^(1/3)))
    #16 d=10 dl=10 seenp fb=true seenlen=9 seen=exact@#15(idx1,live=yes) out=fall-through:seen-hit owner=1_1_3_7_r45:fired f=-(b^(1/3)/(b^(1/3)*x^2-4*a^(1/3)*cos((%pi*k)/3-%pi/6)^2+4*a^(1/3)))
        matched elem=-(b^(1/3)/(b^(1/3)*x^2-4*a^(1/3)*cos((%pi*k)/3-%pi/6)^2+4*a^(1/3)))
    #17 d=7 dl=7 seenp fb=true seenlen=6 seen=- out=1_2_1_2_r3 owner=1_2_1_2_r9:fired f=(2*x+2*a^(1/6)*(1/b)^(1/6)*cos((%pi*(2*k-1))/6))/(x^2+2*a^(1/6)*(1/b)^(1/6)*cos((%pi*(2*k-1))/6)*x+a^(1/3)/b^(...
    #18 d=6 dl=6 seenp fb=true seenlen=5 seen=- out=1_1_2_1_r10 owner=1_1_3_2_r37:fired f=1/(x^2+a^(1/3)/b^(1/3))
  [exact-only] class=timeout t=30.0s L205 returned=yes t=5.056068 calls=18 ratsimp-hits=0 exact-hits=2 unexited=0 misfire/fault-lines=0 top=1_1_3_4_r22
    fires=1_1_3_7_r45,1_1_3_7_r45,1_2_1_1_r12,1_2_1_2_r3,1_2_1_2_r9,1_1_3_7_r45,1_1_3_7_r45,1_2_1_1_r12,1_2_1_2_r3,1_2_1_2_r9,1_1_2_1_r10,1_1_3_2_r37,1_1_3_2_r71,1_1_3_2_r67,1_1_3_2_r32,1_1_3_4_r22
    answer sha1=0e3b2909e238 (((13*A*b)/2-(B*a)/2)*((7*((%i*(1/b)^(5/6)*sqrt(1/b^(1/3))*b*log(((2*sqrt(x)+19*%i+7*3^(3/2))*x^10+((190*sqrt(3)*%i+230)*sqrt(x)+2470*%i+190*sqrt(3))*x^9+((665*...
    #1 d=1 dl=1 seenp fb=false seenlen=0 seen=- out=1_1_3_4_r22 owner=- f=(B*x^3+A)/(x^(3/2)*(b*x^3+a)^3)
    #2 d=2 dl=2 seenp fb=true seenlen=1 seen=- out=1_1_3_2_r32 owner=1_1_3_4_r22:fired f=1/(x^(3/2)*(b*x^3+a)^2)
    #3 d=3 dl=3 seenp fb=true seenlen=2 seen=- out=1_1_3_2_r67 owner=1_1_3_2_r32:fired f=1/(x^(3/2)*(b*x^3+a))
    #4 d=4 dl=4 seenp fb=true seenlen=3 seen=- out=1_1_3_2_r71 owner=1_1_3_2_r67:fired f=x^(3/2)/(b*x^3+a)
    #5 d=5 dl=5 seenp fb=true seenlen=4 seen=- out=1_1_3_2_r37 owner=1_1_3_2_r71:fired f=x^4/(b*x^6+a)
    #6 d=6 dl=6 seenp fb=true seenlen=5 seen=- out=1_2_1_2_r9 owner=1_1_3_2_r37:fired f=(a^(1/6)*(1/b)^(1/6)*cos((2*%pi*(2*k-1))/3)-cos((5*%pi*(2*k-1))/6)*x)/(x^2-2*a^(1/6)*(1/b)^(1/6)*cos((%pi*(2*k...
    #7 d=7 dl=7 seenp fb=true seenlen=6 seen=- out=1_2_1_1_r12 owner=1_2_1_2_r9:fired f=1/(x^2-2*a^(1/6)*(1/b)^(1/6)*cos((%pi*(2*k-1))/6)*x+a^(1/3)/b^(1/3))
    #8 d=8 dl=8 seenp fb=true seenlen=7 seen=- out=1_1_3_7_r45 owner=1_2_1_1_r12:fired f=-(b^(1/3)/(b^(1/3)*x^2-4*a^(1/3)*cos((%pi*(2*k-1))/6)^2+4*a^(1/3)))
    #9 d=9 dl=9 seenp fb=true seenlen=8 seen=- out=1_1_3_7_r45 owner=1_1_3_7_r45:fired f=-(b^(1/3)/(b^(1/3)*x^2-4*a^(1/3)*cos((%pi*k)/3-%pi/6)^2+4*a^(1/3)))
    #10 d=10 dl=10 seenp fb=true seenlen=9 seen=exact@#9(idx1,live=yes) out=fall-through:seen-hit owner=1_1_3_7_r45:fired f=-(b^(1/3)/(b^(1/3)*x^2-4*a^(1/3)*cos((%pi*k)/3-%pi/6)^2+4*a^(1/3)))
        matched elem=-(b^(1/3)/(b^(1/3)*x^2-4*a^(1/3)*cos((%pi*k)/3-%pi/6)^2+4*a^(1/3)))
    #11 d=7 dl=7 seenp fb=true seenlen=6 seen=- out=1_2_1_2_r3 owner=1_2_1_2_r9:fired f=(2*x-2*a^(1/6)*(1/b)^(1/6)*cos((%pi*(2*k-1))/6))/(x^2-2*a^(1/6)*(1/b)^(1/6)*cos((%pi*(2*k-1))/6)*x+a^(1/3)/b^(...
    #12 d=6 dl=6 seenp fb=true seenlen=5 seen=- out=1_2_1_2_r9 owner=1_1_3_2_r37:fired f=(cos((5*%pi*(2*k-1))/6)*x+a^(1/6)*(1/b)^(1/6)*cos((2*%pi*(2*k-1))/3))/(x^2+2*a^(1/6)*(1/b)^(1/6)*cos((%pi*(2*k...
    #13 d=7 dl=7 seenp fb=true seenlen=6 seen=- out=1_2_1_1_r12 owner=1_2_1_2_r9:fired f=1/(x^2+2*a^(1/6)*(1/b)^(1/6)*cos((%pi*(2*k-1))/6)*x+a^(1/3)/b^(1/3))
    #14 d=8 dl=8 seenp fb=true seenlen=7 seen=- out=1_1_3_7_r45 owner=1_2_1_1_r12:fired f=-(b^(1/3)/(b^(1/3)*x^2-4*a^(1/3)*cos((%pi*(2*k-1))/6)^2+4*a^(1/3)))
    #15 d=9 dl=9 seenp fb=true seenlen=8 seen=- out=1_1_3_7_r45 owner=1_1_3_7_r45:fired f=-(b^(1/3)/(b^(1/3)*x^2-4*a^(1/3)*cos((%pi*k)/3-%pi/6)^2+4*a^(1/3)))
    #16 d=10 dl=10 seenp fb=true seenlen=9 seen=exact@#15(idx1,live=yes) out=fall-through:seen-hit owner=1_1_3_7_r45:fired f=-(b^(1/3)/(b^(1/3)*x^2-4*a^(1/3)*cos((%pi*k)/3-%pi/6)^2+4*a^(1/3)))
        matched elem=-(b^(1/3)/(b^(1/3)*x^2-4*a^(1/3)*cos((%pi*k)/3-%pi/6)^2+4*a^(1/3)))
    #17 d=7 dl=7 seenp fb=true seenlen=6 seen=- out=1_2_1_2_r3 owner=1_2_1_2_r9:fired f=(2*x+2*a^(1/6)*(1/b)^(1/6)*cos((%pi*(2*k-1))/6))/(x^2+2*a^(1/6)*(1/b)^(1/6)*cos((%pi*(2*k-1))/6)*x+a^(1/3)/b^(...
    #18 d=6 dl=6 seenp fb=true seenlen=5 seen=- out=1_1_2_1_r10 owner=1_1_3_2_r37:fired f=1/(x^2+a^(1/3)/b^(1/3))
  [p0] class=verified t=1.6s L205 returned=yes t=1.45302 calls=2 ratsimp-hits=0 exact-hits=0 unexited=0 misfire/fault-lines=0 top=1_4_1_r34@pass1
    fires=1_4_1_r34
    answer sha1=b2718315f38c (2*(x^3*(a*b^2*(A*sqrt(x)*(sqrt(-b^(1/3))*(182*log(((2*b*sqrt(x)+3^(3/2)*a^(1/6)*b^(5/6)+a^(1/6)*sqrt(-b^(1/3))*b^(2/3))*x+(5*a^(1/3)*b^(2/3)+sqrt(3)*a^(1/3)*sq...
    #1 d=1 dl=1 p0-mr_top fb=false seenlen=0 seen=- out=1_4_1_r34@pass1 owner=- f=(B*x^3+A)/(x^(3/2)*(b*x^3+a)^3)
    #2 d=2 dl=2 p0-mr_top fb=true seenlen=1 seen=- out=fall-through:nofire owner=1_4_1_r34:fired f=(B*x^6+A)/(x^2*(b*x^6+a)^3)

--- c1 g34 1 Algebraic functions/1.1 Binomial products/1.1.3 General/1.1.3.4 (e x)^m (a+b x^n)^p (c+d x^n)^q.mac e178 (eq)
  [trace] class=timeout t=30.0s L207 returned=yes t=5.157069 calls=18 ratsimp-hits=0 exact-hits=2 unexited=0 misfire/fault-lines=0 top=1_1_3_4_r22
    fires=1_1_3_7_r45,1_1_3_7_r45,1_2_1_1_r12,1_2_1_2_r3,1_2_1_2_r9,1_1_3_7_r45,1_1_3_7_r45,1_2_1_1_r12,1_2_1_2_r3,1_2_1_2_r9,1_1_2_1_r10,1_1_3_1_r21,1_1_3_2_r71,1_1_3_2_r67,1_1_3_2_r32,1_1_3_4_r22
    answer sha1=2e0c50dec8dd (((17*A*b)/2-(5*B*a)/2)*((11*((b^(2/3)*(%i*(1/b)^(1/6)*sqrt(1/b^(1/3))*b^(1/3)*log(((2*sqrt(x)+19*%i+7*3^(3/2))*x^10+((190*sqrt(3)*%i+230)*sqrt(x)+2470*%i+190*s...
    #1 d=1 dl=1 seenp fb=false seenlen=0 seen=- out=1_1_3_4_r22 owner=- f=(B*x^3+A)/(x^(7/2)*(b*x^3+a)^3)
    #2 d=2 dl=2 seenp fb=true seenlen=1 seen=- out=1_1_3_2_r32 owner=1_1_3_4_r22:fired f=1/(x^(7/2)*(b*x^3+a)^2)
    #3 d=3 dl=3 seenp fb=true seenlen=2 seen=- out=1_1_3_2_r67 owner=1_1_3_2_r32:fired f=1/(x^(7/2)*(b*x^3+a))
    #4 d=4 dl=4 seenp fb=true seenlen=3 seen=- out=1_1_3_2_r71 owner=1_1_3_2_r67:fired f=1/(sqrt(x)*(b*x^3+a))
    #5 d=5 dl=5 seenp fb=true seenlen=4 seen=- out=1_1_3_1_r21 owner=1_1_3_2_r71:fired f=1/(b*x^6+a)
    #6 d=6 dl=6 seenp fb=true seenlen=5 seen=- out=1_2_1_2_r9 owner=1_1_3_1_r21:fired f=(a^(1/6)*(1/b)^(1/6)-cos((%pi*(2*k-1))/6)*x)/(x^2-2*a^(1/6)*(1/b)^(1/6)*cos((%pi*(2*k-1))/6)*x+a^(1/3)/b^(1/3)...
    #7 d=7 dl=7 seenp fb=true seenlen=6 seen=- out=1_2_1_1_r12 owner=1_2_1_2_r9:fired f=1/(x^2-2*a^(1/6)*(1/b)^(1/6)*cos((%pi*(2*k-1))/6)*x+a^(1/3)/b^(1/3))
    #8 d=8 dl=8 seenp fb=true seenlen=7 seen=- out=1_1_3_7_r45 owner=1_2_1_1_r12:fired f=-(b^(1/3)/(b^(1/3)*x^2-4*a^(1/3)*cos((%pi*(2*k-1))/6)^2+4*a^(1/3)))
    #9 d=9 dl=9 seenp fb=true seenlen=8 seen=- out=1_1_3_7_r45 owner=1_1_3_7_r45:fired f=-(b^(1/3)/(b^(1/3)*x^2-4*a^(1/3)*cos((%pi*k)/3-%pi/6)^2+4*a^(1/3)))
    #10 d=10 dl=10 seenp fb=true seenlen=9 seen=exact@#9(idx1,live=yes) out=fall-through:seen-hit owner=1_1_3_7_r45:fired f=-(b^(1/3)/(b^(1/3)*x^2-4*a^(1/3)*cos((%pi*k)/3-%pi/6)^2+4*a^(1/3)))
        matched elem=-(b^(1/3)/(b^(1/3)*x^2-4*a^(1/3)*cos((%pi*k)/3-%pi/6)^2+4*a^(1/3)))
    #11 d=7 dl=7 seenp fb=true seenlen=6 seen=- out=1_2_1_2_r3 owner=1_2_1_2_r9:fired f=(2*x-2*a^(1/6)*(1/b)^(1/6)*cos((%pi*(2*k-1))/6))/(x^2-2*a^(1/6)*(1/b)^(1/6)*cos((%pi*(2*k-1))/6)*x+a^(1/3)/b^(...
    #12 d=6 dl=6 seenp fb=true seenlen=5 seen=- out=1_2_1_2_r9 owner=1_1_3_1_r21:fired f=(cos((%pi*(2*k-1))/6)*x+a^(1/6)*(1/b)^(1/6))/(x^2+2*a^(1/6)*(1/b)^(1/6)*cos((%pi*(2*k-1))/6)*x+a^(1/3)/b^(1/3)...
    #13 d=7 dl=7 seenp fb=true seenlen=6 seen=- out=1_2_1_1_r12 owner=1_2_1_2_r9:fired f=1/(x^2+2*a^(1/6)*(1/b)^(1/6)*cos((%pi*(2*k-1))/6)*x+a^(1/3)/b^(1/3))
    #14 d=8 dl=8 seenp fb=true seenlen=7 seen=- out=1_1_3_7_r45 owner=1_2_1_1_r12:fired f=-(b^(1/3)/(b^(1/3)*x^2-4*a^(1/3)*cos((%pi*(2*k-1))/6)^2+4*a^(1/3)))
    #15 d=9 dl=9 seenp fb=true seenlen=8 seen=- out=1_1_3_7_r45 owner=1_1_3_7_r45:fired f=-(b^(1/3)/(b^(1/3)*x^2-4*a^(1/3)*cos((%pi*k)/3-%pi/6)^2+4*a^(1/3)))
    #16 d=10 dl=10 seenp fb=true seenlen=9 seen=exact@#15(idx1,live=yes) out=fall-through:seen-hit owner=1_1_3_7_r45:fired f=-(b^(1/3)/(b^(1/3)*x^2-4*a^(1/3)*cos((%pi*k)/3-%pi/6)^2+4*a^(1/3)))
        matched elem=-(b^(1/3)/(b^(1/3)*x^2-4*a^(1/3)*cos((%pi*k)/3-%pi/6)^2+4*a^(1/3)))
    #17 d=7 dl=7 seenp fb=true seenlen=6 seen=- out=1_2_1_2_r3 owner=1_2_1_2_r9:fired f=(2*x+2*a^(1/6)*(1/b)^(1/6)*cos((%pi*(2*k-1))/6))/(x^2+2*a^(1/6)*(1/b)^(1/6)*cos((%pi*(2*k-1))/6)*x+a^(1/3)/b^(...
    #18 d=6 dl=6 seenp fb=true seenlen=5 seen=- out=1_1_2_1_r10 owner=1_1_3_1_r21:fired f=1/(x^2+a^(1/3)/b^(1/3))
  [exact-only] class=timeout t=30.0s L207 returned=yes t=5.060068 calls=18 ratsimp-hits=0 exact-hits=2 unexited=0 misfire/fault-lines=0 top=1_1_3_4_r22
    fires=1_1_3_7_r45,1_1_3_7_r45,1_2_1_1_r12,1_2_1_2_r3,1_2_1_2_r9,1_1_3_7_r45,1_1_3_7_r45,1_2_1_1_r12,1_2_1_2_r3,1_2_1_2_r9,1_1_2_1_r10,1_1_3_1_r21,1_1_3_2_r71,1_1_3_2_r67,1_1_3_2_r32,1_1_3_4_r22
    answer sha1=2e0c50dec8dd (((17*A*b)/2-(5*B*a)/2)*((11*((b^(2/3)*(%i*(1/b)^(1/6)*sqrt(1/b^(1/3))*b^(1/3)*log(((2*sqrt(x)+19*%i+7*3^(3/2))*x^10+((190*sqrt(3)*%i+230)*sqrt(x)+2470*%i+190*s...
    #1 d=1 dl=1 seenp fb=false seenlen=0 seen=- out=1_1_3_4_r22 owner=- f=(B*x^3+A)/(x^(7/2)*(b*x^3+a)^3)
    #2 d=2 dl=2 seenp fb=true seenlen=1 seen=- out=1_1_3_2_r32 owner=1_1_3_4_r22:fired f=1/(x^(7/2)*(b*x^3+a)^2)
    #3 d=3 dl=3 seenp fb=true seenlen=2 seen=- out=1_1_3_2_r67 owner=1_1_3_2_r32:fired f=1/(x^(7/2)*(b*x^3+a))
    #4 d=4 dl=4 seenp fb=true seenlen=3 seen=- out=1_1_3_2_r71 owner=1_1_3_2_r67:fired f=1/(sqrt(x)*(b*x^3+a))
    #5 d=5 dl=5 seenp fb=true seenlen=4 seen=- out=1_1_3_1_r21 owner=1_1_3_2_r71:fired f=1/(b*x^6+a)
    #6 d=6 dl=6 seenp fb=true seenlen=5 seen=- out=1_2_1_2_r9 owner=1_1_3_1_r21:fired f=(a^(1/6)*(1/b)^(1/6)-cos((%pi*(2*k-1))/6)*x)/(x^2-2*a^(1/6)*(1/b)^(1/6)*cos((%pi*(2*k-1))/6)*x+a^(1/3)/b^(1/3)...
    #7 d=7 dl=7 seenp fb=true seenlen=6 seen=- out=1_2_1_1_r12 owner=1_2_1_2_r9:fired f=1/(x^2-2*a^(1/6)*(1/b)^(1/6)*cos((%pi*(2*k-1))/6)*x+a^(1/3)/b^(1/3))
    #8 d=8 dl=8 seenp fb=true seenlen=7 seen=- out=1_1_3_7_r45 owner=1_2_1_1_r12:fired f=-(b^(1/3)/(b^(1/3)*x^2-4*a^(1/3)*cos((%pi*(2*k-1))/6)^2+4*a^(1/3)))
    #9 d=9 dl=9 seenp fb=true seenlen=8 seen=- out=1_1_3_7_r45 owner=1_1_3_7_r45:fired f=-(b^(1/3)/(b^(1/3)*x^2-4*a^(1/3)*cos((%pi*k)/3-%pi/6)^2+4*a^(1/3)))
    #10 d=10 dl=10 seenp fb=true seenlen=9 seen=exact@#9(idx1,live=yes) out=fall-through:seen-hit owner=1_1_3_7_r45:fired f=-(b^(1/3)/(b^(1/3)*x^2-4*a^(1/3)*cos((%pi*k)/3-%pi/6)^2+4*a^(1/3)))
        matched elem=-(b^(1/3)/(b^(1/3)*x^2-4*a^(1/3)*cos((%pi*k)/3-%pi/6)^2+4*a^(1/3)))
    #11 d=7 dl=7 seenp fb=true seenlen=6 seen=- out=1_2_1_2_r3 owner=1_2_1_2_r9:fired f=(2*x-2*a^(1/6)*(1/b)^(1/6)*cos((%pi*(2*k-1))/6))/(x^2-2*a^(1/6)*(1/b)^(1/6)*cos((%pi*(2*k-1))/6)*x+a^(1/3)/b^(...
    #12 d=6 dl=6 seenp fb=true seenlen=5 seen=- out=1_2_1_2_r9 owner=1_1_3_1_r21:fired f=(cos((%pi*(2*k-1))/6)*x+a^(1/6)*(1/b)^(1/6))/(x^2+2*a^(1/6)*(1/b)^(1/6)*cos((%pi*(2*k-1))/6)*x+a^(1/3)/b^(1/3)...
    #13 d=7 dl=7 seenp fb=true seenlen=6 seen=- out=1_2_1_1_r12 owner=1_2_1_2_r9:fired f=1/(x^2+2*a^(1/6)*(1/b)^(1/6)*cos((%pi*(2*k-1))/6)*x+a^(1/3)/b^(1/3))
    #14 d=8 dl=8 seenp fb=true seenlen=7 seen=- out=1_1_3_7_r45 owner=1_2_1_1_r12:fired f=-(b^(1/3)/(b^(1/3)*x^2-4*a^(1/3)*cos((%pi*(2*k-1))/6)^2+4*a^(1/3)))
    #15 d=9 dl=9 seenp fb=true seenlen=8 seen=- out=1_1_3_7_r45 owner=1_1_3_7_r45:fired f=-(b^(1/3)/(b^(1/3)*x^2-4*a^(1/3)*cos((%pi*k)/3-%pi/6)^2+4*a^(1/3)))
    #16 d=10 dl=10 seenp fb=true seenlen=9 seen=exact@#15(idx1,live=yes) out=fall-through:seen-hit owner=1_1_3_7_r45:fired f=-(b^(1/3)/(b^(1/3)*x^2-4*a^(1/3)*cos((%pi*k)/3-%pi/6)^2+4*a^(1/3)))
        matched elem=-(b^(1/3)/(b^(1/3)*x^2-4*a^(1/3)*cos((%pi*k)/3-%pi/6)^2+4*a^(1/3)))
    #17 d=7 dl=7 seenp fb=true seenlen=6 seen=- out=1_2_1_2_r3 owner=1_2_1_2_r9:fired f=(2*x+2*a^(1/6)*(1/b)^(1/6)*cos((%pi*(2*k-1))/6))/(x^2+2*a^(1/6)*(1/b)^(1/6)*cos((%pi*(2*k-1))/6)*x+a^(1/3)/b^(...
    #18 d=6 dl=6 seenp fb=true seenlen=5 seen=- out=1_1_2_1_r10 owner=1_1_3_1_r21:fired f=1/(x^2+a^(1/3)/b^(1/3))
  [p0] class=verified t=1.6s L207 returned=yes t=1.525021 calls=2 ratsimp-hits=0 exact-hits=0 unexited=0 misfire/fault-lines=0 top=1_4_1_r34@pass1
    fires=1_4_1_r34
    answer sha1=5128440ce5da (2*(x^5*(A*a*b^2*sqrt(x)*(a^(1/6)*sqrt(-b^(1/3))*b^(1/6)*(1870*log(((2*b*sqrt(x)+3^(3/2)*a^(1/6)*b^(5/6)+a^(1/6)*sqrt(-b^(1/3))*b^(2/3))*x+(5*a^(1/3)*b^(2/3)+sq...
    #1 d=1 dl=1 p0-mr_top fb=false seenlen=0 seen=- out=1_4_1_r34@pass1 owner=- f=(B*x^3+A)/(x^(7/2)*(b*x^3+a)^3)
    #2 d=2 dl=2 p0-mr_top fb=true seenlen=1 seen=- out=fall-through:nofire owner=1_4_1_r34:fired f=(B*x^6+A)/(x^6*(b*x^6+a)^3)

--- c1 g36 1 Algebraic functions/1.1 Binomial products/1.1.2 Quadratic/1.1.2.6 (g x)^m (a+b x^2)^p (c+d x^2)^q (e+f x^2)^r.mac e5 (eq)
  [trace] class=deferred t=0.5s L16 returned=yes t=0.515007 calls=2 ratsimp-hits=1 exact-hits=0 unexited=0 misfire/fault-lines=0 top=1_1_2_6_r3
    fires=1_1_2_6_r3
    answer sha1=68d50ec887c1 'integrate((B*d*x^4*(e*x)^m)/(b*x^2+a)+(A*d*x^2*(e*x)^m)/(b*x^2+a)+(B*c*x^2*(e*x)^m)/(b*x^2+a)+(A*c*(e*x)^m)/(b*x^2+a),x)
    #1 d=1 dl=1 seenp fb=false seenlen=0 seen=- out=1_1_2_6_r3 owner=- f=((e*x)^m*(B*x^2+A)*(d*x^2+c))/(b*x^2+a)
    #2 d=2 dl=2 seenp fb=true seenlen=1 seen=ratsimp@#1(idx1,live=yes) out=fall-through:seen-hit owner=1_1_2_6_r3:fired f=(B*d*x^4*(e*x)^m)/(b*x^2+a)+(A*d*x^2*(e*x)^m)/(b*x^2+a)+(B*c*x^2*(e*x)^m)/(b*x^2+a)+(A*c*(e*x)^m)/(b*x^2+a)
        matched elem=((e*x)^m*(B*x^2+A)*(d*x^2+c))/(b*x^2+a)
  [exact-only] class=unverified t=4.3s L16 returned=yes t=4.189057 calls=17 ratsimp-hits=0 exact-hits=0 unexited=0 misfire/fault-lines=0 top=1_1_2_6_r3
    fires=1_1_2_2_r39,1_1_2_9_r2,1_4_1_r18,1_4_1_r18,1_1_2_2_r39,1_1_2_9_r2,1_4_1_r18,1_4_1_r18,1_1_2_2_r39,1_1_2_9_r2,1_4_1_r18,1_4_1_r18,1_1_2_2_r39,1_4_1_r18,1_4_1_r18,1_4_1_r7,1_1_2_6_r3
    answer sha1=fdef7e9b36ee (hypergeometric([1,(m+5)/2],[(m+5)/2+1],-((b*x^2)/a))*B*d*(e*x)^(m+5))/(a*e^5*(m+5))+(hypergeometric([1,(m+3)/2],[(m+3)/2+1],-((b*x^2)/a))*A*d*(e*x)^(m+3))/(a*e...
    #1 d=1 dl=1 seenp fb=false seenlen=0 seen=- out=1_1_2_6_r3 owner=- f=((e*x)^m*(B*x^2+A)*(d*x^2+c))/(b*x^2+a)
    #2 d=2 dl=2 seenp fb=true seenlen=1 seen=- out=1_4_1_r7 owner=1_1_2_6_r3:fired f=(B*d*x^4*(e*x)^m)/(b*x^2+a)+(A*d*x^2*(e*x)^m)/(b*x^2+a)+(B*c*x^2*(e*x)^m)/(b*x^2+a)+(A*c*(e*x)^m)/(b*x^2+a)
    #3 d=3 dl=3 seenp fb=true seenlen=2 seen=- out=1_4_1_r18 owner=1_4_1_r7:fired f=(B*d*x^4*(e*x)^m)/(b*x^2+a)
    #4 d=4 dl=4 seenp fb=true seenlen=3 seen=- out=1_4_1_r18 owner=1_4_1_r18:fired f=(d*x^4*(e*x)^m)/((b*x^2)/B+a/B)
    #5 d=5 dl=5 seenp fb=true seenlen=4 seen=- out=1_1_2_9_r2 owner=1_4_1_r18:fired f=(x^4*(e*x)^m)/((b*x^2)/(B*d)+a/(B*d))
    #6 d=6 dl=6 seenp fb=true seenlen=5 seen=- out=1_1_2_2_r39 owner=1_1_2_9_r2:fired f=(e*x)^(m+4)/((b*x^2)/(B*d)+a/(B*d))
    #7 d=3 dl=3 seenp fb=true seenlen=2 seen=- out=1_4_1_r18 owner=1_4_1_r7:fired f=(A*d*x^2*(e*x)^m)/(b*x^2+a)
    #8 d=4 dl=4 seenp fb=true seenlen=3 seen=- out=1_4_1_r18 owner=1_4_1_r18:fired f=(d*x^2*(e*x)^m)/((b*x^2)/A+a/A)
    #9 d=5 dl=5 seenp fb=true seenlen=4 seen=- out=1_1_2_9_r2 owner=1_4_1_r18:fired f=(x^2*(e*x)^m)/((b*x^2)/(A*d)+a/(A*d))
    #10 d=6 dl=6 seenp fb=true seenlen=5 seen=- out=1_1_2_2_r39 owner=1_1_2_9_r2:fired f=(e*x)^(m+2)/((b*x^2)/(A*d)+a/(A*d))
    #11 d=3 dl=3 seenp fb=true seenlen=2 seen=- out=1_4_1_r18 owner=1_4_1_r7:fired f=(B*c*x^2*(e*x)^m)/(b*x^2+a)
    #12 d=4 dl=4 seenp fb=true seenlen=3 seen=- out=1_4_1_r18 owner=1_4_1_r18:fired f=(c*x^2*(e*x)^m)/((b*x^2)/B+a/B)
    #13 d=5 dl=5 seenp fb=true seenlen=4 seen=- out=1_1_2_9_r2 owner=1_4_1_r18:fired f=(x^2*(e*x)^m)/((b*x^2)/(B*c)+a/(B*c))
    #14 d=6 dl=6 seenp fb=true seenlen=5 seen=- out=1_1_2_2_r39 owner=1_1_2_9_r2:fired f=(e*x)^(m+2)/((b*x^2)/(B*c)+a/(B*c))
    #15 d=3 dl=3 seenp fb=true seenlen=2 seen=- out=1_4_1_r18 owner=1_4_1_r7:fired f=(A*c*(e*x)^m)/(b*x^2+a)
    #16 d=4 dl=4 seenp fb=true seenlen=3 seen=- out=1_4_1_r18 owner=1_4_1_r18:fired f=(c*(e*x)^m)/((b*x^2)/A+a/A)
    #17 d=5 dl=5 seenp fb=true seenlen=4 seen=- out=1_1_2_2_r39 owner=1_4_1_r18:fired f=(e*x)^m/((b*x^2)/(A*c)+a/(A*c))
  [p0] class=verified t=6.8s L16 returned=yes t=6.730092 calls=13 ratsimp-hits=0 exact-hits=4 unexited=0 misfire/fault-lines=0 top=1_2_1_9b_r5@pass2
    fires=1_2_1_9b_r5,1_1_2_3_r1,1_2_1_9b_r5,1_1_2_3_r1,1_2_1_9b_r5,1_1_2_3_r1,1_2_1_9b_r5,1_4_1_r7,1_2_1_9b_r5
    answer sha1=4d3df8aee796 A*c*'integrate((e*x)^m/(b*x^2+a),x)+(B*d*(e*x)^m*'integrate(x^(m+4)/(b*x^2+a),x))/x^m+(A*d*(e*x)^m*'integrate(x^(m+2)/(b*x^2+a),x))/x^m+(B*c*(e*x)^m*'integrate(...
    #1 d=1 dl=1 p0-mr_top fb=false seenlen=0 seen=- out=1_2_1_9b_r5@pass2 owner=- f=((e*x)^m*(B*x^2+A)*(d*x^2+c))/(b*x^2+a)
    #2 d=2 dl=1 p0-mr_top fb=true seenlen=0 seen=- out=1_4_1_r7@pass1 owner=1_2_1_9b_r5:fired f=(B*d*x^4*(e*x)^m)/(b*x^2+a)+(A*d*x^2*(e*x)^m)/(b*x^2+a)+(B*c*x^2*(e*x)^m)/(b*x^2+a)+(A*c*(e*x)^m)/(b*x^2+a)
    #3 d=3 dl=2 p0-mr_top fb=true seenlen=1 seen=- out=1_1_2_3_r1@pass1 owner=1_4_1_r7:fired f=(B*d*x^4*(e*x)^m)/(b*x^2+a)
    #4 d=4 dl=3 p0-mr_top fb=true seenlen=2 seen=- out=1_2_1_9b_r5@pass1 owner=1_1_2_3_r1:fired f=(B*d*x^(m+4))/(b*x^2+a)
    #5 d=5 dl=4 p0-mr_top fb=true seenlen=3 seen=exact@#4(idx1,live=yes) out=fall-through:seen-hit owner=1_2_1_9b_r5:fired f=(B*d*x^(m+4))/(b*x^2+a)
        matched elem=(B*d*x^(m+4))/(b*x^2+a)
    #6 d=3 dl=2 p0-mr_top fb=true seenlen=1 seen=- out=1_1_2_3_r1@pass1 owner=1_4_1_r7:fired f=(A*d*x^2*(e*x)^m)/(b*x^2+a)
    #7 d=4 dl=3 p0-mr_top fb=true seenlen=2 seen=- out=1_2_1_9b_r5@pass1 owner=1_1_2_3_r1:fired f=(A*d*x^(m+2))/(b*x^2+a)
    #8 d=5 dl=4 p0-mr_top fb=true seenlen=3 seen=exact@#7(idx1,live=yes) out=fall-through:seen-hit owner=1_2_1_9b_r5:fired f=(A*d*x^(m+2))/(b*x^2+a)
        matched elem=(A*d*x^(m+2))/(b*x^2+a)
    #9 d=3 dl=2 p0-mr_top fb=true seenlen=1 seen=- out=1_1_2_3_r1@pass1 owner=1_4_1_r7:fired f=(B*c*x^2*(e*x)^m)/(b*x^2+a)
    #10 d=4 dl=3 p0-mr_top fb=true seenlen=2 seen=- out=1_2_1_9b_r5@pass1 owner=1_1_2_3_r1:fired f=(B*c*x^(m+2))/(b*x^2+a)
    #11 d=5 dl=4 p0-mr_top fb=true seenlen=3 seen=exact@#10(idx1,live=yes) out=fall-through:seen-hit owner=1_2_1_9b_r5:fired f=(B*c*x^(m+2))/(b*x^2+a)
        matched elem=(B*c*x^(m+2))/(b*x^2+a)
    #12 d=3 dl=2 p0-mr_top fb=true seenlen=1 seen=- out=1_2_1_9b_r5@pass1 owner=1_4_1_r7:fired f=(A*c*(e*x)^m)/(b*x^2+a)
    #13 d=4 dl=3 p0-mr_top fb=true seenlen=2 seen=exact@#12(idx1,live=yes) out=fall-through:seen-hit owner=1_2_1_9b_r5:fired f=(A*c*(e*x)^m)/(b*x^2+a)
        matched elem=(A*c*(e*x)^m)/(b*x^2+a)

--- c1 g36 1 Algebraic functions/1.1 Binomial products/1.1.2 Quadratic/1.1.2.6 (g x)^m (a+b x^2)^p (c+d x^2)^q (e+f x^2)^r.mac e12 (eq)
  [trace] class=deferred t=0.9s L23 returned=yes t=0.914013 calls=2 ratsimp-hits=1 exact-hits=0 unexited=0 misfire/fault-lines=0 top=1_1_2_6_r3
    fires=1_1_2_6_r3
    answer sha1=ac69e0d264cc 'integrate((B*d^2*x^6*(e*x)^m)/(b*x^2+a)+(A*d^2*x^4*(e*x)^m)/(b*x^2+a)+(2*B*c*d*x^4*(e*x)^m)/(b*x^2+a)+(2*A*c*d*x^2*(e*x)^m)/(b*x^2+a)+(B*c^2*x^2*(e*x)^m)/(b*x^...
    #1 d=1 dl=1 seenp fb=false seenlen=0 seen=- out=1_1_2_6_r3 owner=- f=((e*x)^m*(B*x^2+A)*(d*x^2+c)^2)/(b*x^2+a)
    #2 d=2 dl=2 seenp fb=true seenlen=1 seen=ratsimp@#1(idx1,live=yes) out=fall-through:seen-hit owner=1_1_2_6_r3:fired f=(B*d^2*x^6*(e*x)^m)/(b*x^2+a)+(A*d^2*x^4*(e*x)^m)/(b*x^2+a)+(2*B*c*d*x^4*(e*x)^m)/(b*x^2+a)+(2*A*c*d*x^2*(e*x)...
        matched elem=((e*x)^m*(B*x^2+A)*(d*x^2+c)^2)/(b*x^2+a)
  [exact-only] class=unverified t=12.8s L23 returned=yes t=12.644172 calls=33 ratsimp-hits=0 exact-hits=0 unexited=0 misfire/fault-lines=0 top=1_1_2_6_r3
    fires=1_1_2_2_r39,1_1_2_9_r2,1_4_1_r18,1_4_1_r18,1_4_1_r18,1_1_2_2_r39,1_1_2_9_r2,1_4_1_r18,1_4_1_r18,1_4_1_r18,1_1_2_2_r39,1_1_2_9_r2,1_4_1_r18,1_4_1_r18,1_4_1_r18,1_4_1_r18,1_1_2_2_r39,1_1_2_9_r2,1_4_1_r18,1_4_1_r18,1_4_1_r18,1_4_1_r18,1_1_2_2_r39,1_1_2_9_r2,1_4_1_r18,1_4_1_r18,1_4_1_r18,1_1_2_2_r39,1_4_1_r18,1_4_1_r18,1_4_1_r18,1_4_1_r7,1_1_2_6_r3
    answer sha1=537757abf774 (hypergeometric([1,(m+7)/2],[(m+7)/2+1],-((b*x^2)/a))*B*d^2*(e*x)^(m+7))/(a*e^7*(m+7))+(hypergeometric([1,(m+5)/2],[(m+5)/2+1],-((b*x^2)/a))*A*d^2*(e*x)^(m+5))/...
    #1 d=1 dl=1 seenp fb=false seenlen=0 seen=- out=1_1_2_6_r3 owner=- f=((e*x)^m*(B*x^2+A)*(d*x^2+c)^2)/(b*x^2+a)
    #2 d=2 dl=2 seenp fb=true seenlen=1 seen=- out=1_4_1_r7 owner=1_1_2_6_r3:fired f=(B*d^2*x^6*(e*x)^m)/(b*x^2+a)+(A*d^2*x^4*(e*x)^m)/(b*x^2+a)+(2*B*c*d*x^4*(e*x)^m)/(b*x^2+a)+(2*A*c*d*x^2*(e*x)...
    #3 d=3 dl=3 seenp fb=true seenlen=2 seen=- out=1_4_1_r18 owner=1_4_1_r7:fired f=(B*d^2*x^6*(e*x)^m)/(b*x^2+a)
    #4 d=4 dl=4 seenp fb=true seenlen=3 seen=- out=1_4_1_r18 owner=1_4_1_r18:fired f=(d^2*x^6*(e*x)^m)/((b*x^2)/B+a/B)
    #5 d=5 dl=5 seenp fb=true seenlen=4 seen=- out=1_4_1_r18 owner=1_4_1_r18:fired f=(d*x^6*(e*x)^m)/((b*x^2)/(B*d)+a/(B*d))
    #6 d=6 dl=6 seenp fb=true seenlen=5 seen=- out=1_1_2_9_r2 owner=1_4_1_r18:fired f=(x^6*(e*x)^m)/((b*x^2)/(B*d^2)+a/(B*d^2))
    #7 d=7 dl=7 seenp fb=true seenlen=6 seen=- out=1_1_2_2_r39 owner=1_1_2_9_r2:fired f=(e*x)^(m+6)/((b*x^2)/(B*d^2)+a/(B*d^2))
    #8 d=3 dl=3 seenp fb=true seenlen=2 seen=- out=1_4_1_r18 owner=1_4_1_r7:fired f=(A*d^2*x^4*(e*x)^m)/(b*x^2+a)
    #9 d=4 dl=4 seenp fb=true seenlen=3 seen=- out=1_4_1_r18 owner=1_4_1_r18:fired f=(d^2*x^4*(e*x)^m)/((b*x^2)/A+a/A)
    #10 d=5 dl=5 seenp fb=true seenlen=4 seen=- out=1_4_1_r18 owner=1_4_1_r18:fired f=(d*x^4*(e*x)^m)/((b*x^2)/(A*d)+a/(A*d))
    #11 d=6 dl=6 seenp fb=true seenlen=5 seen=- out=1_1_2_9_r2 owner=1_4_1_r18:fired f=(x^4*(e*x)^m)/((b*x^2)/(A*d^2)+a/(A*d^2))
    #12 d=7 dl=7 seenp fb=true seenlen=6 seen=- out=1_1_2_2_r39 owner=1_1_2_9_r2:fired f=(e*x)^(m+4)/((b*x^2)/(A*d^2)+a/(A*d^2))
    #13 d=3 dl=3 seenp fb=true seenlen=2 seen=- out=1_4_1_r18 owner=1_4_1_r7:fired f=(2*B*c*d*x^4*(e*x)^m)/(b*x^2+a)
    #14 d=4 dl=4 seenp fb=true seenlen=3 seen=- out=1_4_1_r18 owner=1_4_1_r18:fired f=(B*c*d*x^4*(e*x)^m)/((b*x^2)/2+a/2)
    #15 d=5 dl=5 seenp fb=true seenlen=4 seen=- out=1_4_1_r18 owner=1_4_1_r18:fired f=(c*d*x^4*(e*x)^m)/((b*x^2)/(2*B)+a/(2*B))
    #16 d=6 dl=6 seenp fb=true seenlen=5 seen=- out=1_4_1_r18 owner=1_4_1_r18:fired f=(d*x^4*(e*x)^m)/((b*x^2)/(2*B*c)+a/(2*B*c))
    #17 d=7 dl=7 seenp fb=true seenlen=6 seen=- out=1_1_2_9_r2 owner=1_4_1_r18:fired f=(x^4*(e*x)^m)/((b*x^2)/(2*B*c*d)+a/(2*B*c*d))
    #18 d=8 dl=8 seenp fb=true seenlen=7 seen=- out=1_1_2_2_r39 owner=1_1_2_9_r2:fired f=(e*x)^(m+4)/((b*x^2)/(2*B*c*d)+a/(2*B*c*d))
    #19 d=3 dl=3 seenp fb=true seenlen=2 seen=- out=1_4_1_r18 owner=1_4_1_r7:fired f=(2*A*c*d*x^2*(e*x)^m)/(b*x^2+a)
    #20 d=4 dl=4 seenp fb=true seenlen=3 seen=- out=1_4_1_r18 owner=1_4_1_r18:fired f=(A*c*d*x^2*(e*x)^m)/((b*x^2)/2+a/2)
    #21 d=5 dl=5 seenp fb=true seenlen=4 seen=- out=1_4_1_r18 owner=1_4_1_r18:fired f=(c*d*x^2*(e*x)^m)/((b*x^2)/(2*A)+a/(2*A))
    #22 d=6 dl=6 seenp fb=true seenlen=5 seen=- out=1_4_1_r18 owner=1_4_1_r18:fired f=(d*x^2*(e*x)^m)/((b*x^2)/(2*A*c)+a/(2*A*c))
    #23 d=7 dl=7 seenp fb=true seenlen=6 seen=- out=1_1_2_9_r2 owner=1_4_1_r18:fired f=(x^2*(e*x)^m)/((b*x^2)/(2*A*c*d)+a/(2*A*c*d))
    #24 d=8 dl=8 seenp fb=true seenlen=7 seen=- out=1_1_2_2_r39 owner=1_1_2_9_r2:fired f=(e*x)^(m+2)/((b*x^2)/(2*A*c*d)+a/(2*A*c*d))
    #25 d=3 dl=3 seenp fb=true seenlen=2 seen=- out=1_4_1_r18 owner=1_4_1_r7:fired f=(B*c^2*x^2*(e*x)^m)/(b*x^2+a)
    #26 d=4 dl=4 seenp fb=true seenlen=3 seen=- out=1_4_1_r18 owner=1_4_1_r18:fired f=(c^2*x^2*(e*x)^m)/((b*x^2)/B+a/B)
    #27 d=5 dl=5 seenp fb=true seenlen=4 seen=- out=1_4_1_r18 owner=1_4_1_r18:fired f=(c*x^2*(e*x)^m)/((b*x^2)/(B*c)+a/(B*c))
    #28 d=6 dl=6 seenp fb=true seenlen=5 seen=- out=1_1_2_9_r2 owner=1_4_1_r18:fired f=(x^2*(e*x)^m)/((b*x^2)/(B*c^2)+a/(B*c^2))
    #29 d=7 dl=7 seenp fb=true seenlen=6 seen=- out=1_1_2_2_r39 owner=1_1_2_9_r2:fired f=(e*x)^(m+2)/((b*x^2)/(B*c^2)+a/(B*c^2))
    #30 d=3 dl=3 seenp fb=true seenlen=2 seen=- out=1_4_1_r18 owner=1_4_1_r7:fired f=(A*c^2*(e*x)^m)/(b*x^2+a)
    #31 d=4 dl=4 seenp fb=true seenlen=3 seen=- out=1_4_1_r18 owner=1_4_1_r18:fired f=(c^2*(e*x)^m)/((b*x^2)/A+a/A)
    #32 d=5 dl=5 seenp fb=true seenlen=4 seen=- out=1_4_1_r18 owner=1_4_1_r18:fired f=(c*(e*x)^m)/((b*x^2)/(A*c)+a/(A*c))
    #33 d=6 dl=6 seenp fb=true seenlen=5 seen=- out=1_1_2_2_r39 owner=1_4_1_r18:fired f=(e*x)^m/((b*x^2)/(A*c^2)+a/(A*c^2))
  [p0] class=verified t=2.7s L23 returned=yes t=2.670037 calls=3 ratsimp-hits=1 exact-hits=0 unexited=0 misfire/fault-lines=0 top=1_1_2_6_r9@pass2
    fires=1_2_1_9b_r5,1_1_2_6_r9
    answer sha1=506e1e397d3d ('integrate((A*b*d^2*m*x^4*(e*x)^m)/(b*x^2+a)-(B*a*d^2*m*x^4*(e*x)^m)/(b*x^2+a)+(5*A*b*d^2*x^4*(e*x)^m)/(b*x^2+a)-(5*B*a*d^2*x^4*(e*x)^m)/(b*x^2+a)+(4*B*b*c*d*x...
    #1 d=1 dl=1 p0-mr_top fb=false seenlen=0 seen=- out=1_1_2_6_r9@pass2 owner=- f=((e*x)^m*(B*x^2+A)*(d*x^2+c)^2)/(b*x^2+a)
    #2 d=2 dl=1 p0-mr_top fb=true seenlen=0 seen=- out=1_2_1_9b_r5@pass1 owner=1_1_2_6_r9:fired f=((e*x)^m*(d*x^2+c)*((d*(A*b*(m+5)+B*a*(-m-5))+4*B*b*c)*x^2+c*(A*b*(m+5)+B*a*(-m-1))))/(b*x^2+a)
    #3 d=3 dl=2 p0-mr_top fb=true seenlen=1 seen=ratsimp@#2(idx1,live=yes) out=fall-through:seen-hit owner=1_2_1_9b_r5:fired f=(A*b*d^2*m*x^4*(e*x)^m)/(b*x^2+a)-(B*a*d^2*m*x^4*(e*x)^m)/(b*x^2+a)+(5*A*b*d^2*x^4*(e*x)^m)/(b*x^2+a)-(5*B*a*d...
        matched elem=((e*x)^m*(d*x^2+c)*((d*(A*b*(m+5)+B*a*(-m-5))+4*B*b*c)*x^2+c*(A*b*(m+5)+B*a*(-m-1))))/(b*x^2+a)

--- c1 g36 1 Algebraic functions/1.1 Binomial products/1.1.2 Quadratic/1.1.2.6 (g x)^m (a+b x^2)^p (c+d x^2)^q (e+f x^2)^r.mac e19 (eq)
  [trace] class=deferred t=1.0s L30 returned=yes t=0.944013 calls=2 ratsimp-hits=1 exact-hits=0 unexited=0 misfire/fault-lines=0 top=1_1_2_6_r3
    fires=1_1_2_6_r3
    answer sha1=4997773604c0 'integrate((B*d^3*x^8*(e*x)^m)/(b*x^2+a)+(A*d^3*x^6*(e*x)^m)/(b*x^2+a)+(3*B*c*d^2*x^6*(e*x)^m)/(b*x^2+a)+(3*A*c*d^2*x^4*(e*x)^m)/(b*x^2+a)+(3*B*c^2*d*x^4*(e*x)^...
    #1 d=1 dl=1 seenp fb=false seenlen=0 seen=- out=1_1_2_6_r3 owner=- f=((e*x)^m*(B*x^2+A)*(d*x^2+c)^3)/(b*x^2+a)
    #2 d=2 dl=2 seenp fb=true seenlen=1 seen=ratsimp@#1(idx1,live=yes) out=fall-through:seen-hit owner=1_1_2_6_r3:fired f=(B*d^3*x^8*(e*x)^m)/(b*x^2+a)+(A*d^3*x^6*(e*x)^m)/(b*x^2+a)+(3*B*c*d^2*x^6*(e*x)^m)/(b*x^2+a)+(3*A*c*d^2*x^4*(...
        matched elem=((e*x)^m*(B*x^2+A)*(d*x^2+c)^3)/(b*x^2+a)
  [exact-only] class=unverified t=27.3s L30 returned=yes t=26.959367 calls=53 ratsimp-hits=0 exact-hits=0 unexited=0 misfire/fault-lines=0 top=1_1_2_6_r3
    fires=1_1_2_2_r39,1_1_2_9_r2,1_4_1_r18,1_4_1_r18,1_4_1_r18,1_4_1_r18,1_1_2_2_r39,1_1_2_9_r2,1_4_1_r18,1_4_1_r18,1_4_1_r18,1_4_1_r18,1_1_2_2_r39,1_1_2_9_r2,1_4_1_r18,1_4_1_r18,1_4_1_r18,1_4_1_r18,1_4_1_r18,1_1_2_2_r39,1_1_2_9_r2,1_4_1_r18,1_4_1_r18,1_4_1_r18,1_4_1_r18,1_4_1_r18,1_1_2_2_r39,1_1_2_9_r2,1_4_1_r18,1_4_1_r18,1_4_1_r18,1_4_1_r18,1_4_1_r18,1_1_2_2_r39,1_1_2_9_r2,1_4_1_r18,1_4_1_r18,1_4_1_r18,1_4_1_r18,1_4_1_r18,1_1_2_2_r39,1_1_2_9_r2,1_4_1_r18,1_4_1_r18,1_4_1_r18,1_4_1_r18,1_1_2_2_r39,1_4_1_r18,1_4_1_r18,1_4_1_r18,1_4_1_r18,1_4_1_r7,1_1_2_6_r3
    answer sha1=a62e9dea0526 (hypergeometric([1,(m+9)/2],[(m+9)/2+1],-((b*x^2)/a))*B*d^3*(e*x)^(m+9))/(a*e^9*(m+9))+(hypergeometric([1,(m+7)/2],[(m+7)/2+1],-((b*x^2)/a))*A*d^3*(e*x)^(m+7))/...
    #1 d=1 dl=1 seenp fb=false seenlen=0 seen=- out=1_1_2_6_r3 owner=- f=((e*x)^m*(B*x^2+A)*(d*x^2+c)^3)/(b*x^2+a)
    #2 d=2 dl=2 seenp fb=true seenlen=1 seen=- out=1_4_1_r7 owner=1_1_2_6_r3:fired f=(B*d^3*x^8*(e*x)^m)/(b*x^2+a)+(A*d^3*x^6*(e*x)^m)/(b*x^2+a)+(3*B*c*d^2*x^6*(e*x)^m)/(b*x^2+a)+(3*A*c*d^2*x^4*(...
    #3 d=3 dl=3 seenp fb=true seenlen=2 seen=- out=1_4_1_r18 owner=1_4_1_r7:fired f=(B*d^3*x^8*(e*x)^m)/(b*x^2+a)
    #4 d=4 dl=4 seenp fb=true seenlen=3 seen=- out=1_4_1_r18 owner=1_4_1_r18:fired f=(d^3*x^8*(e*x)^m)/((b*x^2)/B+a/B)
    #5 d=5 dl=5 seenp fb=true seenlen=4 seen=- out=1_4_1_r18 owner=1_4_1_r18:fired f=(d^2*x^8*(e*x)^m)/((b*x^2)/(B*d)+a/(B*d))
    #6 d=6 dl=6 seenp fb=true seenlen=5 seen=- out=1_4_1_r18 owner=1_4_1_r18:fired f=(d*x^8*(e*x)^m)/((b*x^2)/(B*d^2)+a/(B*d^2))
    #7 d=7 dl=7 seenp fb=true seenlen=6 seen=- out=1_1_2_9_r2 owner=1_4_1_r18:fired f=(x^8*(e*x)^m)/((b*x^2)/(B*d^3)+a/(B*d^3))
    #8 d=8 dl=8 seenp fb=true seenlen=7 seen=- out=1_1_2_2_r39 owner=1_1_2_9_r2:fired f=(e*x)^(m+8)/((b*x^2)/(B*d^3)+a/(B*d^3))
    #9 d=3 dl=3 seenp fb=true seenlen=2 seen=- out=1_4_1_r18 owner=1_4_1_r7:fired f=(A*d^3*x^6*(e*x)^m)/(b*x^2+a)
    #10 d=4 dl=4 seenp fb=true seenlen=3 seen=- out=1_4_1_r18 owner=1_4_1_r18:fired f=(d^3*x^6*(e*x)^m)/((b*x^2)/A+a/A)
    #11 d=5 dl=5 seenp fb=true seenlen=4 seen=- out=1_4_1_r18 owner=1_4_1_r18:fired f=(d^2*x^6*(e*x)^m)/((b*x^2)/(A*d)+a/(A*d))
    #12 d=6 dl=6 seenp fb=true seenlen=5 seen=- out=1_4_1_r18 owner=1_4_1_r18:fired f=(d*x^6*(e*x)^m)/((b*x^2)/(A*d^2)+a/(A*d^2))
    #13 d=7 dl=7 seenp fb=true seenlen=6 seen=- out=1_1_2_9_r2 owner=1_4_1_r18:fired f=(x^6*(e*x)^m)/((b*x^2)/(A*d^3)+a/(A*d^3))
    #14 d=8 dl=8 seenp fb=true seenlen=7 seen=- out=1_1_2_2_r39 owner=1_1_2_9_r2:fired f=(e*x)^(m+6)/((b*x^2)/(A*d^3)+a/(A*d^3))
    #15 d=3 dl=3 seenp fb=true seenlen=2 seen=- out=1_4_1_r18 owner=1_4_1_r7:fired f=(3*B*c*d^2*x^6*(e*x)^m)/(b*x^2+a)
    #16 d=4 dl=4 seenp fb=true seenlen=3 seen=- out=1_4_1_r18 owner=1_4_1_r18:fired f=(B*c*d^2*x^6*(e*x)^m)/((b*x^2)/3+a/3)
    #17 d=5 dl=5 seenp fb=true seenlen=4 seen=- out=1_4_1_r18 owner=1_4_1_r18:fired f=(c*d^2*x^6*(e*x)^m)/((b*x^2)/(3*B)+a/(3*B))
    #18 d=6 dl=6 seenp fb=true seenlen=5 seen=- out=1_4_1_r18 owner=1_4_1_r18:fired f=(d^2*x^6*(e*x)^m)/((b*x^2)/(3*B*c)+a/(3*B*c))
    #19 d=7 dl=7 seenp fb=true seenlen=6 seen=- out=1_4_1_r18 owner=1_4_1_r18:fired f=(d*x^6*(e*x)^m)/((b*x^2)/(3*B*c*d)+a/(3*B*c*d))
    #20 d=8 dl=8 seenp fb=true seenlen=7 seen=- out=1_1_2_9_r2 owner=1_4_1_r18:fired f=(x^6*(e*x)^m)/((b*x^2)/(3*B*c*d^2)+a/(3*B*c*d^2))
    #21 d=9 dl=9 seenp fb=true seenlen=8 seen=- out=1_1_2_2_r39 owner=1_1_2_9_r2:fired f=(e*x)^(m+6)/((b*x^2)/(3*B*c*d^2)+a/(3*B*c*d^2))
    #22 d=3 dl=3 seenp fb=true seenlen=2 seen=- out=1_4_1_r18 owner=1_4_1_r7:fired f=(3*A*c*d^2*x^4*(e*x)^m)/(b*x^2+a)
    #23 d=4 dl=4 seenp fb=true seenlen=3 seen=- out=1_4_1_r18 owner=1_4_1_r18:fired f=(A*c*d^2*x^4*(e*x)^m)/((b*x^2)/3+a/3)
    #24 d=5 dl=5 seenp fb=true seenlen=4 seen=- out=1_4_1_r18 owner=1_4_1_r18:fired f=(c*d^2*x^4*(e*x)^m)/((b*x^2)/(3*A)+a/(3*A))
    #25 d=6 dl=6 seenp fb=true seenlen=5 seen=- out=1_4_1_r18 owner=1_4_1_r18:fired f=(d^2*x^4*(e*x)^m)/((b*x^2)/(3*A*c)+a/(3*A*c))
    #26 d=7 dl=7 seenp fb=true seenlen=6 seen=- out=1_4_1_r18 owner=1_4_1_r18:fired f=(d*x^4*(e*x)^m)/((b*x^2)/(3*A*c*d)+a/(3*A*c*d))
    #27 d=8 dl=8 seenp fb=true seenlen=7 seen=- out=1_1_2_9_r2 owner=1_4_1_r18:fired f=(x^4*(e*x)^m)/((b*x^2)/(3*A*c*d^2)+a/(3*A*c*d^2))
    #28 d=9 dl=9 seenp fb=true seenlen=8 seen=- out=1_1_2_2_r39 owner=1_1_2_9_r2:fired f=(e*x)^(m+4)/((b*x^2)/(3*A*c*d^2)+a/(3*A*c*d^2))
    #29 d=3 dl=3 seenp fb=true seenlen=2 seen=- out=1_4_1_r18 owner=1_4_1_r7:fired f=(3*B*c^2*d*x^4*(e*x)^m)/(b*x^2+a)
    #30 d=4 dl=4 seenp fb=true seenlen=3 seen=- out=1_4_1_r18 owner=1_4_1_r18:fired f=(B*c^2*d*x^4*(e*x)^m)/((b*x^2)/3+a/3)
    #31 d=5 dl=5 seenp fb=true seenlen=4 seen=- out=1_4_1_r18 owner=1_4_1_r18:fired f=(c^2*d*x^4*(e*x)^m)/((b*x^2)/(3*B)+a/(3*B))
    #32 d=6 dl=6 seenp fb=true seenlen=5 seen=- out=1_4_1_r18 owner=1_4_1_r18:fired f=(c^2*x^4*(e*x)^m)/((b*x^2)/(3*B*d)+a/(3*B*d))
    #33 d=7 dl=7 seenp fb=true seenlen=6 seen=- out=1_4_1_r18 owner=1_4_1_r18:fired f=(c*x^4*(e*x)^m)/((b*x^2)/(3*B*c*d)+a/(3*B*c*d))
    #34 d=8 dl=8 seenp fb=true seenlen=7 seen=- out=1_1_2_9_r2 owner=1_4_1_r18:fired f=(x^4*(e*x)^m)/((b*x^2)/(3*B*c^2*d)+a/(3*B*c^2*d))
    #35 d=9 dl=9 seenp fb=true seenlen=8 seen=- out=1_1_2_2_r39 owner=1_1_2_9_r2:fired f=(e*x)^(m+4)/((b*x^2)/(3*B*c^2*d)+a/(3*B*c^2*d))
    #36 d=3 dl=3 seenp fb=true seenlen=2 seen=- out=1_4_1_r18 owner=1_4_1_r7:fired f=(3*A*c^2*d*x^2*(e*x)^m)/(b*x^2+a)
    #37 d=4 dl=4 seenp fb=true seenlen=3 seen=- out=1_4_1_r18 owner=1_4_1_r18:fired f=(A*c^2*d*x^2*(e*x)^m)/((b*x^2)/3+a/3)
    #38 d=5 dl=5 seenp fb=true seenlen=4 seen=- out=1_4_1_r18 owner=1_4_1_r18:fired f=(c^2*d*x^2*(e*x)^m)/((b*x^2)/(3*A)+a/(3*A))
    #39 d=6 dl=6 seenp fb=true seenlen=5 seen=- out=1_4_1_r18 owner=1_4_1_r18:fired f=(c^2*x^2*(e*x)^m)/((b*x^2)/(3*A*d)+a/(3*A*d))
    #40 d=7 dl=7 seenp fb=true seenlen=6 seen=- out=1_4_1_r18 owner=1_4_1_r18:fired f=(c*x^2*(e*x)^m)/((b*x^2)/(3*A*c*d)+a/(3*A*c*d))
    #41 d=8 dl=8 seenp fb=true seenlen=7 seen=- out=1_1_2_9_r2 owner=1_4_1_r18:fired f=(x^2*(e*x)^m)/((b*x^2)/(3*A*c^2*d)+a/(3*A*c^2*d))
    #42 d=9 dl=9 seenp fb=true seenlen=8 seen=- out=1_1_2_2_r39 owner=1_1_2_9_r2:fired f=(e*x)^(m+2)/((b*x^2)/(3*A*c^2*d)+a/(3*A*c^2*d))
    #43 d=3 dl=3 seenp fb=true seenlen=2 seen=- out=1_4_1_r18 owner=1_4_1_r7:fired f=(B*c^3*x^2*(e*x)^m)/(b*x^2+a)
    #44 d=4 dl=4 seenp fb=true seenlen=3 seen=- out=1_4_1_r18 owner=1_4_1_r18:fired f=(c^3*x^2*(e*x)^m)/((b*x^2)/B+a/B)
    #45 d=5 dl=5 seenp fb=true seenlen=4 seen=- out=1_4_1_r18 owner=1_4_1_r18:fired f=(c^2*x^2*(e*x)^m)/((b*x^2)/(B*c)+a/(B*c))
    #46 d=6 dl=6 seenp fb=true seenlen=5 seen=- out=1_4_1_r18 owner=1_4_1_r18:fired f=(c*x^2*(e*x)^m)/((b*x^2)/(B*c^2)+a/(B*c^2))
    #47 d=7 dl=7 seenp fb=true seenlen=6 seen=- out=1_1_2_9_r2 owner=1_4_1_r18:fired f=(x^2*(e*x)^m)/((b*x^2)/(B*c^3)+a/(B*c^3))
    #48 d=8 dl=8 seenp fb=true seenlen=7 seen=- out=1_1_2_2_r39 owner=1_1_2_9_r2:fired f=(e*x)^(m+2)/((b*x^2)/(B*c^3)+a/(B*c^3))
    #49 d=3 dl=3 seenp fb=true seenlen=2 seen=- out=1_4_1_r18 owner=1_4_1_r7:fired f=(A*c^3*(e*x)^m)/(b*x^2+a)
    #50 d=4 dl=4 seenp fb=true seenlen=3 seen=- out=1_4_1_r18 owner=1_4_1_r18:fired f=(c^3*(e*x)^m)/((b*x^2)/A+a/A)
    #51 d=5 dl=5 seenp fb=true seenlen=4 seen=- out=1_4_1_r18 owner=1_4_1_r18:fired f=(c^2*(e*x)^m)/((b*x^2)/(A*c)+a/(A*c))
    #52 d=6 dl=6 seenp fb=true seenlen=5 seen=- out=1_4_1_r18 owner=1_4_1_r18:fired f=(c*(e*x)^m)/((b*x^2)/(A*c^2)+a/(A*c^2))
    #53 d=7 dl=7 seenp fb=true seenlen=6 seen=- out=1_1_2_2_r39 owner=1_4_1_r18:fired f=(e*x)^m/((b*x^2)/(A*c^3)+a/(A*c^3))
  [p0] class=verified t=3.3s L30 returned=yes t=3.274045 calls=4 ratsimp-hits=1 exact-hits=0 unexited=0 misfire/fault-lines=0 top=1_1_2_6_r9@pass2
    fires=1_2_1_9b_r5,1_1_2_6_r9,1_1_2_6_r9
    answer sha1=ab341053cff1 (('integrate(-((A*a*b*d^3*m^2*x^4*(e*x)^m)/(b*x^2+a))+(B*a^2*d^3*m^2*x^4*(e*x)^m)/(b*x^2+a)+(A*b^2*c*d^2*m^2*x^4*(e*x)^m)/(b*x^2+a)-(B*a*b*c*d^2*m^2*x^4*(e*x)^m...
    #1 d=1 dl=1 p0-mr_top fb=false seenlen=0 seen=- out=1_1_2_6_r9@pass2 owner=- f=((e*x)^m*(B*x^2+A)*(d*x^2+c)^3)/(b*x^2+a)
    #2 d=2 dl=1 p0-mr_top fb=true seenlen=0 seen=- out=1_1_2_6_r9@pass1 owner=1_1_2_6_r9:fired f=((e*x)^m*(d*x^2+c)^2*((d*(A*b*(m+7)+B*a*(-m-7))+6*B*b*c)*x^2+c*(A*b*(m+7)+B*a*(-m-1))))/(b*x^2+a)
    #3 d=3 dl=2 p0-mr_top fb=true seenlen=1 seen=- out=1_2_1_9b_r5@pass1 owner=1_1_2_6_r9:fired f=((e*x)^m*(d*x^2+c)*((c*d*(A*b^2*(m^2+16*m+63)+B*a*b*(-m^2-16*m-63))+d^2*(B*a^2*(m^2+12*m+35)+A*a*b*(-m^2-12*m-...
    #4 d=4 dl=3 p0-mr_top fb=true seenlen=2 seen=ratsimp@#3(idx1,live=yes) out=fall-through:seen-hit owner=1_2_1_9b_r5:fired f=-((A*a*b*d^3*m^2*x^4*(e*x)^m)/(b*x^2+a))+(B*a^2*d^3*m^2*x^4*(e*x)^m)/(b*x^2+a)+(A*b^2*c*d^2*m^2*x^4*(e*x)^m)/(...
        matched elem=((e*x)^m*(d*x^2+c)*((c*d*(A*b^2*(m^2+16*m+63)+B*a*b*(-m^2-16*m-63))+d^2*(B*a^2*(m^2+12*m+35)+A*a*b*(-m^2-12*m-...

--- c1 g36 1 Algebraic functions/1.1 Binomial products/1.1.2 Quadratic/1.1.2.6 (g x)^m (a+b x^2)^p (c+d x^2)^q (e+f x^2)^r.mac e22 (eq)
  [trace] class=deferred t=1.0s L35 returned=yes t=0.966014 calls=2 ratsimp-hits=1 exact-hits=0 unexited=0 misfire/fault-lines=0 top=1_1_2_6_r3
    fires=1_1_2_6_r3
    answer sha1=03eef9ae4002 'integrate((B*b^4*x^10*(e*x)^m)/(d*x^2+c)+(A*b^4*x^8*(e*x)^m)/(d*x^2+c)+(4*B*a*b^3*x^8*(e*x)^m)/(d*x^2+c)+(4*A*a*b^3*x^6*(e*x)^m)/(d*x^2+c)+(6*B*a^2*b^2*x^6*(e*...
    #1 d=1 dl=1 seenp fb=false seenlen=0 seen=- out=1_1_2_6_r3 owner=- f=((e*x)^m*(B*x^2+A)*(b*x^2+a)^4)/(d*x^2+c)
    #2 d=2 dl=2 seenp fb=true seenlen=1 seen=ratsimp@#1(idx1,live=yes) out=fall-through:seen-hit owner=1_1_2_6_r3:fired f=(B*b^4*x^10*(e*x)^m)/(d*x^2+c)+(A*b^4*x^8*(e*x)^m)/(d*x^2+c)+(4*B*a*b^3*x^8*(e*x)^m)/(d*x^2+c)+(4*A*a*b^3*x^6*...
        matched elem=((e*x)^m*(B*x^2+A)*(b*x^2+a)^4)/(d*x^2+c)
  [exact-only] class=timeout t=30.0s L35 returned=NO calls=51 ratsimp-hits=0 exact-hits=0 unexited=5 misfire/fault-lines=0 top=open
    fires=1_1_2_2_r39,1_1_2_9_r2,1_4_1_r18,1_4_1_r18,1_4_1_r18,1_4_1_r18,1_4_1_r18,1_1_2_2_r39,1_1_2_9_r2,1_4_1_r18,1_4_1_r18,1_4_1_r18,1_4_1_r18,1_4_1_r18,1_1_2_2_r39,1_1_2_9_r2,1_4_1_r18,1_4_1_r18,1_4_1_r18,1_4_1_r18,1_4_1_r18,1_4_1_r18,1_1_2_2_r39,1_1_2_9_r2,1_4_1_r18,1_4_1_r18,1_4_1_r18,1_4_1_r18,1_4_1_r18,1_4_1_r18,1_1_2_2_r39,1_1_2_9_r2,1_4_1_r18,1_4_1_r18,1_4_1_r18,1_4_1_r18,1_4_1_r18,1_4_1_r18,1_1_2_2_r39,1_1_2_9_r2,1_4_1_r18,1_4_1_r18,1_4_1_r18,1_4_1_r18,1_4_1_r18,1_4_1_r18
    #1 d=1 dl=1 seenp fb=false seenlen=0 seen=- out=open owner=- f=((e*x)^m*(B*x^2+A)*(b*x^2+a)^4)/(d*x^2+c)
    #2 d=2 dl=2 seenp fb=true seenlen=1 seen=- out=open owner=- f=(B*b^4*x^10*(e*x)^m)/(d*x^2+c)+(A*b^4*x^8*(e*x)^m)/(d*x^2+c)+(4*B*a*b^3*x^8*(e*x)^m)/(d*x^2+c)+(4*A*a*b^3*x^6*...
    #3 d=3 dl=3 seenp fb=true seenlen=2 seen=- out=1_4_1_r18 owner=- f=(B*b^4*x^10*(e*x)^m)/(d*x^2+c)
    #4 d=4 dl=4 seenp fb=true seenlen=3 seen=- out=1_4_1_r18 owner=1_4_1_r18:fired f=(b^4*x^10*(e*x)^m)/((d*x^2)/B+c/B)
    #5 d=5 dl=5 seenp fb=true seenlen=4 seen=- out=1_4_1_r18 owner=1_4_1_r18:fired f=(b^3*x^10*(e*x)^m)/((d*x^2)/(B*b)+c/(B*b))
    #6 d=6 dl=6 seenp fb=true seenlen=5 seen=- out=1_4_1_r18 owner=1_4_1_r18:fired f=(b^2*x^10*(e*x)^m)/((d*x^2)/(B*b^2)+c/(B*b^2))
    #7 d=7 dl=7 seenp fb=true seenlen=6 seen=- out=1_4_1_r18 owner=1_4_1_r18:fired f=(b*x^10*(e*x)^m)/((d*x^2)/(B*b^3)+c/(B*b^3))
    #8 d=8 dl=8 seenp fb=true seenlen=7 seen=- out=1_1_2_9_r2 owner=1_4_1_r18:fired f=(x^10*(e*x)^m)/((d*x^2)/(B*b^4)+c/(B*b^4))
    #9 d=9 dl=9 seenp fb=true seenlen=8 seen=- out=1_1_2_2_r39 owner=1_1_2_9_r2:fired f=(e*x)^(m+10)/((d*x^2)/(B*b^4)+c/(B*b^4))
    #10 d=3 dl=3 seenp fb=true seenlen=2 seen=- out=1_4_1_r18 owner=- f=(A*b^4*x^8*(e*x)^m)/(d*x^2+c)
    #11 d=4 dl=4 seenp fb=true seenlen=3 seen=- out=1_4_1_r18 owner=1_4_1_r18:fired f=(b^4*x^8*(e*x)^m)/((d*x^2)/A+c/A)
    #12 d=5 dl=5 seenp fb=true seenlen=4 seen=- out=1_4_1_r18 owner=1_4_1_r18:fired f=(b^3*x^8*(e*x)^m)/((d*x^2)/(A*b)+c/(A*b))
    #13 d=6 dl=6 seenp fb=true seenlen=5 seen=- out=1_4_1_r18 owner=1_4_1_r18:fired f=(b^2*x^8*(e*x)^m)/((d*x^2)/(A*b^2)+c/(A*b^2))
    #14 d=7 dl=7 seenp fb=true seenlen=6 seen=- out=1_4_1_r18 owner=1_4_1_r18:fired f=(b*x^8*(e*x)^m)/((d*x^2)/(A*b^3)+c/(A*b^3))
    #15 d=8 dl=8 seenp fb=true seenlen=7 seen=- out=1_1_2_9_r2 owner=1_4_1_r18:fired f=(x^8*(e*x)^m)/((d*x^2)/(A*b^4)+c/(A*b^4))
    #16 d=9 dl=9 seenp fb=true seenlen=8 seen=- out=1_1_2_2_r39 owner=1_1_2_9_r2:fired f=(e*x)^(m+8)/((d*x^2)/(A*b^4)+c/(A*b^4))
    #17 d=3 dl=3 seenp fb=true seenlen=2 seen=- out=1_4_1_r18 owner=- f=(4*B*a*b^3*x^8*(e*x)^m)/(d*x^2+c)
    #18 d=4 dl=4 seenp fb=true seenlen=3 seen=- out=1_4_1_r18 owner=1_4_1_r18:fired f=(B*a*b^3*x^8*(e*x)^m)/((d*x^2)/4+c/4)
    #19 d=5 dl=5 seenp fb=true seenlen=4 seen=- out=1_4_1_r18 owner=1_4_1_r18:fired f=(a*b^3*x^8*(e*x)^m)/((d*x^2)/(4*B)+c/(4*B))
    #20 d=6 dl=6 seenp fb=true seenlen=5 seen=- out=1_4_1_r18 owner=1_4_1_r18:fired f=(b^3*x^8*(e*x)^m)/((d*x^2)/(4*B*a)+c/(4*B*a))
    #21 d=7 dl=7 seenp fb=true seenlen=6 seen=- out=1_4_1_r18 owner=1_4_1_r18:fired f=(b^2*x^8*(e*x)^m)/((d*x^2)/(4*B*a*b)+c/(4*B*a*b))
    #22 d=8 dl=8 seenp fb=true seenlen=7 seen=- out=1_4_1_r18 owner=1_4_1_r18:fired f=(b*x^8*(e*x)^m)/((d*x^2)/(4*B*a*b^2)+c/(4*B*a*b^2))
    #23 d=9 dl=9 seenp fb=true seenlen=8 seen=- out=1_1_2_9_r2 owner=1_4_1_r18:fired f=(x^8*(e*x)^m)/((d*x^2)/(4*B*a*b^3)+c/(4*B*a*b^3))
    #24 d=10 dl=10 seenp fb=true seenlen=9 seen=- out=1_1_2_2_r39 owner=1_1_2_9_r2:fired f=(e*x)^(m+8)/((d*x^2)/(4*B*a*b^3)+c/(4*B*a*b^3))
    #25 d=3 dl=3 seenp fb=true seenlen=2 seen=- out=1_4_1_r18 owner=- f=(4*A*a*b^3*x^6*(e*x)^m)/(d*x^2+c)
    #26 d=4 dl=4 seenp fb=true seenlen=3 seen=- out=1_4_1_r18 owner=1_4_1_r18:fired f=(A*a*b^3*x^6*(e*x)^m)/((d*x^2)/4+c/4)
    #27 d=5 dl=5 seenp fb=true seenlen=4 seen=- out=1_4_1_r18 owner=1_4_1_r18:fired f=(a*b^3*x^6*(e*x)^m)/((d*x^2)/(4*A)+c/(4*A))
    #28 d=6 dl=6 seenp fb=true seenlen=5 seen=- out=1_4_1_r18 owner=1_4_1_r18:fired f=(b^3*x^6*(e*x)^m)/((d*x^2)/(4*A*a)+c/(4*A*a))
    #29 d=7 dl=7 seenp fb=true seenlen=6 seen=- out=1_4_1_r18 owner=1_4_1_r18:fired f=(b^2*x^6*(e*x)^m)/((d*x^2)/(4*A*a*b)+c/(4*A*a*b))
    #30 d=8 dl=8 seenp fb=true seenlen=7 seen=- out=1_4_1_r18 owner=1_4_1_r18:fired f=(b*x^6*(e*x)^m)/((d*x^2)/(4*A*a*b^2)+c/(4*A*a*b^2))
    #31 d=9 dl=9 seenp fb=true seenlen=8 seen=- out=1_1_2_9_r2 owner=1_4_1_r18:fired f=(x^6*(e*x)^m)/((d*x^2)/(4*A*a*b^3)+c/(4*A*a*b^3))
    #32 d=10 dl=10 seenp fb=true seenlen=9 seen=- out=1_1_2_2_r39 owner=1_1_2_9_r2:fired f=(e*x)^(m+6)/((d*x^2)/(4*A*a*b^3)+c/(4*A*a*b^3))
    #33 d=3 dl=3 seenp fb=true seenlen=2 seen=- out=1_4_1_r18 owner=- f=(6*B*a^2*b^2*x^6*(e*x)^m)/(d*x^2+c)
    #34 d=4 dl=4 seenp fb=true seenlen=3 seen=- out=1_4_1_r18 owner=1_4_1_r18:fired f=(B*a^2*b^2*x^6*(e*x)^m)/((d*x^2)/6+c/6)
    #35 d=5 dl=5 seenp fb=true seenlen=4 seen=- out=1_4_1_r18 owner=1_4_1_r18:fired f=(a^2*b^2*x^6*(e*x)^m)/((d*x^2)/(6*B)+c/(6*B))
    #36 d=6 dl=6 seenp fb=true seenlen=5 seen=- out=1_4_1_r18 owner=1_4_1_r18:fired f=(a*b^2*x^6*(e*x)^m)/((d*x^2)/(6*B*a)+c/(6*B*a))
    #37 d=7 dl=7 seenp fb=true seenlen=6 seen=- out=1_4_1_r18 owner=1_4_1_r18:fired f=(b^2*x^6*(e*x)^m)/((d*x^2)/(6*B*a^2)+c/(6*B*a^2))
    #38 d=8 dl=8 seenp fb=true seenlen=7 seen=- out=1_4_1_r18 owner=1_4_1_r18:fired f=(b*x^6*(e*x)^m)/((d*x^2)/(6*B*a^2*b)+c/(6*B*a^2*b))
    #39 d=9 dl=9 seenp fb=true seenlen=8 seen=- out=1_1_2_9_r2 owner=1_4_1_r18:fired f=(x^6*(e*x)^m)/((d*x^2)/(6*B*a^2*b^2)+c/(6*B*a^2*b^2))
    #40 d=10 dl=10 seenp fb=true seenlen=9 seen=- out=1_1_2_2_r39 owner=1_1_2_9_r2:fired f=(e*x)^(m+6)/((d*x^2)/(6*B*a^2*b^2)+c/(6*B*a^2*b^2))
    #41 d=3 dl=3 seenp fb=true seenlen=2 seen=- out=1_4_1_r18 owner=- f=(6*A*a^2*b^2*x^4*(e*x)^m)/(d*x^2+c)
    #42 d=4 dl=4 seenp fb=true seenlen=3 seen=- out=1_4_1_r18 owner=1_4_1_r18:fired f=(A*a^2*b^2*x^4*(e*x)^m)/((d*x^2)/6+c/6)
    #43 d=5 dl=5 seenp fb=true seenlen=4 seen=- out=1_4_1_r18 owner=1_4_1_r18:fired f=(a^2*b^2*x^4*(e*x)^m)/((d*x^2)/(6*A)+c/(6*A))
    #44 d=6 dl=6 seenp fb=true seenlen=5 seen=- out=1_4_1_r18 owner=1_4_1_r18:fired f=(a*b^2*x^4*(e*x)^m)/((d*x^2)/(6*A*a)+c/(6*A*a))
    #45 d=7 dl=7 seenp fb=true seenlen=6 seen=- out=1_4_1_r18 owner=1_4_1_r18:fired f=(b^2*x^4*(e*x)^m)/((d*x^2)/(6*A*a^2)+c/(6*A*a^2))
    #46 d=8 dl=8 seenp fb=true seenlen=7 seen=- out=1_4_1_r18 owner=1_4_1_r18:fired f=(b*x^4*(e*x)^m)/((d*x^2)/(6*A*a^2*b)+c/(6*A*a^2*b))
    #47 d=9 dl=9 seenp fb=true seenlen=8 seen=- out=1_1_2_9_r2 owner=1_4_1_r18:fired f=(x^4*(e*x)^m)/((d*x^2)/(6*A*a^2*b^2)+c/(6*A*a^2*b^2))
    #48 d=10 dl=10 seenp fb=true seenlen=9 seen=- out=1_1_2_2_r39 owner=1_1_2_9_r2:fired f=(e*x)^(m+4)/((d*x^2)/(6*A*a^2*b^2)+c/(6*A*a^2*b^2))
    #49 d=3 dl=3 seenp fb=true seenlen=2 seen=- out=open owner=- f=(4*B*a^3*b*x^4*(e*x)^m)/(d*x^2+c)
    #50 d=4 dl=4 seenp fb=true seenlen=3 seen=- out=open owner=- f=(B*a^3*b*x^4*(e*x)^m)/((d*x^2)/4+c/4)
    #51 d=5 dl=5 seenp fb=true seenlen=4 seen=- out=open owner=- f=(a^3*b*x^4*(e*x)^m)/((d*x^2)/(4*B)+c/(4*B))
  [p0] class=verified t=20.0s L35 returned=yes t=19.999271 calls=14 ratsimp-hits=0 exact-hits=0 unexited=0 misfire/fault-lines=0 top=1_1_2_6_r12@pass2
    fires=1_4_1_r29,1_4_1_r29,1_4_1_r7,1_1_2_6_r12
    answer sha1=69fc9ca58f31 B*b^4*'integrate((x^10*(e*x)^m)/(d*x^2+c),x)+A*b^4*'integrate((x^8*(e*x)^m)/(d*x^2+c),x)+4*B*a*b^3*'integrate((x^8*(e*x)^m)/(d*x^2+c),x)+4*A*a*b^3*'integrate((x...
    #1 d=1 dl=1 p0-mr_top fb=false seenlen=0 seen=- out=1_1_2_6_r12@pass2 owner=- f=((e*x)^m*(B*x^2+A)*(b*x^2+a)^4)/(d*x^2+c)
    #2 d=2 dl=1 p0-mr_top fb=true seenlen=0 seen=- out=1_4_1_r7@pass1 owner=1_1_2_6_r12:fired f=(B*b^4*x^10*(e*x)^m)/(d*x^2+c)+(A*b^4*x^8*(e*x)^m)/(d*x^2+c)+(4*B*a*b^3*x^8*(e*x)^m)/(d*x^2+c)+(4*A*a*b^3*x^6*...
    #3 d=3 dl=2 p0-mr_top fb=true seenlen=1 seen=- out=fall-through:nofire owner=1_4_1_r7:fired f=(B*b^4*x^10*(e*x)^m)/(d*x^2+c)
    #4 d=3 dl=2 p0-mr_top fb=true seenlen=1 seen=- out=fall-through:nofire owner=1_4_1_r7:fired f=(A*b^4*x^8*(e*x)^m)/(d*x^2+c)
    #5 d=3 dl=2 p0-mr_top fb=true seenlen=1 seen=- out=fall-through:nofire owner=1_4_1_r7:fired f=(4*B*a*b^3*x^8*(e*x)^m)/(d*x^2+c)
    #6 d=3 dl=2 p0-mr_top fb=true seenlen=1 seen=- out=fall-through:nofire owner=1_4_1_r7:fired f=(4*A*a*b^3*x^6*(e*x)^m)/(d*x^2+c)
    #7 d=3 dl=2 p0-mr_top fb=true seenlen=1 seen=- out=1_4_1_r29@pass1 owner=1_4_1_r7:fired f=(6*B*a^2*b^2*x^6*(e*x)^m)/(d*x^2+c)
    #8 d=4 dl=3 p0-mr_top fb=true seenlen=2 seen=- out=fall-through:nofire owner=1_4_1_r29:fired f=(6*B*b^4*x^6*(e*x)^m)/(d*x^2+c)
    #9 d=3 dl=2 p0-mr_top fb=true seenlen=1 seen=- out=1_4_1_r29@pass1 owner=1_4_1_r7:fired f=(6*A*a^2*b^2*x^4*(e*x)^m)/(d*x^2+c)
    #10 d=4 dl=3 p0-mr_top fb=true seenlen=2 seen=- out=fall-through:nofire owner=1_4_1_r29:fired f=(6*A*b^4*x^4*(e*x)^m)/(d*x^2+c)
    #11 d=3 dl=2 p0-mr_top fb=true seenlen=1 seen=- out=fall-through:nofire owner=1_4_1_r7:fired f=(4*B*a^3*b*x^4*(e*x)^m)/(d*x^2+c)
    #12 d=3 dl=2 p0-mr_top fb=true seenlen=1 seen=- out=fall-through:nofire owner=1_4_1_r7:fired f=(4*A*a^3*b*x^2*(e*x)^m)/(d*x^2+c)
    #13 d=3 dl=2 p0-mr_top fb=true seenlen=1 seen=- out=fall-through:nofire owner=1_4_1_r7:fired f=(B*a^4*x^2*(e*x)^m)/(d*x^2+c)
    #14 d=3 dl=2 p0-mr_top fb=true seenlen=1 seen=- out=fall-through:nofire owner=1_4_1_r7:fired f=(A*a^4*(e*x)^m)/(d*x^2+c)

--- c1 g36 1 Algebraic functions/1.1 Binomial products/1.1.2 Quadratic/1.1.2.6 (g x)^m (a+b x^2)^p (c+d x^2)^q (e+f x^2)^r.mac e23 (eq)
  [trace] class=deferred t=0.9s L36 returned=yes t=0.924012 calls=2 ratsimp-hits=1 exact-hits=0 unexited=0 misfire/fault-lines=0 top=1_1_2_6_r3
    fires=1_1_2_6_r3
    answer sha1=351de95e6476 'integrate((B*b^3*x^8*(e*x)^m)/(d*x^2+c)+(A*b^3*x^6*(e*x)^m)/(d*x^2+c)+(3*B*a*b^2*x^6*(e*x)^m)/(d*x^2+c)+(3*A*a*b^2*x^4*(e*x)^m)/(d*x^2+c)+(3*B*a^2*b*x^4*(e*x)^...
    #1 d=1 dl=1 seenp fb=false seenlen=0 seen=- out=1_1_2_6_r3 owner=- f=((e*x)^m*(B*x^2+A)*(b*x^2+a)^3)/(d*x^2+c)
    #2 d=2 dl=2 seenp fb=true seenlen=1 seen=ratsimp@#1(idx1,live=yes) out=fall-through:seen-hit owner=1_1_2_6_r3:fired f=(B*b^3*x^8*(e*x)^m)/(d*x^2+c)+(A*b^3*x^6*(e*x)^m)/(d*x^2+c)+(3*B*a*b^2*x^6*(e*x)^m)/(d*x^2+c)+(3*A*a*b^2*x^4*(...
        matched elem=((e*x)^m*(B*x^2+A)*(b*x^2+a)^3)/(d*x^2+c)
  [exact-only] class=unverified t=27.2s L36 returned=yes t=26.908365 calls=53 ratsimp-hits=0 exact-hits=0 unexited=0 misfire/fault-lines=0 top=1_1_2_6_r3
    fires=1_1_2_2_r39,1_1_2_9_r2,1_4_1_r18,1_4_1_r18,1_4_1_r18,1_4_1_r18,1_1_2_2_r39,1_1_2_9_r2,1_4_1_r18,1_4_1_r18,1_4_1_r18,1_4_1_r18,1_1_2_2_r39,1_1_2_9_r2,1_4_1_r18,1_4_1_r18,1_4_1_r18,1_4_1_r18,1_4_1_r18,1_1_2_2_r39,1_1_2_9_r2,1_4_1_r18,1_4_1_r18,1_4_1_r18,1_4_1_r18,1_4_1_r18,1_1_2_2_r39,1_1_2_9_r2,1_4_1_r18,1_4_1_r18,1_4_1_r18,1_4_1_r18,1_4_1_r18,1_1_2_2_r39,1_1_2_9_r2,1_4_1_r18,1_4_1_r18,1_4_1_r18,1_4_1_r18,1_4_1_r18,1_1_2_2_r39,1_1_2_9_r2,1_4_1_r18,1_4_1_r18,1_4_1_r18,1_4_1_r18,1_1_2_2_r39,1_4_1_r18,1_4_1_r18,1_4_1_r18,1_4_1_r18,1_4_1_r7,1_1_2_6_r3
    answer sha1=12901f391c63 (hypergeometric([1,(m+9)/2],[(m+9)/2+1],-((d*x^2)/c))*B*b^3*(e*x)^(m+9))/(c*e^9*(m+9))+(hypergeometric([1,(m+7)/2],[(m+7)/2+1],-((d*x^2)/c))*A*b^3*(e*x)^(m+7))/...
    #1 d=1 dl=1 seenp fb=false seenlen=0 seen=- out=1_1_2_6_r3 owner=- f=((e*x)^m*(B*x^2+A)*(b*x^2+a)^3)/(d*x^2+c)
    #2 d=2 dl=2 seenp fb=true seenlen=1 seen=- out=1_4_1_r7 owner=1_1_2_6_r3:fired f=(B*b^3*x^8*(e*x)^m)/(d*x^2+c)+(A*b^3*x^6*(e*x)^m)/(d*x^2+c)+(3*B*a*b^2*x^6*(e*x)^m)/(d*x^2+c)+(3*A*a*b^2*x^4*(...
    #3 d=3 dl=3 seenp fb=true seenlen=2 seen=- out=1_4_1_r18 owner=1_4_1_r7:fired f=(B*b^3*x^8*(e*x)^m)/(d*x^2+c)
    #4 d=4 dl=4 seenp fb=true seenlen=3 seen=- out=1_4_1_r18 owner=1_4_1_r18:fired f=(b^3*x^8*(e*x)^m)/((d*x^2)/B+c/B)
    #5 d=5 dl=5 seenp fb=true seenlen=4 seen=- out=1_4_1_r18 owner=1_4_1_r18:fired f=(b^2*x^8*(e*x)^m)/((d*x^2)/(B*b)+c/(B*b))
    #6 d=6 dl=6 seenp fb=true seenlen=5 seen=- out=1_4_1_r18 owner=1_4_1_r18:fired f=(b*x^8*(e*x)^m)/((d*x^2)/(B*b^2)+c/(B*b^2))
    #7 d=7 dl=7 seenp fb=true seenlen=6 seen=- out=1_1_2_9_r2 owner=1_4_1_r18:fired f=(x^8*(e*x)^m)/((d*x^2)/(B*b^3)+c/(B*b^3))
    #8 d=8 dl=8 seenp fb=true seenlen=7 seen=- out=1_1_2_2_r39 owner=1_1_2_9_r2:fired f=(e*x)^(m+8)/((d*x^2)/(B*b^3)+c/(B*b^3))
    #9 d=3 dl=3 seenp fb=true seenlen=2 seen=- out=1_4_1_r18 owner=1_4_1_r7:fired f=(A*b^3*x^6*(e*x)^m)/(d*x^2+c)
    #10 d=4 dl=4 seenp fb=true seenlen=3 seen=- out=1_4_1_r18 owner=1_4_1_r18:fired f=(b^3*x^6*(e*x)^m)/((d*x^2)/A+c/A)
    #11 d=5 dl=5 seenp fb=true seenlen=4 seen=- out=1_4_1_r18 owner=1_4_1_r18:fired f=(b^2*x^6*(e*x)^m)/((d*x^2)/(A*b)+c/(A*b))
    #12 d=6 dl=6 seenp fb=true seenlen=5 seen=- out=1_4_1_r18 owner=1_4_1_r18:fired f=(b*x^6*(e*x)^m)/((d*x^2)/(A*b^2)+c/(A*b^2))
    #13 d=7 dl=7 seenp fb=true seenlen=6 seen=- out=1_1_2_9_r2 owner=1_4_1_r18:fired f=(x^6*(e*x)^m)/((d*x^2)/(A*b^3)+c/(A*b^3))
    #14 d=8 dl=8 seenp fb=true seenlen=7 seen=- out=1_1_2_2_r39 owner=1_1_2_9_r2:fired f=(e*x)^(m+6)/((d*x^2)/(A*b^3)+c/(A*b^3))
    #15 d=3 dl=3 seenp fb=true seenlen=2 seen=- out=1_4_1_r18 owner=1_4_1_r7:fired f=(3*B*a*b^2*x^6*(e*x)^m)/(d*x^2+c)
    #16 d=4 dl=4 seenp fb=true seenlen=3 seen=- out=1_4_1_r18 owner=1_4_1_r18:fired f=(B*a*b^2*x^6*(e*x)^m)/((d*x^2)/3+c/3)
    #17 d=5 dl=5 seenp fb=true seenlen=4 seen=- out=1_4_1_r18 owner=1_4_1_r18:fired f=(a*b^2*x^6*(e*x)^m)/((d*x^2)/(3*B)+c/(3*B))
    #18 d=6 dl=6 seenp fb=true seenlen=5 seen=- out=1_4_1_r18 owner=1_4_1_r18:fired f=(b^2*x^6*(e*x)^m)/((d*x^2)/(3*B*a)+c/(3*B*a))
    #19 d=7 dl=7 seenp fb=true seenlen=6 seen=- out=1_4_1_r18 owner=1_4_1_r18:fired f=(b*x^6*(e*x)^m)/((d*x^2)/(3*B*a*b)+c/(3*B*a*b))
    #20 d=8 dl=8 seenp fb=true seenlen=7 seen=- out=1_1_2_9_r2 owner=1_4_1_r18:fired f=(x^6*(e*x)^m)/((d*x^2)/(3*B*a*b^2)+c/(3*B*a*b^2))
    #21 d=9 dl=9 seenp fb=true seenlen=8 seen=- out=1_1_2_2_r39 owner=1_1_2_9_r2:fired f=(e*x)^(m+6)/((d*x^2)/(3*B*a*b^2)+c/(3*B*a*b^2))
    #22 d=3 dl=3 seenp fb=true seenlen=2 seen=- out=1_4_1_r18 owner=1_4_1_r7:fired f=(3*A*a*b^2*x^4*(e*x)^m)/(d*x^2+c)
    #23 d=4 dl=4 seenp fb=true seenlen=3 seen=- out=1_4_1_r18 owner=1_4_1_r18:fired f=(A*a*b^2*x^4*(e*x)^m)/((d*x^2)/3+c/3)
    #24 d=5 dl=5 seenp fb=true seenlen=4 seen=- out=1_4_1_r18 owner=1_4_1_r18:fired f=(a*b^2*x^4*(e*x)^m)/((d*x^2)/(3*A)+c/(3*A))
    #25 d=6 dl=6 seenp fb=true seenlen=5 seen=- out=1_4_1_r18 owner=1_4_1_r18:fired f=(b^2*x^4*(e*x)^m)/((d*x^2)/(3*A*a)+c/(3*A*a))
    #26 d=7 dl=7 seenp fb=true seenlen=6 seen=- out=1_4_1_r18 owner=1_4_1_r18:fired f=(b*x^4*(e*x)^m)/((d*x^2)/(3*A*a*b)+c/(3*A*a*b))
    #27 d=8 dl=8 seenp fb=true seenlen=7 seen=- out=1_1_2_9_r2 owner=1_4_1_r18:fired f=(x^4*(e*x)^m)/((d*x^2)/(3*A*a*b^2)+c/(3*A*a*b^2))
    #28 d=9 dl=9 seenp fb=true seenlen=8 seen=- out=1_1_2_2_r39 owner=1_1_2_9_r2:fired f=(e*x)^(m+4)/((d*x^2)/(3*A*a*b^2)+c/(3*A*a*b^2))
    #29 d=3 dl=3 seenp fb=true seenlen=2 seen=- out=1_4_1_r18 owner=1_4_1_r7:fired f=(3*B*a^2*b*x^4*(e*x)^m)/(d*x^2+c)
    #30 d=4 dl=4 seenp fb=true seenlen=3 seen=- out=1_4_1_r18 owner=1_4_1_r18:fired f=(B*a^2*b*x^4*(e*x)^m)/((d*x^2)/3+c/3)
    #31 d=5 dl=5 seenp fb=true seenlen=4 seen=- out=1_4_1_r18 owner=1_4_1_r18:fired f=(a^2*b*x^4*(e*x)^m)/((d*x^2)/(3*B)+c/(3*B))
    #32 d=6 dl=6 seenp fb=true seenlen=5 seen=- out=1_4_1_r18 owner=1_4_1_r18:fired f=(a^2*x^4*(e*x)^m)/((d*x^2)/(3*B*b)+c/(3*B*b))
    #33 d=7 dl=7 seenp fb=true seenlen=6 seen=- out=1_4_1_r18 owner=1_4_1_r18:fired f=(a*x^4*(e*x)^m)/((d*x^2)/(3*B*a*b)+c/(3*B*a*b))
    #34 d=8 dl=8 seenp fb=true seenlen=7 seen=- out=1_1_2_9_r2 owner=1_4_1_r18:fired f=(x^4*(e*x)^m)/((d*x^2)/(3*B*a^2*b)+c/(3*B*a^2*b))
    #35 d=9 dl=9 seenp fb=true seenlen=8 seen=- out=1_1_2_2_r39 owner=1_1_2_9_r2:fired f=(e*x)^(m+4)/((d*x^2)/(3*B*a^2*b)+c/(3*B*a^2*b))
    #36 d=3 dl=3 seenp fb=true seenlen=2 seen=- out=1_4_1_r18 owner=1_4_1_r7:fired f=(3*A*a^2*b*x^2*(e*x)^m)/(d*x^2+c)
    #37 d=4 dl=4 seenp fb=true seenlen=3 seen=- out=1_4_1_r18 owner=1_4_1_r18:fired f=(A*a^2*b*x^2*(e*x)^m)/((d*x^2)/3+c/3)
    #38 d=5 dl=5 seenp fb=true seenlen=4 seen=- out=1_4_1_r18 owner=1_4_1_r18:fired f=(a^2*b*x^2*(e*x)^m)/((d*x^2)/(3*A)+c/(3*A))
    #39 d=6 dl=6 seenp fb=true seenlen=5 seen=- out=1_4_1_r18 owner=1_4_1_r18:fired f=(a^2*x^2*(e*x)^m)/((d*x^2)/(3*A*b)+c/(3*A*b))
    #40 d=7 dl=7 seenp fb=true seenlen=6 seen=- out=1_4_1_r18 owner=1_4_1_r18:fired f=(a*x^2*(e*x)^m)/((d*x^2)/(3*A*a*b)+c/(3*A*a*b))
    #41 d=8 dl=8 seenp fb=true seenlen=7 seen=- out=1_1_2_9_r2 owner=1_4_1_r18:fired f=(x^2*(e*x)^m)/((d*x^2)/(3*A*a^2*b)+c/(3*A*a^2*b))
    #42 d=9 dl=9 seenp fb=true seenlen=8 seen=- out=1_1_2_2_r39 owner=1_1_2_9_r2:fired f=(e*x)^(m+2)/((d*x^2)/(3*A*a^2*b)+c/(3*A*a^2*b))
    #43 d=3 dl=3 seenp fb=true seenlen=2 seen=- out=1_4_1_r18 owner=1_4_1_r7:fired f=(B*a^3*x^2*(e*x)^m)/(d*x^2+c)
    #44 d=4 dl=4 seenp fb=true seenlen=3 seen=- out=1_4_1_r18 owner=1_4_1_r18:fired f=(a^3*x^2*(e*x)^m)/((d*x^2)/B+c/B)
    #45 d=5 dl=5 seenp fb=true seenlen=4 seen=- out=1_4_1_r18 owner=1_4_1_r18:fired f=(a^2*x^2*(e*x)^m)/((d*x^2)/(B*a)+c/(B*a))
    #46 d=6 dl=6 seenp fb=true seenlen=5 seen=- out=1_4_1_r18 owner=1_4_1_r18:fired f=(a*x^2*(e*x)^m)/((d*x^2)/(B*a^2)+c/(B*a^2))
    #47 d=7 dl=7 seenp fb=true seenlen=6 seen=- out=1_1_2_9_r2 owner=1_4_1_r18:fired f=(x^2*(e*x)^m)/((d*x^2)/(B*a^3)+c/(B*a^3))
    #48 d=8 dl=8 seenp fb=true seenlen=7 seen=- out=1_1_2_2_r39 owner=1_1_2_9_r2:fired f=(e*x)^(m+2)/((d*x^2)/(B*a^3)+c/(B*a^3))
    #49 d=3 dl=3 seenp fb=true seenlen=2 seen=- out=1_4_1_r18 owner=1_4_1_r7:fired f=(A*a^3*(e*x)^m)/(d*x^2+c)
    #50 d=4 dl=4 seenp fb=true seenlen=3 seen=- out=1_4_1_r18 owner=1_4_1_r18:fired f=(a^3*(e*x)^m)/((d*x^2)/A+c/A)
    #51 d=5 dl=5 seenp fb=true seenlen=4 seen=- out=1_4_1_r18 owner=1_4_1_r18:fired f=(a^2*(e*x)^m)/((d*x^2)/(A*a)+c/(A*a))
    #52 d=6 dl=6 seenp fb=true seenlen=5 seen=- out=1_4_1_r18 owner=1_4_1_r18:fired f=(a*(e*x)^m)/((d*x^2)/(A*a^2)+c/(A*a^2))
    #53 d=7 dl=7 seenp fb=true seenlen=6 seen=- out=1_1_2_2_r39 owner=1_4_1_r18:fired f=(e*x)^m/((d*x^2)/(A*a^3)+c/(A*a^3))
  [p0] class=verified t=15.2s L36 returned=yes t=15.225206 calls=10 ratsimp-hits=0 exact-hits=0 unexited=0 misfire/fault-lines=0 top=1_1_2_6_r12@pass2
    fires=1_4_1_r7,1_1_2_6_r12
    answer sha1=a84ec5dbb850 B*b^3*'integrate((x^8*(e*x)^m)/(d*x^2+c),x)+A*b^3*'integrate((x^6*(e*x)^m)/(d*x^2+c),x)+3*B*a*b^2*'integrate((x^6*(e*x)^m)/(d*x^2+c),x)+3*A*a*b^2*'integrate((x^...
    #1 d=1 dl=1 p0-mr_top fb=false seenlen=0 seen=- out=1_1_2_6_r12@pass2 owner=- f=((e*x)^m*(B*x^2+A)*(b*x^2+a)^3)/(d*x^2+c)
    #2 d=2 dl=1 p0-mr_top fb=true seenlen=0 seen=- out=1_4_1_r7@pass1 owner=1_1_2_6_r12:fired f=(B*b^3*x^8*(e*x)^m)/(d*x^2+c)+(A*b^3*x^6*(e*x)^m)/(d*x^2+c)+(3*B*a*b^2*x^6*(e*x)^m)/(d*x^2+c)+(3*A*a*b^2*x^4*(...
    #3 d=3 dl=2 p0-mr_top fb=true seenlen=1 seen=- out=fall-through:nofire owner=1_4_1_r7:fired f=(B*b^3*x^8*(e*x)^m)/(d*x^2+c)
    #4 d=3 dl=2 p0-mr_top fb=true seenlen=1 seen=- out=fall-through:nofire owner=1_4_1_r7:fired f=(A*b^3*x^6*(e*x)^m)/(d*x^2+c)
    #5 d=3 dl=2 p0-mr_top fb=true seenlen=1 seen=- out=fall-through:nofire owner=1_4_1_r7:fired f=(3*B*a*b^2*x^6*(e*x)^m)/(d*x^2+c)
    #6 d=3 dl=2 p0-mr_top fb=true seenlen=1 seen=- out=fall-through:nofire owner=1_4_1_r7:fired f=(3*A*a*b^2*x^4*(e*x)^m)/(d*x^2+c)
    #7 d=3 dl=2 p0-mr_top fb=true seenlen=1 seen=- out=fall-through:nofire owner=1_4_1_r7:fired f=(3*B*a^2*b*x^4*(e*x)^m)/(d*x^2+c)
    #8 d=3 dl=2 p0-mr_top fb=true seenlen=1 seen=- out=fall-through:nofire owner=1_4_1_r7:fired f=(3*A*a^2*b*x^2*(e*x)^m)/(d*x^2+c)
    #9 d=3 dl=2 p0-mr_top fb=true seenlen=1 seen=- out=fall-through:nofire owner=1_4_1_r7:fired f=(B*a^3*x^2*(e*x)^m)/(d*x^2+c)
    #10 d=3 dl=2 p0-mr_top fb=true seenlen=1 seen=- out=fall-through:nofire owner=1_4_1_r7:fired f=(A*a^3*(e*x)^m)/(d*x^2+c)

--- c1 g36 1 Algebraic functions/1.1 Binomial products/1.1.2 Quadratic/1.1.2.6 (g x)^m (a+b x^2)^p (c+d x^2)^q (e+f x^2)^r.mac e24 (eq)
  [trace] class=deferred t=0.9s L37 returned=yes t=0.915013 calls=2 ratsimp-hits=1 exact-hits=0 unexited=0 misfire/fault-lines=0 top=1_1_2_6_r3
    fires=1_1_2_6_r3
    answer sha1=74ff2f260176 'integrate((B*b^2*x^6*(e*x)^m)/(d*x^2+c)+(A*b^2*x^4*(e*x)^m)/(d*x^2+c)+(2*B*a*b*x^4*(e*x)^m)/(d*x^2+c)+(2*A*a*b*x^2*(e*x)^m)/(d*x^2+c)+(B*a^2*x^2*(e*x)^m)/(d*x^...
    #1 d=1 dl=1 seenp fb=false seenlen=0 seen=- out=1_1_2_6_r3 owner=- f=((e*x)^m*(B*x^2+A)*(b*x^2+a)^2)/(d*x^2+c)
    #2 d=2 dl=2 seenp fb=true seenlen=1 seen=ratsimp@#1(idx1,live=yes) out=fall-through:seen-hit owner=1_1_2_6_r3:fired f=(B*b^2*x^6*(e*x)^m)/(d*x^2+c)+(A*b^2*x^4*(e*x)^m)/(d*x^2+c)+(2*B*a*b*x^4*(e*x)^m)/(d*x^2+c)+(2*A*a*b*x^2*(e*x)...
        matched elem=((e*x)^m*(B*x^2+A)*(b*x^2+a)^2)/(d*x^2+c)
  [exact-only] class=unverified t=12.8s L37 returned=yes t=12.585171 calls=33 ratsimp-hits=0 exact-hits=0 unexited=0 misfire/fault-lines=0 top=1_1_2_6_r3
    fires=1_1_2_2_r39,1_1_2_9_r2,1_4_1_r18,1_4_1_r18,1_4_1_r18,1_1_2_2_r39,1_1_2_9_r2,1_4_1_r18,1_4_1_r18,1_4_1_r18,1_1_2_2_r39,1_1_2_9_r2,1_4_1_r18,1_4_1_r18,1_4_1_r18,1_4_1_r18,1_1_2_2_r39,1_1_2_9_r2,1_4_1_r18,1_4_1_r18,1_4_1_r18,1_4_1_r18,1_1_2_2_r39,1_1_2_9_r2,1_4_1_r18,1_4_1_r18,1_4_1_r18,1_1_2_2_r39,1_4_1_r18,1_4_1_r18,1_4_1_r18,1_4_1_r7,1_1_2_6_r3
    answer sha1=b77783930830 (hypergeometric([1,(m+7)/2],[(m+7)/2+1],-((d*x^2)/c))*B*b^2*(e*x)^(m+7))/(c*e^7*(m+7))+(hypergeometric([1,(m+5)/2],[(m+5)/2+1],-((d*x^2)/c))*A*b^2*(e*x)^(m+5))/...
    #1 d=1 dl=1 seenp fb=false seenlen=0 seen=- out=1_1_2_6_r3 owner=- f=((e*x)^m*(B*x^2+A)*(b*x^2+a)^2)/(d*x^2+c)
    #2 d=2 dl=2 seenp fb=true seenlen=1 seen=- out=1_4_1_r7 owner=1_1_2_6_r3:fired f=(B*b^2*x^6*(e*x)^m)/(d*x^2+c)+(A*b^2*x^4*(e*x)^m)/(d*x^2+c)+(2*B*a*b*x^4*(e*x)^m)/(d*x^2+c)+(2*A*a*b*x^2*(e*x)...
    #3 d=3 dl=3 seenp fb=true seenlen=2 seen=- out=1_4_1_r18 owner=1_4_1_r7:fired f=(B*b^2*x^6*(e*x)^m)/(d*x^2+c)
    #4 d=4 dl=4 seenp fb=true seenlen=3 seen=- out=1_4_1_r18 owner=1_4_1_r18:fired f=(b^2*x^6*(e*x)^m)/((d*x^2)/B+c/B)
    #5 d=5 dl=5 seenp fb=true seenlen=4 seen=- out=1_4_1_r18 owner=1_4_1_r18:fired f=(b*x^6*(e*x)^m)/((d*x^2)/(B*b)+c/(B*b))
    #6 d=6 dl=6 seenp fb=true seenlen=5 seen=- out=1_1_2_9_r2 owner=1_4_1_r18:fired f=(x^6*(e*x)^m)/((d*x^2)/(B*b^2)+c/(B*b^2))
    #7 d=7 dl=7 seenp fb=true seenlen=6 seen=- out=1_1_2_2_r39 owner=1_1_2_9_r2:fired f=(e*x)^(m+6)/((d*x^2)/(B*b^2)+c/(B*b^2))
    #8 d=3 dl=3 seenp fb=true seenlen=2 seen=- out=1_4_1_r18 owner=1_4_1_r7:fired f=(A*b^2*x^4*(e*x)^m)/(d*x^2+c)
    #9 d=4 dl=4 seenp fb=true seenlen=3 seen=- out=1_4_1_r18 owner=1_4_1_r18:fired f=(b^2*x^4*(e*x)^m)/((d*x^2)/A+c/A)
    #10 d=5 dl=5 seenp fb=true seenlen=4 seen=- out=1_4_1_r18 owner=1_4_1_r18:fired f=(b*x^4*(e*x)^m)/((d*x^2)/(A*b)+c/(A*b))
    #11 d=6 dl=6 seenp fb=true seenlen=5 seen=- out=1_1_2_9_r2 owner=1_4_1_r18:fired f=(x^4*(e*x)^m)/((d*x^2)/(A*b^2)+c/(A*b^2))
    #12 d=7 dl=7 seenp fb=true seenlen=6 seen=- out=1_1_2_2_r39 owner=1_1_2_9_r2:fired f=(e*x)^(m+4)/((d*x^2)/(A*b^2)+c/(A*b^2))
    #13 d=3 dl=3 seenp fb=true seenlen=2 seen=- out=1_4_1_r18 owner=1_4_1_r7:fired f=(2*B*a*b*x^4*(e*x)^m)/(d*x^2+c)
    #14 d=4 dl=4 seenp fb=true seenlen=3 seen=- out=1_4_1_r18 owner=1_4_1_r18:fired f=(B*a*b*x^4*(e*x)^m)/((d*x^2)/2+c/2)
    #15 d=5 dl=5 seenp fb=true seenlen=4 seen=- out=1_4_1_r18 owner=1_4_1_r18:fired f=(a*b*x^4*(e*x)^m)/((d*x^2)/(2*B)+c/(2*B))
    #16 d=6 dl=6 seenp fb=true seenlen=5 seen=- out=1_4_1_r18 owner=1_4_1_r18:fired f=(b*x^4*(e*x)^m)/((d*x^2)/(2*B*a)+c/(2*B*a))
    #17 d=7 dl=7 seenp fb=true seenlen=6 seen=- out=1_1_2_9_r2 owner=1_4_1_r18:fired f=(x^4*(e*x)^m)/((d*x^2)/(2*B*a*b)+c/(2*B*a*b))
    #18 d=8 dl=8 seenp fb=true seenlen=7 seen=- out=1_1_2_2_r39 owner=1_1_2_9_r2:fired f=(e*x)^(m+4)/((d*x^2)/(2*B*a*b)+c/(2*B*a*b))
    #19 d=3 dl=3 seenp fb=true seenlen=2 seen=- out=1_4_1_r18 owner=1_4_1_r7:fired f=(2*A*a*b*x^2*(e*x)^m)/(d*x^2+c)
    #20 d=4 dl=4 seenp fb=true seenlen=3 seen=- out=1_4_1_r18 owner=1_4_1_r18:fired f=(A*a*b*x^2*(e*x)^m)/((d*x^2)/2+c/2)
    #21 d=5 dl=5 seenp fb=true seenlen=4 seen=- out=1_4_1_r18 owner=1_4_1_r18:fired f=(a*b*x^2*(e*x)^m)/((d*x^2)/(2*A)+c/(2*A))
    #22 d=6 dl=6 seenp fb=true seenlen=5 seen=- out=1_4_1_r18 owner=1_4_1_r18:fired f=(b*x^2*(e*x)^m)/((d*x^2)/(2*A*a)+c/(2*A*a))
    #23 d=7 dl=7 seenp fb=true seenlen=6 seen=- out=1_1_2_9_r2 owner=1_4_1_r18:fired f=(x^2*(e*x)^m)/((d*x^2)/(2*A*a*b)+c/(2*A*a*b))
    #24 d=8 dl=8 seenp fb=true seenlen=7 seen=- out=1_1_2_2_r39 owner=1_1_2_9_r2:fired f=(e*x)^(m+2)/((d*x^2)/(2*A*a*b)+c/(2*A*a*b))
    #25 d=3 dl=3 seenp fb=true seenlen=2 seen=- out=1_4_1_r18 owner=1_4_1_r7:fired f=(B*a^2*x^2*(e*x)^m)/(d*x^2+c)
    #26 d=4 dl=4 seenp fb=true seenlen=3 seen=- out=1_4_1_r18 owner=1_4_1_r18:fired f=(a^2*x^2*(e*x)^m)/((d*x^2)/B+c/B)
    #27 d=5 dl=5 seenp fb=true seenlen=4 seen=- out=1_4_1_r18 owner=1_4_1_r18:fired f=(a*x^2*(e*x)^m)/((d*x^2)/(B*a)+c/(B*a))
    #28 d=6 dl=6 seenp fb=true seenlen=5 seen=- out=1_1_2_9_r2 owner=1_4_1_r18:fired f=(x^2*(e*x)^m)/((d*x^2)/(B*a^2)+c/(B*a^2))
    #29 d=7 dl=7 seenp fb=true seenlen=6 seen=- out=1_1_2_2_r39 owner=1_1_2_9_r2:fired f=(e*x)^(m+2)/((d*x^2)/(B*a^2)+c/(B*a^2))
    #30 d=3 dl=3 seenp fb=true seenlen=2 seen=- out=1_4_1_r18 owner=1_4_1_r7:fired f=(A*a^2*(e*x)^m)/(d*x^2+c)
    #31 d=4 dl=4 seenp fb=true seenlen=3 seen=- out=1_4_1_r18 owner=1_4_1_r18:fired f=(a^2*(e*x)^m)/((d*x^2)/A+c/A)
    #32 d=5 dl=5 seenp fb=true seenlen=4 seen=- out=1_4_1_r18 owner=1_4_1_r18:fired f=(a*(e*x)^m)/((d*x^2)/(A*a)+c/(A*a))
    #33 d=6 dl=6 seenp fb=true seenlen=5 seen=- out=1_1_2_2_r39 owner=1_4_1_r18:fired f=(e*x)^m/((d*x^2)/(A*a^2)+c/(A*a^2))
  [p0] class=verified t=10.7s L37 returned=yes t=10.633145 calls=12 ratsimp-hits=0 exact-hits=2 unexited=0 misfire/fault-lines=0 top=1_1_2_6_r12@pass2
    fires=1_2_1_9b_r5,1_1_2_3_r1,1_2_1_9b_r5,1_1_2_3_r1,1_4_1_r7,1_1_2_6_r12
    answer sha1=5350c9a708fd B*b^2*'integrate((x^6*(e*x)^m)/(d*x^2+c),x)+A*b^2*'integrate((x^4*(e*x)^m)/(d*x^2+c),x)+B*a^2*'integrate((x^2*(e*x)^m)/(d*x^2+c),x)+A*a^2*'integrate((e*x)^m/(d*...
    #1 d=1 dl=1 p0-mr_top fb=false seenlen=0 seen=- out=1_1_2_6_r12@pass2 owner=- f=((e*x)^m*(B*x^2+A)*(b*x^2+a)^2)/(d*x^2+c)
    #2 d=2 dl=1 p0-mr_top fb=true seenlen=0 seen=- out=1_4_1_r7@pass1 owner=1_1_2_6_r12:fired f=(B*b^2*x^6*(e*x)^m)/(d*x^2+c)+(A*b^2*x^4*(e*x)^m)/(d*x^2+c)+(2*B*a*b*x^4*(e*x)^m)/(d*x^2+c)+(2*A*a*b*x^2*(e*x)...
    #3 d=3 dl=2 p0-mr_top fb=true seenlen=1 seen=- out=fall-through:nofire owner=1_4_1_r7:fired f=(B*b^2*x^6*(e*x)^m)/(d*x^2+c)
    #4 d=3 dl=2 p0-mr_top fb=true seenlen=1 seen=- out=fall-through:nofire owner=1_4_1_r7:fired f=(A*b^2*x^4*(e*x)^m)/(d*x^2+c)
    #5 d=3 dl=2 p0-mr_top fb=true seenlen=1 seen=- out=1_1_2_3_r1@pass1 owner=1_4_1_r7:fired f=(2*B*a*b*x^4*(e*x)^m)/(d*x^2+c)
    #6 d=4 dl=3 p0-mr_top fb=true seenlen=2 seen=- out=1_2_1_9b_r5@pass1 owner=1_1_2_3_r1:fired f=(2*B*a*b*x^(m+4))/(d*x^2+c)
    #7 d=5 dl=4 p0-mr_top fb=true seenlen=3 seen=exact@#6(idx1,live=yes) out=fall-through:seen-hit owner=1_2_1_9b_r5:fired f=(2*B*a*b*x^(m+4))/(d*x^2+c)
        matched elem=(2*B*a*b*x^(m+4))/(d*x^2+c)
    #8 d=3 dl=2 p0-mr_top fb=true seenlen=1 seen=- out=1_1_2_3_r1@pass1 owner=1_4_1_r7:fired f=(2*A*a*b*x^2*(e*x)^m)/(d*x^2+c)
    #9 d=4 dl=3 p0-mr_top fb=true seenlen=2 seen=- out=1_2_1_9b_r5@pass1 owner=1_1_2_3_r1:fired f=(2*A*a*b*x^(m+2))/(d*x^2+c)
    #10 d=5 dl=4 p0-mr_top fb=true seenlen=3 seen=exact@#9(idx1,live=yes) out=fall-through:seen-hit owner=1_2_1_9b_r5:fired f=(2*A*a*b*x^(m+2))/(d*x^2+c)
        matched elem=(2*A*a*b*x^(m+2))/(d*x^2+c)
    #11 d=3 dl=2 p0-mr_top fb=true seenlen=1 seen=- out=fall-through:nofire owner=1_4_1_r7:fired f=(B*a^2*x^2*(e*x)^m)/(d*x^2+c)
    #12 d=3 dl=2 p0-mr_top fb=true seenlen=1 seen=- out=fall-through:nofire owner=1_4_1_r7:fired f=(A*a^2*(e*x)^m)/(d*x^2+c)

--- c1 g36 1 Algebraic functions/1.1 Binomial products/1.1.2 Quadratic/1.1.2.6 (g x)^m (a+b x^2)^p (c+d x^2)^q (e+f x^2)^r.mac e25 (eq)
  [trace] class=deferred t=0.5s L38 returned=yes t=0.487007 calls=2 ratsimp-hits=1 exact-hits=0 unexited=0 misfire/fault-lines=0 top=1_1_2_6_r3
    fires=1_1_2_6_r3
    answer sha1=1f7b2ba052da 'integrate((B*b*x^4*(e*x)^m)/(d*x^2+c)+(A*b*x^2*(e*x)^m)/(d*x^2+c)+(B*a*x^2*(e*x)^m)/(d*x^2+c)+(A*a*(e*x)^m)/(d*x^2+c),x)
    #1 d=1 dl=1 seenp fb=false seenlen=0 seen=- out=1_1_2_6_r3 owner=- f=((e*x)^m*(B*x^2+A)*(b*x^2+a))/(d*x^2+c)
    #2 d=2 dl=2 seenp fb=true seenlen=1 seen=ratsimp@#1(idx1,live=yes) out=fall-through:seen-hit owner=1_1_2_6_r3:fired f=(B*b*x^4*(e*x)^m)/(d*x^2+c)+(A*b*x^2*(e*x)^m)/(d*x^2+c)+(B*a*x^2*(e*x)^m)/(d*x^2+c)+(A*a*(e*x)^m)/(d*x^2+c)
        matched elem=((e*x)^m*(B*x^2+A)*(b*x^2+a))/(d*x^2+c)
  [exact-only] class=unverified t=4.1s L38 returned=yes t=4.082055 calls=17 ratsimp-hits=0 exact-hits=0 unexited=0 misfire/fault-lines=0 top=1_1_2_6_r3
    fires=1_1_2_2_r39,1_1_2_9_r2,1_4_1_r18,1_4_1_r18,1_1_2_2_r39,1_1_2_9_r2,1_4_1_r18,1_4_1_r18,1_1_2_2_r39,1_1_2_9_r2,1_4_1_r18,1_4_1_r18,1_1_2_2_r39,1_4_1_r18,1_4_1_r18,1_4_1_r7,1_1_2_6_r3
    answer sha1=10e68f484a6b (hypergeometric([1,(m+5)/2],[(m+5)/2+1],-((d*x^2)/c))*B*b*(e*x)^(m+5))/(c*e^5*(m+5))+(hypergeometric([1,(m+3)/2],[(m+3)/2+1],-((d*x^2)/c))*A*b*(e*x)^(m+3))/(c*e...
    #1 d=1 dl=1 seenp fb=false seenlen=0 seen=- out=1_1_2_6_r3 owner=- f=((e*x)^m*(B*x^2+A)*(b*x^2+a))/(d*x^2+c)
    #2 d=2 dl=2 seenp fb=true seenlen=1 seen=- out=1_4_1_r7 owner=1_1_2_6_r3:fired f=(B*b*x^4*(e*x)^m)/(d*x^2+c)+(A*b*x^2*(e*x)^m)/(d*x^2+c)+(B*a*x^2*(e*x)^m)/(d*x^2+c)+(A*a*(e*x)^m)/(d*x^2+c)
    #3 d=3 dl=3 seenp fb=true seenlen=2 seen=- out=1_4_1_r18 owner=1_4_1_r7:fired f=(B*b*x^4*(e*x)^m)/(d*x^2+c)
    #4 d=4 dl=4 seenp fb=true seenlen=3 seen=- out=1_4_1_r18 owner=1_4_1_r18:fired f=(b*x^4*(e*x)^m)/((d*x^2)/B+c/B)
    #5 d=5 dl=5 seenp fb=true seenlen=4 seen=- out=1_1_2_9_r2 owner=1_4_1_r18:fired f=(x^4*(e*x)^m)/((d*x^2)/(B*b)+c/(B*b))
    #6 d=6 dl=6 seenp fb=true seenlen=5 seen=- out=1_1_2_2_r39 owner=1_1_2_9_r2:fired f=(e*x)^(m+4)/((d*x^2)/(B*b)+c/(B*b))
    #7 d=3 dl=3 seenp fb=true seenlen=2 seen=- out=1_4_1_r18 owner=1_4_1_r7:fired f=(A*b*x^2*(e*x)^m)/(d*x^2+c)
    #8 d=4 dl=4 seenp fb=true seenlen=3 seen=- out=1_4_1_r18 owner=1_4_1_r18:fired f=(b*x^2*(e*x)^m)/((d*x^2)/A+c/A)
    #9 d=5 dl=5 seenp fb=true seenlen=4 seen=- out=1_1_2_9_r2 owner=1_4_1_r18:fired f=(x^2*(e*x)^m)/((d*x^2)/(A*b)+c/(A*b))
    #10 d=6 dl=6 seenp fb=true seenlen=5 seen=- out=1_1_2_2_r39 owner=1_1_2_9_r2:fired f=(e*x)^(m+2)/((d*x^2)/(A*b)+c/(A*b))
    #11 d=3 dl=3 seenp fb=true seenlen=2 seen=- out=1_4_1_r18 owner=1_4_1_r7:fired f=(B*a*x^2*(e*x)^m)/(d*x^2+c)
    #12 d=4 dl=4 seenp fb=true seenlen=3 seen=- out=1_4_1_r18 owner=1_4_1_r18:fired f=(a*x^2*(e*x)^m)/((d*x^2)/B+c/B)
    #13 d=5 dl=5 seenp fb=true seenlen=4 seen=- out=1_1_2_9_r2 owner=1_4_1_r18:fired f=(x^2*(e*x)^m)/((d*x^2)/(B*a)+c/(B*a))
    #14 d=6 dl=6 seenp fb=true seenlen=5 seen=- out=1_1_2_2_r39 owner=1_1_2_9_r2:fired f=(e*x)^(m+2)/((d*x^2)/(B*a)+c/(B*a))
    #15 d=3 dl=3 seenp fb=true seenlen=2 seen=- out=1_4_1_r18 owner=1_4_1_r7:fired f=(A*a*(e*x)^m)/(d*x^2+c)
    #16 d=4 dl=4 seenp fb=true seenlen=3 seen=- out=1_4_1_r18 owner=1_4_1_r18:fired f=(a*(e*x)^m)/((d*x^2)/A+c/A)
    #17 d=5 dl=5 seenp fb=true seenlen=4 seen=- out=1_1_2_2_r39 owner=1_4_1_r18:fired f=(e*x)^m/((d*x^2)/(A*a)+c/(A*a))
  [p0] class=verified t=6.5s L38 returned=yes t=6.451087 calls=13 ratsimp-hits=0 exact-hits=4 unexited=0 misfire/fault-lines=0 top=1_2_1_9b_r5@pass2
    fires=1_2_1_9b_r5,1_1_2_3_r1,1_2_1_9b_r5,1_1_2_3_r1,1_2_1_9b_r5,1_1_2_3_r1,1_2_1_9b_r5,1_4_1_r7,1_2_1_9b_r5
    answer sha1=c446a5b6f0bf A*a*'integrate((e*x)^m/(d*x^2+c),x)+(B*b*(e*x)^m*'integrate(x^(m+4)/(d*x^2+c),x))/x^m+(A*b*(e*x)^m*'integrate(x^(m+2)/(d*x^2+c),x))/x^m+(B*a*(e*x)^m*'integrate(...
    #1 d=1 dl=1 p0-mr_top fb=false seenlen=0 seen=- out=1_2_1_9b_r5@pass2 owner=- f=((e*x)^m*(B*x^2+A)*(b*x^2+a))/(d*x^2+c)
    #2 d=2 dl=1 p0-mr_top fb=true seenlen=0 seen=- out=1_4_1_r7@pass1 owner=1_2_1_9b_r5:fired f=(B*b*x^4*(e*x)^m)/(d*x^2+c)+(A*b*x^2*(e*x)^m)/(d*x^2+c)+(B*a*x^2*(e*x)^m)/(d*x^2+c)+(A*a*(e*x)^m)/(d*x^2+c)
    #3 d=3 dl=2 p0-mr_top fb=true seenlen=1 seen=- out=1_1_2_3_r1@pass1 owner=1_4_1_r7:fired f=(B*b*x^4*(e*x)^m)/(d*x^2+c)
    #4 d=4 dl=3 p0-mr_top fb=true seenlen=2 seen=- out=1_2_1_9b_r5@pass1 owner=1_1_2_3_r1:fired f=(B*b*x^(m+4))/(d*x^2+c)
    #5 d=5 dl=4 p0-mr_top fb=true seenlen=3 seen=exact@#4(idx1,live=yes) out=fall-through:seen-hit owner=1_2_1_9b_r5:fired f=(B*b*x^(m+4))/(d*x^2+c)
        matched elem=(B*b*x^(m+4))/(d*x^2+c)
    #6 d=3 dl=2 p0-mr_top fb=true seenlen=1 seen=- out=1_1_2_3_r1@pass1 owner=1_4_1_r7:fired f=(A*b*x^2*(e*x)^m)/(d*x^2+c)
    #7 d=4 dl=3 p0-mr_top fb=true seenlen=2 seen=- out=1_2_1_9b_r5@pass1 owner=1_1_2_3_r1:fired f=(A*b*x^(m+2))/(d*x^2+c)
    #8 d=5 dl=4 p0-mr_top fb=true seenlen=3 seen=exact@#7(idx1,live=yes) out=fall-through:seen-hit owner=1_2_1_9b_r5:fired f=(A*b*x^(m+2))/(d*x^2+c)
        matched elem=(A*b*x^(m+2))/(d*x^2+c)
    #9 d=3 dl=2 p0-mr_top fb=true seenlen=1 seen=- out=1_1_2_3_r1@pass1 owner=1_4_1_r7:fired f=(B*a*x^2*(e*x)^m)/(d*x^2+c)
    #10 d=4 dl=3 p0-mr_top fb=true seenlen=2 seen=- out=1_2_1_9b_r5@pass1 owner=1_1_2_3_r1:fired f=(B*a*x^(m+2))/(d*x^2+c)
    #11 d=5 dl=4 p0-mr_top fb=true seenlen=3 seen=exact@#10(idx1,live=yes) out=fall-through:seen-hit owner=1_2_1_9b_r5:fired f=(B*a*x^(m+2))/(d*x^2+c)
        matched elem=(B*a*x^(m+2))/(d*x^2+c)
    #12 d=3 dl=2 p0-mr_top fb=true seenlen=1 seen=- out=1_2_1_9b_r5@pass1 owner=1_4_1_r7:fired f=(A*a*(e*x)^m)/(d*x^2+c)
    #13 d=4 dl=3 p0-mr_top fb=true seenlen=2 seen=exact@#12(idx1,live=yes) out=fall-through:seen-hit owner=1_2_1_9b_r5:fired f=(A*a*(e*x)^m)/(d*x^2+c)
        matched elem=(A*a*(e*x)^m)/(d*x^2+c)

--- c1 g42 1 Algebraic functions/1.1 Binomial products/1.1.3 General/1.1.3.8 P(x) (c x)^m (a+b x^n)^p.mac e68 (eq)
  [trace] class=deferred t=0.7s L91 returned=yes t=0.646009 calls=2 ratsimp-hits=0 exact-hits=1 unexited=0 misfire/fault-lines=0 top=1_4_2_r20
    fires=1_4_2_r20
    answer sha1=ca7c5037f1a4 'integrate((g*x^4+f*x^3+e*x^2+d*x+c)/(b*x^3+a)^(5/2),x)
    #1 d=1 dl=1 seenp fb=false seenlen=0 seen=- out=1_4_2_r20 owner=- f=(g*x^4+f*x^3+e*x^2+d*x+c)/(b*x^3+a)^(5/2)
    #2 d=2 dl=2 seenp fb=true seenlen=1 seen=exact@#1(idx1,live=yes) out=fall-through:seen-hit owner=1_4_2_r20:fired f=(g*x^4+f*x^3+e*x^2+d*x+c)/(b*x^3+a)^(5/2)
        matched elem=(g*x^4+f*x^3+e*x^2+d*x+c)/(b*x^3+a)^(5/2)
  [exact-only] class=deferred t=0.7s L91 returned=yes t=0.644008 calls=2 ratsimp-hits=0 exact-hits=1 unexited=0 misfire/fault-lines=0 top=1_4_2_r20
    fires=1_4_2_r20
    answer sha1=ca7c5037f1a4 'integrate((g*x^4+f*x^3+e*x^2+d*x+c)/(b*x^3+a)^(5/2),x)
    #1 d=1 dl=1 seenp fb=false seenlen=0 seen=- out=1_4_2_r20 owner=- f=(g*x^4+f*x^3+e*x^2+d*x+c)/(b*x^3+a)^(5/2)
    #2 d=2 dl=2 seenp fb=true seenlen=1 seen=exact@#1(idx1,live=yes) out=fall-through:seen-hit owner=1_4_2_r20:fired f=(g*x^4+f*x^3+e*x^2+d*x+c)/(b*x^3+a)^(5/2)
        matched elem=(g*x^4+f*x^3+e*x^2+d*x+c)/(b*x^3+a)^(5/2)
  [p0] class=verified t=2.9s L91 returned=yes t=2.88204 calls=4 ratsimp-hits=0 exact-hits=0 unexited=0 misfire/fault-lines=0 top=1_3_4_r21@pass1
    fires=1_3_4_r20,1_3_4_r21,1_3_4_r21
    answer sha1=6db4887e0d13 -((2*((5*f*x)/(7*(b*x^3+a)^(3/2))-(2*(('integrate((21*a*b^2*g*x+(105*b^3*d*x)/4+(15*a*b^2*f)/2+(105*b^3*c)/4)/(b*x^3+a)^(5/2),x))/(3*b)-(35*b*e)/(18*(b*x^3+a)^(...
    #1 d=1 dl=1 p0-mr_top fb=false seenlen=0 seen=- out=1_3_4_r21@pass1 owner=- f=(g*x^4+f*x^3+e*x^2+d*x+c)/(b*x^3+a)^(5/2)
    #2 d=2 dl=2 p0-mr_top fb=true seenlen=1 seen=- out=1_3_4_r21@pass1 owner=1_3_4_r21:fired f=(-((5*b*f*x^3)/2)-(5*b*e*x^2)/2-2*a*g*x-(5*b*d*x)/2-(5*b*c)/2)/(b*x^3+a)^(5/2)
    #3 d=3 dl=3 p0-mr_top fb=true seenlen=2 seen=- out=1_3_4_r20@pass1 owner=1_3_4_r21:fired f=((35*b^2*e*x^2)/4+7*a*b*g*x+(35*b^2*d*x)/4+(5*a*b*f)/2+(35*b^2*c)/4)/(b*x^3+a)^(5/2)
    #4 d=4 dl=4 p0-mr_top fb=true seenlen=3 seen=- out=fall-through:nofire owner=1_3_4_r20:fired f=(21*a*b^2*g*x+(105*b^3*d*x)/4+(15*a*b^2*f)/2+(105*b^3*c)/4)/(b*x^3+a)^(5/2)

--- c1 g42 1 Algebraic functions/1.1 Binomial products/1.1.3 General/1.1.3.8 P(x) (c x)^m (a+b x^n)^p.mac e69 (eq)
  [trace] class=deferred t=0.7s L92 returned=yes t=0.645009 calls=2 ratsimp-hits=0 exact-hits=1 unexited=0 misfire/fault-lines=0 top=1_4_2_r20
    fires=1_4_2_r20
    answer sha1=d76a36eca7ae 'integrate((g*x^4+f*x^3+e*x^2+d*x+c)/(b*x^3+a)^(7/2),x)
    #1 d=1 dl=1 seenp fb=false seenlen=0 seen=- out=1_4_2_r20 owner=- f=(g*x^4+f*x^3+e*x^2+d*x+c)/(b*x^3+a)^(7/2)
    #2 d=2 dl=2 seenp fb=true seenlen=1 seen=exact@#1(idx1,live=yes) out=fall-through:seen-hit owner=1_4_2_r20:fired f=(g*x^4+f*x^3+e*x^2+d*x+c)/(b*x^3+a)^(7/2)
        matched elem=(g*x^4+f*x^3+e*x^2+d*x+c)/(b*x^3+a)^(7/2)
  [exact-only] class=deferred t=0.7s L92 returned=yes t=0.659009 calls=2 ratsimp-hits=0 exact-hits=1 unexited=0 misfire/fault-lines=0 top=1_4_2_r20
    fires=1_4_2_r20
    answer sha1=d76a36eca7ae 'integrate((g*x^4+f*x^3+e*x^2+d*x+c)/(b*x^3+a)^(7/2),x)
    #1 d=1 dl=1 seenp fb=false seenlen=0 seen=- out=1_4_2_r20 owner=- f=(g*x^4+f*x^3+e*x^2+d*x+c)/(b*x^3+a)^(7/2)
    #2 d=2 dl=2 seenp fb=true seenlen=1 seen=exact@#1(idx1,live=yes) out=fall-through:seen-hit owner=1_4_2_r20:fired f=(g*x^4+f*x^3+e*x^2+d*x+c)/(b*x^3+a)^(7/2)
        matched elem=(g*x^4+f*x^3+e*x^2+d*x+c)/(b*x^3+a)^(7/2)
  [p0] class=verified t=2.9s L92 returned=yes t=2.86704 calls=4 ratsimp-hits=0 exact-hits=0 unexited=0 misfire/fault-lines=0 top=1_3_4_r21@pass1
    fires=1_3_4_r20,1_3_4_r21,1_3_4_r21
    answer sha1=5bc32970b9b6 -((2*((11*f*x)/(13*(b*x^3+a)^(5/2))-(2*(('integrate((39*a*b^2*g*x+(429*b^3*d*x)/4+(33*a*b^2*f)/2+(429*b^3*c)/4)/(b*x^3+a)^(7/2),x))/(3*b)-(143*b*e)/(30*(b*x^3+a...
    #1 d=1 dl=1 p0-mr_top fb=false seenlen=0 seen=- out=1_3_4_r21@pass1 owner=- f=(g*x^4+f*x^3+e*x^2+d*x+c)/(b*x^3+a)^(7/2)
    #2 d=2 dl=2 p0-mr_top fb=true seenlen=1 seen=- out=1_3_4_r21@pass1 owner=1_3_4_r21:fired f=(-((11*b*f*x^3)/2)-(11*b*e*x^2)/2-2*a*g*x-(11*b*d*x)/2-(11*b*c)/2)/(b*x^3+a)^(7/2)
    #3 d=3 dl=3 p0-mr_top fb=true seenlen=2 seen=- out=1_3_4_r20@pass1 owner=1_3_4_r21:fired f=((143*b^2*e*x^2)/4+13*a*b*g*x+(143*b^2*d*x)/4+(11*a*b*f)/2+(143*b^2*c)/4)/(b*x^3+a)^(7/2)
    #4 d=4 dl=4 p0-mr_top fb=true seenlen=3 seen=- out=fall-through:nofire owner=1_3_4_r20:fired f=(39*a*b^2*g*x+(429*b^3*d*x)/4+(33*a*b^2*f)/2+(429*b^3*c)/4)/(b*x^3+a)^(7/2)

--- c1 g42 1 Algebraic functions/1.1 Binomial products/1.1.3 General/1.1.3.8 P(x) (c x)^m (a+b x^n)^p.mac e220 (eq)
  [trace] class=deferred t=1.2s L319 returned=yes t=1.167016 calls=2 ratsimp-hits=0 exact-hits=1 unexited=0 misfire/fault-lines=0 top=1_4_2_r20
    fires=1_4_2_r20
    answer sha1=4c6912c95049 'integrate((i*x^6+h*x^5+g*x^4+f*x^3+e*x^2+d*x+c)/sqrt(b*x^4+a),x)
    #1 d=1 dl=1 seenp fb=false seenlen=0 seen=- out=1_4_2_r20 owner=- f=(i*x^6+h*x^5+g*x^4+f*x^3+e*x^2+d*x+c)/sqrt(b*x^4+a)
    #2 d=2 dl=2 seenp fb=true seenlen=1 seen=exact@#1(idx1,live=yes) out=fall-through:seen-hit owner=1_4_2_r20:fired f=(i*x^6+h*x^5+g*x^4+f*x^3+e*x^2+d*x+c)/sqrt(b*x^4+a)
        matched elem=(i*x^6+h*x^5+g*x^4+f*x^3+e*x^2+d*x+c)/sqrt(b*x^4+a)
  [exact-only] class=deferred t=1.2s L319 returned=yes t=1.151015 calls=2 ratsimp-hits=0 exact-hits=1 unexited=0 misfire/fault-lines=0 top=1_4_2_r20
    fires=1_4_2_r20
    answer sha1=4c6912c95049 'integrate((i*x^6+h*x^5+g*x^4+f*x^3+e*x^2+d*x+c)/sqrt(b*x^4+a),x)
    #1 d=1 dl=1 seenp fb=false seenlen=0 seen=- out=1_4_2_r20 owner=- f=(i*x^6+h*x^5+g*x^4+f*x^3+e*x^2+d*x+c)/sqrt(b*x^4+a)
    #2 d=2 dl=2 seenp fb=true seenlen=1 seen=exact@#1(idx1,live=yes) out=fall-through:seen-hit owner=1_4_2_r20:fired f=(i*x^6+h*x^5+g*x^4+f*x^3+e*x^2+d*x+c)/sqrt(b*x^4+a)
        matched elem=(i*x^6+h*x^5+g*x^4+f*x^3+e*x^2+d*x+c)/sqrt(b*x^4+a)
  [p0] class=verified t=2.7s L319 returned=yes t=2.703036 calls=9 ratsimp-hits=2 exact-hits=0 unexited=0 misfire/fault-lines=0 top=1_2_2_5_r3@pass1
    fires=9_1_r9,1_2_2_8_r18,1_2_2_5_r9,1_2_2_5_r9,1_2_1_6_r1,1_2_2_6_r2,1_2_2_5_r3
    answer sha1=3fcc48cd8375 (('integrate(((15*b^2*e-9*a*b*i)*x^2-5*a*b*g+15*b^2*c)/sqrt(b*x^4+a),x))/(3*b)+(5*g*x*sqrt(b*x^4+a))/3)/(5*b)+(b*(2*sqrt(b)*d*asinh((sqrt(b)*x^2)/sqrt(a))+2*f*s...
    #1 d=1 dl=1 p0-mr_top fb=false seenlen=0 seen=- out=1_2_2_5_r3@pass1 owner=- f=(i*x^6+h*x^5+g*x^4+f*x^3+e*x^2+d*x+c)/sqrt(b*x^4+a)
    #2 d=2 dl=2 p0-mr_top fb=true seenlen=1 seen=- out=1_2_2_5_r9@pass1 owner=1_2_2_5_r3:fired f=(i*x^6+g*x^4+e*x^2+c)/sqrt(b*x^4+a)
    #3 d=3 dl=3 p0-mr_top fb=true seenlen=2 seen=- out=1_2_2_5_r9@pass1 owner=1_2_2_5_r9:fired f=(5*b*g*x^4-3*a*i*x^2+5*b*e*x^2+5*b*c)/sqrt(b*x^4+a)
    #4 d=4 dl=4 p0-mr_top fb=true seenlen=3 seen=- out=1_2_2_8_r18@pass1 owner=1_2_2_5_r9:fired f=(-(9*a*b*i*x^2)+15*b^2*e*x^2-5*a*b*g+15*b^2*c)/sqrt(b*x^4+a)
    #5 d=5 dl=5 p0-mr_top fb=true seenlen=4 seen=- out=9_1_r9@pass1 owner=1_2_2_8_r18:fired f=0
    #6 d=5 dl=5 p0-mr_top fb=true seenlen=4 seen=ratsimp@#4(idx1,live=yes) out=fall-through:seen-hit owner=1_2_2_8_r18:fired f=((15*b^2*e-9*a*b*i)*x^2-5*a*b*g+15*b^2*c)/sqrt(b*x^4+a)
        matched elem=(-(9*a*b*i*x^2)+15*b^2*e*x^2-5*a*b*g+15*b^2*c)/sqrt(b*x^4+a)
    #7 d=2 dl=2 p0-mr_top fb=true seenlen=1 seen=- out=1_2_2_6_r2@pass1 owner=1_2_2_5_r3:fired f=(x*(h*x^4+f*x^2+d))/sqrt(b*x^4+a)
    #8 d=3 dl=3 p0-mr_top fb=true seenlen=2 seen=- out=1_2_1_6_r1@pass1 owner=1_2_2_6_r2:fired f=(h*x^2+f*x+d)/sqrt(b*x^2+a)
    #9 d=4 dl=4 p0-mr_top fb=true seenlen=3 seen=ratsimp@#8(idx1,live=yes) out=fall-through:seen-hit owner=1_2_1_6_r1:fired f=(h*x^2)/sqrt(b*x^2+a)+(f*x)/sqrt(b*x^2+a)+d/sqrt(b*x^2+a)
        matched elem=(h*x^2+f*x+d)/sqrt(b*x^2+a)

--- c1 g42 1 Algebraic functions/1.2 Trinomial products/1.2.2 Quartic/1.2.2.3 (d+e x^2)^m (a+b x^2+c x^4)^p.mac e36 (eq)
  [trace] class=deferred t=0.3s L65 returned=yes t=0.280003 calls=2 ratsimp-hits=1 exact-hits=0 unexited=0 misfire/fault-lines=0 top=1_4_2_r20
    fires=1_4_2_r20
    answer sha1=afb36a36fb6c 'integrate((e*x^2+d)/(c*x^4+b*x^2+(c*d^2)/e^2),x)
    #1 d=1 dl=1 seenp fb=false seenlen=0 seen=- out=1_4_2_r20 owner=- f=(e*x^2+d)/(c*(x^4+d^2/e^2)+b*x^2)
    #2 d=2 dl=2 seenp fb=true seenlen=1 seen=ratsimp@#1(idx1,live=yes) out=fall-through:seen-hit owner=1_4_2_r20:fired f=(e*x^2+d)/(c*x^4+b*x^2+(c*d^2)/e^2)
        matched elem=(e*x^2+d)/(c*(x^4+d^2/e^2)+b*x^2)
  [exact-only] class=verified t=1.3s L65 returned=yes t=1.297017 calls=14 ratsimp-hits=0 exact-hits=0 unexited=0 misfire/fault-lines=0 top=1_4_2_r20
    fires=1_1_2_1_r11,1_4_1_r18,1_4_1_r18,1_2_1_1_r12,1_2_1_2_r3,1_2_1_2_r9,1_1_2_1_r11,1_4_1_r18,1_4_1_r18,1_2_1_1_r12,1_2_1_2_r3,1_2_1_2_r9,1_2_2_3_r27,1_4_2_r20
    answer sha1=423a77dac957 (((d-d*sqrt(1/e^2)*e)*log(x^2+sqrt(2*d*sqrt(1/e^2)-b/c)*x+d*sqrt(1/e^2)))/2+((2*d*sqrt(2*d*sqrt(1/e^2)-b/c)-sqrt(2*d*sqrt(1/e^2)-b/c)*(d-d*sqrt(1/e^2)*e))*atan(...
    #1 d=1 dl=1 seenp fb=false seenlen=0 seen=- out=1_4_2_r20 owner=- f=(e*x^2+d)/(c*(x^4+d^2/e^2)+b*x^2)
    #2 d=2 dl=2 seenp fb=true seenlen=1 seen=- out=1_2_2_3_r27 owner=1_4_2_r20:fired f=(e*x^2+d)/(c*x^4+b*x^2+(c*d^2)/e^2)
    #3 d=3 dl=3 seenp fb=true seenlen=2 seen=- out=1_2_1_2_r9 owner=1_2_2_3_r27:fired f=(d*sqrt(2*d*sqrt(1/e^2)-b/c)-(d-d*sqrt(1/e^2)*e)*x)/(x^2-sqrt(2*d*sqrt(1/e^2)-b/c)*x+d*sqrt(1/e^2))
    #4 d=4 dl=4 seenp fb=true seenlen=3 seen=- out=1_2_1_1_r12 owner=1_2_1_2_r9:fired f=1/(x^2-sqrt(2*d*sqrt(1/e^2)-b/c)*x+d*sqrt(1/e^2))
    #5 d=5 dl=5 seenp fb=true seenlen=4 seen=- out=1_4_1_r18 owner=1_2_1_1_r12:fired f=-(c/(c*x^2+2*c*d*sqrt(1/e^2)+b))
    #6 d=6 dl=6 seenp fb=true seenlen=5 seen=- out=1_4_1_r18 owner=1_4_1_r18:fired f=c/(-(c*x^2)-2*c*d*sqrt(1/e^2)-b)
    #7 d=7 dl=7 seenp fb=true seenlen=6 seen=- out=1_1_2_1_r11 owner=1_4_1_r18:fired f=1/(-x^2-2*d*sqrt(1/e^2)-b/c)
    #8 d=4 dl=4 seenp fb=true seenlen=3 seen=- out=1_2_1_2_r3 owner=1_2_1_2_r9:fired f=(2*x-sqrt(2*d*sqrt(1/e^2)-b/c))/(x^2-sqrt(2*d*sqrt(1/e^2)-b/c)*x+d*sqrt(1/e^2))
    #9 d=3 dl=3 seenp fb=true seenlen=2 seen=- out=1_2_1_2_r9 owner=1_2_2_3_r27:fired f=((d-d*sqrt(1/e^2)*e)*x+d*sqrt(2*d*sqrt(1/e^2)-b/c))/(x^2+sqrt(2*d*sqrt(1/e^2)-b/c)*x+d*sqrt(1/e^2))
    #10 d=4 dl=4 seenp fb=true seenlen=3 seen=- out=1_2_1_1_r12 owner=1_2_1_2_r9:fired f=1/(x^2+sqrt(2*d*sqrt(1/e^2)-b/c)*x+d*sqrt(1/e^2))
    #11 d=5 dl=5 seenp fb=true seenlen=4 seen=- out=1_4_1_r18 owner=1_2_1_1_r12:fired f=-(c/(c*x^2+2*c*d*sqrt(1/e^2)+b))
    #12 d=6 dl=6 seenp fb=true seenlen=5 seen=- out=1_4_1_r18 owner=1_4_1_r18:fired f=c/(-(c*x^2)-2*c*d*sqrt(1/e^2)-b)
    #13 d=7 dl=7 seenp fb=true seenlen=6 seen=- out=1_1_2_1_r11 owner=1_4_1_r18:fired f=1/(-x^2-2*d*sqrt(1/e^2)-b/c)
    #14 d=4 dl=4 seenp fb=true seenlen=3 seen=- out=1_2_1_2_r3 owner=1_2_1_2_r9:fired f=(2*x+sqrt(2*d*sqrt(1/e^2)-b/c))/(x^2+sqrt(2*d*sqrt(1/e^2)-b/c)*x+d*sqrt(1/e^2))
  [p0] class=verified t=1.5s L65 returned=yes t=1.46402 calls=8 ratsimp-hits=1 exact-hits=0 unexited=0 misfire/fault-lines=0 top=1_2_2_3_r27@pass1
    fires=1_4_1_r25,1_1_2_1_r15,1_4_1_r23,1_2_1_1_r12,1_2_1_2_r3,1_2_1_2_r9,1_2_2_3_r27
    answer sha1=9a7860e8c8af (abs(e)*((c*(2*d*sqrt((2*abs(d))/abs(e)-b/c)-sqrt((2*abs(d))/abs(e)-b/c)*(d-(abs(d)*e)/abs(e)))*sqrt(abs(e))*sqrt(-((b*abs(e)+2*c*abs(d))/c))*log(-((8*c^3*e^4*s...
    #1 d=1 dl=1 p0-mr_top fb=false seenlen=0 seen=- out=1_2_2_3_r27@pass1 owner=- f=(e*x^2+d)/(c*(x^4+d^2/e^2)+b*x^2)
    #2 d=2 dl=2 p0-mr_top fb=true seenlen=1 seen=- out=1_4_1_r25@pass1 owner=1_2_2_3_r27:fired f=(d*sqrt((2*abs(d))/abs(e)-b/c)-(d-(abs(d)*e)/abs(e))*x)/(x^2-sqrt((2*abs(d))/abs(e)-b/c)*x+abs(d)/abs(e))
    #3 d=3 dl=3 p0-mr_top fb=true seenlen=2 seen=ratsimp@#2(idx1,live=yes) out=fall-through:seen-hit owner=1_4_1_r25:fired f=(d*sqrt((2*abs(d))/abs(e)-b/c)-(d-(abs(d)*e)/abs(e))*x)/(x*(x+abs(d)/(abs(e)*x)-sqrt((2*abs(d))/abs(e)-b/c)))
        matched elem=(d*sqrt((2*abs(d))/abs(e)-b/c)-(d-(abs(d)*e)/abs(e))*x)/(x^2-sqrt((2*abs(d))/abs(e)-b/c)*x+abs(d)/abs(e))
    #4 d=2 dl=2 p0-mr_top fb=true seenlen=1 seen=- out=1_2_1_2_r9@pass1 owner=1_2_2_3_r27:fired f=((d-(abs(d)*e)/abs(e))*x+d*sqrt((2*abs(d))/abs(e)-b/c))/(x^2+sqrt((2*abs(d))/abs(e)-b/c)*x+abs(d)/abs(e))
    #5 d=3 dl=3 p0-mr_top fb=true seenlen=2 seen=- out=1_2_1_1_r12@pass1 owner=1_2_1_2_r9:fired f=1/(x^2+sqrt((2*abs(d))/abs(e)-b/c)*x+abs(d)/abs(e))
    #6 d=4 dl=4 p0-mr_top fb=true seenlen=3 seen=- out=1_4_1_r23@pass1 owner=1_2_1_1_r12:fired f=-((c*abs(e))/(c*abs(e)*x^2+b*abs(e)+2*c*abs(d)))
    #7 d=5 dl=5 p0-mr_top fb=true seenlen=4 seen=- out=1_1_2_1_r15@pass1 owner=1_4_1_r23:fired f=1/(c*abs(e)*x^2+b*abs(e)+2*c*abs(d))
    #8 d=3 dl=3 p0-mr_top fb=true seenlen=2 seen=- out=1_2_1_2_r3@pass1 owner=1_2_1_2_r9:fired f=(2*x+sqrt((2*abs(d))/abs(e)-b/c))/(x^2+sqrt((2*abs(d))/abs(e)-b/c)*x+abs(d)/abs(e))

--- c1 g42 1 Algebraic functions/1.3 Miscellaneous/1.3.2 Algebraic functions.mac e362 (eq)
  [trace] class=deferred t=0.9s L517 returned=yes t=0.864012 calls=2 ratsimp-hits=0 exact-hits=1 unexited=0 misfire/fault-lines=0 top=1_4_2_r20
    fires=1_4_2_r20
    answer sha1=a8c060b31095 'integrate((e-2*f*x^2)/(4*f^2*x^4+4*e*f*x^2+4*d*f*x^2+e^2),x)
    #1 d=1 dl=1 seenp fb=false seenlen=0 seen=- out=1_4_2_r20 owner=- f=(e-2*f*x^2)/(4*f^2*x^4+4*e*f*x^2+4*d*f*x^2+e^2)
    #2 d=2 dl=2 seenp fb=true seenlen=1 seen=exact@#1(idx1,live=yes) out=fall-through:seen-hit owner=1_4_2_r20:fired f=(e-2*f*x^2)/(4*f^2*x^4+4*e*f*x^2+4*d*f*x^2+e^2)
        matched elem=(e-2*f*x^2)/(4*f^2*x^4+4*e*f*x^2+4*d*f*x^2+e^2)
  [exact-only] class=deferred t=0.9s L517 returned=yes t=0.888013 calls=2 ratsimp-hits=0 exact-hits=1 unexited=0 misfire/fault-lines=0 top=1_4_2_r20
    fires=1_4_2_r20
    answer sha1=a8c060b31095 'integrate((e-2*f*x^2)/(4*f^2*x^4+4*e*f*x^2+4*d*f*x^2+e^2),x)
    #1 d=1 dl=1 seenp fb=false seenlen=0 seen=- out=1_4_2_r20 owner=- f=(e-2*f*x^2)/(4*f^2*x^4+4*e*f*x^2+4*d*f*x^2+e^2)
    #2 d=2 dl=2 seenp fb=true seenlen=1 seen=exact@#1(idx1,live=yes) out=fall-through:seen-hit owner=1_4_2_r20:fired f=(e-2*f*x^2)/(4*f^2*x^4+4*e*f*x^2+4*d*f*x^2+e^2)
        matched elem=(e-2*f*x^2)/(4*f^2*x^4+4*e*f*x^2+4*d*f*x^2+e^2)
  [p0] class=verified t=3.0s L517 returned=yes t=3.00304 calls=8 ratsimp-hits=0 exact-hits=0 unexited=0 misfire/fault-lines=0 top=1_2_2_3_r27@pass1
    fires=1_4_1_r25,1_1_2_1_r15,1_4_1_r23,1_2_1_1_r12,1_2_1_2_r3,1_2_1_2_r9,1_2_2_3_r27
    answer sha1=3811f4135ff3 ((f*(2*e*sqrt(abs(e)/abs(f)-(4*e+4*d)/(4*f))-sqrt(abs(e)/abs(f)-(4*e+4*d)/(4*f))*((abs(e)*f)/abs(f)+e))*sqrt(abs(f))*sqrt(-(((e+d)*abs(f)+abs(e)*f)/f))*log(-((8...
    #1 d=1 dl=1 p0-mr_top fb=false seenlen=0 seen=- out=1_2_2_3_r27@pass1 owner=- f=(e-2*f*x^2)/(4*f^2*x^4+4*e*f*x^2+4*d*f*x^2+e^2)
    #2 d=2 dl=2 p0-mr_top fb=true seenlen=1 seen=- out=1_4_1_r25@pass1 owner=1_2_2_3_r27:fired f=(e*sqrt(abs(e)/abs(f)-(4*e+4*d)/(4*f))-((abs(e)*f)/abs(f)+e)*x)/(x^2-sqrt(abs(e)/abs(f)-(4*e+4*d)/(4*f))*x+abs...
    #3 d=3 dl=3 p0-mr_top fb=true seenlen=2 seen=- out=fall-through:nofire owner=1_4_1_r25:fired f=(e*sqrt(abs(e)/abs(f)-(4*e+4*d)/(4*f))-((abs(e)*f)/abs(f)+e)*x)/(x*(x+abs(e)/(2*abs(f)*x)-sqrt(abs(e)/abs(f)-e...
    #4 d=2 dl=2 p0-mr_top fb=true seenlen=1 seen=- out=1_2_1_2_r9@pass1 owner=1_2_2_3_r27:fired f=(((abs(e)*f)/abs(f)+e)*x+e*sqrt(abs(e)/abs(f)-(4*e+4*d)/(4*f)))/(x^2+sqrt(abs(e)/abs(f)-(4*e+4*d)/(4*f))*x+abs...
    #5 d=3 dl=3 p0-mr_top fb=true seenlen=2 seen=- out=1_2_1_1_r12@pass1 owner=1_2_1_2_r9:fired f=1/(x^2+sqrt(abs(e)/abs(f)-(4*e+4*d)/(4*f))*x+abs(e)/(2*abs(f)))
    #6 d=4 dl=4 p0-mr_top fb=true seenlen=3 seen=- out=1_4_1_r23@pass1 owner=1_2_1_1_r12:fired f=-((f*abs(f))/(f*abs(f)*x^2+(e+d)*abs(f)+abs(e)*f))
    #7 d=5 dl=5 p0-mr_top fb=true seenlen=4 seen=- out=1_1_2_1_r15@pass1 owner=1_4_1_r23:fired f=1/(f*abs(f)*x^2+(e+d)*abs(f)+abs(e)*f)
    #8 d=3 dl=3 p0-mr_top fb=true seenlen=2 seen=- out=1_2_1_2_r3@pass1 owner=1_2_1_2_r9:fired f=(2*x+sqrt(abs(e)/abs(f)-(4*e+4*d)/(4*f)))/(x^2+sqrt(abs(e)/abs(f)-(4*e+4*d)/(4*f))*x+abs(e)/(2*abs(f)))

--- c1 g42 1 Algebraic functions/1.3 Miscellaneous/1.3.2 Algebraic functions.mac e363 (eq)
  [trace] class=deferred t=0.9s L518 returned=yes t=0.869011 calls=2 ratsimp-hits=0 exact-hits=1 unexited=0 misfire/fault-lines=0 top=1_4_2_r20
    fires=1_4_2_r20
    answer sha1=1f0c0dad9a2b 'integrate((e-2*f*x^2)/(4*f^2*x^4+4*e*f*x^2-4*d*f*x^2+e^2),x)
    #1 d=1 dl=1 seenp fb=false seenlen=0 seen=- out=1_4_2_r20 owner=- f=(e-2*f*x^2)/(4*f^2*x^4+4*e*f*x^2-4*d*f*x^2+e^2)
    #2 d=2 dl=2 seenp fb=true seenlen=1 seen=exact@#1(idx1,live=yes) out=fall-through:seen-hit owner=1_4_2_r20:fired f=(e-2*f*x^2)/(4*f^2*x^4+4*e*f*x^2-4*d*f*x^2+e^2)
        matched elem=(e-2*f*x^2)/(4*f^2*x^4+4*e*f*x^2-4*d*f*x^2+e^2)
  [exact-only] class=deferred t=0.9s L518 returned=yes t=0.880013 calls=2 ratsimp-hits=0 exact-hits=1 unexited=0 misfire/fault-lines=0 top=1_4_2_r20
    fires=1_4_2_r20
    answer sha1=1f0c0dad9a2b 'integrate((e-2*f*x^2)/(4*f^2*x^4+4*e*f*x^2-4*d*f*x^2+e^2),x)
    #1 d=1 dl=1 seenp fb=false seenlen=0 seen=- out=1_4_2_r20 owner=- f=(e-2*f*x^2)/(4*f^2*x^4+4*e*f*x^2-4*d*f*x^2+e^2)
    #2 d=2 dl=2 seenp fb=true seenlen=1 seen=exact@#1(idx1,live=yes) out=fall-through:seen-hit owner=1_4_2_r20:fired f=(e-2*f*x^2)/(4*f^2*x^4+4*e*f*x^2-4*d*f*x^2+e^2)
        matched elem=(e-2*f*x^2)/(4*f^2*x^4+4*e*f*x^2-4*d*f*x^2+e^2)
  [p0] class=verified t=3.0s L518 returned=yes t=3.030041 calls=8 ratsimp-hits=0 exact-hits=0 unexited=0 misfire/fault-lines=0 top=1_2_2_3_r27@pass1
    fires=1_4_1_r25,1_1_2_1_r15,1_4_1_r23,1_2_1_1_r12,1_2_1_2_r3,1_2_1_2_r9,1_2_2_3_r27
    answer sha1=14a7be10c1b0 ((f*(2*e*sqrt(abs(e)/abs(f)-(4*e-4*d)/(4*f))-sqrt(abs(e)/abs(f)-(4*e-4*d)/(4*f))*((abs(e)*f)/abs(f)+e))*sqrt(abs(f))*sqrt(-(((e-d)*abs(f)+abs(e)*f)/f))*log(-((8...
    #1 d=1 dl=1 p0-mr_top fb=false seenlen=0 seen=- out=1_2_2_3_r27@pass1 owner=- f=(e-2*f*x^2)/(4*f^2*x^4+4*e*f*x^2-4*d*f*x^2+e^2)
    #2 d=2 dl=2 p0-mr_top fb=true seenlen=1 seen=- out=1_4_1_r25@pass1 owner=1_2_2_3_r27:fired f=(e*sqrt(abs(e)/abs(f)-(4*e-4*d)/(4*f))-((abs(e)*f)/abs(f)+e)*x)/(x^2-sqrt(abs(e)/abs(f)-(4*e-4*d)/(4*f))*x+abs...
    #3 d=3 dl=3 p0-mr_top fb=true seenlen=2 seen=- out=fall-through:nofire owner=1_4_1_r25:fired f=(e*sqrt(abs(e)/abs(f)-(4*e-4*d)/(4*f))-((abs(e)*f)/abs(f)+e)*x)/(x*(x+abs(e)/(2*abs(f)*x)-sqrt(abs(e)/abs(f)-e...
    #4 d=2 dl=2 p0-mr_top fb=true seenlen=1 seen=- out=1_2_1_2_r9@pass1 owner=1_2_2_3_r27:fired f=(((abs(e)*f)/abs(f)+e)*x+e*sqrt(abs(e)/abs(f)-(4*e-4*d)/(4*f)))/(x^2+sqrt(abs(e)/abs(f)-(4*e-4*d)/(4*f))*x+abs...
    #5 d=3 dl=3 p0-mr_top fb=true seenlen=2 seen=- out=1_2_1_1_r12@pass1 owner=1_2_1_2_r9:fired f=1/(x^2+sqrt(abs(e)/abs(f)-(4*e-4*d)/(4*f))*x+abs(e)/(2*abs(f)))
    #6 d=4 dl=4 p0-mr_top fb=true seenlen=3 seen=- out=1_4_1_r23@pass1 owner=1_2_1_1_r12:fired f=-((f*abs(f))/(f*abs(f)*x^2+(e-d)*abs(f)+abs(e)*f))
    #7 d=5 dl=5 p0-mr_top fb=true seenlen=4 seen=- out=1_1_2_1_r15@pass1 owner=1_4_1_r23:fired f=1/(f*abs(f)*x^2+(e-d)*abs(f)+abs(e)*f)
    #8 d=3 dl=3 p0-mr_top fb=true seenlen=2 seen=- out=1_2_1_2_r3@pass1 owner=1_2_1_2_r9:fired f=(2*x+sqrt(abs(e)/abs(f)-(4*e-4*d)/(4*f)))/(x^2+sqrt(abs(e)/abs(f)-(4*e-4*d)/(4*f))*x+abs(e)/(2*abs(f)))

--- c1 g45 1 Algebraic functions/1.2 Trinomial products/1.2.1 Quadratic/1.2.1.3 (d+e x)^m (f+g x) (a+b x+c x^2)^p.mac e2223 (eq)
  [trace] class=timeout t=30.0s L2524 returned=yes t=8.79912 calls=3 ratsimp-hits=1 exact-hits=0 unexited=0 misfire/fault-lines=0 top=1_2_1_3_r53
    fires=1_2_1_9b_r1,1_2_1_3_r53
    answer sha1=ec31f7207e9d -((2*((3*(c*d^2-b*d*e)*((16*b^2*c^2*e^14*(((7*b^2*e^6-24*b*c*d*e^5+20*c^2*d^2*e^4)*g+(8*c^2*d*e^5-4*b*c*e^6)*f)*x+(7*b^2*d*e^5-24*b*c*d^2*e^4+20*c^2*d^3*e^3)*g+...
    #1 d=1 dl=1 seenp fb=false seenlen=0 seen=- out=1_2_1_3_r53 owner=- f=((e*x+d)^5*(g*x+f))/(-(c*e^2*x^2)-b*e^2*x-b*d*e+c*d^2)^(5/2)
    #2 d=2 dl=2 seenp fb=true seenlen=1 seen=- out=1_2_1_9b_r1 owner=1_2_1_3_r53:fired f=((e*x+d)^3*(((7*b^2*e^6-24*b*c*d*e^5+20*c^2*d^2*e^4)*g+(8*c^2*d*e^5-4*b*c*e^6)*f)*x+(7*b^2*d*e^5-24*b*c*d^2*e^...
    #3 d=3 dl=3 seenp fb=true seenlen=2 seen=ratsimp@#2(idx1,live=yes) out=fall-through:seen-hit owner=1_2_1_9b_r1:fired f=((((7*b^2*e^6-24*b*c*d*e^5+20*c^2*d^2*e^4)*g+(8*c^2*d*e^5-4*b*c*e^6)*f)*x+(7*b^2*d*e^5-24*b*c*d^2*e^4+20*c^2*d...
        matched elem=((e*x+d)^3*(((7*b^2*e^6-24*b*c*d*e^5+20*c^2*d^2*e^4)*g+(8*c^2*d*e^5-4*b*c*e^6)*f)*x+(7*b^2*d*e^5-24*b*c*d^2*e^...
  [exact-only] class=timeout t=30.0s L2524 returned=NO calls=5 ratsimp-hits=0 exact-hits=0 unexited=5 misfire/fault-lines=0 top=open
    fires=-
    #1 d=1 dl=1 seenp fb=false seenlen=0 seen=- out=open owner=- f=((e*x+d)^5*(g*x+f))/(-(c*e^2*x^2)-b*e^2*x-b*d*e+c*d^2)^(5/2)
    #2 d=2 dl=2 seenp fb=true seenlen=1 seen=- out=open owner=- f=((e*x+d)^3*(((7*b^2*e^6-24*b*c*d*e^5+20*c^2*d^2*e^4)*g+(8*c^2*d*e^5-4*b*c*e^6)*f)*x+(7*b^2*d*e^5-24*b*c*d^2*e^...
    #3 d=3 dl=3 seenp fb=true seenlen=2 seen=- out=open owner=- f=((((7*b^2*e^6-24*b*c*d*e^5+20*c^2*d^2*e^4)*g+(8*c^2*d*e^5-4*b*c*e^6)*f)*x+(7*b^2*d*e^5-24*b*c*d^2*e^4+20*c^2*d...
    #4 d=4 dl=4 seenp fb=true seenlen=3 seen=- out=open owner=- f=((((7*b^2*e^6-24*b*c*d*e^5+20*c^2*d^2*e^4)*g+(8*c^2*d*e^5-4*b*c*e^6)*f)*x+(7*b^2*d*e^5-24*b*c*d^2*e^4+20*c^2*d...
    #5 d=5 dl=5 seenp fb=true seenlen=4 seen=- out=open owner=- f=(((e^2*x)/(14*b^2*e^5*g-48*b*c*d*e^4*g+40*c^2*d^2*e^3*g-8*b*c*e^5*f+16*c^2*d*e^4*f)+(d*e)/(14*b^2*e^5*g-48*b*c...
  [p0] class=verified t=1.9s L2524 returned=yes t=1.869025 calls=3 ratsimp-hits=1 exact-hits=0 unexited=0 misfire/fault-lines=0 top=1_2_1_6_r4@pass1
    fires=1_2_1_6_r1,1_2_1_6_r4
    answer sha1=6c66ce57a6d8 -((2*((3*b^2*e^7*g*((3*(c*d^2-b*d*e)*asin((-(2*c*e^2*x)-b*e^2)/sqrt(b^2*e^4+4*c*e^2*(c*d^2-b*d*e))))/(2*c^(5/2)*e^5)+(15*b^2*asin((-(2*c*e^2*x)-b*e^2)/sqrt(b^2*...
    #1 d=1 dl=1 p0-mr_top fb=false seenlen=0 seen=- out=1_2_1_6_r4@pass1 owner=- f=((e*x+d)^5*(g*x+f))/(-(c*e^2*x^2)-b*e^2*x-b*d*e+c*d^2)^(5/2)
    #2 d=2 dl=2 p0-mr_top fb=true seenlen=1 seen=- out=1_2_1_6_r1@pass1 owner=1_2_1_6_r4:fired f=((3*b^2*e^7*g*x^4)/(2*c)-6*b*d*e^6*g*x^4+6*c*d^2*e^5*g*x^4-(3*b^3*e^7*g*x^3)/(2*c^2)+(27*b^2*d*e^6*g*x^3)/(2*c...
    #3 d=3 dl=3 p0-mr_top fb=true seenlen=2 seen=ratsimp@#2(idx1,live=yes) out=fall-through:seen-hit owner=1_2_1_6_r1:fired f=(3*b^2*e^7*g*x^4)/(2*c*(-(c*e^2*x^2)-b*e^2*x-b*d*e+c*d^2)^(3/2))-(6*b*d*e^6*g*x^4)/(-(c*e^2*x^2)-b*e^2*x-b*d*e...
        matched elem=((3*b^2*e^7*g*x^4)/(2*c)-6*b*d*e^6*g*x^4+6*c*d^2*e^5*g*x^4-(3*b^3*e^7*g*x^3)/(2*c^2)+(27*b^2*d*e^6*g*x^3)/(2*c...

--- c1 g45 1 Algebraic functions/1.2 Trinomial products/1.2.1 Quadratic/1.2.1.3 (d+e x)^m (f+g x) (a+b x+c x^2)^p.mac e2224 (eq)
  [trace] class=timeout t=30.0s L2525 returned=yes t=7.169098 calls=3 ratsimp-hits=1 exact-hits=0 unexited=0 misfire/fault-lines=0 top=1_2_1_3_r53
    fires=1_2_1_9b_r1,1_2_1_3_r53
    answer sha1=0a3da7800edf -((2*(-((3*b*(-((20*b^3*c*e^13*g*(((5*b^2*e^6-18*b*c*d*e^5+16*c^2*d^2*e^4)*g+(4*c^2*d*e^5-2*b*c*e^6)*f)*x+(5*b^2*d*e^5-18*b*c*d^2*e^4+16*c^2*d^3*e^3)*g+(4*c^2*d...
    #1 d=1 dl=1 seenp fb=false seenlen=0 seen=- out=1_2_1_3_r53 owner=- f=((e*x+d)^4*(g*x+f))/(-(c*e^2*x^2)-b*e^2*x-b*d*e+c*d^2)^(5/2)
    #2 d=2 dl=2 seenp fb=true seenlen=1 seen=- out=1_2_1_9b_r1 owner=1_2_1_3_r53:fired f=((e*x+d)^2*(((5*b^2*e^6-18*b*c*d*e^5+16*c^2*d^2*e^4)*g+(4*c^2*d*e^5-2*b*c*e^6)*f)*x+(5*b^2*d*e^5-18*b*c*d^2*e^...
    #3 d=3 dl=3 seenp fb=true seenlen=2 seen=ratsimp@#2(idx1,live=yes) out=fall-through:seen-hit owner=1_2_1_9b_r1:fired f=((((5*b^2*e^6-18*b*c*d*e^5+16*c^2*d^2*e^4)*g+(4*c^2*d*e^5-2*b*c*e^6)*f)*x+(5*b^2*d*e^5-18*b*c*d^2*e^4+16*c^2*d...
        matched elem=((e*x+d)^2*(((5*b^2*e^6-18*b*c*d*e^5+16*c^2*d^2*e^4)*g+(4*c^2*d*e^5-2*b*c*e^6)*f)*x+(5*b^2*d*e^5-18*b*c*d^2*e^...
  [exact-only] class=verified t=11.3s L2525 returned=yes t=11.308154 calls=8 ratsimp-hits=0 exact-hits=0 unexited=0 misfire/fault-lines=0 top=1_2_1_3_r53
    fires=1_1_2_1_r11,1_2_1_1_r15,1_2_1_2_r15,9_1_r8,1_2_1_9b_r32,1_2_1_3_r53,1_2_1_9b_r1,1_2_1_3_r53
    answer sha1=48d64caaeecd -((2*((2*(-(((5*b^2*e^6-18*b*c*d*e^5+16*c^2*d^2*e^4)*g+(4*c^2*d*e^5-2*b*c*e^6)*f)*x)-(5*b^2*d*e^5-18*b*c*d^2*e^4+16*c^2*d^3*e^3)*g-(4*c^2*d^2*e^4-2*b*c*d*e^5)*f...
    #1 d=1 dl=1 seenp fb=false seenlen=0 seen=- out=1_2_1_3_r53 owner=- f=((e*x+d)^4*(g*x+f))/(-(c*e^2*x^2)-b*e^2*x-b*d*e+c*d^2)^(5/2)
    #2 d=2 dl=2 seenp fb=true seenlen=1 seen=- out=1_2_1_9b_r1 owner=1_2_1_3_r53:fired f=((e*x+d)^2*(((5*b^2*e^6-18*b*c*d*e^5+16*c^2*d^2*e^4)*g+(4*c^2*d*e^5-2*b*c*e^6)*f)*x+(5*b^2*d*e^5-18*b*c*d^2*e^...
    #3 d=3 dl=3 seenp fb=true seenlen=2 seen=- out=1_2_1_3_r53 owner=1_2_1_9b_r1:fired f=((((5*b^2*e^6-18*b*c*d*e^5+16*c^2*d^2*e^4)*g+(4*c^2*d*e^5-2*b*c*e^6)*f)*x+(5*b^2*d*e^5-18*b*c*d^2*e^4+16*c^2*d...
    #4 d=4 dl=4 seenp fb=true seenlen=3 seen=- out=1_2_1_9b_r32 owner=1_2_1_3_r53:fired f=(((15*b^4*e^12-114*b^3*c*d*e^11+324*b^2*c^2*d^2*e^10-408*b*c^3*d^3*e^9+192*c^4*d^4*e^8)*g+(-(6*b^3*c*e^12)+36*...
    #5 d=5 dl=5 seenp fb=true seenlen=4 seen=- out=1_2_1_2_r15 owner=1_2_1_9b_r32:fired f=(((15*b^4*e^12-114*b^3*c*d*e^11+324*b^2*c^2*d^2*e^10-408*b*c^3*d^3*e^9+192*c^4*d^4*e^8)*g+(-(6*b^3*c*e^12)+36*...
    #6 d=6 dl=6 seenp fb=true seenlen=5 seen=- out=1_2_1_1_r15 owner=1_2_1_2_r15:fired f=1/sqrt(-(c*e^2*x^2)-b*e^2*x-b*d*e+c*d^2)
    #7 d=7 dl=7 seenp fb=true seenlen=6 seen=- out=1_1_2_1_r11 owner=1_2_1_1_r15:fired f=1/(-x^2-4*c*e^2)
    #8 d=5 dl=5 seenp fb=true seenlen=4 seen=- out=9_1_r8 owner=1_2_1_9b_r32:fired f=0
  [p0] class=verified t=1.5s L2525 returned=yes t=1.49002 calls=3 ratsimp-hits=1 exact-hits=0 unexited=0 misfire/fault-lines=0 top=1_2_1_6_r4@pass1
    fires=1_2_1_6_r1,1_2_1_6_r4
    answer sha1=10c221540336 -((2*(-((3*b^3*e^6*g*(asin((-(2*c*e^2*x)-b*e^2)/sqrt(b^2*e^4+4*c*e^2*(c*d^2-b*d*e)))/(c^(3/2)*e^3)-(2*b^2*e^2*x)/(c*(-(b^2*e^4)-4*c*e^2*(c*d^2-b*d*e))*sqrt(-(c*...
    #1 d=1 dl=1 p0-mr_top fb=false seenlen=0 seen=- out=1_2_1_6_r4@pass1 owner=- f=((e*x+d)^4*(g*x+f))/(-(c*e^2*x^2)-b*e^2*x-b*d*e+c*d^2)^(5/2)
    #2 d=2 dl=2 p0-mr_top fb=true seenlen=1 seen=- out=1_2_1_6_r1@pass1 owner=1_2_1_6_r4:fired f=((3*b^2*e^6*g*x^3)/(2*c)-6*b*d*e^5*g*x^3+6*c*d^2*e^4*g*x^3-(3*b^3*e^6*g*x^2)/(2*c^2)+(12*b^2*d*e^5*g*x^2)/c-30...
    #3 d=3 dl=3 p0-mr_top fb=true seenlen=2 seen=ratsimp@#2(idx1,live=yes) out=fall-through:seen-hit owner=1_2_1_6_r1:fired f=(3*b^2*e^6*g*x^3)/(2*c*(-(c*e^2*x^2)-b*e^2*x-b*d*e+c*d^2)^(3/2))-(6*b*d*e^5*g*x^3)/(-(c*e^2*x^2)-b*e^2*x-b*d*e...
        matched elem=((3*b^2*e^6*g*x^3)/(2*c)-6*b*d*e^5*g*x^3+6*c*d^2*e^4*g*x^3-(3*b^3*e^6*g*x^2)/(2*c^2)+(12*b^2*d*e^5*g*x^2)/c-30...

--- c1 g45 1 Algebraic functions/1.2 Trinomial products/1.2.1 Quadratic/1.2.1.3 (d+e x)^m (f+g x) (a+b x+c x^2)^p.mac e2268 (eq)
  [trace] class=timeout t=30.0s L2575 returned=yes t=12.972177 calls=12 ratsimp-hits=0 exact-hits=0 unexited=0 misfire/fault-lines=0 top=1_2_1_3_r53
    fires=1_1_2_3_r48,1_2_1_2_r93,1_1_2_3_r42,1_2_1_2_r93,1_2_1_3_r89,1_2_1_3_r56,1_2_1_3_r56,1_2_1_2_r117,9_1_r8,1_2_1_9b_r32,1_2_1_9b_r1,1_2_1_3_r53
    answer sha1=4c0b1c613ea1 -((2*(4*b^2*e^5*g-(25*b*c*d*e^4*g)/2+9*c^2*d^2*e^3*g-(7*b*c*e^5*f)/2+7*c^2*d*e^4*f)*(-((2*(-((2*(-((2*((sqrt(-2)*sqrt(b^2*e^4+4*c*e^2*(c*d^2-b*d*e))*(e*(6*b^3*d...
    #1 d=1 dl=1 seenp fb=false seenlen=0 seen=- out=1_2_1_3_r53 owner=- f=((e*x+d)^(9/2)*(g*x+f))/(-(c*e^2*x^2)-b*e^2*x-b*d*e+c*d^2)^(3/2)
    #2 d=2 dl=2 seenp fb=true seenlen=1 seen=- out=1_2_1_9b_r1 owner=1_2_1_3_r53:fired f=((e*x+d)^(5/2)*(((8*b^2*e^6-25*b*c*d*e^5+18*c^2*d^2*e^4)*g+(14*c^2*d*e^5-7*b*c*e^6)*f)*x+(8*b^2*d*e^5-25*b*c*d...
    #3 d=3 dl=3 seenp fb=true seenlen=2 seen=- out=1_2_1_9b_r32 owner=1_2_1_9b_r1:fired f=((4*b^2*e^5*g-(25*b*c*d*e^4*g)/2+9*c^2*d^2*e^3*g-(7*b*c*e^5*f)/2+7*c^2*d*e^4*f)*(e*x+d)^(7/2))/sqrt(-(c*e^2*x^...
    #4 d=4 dl=4 seenp fb=true seenlen=3 seen=- out=1_2_1_2_r117 owner=1_2_1_9b_r32:fired f=(e*x+d)^(7/2)/sqrt(-(c*e^2*x^2)-b*e^2*x-b*d*e+c*d^2)
    #5 d=5 dl=5 seenp fb=true seenlen=4 seen=- out=1_2_1_3_r56 owner=1_2_1_2_r117:fired f=((e*x+d)^(3/2)*((3*b*e^4-6*c*d*e^3)*x+3*b*d*e^3-6*c*d^2*e^2))/sqrt(-(c*e^2*x^2)-b*e^2*x-b*d*e+c*d^2)
    #6 d=6 dl=6 seenp fb=true seenlen=5 seen=- out=1_2_1_3_r56 owner=1_2_1_3_r56:fired f=(sqrt(e*x+d)*((6*b^2*e^7-24*b*c*d*e^6+24*c^2*d^2*e^5)*x+6*b^2*d*e^6-24*b*c*d^2*e^5+24*c^2*d^3*e^4))/sqrt(-(c*e...
    #7 d=7 dl=7 seenp fb=true seenlen=6 seen=- out=1_2_1_3_r89 owner=1_2_1_3_r56:fired f=((6*b^3*e^10-36*b^2*c*d*e^9+72*b*c^2*d^2*e^8-48*c^3*d^3*e^7)*x+6*b^3*d*e^9-36*b^2*c*d^2*e^8+72*b*c^2*d^3*e^7-4...
    #8 d=8 dl=8 seenp fb=true seenlen=7 seen=- out=1_2_1_2_r93 owner=1_2_1_3_r89:fired f=sqrt(e*x+d)/sqrt(-(c*e^2*x^2)-b*e^2*x-b*d*e+c*d^2)
    #9 d=9 dl=9 seenp fb=true seenlen=8 seen=- out=1_1_2_3_r48 owner=1_2_1_2_r93:fired f=sqrt((2*e*sqrt(b^2*e^4+4*c*e^2*(c*d^2-b*d*e))*x^2)/(-(e*sqrt(b^2*e^4+4*c*e^2*(c*d^2-b*d*e)))+b*e^3-2*c*d*e^2)+...
    #10 d=8 dl=8 seenp fb=true seenlen=7 seen=- out=1_2_1_2_r93 owner=1_2_1_3_r89:fired f=1/(sqrt(e*x+d)*sqrt(-(c*e^2*x^2)-b*e^2*x-b*d*e+c*d^2))
    #11 d=9 dl=9 seenp fb=true seenlen=8 seen=- out=1_1_2_3_r42 owner=1_2_1_2_r93:fired f=1/(sqrt(1-x^2)*sqrt((2*e*sqrt(b^2*e^4+4*c*e^2*(c*d^2-b*d*e))*x^2)/(-(e*sqrt(b^2*e^4+4*c*e^2*(c*d^2-b*d*e)))+b*...
    #12 d=4 dl=4 seenp fb=true seenlen=3 seen=- out=9_1_r8 owner=1_2_1_9b_r32:fired f=0
  [exact-only] class=timeout t=30.0s L2575 returned=yes t=12.923176 calls=12 ratsimp-hits=0 exact-hits=0 unexited=0 misfire/fault-lines=0 top=1_2_1_3_r53
    fires=1_1_2_3_r48,1_2_1_2_r93,1_1_2_3_r42,1_2_1_2_r93,1_2_1_3_r89,1_2_1_3_r56,1_2_1_3_r56,1_2_1_2_r117,9_1_r8,1_2_1_9b_r32,1_2_1_9b_r1,1_2_1_3_r53
    answer sha1=4c0b1c613ea1 -((2*(4*b^2*e^5*g-(25*b*c*d*e^4*g)/2+9*c^2*d^2*e^3*g-(7*b*c*e^5*f)/2+7*c^2*d*e^4*f)*(-((2*(-((2*(-((2*((sqrt(-2)*sqrt(b^2*e^4+4*c*e^2*(c*d^2-b*d*e))*(e*(6*b^3*d...
    #1 d=1 dl=1 seenp fb=false seenlen=0 seen=- out=1_2_1_3_r53 owner=- f=((e*x+d)^(9/2)*(g*x+f))/(-(c*e^2*x^2)-b*e^2*x-b*d*e+c*d^2)^(3/2)
    #2 d=2 dl=2 seenp fb=true seenlen=1 seen=- out=1_2_1_9b_r1 owner=1_2_1_3_r53:fired f=((e*x+d)^(5/2)*(((8*b^2*e^6-25*b*c*d*e^5+18*c^2*d^2*e^4)*g+(14*c^2*d*e^5-7*b*c*e^6)*f)*x+(8*b^2*d*e^5-25*b*c*d...
    #3 d=3 dl=3 seenp fb=true seenlen=2 seen=- out=1_2_1_9b_r32 owner=1_2_1_9b_r1:fired f=((4*b^2*e^5*g-(25*b*c*d*e^4*g)/2+9*c^2*d^2*e^3*g-(7*b*c*e^5*f)/2+7*c^2*d*e^4*f)*(e*x+d)^(7/2))/sqrt(-(c*e^2*x^...
    #4 d=4 dl=4 seenp fb=true seenlen=3 seen=- out=1_2_1_2_r117 owner=1_2_1_9b_r32:fired f=(e*x+d)^(7/2)/sqrt(-(c*e^2*x^2)-b*e^2*x-b*d*e+c*d^2)
    #5 d=5 dl=5 seenp fb=true seenlen=4 seen=- out=1_2_1_3_r56 owner=1_2_1_2_r117:fired f=((e*x+d)^(3/2)*((3*b*e^4-6*c*d*e^3)*x+3*b*d*e^3-6*c*d^2*e^2))/sqrt(-(c*e^2*x^2)-b*e^2*x-b*d*e+c*d^2)
    #6 d=6 dl=6 seenp fb=true seenlen=5 seen=- out=1_2_1_3_r56 owner=1_2_1_3_r56:fired f=(sqrt(e*x+d)*((6*b^2*e^7-24*b*c*d*e^6+24*c^2*d^2*e^5)*x+6*b^2*d*e^6-24*b*c*d^2*e^5+24*c^2*d^3*e^4))/sqrt(-(c*e...
    #7 d=7 dl=7 seenp fb=true seenlen=6 seen=- out=1_2_1_3_r89 owner=1_2_1_3_r56:fired f=((6*b^3*e^10-36*b^2*c*d*e^9+72*b*c^2*d^2*e^8-48*c^3*d^3*e^7)*x+6*b^3*d*e^9-36*b^2*c*d^2*e^8+72*b*c^2*d^3*e^7-4...
    #8 d=8 dl=8 seenp fb=true seenlen=7 seen=- out=1_2_1_2_r93 owner=1_2_1_3_r89:fired f=sqrt(e*x+d)/sqrt(-(c*e^2*x^2)-b*e^2*x-b*d*e+c*d^2)
    #9 d=9 dl=9 seenp fb=true seenlen=8 seen=- out=1_1_2_3_r48 owner=1_2_1_2_r93:fired f=sqrt((2*e*sqrt(b^2*e^4+4*c*e^2*(c*d^2-b*d*e))*x^2)/(-(e*sqrt(b^2*e^4+4*c*e^2*(c*d^2-b*d*e)))+b*e^3-2*c*d*e^2)+...
    #10 d=8 dl=8 seenp fb=true seenlen=7 seen=- out=1_2_1_2_r93 owner=1_2_1_3_r89:fired f=1/(sqrt(e*x+d)*sqrt(-(c*e^2*x^2)-b*e^2*x-b*d*e+c*d^2))
    #11 d=9 dl=9 seenp fb=true seenlen=8 seen=- out=1_1_2_3_r42 owner=1_2_1_2_r93:fired f=1/(sqrt(1-x^2)*sqrt((2*e*sqrt(b^2*e^4+4*c*e^2*(c*d^2-b*d*e))*x^2)/(-(e*sqrt(b^2*e^4+4*c*e^2*(c*d^2-b*d*e)))+b*...
    #12 d=4 dl=4 seenp fb=true seenlen=3 seen=- out=9_1_r8 owner=1_2_1_9b_r32:fired f=0
  [p0] class=verified t=3.3s L2575 returned=yes t=3.295044 calls=4 ratsimp-hits=1 exact-hits=0 unexited=0 misfire/fault-lines=0 top=1_2_1_3_r53@pass2
    fires=1_2_1_9b_r5,1_2_1_9b_r1,1_2_1_3_r53
    answer sha1=eea6b7a7bbed -((2*(e*x+d)^(7/2)*((-(c*e^2*(-(b*d*e^2*g)+2*e*(c*d^2-b*d*e)*g-b*e^3*f))-b^2*e^5*g-2*c^2*d*e^4*f)*x+b*e^2*(e*(c*d^2-b*d*e)*g-c*d*e^2*f)-2*c*e^2*(c*d^2-b*d*e)*(d...
    #1 d=1 dl=1 p0-mr_top fb=false seenlen=0 seen=- out=1_2_1_3_r53@pass2 owner=- f=((e*x+d)^(9/2)*(g*x+f))/(-(c*e^2*x^2)-b*e^2*x-b*d*e+c*d^2)^(3/2)
    #2 d=2 dl=1 p0-mr_top fb=true seenlen=0 seen=- out=1_2_1_9b_r1@pass1 owner=1_2_1_3_r53:fired f=-(((e*x+d)^(5/2)*((d*e^5*(25*b*c*g-14*c^2*f)+e^6*(7*b*c*f-8*b^2*g)-18*c^2*d^2*e^4*g)*x+d^2*e^4*(25*b*c*g-14*c^...
    #3 d=3 dl=2 p0-mr_top fb=true seenlen=1 seen=- out=1_2_1_9b_r5@pass1 owner=1_2_1_9b_r1:fired f=((4*b^2*e^5*g-(25*b*c*d*e^4*g)/2+9*c^2*d^2*e^3*g-(7*b*c*e^5*f)/2+7*c^2*d*e^4*f)*(e*x+d)^(7/2))/sqrt(-(c*e^2*x^...
    #4 d=4 dl=3 p0-mr_top fb=true seenlen=2 seen=ratsimp@#3(idx1,live=yes) out=fall-through:seen-hit owner=1_2_1_9b_r5:fired f=(4*b^2*e^5*g*(e*x+d)^(7/2))/sqrt(-(c*e^2*x^2)-b*e^2*x-b*d*e+c*d^2)-(25*b*c*d*e^4*g*(e*x+d)^(7/2))/(2*sqrt(-(c*...
        matched elem=((4*b^2*e^5*g-(25*b*c*d*e^4*g)/2+9*c^2*d^2*e^3*g-(7*b*c*e^5*f)/2+7*c^2*d*e^4*f)*(e*x+d)^(7/2))/sqrt(-(c*e^2*x^...

--- c1 g45 1 Algebraic functions/1.2 Trinomial products/1.2.1 Quadratic/1.2.1.3 (d+e x)^m (f+g x) (a+b x+c x^2)^p.mac e2269 (eq)
  [trace] class=timeout t=30.0s L2576 returned=yes t=11.846162 calls=11 ratsimp-hits=0 exact-hits=0 unexited=0 misfire/fault-lines=0 top=1_2_1_3_r53
    fires=1_1_2_3_r48,1_2_1_2_r93,1_1_2_3_r42,1_2_1_2_r93,1_2_1_3_r89,1_2_1_3_r56,1_2_1_2_r117,9_1_r8,1_2_1_9b_r32,1_2_1_9b_r1,1_2_1_3_r53
    answer sha1=6e2d88265860 -((2*(3*b^2*e^5*g-(19*b*c*d*e^4*g)/2+7*c^2*d^2*e^3*g-(5*b*c*e^5*f)/2+5*c^2*d*e^4*f)*(-((2*(-((2*((sqrt(-2)*sqrt(b^2*e^4+4*c*e^2*(c*d^2-b*d*e))*(e*(2*b^2*d*e^6-8...
    #1 d=1 dl=1 seenp fb=false seenlen=0 seen=- out=1_2_1_3_r53 owner=- f=((e*x+d)^(7/2)*(g*x+f))/(-(c*e^2*x^2)-b*e^2*x-b*d*e+c*d^2)^(3/2)
    #2 d=2 dl=2 seenp fb=true seenlen=1 seen=- out=1_2_1_9b_r1 owner=1_2_1_3_r53:fired f=((e*x+d)^(3/2)*(((6*b^2*e^6-19*b*c*d*e^5+14*c^2*d^2*e^4)*g+(10*c^2*d*e^5-5*b*c*e^6)*f)*x+(6*b^2*d*e^5-19*b*c*d...
    #3 d=3 dl=3 seenp fb=true seenlen=2 seen=- out=1_2_1_9b_r32 owner=1_2_1_9b_r1:fired f=((3*b^2*e^5*g-(19*b*c*d*e^4*g)/2+7*c^2*d^2*e^3*g-(5*b*c*e^5*f)/2+5*c^2*d*e^4*f)*(e*x+d)^(5/2))/sqrt(-(c*e^2*x^...
    #4 d=4 dl=4 seenp fb=true seenlen=3 seen=- out=1_2_1_2_r117 owner=1_2_1_9b_r32:fired f=(e*x+d)^(5/2)/sqrt(-(c*e^2*x^2)-b*e^2*x-b*d*e+c*d^2)
    #5 d=5 dl=5 seenp fb=true seenlen=4 seen=- out=1_2_1_3_r56 owner=1_2_1_2_r117:fired f=(sqrt(e*x+d)*((2*b*e^4-4*c*d*e^3)*x+2*b*d*e^3-4*c*d^2*e^2))/sqrt(-(c*e^2*x^2)-b*e^2*x-b*d*e+c*d^2)
    #6 d=6 dl=6 seenp fb=true seenlen=5 seen=- out=1_2_1_3_r89 owner=1_2_1_3_r56:fired f=((2*b^2*e^7-8*b*c*d*e^6+8*c^2*d^2*e^5)*x+2*b^2*d*e^6-8*b*c*d^2*e^5+8*c^2*d^3*e^4)/(sqrt(e*x+d)*sqrt(-(c*e^2*x^...
    #7 d=7 dl=7 seenp fb=true seenlen=6 seen=- out=1_2_1_2_r93 owner=1_2_1_3_r89:fired f=sqrt(e*x+d)/sqrt(-(c*e^2*x^2)-b*e^2*x-b*d*e+c*d^2)
    #8 d=8 dl=8 seenp fb=true seenlen=7 seen=- out=1_1_2_3_r48 owner=1_2_1_2_r93:fired f=sqrt((2*e*sqrt(b^2*e^4+4*c*e^2*(c*d^2-b*d*e))*x^2)/(-(e*sqrt(b^2*e^4+4*c*e^2*(c*d^2-b*d*e)))+b*e^3-2*c*d*e^2)+...
    #9 d=7 dl=7 seenp fb=true seenlen=6 seen=- out=1_2_1_2_r93 owner=1_2_1_3_r89:fired f=1/(sqrt(e*x+d)*sqrt(-(c*e^2*x^2)-b*e^2*x-b*d*e+c*d^2))
    #10 d=8 dl=8 seenp fb=true seenlen=7 seen=- out=1_1_2_3_r42 owner=1_2_1_2_r93:fired f=1/(sqrt(1-x^2)*sqrt((2*e*sqrt(b^2*e^4+4*c*e^2*(c*d^2-b*d*e))*x^2)/(-(e*sqrt(b^2*e^4+4*c*e^2*(c*d^2-b*d*e)))+b*...
    #11 d=4 dl=4 seenp fb=true seenlen=3 seen=- out=9_1_r8 owner=1_2_1_9b_r32:fired f=0
  [exact-only] class=timeout t=30.0s L2576 returned=yes t=11.957163 calls=11 ratsimp-hits=0 exact-hits=0 unexited=0 misfire/fault-lines=0 top=1_2_1_3_r53
    fires=1_1_2_3_r48,1_2_1_2_r93,1_1_2_3_r42,1_2_1_2_r93,1_2_1_3_r89,1_2_1_3_r56,1_2_1_2_r117,9_1_r8,1_2_1_9b_r32,1_2_1_9b_r1,1_2_1_3_r53
    answer sha1=6e2d88265860 -((2*(3*b^2*e^5*g-(19*b*c*d*e^4*g)/2+7*c^2*d^2*e^3*g-(5*b*c*e^5*f)/2+5*c^2*d*e^4*f)*(-((2*(-((2*((sqrt(-2)*sqrt(b^2*e^4+4*c*e^2*(c*d^2-b*d*e))*(e*(2*b^2*d*e^6-8...
    #1 d=1 dl=1 seenp fb=false seenlen=0 seen=- out=1_2_1_3_r53 owner=- f=((e*x+d)^(7/2)*(g*x+f))/(-(c*e^2*x^2)-b*e^2*x-b*d*e+c*d^2)^(3/2)
    #2 d=2 dl=2 seenp fb=true seenlen=1 seen=- out=1_2_1_9b_r1 owner=1_2_1_3_r53:fired f=((e*x+d)^(3/2)*(((6*b^2*e^6-19*b*c*d*e^5+14*c^2*d^2*e^4)*g+(10*c^2*d*e^5-5*b*c*e^6)*f)*x+(6*b^2*d*e^5-19*b*c*d...
    #3 d=3 dl=3 seenp fb=true seenlen=2 seen=- out=1_2_1_9b_r32 owner=1_2_1_9b_r1:fired f=((3*b^2*e^5*g-(19*b*c*d*e^4*g)/2+7*c^2*d^2*e^3*g-(5*b*c*e^5*f)/2+5*c^2*d*e^4*f)*(e*x+d)^(5/2))/sqrt(-(c*e^2*x^...
    #4 d=4 dl=4 seenp fb=true seenlen=3 seen=- out=1_2_1_2_r117 owner=1_2_1_9b_r32:fired f=(e*x+d)^(5/2)/sqrt(-(c*e^2*x^2)-b*e^2*x-b*d*e+c*d^2)
    #5 d=5 dl=5 seenp fb=true seenlen=4 seen=- out=1_2_1_3_r56 owner=1_2_1_2_r117:fired f=(sqrt(e*x+d)*((2*b*e^4-4*c*d*e^3)*x+2*b*d*e^3-4*c*d^2*e^2))/sqrt(-(c*e^2*x^2)-b*e^2*x-b*d*e+c*d^2)
    #6 d=6 dl=6 seenp fb=true seenlen=5 seen=- out=1_2_1_3_r89 owner=1_2_1_3_r56:fired f=((2*b^2*e^7-8*b*c*d*e^6+8*c^2*d^2*e^5)*x+2*b^2*d*e^6-8*b*c*d^2*e^5+8*c^2*d^3*e^4)/(sqrt(e*x+d)*sqrt(-(c*e^2*x^...
    #7 d=7 dl=7 seenp fb=true seenlen=6 seen=- out=1_2_1_2_r93 owner=1_2_1_3_r89:fired f=sqrt(e*x+d)/sqrt(-(c*e^2*x^2)-b*e^2*x-b*d*e+c*d^2)
    #8 d=8 dl=8 seenp fb=true seenlen=7 seen=- out=1_1_2_3_r48 owner=1_2_1_2_r93:fired f=sqrt((2*e*sqrt(b^2*e^4+4*c*e^2*(c*d^2-b*d*e))*x^2)/(-(e*sqrt(b^2*e^4+4*c*e^2*(c*d^2-b*d*e)))+b*e^3-2*c*d*e^2)+...
    #9 d=7 dl=7 seenp fb=true seenlen=6 seen=- out=1_2_1_2_r93 owner=1_2_1_3_r89:fired f=1/(sqrt(e*x+d)*sqrt(-(c*e^2*x^2)-b*e^2*x-b*d*e+c*d^2))
    #10 d=8 dl=8 seenp fb=true seenlen=7 seen=- out=1_1_2_3_r42 owner=1_2_1_2_r93:fired f=1/(sqrt(1-x^2)*sqrt((2*e*sqrt(b^2*e^4+4*c*e^2*(c*d^2-b*d*e))*x^2)/(-(e*sqrt(b^2*e^4+4*c*e^2*(c*d^2-b*d*e)))+b*...
    #11 d=4 dl=4 seenp fb=true seenlen=3 seen=- out=9_1_r8 owner=1_2_1_9b_r32:fired f=0
  [p0] class=verified t=3.3s L2576 returned=yes t=3.330045 calls=4 ratsimp-hits=1 exact-hits=0 unexited=0 misfire/fault-lines=0 top=1_2_1_3_r53@pass2
    fires=1_2_1_9b_r5,1_2_1_9b_r1,1_2_1_3_r53
    answer sha1=5e7121433c79 -((2*(e*x+d)^(5/2)*((-(c*e^2*(-(b*d*e^2*g)+2*e*(c*d^2-b*d*e)*g-b*e^3*f))-b^2*e^5*g-2*c^2*d*e^4*f)*x+b*e^2*(e*(c*d^2-b*d*e)*g-c*d*e^2*f)-2*c*e^2*(c*d^2-b*d*e)*(d...
    #1 d=1 dl=1 p0-mr_top fb=false seenlen=0 seen=- out=1_2_1_3_r53@pass2 owner=- f=((e*x+d)^(7/2)*(g*x+f))/(-(c*e^2*x^2)-b*e^2*x-b*d*e+c*d^2)^(3/2)
    #2 d=2 dl=1 p0-mr_top fb=true seenlen=0 seen=- out=1_2_1_9b_r1@pass1 owner=1_2_1_3_r53:fired f=-(((e*x+d)^(3/2)*((d*e^5*(19*b*c*g-10*c^2*f)+e^6*(5*b*c*f-6*b^2*g)-14*c^2*d^2*e^4*g)*x+d^2*e^4*(19*b*c*g-10*c^...
    #3 d=3 dl=2 p0-mr_top fb=true seenlen=1 seen=- out=1_2_1_9b_r5@pass1 owner=1_2_1_9b_r1:fired f=((3*b^2*e^5*g-(19*b*c*d*e^4*g)/2+7*c^2*d^2*e^3*g-(5*b*c*e^5*f)/2+5*c^2*d*e^4*f)*(e*x+d)^(5/2))/sqrt(-(c*e^2*x^...
    #4 d=4 dl=3 p0-mr_top fb=true seenlen=2 seen=ratsimp@#3(idx1,live=yes) out=fall-through:seen-hit owner=1_2_1_9b_r5:fired f=(3*b^2*e^5*g*(e*x+d)^(5/2))/sqrt(-(c*e^2*x^2)-b*e^2*x-b*d*e+c*d^2)-(19*b*c*d*e^4*g*(e*x+d)^(5/2))/(2*sqrt(-(c*...
        matched elem=((3*b^2*e^5*g-(19*b*c*d*e^4*g)/2+7*c^2*d^2*e^3*g-(5*b*c*e^5*f)/2+5*c^2*d*e^4*f)*(e*x+d)^(5/2))/sqrt(-(c*e^2*x^...

--- c1 g45 1 Algebraic functions/1.2 Trinomial products/1.2.1 Quadratic/1.2.1.3 (d+e x)^m (f+g x) (a+b x+c x^2)^p.mac e2270 (eq)
  [trace] class=unverified t=26.3s L2577 returned=yes t=11.01615 calls=10 ratsimp-hits=0 exact-hits=0 unexited=0 misfire/fault-lines=0 top=1_2_1_3_r53
    fires=1_1_2_3_r48,1_2_1_2_r93,1_1_2_3_r42,1_2_1_2_r93,1_2_1_3_r89,1_2_1_2_r117,9_1_r8,1_2_1_9b_r32,1_2_1_9b_r1,1_2_1_3_r53
    answer sha1=108404afe5a3 -((2*(2*b^2*e^5*g-(13*b*c*d*e^4*g)/2+5*c^2*d^2*e^3*g-(3*b*c*e^5*f)/2+3*c^2*d*e^4*f)*(-((2*((sqrt(-2)*sqrt(b^2*e^4+4*c*e^2*(c*d^2-b*d*e))*(e*(b*d*e^3-2*c*d^2*e^2...
    #1 d=1 dl=1 seenp fb=false seenlen=0 seen=- out=1_2_1_3_r53 owner=- f=((e*x+d)^(5/2)*(g*x+f))/(-(c*e^2*x^2)-b*e^2*x-b*d*e+c*d^2)^(3/2)
    #2 d=2 dl=2 seenp fb=true seenlen=1 seen=- out=1_2_1_9b_r1 owner=1_2_1_3_r53:fired f=(sqrt(e*x+d)*(((4*b^2*e^6-13*b*c*d*e^5+10*c^2*d^2*e^4)*g+(6*c^2*d*e^5-3*b*c*e^6)*f)*x+(4*b^2*d*e^5-13*b*c*d^2*...
    #3 d=3 dl=3 seenp fb=true seenlen=2 seen=- out=1_2_1_9b_r32 owner=1_2_1_9b_r1:fired f=((2*b^2*e^5*g-(13*b*c*d*e^4*g)/2+5*c^2*d^2*e^3*g-(3*b*c*e^5*f)/2+3*c^2*d*e^4*f)*(e*x+d)^(3/2))/sqrt(-(c*e^2*x^...
    #4 d=4 dl=4 seenp fb=true seenlen=3 seen=- out=1_2_1_2_r117 owner=1_2_1_9b_r32:fired f=(e*x+d)^(3/2)/sqrt(-(c*e^2*x^2)-b*e^2*x-b*d*e+c*d^2)
    #5 d=5 dl=5 seenp fb=true seenlen=4 seen=- out=1_2_1_3_r89 owner=1_2_1_2_r117:fired f=((b*e^4-2*c*d*e^3)*x+b*d*e^3-2*c*d^2*e^2)/(sqrt(e*x+d)*sqrt(-(c*e^2*x^2)-b*e^2*x-b*d*e+c*d^2))
    #6 d=6 dl=6 seenp fb=true seenlen=5 seen=- out=1_2_1_2_r93 owner=1_2_1_3_r89:fired f=sqrt(e*x+d)/sqrt(-(c*e^2*x^2)-b*e^2*x-b*d*e+c*d^2)
    #7 d=7 dl=7 seenp fb=true seenlen=6 seen=- out=1_1_2_3_r48 owner=1_2_1_2_r93:fired f=sqrt((2*e*sqrt(b^2*e^4+4*c*e^2*(c*d^2-b*d*e))*x^2)/(-(e*sqrt(b^2*e^4+4*c*e^2*(c*d^2-b*d*e)))+b*e^3-2*c*d*e^2)+...
    #8 d=6 dl=6 seenp fb=true seenlen=5 seen=- out=1_2_1_2_r93 owner=1_2_1_3_r89:fired f=1/(sqrt(e*x+d)*sqrt(-(c*e^2*x^2)-b*e^2*x-b*d*e+c*d^2))
    #9 d=7 dl=7 seenp fb=true seenlen=6 seen=- out=1_1_2_3_r42 owner=1_2_1_2_r93:fired f=1/(sqrt(1-x^2)*sqrt((2*e*sqrt(b^2*e^4+4*c*e^2*(c*d^2-b*d*e))*x^2)/(-(e*sqrt(b^2*e^4+4*c*e^2*(c*d^2-b*d*e)))+b*...
    #10 d=4 dl=4 seenp fb=true seenlen=3 seen=- out=9_1_r8 owner=1_2_1_9b_r32:fired f=0
  [exact-only] class=unverified t=25.9s L2577 returned=yes t=10.97815 calls=10 ratsimp-hits=0 exact-hits=0 unexited=0 misfire/fault-lines=0 top=1_2_1_3_r53
    fires=1_1_2_3_r48,1_2_1_2_r93,1_1_2_3_r42,1_2_1_2_r93,1_2_1_3_r89,1_2_1_2_r117,9_1_r8,1_2_1_9b_r32,1_2_1_9b_r1,1_2_1_3_r53
    answer sha1=108404afe5a3 -((2*(2*b^2*e^5*g-(13*b*c*d*e^4*g)/2+5*c^2*d^2*e^3*g-(3*b*c*e^5*f)/2+3*c^2*d*e^4*f)*(-((2*((sqrt(-2)*sqrt(b^2*e^4+4*c*e^2*(c*d^2-b*d*e))*(e*(b*d*e^3-2*c*d^2*e^2...
    #1 d=1 dl=1 seenp fb=false seenlen=0 seen=- out=1_2_1_3_r53 owner=- f=((e*x+d)^(5/2)*(g*x+f))/(-(c*e^2*x^2)-b*e^2*x-b*d*e+c*d^2)^(3/2)
    #2 d=2 dl=2 seenp fb=true seenlen=1 seen=- out=1_2_1_9b_r1 owner=1_2_1_3_r53:fired f=(sqrt(e*x+d)*(((4*b^2*e^6-13*b*c*d*e^5+10*c^2*d^2*e^4)*g+(6*c^2*d*e^5-3*b*c*e^6)*f)*x+(4*b^2*d*e^5-13*b*c*d^2*...
    #3 d=3 dl=3 seenp fb=true seenlen=2 seen=- out=1_2_1_9b_r32 owner=1_2_1_9b_r1:fired f=((2*b^2*e^5*g-(13*b*c*d*e^4*g)/2+5*c^2*d^2*e^3*g-(3*b*c*e^5*f)/2+3*c^2*d*e^4*f)*(e*x+d)^(3/2))/sqrt(-(c*e^2*x^...
    #4 d=4 dl=4 seenp fb=true seenlen=3 seen=- out=1_2_1_2_r117 owner=1_2_1_9b_r32:fired f=(e*x+d)^(3/2)/sqrt(-(c*e^2*x^2)-b*e^2*x-b*d*e+c*d^2)
    #5 d=5 dl=5 seenp fb=true seenlen=4 seen=- out=1_2_1_3_r89 owner=1_2_1_2_r117:fired f=((b*e^4-2*c*d*e^3)*x+b*d*e^3-2*c*d^2*e^2)/(sqrt(e*x+d)*sqrt(-(c*e^2*x^2)-b*e^2*x-b*d*e+c*d^2))
    #6 d=6 dl=6 seenp fb=true seenlen=5 seen=- out=1_2_1_2_r93 owner=1_2_1_3_r89:fired f=sqrt(e*x+d)/sqrt(-(c*e^2*x^2)-b*e^2*x-b*d*e+c*d^2)
    #7 d=7 dl=7 seenp fb=true seenlen=6 seen=- out=1_1_2_3_r48 owner=1_2_1_2_r93:fired f=sqrt((2*e*sqrt(b^2*e^4+4*c*e^2*(c*d^2-b*d*e))*x^2)/(-(e*sqrt(b^2*e^4+4*c*e^2*(c*d^2-b*d*e)))+b*e^3-2*c*d*e^2)+...
    #8 d=6 dl=6 seenp fb=true seenlen=5 seen=- out=1_2_1_2_r93 owner=1_2_1_3_r89:fired f=1/(sqrt(e*x+d)*sqrt(-(c*e^2*x^2)-b*e^2*x-b*d*e+c*d^2))
    #9 d=7 dl=7 seenp fb=true seenlen=6 seen=- out=1_1_2_3_r42 owner=1_2_1_2_r93:fired f=1/(sqrt(1-x^2)*sqrt((2*e*sqrt(b^2*e^4+4*c*e^2*(c*d^2-b*d*e))*x^2)/(-(e*sqrt(b^2*e^4+4*c*e^2*(c*d^2-b*d*e)))+b*...
    #10 d=4 dl=4 seenp fb=true seenlen=3 seen=- out=9_1_r8 owner=1_2_1_9b_r32:fired f=0
  [p0] class=verified t=3.5s L2577 returned=yes t=3.519048 calls=4 ratsimp-hits=1 exact-hits=0 unexited=0 misfire/fault-lines=0 top=1_2_1_3_r53@pass2
    fires=1_2_1_9b_r5,1_2_1_9b_r1,1_2_1_3_r53
    answer sha1=3778196965e3 -((2*(e*x+d)^(3/2)*((-(c*e^2*(-(b*d*e^2*g)+2*e*(c*d^2-b*d*e)*g-b*e^3*f))-b^2*e^5*g-2*c^2*d*e^4*f)*x+b*e^2*(e*(c*d^2-b*d*e)*g-c*d*e^2*f)-2*c*e^2*(c*d^2-b*d*e)*(d...
    #1 d=1 dl=1 p0-mr_top fb=false seenlen=0 seen=- out=1_2_1_3_r53@pass2 owner=- f=((e*x+d)^(5/2)*(g*x+f))/(-(c*e^2*x^2)-b*e^2*x-b*d*e+c*d^2)^(3/2)
    #2 d=2 dl=1 p0-mr_top fb=true seenlen=0 seen=- out=1_2_1_9b_r1@pass1 owner=1_2_1_3_r53:fired f=-((sqrt(e*x+d)*((d*e^5*(13*b*c*g-6*c^2*f)+e^6*(3*b*c*f-4*b^2*g)-10*c^2*d^2*e^4*g)*x+d^2*e^4*(13*b*c*g-6*c^2*f)...
    #3 d=3 dl=2 p0-mr_top fb=true seenlen=1 seen=- out=1_2_1_9b_r5@pass1 owner=1_2_1_9b_r1:fired f=((2*b^2*e^5*g-(13*b*c*d*e^4*g)/2+5*c^2*d^2*e^3*g-(3*b*c*e^5*f)/2+3*c^2*d*e^4*f)*(e*x+d)^(3/2))/sqrt(-(c*e^2*x^...
    #4 d=4 dl=3 p0-mr_top fb=true seenlen=2 seen=ratsimp@#3(idx1,live=yes) out=fall-through:seen-hit owner=1_2_1_9b_r5:fired f=(2*b^2*e^5*g*(e*x+d)^(3/2))/sqrt(-(c*e^2*x^2)-b*e^2*x-b*d*e+c*d^2)-(13*b*c*d*e^4*g*(e*x+d)^(3/2))/(2*sqrt(-(c*...
        matched elem=((2*b^2*e^5*g-(13*b*c*d*e^4*g)/2+5*c^2*d^2*e^3*g-(3*b*c*e^5*f)/2+3*c^2*d*e^4*f)*(e*x+d)^(3/2))/sqrt(-(c*e^2*x^...

--- c1 g45 1 Algebraic functions/1.2 Trinomial products/1.2.1 Quadratic/1.2.1.3 (d+e x)^m (f+g x) (a+b x+c x^2)^p.mac e2271 (eq)
  [trace] class=unverified t=25.4s L2578 returned=yes t=6.031083 calls=6 ratsimp-hits=0 exact-hits=0 unexited=0 misfire/fault-lines=0 top=1_2_1_3_r53
    fires=1_1_2_3_r48,1_2_1_2_r93,9_1_r8,1_2_1_9b_r32,1_4_1_r18,1_2_1_3_r53
    answer sha1=059b0e6d5b50 (4*(b^2*e^5*g-(7*b*c*d*e^4*g)/2+3*c^2*d^2*e^3*g-(b*c*e^5*f)/2+c^2*d*e^4*f)*sqrt(e*x+d)*sqrt((c*e^2*(-(c*e^2*x^2)-b*e^2*x-b*d*e+c*d^2))/(b^2*e^4+4*c*e^2*(c*d^2-b...
    #1 d=1 dl=1 seenp fb=false seenlen=0 seen=- out=1_2_1_3_r53 owner=- f=((e*x+d)^(3/2)*(g*x+f))/(-(c*e^2*x^2)-b*e^2*x-b*d*e+c*d^2)^(3/2)
    #2 d=2 dl=2 seenp fb=true seenlen=1 seen=- out=1_4_1_r18 owner=1_2_1_3_r53:fired f=(((2*b^2*e^6-7*b*c*d*e^5+6*c^2*d^2*e^4)*g+(2*c^2*d*e^5-b*c*e^6)*f)*x+(2*b^2*d*e^5-7*b*c*d^2*e^4+6*c^2*d^3*e^3)...
    #3 d=3 dl=3 seenp fb=true seenlen=2 seen=- out=1_2_1_9b_r32 owner=1_4_1_r18:fired f=((2*b^2*e^5*g-7*b*c*d*e^4*g+6*c^2*d^2*e^3*g-b*c*e^5*f+2*c^2*d*e^4*f)*sqrt(e*x+d))/(2*sqrt(-(c*e^2*x^2)-b*e^2*x...
    #4 d=4 dl=4 seenp fb=true seenlen=3 seen=- out=1_2_1_2_r93 owner=1_2_1_9b_r32:fired f=sqrt(e*x+d)/sqrt(-(c*e^2*x^2)-b*e^2*x-b*d*e+c*d^2)
    #5 d=5 dl=5 seenp fb=true seenlen=4 seen=- out=1_1_2_3_r48 owner=1_2_1_2_r93:fired f=sqrt((2*e*sqrt(b^2*e^4+4*c*e^2*(c*d^2-b*d*e))*x^2)/(-(e*sqrt(b^2*e^4+4*c*e^2*(c*d^2-b*d*e)))+b*e^3-2*c*d*e^2)+...
    #6 d=4 dl=4 seenp fb=true seenlen=3 seen=- out=9_1_r8 owner=1_2_1_9b_r32:fired f=0
  [exact-only] class=unverified t=25.2s L2578 returned=yes t=6.014082 calls=6 ratsimp-hits=0 exact-hits=0 unexited=0 misfire/fault-lines=0 top=1_2_1_3_r53
    fires=1_1_2_3_r48,1_2_1_2_r93,9_1_r8,1_2_1_9b_r32,1_4_1_r18,1_2_1_3_r53
    answer sha1=059b0e6d5b50 (4*(b^2*e^5*g-(7*b*c*d*e^4*g)/2+3*c^2*d^2*e^3*g-(b*c*e^5*f)/2+c^2*d*e^4*f)*sqrt(e*x+d)*sqrt((c*e^2*(-(c*e^2*x^2)-b*e^2*x-b*d*e+c*d^2))/(b^2*e^4+4*c*e^2*(c*d^2-b...
    #1 d=1 dl=1 seenp fb=false seenlen=0 seen=- out=1_2_1_3_r53 owner=- f=((e*x+d)^(3/2)*(g*x+f))/(-(c*e^2*x^2)-b*e^2*x-b*d*e+c*d^2)^(3/2)
    #2 d=2 dl=2 seenp fb=true seenlen=1 seen=- out=1_4_1_r18 owner=1_2_1_3_r53:fired f=(((2*b^2*e^6-7*b*c*d*e^5+6*c^2*d^2*e^4)*g+(2*c^2*d*e^5-b*c*e^6)*f)*x+(2*b^2*d*e^5-7*b*c*d^2*e^4+6*c^2*d^3*e^3)...
    #3 d=3 dl=3 seenp fb=true seenlen=2 seen=- out=1_2_1_9b_r32 owner=1_4_1_r18:fired f=((2*b^2*e^5*g-7*b*c*d*e^4*g+6*c^2*d^2*e^3*g-b*c*e^5*f+2*c^2*d*e^4*f)*sqrt(e*x+d))/(2*sqrt(-(c*e^2*x^2)-b*e^2*x...
    #4 d=4 dl=4 seenp fb=true seenlen=3 seen=- out=1_2_1_2_r93 owner=1_2_1_9b_r32:fired f=sqrt(e*x+d)/sqrt(-(c*e^2*x^2)-b*e^2*x-b*d*e+c*d^2)
    #5 d=5 dl=5 seenp fb=true seenlen=4 seen=- out=1_1_2_3_r48 owner=1_2_1_2_r93:fired f=sqrt((2*e*sqrt(b^2*e^4+4*c*e^2*(c*d^2-b*d*e))*x^2)/(-(e*sqrt(b^2*e^4+4*c*e^2*(c*d^2-b*d*e)))+b*e^3-2*c*d*e^2)+...
    #6 d=4 dl=4 seenp fb=true seenlen=3 seen=- out=9_1_r8 owner=1_2_1_9b_r32:fired f=0
  [p0] class=verified t=3.4s L2578 returned=yes t=3.333045 calls=4 ratsimp-hits=1 exact-hits=0 unexited=0 misfire/fault-lines=0 top=1_2_1_3_r53@pass2
    fires=1_2_1_9b_r5,1_2_1_9b_r1,1_2_1_3_r53
    answer sha1=435cedbc4984 -((2*sqrt(e*x+d)*((-(c*e^2*(-(b*d*e^2*g)+2*e*(c*d^2-b*d*e)*g-b*e^3*f))-b^2*e^5*g-2*c^2*d*e^4*f)*x+b*e^2*(e*(c*d^2-b*d*e)*g-c*d*e^2*f)-2*c*e^2*(c*d^2-b*d*e)*(d*g...
    #1 d=1 dl=1 p0-mr_top fb=false seenlen=0 seen=- out=1_2_1_3_r53@pass2 owner=- f=((e*x+d)^(3/2)*(g*x+f))/(-(c*e^2*x^2)-b*e^2*x-b*d*e+c*d^2)^(3/2)
    #2 d=2 dl=1 p0-mr_top fb=true seenlen=0 seen=- out=1_2_1_9b_r1@pass1 owner=1_2_1_3_r53:fired f=-(((d*e^5*(7*b*c*g-2*c^2*f)+e^6*(b*c*f-2*b^2*g)-6*c^2*d^2*e^4*g)*x+d^2*e^4*(7*b*c*g-2*c^2*f)+d*e^5*(b*c*f-2*b^...
    #3 d=3 dl=2 p0-mr_top fb=true seenlen=1 seen=- out=1_2_1_9b_r5@pass1 owner=1_2_1_9b_r1:fired f=((b^2*e^5*g-(7*b*c*d*e^4*g)/2+3*c^2*d^2*e^3*g-(b*c*e^5*f)/2+c^2*d*e^4*f)*sqrt(e*x+d))/sqrt(-(c*e^2*x^2)-b*e^2*...
    #4 d=4 dl=3 p0-mr_top fb=true seenlen=2 seen=ratsimp@#3(idx1,live=yes) out=fall-through:seen-hit owner=1_2_1_9b_r5:fired f=(b^2*e^5*g*sqrt(e*x+d))/sqrt(-(c*e^2*x^2)-b*e^2*x-b*d*e+c*d^2)-(7*b*c*d*e^4*g*sqrt(e*x+d))/(2*sqrt(-(c*e^2*x^2...
        matched elem=((b^2*e^5*g-(7*b*c*d*e^4*g)/2+3*c^2*d^2*e^3*g-(b*c*e^5*f)/2+c^2*d*e^4*f)*sqrt(e*x+d))/sqrt(-(c*e^2*x^2)-b*e^2*...

--- c1 g47 1 Algebraic functions/1.2 Trinomial products/1.2.1 Quadratic/1.2.1.4 (d+e x)^m (f+g x)^n (a+b x+c x^2)^p.mac e267 (eq)
  [trace] class=deferred t=0.3s L338 returned=yes t=0.283004 calls=2 ratsimp-hits=1 exact-hits=0 unexited=0 misfire/fault-lines=0 top=1_1_2_8_r68
    fires=1_1_2_8_r68
    answer sha1=c2847c15799e 'integrate(x^4*(d-e*x)*(d^2-e^2*x^2)^(p-1),x)
    #1 d=1 dl=1 seenp fb=false seenlen=0 seen=- out=1_1_2_8_r68 owner=- f=(x^4*(d^2-e^2*x^2)^p)/(e*x+d)
    #2 d=2 dl=2 seenp fb=true seenlen=1 seen=ratsimp@#1(idx1,live=yes) out=fall-through:seen-hit owner=1_1_2_8_r68:fired f=x^4*(d-e*x)*(d^2-e^2*x^2)^(p-1)
        matched elem=(x^4*(d^2-e^2*x^2)^p)/(e*x+d)
  [exact-only] class=verified t=1.1s L338 returned=yes t=1.103015 calls=9 ratsimp-hits=0 exact-hits=1 unexited=0 misfire/fault-lines=0 top=1_1_2_8_r68
    fires=1_1_3_7_r45,1_4_1_r20,1_4_1_r20,1_4_1_r7,1_1_1_2_r12,1_1_2_2_r4,1_1_2_8_r27,1_1_2_8_r68
    answer sha1=064d8cc728a0 d*'integrate(x^4*(d^2-e^2*x^2)^(p-1),x)+(e^4*(p^2+p)*x^4*(d^2-e^2*x^2)^p+2*d^2*e^2*p*x^2*(d^2-e^2*x^2)^p+2*d^4*(d^2-e^2*x^2)^p)/(2*e^5*(p^3+3*p^2+2*p))
    #1 d=1 dl=1 seenp fb=false seenlen=0 seen=- out=1_1_2_8_r68 owner=- f=(x^4*(d^2-e^2*x^2)^p)/(e*x+d)
    #2 d=2 dl=2 seenp fb=true seenlen=1 seen=- out=1_1_2_8_r27 owner=1_1_2_8_r68:fired f=x^4*(d-e*x)*(d^2-e^2*x^2)^(p-1)
    #3 d=3 dl=3 seenp fb=true seenlen=2 seen=- out=1_1_3_7_r45 owner=1_1_2_8_r27:fired f=x^4*(d^2-e^2*x^2)^(p-1)
    #4 d=4 dl=4 seenp fb=true seenlen=3 seen=exact@#3(idx1,live=yes) out=fall-through:seen-hit owner=1_1_3_7_r45:fired f=x^4*(d^2-e^2*x^2)^(p-1)
        matched elem=x^4*(d^2-e^2*x^2)^(p-1)
    #5 d=3 dl=3 seenp fb=true seenlen=2 seen=- out=1_1_2_2_r4 owner=1_1_2_8_r27:fired f=x^5*(d^2-e^2*x^2)^(p-1)
    #6 d=4 dl=4 seenp fb=true seenlen=3 seen=- out=1_1_1_2_r12 owner=1_1_2_2_r4:fired f=x^2*(d^2-e^2*x)^(p-1)
    #7 d=5 dl=5 seenp fb=true seenlen=4 seen=- out=1_4_1_r7 owner=1_1_1_2_r12:fired f=(d^2-e^2*x)^(p+1)/e^4-(2*d^2*(d^2-e^2*x)^p)/e^4+(d^4*(d^2-e^2*x)^(p-1))/e^4
    #8 d=6 dl=6 seenp fb=true seenlen=5 seen=- out=1_4_1_r20 owner=1_4_1_r7:fired f=(d^2-e^2*x)^(p+1)/e^4
    #9 d=6 dl=6 seenp fb=true seenlen=5 seen=- out=1_4_1_r20 owner=1_4_1_r7:fired f=(d^4*(d^2-e^2*x)^(p-1))/e^4
  [p0] class=verified t=0.6s L338 returned=yes t=0.576007 calls=5 ratsimp-hits=0 exact-hits=1 unexited=0 misfire/fault-lines=0 top=1_1_2_8_r106@pass1
    fires=1_4_2_r6,1_1_1_2_r37,1_1_2_2_r4,1_1_2_8_r106
    answer sha1=064d8cc728a0 d*'integrate(x^4*(d^2-e^2*x^2)^(p-1),x)+(e^4*(p^2+p)*x^4*(d^2-e^2*x^2)^p+2*d^2*e^2*p*x^2*(d^2-e^2*x^2)^p+2*d^4*(d^2-e^2*x^2)^p)/(2*e^5*(p^3+3*p^2+2*p))
    #1 d=1 dl=1 p0-mr_top fb=false seenlen=0 seen=- out=1_1_2_8_r106@pass1 owner=- f=(x^4*(d^2-e^2*x^2)^p)/(e*x+d)
    #2 d=2 dl=2 p0-mr_top fb=true seenlen=1 seen=- out=1_4_2_r6@pass1 owner=1_1_2_8_r106:fired f=x^4*(d^2-e^2*x^2)^(p-1)
    #3 d=3 dl=3 p0-mr_top fb=true seenlen=2 seen=exact@#2(idx1,live=yes) out=fall-through:seen-hit owner=1_4_2_r6:fired f=x^4*(d^2-e^2*x^2)^(p-1)
        matched elem=x^4*(d^2-e^2*x^2)^(p-1)
    #4 d=2 dl=2 p0-mr_top fb=true seenlen=1 seen=- out=1_1_2_2_r4@pass1 owner=1_1_2_8_r106:fired f=x^5*(d^2-e^2*x^2)^(p-1)
    #5 d=3 dl=3 p0-mr_top fb=true seenlen=2 seen=- out=1_1_1_2_r37@pass1 owner=1_1_2_2_r4:fired f=x^2*(d^2-e^2*x)^(p-1)

--- c1 g47 1 Algebraic functions/1.2 Trinomial products/1.2.1 Quadratic/1.2.1.4 (d+e x)^m (f+g x)^n (a+b x+c x^2)^p.mac e269 (eq)
  [trace] class=deferred t=0.3s L340 returned=yes t=0.290005 calls=2 ratsimp-hits=1 exact-hits=0 unexited=0 misfire/fault-lines=0 top=1_1_2_8_r68
    fires=1_1_2_8_r68
    answer sha1=dc8496dd8bfe 'integrate(x^2*(d-e*x)*(d^2-e^2*x^2)^(p-1),x)
    #1 d=1 dl=1 seenp fb=false seenlen=0 seen=- out=1_1_2_8_r68 owner=- f=(x^2*(d^2-e^2*x^2)^p)/(e*x+d)
    #2 d=2 dl=2 seenp fb=true seenlen=1 seen=ratsimp@#1(idx1,live=yes) out=fall-through:seen-hit owner=1_1_2_8_r68:fired f=x^2*(d-e*x)*(d^2-e^2*x^2)^(p-1)
        matched elem=(x^2*(d^2-e^2*x^2)^p)/(e*x+d)
  [exact-only] class=verified t=1.1s L340 returned=yes t=1.057014 calls=8 ratsimp-hits=0 exact-hits=1 unexited=0 misfire/fault-lines=0 top=1_1_2_8_r68
    fires=1_1_3_7_r45,1_4_1_r20,1_4_1_r7,1_1_1_2_r12,1_1_2_2_r4,1_1_2_8_r27,1_1_2_8_r68
    answer sha1=d2894c0770b7 d*'integrate(x^2*(d^2-e^2*x^2)^(p-1),x)+(e^2*p*x^2*(d^2-e^2*x^2)^p+d^2*(d^2-e^2*x^2)^p)/(2*e^3*(p^2+p))
    #1 d=1 dl=1 seenp fb=false seenlen=0 seen=- out=1_1_2_8_r68 owner=- f=(x^2*(d^2-e^2*x^2)^p)/(e*x+d)
    #2 d=2 dl=2 seenp fb=true seenlen=1 seen=- out=1_1_2_8_r27 owner=1_1_2_8_r68:fired f=x^2*(d-e*x)*(d^2-e^2*x^2)^(p-1)
    #3 d=3 dl=3 seenp fb=true seenlen=2 seen=- out=1_1_3_7_r45 owner=1_1_2_8_r27:fired f=x^2*(d^2-e^2*x^2)^(p-1)
    #4 d=4 dl=4 seenp fb=true seenlen=3 seen=exact@#3(idx1,live=yes) out=fall-through:seen-hit owner=1_1_3_7_r45:fired f=x^2*(d^2-e^2*x^2)^(p-1)
        matched elem=x^2*(d^2-e^2*x^2)^(p-1)
    #5 d=3 dl=3 seenp fb=true seenlen=2 seen=- out=1_1_2_2_r4 owner=1_1_2_8_r27:fired f=x^3*(d^2-e^2*x^2)^(p-1)
    #6 d=4 dl=4 seenp fb=true seenlen=3 seen=- out=1_1_1_2_r12 owner=1_1_2_2_r4:fired f=x*(d^2-e^2*x)^(p-1)
    #7 d=5 dl=5 seenp fb=true seenlen=4 seen=- out=1_4_1_r7 owner=1_1_1_2_r12:fired f=(d^2*(d^2-e^2*x)^(p-1))/e^2-(d^2-e^2*x)^p/e^2
    #8 d=6 dl=6 seenp fb=true seenlen=5 seen=- out=1_4_1_r20 owner=1_4_1_r7:fired f=(d^2*(d^2-e^2*x)^(p-1))/e^2
  [p0] class=verified t=1.5s L340 returned=yes t=1.472021 calls=5 ratsimp-hits=0 exact-hits=1 unexited=0 misfire/fault-lines=0 top=1_1_2_8_r106@pass1
    fires=1_4_2_r6,1_1_2_2_r4,1_1_2_8_r106
    answer sha1=cc78de620243 d*'integrate(x^2*(d^2-e^2*x^2)^(p-1),x)+(%e^(p*log(d^2-e^2*x^2))*e^2*p*x^2+%e^(p*log(d^2-e^2*x^2))*d^2)/(2*e^3*(p^2+p))
    #1 d=1 dl=1 p0-mr_top fb=false seenlen=0 seen=- out=1_1_2_8_r106@pass1 owner=- f=(x^2*(d^2-e^2*x^2)^p)/(e*x+d)
    #2 d=2 dl=2 p0-mr_top fb=true seenlen=1 seen=- out=1_4_2_r6@pass1 owner=1_1_2_8_r106:fired f=x^2*(d^2-e^2*x^2)^(p-1)
    #3 d=3 dl=3 p0-mr_top fb=true seenlen=2 seen=exact@#2(idx1,live=yes) out=fall-through:seen-hit owner=1_4_2_r6:fired f=x^2*(d^2-e^2*x^2)^(p-1)
        matched elem=x^2*(d^2-e^2*x^2)^(p-1)
    #4 d=2 dl=2 p0-mr_top fb=true seenlen=1 seen=- out=1_1_2_2_r4@pass1 owner=1_1_2_8_r106:fired f=x^3*(d^2-e^2*x^2)^(p-1)
    #5 d=3 dl=3 p0-mr_top fb=true seenlen=2 seen=- out=fall-through:nofire owner=1_1_2_2_r4:fired f=x*(d^2-e^2*x)^(p-1)

--- c1 g47 1 Algebraic functions/1.2 Trinomial products/1.2.1 Quadratic/1.2.1.4 (d+e x)^m (f+g x)^n (a+b x+c x^2)^p.mac e272 (eq)
  [trace] class=deferred t=0.3s L343 returned=yes t=0.275003 calls=2 ratsimp-hits=1 exact-hits=0 unexited=0 misfire/fault-lines=0 top=1_1_2_8_r68
    fires=1_1_2_8_r68
    answer sha1=900ac0aff40d 'integrate(((d-e*x)*(d^2-e^2*x^2)^(p-1))/x,x)
    #1 d=1 dl=1 seenp fb=false seenlen=0 seen=- out=1_1_2_8_r68 owner=- f=(d^2-e^2*x^2)^p/(x*(e*x+d))
    #2 d=2 dl=2 seenp fb=true seenlen=1 seen=ratsimp@#1(idx1,live=yes) out=fall-through:seen-hit owner=1_1_2_8_r68:fired f=((d-e*x)*(d^2-e^2*x^2)^(p-1))/x
        matched elem=(d^2-e^2*x^2)^p/(x*(e*x+d))
  [exact-only] class=verified t=0.6s L343 returned=yes t=0.545007 calls=5 ratsimp-hits=0 exact-hits=0 unexited=0 misfire/fault-lines=0 top=1_1_2_8_r68
    fires=1_1_1_2_r34,1_1_2_2_r4,1_1_2_8_r27,1_1_2_8_r68
    answer sha1=7d7b139511b8 -(e*'integrate((d^2-e^2*x^2)^(p-1),x))-(hypergeometric([1,p],[p+1],-((e^2*x^2-d^2)/d^2))*(d^2-e^2*x^2)^p)/(2*d*p)
    #1 d=1 dl=1 seenp fb=false seenlen=0 seen=- out=1_1_2_8_r68 owner=- f=(d^2-e^2*x^2)^p/(x*(e*x+d))
    #2 d=2 dl=2 seenp fb=true seenlen=1 seen=- out=1_1_2_8_r27 owner=1_1_2_8_r68:fired f=((d-e*x)*(d^2-e^2*x^2)^(p-1))/x
    #3 d=3 dl=3 seenp fb=true seenlen=2 seen=- out=1_1_2_2_r4 owner=1_1_2_8_r27:fired f=(d^2-e^2*x^2)^(p-1)/x
    #4 d=4 dl=4 seenp fb=true seenlen=3 seen=- out=1_1_1_2_r34 owner=1_1_2_2_r4:fired f=(d^2-e^2*x)^(p-1)/x
    #5 d=3 dl=3 seenp fb=true seenlen=2 seen=- out=fall-through:nofire owner=1_1_2_8_r27:fired f=(d^2-e^2*x^2)^(p-1)
  [p0] class=verified t=0.3s L343 returned=yes t=0.246003 calls=4 ratsimp-hits=0 exact-hits=0 unexited=0 misfire/fault-lines=0 top=1_1_2_8_r106@pass1
    fires=1_1_1_2_r37,1_1_2_2_r4,1_2_1_1_r18,1_1_2_8_r106
    answer sha1=1158ef2e25a5 (4^p*hypergeometric([1-p,p],[p+1],(2*d*e-2*e^2*x)/(4*d*e))*(d^2-e^2*x^2)^p)/(2*d*p*((2*e^2*x+2*d*e)/(d*e))^p)-(hypergeometric([1,p],[p+1],-((e^2*x^2-d^2)/d^2))*...
    #1 d=1 dl=1 p0-mr_top fb=false seenlen=0 seen=- out=1_1_2_8_r106@pass1 owner=- f=(d^2-e^2*x^2)^p/(x*(e*x+d))
    #2 d=2 dl=2 p0-mr_top fb=true seenlen=1 seen=- out=1_1_2_2_r4@pass1 owner=1_1_2_8_r106:fired f=(d^2-e^2*x^2)^(p-1)/x
    #3 d=3 dl=3 p0-mr_top fb=true seenlen=2 seen=- out=1_1_1_2_r37@pass1 owner=1_1_2_2_r4:fired f=(d^2-e^2*x)^(p-1)/x
    #4 d=2 dl=2 p0-mr_top fb=true seenlen=1 seen=- out=1_2_1_1_r18@pass1 owner=1_1_2_8_r106:fired f=(d^2-e^2*x^2)^(p-1)

--- c1 g47 1 Algebraic functions/1.2 Trinomial products/1.2.1 Quadratic/1.2.1.4 (d+e x)^m (f+g x)^n (a+b x+c x^2)^p.mac e273 (eq)
  [trace] class=deferred t=0.3s L344 returned=yes t=0.275004 calls=2 ratsimp-hits=1 exact-hits=0 unexited=0 misfire/fault-lines=0 top=1_1_2_8_r68
    fires=1_1_2_8_r68
    answer sha1=67255d93b632 'integrate(((d-e*x)*(d^2-e^2*x^2)^(p-1))/x^2,x)
    #1 d=1 dl=1 seenp fb=false seenlen=0 seen=- out=1_1_2_8_r68 owner=- f=(d^2-e^2*x^2)^p/(x^2*(e*x+d))
    #2 d=2 dl=2 seenp fb=true seenlen=1 seen=ratsimp@#1(idx1,live=yes) out=fall-through:seen-hit owner=1_1_2_8_r68:fired f=((d-e*x)*(d^2-e^2*x^2)^(p-1))/x^2
        matched elem=(d^2-e^2*x^2)^p/(x^2*(e*x+d))
  [exact-only] class=verified t=1.0s L344 returned=yes t=0.988014 calls=5 ratsimp-hits=0 exact-hits=0 unexited=0 misfire/fault-lines=0 top=1_1_2_8_r68
    fires=1_1_1_2_r34,1_1_2_2_r4,1_1_2_8_r27,1_1_2_8_r68
    answer sha1=53d0d79b8f85 d*'integrate((d^2-e^2*x^2)^(p-1)/x^2,x)+(hypergeometric([1,p],[p+1],-((e^2*x^2-d^2)/d^2))*e*(d^2-e^2*x^2)^p)/(2*d^2*p)
    #1 d=1 dl=1 seenp fb=false seenlen=0 seen=- out=1_1_2_8_r68 owner=- f=(d^2-e^2*x^2)^p/(x^2*(e*x+d))
    #2 d=2 dl=2 seenp fb=true seenlen=1 seen=- out=1_1_2_8_r27 owner=1_1_2_8_r68:fired f=((d-e*x)*(d^2-e^2*x^2)^(p-1))/x^2
    #3 d=3 dl=3 seenp fb=true seenlen=2 seen=- out=fall-through:nofire owner=1_1_2_8_r27:fired f=(d^2-e^2*x^2)^(p-1)/x^2
    #4 d=3 dl=3 seenp fb=true seenlen=2 seen=- out=1_1_2_2_r4 owner=1_1_2_8_r27:fired f=(d^2-e^2*x^2)^(p-1)/x
    #5 d=4 dl=4 seenp fb=true seenlen=3 seen=- out=1_1_1_2_r34 owner=1_1_2_2_r4:fired f=(d^2-e^2*x)^(p-1)/x
  [p0] class=verified t=0.6s L344 returned=yes t=0.572007 calls=5 ratsimp-hits=0 exact-hits=1 unexited=0 misfire/fault-lines=0 top=1_1_2_8_r106@pass1
    fires=1_4_2_r6,1_1_1_2_r37,1_1_2_2_r4,1_1_2_8_r106
    answer sha1=53d0d79b8f85 d*'integrate((d^2-e^2*x^2)^(p-1)/x^2,x)+(hypergeometric([1,p],[p+1],-((e^2*x^2-d^2)/d^2))*e*(d^2-e^2*x^2)^p)/(2*d^2*p)
    #1 d=1 dl=1 p0-mr_top fb=false seenlen=0 seen=- out=1_1_2_8_r106@pass1 owner=- f=(d^2-e^2*x^2)^p/(x^2*(e*x+d))
    #2 d=2 dl=2 p0-mr_top fb=true seenlen=1 seen=- out=1_4_2_r6@pass1 owner=1_1_2_8_r106:fired f=(d^2-e^2*x^2)^(p-1)/x^2
    #3 d=3 dl=3 p0-mr_top fb=true seenlen=2 seen=exact@#2(idx1,live=yes) out=fall-through:seen-hit owner=1_4_2_r6:fired f=(d^2-e^2*x^2)^(p-1)/x^2
        matched elem=(d^2-e^2*x^2)^(p-1)/x^2
    #4 d=2 dl=2 p0-mr_top fb=true seenlen=1 seen=- out=1_1_2_2_r4@pass1 owner=1_1_2_8_r106:fired f=(d^2-e^2*x^2)^(p-1)/x
    #5 d=3 dl=3 p0-mr_top fb=true seenlen=2 seen=- out=1_1_1_2_r37@pass1 owner=1_1_2_2_r4:fired f=(d^2-e^2*x)^(p-1)/x

--- c1 g47 1 Algebraic functions/1.2 Trinomial products/1.2.1 Quadratic/1.2.1.4 (d+e x)^m (f+g x)^n (a+b x+c x^2)^p.mac e274 (eq)
  [trace] class=deferred t=0.3s L345 returned=yes t=0.282003 calls=2 ratsimp-hits=1 exact-hits=0 unexited=0 misfire/fault-lines=0 top=1_1_2_8_r68
    fires=1_1_2_8_r68
    answer sha1=024347466f68 'integrate(((d-e*x)*(d^2-e^2*x^2)^(p-1))/x^3,x)
    #1 d=1 dl=1 seenp fb=false seenlen=0 seen=- out=1_1_2_8_r68 owner=- f=(d^2-e^2*x^2)^p/(x^3*(e*x+d))
    #2 d=2 dl=2 seenp fb=true seenlen=1 seen=ratsimp@#1(idx1,live=yes) out=fall-through:seen-hit owner=1_1_2_8_r68:fired f=((d-e*x)*(d^2-e^2*x^2)^(p-1))/x^3
        matched elem=(d^2-e^2*x^2)^p/(x^3*(e*x+d))
  [exact-only] class=verified t=1.0s L345 returned=yes t=0.984014 calls=5 ratsimp-hits=0 exact-hits=0 unexited=0 misfire/fault-lines=0 top=1_1_2_8_r68
    fires=1_1_1_2_r34,1_1_2_2_r4,1_1_2_8_r27,1_1_2_8_r68
    answer sha1=8bf034b0eabb -(e*'integrate((d^2-e^2*x^2)^(p-1)/x^2,x))-(hypergeometric([2,p],[p+1],-((e^2*x^2-d^2)/d^2))*e^2*(d^2-e^2*x^2)^p)/(2*d^3*p)
    #1 d=1 dl=1 seenp fb=false seenlen=0 seen=- out=1_1_2_8_r68 owner=- f=(d^2-e^2*x^2)^p/(x^3*(e*x+d))
    #2 d=2 dl=2 seenp fb=true seenlen=1 seen=- out=1_1_2_8_r27 owner=1_1_2_8_r68:fired f=((d-e*x)*(d^2-e^2*x^2)^(p-1))/x^3
    #3 d=3 dl=3 seenp fb=true seenlen=2 seen=- out=1_1_2_2_r4 owner=1_1_2_8_r27:fired f=(d^2-e^2*x^2)^(p-1)/x^3
    #4 d=4 dl=4 seenp fb=true seenlen=3 seen=- out=1_1_1_2_r34 owner=1_1_2_2_r4:fired f=(d^2-e^2*x)^(p-1)/x^2
    #5 d=3 dl=3 seenp fb=true seenlen=2 seen=- out=fall-through:nofire owner=1_1_2_8_r27:fired f=(d^2-e^2*x^2)^(p-1)/x^2
  [p0] class=verified t=0.6s L345 returned=yes t=0.596009 calls=5 ratsimp-hits=0 exact-hits=1 unexited=0 misfire/fault-lines=0 top=1_1_2_8_r106@pass1
    fires=1_1_1_2_r37,1_1_2_2_r4,1_4_2_r6,1_1_2_8_r106
    answer sha1=8bf034b0eabb -(e*'integrate((d^2-e^2*x^2)^(p-1)/x^2,x))-(hypergeometric([2,p],[p+1],-((e^2*x^2-d^2)/d^2))*e^2*(d^2-e^2*x^2)^p)/(2*d^3*p)
    #1 d=1 dl=1 p0-mr_top fb=false seenlen=0 seen=- out=1_1_2_8_r106@pass1 owner=- f=(d^2-e^2*x^2)^p/(x^3*(e*x+d))
    #2 d=2 dl=2 p0-mr_top fb=true seenlen=1 seen=- out=1_1_2_2_r4@pass1 owner=1_1_2_8_r106:fired f=(d^2-e^2*x^2)^(p-1)/x^3
    #3 d=3 dl=3 p0-mr_top fb=true seenlen=2 seen=- out=1_1_1_2_r37@pass1 owner=1_1_2_2_r4:fired f=(d^2-e^2*x)^(p-1)/x^2
    #4 d=2 dl=2 p0-mr_top fb=true seenlen=1 seen=- out=1_4_2_r6@pass1 owner=1_1_2_8_r106:fired f=(d^2-e^2*x^2)^(p-1)/x^2
    #5 d=3 dl=3 p0-mr_top fb=true seenlen=2 seen=exact@#4(idx1,live=yes) out=fall-through:seen-hit owner=1_4_2_r6:fired f=(d^2-e^2*x^2)^(p-1)/x^2
        matched elem=(d^2-e^2*x^2)^(p-1)/x^2

--- c1 g48 1 Algebraic functions/1.2 Trinomial products/1.2.2 Quartic/1.2.2.3 (d+e x^2)^m (a+b x^2+c x^4)^p.mac e230 (eq)
  [trace] class=deferred t=0.3s L325 returned=yes t=0.259004 calls=2 ratsimp-hits=1 exact-hits=0 unexited=0 misfire/fault-lines=0 top=1_2_2_3_r86
    fires=1_2_2_3_r86
    answer sha1=446c0fddf760 'integrate(x^4/(sqrt(x^4+x^2+1)*(x^6+3*x^4+3*x^2+1))+x^2/(sqrt(x^4+x^2+1)*(x^6+3*x^4+3*x^2+1))+1/(sqrt(x^4+x^2+1)*(x^6+3*x^4+3*x^2+1)),x)
    #1 d=1 dl=1 seenp fb=false seenlen=0 seen=- out=1_2_2_3_r86 owner=- f=sqrt(x^4+x^2+1)/(x^2+1)^3
    #2 d=2 dl=2 seenp fb=true seenlen=1 seen=ratsimp@#1(idx1,live=yes) out=fall-through:seen-hit owner=1_2_2_3_r86:fired f=x^4/(sqrt(x^4+x^2+1)*(x^6+3*x^4+3*x^2+1))+x^2/(sqrt(x^4+x^2+1)*(x^6+3*x^4+3*x^2+1))+1/(sqrt(x^4+x^2+1)*(x^6+3*...
        matched elem=sqrt(x^4+x^2+1)/(x^2+1)^3
  [exact-only] class=verified t=12.1s L325 returned=yes t=12.053164 calls=8 ratsimp-hits=0 exact-hits=3 unexited=0 misfire/fault-lines=0 top=1_2_2_3_r86
    fires=1_3_3_r11,1_3_3_r11,1_3_3_r11,1_4_1_r7,1_2_2_3_r86
    answer sha1=f1a04a9ae43d 'integrate(x^4/(sqrt(x^4+x^2+1)*(x^6+3*x^4+3*x^2+1)),x)+'integrate(x^2/(sqrt(x^4+x^2+1)*(x^6+3*x^4+3*x^2+1)),x)+'integrate(1/(sqrt(x^4+x^2+1)*(x^6+3*x^4+3*x^2+1...
    #1 d=1 dl=1 seenp fb=false seenlen=0 seen=- out=1_2_2_3_r86 owner=- f=sqrt(x^4+x^2+1)/(x^2+1)^3
    #2 d=2 dl=2 seenp fb=true seenlen=1 seen=- out=1_4_1_r7 owner=1_2_2_3_r86:fired f=x^4/(sqrt(x^4+x^2+1)*(x^6+3*x^4+3*x^2+1))+x^2/(sqrt(x^4+x^2+1)*(x^6+3*x^4+3*x^2+1))+1/(sqrt(x^4+x^2+1)*(x^6+3*...
    #3 d=3 dl=3 seenp fb=true seenlen=2 seen=- out=1_3_3_r11 owner=1_4_1_r7:fired f=x^4/(sqrt(x^4+x^2+1)*(x^6+3*x^4+3*x^2+1))
    #4 d=4 dl=4 seenp fb=true seenlen=3 seen=exact@#3(idx1,live=yes) out=fall-through:seen-hit owner=1_3_3_r11:fired f=x^4/(sqrt(x^4+x^2+1)*(x^6+3*x^4+3*x^2+1))
        matched elem=x^4/(sqrt(x^4+x^2+1)*(x^6+3*x^4+3*x^2+1))
    #5 d=3 dl=3 seenp fb=true seenlen=2 seen=- out=1_3_3_r11 owner=1_4_1_r7:fired f=x^2/(sqrt(x^4+x^2+1)*(x^6+3*x^4+3*x^2+1))
    #6 d=4 dl=4 seenp fb=true seenlen=3 seen=exact@#5(idx1,live=yes) out=fall-through:seen-hit owner=1_3_3_r11:fired f=x^2/(sqrt(x^4+x^2+1)*(x^6+3*x^4+3*x^2+1))
        matched elem=x^2/(sqrt(x^4+x^2+1)*(x^6+3*x^4+3*x^2+1))
    #7 d=3 dl=3 seenp fb=true seenlen=2 seen=- out=1_3_3_r11 owner=1_4_1_r7:fired f=1/(sqrt(x^4+x^2+1)*(x^6+3*x^4+3*x^2+1))
    #8 d=4 dl=4 seenp fb=true seenlen=3 seen=exact@#7(idx1,live=yes) out=fall-through:seen-hit owner=1_3_3_r11:fired f=1/(sqrt(x^4+x^2+1)*(x^6+3*x^4+3*x^2+1))
        matched elem=1/(sqrt(x^4+x^2+1)*(x^6+3*x^4+3*x^2+1))
  [p0] class=verified t=9.0s L325 returned=yes t=9.003123 calls=7 ratsimp-hits=0 exact-hits=0 unexited=0 misfire/fault-lines=2 top=1_2_2_3_r86@pass2
    fires=1_4_1_r7,1_2_2_3_r86
    answer sha1=f1a04a9ae43d 'integrate(x^4/(sqrt(x^4+x^2+1)*(x^6+3*x^4+3*x^2+1)),x)+'integrate(x^2/(sqrt(x^4+x^2+1)*(x^6+3*x^4+3*x^2+1)),x)+'integrate(1/(sqrt(x^4+x^2+1)*(x^6+3*x^4+3*x^2+1...
    #1 d=1 dl=1 p0-mr_top fb=false seenlen=0 seen=- out=1_2_2_3_r86@pass2 owner=- f=sqrt(x^4+x^2+1)/(x^2+1)^3
    #2 d=2 dl=1 p0-mr_top fb=true seenlen=0 seen=- out=fall-through:nofire owner=1_2_2_3_r13:misfire f=((false+3)*x^2)/(x^2+1)^3
    #3 d=2 dl=1 p0-mr_top fb=true seenlen=0 seen=- out=fall-through:nofire owner=1_2_2_3_r15:misfire f=-((7*false)/(x^2+1)^2)
    #4 d=2 dl=1 p0-mr_top fb=true seenlen=0 seen=- out=1_4_1_r7@pass1 owner=1_2_2_3_r86:fired f=x^4/(sqrt(x^4+x^2+1)*(x^6+3*x^4+3*x^2+1))+x^2/(sqrt(x^4+x^2+1)*(x^6+3*x^4+3*x^2+1))+1/(sqrt(x^4+x^2+1)*(x^6+3*...
    #5 d=3 dl=2 p0-mr_top fb=true seenlen=1 seen=- out=fall-through:nofire owner=1_4_1_r7:fired f=x^4/(sqrt(x^4+x^2+1)*(x^6+3*x^4+3*x^2+1))
    #6 d=3 dl=2 p0-mr_top fb=true seenlen=1 seen=- out=fall-through:nofire owner=1_4_1_r7:fired f=x^2/(sqrt(x^4+x^2+1)*(x^6+3*x^4+3*x^2+1))
    #7 d=3 dl=2 p0-mr_top fb=true seenlen=1 seen=- out=fall-through:nofire owner=1_4_1_r7:fired f=1/(sqrt(x^4+x^2+1)*(x^6+3*x^4+3*x^2+1))

--- c1 g48 1 Algebraic functions/1.2 Trinomial products/1.2.2 Quartic/1.2.2.3 (d+e x^2)^m (a+b x^2+c x^4)^p.mac e231 (eq)
  [trace] class=deferred t=0.3s L326 returned=yes t=0.274003 calls=2 ratsimp-hits=1 exact-hits=0 unexited=0 misfire/fault-lines=0 top=1_2_2_3_r86
    fires=1_2_2_3_r86
    answer sha1=58429f71e01f 'integrate(x^4/(sqrt(x^4+x^2+1)*(x^8+4*x^6+6*x^4+4*x^2+1))+x^2/(sqrt(x^4+x^2+1)*(x^8+4*x^6+6*x^4+4*x^2+1))+1/(sqrt(x^4+x^2+1)*(x^8+4*x^6+6*x^4+4*x^2+1)),x)
    #1 d=1 dl=1 seenp fb=false seenlen=0 seen=- out=1_2_2_3_r86 owner=- f=sqrt(x^4+x^2+1)/(x^2+1)^4
    #2 d=2 dl=2 seenp fb=true seenlen=1 seen=ratsimp@#1(idx1,live=yes) out=fall-through:seen-hit owner=1_2_2_3_r86:fired f=x^4/(sqrt(x^4+x^2+1)*(x^8+4*x^6+6*x^4+4*x^2+1))+x^2/(sqrt(x^4+x^2+1)*(x^8+4*x^6+6*x^4+4*x^2+1))+1/(sqrt(x^4+x^...
        matched elem=sqrt(x^4+x^2+1)/(x^2+1)^4
  [exact-only] class=verified t=16.0s L326 returned=yes t=15.976219 calls=8 ratsimp-hits=0 exact-hits=3 unexited=0 misfire/fault-lines=0 top=1_2_2_3_r86
    fires=1_3_3_r11,1_3_3_r11,1_3_3_r11,1_4_1_r7,1_2_2_3_r86
    answer sha1=c49b7faaf9f2 'integrate(x^4/(sqrt(x^4+x^2+1)*(x^8+4*x^6+6*x^4+4*x^2+1)),x)+'integrate(x^2/(sqrt(x^4+x^2+1)*(x^8+4*x^6+6*x^4+4*x^2+1)),x)+'integrate(1/(sqrt(x^4+x^2+1)*(x^8+4...
    #1 d=1 dl=1 seenp fb=false seenlen=0 seen=- out=1_2_2_3_r86 owner=- f=sqrt(x^4+x^2+1)/(x^2+1)^4
    #2 d=2 dl=2 seenp fb=true seenlen=1 seen=- out=1_4_1_r7 owner=1_2_2_3_r86:fired f=x^4/(sqrt(x^4+x^2+1)*(x^8+4*x^6+6*x^4+4*x^2+1))+x^2/(sqrt(x^4+x^2+1)*(x^8+4*x^6+6*x^4+4*x^2+1))+1/(sqrt(x^4+x^...
    #3 d=3 dl=3 seenp fb=true seenlen=2 seen=- out=1_3_3_r11 owner=1_4_1_r7:fired f=x^4/(sqrt(x^4+x^2+1)*(x^8+4*x^6+6*x^4+4*x^2+1))
    #4 d=4 dl=4 seenp fb=true seenlen=3 seen=exact@#3(idx1,live=yes) out=fall-through:seen-hit owner=1_3_3_r11:fired f=x^4/(sqrt(x^4+x^2+1)*(x^8+4*x^6+6*x^4+4*x^2+1))
        matched elem=x^4/(sqrt(x^4+x^2+1)*(x^8+4*x^6+6*x^4+4*x^2+1))
    #5 d=3 dl=3 seenp fb=true seenlen=2 seen=- out=1_3_3_r11 owner=1_4_1_r7:fired f=x^2/(sqrt(x^4+x^2+1)*(x^8+4*x^6+6*x^4+4*x^2+1))
    #6 d=4 dl=4 seenp fb=true seenlen=3 seen=exact@#5(idx1,live=yes) out=fall-through:seen-hit owner=1_3_3_r11:fired f=x^2/(sqrt(x^4+x^2+1)*(x^8+4*x^6+6*x^4+4*x^2+1))
        matched elem=x^2/(sqrt(x^4+x^2+1)*(x^8+4*x^6+6*x^4+4*x^2+1))
    #7 d=3 dl=3 seenp fb=true seenlen=2 seen=- out=1_3_3_r11 owner=1_4_1_r7:fired f=1/(sqrt(x^4+x^2+1)*(x^8+4*x^6+6*x^4+4*x^2+1))
    #8 d=4 dl=4 seenp fb=true seenlen=3 seen=exact@#7(idx1,live=yes) out=fall-through:seen-hit owner=1_3_3_r11:fired f=1/(sqrt(x^4+x^2+1)*(x^8+4*x^6+6*x^4+4*x^2+1))
        matched elem=1/(sqrt(x^4+x^2+1)*(x^8+4*x^6+6*x^4+4*x^2+1))
  [p0] class=verified t=8.9s L326 returned=yes t=8.846121 calls=7 ratsimp-hits=0 exact-hits=0 unexited=0 misfire/fault-lines=2 top=1_2_2_3_r86@pass2
    fires=1_4_1_r7,1_2_2_3_r86
    answer sha1=c49b7faaf9f2 'integrate(x^4/(sqrt(x^4+x^2+1)*(x^8+4*x^6+6*x^4+4*x^2+1)),x)+'integrate(x^2/(sqrt(x^4+x^2+1)*(x^8+4*x^6+6*x^4+4*x^2+1)),x)+'integrate(1/(sqrt(x^4+x^2+1)*(x^8+4...
    #1 d=1 dl=1 p0-mr_top fb=false seenlen=0 seen=- out=1_2_2_3_r86@pass2 owner=- f=sqrt(x^4+x^2+1)/(x^2+1)^4
    #2 d=2 dl=1 p0-mr_top fb=true seenlen=0 seen=- out=fall-through:nofire owner=1_2_2_3_r13:misfire f=((false+5)*x^2)/(x^2+1)^4
    #3 d=2 dl=1 p0-mr_top fb=true seenlen=0 seen=- out=fall-through:nofire owner=1_2_2_3_r15:misfire f=-((11*false)/(x^2+1)^3)
    #4 d=2 dl=1 p0-mr_top fb=true seenlen=0 seen=- out=1_4_1_r7@pass1 owner=1_2_2_3_r86:fired f=x^4/(sqrt(x^4+x^2+1)*(x^8+4*x^6+6*x^4+4*x^2+1))+x^2/(sqrt(x^4+x^2+1)*(x^8+4*x^6+6*x^4+4*x^2+1))+1/(sqrt(x^4+x^...
    #5 d=3 dl=2 p0-mr_top fb=true seenlen=1 seen=- out=fall-through:nofire owner=1_4_1_r7:fired f=x^4/(sqrt(x^4+x^2+1)*(x^8+4*x^6+6*x^4+4*x^2+1))
    #6 d=3 dl=2 p0-mr_top fb=true seenlen=1 seen=- out=fall-through:nofire owner=1_4_1_r7:fired f=x^2/(sqrt(x^4+x^2+1)*(x^8+4*x^6+6*x^4+4*x^2+1))
    #7 d=3 dl=2 p0-mr_top fb=true seenlen=1 seen=- out=fall-through:nofire owner=1_4_1_r7:fired f=1/(sqrt(x^4+x^2+1)*(x^8+4*x^6+6*x^4+4*x^2+1))

--- c1 g48 1 Algebraic functions/1.2 Trinomial products/1.2.2 Quartic/1.2.2.3 (d+e x^2)^m (a+b x^2+c x^4)^p.mac e292 (eq)
  [trace] class=deferred t=0.3s L409 returned=yes t=0.269004 calls=2 ratsimp-hits=1 exact-hits=0 unexited=0 misfire/fault-lines=0 top=1_2_2_3_r86
    fires=1_2_2_3_r86
    answer sha1=a5f230c12991 'integrate(x^4/(sqrt(x^4+3*x^2+2)*(125*x^6+525*x^4+735*x^2+343))+(3*x^2)/(sqrt(x^4+3*x^2+2)*(125*x^6+525*x^4+735*x^2+343))+2/(sqrt(x^4+3*x^2+2)*(125*x^6+525*x^4...
    #1 d=1 dl=1 seenp fb=false seenlen=0 seen=- out=1_2_2_3_r86 owner=- f=sqrt(x^4+3*x^2+2)/(5*x^2+7)^3
    #2 d=2 dl=2 seenp fb=true seenlen=1 seen=ratsimp@#1(idx1,live=yes) out=fall-through:seen-hit owner=1_2_2_3_r86:fired f=x^4/(sqrt(x^4+3*x^2+2)*(125*x^6+525*x^4+735*x^2+343))+(3*x^2)/(sqrt(x^4+3*x^2+2)*(125*x^6+525*x^4+735*x^2+343)...
        matched elem=sqrt(x^4+3*x^2+2)/(5*x^2+7)^3
  [exact-only] class=verified t=14.3s L409 returned=yes t=14.266195 calls=10 ratsimp-hits=0 exact-hits=3 unexited=0 misfire/fault-lines=0 top=1_2_2_3_r86
    fires=1_3_3_r11,1_3_3_r11,1_4_1_r18,1_3_3_r11,1_4_1_r18,1_4_1_r7,1_2_2_3_r86
    answer sha1=569bfb90e931 'integrate(x^4/(sqrt(x^4+3*x^2+2)*(125*x^6+525*x^4+735*x^2+343)),x)+3*'integrate(x^2/(sqrt(x^4+3*x^2+2)*(125*x^6+525*x^4+735*x^2+343)),x)+2*'integrate(1/(sqrt(x...
    #1 d=1 dl=1 seenp fb=false seenlen=0 seen=- out=1_2_2_3_r86 owner=- f=sqrt(x^4+3*x^2+2)/(5*x^2+7)^3
    #2 d=2 dl=2 seenp fb=true seenlen=1 seen=- out=1_4_1_r7 owner=1_2_2_3_r86:fired f=x^4/(sqrt(x^4+3*x^2+2)*(125*x^6+525*x^4+735*x^2+343))+(3*x^2)/(sqrt(x^4+3*x^2+2)*(125*x^6+525*x^4+735*x^2+343)...
    #3 d=3 dl=3 seenp fb=true seenlen=2 seen=- out=1_3_3_r11 owner=1_4_1_r7:fired f=x^4/(sqrt(x^4+3*x^2+2)*(125*x^6+525*x^4+735*x^2+343))
    #4 d=4 dl=4 seenp fb=true seenlen=3 seen=exact@#3(idx1,live=yes) out=fall-through:seen-hit owner=1_3_3_r11:fired f=x^4/(sqrt(x^4+3*x^2+2)*(125*x^6+525*x^4+735*x^2+343))
        matched elem=x^4/(sqrt(x^4+3*x^2+2)*(125*x^6+525*x^4+735*x^2+343))
    #5 d=3 dl=3 seenp fb=true seenlen=2 seen=- out=1_4_1_r18 owner=1_4_1_r7:fired f=(3*x^2)/(sqrt(x^4+3*x^2+2)*(125*x^6+525*x^4+735*x^2+343))
    #6 d=4 dl=4 seenp fb=true seenlen=3 seen=- out=1_3_3_r11 owner=1_4_1_r18:fired f=x^2/(sqrt(x^4+3*x^2+2)*((125*x^6)/3+175*x^4+245*x^2+343/3))
    #7 d=5 dl=5 seenp fb=true seenlen=4 seen=exact@#5(idx2,live=yes) out=fall-through:seen-hit owner=1_3_3_r11:fired f=(3*x^2)/(sqrt(x^4+3*x^2+2)*(125*x^6+525*x^4+735*x^2+343))
        matched elem=(3*x^2)/(sqrt(x^4+3*x^2+2)*(125*x^6+525*x^4+735*x^2+343))
    #8 d=3 dl=3 seenp fb=true seenlen=2 seen=- out=1_4_1_r18 owner=1_4_1_r7:fired f=2/(sqrt(x^4+3*x^2+2)*(125*x^6+525*x^4+735*x^2+343))
    #9 d=4 dl=4 seenp fb=true seenlen=3 seen=- out=1_3_3_r11 owner=1_4_1_r18:fired f=1/(sqrt(x^4+3*x^2+2)*((125*x^6)/2+(525*x^4)/2+(735*x^2)/2+343/2))
    #10 d=5 dl=5 seenp fb=true seenlen=4 seen=exact@#8(idx2,live=yes) out=fall-through:seen-hit owner=1_3_3_r11:fired f=2/(sqrt(x^4+3*x^2+2)*(125*x^6+525*x^4+735*x^2+343))
        matched elem=2/(sqrt(x^4+3*x^2+2)*(125*x^6+525*x^4+735*x^2+343))
  [p0] class=verified t=9.2s L409 returned=yes t=9.139125 calls=7 ratsimp-hits=0 exact-hits=0 unexited=0 misfire/fault-lines=2 top=1_2_2_3_r86@pass2
    fires=1_4_1_r7,1_2_2_3_r86
    answer sha1=569bfb90e931 'integrate(x^4/(sqrt(x^4+3*x^2+2)*(125*x^6+525*x^4+735*x^2+343)),x)+3*'integrate(x^2/(sqrt(x^4+3*x^2+2)*(125*x^6+525*x^4+735*x^2+343)),x)+2*'integrate(1/(sqrt(x...
    #1 d=1 dl=1 p0-mr_top fb=false seenlen=0 seen=- out=1_2_2_3_r86@pass2 owner=- f=sqrt(x^4+3*x^2+2)/(5*x^2+7)^3
    #2 d=2 dl=1 p0-mr_top fb=true seenlen=0 seen=- out=fall-through:nofire owner=1_2_2_3_r13:misfire f=((7*false+15*sqrt(2))*x^2)/(5*x^2+7)^3
    #3 d=2 dl=1 p0-mr_top fb=true seenlen=0 seen=- out=fall-through:nofire owner=1_2_2_3_r15:misfire f=-((31*false)/(5*x^2+7)^2)
    #4 d=2 dl=1 p0-mr_top fb=true seenlen=0 seen=- out=1_4_1_r7@pass1 owner=1_2_2_3_r86:fired f=x^4/(sqrt(x^4+3*x^2+2)*(125*x^6+525*x^4+735*x^2+343))+(3*x^2)/(sqrt(x^4+3*x^2+2)*(125*x^6+525*x^4+735*x^2+343)...
    #5 d=3 dl=2 p0-mr_top fb=true seenlen=1 seen=- out=fall-through:nofire owner=1_4_1_r7:fired f=x^4/(sqrt(x^4+3*x^2+2)*(125*x^6+525*x^4+735*x^2+343))
    #6 d=3 dl=2 p0-mr_top fb=true seenlen=1 seen=- out=fall-through:nofire owner=1_4_1_r7:fired f=(3*x^2)/(sqrt(x^4+3*x^2+2)*(125*x^6+525*x^4+735*x^2+343))
    #7 d=3 dl=2 p0-mr_top fb=true seenlen=1 seen=- out=fall-through:nofire owner=1_4_1_r7:fired f=2/(sqrt(x^4+3*x^2+2)*(125*x^6+525*x^4+735*x^2+343))

--- c1 g48 1 Algebraic functions/1.2 Trinomial products/1.2.2 Quartic/1.2.2.3 (d+e x^2)^m (a+b x^2+c x^4)^p.mac e323 (eq)
  [trace] class=deferred t=0.3s L446 returned=yes t=0.263004 calls=2 ratsimp-hits=1 exact-hits=0 unexited=0 misfire/fault-lines=0 top=1_2_2_3_r86
    fires=1_2_2_3_r86
    answer sha1=227b9dedfdaf 'integrate(-(x^4/(sqrt(-x^4+x^2+2)*(125*x^6+525*x^4+735*x^2+343)))+x^2/(sqrt(-x^4+x^2+2)*(125*x^6+525*x^4+735*x^2+343))+2/(sqrt(-x^4+x^2+2)*(125*x^6+525*x^4+735...
    #1 d=1 dl=1 seenp fb=false seenlen=0 seen=- out=1_2_2_3_r86 owner=- f=sqrt(-x^4+x^2+2)/(5*x^2+7)^3
    #2 d=2 dl=2 seenp fb=true seenlen=1 seen=ratsimp@#1(idx1,live=yes) out=fall-through:seen-hit owner=1_2_2_3_r86:fired f=-(x^4/(sqrt(-x^4+x^2+2)*(125*x^6+525*x^4+735*x^2+343)))+x^2/(sqrt(-x^4+x^2+2)*(125*x^6+525*x^4+735*x^2+343))+2...
        matched elem=sqrt(-x^4+x^2+2)/(5*x^2+7)^3
  [exact-only] class=verified t=12.9s L446 returned=yes t=12.922176 calls=9 ratsimp-hits=0 exact-hits=3 unexited=0 misfire/fault-lines=0 top=1_2_2_3_r86
    fires=1_3_3_r11,1_3_3_r11,1_3_3_r11,1_4_1_r18,1_4_1_r7,1_2_2_3_r86
    answer sha1=bd18074d24a7 -'integrate(x^4/(sqrt(-x^4+x^2+2)*(125*x^6+525*x^4+735*x^2+343)),x)+'integrate(x^2/(sqrt(-x^4+x^2+2)*(125*x^6+525*x^4+735*x^2+343)),x)+2*'integrate(1/(sqrt(-x^4...
    #1 d=1 dl=1 seenp fb=false seenlen=0 seen=- out=1_2_2_3_r86 owner=- f=sqrt(-x^4+x^2+2)/(5*x^2+7)^3
    #2 d=2 dl=2 seenp fb=true seenlen=1 seen=- out=1_4_1_r7 owner=1_2_2_3_r86:fired f=-(x^4/(sqrt(-x^4+x^2+2)*(125*x^6+525*x^4+735*x^2+343)))+x^2/(sqrt(-x^4+x^2+2)*(125*x^6+525*x^4+735*x^2+343))+2...
    #3 d=3 dl=3 seenp fb=true seenlen=2 seen=- out=1_3_3_r11 owner=1_4_1_r7:fired f=x^4/(sqrt(-x^4+x^2+2)*(125*x^6+525*x^4+735*x^2+343))
    #4 d=4 dl=4 seenp fb=true seenlen=3 seen=exact@#3(idx1,live=yes) out=fall-through:seen-hit owner=1_3_3_r11:fired f=x^4/(sqrt(-x^4+x^2+2)*(125*x^6+525*x^4+735*x^2+343))
        matched elem=x^4/(sqrt(-x^4+x^2+2)*(125*x^6+525*x^4+735*x^2+343))
    #5 d=3 dl=3 seenp fb=true seenlen=2 seen=- out=1_3_3_r11 owner=1_4_1_r7:fired f=x^2/(sqrt(-x^4+x^2+2)*(125*x^6+525*x^4+735*x^2+343))
    #6 d=4 dl=4 seenp fb=true seenlen=3 seen=exact@#5(idx1,live=yes) out=fall-through:seen-hit owner=1_3_3_r11:fired f=x^2/(sqrt(-x^4+x^2+2)*(125*x^6+525*x^4+735*x^2+343))
        matched elem=x^2/(sqrt(-x^4+x^2+2)*(125*x^6+525*x^4+735*x^2+343))
    #7 d=3 dl=3 seenp fb=true seenlen=2 seen=- out=1_4_1_r18 owner=1_4_1_r7:fired f=2/(sqrt(-x^4+x^2+2)*(125*x^6+525*x^4+735*x^2+343))
    #8 d=4 dl=4 seenp fb=true seenlen=3 seen=- out=1_3_3_r11 owner=1_4_1_r18:fired f=1/(sqrt(-x^4+x^2+2)*((125*x^6)/2+(525*x^4)/2+(735*x^2)/2+343/2))
    #9 d=5 dl=5 seenp fb=true seenlen=4 seen=exact@#7(idx2,live=yes) out=fall-through:seen-hit owner=1_3_3_r11:fired f=2/(sqrt(-x^4+x^2+2)*(125*x^6+525*x^4+735*x^2+343))
        matched elem=2/(sqrt(-x^4+x^2+2)*(125*x^6+525*x^4+735*x^2+343))
  [p0] class=verified t=9.0s L446 returned=yes t=8.999123 calls=7 ratsimp-hits=0 exact-hits=0 unexited=0 misfire/fault-lines=2 top=1_2_2_3_r86@pass2
    fires=1_4_1_r7,1_2_2_3_r86
    answer sha1=bd18074d24a7 -'integrate(x^4/(sqrt(-x^4+x^2+2)*(125*x^6+525*x^4+735*x^2+343)),x)+'integrate(x^2/(sqrt(-x^4+x^2+2)*(125*x^6+525*x^4+735*x^2+343)),x)+2*'integrate(1/(sqrt(-x^4...
    #1 d=1 dl=1 p0-mr_top fb=false seenlen=0 seen=- out=1_2_2_3_r86@pass2 owner=- f=sqrt(-x^4+x^2+2)/(5*x^2+7)^3
    #2 d=2 dl=1 p0-mr_top fb=true seenlen=0 seen=- out=fall-through:nofire owner=1_2_2_3_r13:misfire f=((7*false+15*sqrt(2))*x^2)/(5*x^2+7)^3
    #3 d=2 dl=1 p0-mr_top fb=true seenlen=0 seen=- out=fall-through:nofire owner=1_2_2_3_r15:misfire f=-((31*false)/(5*x^2+7)^2)
    #4 d=2 dl=1 p0-mr_top fb=true seenlen=0 seen=- out=1_4_1_r7@pass1 owner=1_2_2_3_r86:fired f=-(x^4/(sqrt(-x^4+x^2+2)*(125*x^6+525*x^4+735*x^2+343)))+x^2/(sqrt(-x^4+x^2+2)*(125*x^6+525*x^4+735*x^2+343))+2...
    #5 d=3 dl=2 p0-mr_top fb=true seenlen=1 seen=- out=fall-through:nofire owner=1_4_1_r7:fired f=x^4/(sqrt(-x^4+x^2+2)*(125*x^6+525*x^4+735*x^2+343))
    #6 d=3 dl=2 p0-mr_top fb=true seenlen=1 seen=- out=fall-through:nofire owner=1_4_1_r7:fired f=x^2/(sqrt(-x^4+x^2+2)*(125*x^6+525*x^4+735*x^2+343))
    #7 d=3 dl=2 p0-mr_top fb=true seenlen=1 seen=- out=fall-through:nofire owner=1_4_1_r7:fired f=2/(sqrt(-x^4+x^2+2)*(125*x^6+525*x^4+735*x^2+343))

--- c1 g48 1 Algebraic functions/1.2 Trinomial products/1.2.2 Quartic/1.2.2.3 (d+e x^2)^m (a+b x^2+c x^4)^p.mac e355 (eq)
  [trace] class=deferred t=0.3s L484 returned=yes t=0.274003 calls=2 ratsimp-hits=1 exact-hits=0 unexited=0 misfire/fault-lines=0 top=1_2_2_3_r86
    fires=1_2_2_3_r86
    answer sha1=0f70247afcda 'integrate(x^4/(sqrt(x^4+3*x^2+4)*(125*x^6+525*x^4+735*x^2+343))+(3*x^2)/(sqrt(x^4+3*x^2+4)*(125*x^6+525*x^4+735*x^2+343))+4/(sqrt(x^4+3*x^2+4)*(125*x^6+525*x^4...
    #1 d=1 dl=1 seenp fb=false seenlen=0 seen=- out=1_2_2_3_r86 owner=- f=sqrt(x^4+3*x^2+4)/(5*x^2+7)^3
    #2 d=2 dl=2 seenp fb=true seenlen=1 seen=ratsimp@#1(idx1,live=yes) out=fall-through:seen-hit owner=1_2_2_3_r86:fired f=x^4/(sqrt(x^4+3*x^2+4)*(125*x^6+525*x^4+735*x^2+343))+(3*x^2)/(sqrt(x^4+3*x^2+4)*(125*x^6+525*x^4+735*x^2+343)...
        matched elem=sqrt(x^4+3*x^2+4)/(5*x^2+7)^3
  [exact-only] class=verified t=14.1s L484 returned=yes t=14.078192 calls=10 ratsimp-hits=0 exact-hits=3 unexited=0 misfire/fault-lines=0 top=1_2_2_3_r86
    fires=1_3_3_r11,1_3_3_r11,1_4_1_r18,1_3_3_r11,1_4_1_r18,1_4_1_r7,1_2_2_3_r86
    answer sha1=d851c4070c96 'integrate(x^4/(sqrt(x^4+3*x^2+4)*(125*x^6+525*x^4+735*x^2+343)),x)+3*'integrate(x^2/(sqrt(x^4+3*x^2+4)*(125*x^6+525*x^4+735*x^2+343)),x)+4*'integrate(1/(sqrt(x...
    #1 d=1 dl=1 seenp fb=false seenlen=0 seen=- out=1_2_2_3_r86 owner=- f=sqrt(x^4+3*x^2+4)/(5*x^2+7)^3
    #2 d=2 dl=2 seenp fb=true seenlen=1 seen=- out=1_4_1_r7 owner=1_2_2_3_r86:fired f=x^4/(sqrt(x^4+3*x^2+4)*(125*x^6+525*x^4+735*x^2+343))+(3*x^2)/(sqrt(x^4+3*x^2+4)*(125*x^6+525*x^4+735*x^2+343)...
    #3 d=3 dl=3 seenp fb=true seenlen=2 seen=- out=1_3_3_r11 owner=1_4_1_r7:fired f=x^4/(sqrt(x^4+3*x^2+4)*(125*x^6+525*x^4+735*x^2+343))
    #4 d=4 dl=4 seenp fb=true seenlen=3 seen=exact@#3(idx1,live=yes) out=fall-through:seen-hit owner=1_3_3_r11:fired f=x^4/(sqrt(x^4+3*x^2+4)*(125*x^6+525*x^4+735*x^2+343))
        matched elem=x^4/(sqrt(x^4+3*x^2+4)*(125*x^6+525*x^4+735*x^2+343))
    #5 d=3 dl=3 seenp fb=true seenlen=2 seen=- out=1_4_1_r18 owner=1_4_1_r7:fired f=(3*x^2)/(sqrt(x^4+3*x^2+4)*(125*x^6+525*x^4+735*x^2+343))
    #6 d=4 dl=4 seenp fb=true seenlen=3 seen=- out=1_3_3_r11 owner=1_4_1_r18:fired f=x^2/(sqrt(x^4+3*x^2+4)*((125*x^6)/3+175*x^4+245*x^2+343/3))
    #7 d=5 dl=5 seenp fb=true seenlen=4 seen=exact@#5(idx2,live=yes) out=fall-through:seen-hit owner=1_3_3_r11:fired f=(3*x^2)/(sqrt(x^4+3*x^2+4)*(125*x^6+525*x^4+735*x^2+343))
        matched elem=(3*x^2)/(sqrt(x^4+3*x^2+4)*(125*x^6+525*x^4+735*x^2+343))
    #8 d=3 dl=3 seenp fb=true seenlen=2 seen=- out=1_4_1_r18 owner=1_4_1_r7:fired f=4/(sqrt(x^4+3*x^2+4)*(125*x^6+525*x^4+735*x^2+343))
    #9 d=4 dl=4 seenp fb=true seenlen=3 seen=- out=1_3_3_r11 owner=1_4_1_r18:fired f=1/(sqrt(x^4+3*x^2+4)*((125*x^6)/4+(525*x^4)/4+(735*x^2)/4+343/4))
    #10 d=5 dl=5 seenp fb=true seenlen=4 seen=exact@#8(idx2,live=yes) out=fall-through:seen-hit owner=1_3_3_r11:fired f=4/(sqrt(x^4+3*x^2+4)*(125*x^6+525*x^4+735*x^2+343))
        matched elem=4/(sqrt(x^4+3*x^2+4)*(125*x^6+525*x^4+735*x^2+343))
  [p0] class=verified t=8.7s L484 returned=yes t=8.634119 calls=7 ratsimp-hits=0 exact-hits=0 unexited=0 misfire/fault-lines=2 top=1_2_2_3_r86@pass2
    fires=1_4_1_r7,1_2_2_3_r86
    answer sha1=d851c4070c96 'integrate(x^4/(sqrt(x^4+3*x^2+4)*(125*x^6+525*x^4+735*x^2+343)),x)+3*'integrate(x^2/(sqrt(x^4+3*x^2+4)*(125*x^6+525*x^4+735*x^2+343)),x)+4*'integrate(1/(sqrt(x...
    #1 d=1 dl=1 p0-mr_top fb=false seenlen=0 seen=- out=1_2_2_3_r86@pass2 owner=- f=sqrt(x^4+3*x^2+4)/(5*x^2+7)^3
    #2 d=2 dl=1 p0-mr_top fb=true seenlen=0 seen=- out=fall-through:nofire owner=1_2_2_3_r13:misfire f=((7*false+30)*x^2)/(5*x^2+7)^3
    #3 d=2 dl=1 p0-mr_top fb=true seenlen=0 seen=- out=fall-through:nofire owner=1_2_2_3_r15:misfire f=-((31*false)/(5*x^2+7)^2)
    #4 d=2 dl=1 p0-mr_top fb=true seenlen=0 seen=- out=1_4_1_r7@pass1 owner=1_2_2_3_r86:fired f=x^4/(sqrt(x^4+3*x^2+4)*(125*x^6+525*x^4+735*x^2+343))+(3*x^2)/(sqrt(x^4+3*x^2+4)*(125*x^6+525*x^4+735*x^2+343)...
    #5 d=3 dl=2 p0-mr_top fb=true seenlen=1 seen=- out=fall-through:nofire owner=1_4_1_r7:fired f=x^4/(sqrt(x^4+3*x^2+4)*(125*x^6+525*x^4+735*x^2+343))
    #6 d=3 dl=2 p0-mr_top fb=true seenlen=1 seen=- out=fall-through:nofire owner=1_4_1_r7:fired f=(3*x^2)/(sqrt(x^4+3*x^2+4)*(125*x^6+525*x^4+735*x^2+343))
    #7 d=3 dl=2 p0-mr_top fb=true seenlen=1 seen=- out=fall-through:nofire owner=1_4_1_r7:fired f=4/(sqrt(x^4+3*x^2+4)*(125*x^6+525*x^4+735*x^2+343))

--- c1 g49 1 Algebraic functions/1.2 Trinomial products/1.2.2 Quartic/1.2.2.3 (d+e x^2)^m (a+b x^2+c x^4)^p.mac e180 (eq)
  [trace] class=deferred t=0.1s L243 returned=yes t=0.136001 calls=2 ratsimp-hits=1 exact-hits=0 unexited=0 misfire/fault-lines=0 top=1_2_2_3_r98
    fires=1_2_2_3_r98
    answer sha1=ec3899915a28 'integrate((c*(b*x^4+a)^p)/(c^2-e^2*x^4)-(e*x^2*(b*x^4+a)^p)/(c^2-e^2*x^4),x)
    #1 d=1 dl=1 seenp fb=false seenlen=0 seen=- out=1_2_2_3_r98 owner=- f=(b*x^4+a)^p/(e*x^2+c)
    #2 d=2 dl=2 seenp fb=true seenlen=1 seen=ratsimp@#1(idx1,live=yes) out=fall-through:seen-hit owner=1_2_2_3_r98:fired f=(c*(b*x^4+a)^p)/(c^2-e^2*x^4)-(e*x^2*(b*x^4+a)^p)/(c^2-e^2*x^4)
        matched elem=(b*x^4+a)^p/(e*x^2+c)
  [exact-only] class=verified t=4.1s L243 returned=yes t=4.092056 calls=6 ratsimp-hits=0 exact-hits=0 unexited=0 misfire/fault-lines=0 top=1_2_2_3_r98
    fires=1_4_1_r18,1_4_1_r18,1_4_1_r7,1_2_2_3_r98
    answer sha1=23d905a68ec1 'integrate((b*x^4+a)^p/(c-(e^2*x^4)/c),x)-'integrate((x^2*(b*x^4+a)^p)/(c^2/e-e*x^4),x)
    #1 d=1 dl=1 seenp fb=false seenlen=0 seen=- out=1_2_2_3_r98 owner=- f=(b*x^4+a)^p/(e*x^2+c)
    #2 d=2 dl=2 seenp fb=true seenlen=1 seen=- out=1_4_1_r7 owner=1_2_2_3_r98:fired f=(c*(b*x^4+a)^p)/(c^2-e^2*x^4)-(e*x^2*(b*x^4+a)^p)/(c^2-e^2*x^4)
    #3 d=3 dl=3 seenp fb=true seenlen=2 seen=- out=1_4_1_r18 owner=1_4_1_r7:fired f=(c*(b*x^4+a)^p)/(c^2-e^2*x^4)
    #4 d=4 dl=4 seenp fb=true seenlen=3 seen=- out=fall-through:nofire owner=1_4_1_r18:fired f=(b*x^4+a)^p/(c-(e^2*x^4)/c)
    #5 d=3 dl=3 seenp fb=true seenlen=2 seen=- out=1_4_1_r18 owner=1_4_1_r7:fired f=(e*x^2*(b*x^4+a)^p)/(c^2-e^2*x^4)
    #6 d=4 dl=4 seenp fb=true seenlen=3 seen=- out=fall-through:nofire owner=1_4_1_r18:fired f=(x^2*(b*x^4+a)^p)/(c^2/e-e*x^4)
  [p0] class=verified t=3.4s L243 returned=yes t=3.431047 calls=5 ratsimp-hits=0 exact-hits=1 unexited=0 misfire/fault-lines=0 top=1_2_2_3_r98@pass2
    fires=1_4_2_r25,1_4_1_r7,1_2_2_3_r98
    answer sha1=5f3b43555c5b c*'integrate((b*x^4+a)^p/(c^2-e^2*x^4),x)-e*'integrate((x^2*(b*x^4+a)^p)/(c^2-e^2*x^4),x)
    #1 d=1 dl=1 p0-mr_top fb=false seenlen=0 seen=- out=1_2_2_3_r98@pass2 owner=- f=(b*x^4+a)^p/(e*x^2+c)
    #2 d=2 dl=1 p0-mr_top fb=true seenlen=0 seen=- out=1_4_1_r7@pass1 owner=1_2_2_3_r98:fired f=(c*(b*x^4+a)^p)/(c^2-e^2*x^4)-(e*x^2*(b*x^4+a)^p)/(c^2-e^2*x^4)
    #3 d=3 dl=2 p0-mr_top fb=true seenlen=1 seen=- out=1_4_2_r25@pass1 owner=1_4_1_r7:fired f=(c*(b*x^4+a)^p)/(c^2-e^2*x^4)
    #4 d=4 dl=3 p0-mr_top fb=true seenlen=2 seen=exact@#3(idx1,live=yes) out=fall-through:seen-hit owner=1_4_2_r25:fired f=(c*(b*x^4+a)^p)/(c^2-e^2*x^4)
        matched elem=(c*(b*x^4+a)^p)/(c^2-e^2*x^4)
    #5 d=3 dl=2 p0-mr_top fb=true seenlen=1 seen=- out=fall-through:nofire owner=1_4_1_r7:fired f=(e*x^2*(b*x^4+a)^p)/(c^2-e^2*x^4)

--- c1 g49 1 Algebraic functions/1.2 Trinomial products/1.2.2 Quartic/1.2.2.3 (d+e x^2)^m (a+b x^2+c x^4)^p.mac e181 (eq)
  [trace] class=deferred t=0.1s L244 returned=yes t=0.131001 calls=2 ratsimp-hits=1 exact-hits=0 unexited=0 misfire/fault-lines=0 top=1_2_2_3_r98
    fires=1_2_2_3_r98
    answer sha1=886e89ad81f6 'integrate((e^2*x^4*(b*x^4+a)^p)/(e^4*x^8-2*c^2*e^2*x^4+c^4)-(2*c*e*x^2*(b*x^4+a)^p)/(e^4*x^8-2*c^2*e^2*x^4+c^4)+(c^2*(b*x^4+a)^p)/(e^4*x^8-2*c^2*e^2*x^4+c^4),x...
    #1 d=1 dl=1 seenp fb=false seenlen=0 seen=- out=1_2_2_3_r98 owner=- f=(b*x^4+a)^p/(e*x^2+c)^2
    #2 d=2 dl=2 seenp fb=true seenlen=1 seen=ratsimp@#1(idx1,live=yes) out=fall-through:seen-hit owner=1_2_2_3_r98:fired f=(e^2*x^4*(b*x^4+a)^p)/(e^4*x^8-2*c^2*e^2*x^4+c^4)-(2*c*e*x^2*(b*x^4+a)^p)/(e^4*x^8-2*c^2*e^2*x^4+c^4)+(c^2*(b*...
        matched elem=(b*x^4+a)^p/(e*x^2+c)^2
  [exact-only] class=contains-noun t=6.4s L244 returned=yes t=6.384087 calls=12 ratsimp-hits=0 exact-hits=0 unexited=0 misfire/fault-lines=0 top=1_2_2_3_r98
    fires=1_2_3_4_r102,1_4_1_r18,1_4_1_r18,1_2_3_4_r102,1_4_1_r18,1_4_1_r18,1_4_1_r18,1_2_3_3_r49,1_4_1_r18,1_4_1_r18,1_4_1_r7,1_2_2_3_r98
    answer sha1=1143737bf52f 'unintegrable[(b*x^4+a)^p/((e^4*x^8)/c^2-2*e^2*x^4+c^2),x]-'unintegrable[(x^2*(b*x^4+a)^p)/((e^3*x^8)/(2*c)-c*e*x^4+c^3/(2*e)),x]+'unintegrable[(x^4*(b*x^4+a)^p...
    #1 d=1 dl=1 seenp fb=false seenlen=0 seen=- out=1_2_2_3_r98 owner=- f=(b*x^4+a)^p/(e*x^2+c)^2
    #2 d=2 dl=2 seenp fb=true seenlen=1 seen=- out=1_4_1_r7 owner=1_2_2_3_r98:fired f=(e^2*x^4*(b*x^4+a)^p)/(e^4*x^8-2*c^2*e^2*x^4+c^4)-(2*c*e*x^2*(b*x^4+a)^p)/(e^4*x^8-2*c^2*e^2*x^4+c^4)+(c^2*(b*...
    #3 d=3 dl=3 seenp fb=true seenlen=2 seen=- out=1_4_1_r18 owner=1_4_1_r7:fired f=(e^2*x^4*(b*x^4+a)^p)/(e^4*x^8-2*c^2*e^2*x^4+c^4)
    #4 d=4 dl=4 seenp fb=true seenlen=3 seen=- out=1_4_1_r18 owner=1_4_1_r18:fired f=(e*x^4*(b*x^4+a)^p)/(e^3*x^8-2*c^2*e*x^4+c^4/e)
    #5 d=5 dl=5 seenp fb=true seenlen=4 seen=- out=1_2_3_4_r102 owner=1_4_1_r18:fired f=(x^4*(b*x^4+a)^p)/(e^2*x^8-2*c^2*x^4+c^4/e^2)
    #6 d=3 dl=3 seenp fb=true seenlen=2 seen=- out=1_4_1_r18 owner=1_4_1_r7:fired f=(2*c*e*x^2*(b*x^4+a)^p)/(e^4*x^8-2*c^2*e^2*x^4+c^4)
    #7 d=4 dl=4 seenp fb=true seenlen=3 seen=- out=1_4_1_r18 owner=1_4_1_r18:fired f=(c*e*x^2*(b*x^4+a)^p)/((e^4*x^8)/2-c^2*e^2*x^4+c^4/2)
    #8 d=5 dl=5 seenp fb=true seenlen=4 seen=- out=1_4_1_r18 owner=1_4_1_r18:fired f=(e*x^2*(b*x^4+a)^p)/((e^4*x^8)/(2*c)-c*e^2*x^4+c^3/2)
    #9 d=6 dl=6 seenp fb=true seenlen=5 seen=- out=1_2_3_4_r102 owner=1_4_1_r18:fired f=(x^2*(b*x^4+a)^p)/((e^3*x^8)/(2*c)-c*e*x^4+c^3/(2*e))
    #10 d=3 dl=3 seenp fb=true seenlen=2 seen=- out=1_4_1_r18 owner=1_4_1_r7:fired f=(c^2*(b*x^4+a)^p)/(e^4*x^8-2*c^2*e^2*x^4+c^4)
    #11 d=4 dl=4 seenp fb=true seenlen=3 seen=- out=1_4_1_r18 owner=1_4_1_r18:fired f=(c*(b*x^4+a)^p)/((e^4*x^8)/c-2*c*e^2*x^4+c^3)
    #12 d=5 dl=5 seenp fb=true seenlen=4 seen=- out=1_2_3_3_r49 owner=1_4_1_r18:fired f=(b*x^4+a)^p/((e^4*x^8)/c^2-2*e^2*x^4+c^2)
  [p0] class=verified t=6.6s L244 returned=yes t=6.598091 calls=5 ratsimp-hits=0 exact-hits=0 unexited=0 misfire/fault-lines=0 top=1_2_2_3_r98@pass2
    fires=1_4_1_r7,1_2_2_3_r98
    answer sha1=b0f5e91b94bf e^2*'integrate((x^4*(b*x^4+a)^p)/(e^4*x^8-2*c^2*e^2*x^4+c^4),x)-2*c*e*'integrate((x^2*(b*x^4+a)^p)/(e^4*x^8-2*c^2*e^2*x^4+c^4),x)+c^2*'integrate((b*x^4+a)^p/(e^...
    #1 d=1 dl=1 p0-mr_top fb=false seenlen=0 seen=- out=1_2_2_3_r98@pass2 owner=- f=(b*x^4+a)^p/(e*x^2+c)^2
    #2 d=2 dl=1 p0-mr_top fb=true seenlen=0 seen=- out=1_4_1_r7@pass1 owner=1_2_2_3_r98:fired f=(e^2*x^4*(b*x^4+a)^p)/(e^4*x^8-2*c^2*e^2*x^4+c^4)-(2*c*e*x^2*(b*x^4+a)^p)/(e^4*x^8-2*c^2*e^2*x^4+c^4)+(c^2*(b*...
    #3 d=3 dl=2 p0-mr_top fb=true seenlen=1 seen=- out=fall-through:nofire owner=1_4_1_r7:fired f=(e^2*x^4*(b*x^4+a)^p)/(e^4*x^8-2*c^2*e^2*x^4+c^4)
    #4 d=3 dl=2 p0-mr_top fb=true seenlen=1 seen=- out=fall-through:nofire owner=1_4_1_r7:fired f=(2*c*e*x^2*(b*x^4+a)^p)/(e^4*x^8-2*c^2*e^2*x^4+c^4)
    #5 d=3 dl=2 p0-mr_top fb=true seenlen=1 seen=- out=fall-through:nofire owner=1_4_1_r7:fired f=(c^2*(b*x^4+a)^p)/(e^4*x^8-2*c^2*e^2*x^4+c^4)

--- c1 g49 1 Algebraic functions/1.2 Trinomial products/1.2.2 Quartic/1.2.2.3 (d+e x^2)^m (a+b x^2+c x^4)^p.mac e186 (eq)
  [trace] class=deferred t=0.2s L249 returned=yes t=0.141001 calls=2 ratsimp-hits=1 exact-hits=0 unexited=0 misfire/fault-lines=0 top=1_2_2_3_r98
    fires=1_2_2_3_r98
    answer sha1=9110eb0e20fa 'integrate((x^2*(b*x^4+1)^p)/(1-x^4)+(b*x^4+1)^p/(1-x^4),x)
    #1 d=1 dl=1 seenp fb=false seenlen=0 seen=- out=1_2_2_3_r98 owner=- f=(b*x^4+1)^p/(1-x^2)
    #2 d=2 dl=2 seenp fb=true seenlen=1 seen=ratsimp@#1(idx1,live=yes) out=fall-through:seen-hit owner=1_2_2_3_r98:fired f=(x^2*(b*x^4+1)^p)/(1-x^4)+(b*x^4+1)^p/(1-x^4)
        matched elem=(b*x^4+1)^p/(1-x^2)
  [exact-only] class=expected t=0.5s L249 returned=yes t=0.453006 calls=4 ratsimp-hits=0 exact-hits=0 unexited=0 misfire/fault-lines=0 top=1_2_2_3_r98
    fires=1_1_3_4_r78,1_1_3_3_r61,1_4_1_r7,1_2_2_3_r98
    answer sha1=c671b3240796 (AppellF1(3/4,1,-p,7/4,x^4,-(b*x^4))*x^3)/3+AppellF1(1/4,1,-p,5/4,x^4,-(b*x^4))*x
    #1 d=1 dl=1 seenp fb=false seenlen=0 seen=- out=1_2_2_3_r98 owner=- f=(b*x^4+1)^p/(1-x^2)
    #2 d=2 dl=2 seenp fb=true seenlen=1 seen=- out=1_4_1_r7 owner=1_2_2_3_r98:fired f=(x^2*(b*x^4+1)^p)/(1-x^4)+(b*x^4+1)^p/(1-x^4)
    #3 d=3 dl=3 seenp fb=true seenlen=2 seen=- out=1_1_3_4_r78 owner=1_4_1_r7:fired f=(x^2*(b*x^4+1)^p)/(1-x^4)
    #4 d=3 dl=3 seenp fb=true seenlen=2 seen=- out=1_1_3_3_r61 owner=1_4_1_r7:fired f=(b*x^4+1)^p/(1-x^4)
  [p0] class=verified t=4.5s L249 returned=yes t=4.433061 calls=4 ratsimp-hits=0 exact-hits=0 unexited=0 misfire/fault-lines=0 top=1_2_2_3_r98@pass2
    fires=1_4_1_r7,1_2_2_3_r98
    answer sha1=af3ed27df1ee 'integrate((x^2*(b*x^4+1)^p)/(1-x^4),x)+'integrate((b*x^4+1)^p/(1-x^4),x)
    #1 d=1 dl=1 p0-mr_top fb=false seenlen=0 seen=- out=1_2_2_3_r98@pass2 owner=- f=(b*x^4+1)^p/(1-x^2)
    #2 d=2 dl=1 p0-mr_top fb=true seenlen=0 seen=- out=1_4_1_r7@pass1 owner=1_2_2_3_r98:fired f=(x^2*(b*x^4+1)^p)/(1-x^4)+(b*x^4+1)^p/(1-x^4)
    #3 d=3 dl=2 p0-mr_top fb=true seenlen=1 seen=- out=fall-through:nofire owner=1_4_1_r7:fired f=(x^2*(b*x^4+1)^p)/(1-x^4)
    #4 d=3 dl=2 p0-mr_top fb=true seenlen=1 seen=- out=fall-through:nofire owner=1_4_1_r7:fired f=(b*x^4+1)^p/(1-x^4)

--- c1 g49 1 Algebraic functions/1.2 Trinomial products/1.2.2 Quartic/1.2.2.3 (d+e x^2)^m (a+b x^2+c x^4)^p.mac e187 (eq)
  [trace] class=deferred t=0.1s L250 returned=yes t=0.139002 calls=2 ratsimp-hits=1 exact-hits=0 unexited=0 misfire/fault-lines=0 top=1_2_2_3_r98
    fires=1_2_2_3_r98
    answer sha1=671e55439983 'integrate((x^4*(b*x^4+1)^p)/(x^8-2*x^4+1)+(2*x^2*(b*x^4+1)^p)/(x^8-2*x^4+1)+(b*x^4+1)^p/(x^8-2*x^4+1),x)
    #1 d=1 dl=1 seenp fb=false seenlen=0 seen=- out=1_2_2_3_r98 owner=- f=(b*x^4+1)^p/(1-x^2)^2
    #2 d=2 dl=2 seenp fb=true seenlen=1 seen=ratsimp@#1(idx1,live=yes) out=fall-through:seen-hit owner=1_2_2_3_r98:fired f=(x^4*(b*x^4+1)^p)/(x^8-2*x^4+1)+(2*x^2*(b*x^4+1)^p)/(x^8-2*x^4+1)+(b*x^4+1)^p/(x^8-2*x^4+1)
        matched elem=(b*x^4+1)^p/(1-x^2)^2
  [exact-only] class=contains-noun t=2.4s L250 returned=yes t=2.379032 calls=6 ratsimp-hits=0 exact-hits=0 unexited=0 misfire/fault-lines=0 top=1_2_2_3_r98
    fires=1_2_3_4_r102,1_2_3_4_r102,1_4_1_r18,1_2_3_3_r49,1_4_1_r7,1_2_2_3_r98
    answer sha1=d53a1697d809 'unintegrable[(x^4*(b*x^4+1)^p)/(x^8-2*x^4+1),x]+'unintegrable[(b*x^4+1)^p/(x^8-2*x^4+1),x]+'unintegrable[(x^2*(b*x^4+1)^p)/(x^8/2-x^4+1/2),x]
    #1 d=1 dl=1 seenp fb=false seenlen=0 seen=- out=1_2_2_3_r98 owner=- f=(b*x^4+1)^p/(1-x^2)^2
    #2 d=2 dl=2 seenp fb=true seenlen=1 seen=- out=1_4_1_r7 owner=1_2_2_3_r98:fired f=(x^4*(b*x^4+1)^p)/(x^8-2*x^4+1)+(2*x^2*(b*x^4+1)^p)/(x^8-2*x^4+1)+(b*x^4+1)^p/(x^8-2*x^4+1)
    #3 d=3 dl=3 seenp fb=true seenlen=2 seen=- out=1_2_3_4_r102 owner=1_4_1_r7:fired f=(x^4*(b*x^4+1)^p)/(x^8-2*x^4+1)
    #4 d=3 dl=3 seenp fb=true seenlen=2 seen=- out=1_4_1_r18 owner=1_4_1_r7:fired f=(2*x^2*(b*x^4+1)^p)/(x^8-2*x^4+1)
    #5 d=4 dl=4 seenp fb=true seenlen=3 seen=- out=1_2_3_4_r102 owner=1_4_1_r18:fired f=(x^2*(b*x^4+1)^p)/(x^8/2-x^4+1/2)
    #6 d=3 dl=3 seenp fb=true seenlen=2 seen=- out=1_2_3_3_r49 owner=1_4_1_r7:fired f=(b*x^4+1)^p/(x^8-2*x^4+1)
  [p0] class=verified t=5.8s L250 returned=yes t=5.76908 calls=5 ratsimp-hits=0 exact-hits=0 unexited=0 misfire/fault-lines=0 top=1_2_2_3_r98@pass2
    fires=1_4_1_r7,1_2_2_3_r98
    answer sha1=1ae36fb2d4e6 'integrate((x^4*(b*x^4+1)^p)/(x^8-2*x^4+1),x)+2*'integrate((x^2*(b*x^4+1)^p)/(x^8-2*x^4+1),x)+'integrate((b*x^4+1)^p/(x^8-2*x^4+1),x)
    #1 d=1 dl=1 p0-mr_top fb=false seenlen=0 seen=- out=1_2_2_3_r98@pass2 owner=- f=(b*x^4+1)^p/(1-x^2)^2
    #2 d=2 dl=1 p0-mr_top fb=true seenlen=0 seen=- out=1_4_1_r7@pass1 owner=1_2_2_3_r98:fired f=(x^4*(b*x^4+1)^p)/(x^8-2*x^4+1)+(2*x^2*(b*x^4+1)^p)/(x^8-2*x^4+1)+(b*x^4+1)^p/(x^8-2*x^4+1)
    #3 d=3 dl=2 p0-mr_top fb=true seenlen=1 seen=- out=fall-through:nofire owner=1_4_1_r7:fired f=(x^4*(b*x^4+1)^p)/(x^8-2*x^4+1)
    #4 d=3 dl=2 p0-mr_top fb=true seenlen=1 seen=- out=fall-through:nofire owner=1_4_1_r7:fired f=(2*x^2*(b*x^4+1)^p)/(x^8-2*x^4+1)
    #5 d=3 dl=2 p0-mr_top fb=true seenlen=1 seen=- out=fall-through:nofire owner=1_4_1_r7:fired f=(b*x^4+1)^p/(x^8-2*x^4+1)

--- c1 g49 1 Algebraic functions/1.2 Trinomial products/1.2.2 Quartic/1.2.2.3 (d+e x^2)^m (a+b x^2+c x^4)^p.mac e188 (eq)
  [trace] class=deferred t=0.2s L251 returned=yes t=0.143002 calls=2 ratsimp-hits=1 exact-hits=0 unexited=0 misfire/fault-lines=0 top=1_2_2_3_r98
    fires=1_2_2_3_r98
    answer sha1=639fa0eb1db5 'integrate((x^6*(b*x^4+1)^p)/(-x^12+3*x^8-3*x^4+1)+(3*x^4*(b*x^4+1)^p)/(-x^12+3*x^8-3*x^4+1)+(3*x^2*(b*x^4+1)^p)/(-x^12+3*x^8-3*x^4+1)+(b*x^4+1)^p/(-x^12+3*x^8-...
    #1 d=1 dl=1 seenp fb=false seenlen=0 seen=- out=1_2_2_3_r98 owner=- f=(b*x^4+1)^p/(1-x^2)^3
    #2 d=2 dl=2 seenp fb=true seenlen=1 seen=ratsimp@#1(idx1,live=yes) out=fall-through:seen-hit owner=1_2_2_3_r98:fired f=(x^6*(b*x^4+1)^p)/(-x^12+3*x^8-3*x^4+1)+(3*x^4*(b*x^4+1)^p)/(-x^12+3*x^8-3*x^4+1)+(3*x^2*(b*x^4+1)^p)/(-x^12+3...
        matched elem=(b*x^4+1)^p/(1-x^2)^3
  [exact-only] class=verified t=15.1s L251 returned=yes t=15.044206 calls=16 ratsimp-hits=0 exact-hits=4 unexited=0 misfire/fault-lines=0 top=1_2_2_3_r98
    fires=1_4_1_r18,1_3_3_r11,1_4_1_r18,1_3_3_r11,1_4_1_r18,1_4_1_r18,1_3_3_r11,1_4_1_r18,1_4_1_r18,1_3_3_r11,1_4_1_r7,1_2_2_3_r98
    answer sha1=364adff571b7 'integrate((x^4*(b*x^4+1)^p)/(-(x^12/3)+x^8-x^4+1/3),x)+'integrate((x^2*(b*x^4+1)^p)/(-(x^12/3)+x^8-x^4+1/3),x)+'integrate((x^6*(b*x^4+1)^p)/(-x^12+3*x^8-3*x^4+...
    #1 d=1 dl=1 seenp fb=false seenlen=0 seen=- out=1_2_2_3_r98 owner=- f=(b*x^4+1)^p/(1-x^2)^3
    #2 d=2 dl=2 seenp fb=true seenlen=1 seen=- out=1_4_1_r7 owner=1_2_2_3_r98:fired f=(x^6*(b*x^4+1)^p)/(-x^12+3*x^8-3*x^4+1)+(3*x^4*(b*x^4+1)^p)/(-x^12+3*x^8-3*x^4+1)+(3*x^2*(b*x^4+1)^p)/(-x^12+3...
    #3 d=3 dl=3 seenp fb=true seenlen=2 seen=- out=1_3_3_r11 owner=1_4_1_r7:fired f=(x^6*(b*x^4+1)^p)/(-x^12+3*x^8-3*x^4+1)
    #4 d=4 dl=4 seenp fb=true seenlen=3 seen=- out=1_4_1_r18 owner=1_3_3_r11:fired f=-((x^6*(b*x^4+1)^p)/(x^12-3*x^8+3*x^4-1))
    #5 d=5 dl=5 seenp fb=true seenlen=4 seen=exact@#3(idx2,live=yes) out=fall-through:seen-hit owner=1_4_1_r18:fired f=(x^6*(b*x^4+1)^p)/(-x^12+3*x^8-3*x^4+1)
        matched elem=(x^6*(b*x^4+1)^p)/(-x^12+3*x^8-3*x^4+1)
    #6 d=3 dl=3 seenp fb=true seenlen=2 seen=- out=1_4_1_r18 owner=1_4_1_r7:fired f=(3*x^4*(b*x^4+1)^p)/(-x^12+3*x^8-3*x^4+1)
    #7 d=4 dl=4 seenp fb=true seenlen=3 seen=- out=1_3_3_r11 owner=1_4_1_r18:fired f=(x^4*(b*x^4+1)^p)/(-(x^12/3)+x^8-x^4+1/3)
    #8 d=5 dl=5 seenp fb=true seenlen=4 seen=- out=1_4_1_r18 owner=1_3_3_r11:fired f=-((3*x^4*(b*x^4+1)^p)/(x^12-3*x^8+3*x^4-1))
    #9 d=6 dl=6 seenp fb=true seenlen=5 seen=exact@#7(idx2,live=yes) out=fall-through:seen-hit owner=1_4_1_r18:fired f=(x^4*(b*x^4+1)^p)/(-(x^12/3)+x^8-x^4+1/3)
        matched elem=(x^4*(b*x^4+1)^p)/(-(x^12/3)+x^8-x^4+1/3)
    #10 d=3 dl=3 seenp fb=true seenlen=2 seen=- out=1_4_1_r18 owner=1_4_1_r7:fired f=(3*x^2*(b*x^4+1)^p)/(-x^12+3*x^8-3*x^4+1)
    #11 d=4 dl=4 seenp fb=true seenlen=3 seen=- out=1_3_3_r11 owner=1_4_1_r18:fired f=(x^2*(b*x^4+1)^p)/(-(x^12/3)+x^8-x^4+1/3)
    #12 d=5 dl=5 seenp fb=true seenlen=4 seen=- out=1_4_1_r18 owner=1_3_3_r11:fired f=-((3*x^2*(b*x^4+1)^p)/(x^12-3*x^8+3*x^4-1))
    #13 d=6 dl=6 seenp fb=true seenlen=5 seen=exact@#11(idx2,live=yes) out=fall-through:seen-hit owner=1_4_1_r18:fired f=(x^2*(b*x^4+1)^p)/(-(x^12/3)+x^8-x^4+1/3)
        matched elem=(x^2*(b*x^4+1)^p)/(-(x^12/3)+x^8-x^4+1/3)
    #14 d=3 dl=3 seenp fb=true seenlen=2 seen=- out=1_3_3_r11 owner=1_4_1_r7:fired f=(b*x^4+1)^p/(-x^12+3*x^8-3*x^4+1)
    #15 d=4 dl=4 seenp fb=true seenlen=3 seen=- out=1_4_1_r18 owner=1_3_3_r11:fired f=-((b*x^4+1)^p/(x^12-3*x^8+3*x^4-1))
    #16 d=5 dl=5 seenp fb=true seenlen=4 seen=exact@#14(idx2,live=yes) out=fall-through:seen-hit owner=1_4_1_r18:fired f=(b*x^4+1)^p/(-x^12+3*x^8-3*x^4+1)
        matched elem=(b*x^4+1)^p/(-x^12+3*x^8-3*x^4+1)
  [p0] class=verified t=7.5s L251 returned=yes t=7.475103 calls=6 ratsimp-hits=0 exact-hits=0 unexited=0 misfire/fault-lines=0 top=1_2_2_3_r98@pass2
    fires=1_4_1_r7,1_2_2_3_r98
    answer sha1=6783a2624e51 'integrate((x^6*(b*x^4+1)^p)/(-x^12+3*x^8-3*x^4+1),x)+3*'integrate((x^4*(b*x^4+1)^p)/(-x^12+3*x^8-3*x^4+1),x)+3*'integrate((x^2*(b*x^4+1)^p)/(-x^12+3*x^8-3*x^4+...
    #1 d=1 dl=1 p0-mr_top fb=false seenlen=0 seen=- out=1_2_2_3_r98@pass2 owner=- f=(b*x^4+1)^p/(1-x^2)^3
    #2 d=2 dl=1 p0-mr_top fb=true seenlen=0 seen=- out=1_4_1_r7@pass1 owner=1_2_2_3_r98:fired f=(x^6*(b*x^4+1)^p)/(-x^12+3*x^8-3*x^4+1)+(3*x^4*(b*x^4+1)^p)/(-x^12+3*x^8-3*x^4+1)+(3*x^2*(b*x^4+1)^p)/(-x^12+3...
    #3 d=3 dl=2 p0-mr_top fb=true seenlen=1 seen=- out=fall-through:nofire owner=1_4_1_r7:fired f=(x^6*(b*x^4+1)^p)/(-x^12+3*x^8-3*x^4+1)
    #4 d=3 dl=2 p0-mr_top fb=true seenlen=1 seen=- out=fall-through:nofire owner=1_4_1_r7:fired f=(3*x^4*(b*x^4+1)^p)/(-x^12+3*x^8-3*x^4+1)
    #5 d=3 dl=2 p0-mr_top fb=true seenlen=1 seen=- out=fall-through:nofire owner=1_4_1_r7:fired f=(3*x^2*(b*x^4+1)^p)/(-x^12+3*x^8-3*x^4+1)
    #6 d=3 dl=2 p0-mr_top fb=true seenlen=1 seen=- out=fall-through:nofire owner=1_4_1_r7:fired f=(b*x^4+1)^p/(-x^12+3*x^8-3*x^4+1)

--- c1 g51 1 Algebraic functions/1.3 Miscellaneous/1.3.1 Rational functions.mac e127 (eq)
  [trace] class=deferred t=0.8s L182 returned=yes t=0.77301 calls=2 ratsimp-hits=0 exact-hits=1 unexited=0 misfire/fault-lines=0 top=1_4_2_r19
    fires=1_4_2_r19
    answer sha1=a5e1ed587830 'integrate(x/(-x^4+4*x^3-8*x^2+8*x+a),x)
    #1 d=1 dl=1 seenp fb=false seenlen=0 seen=- out=1_4_2_r19 owner=- f=x/(-x^4+4*x^3-8*x^2+8*x+a)
    #2 d=2 dl=2 seenp fb=true seenlen=1 seen=exact@#1(idx1,live=yes) out=fall-through:seen-hit owner=1_4_2_r19:fired f=x/(-x^4+4*x^3-8*x^2+8*x+a)
        matched elem=x/(-x^4+4*x^3-8*x^2+8*x+a)
  [exact-only] class=deferred t=0.8s L182 returned=yes t=0.774011 calls=2 ratsimp-hits=0 exact-hits=1 unexited=0 misfire/fault-lines=0 top=1_4_2_r19
    fires=1_4_2_r19
    answer sha1=a5e1ed587830 'integrate(x/(-x^4+4*x^3-8*x^2+8*x+a),x)
    #1 d=1 dl=1 seenp fb=false seenlen=0 seen=- out=1_4_2_r19 owner=- f=x/(-x^4+4*x^3-8*x^2+8*x+a)
    #2 d=2 dl=2 seenp fb=true seenlen=1 seen=exact@#1(idx1,live=yes) out=fall-through:seen-hit owner=1_4_2_r19:fired f=x/(-x^4+4*x^3-8*x^2+8*x+a)
        matched elem=x/(-x^4+4*x^3-8*x^2+8*x+a)
  [p0] class=verified t=14.3s L182 returned=yes t=6.56009 calls=6 ratsimp-hits=0 exact-hits=1 unexited=0 misfire/fault-lines=0 top=1_2_2_5_r10@pass1
    fires=1_2_1_6_r1,1_2_2_6_r2,1_2_2_5_r3,1_2_2_5_r10
    answer sha1=a74cd5da0287 -((log((x^84-84*x^83+(40*sqrt(a+4)+3528)*x^82+(-(3280*sqrt(a+4))-98728)*x^81+(134480*sqrt(a+4)+779*a+2072960)*x^80+(-(3673600*sqrt(a+4))-62320*a-34909696)*x^79+...
    #1 d=1 dl=1 p0-mr_top fb=false seenlen=0 seen=- out=1_2_2_5_r10@pass1 owner=- f=x/(-x^4+4*x^3-8*x^2+8*x+a)
    #2 d=2 dl=2 p0-mr_top fb=true seenlen=1 seen=- out=1_2_2_5_r3@pass1 owner=1_2_2_5_r10:fired f=-((x+1)/(x^4+2*x^2-a-3))
    #3 d=3 dl=3 p0-mr_top fb=true seenlen=2 seen=- out=fall-through:nofire owner=1_2_2_5_r3:fired f=-(1/(x^4+2*x^2-a-3))
    #4 d=3 dl=3 p0-mr_top fb=true seenlen=2 seen=- out=1_2_2_6_r2@pass1 owner=1_2_2_5_r3:fired f=-(x/(x^4+2*x^2-a-3))
    #5 d=4 dl=4 p0-mr_top fb=true seenlen=3 seen=- out=1_2_1_6_r1@pass1 owner=1_2_2_6_r2:fired f=-(1/(x^2+2*x-a-3))
    #6 d=5 dl=5 p0-mr_top fb=true seenlen=4 seen=exact@#5(idx1,live=yes) out=fall-through:seen-hit owner=1_2_1_6_r1:fired f=-(1/(x^2+2*x-a-3))
        matched elem=-(1/(x^2+2*x-a-3))

--- c1 g51 1 Algebraic functions/1.3 Miscellaneous/1.3.1 Rational functions.mac e491 (eq)
  [trace] class=deferred t=0.2s L652 returned=yes t=0.193002 calls=2 ratsimp-hits=1 exact-hits=0 unexited=0 misfire/fault-lines=0 top=1_4_2_r19
    fires=1_4_2_r19
    answer sha1=687a6813b947 'integrate(x^2/(x^4-2*x^2+2),x)
    #1 d=1 dl=1 seenp fb=false seenlen=0 seen=- out=1_4_2_r19 owner=- f=x^2/((x^2-1)^2+1)
    #2 d=2 dl=2 seenp fb=true seenlen=1 seen=ratsimp@#1(idx1,live=yes) out=fall-through:seen-hit owner=1_4_2_r19:fired f=x^2/(x^4-2*x^2+2)
        matched elem=x^2/((x^2-1)^2+1)
  [exact-only] class=verified t=0.9s L652 returned=yes t=0.854011 calls=10 ratsimp-hits=0 exact-hits=0 unexited=0 misfire/fault-lines=0 top=1_4_2_r19
    fires=1_1_2_1_r11,1_2_1_1_r12,1_1_2_1_r11,1_2_1_1_r12,1_2_2_3_r19,1_2_1_2_r3,1_2_1_2_r3,1_2_2_3_r22,1_2_2_2_r21,1_4_2_r19
    answer sha1=72a234fcc55d (atan((2*sqrt(2^(3/2)-2)*x+sqrt(2^(3/2)-2)*sqrt(2^(3/2)+2))/(2^(3/2)-2))/sqrt(2^(3/2)-2)+atan((2*sqrt(2^(3/2)-2)*x-sqrt(2^(3/2)-2)*sqrt(2^(3/2)+2))/(2^(3/2)-2))...
    #1 d=1 dl=1 seenp fb=false seenlen=0 seen=- out=1_4_2_r19 owner=- f=x^2/((x^2-1)^2+1)
    #2 d=2 dl=2 seenp fb=true seenlen=1 seen=- out=1_2_2_2_r21 owner=1_4_2_r19:fired f=x^2/(x^4-2*x^2+2)
    #3 d=3 dl=3 seenp fb=true seenlen=2 seen=- out=1_2_2_3_r19 owner=1_2_2_2_r21:fired f=(x^2+sqrt(2))/(x^4-2*x^2+2)
    #4 d=4 dl=4 seenp fb=true seenlen=3 seen=- out=1_2_1_1_r12 owner=1_2_2_3_r19:fired f=1/(x^2+sqrt(2^(3/2)+2)*x+sqrt(2))
    #5 d=5 dl=5 seenp fb=true seenlen=4 seen=- out=1_1_2_1_r11 owner=1_2_1_1_r12:fired f=1/(-x^2-2^(3/2)+2)
    #6 d=4 dl=4 seenp fb=true seenlen=3 seen=- out=1_2_1_1_r12 owner=1_2_2_3_r19:fired f=1/(x^2-sqrt(2^(3/2)+2)*x+sqrt(2))
    #7 d=5 dl=5 seenp fb=true seenlen=4 seen=- out=1_1_2_1_r11 owner=1_2_1_1_r12:fired f=1/(-x^2-2^(3/2)+2)
    #8 d=3 dl=3 seenp fb=true seenlen=2 seen=- out=1_2_2_3_r22 owner=1_2_2_2_r21:fired f=(sqrt(2)-x^2)/(x^4-2*x^2+2)
    #9 d=4 dl=4 seenp fb=true seenlen=3 seen=- out=1_2_1_2_r3 owner=1_2_2_3_r22:fired f=(sqrt(2^(3/2)+2)-2*x)/(-x^2+sqrt(2^(3/2)+2)*x-sqrt(2))
    #10 d=4 dl=4 seenp fb=true seenlen=3 seen=- out=1_2_1_2_r3 owner=1_2_2_3_r22:fired f=(2*x+sqrt(2^(3/2)+2))/(-x^2-sqrt(2^(3/2)+2)*x-sqrt(2))
  [p0] class=verified t=1.4s L652 returned=yes t=1.378018 calls=15 ratsimp-hits=0 exact-hits=0 unexited=0 misfire/fault-lines=0 top=1_2_2_2_r21@pass1
    fires=1_1_2_1_r11,1_2_1_1_r12,1_1_2_1_r11,1_2_1_1_r12,1_2_2_3_r19,1_1_2_1_r11,1_2_1_1_r12,1_2_1_2_r3,1_2_1_2_r9,1_1_2_1_r11,1_2_1_1_r12,1_2_1_2_r3,1_2_1_2_r9,1_2_2_3_r22,1_2_2_2_r21
    answer sha1=626d5e800b3e (atan((sqrt(2)*x+sqrt(sqrt(2)+1))/sqrt(sqrt(2)-1))/(sqrt(2)*sqrt(sqrt(2)-1))+atan((sqrt(2)*x-sqrt(sqrt(2)+1))/sqrt(sqrt(2)-1))/(sqrt(2)*sqrt(sqrt(2)-1)))/2-(-((...
    #1 d=1 dl=1 p0-mr_top fb=false seenlen=0 seen=- out=1_2_2_2_r21@pass1 owner=- f=x^2/((x^2-1)^2+1)
    #2 d=2 dl=2 p0-mr_top fb=true seenlen=1 seen=- out=1_2_2_3_r19@pass1 owner=1_2_2_2_r21:fired f=(x^2+sqrt(2))/(x^4-2*x^2+2)
    #3 d=3 dl=3 p0-mr_top fb=true seenlen=2 seen=- out=1_2_1_1_r12@pass1 owner=1_2_2_3_r19:fired f=1/(x^2+sqrt(2)*sqrt(sqrt(2)+1)*x+sqrt(2))
    #4 d=4 dl=4 p0-mr_top fb=true seenlen=3 seen=- out=1_1_2_1_r11@pass1 owner=1_2_1_1_r12:fired f=1/(-x^2-2^(3/2)+2)
    #5 d=3 dl=3 p0-mr_top fb=true seenlen=2 seen=- out=1_2_1_1_r12@pass1 owner=1_2_2_3_r19:fired f=1/(x^2-sqrt(2)*sqrt(sqrt(2)+1)*x+sqrt(2))
    #6 d=4 dl=4 p0-mr_top fb=true seenlen=3 seen=- out=1_1_2_1_r11@pass1 owner=1_2_1_1_r12:fired f=1/(-x^2-2^(3/2)+2)
    #7 d=2 dl=2 p0-mr_top fb=true seenlen=1 seen=- out=1_2_2_3_r22@pass1 owner=1_2_2_2_r21:fired f=(sqrt(2)-x^2)/(x^4-2*x^2+2)
    #8 d=3 dl=3 p0-mr_top fb=true seenlen=2 seen=- out=1_2_1_2_r9@pass1 owner=1_2_2_3_r22:fired f=(sqrt(2^(3/2)+2)-2*x)/(-x^2+sqrt(2)*sqrt(sqrt(2)+1)*x-sqrt(2))
    #9 d=4 dl=4 p0-mr_top fb=true seenlen=3 seen=- out=1_2_1_1_r12@pass1 owner=1_2_1_2_r9:fired f=1/(-x^2+sqrt(2)*sqrt(sqrt(2)+1)*x-sqrt(2))
    #10 d=5 dl=5 p0-mr_top fb=true seenlen=4 seen=- out=1_1_2_1_r11@pass1 owner=1_2_1_1_r12:fired f=1/(-x^2-2^(3/2)+2)
    #11 d=4 dl=4 p0-mr_top fb=true seenlen=3 seen=- out=1_2_1_2_r3@pass1 owner=1_2_1_2_r9:fired f=(sqrt(2)*sqrt(sqrt(2)+1)-2*x)/(-x^2+sqrt(2)*sqrt(sqrt(2)+1)*x-sqrt(2))
    #12 d=3 dl=3 p0-mr_top fb=true seenlen=2 seen=- out=1_2_1_2_r9@pass1 owner=1_2_2_3_r22:fired f=(2*x+sqrt(2^(3/2)+2))/(-x^2-sqrt(2)*sqrt(sqrt(2)+1)*x-sqrt(2))
    #13 d=4 dl=4 p0-mr_top fb=true seenlen=3 seen=- out=1_2_1_1_r12@pass1 owner=1_2_1_2_r9:fired f=1/(-x^2-sqrt(2)*sqrt(sqrt(2)+1)*x-sqrt(2))
    #14 d=5 dl=5 p0-mr_top fb=true seenlen=4 seen=- out=1_1_2_1_r11@pass1 owner=1_2_1_1_r12:fired f=1/(-x^2-2^(3/2)+2)
    #15 d=4 dl=4 p0-mr_top fb=true seenlen=3 seen=- out=1_2_1_2_r3@pass1 owner=1_2_1_2_r9:fired f=(-(2*x)-sqrt(2)*sqrt(sqrt(2)+1))/(-x^2-sqrt(2)*sqrt(sqrt(2)+1)*x-sqrt(2))

--- c1 g51 1 Algebraic functions/1.3 Miscellaneous/1.3.2 Algebraic functions.mac e631 (eq)
  [trace] class=deferred t=0.8s L854 returned=yes t=0.74301 calls=2 ratsimp-hits=0 exact-hits=1 unexited=0 misfire/fault-lines=0 top=1_4_2_r19
    fires=1_4_2_r19
    answer sha1=df50bccc5bea 'integrate(x/sqrt(-x^4+4*x^3-8*x^2+8*x+a),x)
    #1 d=1 dl=1 seenp fb=false seenlen=0 seen=- out=1_4_2_r19 owner=- f=x/sqrt(-x^4+4*x^3-8*x^2+8*x+a)
    #2 d=2 dl=2 seenp fb=true seenlen=1 seen=exact@#1(idx1,live=yes) out=fall-through:seen-hit owner=1_4_2_r19:fired f=x/sqrt(-x^4+4*x^3-8*x^2+8*x+a)
        matched elem=x/sqrt(-x^4+4*x^3-8*x^2+8*x+a)
  [exact-only] class=deferred t=0.8s L854 returned=yes t=0.749011 calls=2 ratsimp-hits=0 exact-hits=1 unexited=0 misfire/fault-lines=0 top=1_4_2_r19
    fires=1_4_2_r19
    answer sha1=df50bccc5bea 'integrate(x/sqrt(-x^4+4*x^3-8*x^2+8*x+a),x)
    #1 d=1 dl=1 seenp fb=false seenlen=0 seen=- out=1_4_2_r19 owner=- f=x/sqrt(-x^4+4*x^3-8*x^2+8*x+a)
    #2 d=2 dl=2 seenp fb=true seenlen=1 seen=exact@#1(idx1,live=yes) out=fall-through:seen-hit owner=1_4_2_r19:fired f=x/sqrt(-x^4+4*x^3-8*x^2+8*x+a)
        matched elem=x/sqrt(-x^4+4*x^3-8*x^2+8*x+a)
  [p0] class=verified t=2.6s L854 returned=yes t=2.570036 calls=2 ratsimp-hits=0 exact-hits=0 unexited=0 misfire/fault-lines=0 top=1_2_2_5_r10@pass1
    fires=1_2_2_5_r10
    answer sha1=c8e366e67213 -'integrate((x*sqrt(-x^4+4*x^3-8*x^2+8*x+a))/(x^4-4*x^3+8*x^2-8*x-a),x-1)
    #1 d=1 dl=1 p0-mr_top fb=false seenlen=0 seen=- out=1_2_2_5_r10@pass1 owner=- f=x/sqrt(-x^4+4*x^3-8*x^2+8*x+a)
    #2 d=2 dl=2 p0-mr_top fb=true seenlen=1 seen=- out=fall-through:nofire owner=1_2_2_5_r10:fired f=-((x*sqrt(-x^4-2*x^2+a+3)+sqrt(-x^4-2*x^2+a+3))/(x^4+2*x^2-a-3))

--- c1 g51 1 Algebraic functions/1.3 Miscellaneous/1.3.2 Algebraic functions.mac e633 (eq)
  [trace] class=deferred t=0.8s L856 returned=yes t=0.760011 calls=2 ratsimp-hits=0 exact-hits=1 unexited=0 misfire/fault-lines=0 top=1_4_2_r19
    fires=1_4_2_r19
    answer sha1=83c09c49ce13 'integrate(x/(-x^4+4*x^3-8*x^2+8*x+a)^(5/2),x)
    #1 d=1 dl=1 seenp fb=false seenlen=0 seen=- out=1_4_2_r19 owner=- f=x/(-x^4+4*x^3-8*x^2+8*x+a)^(5/2)
    #2 d=2 dl=2 seenp fb=true seenlen=1 seen=exact@#1(idx1,live=yes) out=fall-through:seen-hit owner=1_4_2_r19:fired f=x/(-x^4+4*x^3-8*x^2+8*x+a)^(5/2)
        matched elem=x/(-x^4+4*x^3-8*x^2+8*x+a)^(5/2)
  [exact-only] class=deferred t=0.8s L856 returned=yes t=0.767011 calls=2 ratsimp-hits=0 exact-hits=1 unexited=0 misfire/fault-lines=0 top=1_4_2_r19
    fires=1_4_2_r19
    answer sha1=83c09c49ce13 'integrate(x/(-x^4+4*x^3-8*x^2+8*x+a)^(5/2),x)
    #1 d=1 dl=1 seenp fb=false seenlen=0 seen=- out=1_4_2_r19 owner=- f=x/(-x^4+4*x^3-8*x^2+8*x+a)^(5/2)
    #2 d=2 dl=2 seenp fb=true seenlen=1 seen=exact@#1(idx1,live=yes) out=fall-through:seen-hit owner=1_4_2_r19:fired f=x/(-x^4+4*x^3-8*x^2+8*x+a)^(5/2)
        matched elem=x/(-x^4+4*x^3-8*x^2+8*x+a)^(5/2)
  [p0] class=verified t=2.3s L856 returned=yes t=2.318031 calls=3 ratsimp-hits=1 exact-hits=0 unexited=0 misfire/fault-lines=0 top=1_2_2_5_r10@pass1
    fires=1_3_3_r11,1_2_2_5_r10
    answer sha1=fccc5dca02f4 -'integrate((x*sqrt(-x^4+4*x^3-8*x^2+8*x+a))/(x^12-12*x^11+72*x^10-280*x^9+(768-3*a)*x^8+(24*a-1536)*x^7+(2240-96*a)*x^6+(240*a-2304)*x^5+(3*a^2-384*a+1536)*x^4...
    #1 d=1 dl=1 p0-mr_top fb=false seenlen=0 seen=- out=1_2_2_5_r10@pass1 owner=- f=x/(-x^4+4*x^3-8*x^2+8*x+a)^(5/2)
    #2 d=2 dl=2 p0-mr_top fb=true seenlen=1 seen=- out=1_3_3_r11@pass1 owner=1_2_2_5_r10:fired f=-((x*sqrt(-x^4-2*x^2+a+3)+sqrt(-x^4-2*x^2+a+3))/(x^12+6*x^10+(3-3*a)*x^8+(-(12*a)-28)*x^6+(3*a^2+6*a-9)*x^4+(6...
    #3 d=3 dl=3 p0-mr_top fb=true seenlen=2 seen=ratsimp@#2(idx1,live=yes) out=fall-through:seen-hit owner=1_3_3_r11:fired f=(-(x*sqrt(-x^4-2*x^2+a+3))-sqrt(-x^4-2*x^2+a+3))/(x^12+6*x^10-3*a*x^8+3*x^8-12*a*x^6-28*x^6+3*a^2*x^4+6*a*x^4-...
        matched elem=-((x*sqrt(-x^4-2*x^2+a+3)+sqrt(-x^4-2*x^2+a+3))/(x^12+6*x^10+(3-3*a)*x^8+(-(12*a)-28)*x^6+(3*a^2+6*a-9)*x^4+(6...

--- c1 g51 1 Algebraic functions/1.3 Miscellaneous/1.3.2 Algebraic functions.mac e863 (eq)
  [trace] class=deferred t=1.3s L1148 returned=yes t=1.311018 calls=2 ratsimp-hits=0 exact-hits=1 unexited=0 misfire/fault-lines=0 top=1_4_2_r19
    fires=1_4_2_r19
    answer sha1=4de56bee158d 'integrate(x/sqrt(b*d^4*x^4+4*b*c*d^3*x^3+6*b*c^2*d^2*x^2+4*b*c^3*d*x+b*c^4+a),x)
    #1 d=1 dl=1 seenp fb=false seenlen=0 seen=- out=1_4_2_r19 owner=- f=x/sqrt(b*d^4*x^4+4*b*c*d^3*x^3+6*b*c^2*d^2*x^2+4*b*c^3*d*x+b*c^4+a)
    #2 d=2 dl=2 seenp fb=true seenlen=1 seen=exact@#1(idx1,live=yes) out=fall-through:seen-hit owner=1_4_2_r19:fired f=x/sqrt(b*d^4*x^4+4*b*c*d^3*x^3+6*b*c^2*d^2*x^2+4*b*c^3*d*x+b*c^4+a)
        matched elem=x/sqrt(b*d^4*x^4+4*b*c*d^3*x^3+6*b*c^2*d^2*x^2+4*b*c^3*d*x+b*c^4+a)
  [exact-only] class=deferred t=1.3s L1148 returned=yes t=1.300017 calls=2 ratsimp-hits=0 exact-hits=1 unexited=0 misfire/fault-lines=0 top=1_4_2_r19
    fires=1_4_2_r19
    answer sha1=4de56bee158d 'integrate(x/sqrt(b*d^4*x^4+4*b*c*d^3*x^3+6*b*c^2*d^2*x^2+4*b*c^3*d*x+b*c^4+a),x)
    #1 d=1 dl=1 seenp fb=false seenlen=0 seen=- out=1_4_2_r19 owner=- f=x/sqrt(b*d^4*x^4+4*b*c*d^3*x^3+6*b*c^2*d^2*x^2+4*b*c^3*d*x+b*c^4+a)
    #2 d=2 dl=2 seenp fb=true seenlen=1 seen=exact@#1(idx1,live=yes) out=fall-through:seen-hit owner=1_4_2_r19:fired f=x/sqrt(b*d^4*x^4+4*b*c*d^3*x^3+6*b*c^2*d^2*x^2+4*b*c^3*d*x+b*c^4+a)
        matched elem=x/sqrt(b*d^4*x^4+4*b*c*d^3*x^3+6*b*c^2*d^2*x^2+4*b*c^3*d*x+b*c^4+a)
  [p0] class=verified t=5.1s L1148 returned=yes t=5.12507 calls=9 ratsimp-hits=0 exact-hits=0 unexited=0 misfire/fault-lines=0 top=1_2_2_5_r10@pass1
    fires=1_1_3_1_r33,1_1_2_3_r5,1_2_2_1_r17,1_4_1_r23,1_1_2_1_r13,1_1_2_2_r33,1_2_2_2_r1,1_2_2_5_r3,1_2_2_5_r10
    answer sha1=4fd78ee13060 -((4*sqrt(b)*c*d*sqrt(-(%i*sqrt(b)*d^2*x^2)-2*%i*sqrt(b)*c*d*x-%i*sqrt(b)*c^2+sqrt(a))*sqrt(%i*sqrt(b)*d^2*x^2+2*%i*sqrt(b)*c*d*x+%i*sqrt(b)*c^2+sqrt(a))*ellipt...
    #1 d=1 dl=1 p0-mr_top fb=false seenlen=0 seen=- out=1_2_2_5_r10@pass1 owner=- f=x/sqrt(b*d^4*x^4+4*b*c*d^3*x^3+6*b*c^2*d^2*x^2+4*b*c^3*d*x+b*c^4+a)
    #2 d=2 dl=2 p0-mr_top fb=true seenlen=1 seen=- out=1_2_2_5_r3@pass1 owner=1_2_2_5_r10:fired f=(d*x-c)/(d*sqrt(b*d^4*x^4+a))
    #3 d=3 dl=3 p0-mr_top fb=true seenlen=2 seen=- out=1_4_1_r23@pass1 owner=1_2_2_5_r3:fired f=-(c/(d*sqrt(b*d^4*x^4+a)))
    #4 d=4 dl=4 p0-mr_top fb=true seenlen=3 seen=- out=1_2_2_1_r17@pass1 owner=1_4_1_r23:fired f=1/sqrt(b*d^4*x^4+a)
    #5 d=5 dl=5 p0-mr_top fb=true seenlen=4 seen=- out=1_1_2_3_r5@pass1 owner=1_2_2_1_r17:fired f=1/(sqrt(1-(%i*sqrt(b)*d^2*x^2)/sqrt(a))*sqrt((%i*sqrt(b)*d^2*x^2)/sqrt(a)+1))
    #6 d=6 dl=6 p0-mr_top fb=true seenlen=5 seen=- out=1_1_3_1_r33@pass1 owner=1_1_2_3_r5:fired f=1/sqrt((b*d^4*x^4)/a+1)
    #7 d=3 dl=3 p0-mr_top fb=true seenlen=2 seen=- out=1_2_2_2_r1@pass1 owner=1_2_2_5_r3:fired f=x/sqrt(b*d^4*x^4+a)
    #8 d=4 dl=4 p0-mr_top fb=true seenlen=3 seen=- out=1_1_2_2_r33@pass1 owner=1_2_2_2_r1:fired f=1/sqrt(b*d^4*x^2+a)
    #9 d=5 dl=5 p0-mr_top fb=true seenlen=4 seen=- out=1_1_2_1_r13@pass1 owner=1_1_2_2_r33:fired f=1/(1-b*d^4*x^2)

--- c1 g73 1 Algebraic functions/1.1 Binomial products/1.1.1 Linear/1.1.1.3 (a+b x)^m (c+d x)^n (e+f x)^p.mac e925 (eq)
  [trace] class=deferred t=0.1s L1124 returned=yes t=0.091001 calls=2 ratsimp-hits=0 exact-hits=1 unexited=0 misfire/fault-lines=0 top=1_1_1_3_r17
    fires=1_1_1_3_r17
    answer sha1=be37e227f169 'integrate((x^2*(b*x+a)^n)/(d*x+c),x)
    #1 d=1 dl=1 seenp fb=false seenlen=0 seen=- out=1_1_1_3_r17 owner=- f=(x^2*(b*x+a)^n)/(d*x+c)
    #2 d=2 dl=2 seenp fb=true seenlen=1 seen=exact@#1(idx1,live=yes) out=fall-through:seen-hit owner=1_1_1_3_r17:fired f=(x^2*(b*x+a)^n)/(d*x+c)
        matched elem=(x^2*(b*x+a)^n)/(d*x+c)
  [exact-only] class=deferred t=0.1s L1124 returned=yes t=0.091001 calls=2 ratsimp-hits=0 exact-hits=1 unexited=0 misfire/fault-lines=0 top=1_1_1_3_r17
    fires=1_1_1_3_r17
    answer sha1=be37e227f169 'integrate((x^2*(b*x+a)^n)/(d*x+c),x)
    #1 d=1 dl=1 seenp fb=false seenlen=0 seen=- out=1_1_1_3_r17 owner=- f=(x^2*(b*x+a)^n)/(d*x+c)
    #2 d=2 dl=2 seenp fb=true seenlen=1 seen=exact@#1(idx1,live=yes) out=fall-through:seen-hit owner=1_1_1_3_r17:fired f=(x^2*(b*x+a)^n)/(d*x+c)
        matched elem=(x^2*(b*x+a)^n)/(d*x+c)
  [p0] class=verified t=1.1s L1124 returned=yes t=1.116015 calls=5 ratsimp-hits=0 exact-hits=1 unexited=0 misfire/fault-lines=0 top=1_1_1_3_r19@pass1
    fires=1_1_1_4_r46,1_3_4_r1,1_1_1_3_r8,1_1_1_3_r19
    answer sha1=8ec742b3517e (((-(b*c*(n+1)*(-(b*c*n)-a*d-2*b*c))-a*b*c*d*(n+1))*'integrate((b*x+a)^n/(d*x+c),b*x+a))/(b^2*d*(n+1))+((-(b*c*n)-a*d-2*b*c)*(b*x+a)^(n+1))/(b*d*(n+1)))/(b*d*(n...
    #1 d=1 dl=1 p0-mr_top fb=false seenlen=0 seen=- out=1_1_1_3_r19@pass1 owner=- f=(x^2*(b*x+a)^n)/(d*x+c)
    #2 d=2 dl=2 p0-mr_top fb=true seenlen=1 seen=- out=1_1_1_3_r8@pass1 owner=1_1_1_3_r19:fired f=((b*x+a)^n*((-(b*c*n)-a*d-2*b*c)*x-a*c))/(d*x+c)
    #3 d=3 dl=3 p0-mr_top fb=true seenlen=2 seen=- out=1_3_4_r1@pass1 owner=1_1_1_3_r8:fired f=(b*x+a)^n/(d*x+c)
    #4 d=4 dl=4 p0-mr_top fb=true seenlen=3 seen=- out=1_1_1_4_r46@pass1 owner=1_3_4_r1:fired f=x^n/((d*x)/b-(a*d)/b+c)
    #5 d=5 dl=5 p0-mr_top fb=true seenlen=4 seen=exact@#4(idx1,live=yes) out=fall-through:seen-hit owner=1_1_1_4_r46:fired f=x^n/((d*x)/b-(a*d)/b+c)
        matched elem=x^n/((d*x)/b-(a*d)/b+c)

--- c1 g73 1 Algebraic functions/1.1 Binomial products/1.1.1 Linear/1.1.1.3 (a+b x)^m (c+d x)^n (e+f x)^p.mac e3181 (eq)
  [trace] class=deferred t=0.1s L3624 returned=yes t=0.092001 calls=2 ratsimp-hits=1 exact-hits=0 unexited=0 misfire/fault-lines=0 top=1_1_1_3_r17
    fires=1_1_1_3_r17
    answer sha1=713bf4b4edd2 'integrate((125*x^3*(3*x+2)^m)/(1-2*x)+(225*x^2*(3*x+2)^m)/(1-2*x)+(135*x*(3*x+2)^m)/(1-2*x)+(27*(3*x+2)^m)/(1-2*x),x)
    #1 d=1 dl=1 seenp fb=false seenlen=0 seen=- out=1_1_1_3_r17 owner=- f=((3*x+2)^m*(5*x+3)^3)/(1-2*x)
    #2 d=2 dl=2 seenp fb=true seenlen=1 seen=ratsimp@#1(idx1,live=yes) out=fall-through:seen-hit owner=1_1_1_3_r17:fired f=(125*x^3*(3*x+2)^m)/(1-2*x)+(225*x^2*(3*x+2)^m)/(1-2*x)+(135*x*(3*x+2)^m)/(1-2*x)+(27*(3*x+2)^m)/(1-2*x)
        matched elem=((3*x+2)^m*(5*x+3)^3)/(1-2*x)
  [exact-only] class=unverified t=2.4s L3624 returned=yes t=2.342033 calls=13 ratsimp-hits=0 exact-hits=2 unexited=0 misfire/fault-lines=0 top=1_1_1_3_r17
    fires=1_1_1_3_r17,1_4_1_r18,1_1_1_3_r17,1_4_1_r18,1_1_1_2_r37,1_1_1_3_r8,1_4_1_r18,1_1_1_2_r37,1_4_1_r18,1_4_1_r7,1_1_1_3_r17
    answer sha1=990be9ea0f4f 'integrate((x^3*(3*x+2)^m)/(1/125-(2*x)/125),x)+'integrate((x^2*(3*x+2)^m)/(1/225-(2*x)/225),x)+(27*hypergeometric([1,m+1],[m+2],(2*(3*x+2))/7)*(3*x+2)^(m+1))/(...
    #1 d=1 dl=1 seenp fb=false seenlen=0 seen=- out=1_1_1_3_r17 owner=- f=((3*x+2)^m*(5*x+3)^3)/(1-2*x)
    #2 d=2 dl=2 seenp fb=true seenlen=1 seen=- out=1_4_1_r7 owner=1_1_1_3_r17:fired f=(125*x^3*(3*x+2)^m)/(1-2*x)+(225*x^2*(3*x+2)^m)/(1-2*x)+(135*x*(3*x+2)^m)/(1-2*x)+(27*(3*x+2)^m)/(1-2*x)
    #3 d=3 dl=3 seenp fb=true seenlen=2 seen=- out=1_4_1_r18 owner=1_4_1_r7:fired f=(125*x^3*(3*x+2)^m)/(1-2*x)
    #4 d=4 dl=4 seenp fb=true seenlen=3 seen=- out=1_1_1_3_r17 owner=1_4_1_r18:fired f=(x^3*(3*x+2)^m)/(1/125-(2*x)/125)
    #5 d=5 dl=5 seenp fb=true seenlen=4 seen=exact@#4(idx1,live=yes) out=fall-through:seen-hit owner=1_1_1_3_r17:fired f=(x^3*(3*x+2)^m)/(1/125-(2*x)/125)
        matched elem=(x^3*(3*x+2)^m)/(1/125-(2*x)/125)
    #6 d=3 dl=3 seenp fb=true seenlen=2 seen=- out=1_4_1_r18 owner=1_4_1_r7:fired f=(225*x^2*(3*x+2)^m)/(1-2*x)
    #7 d=4 dl=4 seenp fb=true seenlen=3 seen=- out=1_1_1_3_r17 owner=1_4_1_r18:fired f=(x^2*(3*x+2)^m)/(1/225-(2*x)/225)
    #8 d=5 dl=5 seenp fb=true seenlen=4 seen=exact@#7(idx1,live=yes) out=fall-through:seen-hit owner=1_1_1_3_r17:fired f=(x^2*(3*x+2)^m)/(1/225-(2*x)/225)
        matched elem=(x^2*(3*x+2)^m)/(1/225-(2*x)/225)
    #9 d=3 dl=3 seenp fb=true seenlen=2 seen=- out=1_4_1_r18 owner=1_4_1_r7:fired f=(135*x*(3*x+2)^m)/(1-2*x)
    #10 d=4 dl=4 seenp fb=true seenlen=3 seen=- out=1_1_1_3_r8 owner=1_4_1_r18:fired f=(x*(3*x+2)^m)/(1/135-(2*x)/135)
    #11 d=5 dl=5 seenp fb=true seenlen=4 seen=- out=1_1_1_2_r37 owner=1_1_1_3_r8:fired f=(3*x+2)^m/(1/135-(2*x)/135)
    #12 d=3 dl=3 seenp fb=true seenlen=2 seen=- out=1_4_1_r18 owner=1_4_1_r7:fired f=(27*(3*x+2)^m)/(1-2*x)
    #13 d=4 dl=4 seenp fb=true seenlen=3 seen=- out=1_1_1_2_r37 owner=1_4_1_r18:fired f=(3*x+2)^m/(1/27-(2*x)/27)
  [p0] class=verified t=0.6s L3624 returned=yes t=0.562008 calls=3 ratsimp-hits=0 exact-hits=1 unexited=0 misfire/fault-lines=0 top=1_1_1_3_r29@pass1
    fires=1_4_2_r25,1_1_1_3_r29
    answer sha1=dd4da7a06863 -(('integrate(((3*x+2)^m*(5*x+3)*((-(165*m)-475)*x-99*m-307))/(1-2*x),x))/(6*(m+3)))-(5*(3*x+2)^(m+1)*(5*x+3)^2)/(6*(m+3))
    #1 d=1 dl=1 p0-mr_top fb=false seenlen=0 seen=- out=1_1_1_3_r29@pass1 owner=- f=((3*x+2)^m*(5*x+3)^3)/(1-2*x)
    #2 d=2 dl=2 p0-mr_top fb=true seenlen=1 seen=- out=1_4_2_r25@pass1 owner=1_1_1_3_r29:fired f=((3*x+2)^m*(5*x+3)*((-(165*m)-475)*x-99*m-307))/(1-2*x)
    #3 d=3 dl=3 p0-mr_top fb=true seenlen=2 seen=exact@#2(idx1,live=yes) out=fall-through:seen-hit owner=1_4_2_r25:fired f=((3*x+2)^m*(5*x+3)*((-(165*m)-475)*x-99*m-307))/(1-2*x)
        matched elem=((3*x+2)^m*(5*x+3)*((-(165*m)-475)*x-99*m-307))/(1-2*x)

--- c1 g73 1 Algebraic functions/1.1 Binomial products/1.1.1 Linear/1.1.1.3 (a+b x)^m (c+d x)^n (e+f x)^p.mac e3182 (eq)
  [trace] class=deferred t=0.1s L3625 returned=yes t=0.094001 calls=2 ratsimp-hits=1 exact-hits=0 unexited=0 misfire/fault-lines=0 top=1_1_1_3_r17
    fires=1_1_1_3_r17
    answer sha1=86abfe656580 'integrate((25*x^2*(3*x+2)^m)/(1-2*x)+(30*x*(3*x+2)^m)/(1-2*x)+(9*(3*x+2)^m)/(1-2*x),x)
    #1 d=1 dl=1 seenp fb=false seenlen=0 seen=- out=1_1_1_3_r17 owner=- f=((3*x+2)^m*(5*x+3)^2)/(1-2*x)
    #2 d=2 dl=2 seenp fb=true seenlen=1 seen=ratsimp@#1(idx1,live=yes) out=fall-through:seen-hit owner=1_1_1_3_r17:fired f=(25*x^2*(3*x+2)^m)/(1-2*x)+(30*x*(3*x+2)^m)/(1-2*x)+(9*(3*x+2)^m)/(1-2*x)
        matched elem=((3*x+2)^m*(5*x+3)^2)/(1-2*x)
  [exact-only] class=unverified t=1.5s L3625 returned=yes t=1.52702 calls=10 ratsimp-hits=0 exact-hits=1 unexited=0 misfire/fault-lines=0 top=1_1_1_3_r17
    fires=1_1_1_3_r17,1_4_1_r18,1_1_1_2_r37,1_1_1_3_r8,1_4_1_r18,1_1_1_2_r37,1_4_1_r18,1_4_1_r7,1_1_1_3_r17
    answer sha1=e17761b61467 'integrate((x^2*(3*x+2)^m)/(1/25-(2*x)/25),x)+(24*hypergeometric([1,m+1],[m+2],(2*(3*x+2))/7)*(3*x+2)^(m+1))/(7*(m+1))-(5*(3*x+2)^(m+1))/(m+1)
    #1 d=1 dl=1 seenp fb=false seenlen=0 seen=- out=1_1_1_3_r17 owner=- f=((3*x+2)^m*(5*x+3)^2)/(1-2*x)
    #2 d=2 dl=2 seenp fb=true seenlen=1 seen=- out=1_4_1_r7 owner=1_1_1_3_r17:fired f=(25*x^2*(3*x+2)^m)/(1-2*x)+(30*x*(3*x+2)^m)/(1-2*x)+(9*(3*x+2)^m)/(1-2*x)
    #3 d=3 dl=3 seenp fb=true seenlen=2 seen=- out=1_4_1_r18 owner=1_4_1_r7:fired f=(25*x^2*(3*x+2)^m)/(1-2*x)
    #4 d=4 dl=4 seenp fb=true seenlen=3 seen=- out=1_1_1_3_r17 owner=1_4_1_r18:fired f=(x^2*(3*x+2)^m)/(1/25-(2*x)/25)
    #5 d=5 dl=5 seenp fb=true seenlen=4 seen=exact@#4(idx1,live=yes) out=fall-through:seen-hit owner=1_1_1_3_r17:fired f=(x^2*(3*x+2)^m)/(1/25-(2*x)/25)
        matched elem=(x^2*(3*x+2)^m)/(1/25-(2*x)/25)
    #6 d=3 dl=3 seenp fb=true seenlen=2 seen=- out=1_4_1_r18 owner=1_4_1_r7:fired f=(30*x*(3*x+2)^m)/(1-2*x)
    #7 d=4 dl=4 seenp fb=true seenlen=3 seen=- out=1_1_1_3_r8 owner=1_4_1_r18:fired f=(x*(3*x+2)^m)/(1/30-x/15)
    #8 d=5 dl=5 seenp fb=true seenlen=4 seen=- out=1_1_1_2_r37 owner=1_1_1_3_r8:fired f=(3*x+2)^m/(1/30-x/15)
    #9 d=3 dl=3 seenp fb=true seenlen=2 seen=- out=1_4_1_r18 owner=1_4_1_r7:fired f=(9*(3*x+2)^m)/(1-2*x)
    #10 d=4 dl=4 seenp fb=true seenlen=3 seen=- out=1_1_1_2_r37 owner=1_4_1_r18:fired f=(3*x+2)^m/(1/9-(2*x)/9)
  [p0] class=verified t=0.6s L3625 returned=yes t=0.546007 calls=3 ratsimp-hits=0 exact-hits=1 unexited=0 misfire/fault-lines=0 top=1_1_1_3_r19@pass1
    fires=1_4_2_r25,1_1_1_3_r19
    answer sha1=b2fdf6898ec4 -(('integrate(((3*x+2)^m*((-(165*m)-320)*x-99*m-203))/(1-2*x),x))/(6*(m+2)))-(5*(3*x+2)^(m+1)*(5*x+3))/(6*(m+2))
    #1 d=1 dl=1 p0-mr_top fb=false seenlen=0 seen=- out=1_1_1_3_r19@pass1 owner=- f=((3*x+2)^m*(5*x+3)^2)/(1-2*x)
    #2 d=2 dl=2 p0-mr_top fb=true seenlen=1 seen=- out=1_4_2_r25@pass1 owner=1_1_1_3_r19:fired f=((3*x+2)^m*((-(165*m)-320)*x-99*m-203))/(1-2*x)
    #3 d=3 dl=3 p0-mr_top fb=true seenlen=2 seen=exact@#2(idx1,live=yes) out=fall-through:seen-hit owner=1_4_2_r25:fired f=((3*x+2)^m*((-(165*m)-320)*x-99*m-203))/(1-2*x)
        matched elem=((3*x+2)^m*((-(165*m)-320)*x-99*m-203))/(1-2*x)

--- c1 g74 1 Algebraic functions/1.2 Trinomial products/1.2.1 Quadratic/1.2.1.4 (d+e x)^m (f+g x)^n (a+b x+c x^2)^p.mac e422 (eq)
  [trace] class=deferred t=0.3s L527 returned=yes t=0.279003 calls=2 ratsimp-hits=1 exact-hits=0 unexited=0 misfire/fault-lines=0 top=1_1_2_8_r107
    fires=1_1_2_8_r107
    answer sha1=ea7023bf1b00 'integrate(-((2*d*e*(b*x^2+a)^p)/(x*(e^4*x^4-2*d^2*e^2*x^2+d^4)))+(d^2*(b*x^2+a)^p)/(x^2*(e^4*x^4-2*d^2*e^2*x^2+d^4))+(e^2*(b*x^2+a)^p)/(e^4*x^4-2*d^2*e^2*x^2+d...
    #1 d=1 dl=1 seenp fb=false seenlen=0 seen=- out=1_1_2_8_r107 owner=- f=(b*x^2+a)^p/(x^2*(e*x+d)^2)
    #2 d=2 dl=2 seenp fb=true seenlen=1 seen=ratsimp@#1(idx1,live=yes) out=fall-through:seen-hit owner=1_1_2_8_r107:fired f=-((2*d*e*(b*x^2+a)^p)/(x*(e^4*x^4-2*d^2*e^2*x^2+d^4)))+(d^2*(b*x^2+a)^p)/(x^2*(e^4*x^4-2*d^2*e^2*x^2+d^4))+(e^...
        matched elem=(b*x^2+a)^p/(x^2*(e*x+d)^2)
  [exact-only] class=contains-noun t=3.0s L527 returned=yes t=3.028041 calls=9 ratsimp-hits=0 exact-hits=2 unexited=0 misfire/fault-lines=0 top=1_1_2_8_r107
    fires=1_4_1_r18,1_4_1_r18,1_2_2_3_r99,1_4_1_r18,1_4_1_r18,1_4_1_r7,1_1_2_8_r107
    answer sha1=18c6ffa4d333 -(2*d*e*'integrate((b*x^2+a)^p/(x*(e^4*x^4-2*d^2*e^2*x^2+d^4)),x))+d^2*'integrate((b*x^2+a)^p/(x^2*(e^4*x^4-2*d^2*e^2*x^2+d^4)),x)+'unintegrable[(b*x^2+a)^p/(e^...
    #1 d=1 dl=1 seenp fb=false seenlen=0 seen=- out=1_1_2_8_r107 owner=- f=(b*x^2+a)^p/(x^2*(e*x+d)^2)
    #2 d=2 dl=2 seenp fb=true seenlen=1 seen=- out=1_4_1_r7 owner=1_1_2_8_r107:fired f=-((2*d*e*(b*x^2+a)^p)/(x*(e^4*x^4-2*d^2*e^2*x^2+d^4)))+(d^2*(b*x^2+a)^p)/(x^2*(e^4*x^4-2*d^2*e^2*x^2+d^4))+(e^...
    #3 d=3 dl=3 seenp fb=true seenlen=2 seen=- out=1_4_1_r18 owner=1_4_1_r7:fired f=(2*d*e*(b*x^2+a)^p)/(x*(e^4*x^4-2*d^2*e^2*x^2+d^4))
    #4 d=4 dl=4 seenp fb=true seenlen=3 seen=exact@#3(idx1,live=yes) out=fall-through:seen-hit owner=1_4_1_r18:fired f=(2*d*e*(b*x^2+a)^p)/(x*(e^4*x^4-2*d^2*e^2*x^2+d^4))
        matched elem=(2*d*e*(b*x^2+a)^p)/(x*(e^4*x^4-2*d^2*e^2*x^2+d^4))
    #5 d=3 dl=3 seenp fb=true seenlen=2 seen=- out=1_4_1_r18 owner=1_4_1_r7:fired f=(d^2*(b*x^2+a)^p)/(x^2*(e^4*x^4-2*d^2*e^2*x^2+d^4))
    #6 d=4 dl=4 seenp fb=true seenlen=3 seen=exact@#5(idx1,live=yes) out=fall-through:seen-hit owner=1_4_1_r18:fired f=(d^2*(b*x^2+a)^p)/(x^2*(e^4*x^4-2*d^2*e^2*x^2+d^4))
        matched elem=(d^2*(b*x^2+a)^p)/(x^2*(e^4*x^4-2*d^2*e^2*x^2+d^4))
    #7 d=3 dl=3 seenp fb=true seenlen=2 seen=- out=1_4_1_r18 owner=1_4_1_r7:fired f=(e^2*(b*x^2+a)^p)/(e^4*x^4-2*d^2*e^2*x^2+d^4)
    #8 d=4 dl=4 seenp fb=true seenlen=3 seen=- out=1_4_1_r18 owner=1_4_1_r18:fired f=(e*(b*x^2+a)^p)/(e^3*x^4-2*d^2*e*x^2+d^4/e)
    #9 d=5 dl=5 seenp fb=true seenlen=4 seen=- out=1_2_2_3_r99 owner=1_4_1_r18:fired f=(b*x^2+a)^p/(e^2*x^4-2*d^2*x^2+d^4/e^2)
  [p0] class=verified t=8.2s L527 returned=yes t=8.161111 calls=5 ratsimp-hits=0 exact-hits=0 unexited=0 misfire/fault-lines=0 top=1_1_2_8_r107@pass2
    fires=1_4_1_r7,1_1_2_8_r107
    answer sha1=8e8bcaa4b9bf -(2*d*e*'integrate((b*x^2+a)^p/(x*(e^4*x^4-2*d^2*e^2*x^2+d^4)),x))+d^2*'integrate((b*x^2+a)^p/(x^2*(e^4*x^4-2*d^2*e^2*x^2+d^4)),x)+e^2*'integrate((b*x^2+a)^p/(e...
    #1 d=1 dl=1 p0-mr_top fb=false seenlen=0 seen=- out=1_1_2_8_r107@pass2 owner=- f=(b*x^2+a)^p/(x^2*(e*x+d)^2)
    #2 d=2 dl=1 p0-mr_top fb=true seenlen=0 seen=- out=1_4_1_r7@pass1 owner=1_1_2_8_r107:fired f=-((2*d*e*(b*x^2+a)^p)/(x*(e^4*x^4-2*d^2*e^2*x^2+d^4)))+(d^2*(b*x^2+a)^p)/(x^2*(e^4*x^4-2*d^2*e^2*x^2+d^4))+(e^...
    #3 d=3 dl=2 p0-mr_top fb=true seenlen=1 seen=- out=fall-through:nofire owner=1_4_1_r7:fired f=(2*d*e*(b*x^2+a)^p)/(x*(e^4*x^4-2*d^2*e^2*x^2+d^4))
    #4 d=3 dl=2 p0-mr_top fb=true seenlen=1 seen=- out=fall-through:nofire owner=1_4_1_r7:fired f=(d^2*(b*x^2+a)^p)/(x^2*(e^4*x^4-2*d^2*e^2*x^2+d^4))
    #5 d=3 dl=2 p0-mr_top fb=true seenlen=1 seen=- out=fall-through:nofire owner=1_4_1_r7:fired f=(e^2*(b*x^2+a)^p)/(e^4*x^4-2*d^2*e^2*x^2+d^4)

--- c1 g74 1 Algebraic functions/1.2 Trinomial products/1.2.1 Quadratic/1.2.1.4 (d+e x)^m (f+g x)^n (a+b x+c x^2)^p.mac e428 (eq)
  [trace] class=deferred t=0.3s L533 returned=yes t=0.282003 calls=2 ratsimp-hits=1 exact-hits=0 unexited=0 misfire/fault-lines=0 top=1_1_2_8_r107
    fires=1_1_2_8_r107
    answer sha1=cb253293909c 'integrate(-((e^3*x^2*(b*x^2+a)^p)/(-(e^6*x^6)+3*d^2*e^4*x^4-3*d^4*e^2*x^2+d^6))+(3*d*e^2*x*(b*x^2+a)^p)/(-(e^6*x^6)+3*d^2*e^4*x^4-3*d^4*e^2*x^2+d^6)+(d^3*(b*x^...
    #1 d=1 dl=1 seenp fb=false seenlen=0 seen=- out=1_1_2_8_r107 owner=- f=(b*x^2+a)^p/(x*(e*x+d)^3)
    #2 d=2 dl=2 seenp fb=true seenlen=1 seen=ratsimp@#1(idx1,live=yes) out=fall-through:seen-hit owner=1_1_2_8_r107:fired f=-((e^3*x^2*(b*x^2+a)^p)/(-(e^6*x^6)+3*d^2*e^4*x^4-3*d^4*e^2*x^2+d^6))+(3*d*e^2*x*(b*x^2+a)^p)/(-(e^6*x^6)+3*d^...
        matched elem=(b*x^2+a)^p/(x*(e*x+d)^3)
  [exact-only] class=verified t=28.3s L533 returned=yes t=28.308388 calls=24 ratsimp-hits=0 exact-hits=4 unexited=0 misfire/fault-lines=0 top=1_1_2_8_r107
    fires=1_4_1_r18,1_3_3_r11,1_4_1_r18,1_4_1_r18,1_4_1_r18,1_4_1_r18,1_3_3_r11,1_4_1_r18,1_4_1_r18,1_4_1_r18,1_4_1_r18,1_4_1_r18,1_4_1_r18,1_3_3_r11,1_4_1_r18,1_4_1_r18,1_4_1_r18,1_4_1_r18,1_4_1_r7,1_1_2_8_r107
    answer sha1=6f22cbb4e201 d*e^2*'integrate((x*(b*x^2+a)^p)/(-((e^6*x^6)/3)+d^2*e^4*x^4-d^4*e^2*x^2+d^6/3),x)-d^2*e*'integrate((b*x^2+a)^p/(-((e^6*x^6)/3)+d^2*e^4*x^4-d^4*e^2*x^2+d^6/3),x...
    #1 d=1 dl=1 seenp fb=false seenlen=0 seen=- out=1_1_2_8_r107 owner=- f=(b*x^2+a)^p/(x*(e*x+d)^3)
    #2 d=2 dl=2 seenp fb=true seenlen=1 seen=- out=1_4_1_r7 owner=1_1_2_8_r107:fired f=-((e^3*x^2*(b*x^2+a)^p)/(-(e^6*x^6)+3*d^2*e^4*x^4-3*d^4*e^2*x^2+d^6))+(3*d*e^2*x*(b*x^2+a)^p)/(-(e^6*x^6)+3*d^...
    #3 d=3 dl=3 seenp fb=true seenlen=2 seen=- out=1_4_1_r18 owner=1_4_1_r7:fired f=(e^3*x^2*(b*x^2+a)^p)/(-(e^6*x^6)+3*d^2*e^4*x^4-3*d^4*e^2*x^2+d^6)
    #4 d=4 dl=4 seenp fb=true seenlen=3 seen=- out=1_4_1_r18 owner=1_4_1_r18:fired f=(e^2*x^2*(b*x^2+a)^p)/(-(e^5*x^6)+3*d^2*e^3*x^4-3*d^4*e*x^2+d^6/e)
    #5 d=5 dl=5 seenp fb=true seenlen=4 seen=- out=1_4_1_r18 owner=1_4_1_r18:fired f=(e*x^2*(b*x^2+a)^p)/(-(e^4*x^6)+3*d^2*e^2*x^4-3*d^4*x^2+d^6/e^2)
    #6 d=6 dl=6 seenp fb=true seenlen=5 seen=- out=1_3_3_r11 owner=1_4_1_r18:fired f=(x^2*(b*x^2+a)^p)/(-(e^3*x^6)+3*d^2*e*x^4-(3*d^4*x^2)/e+d^6/e^3)
    #7 d=7 dl=7 seenp fb=true seenlen=6 seen=- out=1_4_1_r18 owner=1_3_3_r11:fired f=-((e^3*x^2*(b*x^2+a)^p)/(e^6*x^6-3*d^2*e^4*x^4+3*d^4*e^2*x^2-d^6))
    #8 d=8 dl=8 seenp fb=true seenlen=7 seen=exact@#3(idx5,live=yes) out=fall-through:seen-hit owner=1_4_1_r18:fired f=(e^3*x^2*(b*x^2+a)^p)/(-(e^6*x^6)+3*d^2*e^4*x^4-3*d^4*e^2*x^2+d^6)
        matched elem=(e^3*x^2*(b*x^2+a)^p)/(-(e^6*x^6)+3*d^2*e^4*x^4-3*d^4*e^2*x^2+d^6)
    #9 d=3 dl=3 seenp fb=true seenlen=2 seen=- out=1_4_1_r18 owner=1_4_1_r7:fired f=(3*d*e^2*x*(b*x^2+a)^p)/(-(e^6*x^6)+3*d^2*e^4*x^4-3*d^4*e^2*x^2+d^6)
    #10 d=4 dl=4 seenp fb=true seenlen=3 seen=- out=1_4_1_r18 owner=1_4_1_r18:fired f=(d*e^2*x*(b*x^2+a)^p)/(-((e^6*x^6)/3)+d^2*e^4*x^4-d^4*e^2*x^2+d^6/3)
    #11 d=5 dl=5 seenp fb=true seenlen=4 seen=- out=1_4_1_r18 owner=1_4_1_r18:fired f=(e^2*x*(b*x^2+a)^p)/(-((e^6*x^6)/(3*d))+d*e^4*x^4-d^3*e^2*x^2+d^5/3)
    #12 d=6 dl=6 seenp fb=true seenlen=5 seen=- out=1_4_1_r18 owner=1_4_1_r18:fired f=(e*x*(b*x^2+a)^p)/(-((e^5*x^6)/(3*d))+d*e^3*x^4-d^3*e*x^2+d^5/(3*e))
    #13 d=7 dl=7 seenp fb=true seenlen=6 seen=- out=1_3_3_r11 owner=1_4_1_r18:fired f=(x*(b*x^2+a)^p)/(-((e^4*x^6)/(3*d))+d*e^2*x^4-d^3*x^2+d^5/(3*e^2))
    #14 d=8 dl=8 seenp fb=true seenlen=7 seen=- out=1_4_1_r18 owner=1_3_3_r11:fired f=-((3*d*e^2*x*(b*x^2+a)^p)/(e^6*x^6-3*d^2*e^4*x^4+3*d^4*e^2*x^2-d^6))
    #15 d=9 dl=9 seenp fb=true seenlen=8 seen=exact@#10(idx5,live=yes) out=fall-through:seen-hit owner=1_4_1_r18:fired f=(d*e^2*x*(b*x^2+a)^p)/(-((e^6*x^6)/3)+d^2*e^4*x^4-d^4*e^2*x^2+d^6/3)
        matched elem=(d*e^2*x*(b*x^2+a)^p)/(-((e^6*x^6)/3)+d^2*e^4*x^4-d^4*e^2*x^2+d^6/3)
    #16 d=3 dl=3 seenp fb=true seenlen=2 seen=- out=1_4_1_r18 owner=1_4_1_r7:fired f=(d^3*(b*x^2+a)^p)/(x*(-(e^6*x^6)+3*d^2*e^4*x^4-3*d^4*e^2*x^2+d^6))
    #17 d=4 dl=4 seenp fb=true seenlen=3 seen=exact@#16(idx1,live=yes) out=fall-through:seen-hit owner=1_4_1_r18:fired f=(d^3*(b*x^2+a)^p)/(x*(-(e^6*x^6)+3*d^2*e^4*x^4-3*d^4*e^2*x^2+d^6))
        matched elem=(d^3*(b*x^2+a)^p)/(x*(-(e^6*x^6)+3*d^2*e^4*x^4-3*d^4*e^2*x^2+d^6))
    #18 d=3 dl=3 seenp fb=true seenlen=2 seen=- out=1_4_1_r18 owner=1_4_1_r7:fired f=(3*d^2*e*(b*x^2+a)^p)/(-(e^6*x^6)+3*d^2*e^4*x^4-3*d^4*e^2*x^2+d^6)
    #19 d=4 dl=4 seenp fb=true seenlen=3 seen=- out=1_4_1_r18 owner=1_4_1_r18:fired f=(d^2*e*(b*x^2+a)^p)/(-((e^6*x^6)/3)+d^2*e^4*x^4-d^4*e^2*x^2+d^6/3)
    #20 d=5 dl=5 seenp fb=true seenlen=4 seen=- out=1_4_1_r18 owner=1_4_1_r18:fired f=(d^2*(b*x^2+a)^p)/(-((e^5*x^6)/3)+d^2*e^3*x^4-d^4*e*x^2+d^6/(3*e))
    #21 d=6 dl=6 seenp fb=true seenlen=5 seen=- out=1_4_1_r18 owner=1_4_1_r18:fired f=(d*(b*x^2+a)^p)/(-((e^5*x^6)/(3*d))+d*e^3*x^4-d^3*e*x^2+d^5/(3*e))
    #22 d=7 dl=7 seenp fb=true seenlen=6 seen=- out=1_3_3_r11 owner=1_4_1_r18:fired f=(b*x^2+a)^p/(-((e^5*x^6)/(3*d^2))+e^3*x^4-d^2*e*x^2+d^4/(3*e))
    #23 d=8 dl=8 seenp fb=true seenlen=7 seen=- out=1_4_1_r18 owner=1_3_3_r11:fired f=-((3*d^2*e*(b*x^2+a)^p)/(e^6*x^6-3*d^2*e^4*x^4+3*d^4*e^2*x^2-d^6))
    #24 d=9 dl=9 seenp fb=true seenlen=8 seen=exact@#19(idx5,live=yes) out=fall-through:seen-hit owner=1_4_1_r18:fired f=(d^2*e*(b*x^2+a)^p)/(-((e^6*x^6)/3)+d^2*e^4*x^4-d^4*e^2*x^2+d^6/3)
        matched elem=(d^2*e*(b*x^2+a)^p)/(-((e^6*x^6)/3)+d^2*e^4*x^4-d^4*e^2*x^2+d^6/3)
  [p0] class=verified t=9.7s L533 returned=yes t=9.706134 calls=6 ratsimp-hits=0 exact-hits=0 unexited=0 misfire/fault-lines=0 top=1_1_2_8_r107@pass2
    fires=1_4_1_r7,1_1_2_8_r107
    answer sha1=302486be4896 -(e^3*'integrate((x^2*(b*x^2+a)^p)/(-(e^6*x^6)+3*d^2*e^4*x^4-3*d^4*e^2*x^2+d^6),x))+3*d*e^2*'integrate((x*(b*x^2+a)^p)/(-(e^6*x^6)+3*d^2*e^4*x^4-3*d^4*e^2*x^2+d...
    #1 d=1 dl=1 p0-mr_top fb=false seenlen=0 seen=- out=1_1_2_8_r107@pass2 owner=- f=(b*x^2+a)^p/(x*(e*x+d)^3)
    #2 d=2 dl=1 p0-mr_top fb=true seenlen=0 seen=- out=1_4_1_r7@pass1 owner=1_1_2_8_r107:fired f=-((e^3*x^2*(b*x^2+a)^p)/(-(e^6*x^6)+3*d^2*e^4*x^4-3*d^4*e^2*x^2+d^6))+(3*d*e^2*x*(b*x^2+a)^p)/(-(e^6*x^6)+3*d^...
    #3 d=3 dl=2 p0-mr_top fb=true seenlen=1 seen=- out=fall-through:nofire owner=1_4_1_r7:fired f=(e^3*x^2*(b*x^2+a)^p)/(-(e^6*x^6)+3*d^2*e^4*x^4-3*d^4*e^2*x^2+d^6)
    #4 d=3 dl=2 p0-mr_top fb=true seenlen=1 seen=- out=fall-through:nofire owner=1_4_1_r7:fired f=(3*d*e^2*x*(b*x^2+a)^p)/(-(e^6*x^6)+3*d^2*e^4*x^4-3*d^4*e^2*x^2+d^6)
    #5 d=3 dl=2 p0-mr_top fb=true seenlen=1 seen=- out=fall-through:nofire owner=1_4_1_r7:fired f=(d^3*(b*x^2+a)^p)/(x*(-(e^6*x^6)+3*d^2*e^4*x^4-3*d^4*e^2*x^2+d^6))
    #6 d=3 dl=2 p0-mr_top fb=true seenlen=1 seen=- out=fall-through:nofire owner=1_4_1_r7:fired f=(3*d^2*e*(b*x^2+a)^p)/(-(e^6*x^6)+3*d^2*e^4*x^4-3*d^4*e^2*x^2+d^6)

--- c1 g74 1 Algebraic functions/1.2 Trinomial products/1.2.1 Quadratic/1.2.1.4 (d+e x)^m (f+g x)^n (a+b x+c x^2)^p.mac e429 (eq)
  [trace] class=deferred t=0.3s L534 returned=yes t=0.279003 calls=2 ratsimp-hits=1 exact-hits=0 unexited=0 misfire/fault-lines=0 top=1_1_2_8_r107
    fires=1_1_2_8_r107
    answer sha1=ae6c80fb6338 'integrate(-((e^3*x*(b*x^2+a)^p)/(-(e^6*x^6)+3*d^2*e^4*x^4-3*d^4*e^2*x^2+d^6))-(3*d^2*e*(b*x^2+a)^p)/(x*(-(e^6*x^6)+3*d^2*e^4*x^4-3*d^4*e^2*x^2+d^6))+(d^3*(b*x^...
    #1 d=1 dl=1 seenp fb=false seenlen=0 seen=- out=1_1_2_8_r107 owner=- f=(b*x^2+a)^p/(x^2*(e*x+d)^3)
    #2 d=2 dl=2 seenp fb=true seenlen=1 seen=ratsimp@#1(idx1,live=yes) out=fall-through:seen-hit owner=1_1_2_8_r107:fired f=-((e^3*x*(b*x^2+a)^p)/(-(e^6*x^6)+3*d^2*e^4*x^4-3*d^4*e^2*x^2+d^6))-(3*d^2*e*(b*x^2+a)^p)/(x*(-(e^6*x^6)+3*d^2...
        matched elem=(b*x^2+a)^p/(x^2*(e*x+d)^3)
  [exact-only] class=verified t=17.6s L534 returned=yes t=17.596242 calls=19 ratsimp-hits=0 exact-hits=4 unexited=0 misfire/fault-lines=0 top=1_1_2_8_r107
    fires=1_4_1_r18,1_3_3_r11,1_4_1_r18,1_4_1_r18,1_4_1_r18,1_4_1_r18,1_4_1_r18,1_4_1_r18,1_3_3_r11,1_4_1_r18,1_4_1_r18,1_4_1_r18,1_4_1_r18,1_4_1_r7,1_1_2_8_r107
    answer sha1=84e88a493ad5 d*e^2*'integrate((b*x^2+a)^p/(-((e^6*x^6)/3)+d^2*e^4*x^4-d^4*e^2*x^2+d^6/3),x)-e^3*'integrate((x*(b*x^2+a)^p)/(-(e^6*x^6)+3*d^2*e^4*x^4-3*d^4*e^2*x^2+d^6),x)-3*...
    #1 d=1 dl=1 seenp fb=false seenlen=0 seen=- out=1_1_2_8_r107 owner=- f=(b*x^2+a)^p/(x^2*(e*x+d)^3)
    #2 d=2 dl=2 seenp fb=true seenlen=1 seen=- out=1_4_1_r7 owner=1_1_2_8_r107:fired f=-((e^3*x*(b*x^2+a)^p)/(-(e^6*x^6)+3*d^2*e^4*x^4-3*d^4*e^2*x^2+d^6))-(3*d^2*e*(b*x^2+a)^p)/(x*(-(e^6*x^6)+3*d^2...
    #3 d=3 dl=3 seenp fb=true seenlen=2 seen=- out=1_4_1_r18 owner=1_4_1_r7:fired f=(e^3*x*(b*x^2+a)^p)/(-(e^6*x^6)+3*d^2*e^4*x^4-3*d^4*e^2*x^2+d^6)
    #4 d=4 dl=4 seenp fb=true seenlen=3 seen=- out=1_4_1_r18 owner=1_4_1_r18:fired f=(e^2*x*(b*x^2+a)^p)/(-(e^5*x^6)+3*d^2*e^3*x^4-3*d^4*e*x^2+d^6/e)
    #5 d=5 dl=5 seenp fb=true seenlen=4 seen=- out=1_4_1_r18 owner=1_4_1_r18:fired f=(e*x*(b*x^2+a)^p)/(-(e^4*x^6)+3*d^2*e^2*x^4-3*d^4*x^2+d^6/e^2)
    #6 d=6 dl=6 seenp fb=true seenlen=5 seen=- out=1_3_3_r11 owner=1_4_1_r18:fired f=(x*(b*x^2+a)^p)/(-(e^3*x^6)+3*d^2*e*x^4-(3*d^4*x^2)/e+d^6/e^3)
    #7 d=7 dl=7 seenp fb=true seenlen=6 seen=- out=1_4_1_r18 owner=1_3_3_r11:fired f=-((e^3*x*(b*x^2+a)^p)/(e^6*x^6-3*d^2*e^4*x^4+3*d^4*e^2*x^2-d^6))
    #8 d=8 dl=8 seenp fb=true seenlen=7 seen=exact@#3(idx5,live=yes) out=fall-through:seen-hit owner=1_4_1_r18:fired f=(e^3*x*(b*x^2+a)^p)/(-(e^6*x^6)+3*d^2*e^4*x^4-3*d^4*e^2*x^2+d^6)
        matched elem=(e^3*x*(b*x^2+a)^p)/(-(e^6*x^6)+3*d^2*e^4*x^4-3*d^4*e^2*x^2+d^6)
    #9 d=3 dl=3 seenp fb=true seenlen=2 seen=- out=1_4_1_r18 owner=1_4_1_r7:fired f=(3*d^2*e*(b*x^2+a)^p)/(x*(-(e^6*x^6)+3*d^2*e^4*x^4-3*d^4*e^2*x^2+d^6))
    #10 d=4 dl=4 seenp fb=true seenlen=3 seen=exact@#9(idx1,live=yes) out=fall-through:seen-hit owner=1_4_1_r18:fired f=(3*d^2*e*(b*x^2+a)^p)/(x*(-(e^6*x^6)+3*d^2*e^4*x^4-3*d^4*e^2*x^2+d^6))
        matched elem=(3*d^2*e*(b*x^2+a)^p)/(x*(-(e^6*x^6)+3*d^2*e^4*x^4-3*d^4*e^2*x^2+d^6))
    #11 d=3 dl=3 seenp fb=true seenlen=2 seen=- out=1_4_1_r18 owner=1_4_1_r7:fired f=(d^3*(b*x^2+a)^p)/(x^2*(-(e^6*x^6)+3*d^2*e^4*x^4-3*d^4*e^2*x^2+d^6))
    #12 d=4 dl=4 seenp fb=true seenlen=3 seen=exact@#11(idx1,live=yes) out=fall-through:seen-hit owner=1_4_1_r18:fired f=(d^3*(b*x^2+a)^p)/(x^2*(-(e^6*x^6)+3*d^2*e^4*x^4-3*d^4*e^2*x^2+d^6))
        matched elem=(d^3*(b*x^2+a)^p)/(x^2*(-(e^6*x^6)+3*d^2*e^4*x^4-3*d^4*e^2*x^2+d^6))
    #13 d=3 dl=3 seenp fb=true seenlen=2 seen=- out=1_4_1_r18 owner=1_4_1_r7:fired f=(3*d*e^2*(b*x^2+a)^p)/(-(e^6*x^6)+3*d^2*e^4*x^4-3*d^4*e^2*x^2+d^6)
    #14 d=4 dl=4 seenp fb=true seenlen=3 seen=- out=1_4_1_r18 owner=1_4_1_r18:fired f=(d*e^2*(b*x^2+a)^p)/(-((e^6*x^6)/3)+d^2*e^4*x^4-d^4*e^2*x^2+d^6/3)
    #15 d=5 dl=5 seenp fb=true seenlen=4 seen=- out=1_4_1_r18 owner=1_4_1_r18:fired f=(e^2*(b*x^2+a)^p)/(-((e^6*x^6)/(3*d))+d*e^4*x^4-d^3*e^2*x^2+d^5/3)
    #16 d=6 dl=6 seenp fb=true seenlen=5 seen=- out=1_4_1_r18 owner=1_4_1_r18:fired f=(e*(b*x^2+a)^p)/(-((e^5*x^6)/(3*d))+d*e^3*x^4-d^3*e*x^2+d^5/(3*e))
    #17 d=7 dl=7 seenp fb=true seenlen=6 seen=- out=1_3_3_r11 owner=1_4_1_r18:fired f=(b*x^2+a)^p/(-((e^4*x^6)/(3*d))+d*e^2*x^4-d^3*x^2+d^5/(3*e^2))
    #18 d=8 dl=8 seenp fb=true seenlen=7 seen=- out=1_4_1_r18 owner=1_3_3_r11:fired f=-((3*d*e^2*(b*x^2+a)^p)/(e^6*x^6-3*d^2*e^4*x^4+3*d^4*e^2*x^2-d^6))
    #19 d=9 dl=9 seenp fb=true seenlen=8 seen=exact@#14(idx5,live=yes) out=fall-through:seen-hit owner=1_4_1_r18:fired f=(d*e^2*(b*x^2+a)^p)/(-((e^6*x^6)/3)+d^2*e^4*x^4-d^4*e^2*x^2+d^6/3)
        matched elem=(d*e^2*(b*x^2+a)^p)/(-((e^6*x^6)/3)+d^2*e^4*x^4-d^4*e^2*x^2+d^6/3)
  [p0] class=verified t=9.8s L534 returned=yes t=9.734134 calls=6 ratsimp-hits=0 exact-hits=0 unexited=0 misfire/fault-lines=0 top=1_1_2_8_r107@pass2
    fires=1_4_1_r7,1_1_2_8_r107
    answer sha1=9c95dc3b1923 -(e^3*'integrate((x*(b*x^2+a)^p)/(-(e^6*x^6)+3*d^2*e^4*x^4-3*d^4*e^2*x^2+d^6),x))-3*d^2*e*'integrate((b*x^2+a)^p/(x*(-(e^6*x^6)+3*d^2*e^4*x^4-3*d^4*e^2*x^2+d^6)...
    #1 d=1 dl=1 p0-mr_top fb=false seenlen=0 seen=- out=1_1_2_8_r107@pass2 owner=- f=(b*x^2+a)^p/(x^2*(e*x+d)^3)
    #2 d=2 dl=1 p0-mr_top fb=true seenlen=0 seen=- out=1_4_1_r7@pass1 owner=1_1_2_8_r107:fired f=-((e^3*x*(b*x^2+a)^p)/(-(e^6*x^6)+3*d^2*e^4*x^4-3*d^4*e^2*x^2+d^6))-(3*d^2*e*(b*x^2+a)^p)/(x*(-(e^6*x^6)+3*d^2...
    #3 d=3 dl=2 p0-mr_top fb=true seenlen=1 seen=- out=fall-through:nofire owner=1_4_1_r7:fired f=(e^3*x*(b*x^2+a)^p)/(-(e^6*x^6)+3*d^2*e^4*x^4-3*d^4*e^2*x^2+d^6)
    #4 d=3 dl=2 p0-mr_top fb=true seenlen=1 seen=- out=fall-through:nofire owner=1_4_1_r7:fired f=(3*d^2*e*(b*x^2+a)^p)/(x*(-(e^6*x^6)+3*d^2*e^4*x^4-3*d^4*e^2*x^2+d^6))
    #5 d=3 dl=2 p0-mr_top fb=true seenlen=1 seen=- out=fall-through:nofire owner=1_4_1_r7:fired f=(d^3*(b*x^2+a)^p)/(x^2*(-(e^6*x^6)+3*d^2*e^4*x^4-3*d^4*e^2*x^2+d^6))
    #6 d=3 dl=2 p0-mr_top fb=true seenlen=1 seen=- out=fall-through:nofire owner=1_4_1_r7:fired f=(3*d*e^2*(b*x^2+a)^p)/(-(e^6*x^6)+3*d^2*e^4*x^4-3*d^4*e^2*x^2+d^6)

--- c1 g75 1 Algebraic functions/1.3 Miscellaneous/1.3.2 Algebraic functions.mac e440 (eq)
  [trace] class=deferred t=0.4s L609 returned=yes t=0.350005 calls=2 ratsimp-hits=1 exact-hits=0 unexited=0 misfire/fault-lines=0 top=1_1_4_4_r11
    fires=1_1_4_4_r11
    answer sha1=e3e8ba918cb5 'integrate(x^3/(x^4-4*x)^(2/3)-1/(x^4-4*x)^(2/3),x)
    #1 d=1 dl=1 seenp fb=false seenlen=0 seen=- out=1_1_4_4_r11 owner=- f=(x^3-1)/(x^4-4*x)^(2/3)
    #2 d=2 dl=2 seenp fb=true seenlen=1 seen=ratsimp@#1(idx1,live=yes) out=fall-through:seen-hit owner=1_1_4_4_r11:fired f=x^3/(x^4-4*x)^(2/3)-1/(x^4-4*x)^(2/3)
        matched elem=(x^3-1)/(x^4-4*x)^(2/3)
  [exact-only] class=verified t=0.8s L609 returned=yes t=0.78101 calls=9 ratsimp-hits=0 exact-hits=0 unexited=0 misfire/fault-lines=0 top=1_1_4_4_r11
    fires=1_1_3_2_r107,1_1_3_2_r108,1_1_4_1_r12,1_1_4_2_r12,1_1_3_2_r107,1_1_3_2_r108,1_1_4_1_r12,1_4_1_r7,1_1_4_4_r11
    answer sha1=ba7f2f54935d (3*(x^4-4*x)^(1/3))/4
    #1 d=1 dl=1 seenp fb=false seenlen=0 seen=- out=1_1_4_4_r11 owner=- f=(x^3-1)/(x^4-4*x)^(2/3)
    #2 d=2 dl=2 seenp fb=true seenlen=1 seen=- out=1_4_1_r7 owner=1_1_4_4_r11:fired f=x^3/(x^4-4*x)^(2/3)-1/(x^4-4*x)^(2/3)
    #3 d=3 dl=3 seenp fb=true seenlen=2 seen=- out=1_1_4_2_r12 owner=1_4_1_r7:fired f=x^3/(x^4-4*x)^(2/3)
    #4 d=4 dl=4 seenp fb=true seenlen=3 seen=- out=1_1_4_1_r12 owner=1_1_4_2_r12:fired f=1/(x^4-4*x)^(2/3)
    #5 d=5 dl=5 seenp fb=true seenlen=4 seen=- out=1_1_3_2_r108 owner=1_1_4_1_r12:fired f=1/(x^(2/3)*(x^3-4)^(2/3))
    #6 d=6 dl=6 seenp fb=true seenlen=5 seen=- out=1_1_3_2_r107 owner=1_1_3_2_r108:fired f=1/(x^(2/3)*(1-x^3/4)^(2/3))
    #7 d=3 dl=3 seenp fb=true seenlen=2 seen=- out=1_1_4_1_r12 owner=1_4_1_r7:fired f=1/(x^4-4*x)^(2/3)
    #8 d=4 dl=4 seenp fb=true seenlen=3 seen=- out=1_1_3_2_r108 owner=1_1_4_1_r12:fired f=1/(x^(2/3)*(x^3-4)^(2/3))
    #9 d=5 dl=5 seenp fb=true seenlen=4 seen=- out=1_1_3_2_r107 owner=1_1_3_2_r108:fired f=1/(x^(2/3)*(1-x^3/4)^(2/3))
  [p0] class=verified t=0.7s L609 returned=yes t=0.71201 calls=2 ratsimp-hits=0 exact-hits=1 unexited=0 misfire/fault-lines=0 top=1_1_4_4_r2@pass1
    fires=1_1_4_4_r2
    answer sha1=0bd5c1c26b98 (3*x^(1/3)*(x^3-4)^(1/3))/4
    #1 d=1 dl=1 p0-mr_top fb=false seenlen=0 seen=- out=1_1_4_4_r2@pass1 owner=- f=(x^3-1)/(x^4-4*x)^(2/3)
    #2 d=2 dl=2 p0-mr_top fb=true seenlen=1 seen=exact@#1(idx1,live=yes) out=fall-through:seen-hit owner=1_1_4_4_r2:fired f=(x^3-1)/(x^4-4*x)^(2/3)
        matched elem=(x^3-1)/(x^4-4*x)^(2/3)

--- c1 g75 1 Algebraic functions/1.3 Miscellaneous/1.3.2 Algebraic functions.mac e441 (eq)
  [trace] class=deferred t=0.4s L610 returned=yes t=0.371006 calls=2 ratsimp-hits=1 exact-hits=0 unexited=0 misfire/fault-lines=0 top=1_1_4_4_r11
    fires=1_1_4_4_r11
    answer sha1=79791ba692a4 'integrate(2*(6*x-x^3)^(1/4)-x^2*(6*x-x^3)^(1/4),x)
    #1 d=1 dl=1 seenp fb=false seenlen=0 seen=- out=1_1_4_4_r11 owner=- f=(2-x^2)*(6*x-x^3)^(1/4)
    #2 d=2 dl=2 seenp fb=true seenlen=1 seen=ratsimp@#1(idx1,live=yes) out=fall-through:seen-hit owner=1_1_4_4_r11:fired f=2*(6*x-x^3)^(1/4)-x^2*(6*x-x^3)^(1/4)
        matched elem=(2-x^2)*(6*x-x^3)^(1/4)
  [exact-only] class=verified t=1.0s L610 returned=yes t=0.945013 calls=9 ratsimp-hits=0 exact-hits=0 unexited=0 misfire/fault-lines=0 top=1_1_4_4_r11
    fires=1_1_2_2_r39,1_1_4_2_r20,1_1_4_1_r5,1_1_2_2_r39,1_1_4_2_r20,1_1_4_2_r12,1_1_4_2_r9,1_4_1_r7,1_1_4_4_r11
    answer sha1=545e99be61cf -((4*((4*6^(1/4)*hypergeometric([5/8,3/4],[13/8],x^2/6)*x*(6*x-x^3)^(1/4))/(7*(6-x^2)^(1/4))-(4*x*(6*x-x^3)^(1/4))/7))/5)+2*((8*6^(1/4)*hypergeometric([5/8,3/4]...
    #1 d=1 dl=1 seenp fb=false seenlen=0 seen=- out=1_1_4_4_r11 owner=- f=(2-x^2)*(6*x-x^3)^(1/4)
    #2 d=2 dl=2 seenp fb=true seenlen=1 seen=- out=1_4_1_r7 owner=1_1_4_4_r11:fired f=2*(6*x-x^3)^(1/4)-x^2*(6*x-x^3)^(1/4)
    #3 d=3 dl=3 seenp fb=true seenlen=2 seen=- out=1_1_4_1_r5 owner=1_4_1_r7:fired f=(6*x-x^3)^(1/4)
    #4 d=4 dl=4 seenp fb=true seenlen=3 seen=- out=1_1_4_2_r20 owner=1_1_4_1_r5:fired f=x/(6*x-x^3)^(3/4)
    #5 d=5 dl=5 seenp fb=true seenlen=4 seen=- out=1_1_2_2_r39 owner=1_1_4_2_r20:fired f=x^(1/4)/(6-x^2)^(3/4)
    #6 d=3 dl=3 seenp fb=true seenlen=2 seen=- out=1_1_4_2_r9 owner=1_4_1_r7:fired f=x^2*(6*x-x^3)^(1/4)
    #7 d=4 dl=4 seenp fb=true seenlen=3 seen=- out=1_1_4_2_r12 owner=1_1_4_2_r9:fired f=x^3/(6*x-x^3)^(3/4)
    #8 d=5 dl=5 seenp fb=true seenlen=4 seen=- out=1_1_4_2_r20 owner=1_1_4_2_r12:fired f=x/(6*x-x^3)^(3/4)
    #9 d=6 dl=6 seenp fb=true seenlen=5 seen=- out=1_1_2_2_r39 owner=1_1_4_2_r20:fired f=x^(1/4)/(6-x^2)^(3/4)
  [p0] class=verified t=0.7s L610 returned=yes t=0.71301 calls=2 ratsimp-hits=0 exact-hits=1 unexited=0 misfire/fault-lines=0 top=1_1_4_4_r2@pass1
    fires=1_1_4_4_r2
    answer sha1=4b45e9485b59 -((4*x^3*(6*x-x^3)^(1/4)-24*x*(6*x-x^3)^(1/4))/15)
    #1 d=1 dl=1 p0-mr_top fb=false seenlen=0 seen=- out=1_1_4_4_r2@pass1 owner=- f=(2-x^2)*(6*x-x^3)^(1/4)
    #2 d=2 dl=2 p0-mr_top fb=true seenlen=1 seen=exact@#1(idx1,live=yes) out=fall-through:seen-hit owner=1_1_4_4_r2:fired f=(2-x^2)*(6*x-x^3)^(1/4)
        matched elem=(2-x^2)*(6*x-x^3)^(1/4)

--- c1 g75 1 Algebraic functions/1.3 Miscellaneous/1.3.2 Algebraic functions.mac e442 (eq)
  [trace] class=deferred t=0.4s L611 returned=yes t=0.349004 calls=2 ratsimp-hits=1 exact-hits=0 unexited=0 misfire/fault-lines=0 top=1_1_4_4_r11
    fires=1_1_4_4_r11
    answer sha1=eca21d0a3d02 'integrate(x^4*sqrt(x^5+5*x)+sqrt(x^5+5*x),x)
    #1 d=1 dl=1 seenp fb=false seenlen=0 seen=- out=1_1_4_4_r11 owner=- f=(x^4+1)*sqrt(x^5+5*x)
    #2 d=2 dl=2 seenp fb=true seenlen=1 seen=ratsimp@#1(idx1,live=yes) out=fall-through:seen-hit owner=1_1_4_4_r11:fired f=x^4*sqrt(x^5+5*x)+sqrt(x^5+5*x)
        matched elem=(x^4+1)*sqrt(x^5+5*x)
  [exact-only] class=verified t=1.9s L611 returned=yes t=1.922027 calls=15 ratsimp-hits=0 exact-hits=0 unexited=0 misfire/fault-lines=2 top=1_1_4_4_r11
    fires=1_1_3_7_r34,1_1_3_7_r34,1_1_3_2_r51,1_1_3_2_r107,1_1_4_2_r20,1_1_4_2_r12,1_1_4_2_r9,1_1_3_7_r34,1_1_3_7_r34,1_1_3_2_r51,1_1_3_2_r107,1_1_4_2_r20,1_1_4_1_r5,1_4_1_r7,1_1_4_4_r11
    answer sha1=2173736c4bf4 (4*((2*x*sqrt(x^5+5*x))/7-(2*sqrt(5)*hypergeometric([3/8,1/2],[11/8],-(x^4/5))*x*sqrt(x^5+5*x))/(7*sqrt(x^4+5))))/3+(8*sqrt(5)*hypergeometric([3/8,1/2],[11/8],-...
    #1 d=1 dl=1 seenp fb=false seenlen=0 seen=- out=1_1_4_4_r11 owner=- f=(x^4+1)*sqrt(x^5+5*x)
    #2 d=2 dl=2 seenp fb=true seenlen=1 seen=- out=1_4_1_r7 owner=1_1_4_4_r11:fired f=x^4*sqrt(x^5+5*x)+sqrt(x^5+5*x)
    #3 d=3 dl=3 seenp fb=true seenlen=2 seen=- out=1_1_4_2_r9 owner=1_4_1_r7:fired f=x^4*sqrt(x^5+5*x)
    #4 d=4 dl=4 seenp fb=true seenlen=3 seen=- out=1_1_4_2_r12 owner=1_1_4_2_r9:fired f=x^5/sqrt(x^5+5*x)
    #5 d=5 dl=5 seenp fb=true seenlen=4 seen=- out=1_1_4_2_r20 owner=1_1_4_2_r12:fired f=x/sqrt(x^5+5*x)
    #6 d=6 dl=6 seenp fb=true seenlen=5 seen=- out=1_1_3_2_r107 owner=1_1_4_2_r20:fired f=sqrt(x)/sqrt(x^4+5)
    #7 d=7 dl=7 seenp fb=true seenlen=6 seen=- out=1_1_3_2_r51 owner=1_1_3_2_r71:misfire f=x^2/sqrt(x^8+5)
    #8 d=8 dl=8 seenp fb=true seenlen=7 seen=- out=1_1_3_7_r34 owner=1_1_3_2_r51:fired f=(x^2/5^(1/4)+1)/sqrt(x^8+5)
    #9 d=8 dl=8 seenp fb=true seenlen=7 seen=- out=1_1_3_7_r34 owner=1_1_3_2_r51:fired f=(1-x^2/5^(1/4))/sqrt(x^8+5)
    #10 d=3 dl=3 seenp fb=true seenlen=2 seen=- out=1_1_4_1_r5 owner=1_4_1_r7:fired f=sqrt(x^5+5*x)
    #11 d=4 dl=4 seenp fb=true seenlen=3 seen=- out=1_1_4_2_r20 owner=1_1_4_1_r5:fired f=x/sqrt(x^5+5*x)
    #12 d=5 dl=5 seenp fb=true seenlen=4 seen=- out=1_1_3_2_r107 owner=1_1_4_2_r20:fired f=sqrt(x)/sqrt(x^4+5)
    #13 d=6 dl=6 seenp fb=true seenlen=5 seen=- out=1_1_3_2_r51 owner=1_1_3_2_r71:misfire f=x^2/sqrt(x^8+5)
    #14 d=7 dl=7 seenp fb=true seenlen=6 seen=- out=1_1_3_7_r34 owner=1_1_3_2_r51:fired f=(x^2/5^(1/4)+1)/sqrt(x^8+5)
    #15 d=7 dl=7 seenp fb=true seenlen=6 seen=- out=1_1_3_7_r34 owner=1_1_3_2_r51:fired f=(1-x^2/5^(1/4))/sqrt(x^8+5)
  [p0] class=verified t=0.7s L611 returned=yes t=0.724011 calls=2 ratsimp-hits=0 exact-hits=1 unexited=0 misfire/fault-lines=0 top=1_1_4_4_r2@pass1
    fires=1_1_4_4_r2
    answer sha1=8030a8ef88be (2*x^(11/2)*sqrt(x^4+5)+10*x^(3/2)*sqrt(x^4+5))/15
    #1 d=1 dl=1 p0-mr_top fb=false seenlen=0 seen=- out=1_1_4_4_r2@pass1 owner=- f=(x^4+1)*sqrt(x^5+5*x)
    #2 d=2 dl=2 p0-mr_top fb=true seenlen=1 seen=exact@#1(idx1,live=yes) out=fall-through:seen-hit owner=1_1_4_4_r2:fired f=(x^4+1)*sqrt(x^5+5*x)
        matched elem=(x^4+1)*sqrt(x^5+5*x)

--- c1 g76 1 Algebraic functions/1.2 Trinomial products/1.2.1 Quadratic/1.2.1.4 (d+e x)^m (f+g x)^n (a+b x+c x^2)^p.mac e809 (eq)
  [trace] class=deferred t=0.5s L1034 returned=yes t=0.486006 calls=2 ratsimp-hits=1 exact-hits=0 unexited=0 misfire/fault-lines=0 top=1_2_1_3_r15
    fires=1_2_1_3_r15
    answer sha1=cf7b35d1a442 'integrate((c*e*x^2*(g*x+f)^n)/(e*x+d)+(2*c*d*x*(g*x+f)^n)/(e*x+d)+(a*(g*x+f)^n)/(e*x+d),x)
    #1 d=1 dl=1 seenp fb=false seenlen=0 seen=- out=1_2_1_3_r15 owner=- f=((g*x+f)^n*(c*e*x^2+2*c*d*x+a))/(e*x+d)
    #2 d=2 dl=2 seenp fb=true seenlen=1 seen=ratsimp@#1(idx1,live=yes) out=fall-through:seen-hit owner=1_2_1_3_r15:fired f=(c*e*x^2*(g*x+f)^n)/(e*x+d)+(2*c*d*x*(g*x+f)^n)/(e*x+d)+(a*(g*x+f)^n)/(e*x+d)
        matched elem=((g*x+f)^n*(c*e*x^2+2*c*d*x+a))/(e*x+d)
  [exact-only] class=unverified t=2.5s L1034 returned=yes t=2.441034 calls=13 ratsimp-hits=0 exact-hits=1 unexited=0 misfire/fault-lines=0 top=1_2_1_3_r15
    fires=1_1_1_3_r17,1_4_1_r18,1_4_1_r18,1_1_1_2_r37,1_1_1_3_r8,1_4_1_r18,1_4_1_r18,1_4_1_r18,1_1_1_2_r37,1_4_1_r18,1_4_1_r7,1_2_1_3_r15
    answer sha1=05da7fafd169 'integrate((x^2*(g*x+f)^n)/(x/c+d/(c*e)),x)+(hypergeometric([1,n+1],[n+2],-((e*(g*x+f))/(a*((d*g)/a-(e*f)/a))))*(g*x+f)^(n+1))/(((d*g)/a-(e*f)/a)*(n+1))-(hyperg...
    #1 d=1 dl=1 seenp fb=false seenlen=0 seen=- out=1_2_1_3_r15 owner=- f=((g*x+f)^n*(c*e*x^2+2*c*d*x+a))/(e*x+d)
    #2 d=2 dl=2 seenp fb=true seenlen=1 seen=- out=1_4_1_r7 owner=1_2_1_3_r15:fired f=(c*e*x^2*(g*x+f)^n)/(e*x+d)+(2*c*d*x*(g*x+f)^n)/(e*x+d)+(a*(g*x+f)^n)/(e*x+d)
    #3 d=3 dl=3 seenp fb=true seenlen=2 seen=- out=1_4_1_r18 owner=1_4_1_r7:fired f=(c*e*x^2*(g*x+f)^n)/(e*x+d)
    #4 d=4 dl=4 seenp fb=true seenlen=3 seen=- out=1_4_1_r18 owner=1_4_1_r18:fired f=(e*x^2*(g*x+f)^n)/((e*x)/c+d/c)
    #5 d=5 dl=5 seenp fb=true seenlen=4 seen=- out=1_1_1_3_r17 owner=1_4_1_r18:fired f=(x^2*(g*x+f)^n)/(x/c+d/(c*e))
    #6 d=6 dl=6 seenp fb=true seenlen=5 seen=exact@#5(idx1,live=yes) out=fall-through:seen-hit owner=1_1_1_3_r17:fired f=(x^2*(g*x+f)^n)/(x/c+d/(c*e))
        matched elem=(x^2*(g*x+f)^n)/(x/c+d/(c*e))
    #7 d=3 dl=3 seenp fb=true seenlen=2 seen=- out=1_4_1_r18 owner=1_4_1_r7:fired f=(2*c*d*x*(g*x+f)^n)/(e*x+d)
    #8 d=4 dl=4 seenp fb=true seenlen=3 seen=- out=1_4_1_r18 owner=1_4_1_r18:fired f=(c*d*x*(g*x+f)^n)/((e*x)/2+d/2)
    #9 d=5 dl=5 seenp fb=true seenlen=4 seen=- out=1_4_1_r18 owner=1_4_1_r18:fired f=(d*x*(g*x+f)^n)/((e*x)/(2*c)+d/(2*c))
    #10 d=6 dl=6 seenp fb=true seenlen=5 seen=- out=1_1_1_3_r8 owner=1_4_1_r18:fired f=(x*(g*x+f)^n)/((e*x)/(2*c*d)+1/(2*c))
    #11 d=7 dl=7 seenp fb=true seenlen=6 seen=- out=1_1_1_2_r37 owner=1_1_1_3_r8:fired f=(g*x+f)^n/((e*x)/(2*c*d)+1/(2*c))
    #12 d=3 dl=3 seenp fb=true seenlen=2 seen=- out=1_4_1_r18 owner=1_4_1_r7:fired f=(a*(g*x+f)^n)/(e*x+d)
    #13 d=4 dl=4 seenp fb=true seenlen=3 seen=- out=1_1_1_2_r37 owner=1_4_1_r18:fired f=(g*x+f)^n/((e*x)/a+d/a)
  [p0] class=verified t=6.2s L1034 returned=yes t=6.172085 calls=12 ratsimp-hits=0 exact-hits=3 unexited=0 misfire/fault-lines=0 top=1_2_1_3_r15@pass3
    fires=1_1_1_4_r40,9_1_r9,1_1_1_7_r27,1_1_1_4_r40,9_1_r9,1_1_1_7_r27,1_1_1_4_r40,1_4_1_r7,1_2_1_3_r15
    answer sha1=0c15ef54b27f c*e*'integrate((x^2*(g*x+f)^n)/(e*x+d),x)+2*c*d*'integrate((x*(g*x+f)^n)/(e*x+d),x)+a*'integrate((g*x+f)^n/(e*x+d),x)
    #1 d=1 dl=1 p0-mr_top fb=false seenlen=0 seen=- out=1_2_1_3_r15@pass3 owner=- f=((g*x+f)^n*(c*e*x^2+2*c*d*x+a))/(e*x+d)
    #2 d=2 dl=1 p0-mr_top fb=true seenlen=0 seen=- out=1_4_1_r7@pass1 owner=1_2_1_3_r15:fired f=(c*e*x^2*(g*x+f)^n)/(e*x+d)+(2*c*d*x*(g*x+f)^n)/(e*x+d)+(a*(g*x+f)^n)/(e*x+d)
    #3 d=3 dl=2 p0-mr_top fb=true seenlen=1 seen=- out=1_1_1_7_r27@pass1 owner=1_4_1_r7:fired f=(c*e*x^2*(g*x+f)^n)/(e*x+d)
    #4 d=4 dl=3 p0-mr_top fb=true seenlen=2 seen=- out=1_1_1_4_r40@pass1 owner=1_1_1_7_r27:fired f=(e*x^2*(g*x+f)^n)/(e*x+d)
    #5 d=5 dl=4 p0-mr_top fb=true seenlen=3 seen=exact@#4(idx1,live=yes) out=fall-through:seen-hit owner=1_1_1_4_r40:fired f=(e*x^2*(g*x+f)^n)/(e*x+d)
        matched elem=(e*x^2*(g*x+f)^n)/(e*x+d)
    #6 d=4 dl=3 p0-mr_top fb=true seenlen=2 seen=- out=9_1_r9@pass1 owner=1_1_1_7_r27:fired f=0
    #7 d=3 dl=2 p0-mr_top fb=true seenlen=1 seen=- out=1_1_1_7_r27@pass1 owner=1_4_1_r7:fired f=(2*c*d*x*(g*x+f)^n)/(e*x+d)
    #8 d=4 dl=3 p0-mr_top fb=true seenlen=2 seen=- out=1_1_1_4_r40@pass1 owner=1_1_1_7_r27:fired f=(d*x*(g*x+f)^n)/(e*x+d)
    #9 d=5 dl=4 p0-mr_top fb=true seenlen=3 seen=exact@#8(idx1,live=yes) out=fall-through:seen-hit owner=1_1_1_4_r40:fired f=(d*x*(g*x+f)^n)/(e*x+d)
        matched elem=(d*x*(g*x+f)^n)/(e*x+d)
    #10 d=4 dl=3 p0-mr_top fb=true seenlen=2 seen=- out=9_1_r9@pass1 owner=1_1_1_7_r27:fired f=0
    #11 d=3 dl=2 p0-mr_top fb=true seenlen=1 seen=- out=1_1_1_4_r40@pass1 owner=1_4_1_r7:fired f=(a*(g*x+f)^n)/(e*x+d)
    #12 d=4 dl=3 p0-mr_top fb=true seenlen=2 seen=exact@#11(idx1,live=yes) out=fall-through:seen-hit owner=1_1_1_4_r40:fired f=(a*(g*x+f)^n)/(e*x+d)
        matched elem=(a*(g*x+f)^n)/(e*x+d)

--- c1 g76 1 Algebraic functions/1.2 Trinomial products/1.2.1 Quadratic/1.2.1.4 (d+e x)^m (f+g x)^n (a+b x+c x^2)^p.mac e810 (eq)
  [trace] class=deferred t=0.5s L1035 returned=yes t=0.491007 calls=2 ratsimp-hits=1 exact-hits=0 unexited=0 misfire/fault-lines=0 top=1_2_1_3_r15
    fires=1_2_1_3_r15
    answer sha1=b61c6c6d92dc 'integrate((c*e*x^2*(g*x+f)^n)/(e^2*x^2+2*d*e*x+d^2)+(2*c*d*x*(g*x+f)^n)/(e^2*x^2+2*d*e*x+d^2)+(a*(g*x+f)^n)/(e^2*x^2+2*d*e*x+d^2),x)
    #1 d=1 dl=1 seenp fb=false seenlen=0 seen=- out=1_2_1_3_r15 owner=- f=((g*x+f)^n*(c*e*x^2+2*c*d*x+a))/(e*x+d)^2
    #2 d=2 dl=2 seenp fb=true seenlen=1 seen=ratsimp@#1(idx1,live=yes) out=fall-through:seen-hit owner=1_2_1_3_r15:fired f=(c*e*x^2*(g*x+f)^n)/(e^2*x^2+2*d*e*x+d^2)+(2*c*d*x*(g*x+f)^n)/(e^2*x^2+2*d*e*x+d^2)+(a*(g*x+f)^n)/(e^2*x^2+2*d...
        matched elem=((g*x+f)^n*(c*e*x^2+2*c*d*x+a))/(e*x+d)^2
  [exact-only] class=unverified t=9.7s L1035 returned=yes t=9.560132 calls=21 ratsimp-hits=0 exact-hits=2 unexited=0 misfire/fault-lines=0 top=1_2_1_3_r15
    fires=1_1_1_4_r47,1_4_1_r18,1_4_1_r18,1_1_1_3_r18,1_2_1_3_r4,1_4_1_r18,1_4_1_r18,1_1_1_2_r37,1_1_1_3_r6,1_2_1_3_r4,1_4_1_r18,1_4_1_r18,1_4_1_r18,1_4_1_r18,1_4_1_r18,9_1_r27,1_4_1_r18,1_4_1_r7,1_2_1_3_r15
    answer sha1=e269f8b65c6a a*'integrate((g*x+f)^n/(e*x+d)^2,x)+(e*((c^2*'integrate(((g*x+f)^n*(-((d*e*g*x)/c^2)+(e^2*f*x)/c^2+(d^2*g*n)/c^2+(d^2*g)/c^2-(d*e*f)/c^2))/((e*x)/c+d/c),x))/(e^...
    #1 d=1 dl=1 seenp fb=false seenlen=0 seen=- out=1_2_1_3_r15 owner=- f=((g*x+f)^n*(c*e*x^2+2*c*d*x+a))/(e*x+d)^2
    #2 d=2 dl=2 seenp fb=true seenlen=1 seen=- out=1_4_1_r7 owner=1_2_1_3_r15:fired f=(c*e*x^2*(g*x+f)^n)/(e^2*x^2+2*d*e*x+d^2)+(2*c*d*x*(g*x+f)^n)/(e^2*x^2+2*d*e*x+d^2)+(a*(g*x+f)^n)/(e^2*x^2+2*d...
    #3 d=3 dl=3 seenp fb=true seenlen=2 seen=- out=1_4_1_r18 owner=1_4_1_r7:fired f=(c*e*x^2*(g*x+f)^n)/(e^2*x^2+2*d*e*x+d^2)
    #4 d=4 dl=4 seenp fb=true seenlen=3 seen=- out=1_4_1_r18 owner=1_4_1_r18:fired f=(e*x^2*(g*x+f)^n)/((e^2*x^2)/c+(2*d*e*x)/c+d^2/c)
    #5 d=5 dl=5 seenp fb=true seenlen=4 seen=- out=1_2_1_3_r4 owner=1_4_1_r18:fired f=(x^2*(g*x+f)^n)/((e*x^2)/c+(2*d*x)/c+d^2/(c*e))
    #6 d=6 dl=6 seenp fb=true seenlen=5 seen=- out=1_1_1_3_r18 owner=1_2_1_3_r4:fired f=(x^2*(g*x+f)^n)/((e*x)/c+d/c)^2
    #7 d=7 dl=7 seenp fb=true seenlen=6 seen=- out=1_4_1_r18 owner=1_1_1_3_r18:fired f=((g*x+f)^n*((e^2*f-d*e*g)*x+d^2*g*(n+1)-d*e*f))/(c^2*((e*x)/c+d/c))
    #8 d=8 dl=8 seenp fb=true seenlen=7 seen=- out=1_4_1_r18 owner=1_4_1_r18:fired f=((g*x+f)^n*(-((d*e*g*x)/c)+(e^2*f*x)/c+(d^2*g*n)/c+(d^2*g)/c-(d*e*f)/c))/(c*((e*x)/c+d/c))
    #9 d=9 dl=9 seenp fb=true seenlen=8 seen=- out=1_1_1_4_r47 owner=1_4_1_r18:fired f=((g*x+f)^n*(-((d*e*g*x)/c^2)+(e^2*f*x)/c^2+(d^2*g*n)/c^2+(d^2*g)/c^2-(d*e*f)/c^2))/((e*x)/c+d/c)
    #10 d=10 dl=10 seenp fb=true seenlen=9 seen=exact@#9(idx1,live=yes) out=fall-through:seen-hit owner=1_1_1_4_r47:fired f=((g*x+f)^n*(-((d*e*g*x)/c^2)+(e^2*f*x)/c^2+(d^2*g*n)/c^2+(d^2*g)/c^2-(d*e*f)/c^2))/((e*x)/c+d/c)
        matched elem=((g*x+f)^n*(-((d*e*g*x)/c^2)+(e^2*f*x)/c^2+(d^2*g*n)/c^2+(d^2*g)/c^2-(d*e*f)/c^2))/((e*x)/c+d/c)
    #11 d=3 dl=3 seenp fb=true seenlen=2 seen=- out=1_4_1_r18 owner=1_4_1_r7:fired f=(2*c*d*x*(g*x+f)^n)/(e^2*x^2+2*d*e*x+d^2)
    #12 d=4 dl=4 seenp fb=true seenlen=3 seen=- out=1_4_1_r18 owner=1_4_1_r18:fired f=(c*d*x*(g*x+f)^n)/((e^2*x^2)/2+d*e*x+d^2/2)
    #13 d=5 dl=5 seenp fb=true seenlen=4 seen=- out=1_4_1_r18 owner=1_4_1_r18:fired f=(d*x*(g*x+f)^n)/((e^2*x^2)/(2*c)+(d*e*x)/c+d^2/(2*c))
    #14 d=6 dl=6 seenp fb=true seenlen=5 seen=- out=1_2_1_3_r4 owner=1_4_1_r18:fired f=(x*(g*x+f)^n)/((e^2*x^2)/(2*c*d)+(e*x)/c+d/(2*c))
    #15 d=7 dl=7 seenp fb=true seenlen=6 seen=- out=1_1_1_3_r6 owner=1_2_1_3_r4:fired f=(x*(g*x+f)^n)/((e^2*x)/(2*c*d)+e/(2*c))^2
    #16 d=8 dl=8 seenp fb=true seenlen=7 seen=- out=1_1_1_2_r37 owner=1_1_1_3_r6:fired f=(g*x+f)^n/((e^2*x)/(2*c*d)+e/(2*c))
    #17 d=3 dl=3 seenp fb=true seenlen=2 seen=- out=1_4_1_r18 owner=1_4_1_r7:fired f=(a*(g*x+f)^n)/(e^2*x^2+2*d*e*x+d^2)
    #18 d=4 dl=4 seenp fb=true seenlen=3 seen=- out=9_1_r27 owner=1_4_1_r18:fired f=(g*x+f)^n/((e^2*x^2)/a+(2*d*e*x)/a+d^2/a)
    #19 d=5 dl=5 exact fb=true seenlen=4 seen=- out=1_4_1_r18 owner=9_1_r27:fired f=(a*(g*x+f)^n)/(e*x+d)^2
    #20 d=6 dl=6 seenp fb=true seenlen=5 seen=- out=1_4_1_r18 owner=1_4_1_r18:fired f=(g*x+f)^n/(a*((e*x)/a+d/a)^2)
    #21 d=7 dl=7 seenp fb=true seenlen=6 seen=exact@#19(idx2,live=yes) out=fall-through:seen-hit owner=1_4_1_r18:fired f=(a*(g*x+f)^n)/(e*x+d)^2
        matched elem=(a*(g*x+f)^n)/(e*x+d)^2
  [p0] class=verified t=9.3s L1035 returned=yes t=9.261127 calls=15 ratsimp-hits=2 exact-hits=1 unexited=0 misfire/fault-lines=0 top=1_2_1_3_r15@pass3
    fires=1_1_1_4_r40,9_1_r9,1_1_1_7_r27,9_1_r28,1_1_1_4_r40,9_1_r9,1_1_1_7_r27,9_1_r28,1_1_1_4_r40,9_1_r28,1_4_1_r7,1_2_1_3_r15
    answer sha1=fce8a6e1355f c*e*'integrate((x^2*(g*x+f)^n)/(e^2*x^2+2*d*e*x+d^2),x)+2*c*d*'integrate((x*(g*x+f)^n)/(e^2*x^2+2*d*e*x+d^2),x)+a*'integrate((g*x+f)^n/(e^2*x^2+2*d*e*x+d^2),x)
    #1 d=1 dl=1 p0-mr_top fb=false seenlen=0 seen=- out=1_2_1_3_r15@pass3 owner=- f=((g*x+f)^n*(c*e*x^2+2*c*d*x+a))/(e*x+d)^2
    #2 d=2 dl=1 p0-mr_top fb=true seenlen=0 seen=- out=1_4_1_r7@pass1 owner=1_2_1_3_r15:fired f=(c*e*x^2*(g*x+f)^n)/(e^2*x^2+2*d*e*x+d^2)+(2*c*d*x*(g*x+f)^n)/(e^2*x^2+2*d*e*x+d^2)+(a*(g*x+f)^n)/(e^2*x^2+2*d...
    #3 d=3 dl=2 p0-mr_top fb=true seenlen=1 seen=- out=9_1_r28@pass1 owner=1_4_1_r7:fired f=(c*e*x^2*(g*x+f)^n)/(e^2*x^2+2*d*e*x+d^2)
    #4 d=4 dl=2 p0-hybrid-exact fb=true seenlen=2 seen=- out=1_1_1_7_r27@pass1 owner=9_1_r28:fired f=(c*e*x^2*(g*x+f)^n)/(e*x+d)^2
    #5 d=5 dl=4 p0-mr_top fb=true seenlen=3 seen=- out=1_1_1_4_r40@pass1 owner=1_1_1_7_r27:fired f=(e*x^2*(g*x+f)^n)/(e*x+d)^2
    #6 d=6 dl=5 p0-mr_top fb=true seenlen=4 seen=ratsimp@#5(idx1,live=yes) out=fall-through:seen-hit owner=1_1_1_4_r40:fired f=(e*x^2*(g*x+f)^n)/(e^2*x^2+2*d*e*x+d^2)
        matched elem=(e*x^2*(g*x+f)^n)/(e*x+d)^2
    #7 d=5 dl=4 p0-mr_top fb=true seenlen=3 seen=- out=9_1_r9@pass1 owner=1_1_1_7_r27:fired f=0
    #8 d=3 dl=2 p0-mr_top fb=true seenlen=1 seen=- out=9_1_r28@pass1 owner=1_4_1_r7:fired f=(2*c*d*x*(g*x+f)^n)/(e^2*x^2+2*d*e*x+d^2)
    #9 d=4 dl=2 p0-hybrid-exact fb=true seenlen=2 seen=- out=1_1_1_7_r27@pass1 owner=9_1_r28:fired f=(2*c*d*x*(g*x+f)^n)/(e*x+d)^2
    #10 d=5 dl=4 p0-mr_top fb=true seenlen=3 seen=- out=1_1_1_4_r40@pass1 owner=1_1_1_7_r27:fired f=(d*x*(g*x+f)^n)/(e*x+d)^2
    #11 d=6 dl=5 p0-mr_top fb=true seenlen=4 seen=ratsimp@#10(idx1,live=yes) out=fall-through:seen-hit owner=1_1_1_4_r40:fired f=(d*x*(g*x+f)^n)/(e^2*x^2+2*d*e*x+d^2)
        matched elem=(d*x*(g*x+f)^n)/(e*x+d)^2
    #12 d=5 dl=4 p0-mr_top fb=true seenlen=3 seen=- out=9_1_r9@pass1 owner=1_1_1_7_r27:fired f=0
    #13 d=3 dl=2 p0-mr_top fb=true seenlen=1 seen=- out=9_1_r28@pass1 owner=1_4_1_r7:fired f=(a*(g*x+f)^n)/(e^2*x^2+2*d*e*x+d^2)
    #14 d=4 dl=2 p0-hybrid-exact fb=true seenlen=2 seen=- out=1_1_1_4_r40@pass1 owner=9_1_r28:fired f=(a*(g*x+f)^n)/(e*x+d)^2
    #15 d=5 dl=4 p0-mr_top fb=true seenlen=3 seen=exact@#13(idx2,live=yes) out=fall-through:seen-hit owner=1_1_1_4_r40:fired f=(a*(g*x+f)^n)/(e^2*x^2+2*d*e*x+d^2)
        matched elem=(a*(g*x+f)^n)/(e^2*x^2+2*d*e*x+d^2)

--- c1 g76 1 Algebraic functions/1.2 Trinomial products/1.2.1 Quadratic/1.2.1.4 (d+e x)^m (f+g x)^n (a+b x+c x^2)^p.mac e922 (eq)
  [trace] class=deferred t=0.5s L1207 returned=yes t=0.468006 calls=2 ratsimp-hits=1 exact-hits=0 unexited=0 misfire/fault-lines=0 top=1_2_1_3_r15
    fires=1_2_1_3_r15
    answer sha1=dc5b035dac4a 'integrate((c*x^2*(e*x+d)^m)/(g*x+f)+(b*x*(e*x+d)^m)/(g*x+f)+(a*(e*x+d)^m)/(g*x+f),x)
    #1 d=1 dl=1 seenp fb=false seenlen=0 seen=- out=1_2_1_3_r15 owner=- f=((e*x+d)^m*(c*x^2+b*x+a))/(g*x+f)
    #2 d=2 dl=2 seenp fb=true seenlen=1 seen=ratsimp@#1(idx1,live=yes) out=fall-through:seen-hit owner=1_2_1_3_r15:fired f=(c*x^2*(e*x+d)^m)/(g*x+f)+(b*x*(e*x+d)^m)/(g*x+f)+(a*(e*x+d)^m)/(g*x+f)
        matched elem=((e*x+d)^m*(c*x^2+b*x+a))/(g*x+f)
  [exact-only] class=unverified t=2.0s L1207 returned=yes t=1.917027 calls=10 ratsimp-hits=0 exact-hits=1 unexited=0 misfire/fault-lines=0 top=1_2_1_3_r15
    fires=1_1_1_3_r17,1_4_1_r18,1_1_1_2_r37,1_1_1_3_r8,1_4_1_r18,1_1_1_2_r37,1_4_1_r18,1_4_1_r7,1_2_1_3_r15
    answer sha1=102ce1058df2 'integrate((x^2*(e*x+d)^m)/((g*x)/c+f/c),x)-(hypergeometric([1,m+1],[m+2],-((g*(e*x+d))/(b*((e*f)/b-(d*g)/b))))*f*(e*x+d)^(m+1))/(g*((e*f)/b-(d*g)/b)*(m+1))+(hy...
    #1 d=1 dl=1 seenp fb=false seenlen=0 seen=- out=1_2_1_3_r15 owner=- f=((e*x+d)^m*(c*x^2+b*x+a))/(g*x+f)
    #2 d=2 dl=2 seenp fb=true seenlen=1 seen=- out=1_4_1_r7 owner=1_2_1_3_r15:fired f=(c*x^2*(e*x+d)^m)/(g*x+f)+(b*x*(e*x+d)^m)/(g*x+f)+(a*(e*x+d)^m)/(g*x+f)
    #3 d=3 dl=3 seenp fb=true seenlen=2 seen=- out=1_4_1_r18 owner=1_4_1_r7:fired f=(c*x^2*(e*x+d)^m)/(g*x+f)
    #4 d=4 dl=4 seenp fb=true seenlen=3 seen=- out=1_1_1_3_r17 owner=1_4_1_r18:fired f=(x^2*(e*x+d)^m)/((g*x)/c+f/c)
    #5 d=5 dl=5 seenp fb=true seenlen=4 seen=exact@#4(idx1,live=yes) out=fall-through:seen-hit owner=1_1_1_3_r17:fired f=(x^2*(e*x+d)^m)/((g*x)/c+f/c)
        matched elem=(x^2*(e*x+d)^m)/((g*x)/c+f/c)
    #6 d=3 dl=3 seenp fb=true seenlen=2 seen=- out=1_4_1_r18 owner=1_4_1_r7:fired f=(b*x*(e*x+d)^m)/(g*x+f)
    #7 d=4 dl=4 seenp fb=true seenlen=3 seen=- out=1_1_1_3_r8 owner=1_4_1_r18:fired f=(x*(e*x+d)^m)/((g*x)/b+f/b)
    #8 d=5 dl=5 seenp fb=true seenlen=4 seen=- out=1_1_1_2_r37 owner=1_1_1_3_r8:fired f=(e*x+d)^m/((g*x)/b+f/b)
    #9 d=3 dl=3 seenp fb=true seenlen=2 seen=- out=1_4_1_r18 owner=1_4_1_r7:fired f=(a*(e*x+d)^m)/(g*x+f)
    #10 d=4 dl=4 seenp fb=true seenlen=3 seen=- out=1_1_1_2_r37 owner=1_4_1_r18:fired f=(e*x+d)^m/((g*x)/a+f/a)
  [p0] class=verified t=4.4s L1207 returned=yes t=4.39806 calls=8 ratsimp-hits=0 exact-hits=3 unexited=0 misfire/fault-lines=0 top=1_2_1_3_r15@pass3
    fires=1_1_1_4_r40,1_1_1_4_r40,1_1_1_4_r40,1_4_1_r7,1_2_1_3_r15
    answer sha1=7a06d4d046c4 c*'integrate((x^2*(e*x+d)^m)/(g*x+f),x)+b*'integrate((x*(e*x+d)^m)/(g*x+f),x)+a*'integrate((e*x+d)^m/(g*x+f),x)
    #1 d=1 dl=1 p0-mr_top fb=false seenlen=0 seen=- out=1_2_1_3_r15@pass3 owner=- f=((e*x+d)^m*(c*x^2+b*x+a))/(g*x+f)
    #2 d=2 dl=1 p0-mr_top fb=true seenlen=0 seen=- out=1_4_1_r7@pass1 owner=1_2_1_3_r15:fired f=(c*x^2*(e*x+d)^m)/(g*x+f)+(b*x*(e*x+d)^m)/(g*x+f)+(a*(e*x+d)^m)/(g*x+f)
    #3 d=3 dl=2 p0-mr_top fb=true seenlen=1 seen=- out=1_1_1_4_r40@pass1 owner=1_4_1_r7:fired f=(c*x^2*(e*x+d)^m)/(g*x+f)
    #4 d=4 dl=3 p0-mr_top fb=true seenlen=2 seen=exact@#3(idx1,live=yes) out=fall-through:seen-hit owner=1_1_1_4_r40:fired f=(c*x^2*(e*x+d)^m)/(g*x+f)
        matched elem=(c*x^2*(e*x+d)^m)/(g*x+f)
    #5 d=3 dl=2 p0-mr_top fb=true seenlen=1 seen=- out=1_1_1_4_r40@pass1 owner=1_4_1_r7:fired f=(b*x*(e*x+d)^m)/(g*x+f)
    #6 d=4 dl=3 p0-mr_top fb=true seenlen=2 seen=exact@#5(idx1,live=yes) out=fall-through:seen-hit owner=1_1_1_4_r40:fired f=(b*x*(e*x+d)^m)/(g*x+f)
        matched elem=(b*x*(e*x+d)^m)/(g*x+f)
    #7 d=3 dl=2 p0-mr_top fb=true seenlen=1 seen=- out=1_1_1_4_r40@pass1 owner=1_4_1_r7:fired f=(a*(e*x+d)^m)/(g*x+f)
    #8 d=4 dl=3 p0-mr_top fb=true seenlen=2 seen=exact@#7(idx1,live=yes) out=fall-through:seen-hit owner=1_1_1_4_r40:fired f=(a*(e*x+d)^m)/(g*x+f)
        matched elem=(a*(e*x+d)^m)/(g*x+f)

--- c1 g77 1 Algebraic functions/1.3 Miscellaneous/1.3.2 Algebraic functions.mac e617 (eq)
  [trace] class=deferred t=0.3s L834 returned=yes t=0.281003 calls=3 ratsimp-hits=1 exact-hits=0 unexited=0 misfire/fault-lines=0 top=1_2_2_1_r19
    fires=1_4_2_r18,1_2_2_1_r19
    answer sha1=fefb612fde94 'integrate((d^2*x^4+4*c*d*x^3+4*c^2*x^2+4*a*c)^(3/2),(d*x+c)/d)
    #1 d=1 dl=1 seenp fb=false seenlen=0 seen=- out=1_2_2_1_r19 owner=- f=(d^2*x^4+4*c*d*x^3+4*c^2*x^2+4*a*c)^(3/2)
    #2 d=2 dl=2 seenp fb=true seenlen=1 seen=- out=1_4_2_r18 owner=1_2_2_1_r19:fired f=((d^4*x^4-2*c^2*d^2*x^2+4*a*c*d^2+c^4)/d^2)^(3/2)
    #3 d=3 dl=3 seenp fb=true seenlen=2 seen=ratsimp@#2(idx1,live=yes) out=fall-through:seen-hit owner=1_4_2_r18:fired f=(d^2*x^4-2*c^2*x^2+c^4/d^2+4*a*c)^(3/2)
        matched elem=((d^4*x^4-2*c^2*d^2*x^2+4*a*c*d^2+c^4)/d^2)^(3/2)
  [exact-only] class=verified t=3.5s L834 returned=yes t=3.436047 calls=8 ratsimp-hits=0 exact-hits=1 unexited=0 misfire/fault-lines=0 top=1_2_2_1_r19
    fires=1_4_2_r24,1_4_1_r18,1_4_1_r18,1_2_2_3_r34,1_2_2_1_r4,1_4_2_r18,1_2_2_1_r19
    answer sha1=aad79149cbea -((16*d*'integrate(((8*a*c^3*d^3+c^6*d)*x^2+(16*a*c^4*d^2+2*c^7)*x-20*a^2*c^2*d^3-a*c^5*d)/(d*sqrt(d^2*x^4+4*c*d*x^3+4*c^2*x^2+4*a*c)),(d*x+c)/d)+sqrt(d^2*x^4+4...
    #1 d=1 dl=1 seenp fb=false seenlen=0 seen=- out=1_2_2_1_r19 owner=- f=(d^2*x^4+4*c*d*x^3+4*c^2*x^2+4*a*c)^(3/2)
    #2 d=2 dl=2 seenp fb=true seenlen=1 seen=- out=1_4_2_r18 owner=1_2_2_1_r19:fired f=((d^4*x^4-2*c^2*d^2*x^2+4*a*c*d^2+c^4)/d^2)^(3/2)
    #3 d=3 dl=3 seenp fb=true seenlen=2 seen=- out=1_2_2_1_r4 owner=1_4_2_r18:fired f=(d^2*x^4-2*c^2*x^2+c^4/d^2+4*a*c)^(3/2)
    #4 d=4 dl=4 seenp fb=true seenlen=3 seen=- out=1_2_2_3_r34 owner=1_2_2_1_r4:fired f=(2*(c^4/d^2+4*a*c)-2*c^2*x^2)*sqrt(d^2*x^4-2*c^2*x^2+c^4/d^2+4*a*c)
    #5 d=5 dl=5 seenp fb=true seenlen=4 seen=- out=1_4_1_r18 owner=1_2_2_3_r34:fired f=-(((128*a*c^3*d^4+16*c^6*d^2)*x^2-320*a^2*c^2*d^4-144*a*c^5*d^2-16*c^8)/(d^2*sqrt(d^2*x^4-2*c^2*x^2+c^4/d^2+4*...
    #6 d=6 dl=6 seenp fb=true seenlen=5 seen=- out=1_4_1_r18 owner=1_4_1_r18:fired f=-((128*a*c^3*d^3*x^2+16*c^6*d*x^2-320*a^2*c^2*d^3-144*a*c^5*d-(16*c^8)/d)/(d*sqrt(d^2*x^4-2*c^2*x^2+c^4/d^2+4*...
    #7 d=7 dl=7 seenp fb=true seenlen=6 seen=- out=1_4_2_r24 owner=1_4_1_r18:fired f=-((128*a*c^3*d^2*x^2+16*c^6*x^2-320*a^2*c^2*d^2-(16*c^8)/d^2-144*a*c^5)/sqrt(d^2*x^4-2*c^2*x^2+c^4/d^2+4*a*c))
    #8 d=8 dl=8 seenp fb=true seenlen=7 seen=exact@#7(idx1,live=yes) out=fall-through:seen-hit owner=1_4_2_r24:fired f=-((128*a*c^3*d^2*x^2+16*c^6*x^2-320*a^2*c^2*d^2-(16*c^8)/d^2-144*a*c^5)/sqrt(d^2*x^4-2*c^2*x^2+c^4/d^2+4*a*c))
        matched elem=-((128*a*c^3*d^2*x^2+16*c^6*x^2-320*a^2*c^2*d^2-(16*c^8)/d^2-144*a*c^5)/sqrt(d^2*x^4-2*c^2*x^2+c^4/d^2+4*a*c))
  [p0] class=verified t=2.2s L834 returned=yes t=2.20503 calls=3 ratsimp-hits=0 exact-hits=0 unexited=0 misfire/fault-lines=0 top=1_2_2_1_r19@pass1
    fires=1_4_1_r29,1_2_2_1_r19
    answer sha1=45e93de0d537 ('integrate(d^4*abs(d)*x^4*sqrt(d^2*x^4+4*c*d*x^3+4*c^2*x^2+4*a*c)+4*c*d^3*abs(d)*x^3*sqrt(d^2*x^4+4*c*d*x^3+4*c^2*x^2+4*a*c)+4*c^2*d^2*abs(d)*x^2*sqrt(d^2*x^4+...
    #1 d=1 dl=1 p0-mr_top fb=false seenlen=0 seen=- out=1_2_2_1_r19@pass1 owner=- f=(d^2*x^4+4*c*d*x^3+4*c^2*x^2+4*a*c)^(3/2)
    #2 d=2 dl=2 p0-mr_top fb=true seenlen=1 seen=- out=1_4_1_r29@pass1 owner=1_2_2_1_r19:fired f=(d^4*x^4*sqrt(d^4*x^4-2*c^2*d^2*x^2+4*a*c*d^2+c^4)-2*c^2*d^2*x^2*sqrt(d^4*x^4-2*c^2*d^2*x^2+4*a*c*d^2+c^4)+4*a...
    #3 d=3 dl=3 p0-mr_top fb=true seenlen=2 seen=- out=fall-through:nofire owner=1_4_1_r29:fired f=(d^4*x^4*sqrt(d^4*x^4-2*c^2*d^2*x^2+4*a*c*d^2+c^4)-2*c^2*d^2*x^2*sqrt(d^4*x^4-2*c^2*d^2*x^2+4*a*c*d^2+c^4)+4*a...

--- c1 g77 1 Algebraic functions/1.3 Miscellaneous/1.3.2 Algebraic functions.mac e618 (eq)
  [trace] class=deferred t=0.3s L835 returned=yes t=0.282003 calls=3 ratsimp-hits=1 exact-hits=0 unexited=0 misfire/fault-lines=0 top=1_2_2_1_r19
    fires=1_4_2_r18,1_2_2_1_r19
    answer sha1=dc2760bf5aa9 'integrate(sqrt(d^2*x^4+4*c*d*x^3+4*c^2*x^2+4*a*c),(d*x+c)/d)
    #1 d=1 dl=1 seenp fb=false seenlen=0 seen=- out=1_2_2_1_r19 owner=- f=sqrt(d^2*x^4+4*c*d*x^3+4*c^2*x^2+4*a*c)
    #2 d=2 dl=2 seenp fb=true seenlen=1 seen=- out=1_4_2_r18 owner=1_2_2_1_r19:fired f=sqrt((d^4*x^4-2*c^2*d^2*x^2+4*a*c*d^2+c^4)/d^2)
    #3 d=3 dl=3 seenp fb=true seenlen=2 seen=ratsimp@#2(idx1,live=yes) out=fall-through:seen-hit owner=1_4_2_r18:fired f=sqrt(d^2*x^4-2*c^2*x^2+c^4/d^2+4*a*c)
        matched elem=sqrt((d^4*x^4-2*c^2*d^2*x^2+4*a*c*d^2+c^4)/d^2)
  [exact-only] class=verified t=1.5s L835 returned=yes t=1.48702 calls=6 ratsimp-hits=0 exact-hits=0 unexited=0 misfire/fault-lines=0 top=1_2_2_1_r19
    fires=1_2_2_1_r16,1_2_2_3_r53,1_2_2_3_r55,1_2_2_1_r4,1_4_2_r18,1_2_2_1_r19
    answer sha1=91078a06ebbf -(((((4*a*c^3*d^(13/2)+c^6*d^(9/2))*(d^2/(4*a*c*d^2+c^4))^(3/2)-d^(15/2))*x^4+((16*a*c^4*d^(11/2)+4*c^7*d^(7/2))*(d^2/(4*a*c*d^2+c^4))^(3/2)-4*c*d^(13/2))*x^3+(...
    #1 d=1 dl=1 seenp fb=false seenlen=0 seen=- out=1_2_2_1_r19 owner=- f=sqrt(d^2*x^4+4*c*d*x^3+4*c^2*x^2+4*a*c)
    #2 d=2 dl=2 seenp fb=true seenlen=1 seen=- out=1_4_2_r18 owner=1_2_2_1_r19:fired f=sqrt((d^4*x^4-2*c^2*d^2*x^2+4*a*c*d^2+c^4)/d^2)
    #3 d=3 dl=3 seenp fb=true seenlen=2 seen=- out=1_2_2_1_r4 owner=1_4_2_r18:fired f=sqrt(d^2*x^4-2*c^2*x^2+c^4/d^2+4*a*c)
    #4 d=4 dl=4 seenp fb=true seenlen=3 seen=- out=1_2_2_3_r55 owner=1_2_2_1_r4:fired f=(2*(c^4/d^2+4*a*c)-2*c^2*x^2)/sqrt(d^2*x^4-2*c^2*x^2+c^4/d^2+4*a*c)
    #5 d=5 dl=5 seenp fb=true seenlen=4 seen=- out=1_2_2_1_r16 owner=1_2_2_3_r55:fired f=1/sqrt(d^2*x^4-2*c^2*x^2+c^4/d^2+4*a*c)
    #6 d=5 dl=5 seenp fb=true seenlen=4 seen=- out=1_2_2_3_r53 owner=1_2_2_3_r55:fired f=(1-sqrt(1/(c^4/d^2+4*a*c))*d*x^2)/sqrt(d^2*x^4-2*c^2*x^2+c^4/d^2+4*a*c)
  [p0] class=verified t=0.6s L835 returned=yes t=0.611009 calls=3 ratsimp-hits=0 exact-hits=1 unexited=0 misfire/fault-lines=0 top=1_2_2_1_r19@pass1
    fires=1_2_2_5_r1,1_2_2_1_r19
    answer sha1=20ad5254f67f ('integrate(abs(d)*sqrt(d^2*x^4+4*c*d*x^3+4*c^2*x^2+4*a*c),(d*x+c)/d))/abs(d)
    #1 d=1 dl=1 p0-mr_top fb=false seenlen=0 seen=- out=1_2_2_1_r19@pass1 owner=- f=sqrt(d^2*x^4+4*c*d*x^3+4*c^2*x^2+4*a*c)
    #2 d=2 dl=2 p0-mr_top fb=true seenlen=1 seen=- out=1_2_2_5_r1@pass1 owner=1_2_2_1_r19:fired f=sqrt(d^4*x^4-2*c^2*d^2*x^2+4*a*c*d^2+c^4)/abs(d)
    #3 d=3 dl=3 p0-mr_top fb=true seenlen=2 seen=exact@#2(idx1,live=yes) out=fall-through:seen-hit owner=1_2_2_5_r1:fired f=sqrt(d^4*x^4-2*c^2*d^2*x^2+4*a*c*d^2+c^4)/abs(d)
        matched elem=sqrt(d^4*x^4-2*c^2*d^2*x^2+4*a*c*d^2+c^4)/abs(d)

--- c1 g77 1 Algebraic functions/1.3 Miscellaneous/1.3.2 Algebraic functions.mac e620 (eq)
  [trace] class=deferred t=0.3s L837 returned=yes t=0.295005 calls=3 ratsimp-hits=1 exact-hits=0 unexited=0 misfire/fault-lines=0 top=1_2_2_1_r19
    fires=1_4_2_r18,1_2_2_1_r19
    answer sha1=800a88e48723 'integrate(1/(d^2*x^4+4*c*d*x^3+4*c^2*x^2+4*a*c)^(3/2),(d*x+c)/d)
    #1 d=1 dl=1 seenp fb=false seenlen=0 seen=- out=1_2_2_1_r19 owner=- f=1/(d^2*x^4+4*c*d*x^3+4*c^2*x^2+4*a*c)^(3/2)
    #2 d=2 dl=2 seenp fb=true seenlen=1 seen=- out=1_4_2_r18 owner=1_2_2_1_r19:fired f=1/((d^4*x^4-2*c^2*d^2*x^2+4*a*c*d^2+c^4)/d^2)^(3/2)
    #3 d=3 dl=3 seenp fb=true seenlen=2 seen=ratsimp@#2(idx1,live=yes) out=fall-through:seen-hit owner=1_4_2_r18:fired f=1/(d^2*x^4-2*c^2*x^2+c^4/d^2+4*a*c)^(3/2)
        matched elem=1/((d^4*x^4-2*c^2*d^2*x^2+4*a*c*d^2+c^4)/d^2)^(3/2)
  [exact-only] class=verified t=1.4s L837 returned=yes t=1.353018 calls=6 ratsimp-hits=0 exact-hits=0 unexited=0 misfire/fault-lines=0 top=1_2_2_1_r19
    fires=1_2_2_1_r16,1_2_2_3_r53,1_2_2_3_r55,1_2_2_1_r5,1_4_2_r18,1_2_2_1_r19
    answer sha1=228e94092f92 -(((((4*a*c^3*d^(13/2)+c^6*d^(9/2))*(d^2/(4*a*c*d^2+c^4))^(3/2)-d^(15/2))*x^4+((16*a*c^4*d^(11/2)+4*c^7*d^(7/2))*(d^2/(4*a*c*d^2+c^4))^(3/2)-4*c*d^(13/2))*x^3+(...
    #1 d=1 dl=1 seenp fb=false seenlen=0 seen=- out=1_2_2_1_r19 owner=- f=1/(d^2*x^4+4*c*d*x^3+4*c^2*x^2+4*a*c)^(3/2)
    #2 d=2 dl=2 seenp fb=true seenlen=1 seen=- out=1_4_2_r18 owner=1_2_2_1_r19:fired f=1/((d^4*x^4-2*c^2*d^2*x^2+4*a*c*d^2+c^4)/d^2)^(3/2)
    #3 d=3 dl=3 seenp fb=true seenlen=2 seen=- out=1_2_2_1_r5 owner=1_4_2_r18:fired f=1/(d^2*x^4-2*c^2*x^2+c^4/d^2+4*a*c)^(3/2)
    #4 d=4 dl=4 seenp fb=true seenlen=3 seen=- out=1_2_2_3_r55 owner=1_2_2_1_r5:fired f=(2*(c^4/d^2+4*a*c)*d^2-2*c^2*d^2*x^2)/sqrt(d^2*x^4-2*c^2*x^2+c^4/d^2+4*a*c)
    #5 d=5 dl=5 seenp fb=true seenlen=4 seen=- out=1_2_2_1_r16 owner=1_2_2_3_r55:fired f=1/sqrt(d^2*x^4-2*c^2*x^2+c^4/d^2+4*a*c)
    #6 d=5 dl=5 seenp fb=true seenlen=4 seen=- out=1_2_2_3_r53 owner=1_2_2_3_r55:fired f=(1-sqrt(1/(c^4/d^2+4*a*c))*d*x^2)/sqrt(d^2*x^4-2*c^2*x^2+c^4/d^2+4*a*c)
  [p0] class=verified t=0.9s L837 returned=yes t=0.839012 calls=2 ratsimp-hits=0 exact-hits=0 unexited=0 misfire/fault-lines=0 top=1_2_2_1_r19@pass1
    fires=1_2_2_1_r19
    answer sha1=be5f5d689c25 d^2*abs(d)*'integrate(1/(d^4*abs(d)*x^4*sqrt(d^2*x^4+4*c*d*x^3+4*c^2*x^2+4*a*c)+4*c*d^3*abs(d)*x^3*sqrt(d^2*x^4+4*c*d*x^3+4*c^2*x^2+4*a*c)+4*c^2*d^2*abs(d)*x^2*...
    #1 d=1 dl=1 p0-mr_top fb=false seenlen=0 seen=- out=1_2_2_1_r19@pass1 owner=- f=1/(d^2*x^4+4*c*d*x^3+4*c^2*x^2+4*a*c)^(3/2)
    #2 d=2 dl=2 p0-mr_top fb=true seenlen=1 seen=- out=fall-through:nofire owner=1_2_2_1_r19:fired f=(d^2*abs(d))/(d^4*x^4*sqrt(d^4*x^4-2*c^2*d^2*x^2+4*a*c*d^2+c^4)-2*c^2*d^2*x^2*sqrt(d^4*x^4-2*c^2*d^2*x^2+4*a*c...

--- c1 g78 1 Algebraic functions/1.2 Trinomial products/1.2.3 General/1.2.3.4 (f x)^m (d+e x^n)^q (a+b x^n+c x^(2 n))^p.mac e87 (eq)
  [trace] class=deferred t=0.3s L136 returned=yes t=0.263004 calls=2 ratsimp-hits=1 exact-hits=0 unexited=0 misfire/fault-lines=0 top=1_2_3_4_r100
    fires=1_2_3_4_r100
    answer sha1=3a0e0f33b418 'integrate(e^3*x^(3*n)*(f*x)^m*(c*x^(2*n)+a)^p+3*d*e^2*x^(2*n)*(f*x)^m*(c*x^(2*n)+a)^p+3*d^2*e*x^n*(f*x)^m*(c*x^(2*n)+a)^p+d^3*(f*x)^m*(c*x^(2*n)+a)^p,x)
    #1 d=1 dl=1 seenp fb=false seenlen=0 seen=- out=1_2_3_4_r100 owner=- f=(f*x)^m*(e*x^n+d)^3*(c*x^(2*n)+a)^p
    #2 d=2 dl=2 seenp fb=true seenlen=1 seen=ratsimp@#1(idx1,live=yes) out=fall-through:seen-hit owner=1_2_3_4_r100:fired f=e^3*x^(3*n)*(f*x)^m*(c*x^(2*n)+a)^p+3*d*e^2*x^(2*n)*(f*x)^m*(c*x^(2*n)+a)^p+3*d^2*e*x^n*(f*x)^m*(c*x^(2*n)+a)^...
        matched elem=(f*x)^m*(e*x^n+d)^3*(c*x^(2*n)+a)^p
  [exact-only] class=verified t=2.9s L136 returned=yes t=2.90704 calls=10 ratsimp-hits=0 exact-hits=0 unexited=0 misfire/fault-lines=0 top=1_2_3_4_r100
    fires=1_4_1_r33,1_1_3_4_r81,1_4_1_r33,1_1_3_2_r115,1_4_1_r7,1_2_3_4_r100
    answer sha1=96ba2566d0d3 (e^3*(f*x)^m*'integrate(x^(3*n+m)*(c*x^(2*n)+a)^p,x))/x^m+(3*d*e^2*(f*x)^m*'integrate(x^(2*n+m)*(c*x^(2*n)+a)^p,x))/x^m+(3*d^2*e*(f*x)^m*'integrate(x^(n+m)*(c*x...
    #1 d=1 dl=1 seenp fb=false seenlen=0 seen=- out=1_2_3_4_r100 owner=- f=(f*x)^m*(e*x^n+d)^3*(c*x^(2*n)+a)^p
    #2 d=2 dl=2 seenp fb=true seenlen=1 seen=- out=1_4_1_r7 owner=1_2_3_4_r100:fired f=e^3*x^(3*n)*(f*x)^m*(c*x^(2*n)+a)^p+3*d*e^2*x^(2*n)*(f*x)^m*(c*x^(2*n)+a)^p+3*d^2*e*x^n*(f*x)^m*(c*x^(2*n)+a)^...
    #3 d=3 dl=3 seenp fb=true seenlen=2 seen=- out=1_4_1_r33 owner=1_4_1_r7:fired f=x^(3*n)*(f*x)^m*(c*x^(2*n)+a)^p
    #4 d=4 dl=4 seenp fb=true seenlen=3 seen=- out=fall-through:nofire owner=1_4_1_r33:fired f=x^(3*n+m)*(c*x^(2*n)+a)^p
    #5 d=3 dl=3 seenp fb=true seenlen=2 seen=- out=1_1_3_4_r81 owner=1_4_1_r7:fired f=x^(2*n)*(f*x)^m*(c*x^(2*n)+a)^p
    #6 d=4 dl=4 seenp fb=true seenlen=3 seen=- out=fall-through:nofire owner=1_1_3_4_r81:fired f=x^(2*n+m)*(c*x^(2*n)+a)^p
    #7 d=3 dl=3 seenp fb=true seenlen=2 seen=- out=1_4_1_r33 owner=1_4_1_r7:fired f=x^n*(f*x)^m*(c*x^(2*n)+a)^p
    #8 d=4 dl=4 seenp fb=true seenlen=3 seen=- out=fall-through:nofire owner=1_4_1_r33:fired f=x^(n+m)*(c*x^(2*n)+a)^p
    #9 d=3 dl=3 seenp fb=true seenlen=2 seen=- out=1_1_3_2_r115 owner=1_4_1_r7:fired f=(f*x)^m*(c*x^(2*n)+a)^p
    #10 d=4 dl=4 seenp fb=true seenlen=3 seen=- out=fall-through:nofire owner=1_1_3_2_r115:fired f=x^m*(c*x^(2*n)+a)^p
  [p0] class=verified t=4.0s L136 returned=yes t=3.940055 calls=3 ratsimp-hits=0 exact-hits=1 unexited=0 misfire/fault-lines=0 top=9_1_r16@pass2
    fires=9_1_r16,9_1_r16
    answer sha1=a34ee2055980 ((f*x)^m*'integrate(x^m*(e*x^n+d)^3*(c*x^(2*n)+a)^p,x))/x^m
    #1 d=1 dl=1 p0-mr_top fb=false seenlen=0 seen=- out=9_1_r16@pass2 owner=- f=(f*x)^m*(e*x^n+d)^3*(c*x^(2*n)+a)^p
    #2 d=2 dl=0 p0-hybrid-alg fb=true seenlen=0 seen=- out=9_1_r16@pass1 owner=9_1_r16:fired f=x^m*(e*x^n+d)^3*(c*x^(2*n)+a)^p
    #3 d=3 dl=1 p0-hybrid-alg fb=true seenlen=1 seen=exact@#2(idx1,live=yes) out=fall-through:seen-hit owner=9_1_r16:fired f=x^m*(e*x^n+d)^3*(c*x^(2*n)+a)^p
        matched elem=x^m*(e*x^n+d)^3*(c*x^(2*n)+a)^p

--- c1 g78 1 Algebraic functions/1.2 Trinomial products/1.2.3 General/1.2.3.4 (f x)^m (d+e x^n)^q (a+b x^n+c x^(2 n))^p.mac e88 (eq)
  [trace] class=deferred t=0.3s L137 returned=yes t=0.261003 calls=2 ratsimp-hits=1 exact-hits=0 unexited=0 misfire/fault-lines=0 top=1_2_3_4_r100
    fires=1_2_3_4_r100
    answer sha1=0f001cedd8c5 'integrate(e^2*x^(2*n)*(f*x)^m*(c*x^(2*n)+a)^p+2*d*e*x^n*(f*x)^m*(c*x^(2*n)+a)^p+d^2*(f*x)^m*(c*x^(2*n)+a)^p,x)
    #1 d=1 dl=1 seenp fb=false seenlen=0 seen=- out=1_2_3_4_r100 owner=- f=(f*x)^m*(e*x^n+d)^2*(c*x^(2*n)+a)^p
    #2 d=2 dl=2 seenp fb=true seenlen=1 seen=ratsimp@#1(idx1,live=yes) out=fall-through:seen-hit owner=1_2_3_4_r100:fired f=e^2*x^(2*n)*(f*x)^m*(c*x^(2*n)+a)^p+2*d*e*x^n*(f*x)^m*(c*x^(2*n)+a)^p+d^2*(f*x)^m*(c*x^(2*n)+a)^p
        matched elem=(f*x)^m*(e*x^n+d)^2*(c*x^(2*n)+a)^p
  [exact-only] class=verified t=2.1s L137 returned=yes t=2.105028 calls=8 ratsimp-hits=0 exact-hits=0 unexited=0 misfire/fault-lines=0 top=1_2_3_4_r100
    fires=1_1_3_4_r81,1_4_1_r33,1_1_3_2_r115,1_4_1_r7,1_2_3_4_r100
    answer sha1=5382953c9350 (e^2*(f*x)^m*'integrate(x^(2*n+m)*(c*x^(2*n)+a)^p,x))/x^m+(2*d*e*(f*x)^m*'integrate(x^(n+m)*(c*x^(2*n)+a)^p,x))/x^m+(d^2*(f*x)^m*'integrate(x^m*(c*x^(2*n)+a)^p,...
    #1 d=1 dl=1 seenp fb=false seenlen=0 seen=- out=1_2_3_4_r100 owner=- f=(f*x)^m*(e*x^n+d)^2*(c*x^(2*n)+a)^p
    #2 d=2 dl=2 seenp fb=true seenlen=1 seen=- out=1_4_1_r7 owner=1_2_3_4_r100:fired f=e^2*x^(2*n)*(f*x)^m*(c*x^(2*n)+a)^p+2*d*e*x^n*(f*x)^m*(c*x^(2*n)+a)^p+d^2*(f*x)^m*(c*x^(2*n)+a)^p
    #3 d=3 dl=3 seenp fb=true seenlen=2 seen=- out=1_1_3_4_r81 owner=1_4_1_r7:fired f=x^(2*n)*(f*x)^m*(c*x^(2*n)+a)^p
    #4 d=4 dl=4 seenp fb=true seenlen=3 seen=- out=fall-through:nofire owner=1_1_3_4_r81:fired f=x^(2*n+m)*(c*x^(2*n)+a)^p
    #5 d=3 dl=3 seenp fb=true seenlen=2 seen=- out=1_4_1_r33 owner=1_4_1_r7:fired f=x^n*(f*x)^m*(c*x^(2*n)+a)^p
    #6 d=4 dl=4 seenp fb=true seenlen=3 seen=- out=fall-through:nofire owner=1_4_1_r33:fired f=x^(n+m)*(c*x^(2*n)+a)^p
    #7 d=3 dl=3 seenp fb=true seenlen=2 seen=- out=1_1_3_2_r115 owner=1_4_1_r7:fired f=(f*x)^m*(c*x^(2*n)+a)^p
    #8 d=4 dl=4 seenp fb=true seenlen=3 seen=- out=fall-through:nofire owner=1_1_3_2_r115:fired f=x^m*(c*x^(2*n)+a)^p
  [p0] class=verified t=4.0s L137 returned=yes t=3.937055 calls=3 ratsimp-hits=0 exact-hits=1 unexited=0 misfire/fault-lines=0 top=9_1_r16@pass2
    fires=9_1_r16,9_1_r16
    answer sha1=7e8b475e8b29 ((f*x)^m*'integrate(x^m*(e*x^n+d)^2*(c*x^(2*n)+a)^p,x))/x^m
    #1 d=1 dl=1 p0-mr_top fb=false seenlen=0 seen=- out=9_1_r16@pass2 owner=- f=(f*x)^m*(e*x^n+d)^2*(c*x^(2*n)+a)^p
    #2 d=2 dl=0 p0-hybrid-alg fb=true seenlen=0 seen=- out=9_1_r16@pass1 owner=9_1_r16:fired f=x^m*(e*x^n+d)^2*(c*x^(2*n)+a)^p
    #3 d=3 dl=1 p0-hybrid-alg fb=true seenlen=1 seen=exact@#2(idx1,live=yes) out=fall-through:seen-hit owner=9_1_r16:fired f=x^m*(e*x^n+d)^2*(c*x^(2*n)+a)^p
        matched elem=x^m*(e*x^n+d)^2*(c*x^(2*n)+a)^p

--- c1 g78 1 Algebraic functions/1.2 Trinomial products/1.2.3 General/1.2.3.4 (f x)^m (d+e x^n)^q (a+b x^n+c x^(2 n))^p.mac e89 (eq)
  [trace] class=deferred t=0.2s L138 returned=yes t=0.187003 calls=2 ratsimp-hits=1 exact-hits=0 unexited=0 misfire/fault-lines=0 top=1_2_3_4_r100
    fires=1_2_3_4_r100
    answer sha1=9aa7b0a7c1b8 'integrate(e*x^n*(f*x)^m*(c*x^(2*n)+a)^p+d*(f*x)^m*(c*x^(2*n)+a)^p,x)
    #1 d=1 dl=1 seenp fb=false seenlen=0 seen=- out=1_2_3_4_r100 owner=- f=(f*x)^m*(e*x^n+d)*(c*x^(2*n)+a)^p
    #2 d=2 dl=2 seenp fb=true seenlen=1 seen=ratsimp@#1(idx1,live=yes) out=fall-through:seen-hit owner=1_2_3_4_r100:fired f=e*x^n*(f*x)^m*(c*x^(2*n)+a)^p+d*(f*x)^m*(c*x^(2*n)+a)^p
        matched elem=(f*x)^m*(e*x^n+d)*(c*x^(2*n)+a)^p
  [exact-only] class=verified t=1.4s L138 returned=yes t=1.390019 calls=6 ratsimp-hits=0 exact-hits=0 unexited=0 misfire/fault-lines=0 top=1_2_3_4_r100
    fires=1_4_1_r33,1_1_3_2_r115,1_4_1_r7,1_2_3_4_r100
    answer sha1=0027546aa7bb (e*(f*x)^m*'integrate(x^(n+m)*(c*x^(2*n)+a)^p,x))/x^m+(d*(f*x)^m*'integrate(x^m*(c*x^(2*n)+a)^p,x))/x^m
    #1 d=1 dl=1 seenp fb=false seenlen=0 seen=- out=1_2_3_4_r100 owner=- f=(f*x)^m*(e*x^n+d)*(c*x^(2*n)+a)^p
    #2 d=2 dl=2 seenp fb=true seenlen=1 seen=- out=1_4_1_r7 owner=1_2_3_4_r100:fired f=e*x^n*(f*x)^m*(c*x^(2*n)+a)^p+d*(f*x)^m*(c*x^(2*n)+a)^p
    #3 d=3 dl=3 seenp fb=true seenlen=2 seen=- out=1_4_1_r33 owner=1_4_1_r7:fired f=x^n*(f*x)^m*(c*x^(2*n)+a)^p
    #4 d=4 dl=4 seenp fb=true seenlen=3 seen=- out=fall-through:nofire owner=1_4_1_r33:fired f=x^(n+m)*(c*x^(2*n)+a)^p
    #5 d=3 dl=3 seenp fb=true seenlen=2 seen=- out=1_1_3_2_r115 owner=1_4_1_r7:fired f=(f*x)^m*(c*x^(2*n)+a)^p
    #6 d=4 dl=4 seenp fb=true seenlen=3 seen=- out=fall-through:nofire owner=1_1_3_2_r115:fired f=x^m*(c*x^(2*n)+a)^p
  [p0] class=verified t=4.1s L138 returned=yes t=4.123056 calls=3 ratsimp-hits=0 exact-hits=1 unexited=0 misfire/fault-lines=0 top=9_1_r16@pass2
    fires=9_1_r16,9_1_r16
    answer sha1=48837064d6bb ((f*x)^m*'integrate(x^m*(e*x^n+d)*(c*x^(2*n)+a)^p,x))/x^m
    #1 d=1 dl=1 p0-mr_top fb=false seenlen=0 seen=- out=9_1_r16@pass2 owner=- f=(f*x)^m*(e*x^n+d)*(c*x^(2*n)+a)^p
    #2 d=2 dl=0 p0-hybrid-alg fb=true seenlen=0 seen=- out=9_1_r16@pass1 owner=9_1_r16:fired f=x^m*(e*x^n+d)*(c*x^(2*n)+a)^p
    #3 d=3 dl=1 p0-hybrid-alg fb=true seenlen=1 seen=exact@#2(idx1,live=yes) out=fall-through:seen-hit owner=9_1_r16:fired f=x^m*(e*x^n+d)*(c*x^(2*n)+a)^p
        matched elem=x^m*(e*x^n+d)*(c*x^(2*n)+a)^p

--- c1 g79 1 Algebraic functions/1.2 Trinomial products/1.2.3 General/1.2.3.4 (f x)^m (d+e x^n)^q (a+b x^n+c x^(2 n))^p.mac e141 (eq)
  [trace] class=deferred t=0.4s L212 returned=yes t=0.353004 calls=2 ratsimp-hits=1 exact-hits=0 unexited=0 misfire/fault-lines=0 top=1_2_3_4_r99
    fires=1_2_3_4_r99
    answer sha1=f1ba8b4710df 'integrate((e*x^n*(f*x)^m)/(c*x^(2*n)+b*x^n+a)+(d*(f*x)^m)/(c*x^(2*n)+b*x^n+a),x)
    #1 d=1 dl=1 seenp fb=false seenlen=0 seen=- out=1_2_3_4_r99 owner=- f=((f*x)^m*(e*x^n+d))/(c*x^(2*n)+b*x^n+a)
    #2 d=2 dl=2 seenp fb=true seenlen=1 seen=ratsimp@#1(idx1,live=yes) out=fall-through:seen-hit owner=1_2_3_4_r99:fired f=(e*x^n*(f*x)^m)/(c*x^(2*n)+b*x^n+a)+(d*(f*x)^m)/(c*x^(2*n)+b*x^n+a)
        matched elem=((f*x)^m*(e*x^n+d))/(c*x^(2*n)+b*x^n+a)
  [exact-only] class=timeout t=30.0s L212 returned=yes t=6.209085 calls=17 ratsimp-hits=0 exact-hits=4 unexited=0 misfire/fault-lines=4 top=1_2_3_4_r99
    fires=1_1_3_2_r107,9_1_r12,1_1_3_2_r107,9_1_r12,1_2_3_6_r26,1_4_1_r33,1_1_3_2_r107,9_1_r12,1_1_3_2_r107,9_1_r12,1_2_3_6_r26,1_4_1_r7,1_2_3_4_r99
    answer sha1=dd0a25f3fca5 -((2*hypergeometric([1,(m+1)/n],[(m+1)/n+1],-((2*c*x^n)/(sqrt(b^2-4*a*c)+b)))*c*d*(f*x)^(m+1))/(sqrt(b^2-4*a*c)*(sqrt(b^2-4*a*c)+b)*f*(m+1)))+(2*hypergeometric(...
    #1 d=1 dl=1 seenp fb=false seenlen=0 seen=- out=1_2_3_4_r99 owner=- f=((f*x)^m*(e*x^n+d))/(c*x^(2*n)+b*x^n+a)
    #2 d=2 dl=2 seenp fb=true seenlen=1 seen=- out=1_4_1_r7 owner=1_2_3_4_r99:fired f=(e*x^n*(f*x)^m)/(c*x^(2*n)+b*x^n+a)+(d*(f*x)^m)/(c*x^(2*n)+b*x^n+a)
    #3 d=3 dl=3 seenp fb=true seenlen=2 seen=- out=1_4_1_r33 owner=1_4_1_r7:fired f=(e*x^n*(f*x)^m)/(c*x^(2*n)+b*x^n+a)
    #4 d=4 dl=4 seenp fb=true seenlen=3 seen=- out=1_2_3_6_r26 owner=1_4_1_r33:fired f=(e*x^(n+m))/(c*x^(2*n)+b*x^n+a)
    #5 d=5 dl=5 seenp fb=true seenlen=4 seen=- out=9_1_r12 owner=1_2_3_6_r26:fired f=(e*x^(n+m))/(2*c*x^n-sqrt(b^2-4*a*c)+b)
    #6 d=6 dl=6 seenp fb=true seenlen=5 seen=exact@#5(idx1,live=yes) out=fall-through:seen-hit owner=1_1_3_8_r29:misfire f=(e*x^(n+m))/(2*c*x^n-sqrt(b^2-4*a*c)+b)
        matched elem=(e*x^(n+m))/(2*c*x^n-sqrt(b^2-4*a*c)+b)
    #7 d=6 dl=6 exact fb=true seenlen=5 seen=- out=1_1_3_2_r107 owner=9_1_r12:fired f=x^(n+m)/(2*c*x^n-sqrt(b^2-4*a*c)+b)
    #8 d=5 dl=5 seenp fb=true seenlen=4 seen=- out=9_1_r12 owner=1_2_3_6_r26:fired f=(e*x^(n+m))/(2*c*x^n+sqrt(b^2-4*a*c)+b)
    #9 d=6 dl=6 seenp fb=true seenlen=5 seen=exact@#8(idx1,live=yes) out=fall-through:seen-hit owner=1_1_3_8_r29:misfire f=(e*x^(n+m))/(2*c*x^n+sqrt(b^2-4*a*c)+b)
        matched elem=(e*x^(n+m))/(2*c*x^n+sqrt(b^2-4*a*c)+b)
    #10 d=6 dl=6 exact fb=true seenlen=5 seen=- out=1_1_3_2_r107 owner=9_1_r12:fired f=x^(n+m)/(2*c*x^n+sqrt(b^2-4*a*c)+b)
    #11 d=3 dl=3 seenp fb=true seenlen=2 seen=- out=1_2_3_6_r26 owner=1_4_1_r7:fired f=(d*(f*x)^m)/(c*x^(2*n)+b*x^n+a)
    #12 d=4 dl=4 seenp fb=true seenlen=3 seen=- out=9_1_r12 owner=1_2_3_6_r26:fired f=(d*(f*x)^m)/(2*c*x^n-sqrt(b^2-4*a*c)+b)
    #13 d=5 dl=5 seenp fb=true seenlen=4 seen=exact@#12(idx1,live=yes) out=fall-through:seen-hit owner=1_1_3_8_r29:misfire f=(d*(f*x)^m)/(2*c*x^n-sqrt(b^2-4*a*c)+b)
        matched elem=(d*(f*x)^m)/(2*c*x^n-sqrt(b^2-4*a*c)+b)
    #14 d=5 dl=5 exact fb=true seenlen=4 seen=- out=1_1_3_2_r107 owner=9_1_r12:fired f=(f*x)^m/(2*c*x^n-sqrt(b^2-4*a*c)+b)
    #15 d=4 dl=4 seenp fb=true seenlen=3 seen=- out=9_1_r12 owner=1_2_3_6_r26:fired f=(d*(f*x)^m)/(2*c*x^n+sqrt(b^2-4*a*c)+b)
    #16 d=5 dl=5 seenp fb=true seenlen=4 seen=exact@#15(idx1,live=yes) out=fall-through:seen-hit owner=1_1_3_8_r29:misfire f=(d*(f*x)^m)/(2*c*x^n+sqrt(b^2-4*a*c)+b)
        matched elem=(d*(f*x)^m)/(2*c*x^n+sqrt(b^2-4*a*c)+b)
    #17 d=5 dl=5 exact fb=true seenlen=4 seen=- out=1_1_3_2_r107 owner=9_1_r12:fired f=(f*x)^m/(2*c*x^n+sqrt(b^2-4*a*c)+b)
  [p0] class=verified t=3.7s L212 returned=yes t=3.710051 calls=3 ratsimp-hits=0 exact-hits=1 unexited=0 misfire/fault-lines=0 top=9_1_r16@pass2
    fires=9_1_r16,9_1_r16
    answer sha1=68be665cfe7b ((f*x)^m*'integrate((x^m*(e*x^n+d))/(c*x^(2*n)+b*x^n+a),x))/x^m
    #1 d=1 dl=1 p0-mr_top fb=false seenlen=0 seen=- out=9_1_r16@pass2 owner=- f=((f*x)^m*(e*x^n+d))/(c*x^(2*n)+b*x^n+a)
    #2 d=2 dl=0 p0-hybrid-alg fb=true seenlen=0 seen=- out=9_1_r16@pass1 owner=9_1_r16:fired f=(x^m*(e*x^n+d))/(c*x^(2*n)+b*x^n+a)
    #3 d=3 dl=1 p0-hybrid-alg fb=true seenlen=1 seen=exact@#2(idx1,live=yes) out=fall-through:seen-hit owner=9_1_r16:fired f=(x^m*(e*x^n+d))/(c*x^(2*n)+b*x^n+a)
        matched elem=(x^m*(e*x^n+d))/(c*x^(2*n)+b*x^n+a)

--- c1 g79 1 Algebraic functions/1.2 Trinomial products/1.2.3 General/1.2.3.4 (f x)^m (d+e x^n)^q (a+b x^n+c x^(2 n))^p.mac e152 (eq)
  [trace] class=deferred t=0.5s L239 returned=yes t=0.489007 calls=2 ratsimp-hits=1 exact-hits=0 unexited=0 misfire/fault-lines=0 top=1_2_3_4_r99
    fires=1_2_3_4_r99
    answer sha1=fed8ed621ac2 'integrate(e^2*x^(2*n)*(f*x)^m*(c*x^(2*n)+b*x^n+a)^p+2*d*e*x^n*(f*x)^m*(c*x^(2*n)+b*x^n+a)^p+d^2*(f*x)^m*(c*x^(2*n)+b*x^n+a)^p,x)
    #1 d=1 dl=1 seenp fb=false seenlen=0 seen=- out=1_2_3_4_r99 owner=- f=(f*x)^m*(e*x^n+d)^2*(c*x^(2*n)+b*x^n+a)^p
    #2 d=2 dl=2 seenp fb=true seenlen=1 seen=ratsimp@#1(idx1,live=yes) out=fall-through:seen-hit owner=1_2_3_4_r99:fired f=e^2*x^(2*n)*(f*x)^m*(c*x^(2*n)+b*x^n+a)^p+2*d*e*x^n*(f*x)^m*(c*x^(2*n)+b*x^n+a)^p+d^2*(f*x)^m*(c*x^(2*n)+b*x^n...
        matched elem=(f*x)^m*(e*x^n+d)^2*(c*x^(2*n)+b*x^n+a)^p
  [exact-only] class=timeout t=30.1s L239 returned=yes t=3.106042 calls=10 ratsimp-hits=0 exact-hits=0 unexited=0 misfire/fault-lines=0 top=1_2_3_4_r99
    fires=1_1_3_4_r78,1_2_3_2_r34,1_4_1_r33,1_1_3_4_r78,1_2_3_2_r34,1_4_1_r33,1_1_3_4_r78,1_2_3_2_r34,1_4_1_r7,1_2_3_4_r99
    answer sha1=a8939b04e15d (d^2*AppellF1((m+1)/n,-p,-p,(m+1)/n+1,-((2*c*x^n)/(sqrt(b^2-4*a*c)+b)),-((2*c*x^n)/(b-sqrt(b^2-4*a*c))))*(f*x)^(m+1)*(c*x^(2*n)+b*x^n+a)^p)/(f*(m+1)*((2*c*x^n)/...
    #1 d=1 dl=1 seenp fb=false seenlen=0 seen=- out=1_2_3_4_r99 owner=- f=(f*x)^m*(e*x^n+d)^2*(c*x^(2*n)+b*x^n+a)^p
    #2 d=2 dl=2 seenp fb=true seenlen=1 seen=- out=1_4_1_r7 owner=1_2_3_4_r99:fired f=e^2*x^(2*n)*(f*x)^m*(c*x^(2*n)+b*x^n+a)^p+2*d*e*x^n*(f*x)^m*(c*x^(2*n)+b*x^n+a)^p+d^2*(f*x)^m*(c*x^(2*n)+b*x^n...
    #3 d=3 dl=3 seenp fb=true seenlen=2 seen=- out=1_4_1_r33 owner=1_4_1_r7:fired f=x^(2*n)*(f*x)^m*(c*x^(2*n)+b*x^n+a)^p
    #4 d=4 dl=4 seenp fb=true seenlen=3 seen=- out=1_2_3_2_r34 owner=1_4_1_r33:fired f=x^(2*n+m)*(c*x^(2*n)+b*x^n+a)^p
    #5 d=5 dl=5 seenp fb=true seenlen=4 seen=- out=1_1_3_4_r78 owner=1_2_3_2_r34:fired f=x^(2*n+m)*((2*c*x^n)/(b-sqrt(b^2-4*a*c))+1)^p*((2*c*x^n)/(sqrt(b^2-4*a*c)+b)+1)^p
    #6 d=3 dl=3 seenp fb=true seenlen=2 seen=- out=1_4_1_r33 owner=1_4_1_r7:fired f=x^n*(f*x)^m*(c*x^(2*n)+b*x^n+a)^p
    #7 d=4 dl=4 seenp fb=true seenlen=3 seen=- out=1_2_3_2_r34 owner=1_4_1_r33:fired f=x^(n+m)*(c*x^(2*n)+b*x^n+a)^p
    #8 d=5 dl=5 seenp fb=true seenlen=4 seen=- out=1_1_3_4_r78 owner=1_2_3_2_r34:fired f=x^(n+m)*((2*c*x^n)/(b-sqrt(b^2-4*a*c))+1)^p*((2*c*x^n)/(sqrt(b^2-4*a*c)+b)+1)^p
    #9 d=3 dl=3 seenp fb=true seenlen=2 seen=- out=1_2_3_2_r34 owner=1_4_1_r7:fired f=(f*x)^m*(c*x^(2*n)+b*x^n+a)^p
    #10 d=4 dl=4 seenp fb=true seenlen=3 seen=- out=1_1_3_4_r78 owner=1_2_3_2_r34:fired f=(f*x)^m*((2*c*x^n)/(b-sqrt(b^2-4*a*c))+1)^p*((2*c*x^n)/(sqrt(b^2-4*a*c)+b)+1)^p
  [p0] class=verified t=3.9s L239 returned=yes t=3.857053 calls=3 ratsimp-hits=0 exact-hits=1 unexited=0 misfire/fault-lines=0 top=9_1_r16@pass2
    fires=9_1_r16,9_1_r16
    answer sha1=785d56d6ba96 ((f*x)^m*'integrate(x^m*(e*x^n+d)^2*(c*x^(2*n)+b*x^n+a)^p,x))/x^m
    #1 d=1 dl=1 p0-mr_top fb=false seenlen=0 seen=- out=9_1_r16@pass2 owner=- f=(f*x)^m*(e*x^n+d)^2*(c*x^(2*n)+b*x^n+a)^p
    #2 d=2 dl=0 p0-hybrid-alg fb=true seenlen=0 seen=- out=9_1_r16@pass1 owner=9_1_r16:fired f=x^m*(e*x^n+d)^2*(c*x^(2*n)+b*x^n+a)^p
    #3 d=3 dl=1 p0-hybrid-alg fb=true seenlen=1 seen=exact@#2(idx1,live=yes) out=fall-through:seen-hit owner=9_1_r16:fired f=x^m*(e*x^n+d)^2*(c*x^(2*n)+b*x^n+a)^p
        matched elem=x^m*(e*x^n+d)^2*(c*x^(2*n)+b*x^n+a)^p

--- c1 g79 1 Algebraic functions/1.2 Trinomial products/1.2.3 General/1.2.3.4 (f x)^m (d+e x^n)^q (a+b x^n+c x^(2 n))^p.mac e153 (eq)
  [trace] class=deferred t=0.3s L240 returned=yes t=0.316004 calls=2 ratsimp-hits=1 exact-hits=0 unexited=0 misfire/fault-lines=0 top=1_2_3_4_r99
    fires=1_2_3_4_r99
    answer sha1=bc9166818227 'integrate(e*x^n*(f*x)^m*(c*x^(2*n)+b*x^n+a)^p+d*(f*x)^m*(c*x^(2*n)+b*x^n+a)^p,x)
    #1 d=1 dl=1 seenp fb=false seenlen=0 seen=- out=1_2_3_4_r99 owner=- f=(f*x)^m*(e*x^n+d)*(c*x^(2*n)+b*x^n+a)^p
    #2 d=2 dl=2 seenp fb=true seenlen=1 seen=ratsimp@#1(idx1,live=yes) out=fall-through:seen-hit owner=1_2_3_4_r99:fired f=e*x^n*(f*x)^m*(c*x^(2*n)+b*x^n+a)^p+d*(f*x)^m*(c*x^(2*n)+b*x^n+a)^p
        matched elem=(f*x)^m*(e*x^n+d)*(c*x^(2*n)+b*x^n+a)^p
  [exact-only] class=unverified t=3.0s L240 returned=yes t=1.885026 calls=7 ratsimp-hits=0 exact-hits=0 unexited=0 misfire/fault-lines=0 top=1_2_3_4_r99
    fires=1_1_3_4_r78,1_2_3_2_r34,1_4_1_r33,1_1_3_4_r78,1_2_3_2_r34,1_4_1_r7,1_2_3_4_r99
    answer sha1=7e24b548bfb5 (d*AppellF1((m+1)/n,-p,-p,(m+1)/n+1,-((2*c*x^n)/(sqrt(b^2-4*a*c)+b)),-((2*c*x^n)/(b-sqrt(b^2-4*a*c))))*(f*x)^(m+1)*(c*x^(2*n)+b*x^n+a)^p)/(f*(m+1)*((2*c*x^n)/(b...
    #1 d=1 dl=1 seenp fb=false seenlen=0 seen=- out=1_2_3_4_r99 owner=- f=(f*x)^m*(e*x^n+d)*(c*x^(2*n)+b*x^n+a)^p
    #2 d=2 dl=2 seenp fb=true seenlen=1 seen=- out=1_4_1_r7 owner=1_2_3_4_r99:fired f=e*x^n*(f*x)^m*(c*x^(2*n)+b*x^n+a)^p+d*(f*x)^m*(c*x^(2*n)+b*x^n+a)^p
    #3 d=3 dl=3 seenp fb=true seenlen=2 seen=- out=1_4_1_r33 owner=1_4_1_r7:fired f=x^n*(f*x)^m*(c*x^(2*n)+b*x^n+a)^p
    #4 d=4 dl=4 seenp fb=true seenlen=3 seen=- out=1_2_3_2_r34 owner=1_4_1_r33:fired f=x^(n+m)*(c*x^(2*n)+b*x^n+a)^p
    #5 d=5 dl=5 seenp fb=true seenlen=4 seen=- out=1_1_3_4_r78 owner=1_2_3_2_r34:fired f=x^(n+m)*((2*c*x^n)/(b-sqrt(b^2-4*a*c))+1)^p*((2*c*x^n)/(sqrt(b^2-4*a*c)+b)+1)^p
    #6 d=3 dl=3 seenp fb=true seenlen=2 seen=- out=1_2_3_2_r34 owner=1_4_1_r7:fired f=(f*x)^m*(c*x^(2*n)+b*x^n+a)^p
    #7 d=4 dl=4 seenp fb=true seenlen=3 seen=- out=1_1_3_4_r78 owner=1_2_3_2_r34:fired f=(f*x)^m*((2*c*x^n)/(b-sqrt(b^2-4*a*c))+1)^p*((2*c*x^n)/(sqrt(b^2-4*a*c)+b)+1)^p
  [p0] class=verified t=4.3s L240 returned=yes t=4.281058 calls=3 ratsimp-hits=0 exact-hits=1 unexited=0 misfire/fault-lines=0 top=9_1_r16@pass2
    fires=9_1_r16,9_1_r16
    answer sha1=5f9313edfb3e ((f*x)^m*'integrate(x^m*(e*x^n+d)*(c*x^(2*n)+b*x^n+a)^p,x))/x^m
    #1 d=1 dl=1 p0-mr_top fb=false seenlen=0 seen=- out=9_1_r16@pass2 owner=- f=(f*x)^m*(e*x^n+d)*(c*x^(2*n)+b*x^n+a)^p
    #2 d=2 dl=0 p0-hybrid-alg fb=true seenlen=0 seen=- out=9_1_r16@pass1 owner=9_1_r16:fired f=x^m*(e*x^n+d)*(c*x^(2*n)+b*x^n+a)^p
    #3 d=3 dl=1 p0-hybrid-alg fb=true seenlen=1 seen=exact@#2(idx1,live=yes) out=fall-through:seen-hit owner=9_1_r16:fired f=x^m*(e*x^n+d)*(c*x^(2*n)+b*x^n+a)^p
        matched elem=x^m*(e*x^n+d)*(c*x^(2*n)+b*x^n+a)^p

--- c1 g84 1 Algebraic functions/1.2 Trinomial products/1.2.1 Quadratic/1.2.1.2 (d+e x)^m (a+b x+c x^2)^p.mac e2353 (eq)
  [trace] class=timeout t=30.1s L2662 returned=yes t=2.261031 calls=3 ratsimp-hits=1 exact-hits=0 unexited=0 misfire/fault-lines=0 top=1_2_1_2_r119
    fires=1_4_1_r18,1_2_1_2_r119
    answer sha1=50afcb1b056b -((16*(-((3*c^3*log((2*sqrt(-((b*d)/e)+(c*d^2)/e^2+a)*sqrt(c*x^2+b*x+a))/abs(2*e*x+2*d)-(2*c*d*x)/(e*abs(2*e*x+2*d))+(b*x)/abs(2*e*x+2*d)-(b*d)/(e*abs(2*e*x+2*d...
    #1 d=1 dl=1 seenp fb=false seenlen=0 seen=- out=1_2_1_2_r119 owner=- f=(c*x^2+b*x+a)^(3/2)/(e*x+d)^7
    #2 d=2 dl=2 seenp fb=true seenlen=1 seen=- out=1_4_1_r18 owner=1_2_1_2_r119:fired f=((2*c*e*x+7*b*e-12*c*d)*(c*x^2+b*x+a)^(3/2))/(2*(e*x+d)^6)
    #3 d=3 dl=3 seenp fb=true seenlen=2 seen=ratsimp@#2(idx1,live=yes) out=fall-through:seen-hit owner=1_4_1_r18:fired f=(32*(2*c*e*x+7*b*e-12*c*d)*(c*x^2+b*x+a)^(3/2))/(2*e*x+2*d)^6
        matched elem=((2*c*e*x+7*b*e-12*c*d)*(c*x^2+b*x+a)^(3/2))/(2*(e*x+d)^6)
  [exact-only] class=timeout t=30.1s L2662 returned=NO calls=11 ratsimp-hits=0 exact-hits=0 unexited=11 misfire/fault-lines=0 top=open
    fires=-
    #1 d=1 dl=1 seenp fb=false seenlen=0 seen=- out=open owner=- f=(c*x^2+b*x+a)^(3/2)/(e*x+d)^7
    #2 d=2 dl=2 seenp fb=true seenlen=1 seen=- out=open owner=- f=((2*c*e*x+7*b*e-12*c*d)*(c*x^2+b*x+a)^(3/2))/(2*(e*x+d)^6)
    #3 d=3 dl=3 seenp fb=true seenlen=2 seen=- out=open owner=- f=(32*(2*c*e*x+7*b*e-12*c*d)*(c*x^2+b*x+a)^(3/2))/(2*e*x+2*d)^6
    #4 d=4 dl=4 seenp fb=true seenlen=3 seen=- out=open owner=- f=((2*c*e*x+7*b*e-12*c*d)*(c*x^2+b*x+a)^(3/2))/(33554432*((e*x)/16+d/16)^6)
    #5 d=5 dl=5 seenp fb=true seenlen=4 seen=- out=open owner=- f=(42535295865117307932921825928971026432*(2*c*e*x+7*b*e-12*c*d)*(c*x^2+b*x+a)^(3/2))/(2097152*e*x+2097152*d)^6
    #6 d=6 dl=6 seenp fb=true seenlen=5 seen=- out=open owner=- f=((2*c*e*x+7*b*e-12*c*d)*(c*x^2+b*x+a)^(3/2))/(1392346379889585943188834108184903358426888582534350564751950841...
    #7 d=7 dl=7 seenp fb=true seenlen=6 seen=- out=open owner=- f=(5232827879183508528352057228970646092759766544813647151882098598861689978653878756845611552065557500639849763...
    #8 d=8 dl=8 seenp fb=true seenlen=7 seen=- out=open owner=- f=((2*c*e*x+7*b*e-12*c*d)*(c*x^2+b*x+a)^(3/2))/(3923577629425249742159052180685976319964462136229742603066664256...
    #9 d=9 dl=9 seenp fb=true seenlen=8 seen=- out=open owner=- f=(9298464739476068901877980216828305421109415985848300175799154146981499406152719900871218876761115672296400486...
    #10 d=10 dl=10 seenp fb=true seenlen=9 seen=- out=open owner=- f=((2*c*e*x+7*b*e-12*c*d)*(c*x^2+b*x+a)^(3/2))/(6951143314972505936086434755113604871955238280475294347505150346...
    #11 d=11 dl=11 seenp fb=true seenlen=10 seen=- out=open owner=- f=(1622860587827685036059958739874103703764859088185783000795599264332654282492162670944453269075231239913561389...
  [p0] class=verified t=2.7s L2662 returned=yes t=2.708038 calls=4 ratsimp-hits=1 exact-hits=0 unexited=0 misfire/fault-lines=0 top=1_2_1_2_r119@pass2
    fires=1_2_1_9b_r5,1_2_1_9b_r27,1_2_1_2_r119
    answer sha1=1da252714189 -((-(('integrate((35*b^2*e^2*(c*x^2+b*x+a)^(3/2))/(4*e^5*x^5+20*d*e^4*x^4+40*d^2*e^3*x^3+40*d^3*e^2*x^2+20*d^4*e*x+4*d^5)-(5*a*c*e^2*(c*x^2+b*x+a)^(3/2))/(e^5*x...
    #1 d=1 dl=1 p0-mr_top fb=false seenlen=0 seen=- out=1_2_1_2_r119@pass2 owner=- f=(c*x^2+b*x+a)^(3/2)/(e*x+d)^7
    #2 d=2 dl=1 p0-mr_top fb=true seenlen=0 seen=- out=1_2_1_9b_r27@pass1 owner=1_2_1_2_r119:fired f=((2*c*e*x+7*b*e-12*c*d)*(c*x^2+b*x+a)^(3/2))/(2*(e*x+d)^6)
    #3 d=3 dl=2 p0-mr_top fb=true seenlen=1 seen=- out=1_2_1_9b_r5@pass1 owner=1_2_1_9b_r27:fired f=((-(5*a*c*e^2)+(35*b^2*e^2)/4-30*b*c*d*e+30*c^2*d^2)*(c*x^2+b*x+a)^(3/2))/(e*x+d)^5
    #4 d=4 dl=3 p0-mr_top fb=true seenlen=2 seen=ratsimp@#3(idx1,live=yes) out=fall-through:seen-hit owner=1_2_1_9b_r5:fired f=(35*b^2*e^2*(c*x^2+b*x+a)^(3/2))/(4*e^5*x^5+20*d*e^4*x^4+40*d^2*e^3*x^3+40*d^3*e^2*x^2+20*d^4*e*x+4*d^5)-(5*a*...
        matched elem=((-(5*a*c*e^2)+(35*b^2*e^2)/4-30*b*c*d*e+30*c^2*d^2)*(c*x^2+b*x+a)^(3/2))/(e*x+d)^5

--- c1 g84 1 Algebraic functions/1.2 Trinomial products/1.2.1 Quadratic/1.2.1.2 (d+e x)^m (a+b x+c x^2)^p.mac e2354 (eq)
  [trace] class=timeout t=30.1s L2663 returned=yes t=4.053055 calls=3 ratsimp-hits=1 exact-hits=0 unexited=0 misfire/fault-lines=0 top=1_2_1_2_r119
    fires=1_4_1_r18,1_2_1_2_r119
    answer sha1=7c50522ab403 -((64*((21*b*c^3*log((2*sqrt(-((b*d)/e)+(c*d^2)/e^2+a)*sqrt(c*x^2+b*x+a))/abs(2*e*x+2*d)-(2*c*d*x)/(e*abs(2*e*x+2*d))+(b*x)/abs(2*e*x+2*d)-(b*d)/(e*abs(2*e*x+2*...
    #1 d=1 dl=1 seenp fb=false seenlen=0 seen=- out=1_2_1_2_r119 owner=- f=(c*x^2+b*x+a)^(3/2)/(e*x+d)^8
    #2 d=2 dl=2 seenp fb=true seenlen=1 seen=- out=1_4_1_r18 owner=1_2_1_2_r119:fired f=((4*c*e*x+9*b*e-14*c*d)*(c*x^2+b*x+a)^(3/2))/(2*(e*x+d)^7)
    #3 d=3 dl=3 seenp fb=true seenlen=2 seen=ratsimp@#2(idx1,live=yes) out=fall-through:seen-hit owner=1_4_1_r18:fired f=(64*(4*c*e*x+9*b*e-14*c*d)*(c*x^2+b*x+a)^(3/2))/(2*e*x+2*d)^7
        matched elem=((4*c*e*x+9*b*e-14*c*d)*(c*x^2+b*x+a)^(3/2))/(2*(e*x+d)^7)
  [exact-only] class=timeout t=30.1s L2663 returned=NO calls=10 ratsimp-hits=0 exact-hits=0 unexited=10 misfire/fault-lines=0 top=open
    fires=-
    #1 d=1 dl=1 seenp fb=false seenlen=0 seen=- out=open owner=- f=(c*x^2+b*x+a)^(3/2)/(e*x+d)^8
    #2 d=2 dl=2 seenp fb=true seenlen=1 seen=- out=open owner=- f=((4*c*e*x+9*b*e-14*c*d)*(c*x^2+b*x+a)^(3/2))/(2*(e*x+d)^7)
    #3 d=3 dl=3 seenp fb=true seenlen=2 seen=- out=open owner=- f=(64*(4*c*e*x+9*b*e-14*c*d)*(c*x^2+b*x+a)^(3/2))/(2*e*x+2*d)^7
    #4 d=4 dl=4 seenp fb=true seenlen=3 seen=- out=open owner=- f=((4*c*e*x+9*b*e-14*c*d)*(c*x^2+b*x+a)^(3/2))/(68719476736*((e*x)/32+d/32)^7)
    #5 d=5 dl=5 seenp fb=true seenlen=4 seen=- out=open owner=- f=(105312291668557186697918027683670432318895095400549111254310977536*(4*c*e*x+9*b*e-14*c*d)*(c*x^2+b*x+a)^(3/2)...
    #6 d=6 dl=6 seenp fb=true seenlen=5 seen=- out=open owner=- f=((4*c*e*x+9*b*e-14*c*d)*(c*x^2+b*x+a)^(3/2))/(1364188488619052116466105100188265419717379653273741532242786693...
    #7 d=7 dl=7 seenp fb=true seenlen=6 seen=- out=open owner=- f=(6445346696680782825416437566319089761637456833974531730775458184543286320283182271444696724454069038956845710...
    #8 d=8 dl=8 seenp fb=true seenlen=7 seen=- out=open owner=- f=((4*c*e*x+9*b*e-14*c*d)*(c*x^2+b*x+a)^(3/2))/(7169315597510384748602987259153690130681583588145463788129733238...
    #9 d=9 dl=9 seenp fb=true seenlen=8 seen=- out=open owner=- f=(1357895009579716239155106010136132229240383843592274974139453304493022782964674058022566759045851392407041777...
    #10 d=10 dl=10 seenp fb=true seenlen=9 seen=- out=open owner=- f=((4*c*e*x+9*b*e-14*c*d)*(c*x^2+b*x+a)^(3/2))/(6268983884894905977974277776865302586667020053010957836876000850...
  [p0] class=verified t=2.9s L2663 returned=yes t=2.898039 calls=4 ratsimp-hits=1 exact-hits=0 unexited=0 misfire/fault-lines=0 top=1_2_1_2_r119@pass2
    fires=1_2_1_9b_r5,1_2_1_9b_r27,1_2_1_2_r119
    answer sha1=39a7d1a3acaf -((-(('integrate((63*b^2*e^2*(c*x^2+b*x+a)^(3/2))/(4*e^6*x^6+24*d*e^5*x^5+60*d^2*e^4*x^4+80*d^3*e^3*x^3+60*d^4*e^2*x^2+24*d^5*e*x+4*d^6)+(9*b*c*e^2*x*(c*x^2+b*x...
    #1 d=1 dl=1 p0-mr_top fb=false seenlen=0 seen=- out=1_2_1_2_r119@pass2 owner=- f=(c*x^2+b*x+a)^(3/2)/(e*x+d)^8
    #2 d=2 dl=1 p0-mr_top fb=true seenlen=0 seen=- out=1_2_1_9b_r27@pass1 owner=1_2_1_2_r119:fired f=((4*c*e*x+9*b*e-14*c*d)*(c*x^2+b*x+a)^(3/2))/(2*(e*x+d)^7)
    #3 d=3 dl=2 p0-mr_top fb=true seenlen=1 seen=- out=1_2_1_9b_r5@pass1 owner=1_2_1_9b_r27:fired f=(((9*b*c*e^2*x)/2-9*c^2*d*e*x-12*a*c*e^2+(63*b^2*e^2)/4-(93*b*c*d*e)/2+42*c^2*d^2)*(c*x^2+b*x+a)^(3/2))/(e*x+d...
    #4 d=4 dl=3 p0-mr_top fb=true seenlen=2 seen=ratsimp@#3(idx1,live=yes) out=fall-through:seen-hit owner=1_2_1_9b_r5:fired f=(63*b^2*e^2*(c*x^2+b*x+a)^(3/2))/(4*e^6*x^6+24*d*e^5*x^5+60*d^2*e^4*x^4+80*d^3*e^3*x^3+60*d^4*e^2*x^2+24*d^5*e...
        matched elem=(((9*b*c*e^2*x)/2-9*c^2*d*e*x-12*a*c*e^2+(63*b^2*e^2)/4-(93*b*c*d*e)/2+42*c^2*d^2)*(c*x^2+b*x+a)^(3/2))/(e*x+d...

--- c1 g84 1 Algebraic functions/1.2 Trinomial products/1.2.1 Quadratic/1.2.1.2 (d+e x)^m (a+b x+c x^2)^p.mac e2466 (eq)
  [trace] class=timeout t=30.0s L2783 returned=yes t=1.847026 calls=6 ratsimp-hits=0 exact-hits=0 unexited=0 misfire/fault-lines=0 top=1_2_1_2_r119
    fires=1_1_2_3_r48,1_2_1_2_r93,9_1_r8,1_2_1_9b_r32,1_4_1_r10,1_2_1_2_r119
    answer sha1=8b953e56a287 (2*sqrt(b^2-4*a*c)*sqrt(e*x+d)*sqrt(-((c*(c*x^2+b*x+a))/(b^2-4*a*c)))*elliptic_e(asin(sqrt((2*c*x+sqrt(b^2-4*a*c)+b)/(2*sqrt(b^2-4*a*c)))),(2*sqrt(b^2-4*a*c)*e)...
    #1 d=1 dl=1 seenp fb=false seenlen=0 seen=- out=1_2_1_2_r119 owner=- f=1/((e*x+d)^(3/2)*sqrt(c*x^2+b*x+a))
    #2 d=2 dl=2 seenp fb=true seenlen=1 seen=- out=1_4_1_r10 owner=1_2_1_2_r119:fired f=-((c*e*x+c*d)/(2*sqrt(e*x+d)*sqrt(c*x^2+b*x+a)))
    #3 d=3 dl=3 seenp fb=true seenlen=2 seen=- out=1_2_1_9b_r32 owner=1_4_1_r10:fired f=-(sqrt(e*x+d)/(2*sqrt(c*x^2+b*x+a)))
    #4 d=4 dl=4 seenp fb=true seenlen=3 seen=- out=1_2_1_2_r93 owner=1_2_1_9b_r32:fired f=sqrt(e*x+d)/sqrt(c*x^2+b*x+a)
    #5 d=5 dl=5 seenp fb=true seenlen=4 seen=- out=1_1_2_3_r48 owner=1_2_1_2_r93:fired f=sqrt((2*sqrt(b^2-4*a*c)*e*x^2)/(-(sqrt(b^2-4*a*c)*e)-b*e+2*c*d)+1)/sqrt(1-x^2)
    #6 d=4 dl=4 seenp fb=true seenlen=3 seen=- out=9_1_r8 owner=1_2_1_9b_r32:fired f=0
  [exact-only] class=timeout t=30.0s L2783 returned=yes t=1.850026 calls=6 ratsimp-hits=0 exact-hits=0 unexited=0 misfire/fault-lines=0 top=1_2_1_2_r119
    fires=1_1_2_3_r48,1_2_1_2_r93,9_1_r8,1_2_1_9b_r32,1_4_1_r10,1_2_1_2_r119
    answer sha1=8b953e56a287 (2*sqrt(b^2-4*a*c)*sqrt(e*x+d)*sqrt(-((c*(c*x^2+b*x+a))/(b^2-4*a*c)))*elliptic_e(asin(sqrt((2*c*x+sqrt(b^2-4*a*c)+b)/(2*sqrt(b^2-4*a*c)))),(2*sqrt(b^2-4*a*c)*e)...
    #1 d=1 dl=1 seenp fb=false seenlen=0 seen=- out=1_2_1_2_r119 owner=- f=1/((e*x+d)^(3/2)*sqrt(c*x^2+b*x+a))
    #2 d=2 dl=2 seenp fb=true seenlen=1 seen=- out=1_4_1_r10 owner=1_2_1_2_r119:fired f=-((c*e*x+c*d)/(2*sqrt(e*x+d)*sqrt(c*x^2+b*x+a)))
    #3 d=3 dl=3 seenp fb=true seenlen=2 seen=- out=1_2_1_9b_r32 owner=1_4_1_r10:fired f=-(sqrt(e*x+d)/(2*sqrt(c*x^2+b*x+a)))
    #4 d=4 dl=4 seenp fb=true seenlen=3 seen=- out=1_2_1_2_r93 owner=1_2_1_9b_r32:fired f=sqrt(e*x+d)/sqrt(c*x^2+b*x+a)
    #5 d=5 dl=5 seenp fb=true seenlen=4 seen=- out=1_1_2_3_r48 owner=1_2_1_2_r93:fired f=sqrt((2*sqrt(b^2-4*a*c)*e*x^2)/(-(sqrt(b^2-4*a*c)*e)-b*e+2*c*d)+1)/sqrt(1-x^2)
    #6 d=4 dl=4 seenp fb=true seenlen=3 seen=- out=9_1_r8 owner=1_2_1_9b_r32:fired f=0
  [p0] class=verified t=2.1s L2783 returned=yes t=2.118029 calls=3 ratsimp-hits=1 exact-hits=0 unexited=0 misfire/fault-lines=0 top=1_2_1_2_r119@pass2
    fires=1_2_1_9b_r1,1_2_1_2_r119
    answer sha1=ee2aab27ed0d (c*'integrate(sqrt(e*x+d)/sqrt(c*x^2+b*x+a),x))/(a*e^2-b*d*e+c*d^2)-(2*e*sqrt(c*x^2+b*x+a))/((a*e^2-b*d*e+c*d^2)*sqrt(e*x+d))
    #1 d=1 dl=1 p0-mr_top fb=false seenlen=0 seen=- out=1_2_1_2_r119@pass2 owner=- f=1/((e*x+d)^(3/2)*sqrt(c*x^2+b*x+a))
    #2 d=2 dl=1 p0-mr_top fb=true seenlen=0 seen=- out=1_2_1_9b_r1@pass1 owner=1_2_1_2_r119:fired f=-((c*e*x+c*d)/(2*sqrt(e*x+d)*sqrt(c*x^2+b*x+a)))
    #3 d=3 dl=2 p0-mr_top fb=true seenlen=1 seen=ratsimp@#2(idx1,live=yes) out=fall-through:seen-hit owner=1_2_1_9b_r1:fired f=-((c*sqrt(e*x+d))/(2*sqrt(c*x^2+b*x+a)))
        matched elem=-((c*e*x+c*d)/(2*sqrt(e*x+d)*sqrt(c*x^2+b*x+a)))

--- c1 g85 1 Algebraic functions/1.2 Trinomial products/1.2.1 Quadratic/1.2.1.4 (d+e x)^m (f+g x)^n (a+b x+c x^2)^p.mac e441 (eq)
  [trace] class=timeout t=30.0s L556 returned=yes t=2.512034 calls=6 ratsimp-hits=0 exact-hits=0 unexited=0 misfire/fault-lines=0 top=1_2_1_3_r90
    fires=1_1_2_1_r13,1_2_1_2_r99,1_1_2_1_r13,1_2_1_1_r15,1_2_1_3_r1,1_2_1_3_r90
    answer sha1=1519d1003399 (sqrt(c)*sqrt(d)*log(-((x*(e*(10*c^8*d^15-50*c^(15/2)*d^(27/2)*sqrt(e)*sqrt(c*d*e*x^2+(a*e^2+c*d^2)*x+a*d*e))+e^3*(270*a*c^7*d^13-500*a*c^(13/2)*d^(23/2)*sqrt(e...
    #1 d=1 dl=1 seenp fb=false seenlen=0 seen=- out=1_2_1_3_r90 owner=- f=sqrt(c*d*e*x^2+(a*e^2+c*d^2)*x+a*d*e)/(x*(e*x+d))
    #2 d=2 dl=2 seenp fb=true seenlen=1 seen=- out=1_2_1_2_r99 owner=1_2_1_3_r90:fired f=1/(x*sqrt(c*d*e*x^2+(a*e^2+c*d^2)*x+a*d*e))
    #3 d=3 dl=3 seenp fb=true seenlen=2 seen=- out=1_1_2_1_r13 owner=1_2_1_2_r99:fired f=1/(4*a*d*e-x^2)
    #4 d=2 dl=2 seenp fb=true seenlen=1 seen=- out=1_2_1_3_r1 owner=1_2_1_3_r90:fired f=(-(c*d^2*e*x)-c*d^3)/((e*x+d)*sqrt(c*d*e*x^2+(a*e^2+c*d^2)*x+a*d*e))
    #5 d=3 dl=3 seenp fb=true seenlen=2 seen=- out=1_2_1_1_r15 owner=1_2_1_3_r1:fired f=1/sqrt(c*d*e*x^2+(a*e^2+c*d^2)*x+a*d*e)
    #6 d=4 dl=4 seenp fb=true seenlen=3 seen=- out=1_1_2_1_r13 owner=1_2_1_1_r15:fired f=1/(4*c*d*e-x^2)
  [exact-only] class=timeout t=30.0s L556 returned=yes t=2.564036 calls=6 ratsimp-hits=0 exact-hits=0 unexited=0 misfire/fault-lines=0 top=1_2_1_3_r90
    fires=1_1_2_1_r13,1_2_1_2_r99,1_1_2_1_r13,1_2_1_1_r15,1_2_1_3_r1,1_2_1_3_r90
    answer sha1=1519d1003399 (sqrt(c)*sqrt(d)*log(-((x*(e*(10*c^8*d^15-50*c^(15/2)*d^(27/2)*sqrt(e)*sqrt(c*d*e*x^2+(a*e^2+c*d^2)*x+a*d*e))+e^3*(270*a*c^7*d^13-500*a*c^(13/2)*d^(23/2)*sqrt(e...
    #1 d=1 dl=1 seenp fb=false seenlen=0 seen=- out=1_2_1_3_r90 owner=- f=sqrt(c*d*e*x^2+(a*e^2+c*d^2)*x+a*d*e)/(x*(e*x+d))
    #2 d=2 dl=2 seenp fb=true seenlen=1 seen=- out=1_2_1_2_r99 owner=1_2_1_3_r90:fired f=1/(x*sqrt(c*d*e*x^2+(a*e^2+c*d^2)*x+a*d*e))
    #3 d=3 dl=3 seenp fb=true seenlen=2 seen=- out=1_1_2_1_r13 owner=1_2_1_2_r99:fired f=1/(4*a*d*e-x^2)
    #4 d=2 dl=2 seenp fb=true seenlen=1 seen=- out=1_2_1_3_r1 owner=1_2_1_3_r90:fired f=(-(c*d^2*e*x)-c*d^3)/((e*x+d)*sqrt(c*d*e*x^2+(a*e^2+c*d^2)*x+a*d*e))
    #5 d=3 dl=3 seenp fb=true seenlen=2 seen=- out=1_2_1_1_r15 owner=1_2_1_3_r1:fired f=1/sqrt(c*d*e*x^2+(a*e^2+c*d^2)*x+a*d*e)
    #6 d=4 dl=4 seenp fb=true seenlen=3 seen=- out=1_1_2_1_r13 owner=1_2_1_1_r15:fired f=1/(4*c*d*e-x^2)
  [p0] class=verified t=2.2s L556 returned=yes t=2.18103 calls=4 ratsimp-hits=0 exact-hits=0 unexited=0 misfire/fault-lines=0 top=1_2_1_3_r90@pass1
    fires=1_2_1_1_r3,1_2_1_2_r99,1_2_1_3_r90
    answer sha1=da61eb302ed4 (sqrt(c)*d^(3/2)*sqrt(e)*log(2*sqrt(c)*sqrt(d)*sqrt(e)*sqrt(c*d*e*x^2+(a*e^2+c*d^2)*x+a*d*e)+2*c*d*e*x+a*e^2+c*d^2)-sqrt(a)*sqrt(d)*e^(3/2)*log((2*sqrt(a)*sqrt(...
    #1 d=1 dl=1 p0-mr_top fb=false seenlen=0 seen=- out=1_2_1_3_r90@pass1 owner=- f=sqrt(c*d*e*x^2+(a*e^2+c*d^2)*x+a*d*e)/(x*(e*x+d))
    #2 d=2 dl=2 p0-mr_top fb=true seenlen=1 seen=- out=1_2_1_2_r99@pass1 owner=1_2_1_3_r90:fired f=1/((e*x+d)*sqrt(c*d*e*x^2+(a*e^2+c*d^2)*x+a*d*e))
    #3 d=3 dl=3 p0-mr_top fb=true seenlen=2 seen=- out=1_2_1_1_r3@pass1 owner=1_2_1_2_r99:fired f=1/(-x^2+4*a*d*e^3-4*d*e*(a*e^2+c*d^2)+4*c*d^3*e)
    #4 d=2 dl=2 p0-mr_top fb=true seenlen=1 seen=- out=fall-through:nofire owner=1_2_1_3_r90:fired f=(c*d^2*e*x+a*d*e^2)/(x*sqrt(c*d*e*x^2+(a*e^2+c*d^2)*x+a*d*e))

--- c1 g85 1 Algebraic functions/1.2 Trinomial products/1.2.1 Quadratic/1.2.1.4 (d+e x)^m (f+g x)^n (a+b x+c x^2)^p.mac e450 (eq)
  [trace] class=timeout t=30.0s L565 returned=yes t=4.395061 calls=11 ratsimp-hits=0 exact-hits=0 unexited=0 misfire/fault-lines=0 top=1_2_1_3_r90
    fires=1_1_2_1_r13,1_2_1_1_r15,1_1_2_1_r13,1_2_1_2_r99,1_2_1_3_r89,1_2_1_2_r109,1_1_2_1_r13,1_2_1_1_r15,1_2_1_1_r6,1_2_1_3_r1,1_2_1_3_r90
    answer sha1=627c2cb731b9 a*e*(sqrt(c*d*e*x^2+(a*e^2+c*d^2)*x+a*d*e)-(((-(a*e^2)-c*d^2)*log(-((x*(e*(10*c^8*d^15-50*c^(15/2)*d^(27/2)*sqrt(e)*sqrt(c*d*e*x^2+(a*e^2+c*d^2)*x+a*d*e))+e^3*(...
    #1 d=1 dl=1 seenp fb=false seenlen=0 seen=- out=1_2_1_3_r90 owner=- f=(c*d*e*x^2+(a*e^2+c*d^2)*x+a*d*e)^(3/2)/(x*(e*x+d))
    #2 d=2 dl=2 seenp fb=true seenlen=1 seen=- out=1_2_1_2_r109 owner=1_2_1_3_r90:fired f=sqrt(c*d*e*x^2+(a*e^2+c*d^2)*x+a*d*e)/x
    #3 d=3 dl=3 seenp fb=true seenlen=2 seen=- out=1_2_1_3_r89 owner=1_2_1_2_r109:fired f=((-(a*e^2)-c*d^2)*x-2*a*d*e)/(x*sqrt(c*d*e*x^2+(a*e^2+c*d^2)*x+a*d*e))
    #4 d=4 dl=4 seenp fb=true seenlen=3 seen=- out=1_2_1_1_r15 owner=1_2_1_3_r89:fired f=1/sqrt(c*d*e*x^2+(a*e^2+c*d^2)*x+a*d*e)
    #5 d=5 dl=5 seenp fb=true seenlen=4 seen=- out=1_1_2_1_r13 owner=1_2_1_1_r15:fired f=1/(4*c*d*e-x^2)
    #6 d=4 dl=4 seenp fb=true seenlen=3 seen=- out=1_2_1_2_r99 owner=1_2_1_3_r89:fired f=1/(x*sqrt(c*d*e*x^2+(a*e^2+c*d^2)*x+a*d*e))
    #7 d=5 dl=5 seenp fb=true seenlen=4 seen=- out=1_1_2_1_r13 owner=1_2_1_2_r99:fired f=1/(4*a*d*e-x^2)
    #8 d=2 dl=2 seenp fb=true seenlen=1 seen=- out=1_2_1_3_r1 owner=1_2_1_3_r90:fired f=((-(c*d^2*e*x)-c*d^3)*sqrt(c*d*e*x^2+(a*e^2+c*d^2)*x+a*d*e))/(e*x+d)
    #9 d=3 dl=3 seenp fb=true seenlen=2 seen=- out=1_2_1_1_r6 owner=1_2_1_3_r1:fired f=sqrt(c*d*e*x^2+(a*e^2+c*d^2)*x+a*d*e)
    #10 d=4 dl=4 seenp fb=true seenlen=3 seen=- out=1_2_1_1_r15 owner=1_2_1_1_r6:fired f=1/sqrt(c*d*e*x^2+(a*e^2+c*d^2)*x+a*d*e)
    #11 d=5 dl=5 seenp fb=true seenlen=4 seen=- out=1_1_2_1_r13 owner=1_2_1_1_r15:fired f=1/(4*c*d*e-x^2)
  [exact-only] class=timeout t=30.0s L565 returned=yes t=4.40106 calls=11 ratsimp-hits=0 exact-hits=0 unexited=0 misfire/fault-lines=0 top=1_2_1_3_r90
    fires=1_1_2_1_r13,1_2_1_1_r15,1_1_2_1_r13,1_2_1_2_r99,1_2_1_3_r89,1_2_1_2_r109,1_1_2_1_r13,1_2_1_1_r15,1_2_1_1_r6,1_2_1_3_r1,1_2_1_3_r90
    answer sha1=627c2cb731b9 a*e*(sqrt(c*d*e*x^2+(a*e^2+c*d^2)*x+a*d*e)-(((-(a*e^2)-c*d^2)*log(-((x*(e*(10*c^8*d^15-50*c^(15/2)*d^(27/2)*sqrt(e)*sqrt(c*d*e*x^2+(a*e^2+c*d^2)*x+a*d*e))+e^3*(...
    #1 d=1 dl=1 seenp fb=false seenlen=0 seen=- out=1_2_1_3_r90 owner=- f=(c*d*e*x^2+(a*e^2+c*d^2)*x+a*d*e)^(3/2)/(x*(e*x+d))
    #2 d=2 dl=2 seenp fb=true seenlen=1 seen=- out=1_2_1_2_r109 owner=1_2_1_3_r90:fired f=sqrt(c*d*e*x^2+(a*e^2+c*d^2)*x+a*d*e)/x
    #3 d=3 dl=3 seenp fb=true seenlen=2 seen=- out=1_2_1_3_r89 owner=1_2_1_2_r109:fired f=((-(a*e^2)-c*d^2)*x-2*a*d*e)/(x*sqrt(c*d*e*x^2+(a*e^2+c*d^2)*x+a*d*e))
    #4 d=4 dl=4 seenp fb=true seenlen=3 seen=- out=1_2_1_1_r15 owner=1_2_1_3_r89:fired f=1/sqrt(c*d*e*x^2+(a*e^2+c*d^2)*x+a*d*e)
    #5 d=5 dl=5 seenp fb=true seenlen=4 seen=- out=1_1_2_1_r13 owner=1_2_1_1_r15:fired f=1/(4*c*d*e-x^2)
    #6 d=4 dl=4 seenp fb=true seenlen=3 seen=- out=1_2_1_2_r99 owner=1_2_1_3_r89:fired f=1/(x*sqrt(c*d*e*x^2+(a*e^2+c*d^2)*x+a*d*e))
    #7 d=5 dl=5 seenp fb=true seenlen=4 seen=- out=1_1_2_1_r13 owner=1_2_1_2_r99:fired f=1/(4*a*d*e-x^2)
    #8 d=2 dl=2 seenp fb=true seenlen=1 seen=- out=1_2_1_3_r1 owner=1_2_1_3_r90:fired f=((-(c*d^2*e*x)-c*d^3)*sqrt(c*d*e*x^2+(a*e^2+c*d^2)*x+a*d*e))/(e*x+d)
    #9 d=3 dl=3 seenp fb=true seenlen=2 seen=- out=1_2_1_1_r6 owner=1_2_1_3_r1:fired f=sqrt(c*d*e*x^2+(a*e^2+c*d^2)*x+a*d*e)
    #10 d=4 dl=4 seenp fb=true seenlen=3 seen=- out=1_2_1_1_r15 owner=1_2_1_1_r6:fired f=1/sqrt(c*d*e*x^2+(a*e^2+c*d^2)*x+a*d*e)
    #11 d=5 dl=5 seenp fb=true seenlen=4 seen=- out=1_1_2_1_r13 owner=1_2_1_1_r15:fired f=1/(4*c*d*e-x^2)
  [p0] class=verified t=3.7s L565 returned=yes t=3.687051 calls=5 ratsimp-hits=1 exact-hits=0 unexited=0 misfire/fault-lines=0 top=1_2_1_3_r90@pass1
    fires=1_4_2_r25,1_3_3_r6,1_2_1_3_r90
    answer sha1=c749b4114843 (-(a^(3/2)*d^(3/2)*e^(5/2)*log((2*sqrt(a)*sqrt(d)*sqrt(e)*sqrt(c*d*e*x^2+(a*e^2+c*d^2)*x+a*d*e))/abs(x)+((a*e^2+c*d^2)*x)/abs(x)+(2*a*d*e)/abs(x)))-(sqrt(d)*(a*...
    #1 d=1 dl=1 p0-mr_top fb=false seenlen=0 seen=- out=1_2_1_3_r90@pass1 owner=- f=(c*d*e*x^2+(a*e^2+c*d^2)*x+a*d*e)^(3/2)/(x*(e*x+d))
    #2 d=2 dl=2 p0-mr_top fb=true seenlen=1 seen=- out=1_3_3_r6@pass1 owner=1_2_1_3_r90:fired f=sqrt(c*d*e*x^2+(a*e^2+c*d^2)*x+a*d*e)/(e*x+d)
    #3 d=3 dl=3 p0-mr_top fb=true seenlen=2 seen=- out=1_4_2_r25@pass1 owner=1_3_3_r6:fired f=sqrt(c*d*e*x+a*e^2)/(e*sqrt((e*x+d)/e))
    #4 d=4 dl=4 p0-mr_top fb=true seenlen=3 seen=ratsimp@#3(idx1,live=yes) out=fall-through:seen-hit owner=1_4_2_r25:fired f=sqrt(c*d*e*x+a*e^2)/(e*sqrt(x+d/e))
        matched elem=sqrt(c*d*e*x+a*e^2)/(e*sqrt((e*x+d)/e))
    #5 d=2 dl=2 p0-mr_top fb=true seenlen=1 seen=- out=fall-through:nofire owner=1_2_1_3_r90:fired f=((c*d^2*e*x+a*d*e^2)*sqrt(c*d*e*x^2+(a*e^2+c*d^2)*x+a*d*e))/x

--- c1 g85 1 Algebraic functions/1.2 Trinomial products/1.2.1 Quadratic/1.2.1.4 (d+e x)^m (f+g x)^n (a+b x+c x^2)^p.mac e461 (eq)
  [trace] class=timeout t=30.0s L576 returned=yes t=4.36206 calls=10 ratsimp-hits=0 exact-hits=1 unexited=0 misfire/fault-lines=0 top=1_2_1_3_r90
    fires=1_4_1_r18,1_2_1_3_r51,1_2_1_2_r109,1_1_2_1_r13,1_2_1_1_r15,1_2_1_1_r6,1_2_1_1_r6,1_2_1_3_r1,1_2_1_3_r90
    answer sha1=4ebd8c2d900d a*e*((c*d*e*x^2+(a*e^2+c*d^2)*x+a*d*e)^(3/2)/3-((16*a^(3/2)*c*d^(5/2)*e^(5/2)*log((2*sqrt(a)*sqrt(d)*sqrt(e)*sqrt(c*d*e*x^2+(a*e^2+c*d^2)*x+a*d*e))/abs(x)+((a*e...
    #1 d=1 dl=1 seenp fb=false seenlen=0 seen=- out=1_2_1_3_r90 owner=- f=(c*d*e*x^2+(a*e^2+c*d^2)*x+a*d*e)^(5/2)/(x*(e*x+d))
    #2 d=2 dl=2 seenp fb=true seenlen=1 seen=- out=1_2_1_2_r109 owner=1_2_1_3_r90:fired f=(c*d*e*x^2+(a*e^2+c*d^2)*x+a*d*e)^(3/2)/x
    #3 d=3 dl=3 seenp fb=true seenlen=2 seen=- out=1_2_1_3_r51 owner=1_2_1_2_r109:fired f=(((-(a*e^2)-c*d^2)*x-2*a*d*e)*sqrt(c*d*e*x^2+(a*e^2+c*d^2)*x+a*d*e))/x
    #4 d=4 dl=4 seenp fb=true seenlen=3 seen=- out=1_4_1_r18 owner=1_2_1_3_r51:fired f=-(((a^3*e^6-9*a^2*c*d^2*e^4-9*a*c^2*d^4*e^2+c^3*d^6)*x-16*a^2*c*d^3*e^3)/(2*x*sqrt(c*d*e*x^2+(a*e^2+c*d^2)*x+a...
    #5 d=5 dl=5 seenp fb=true seenlen=4 seen=exact@#4(idx1,live=yes) out=fall-through:seen-hit owner=1_4_1_r18:fired f=-(((a^3*e^6-9*a^2*c*d^2*e^4-9*a*c^2*d^4*e^2+c^3*d^6)*x-16*a^2*c*d^3*e^3)/(2*x*sqrt(c*d*e*x^2+(a*e^2+c*d^2)*x+a...
        matched elem=-(((a^3*e^6-9*a^2*c*d^2*e^4-9*a*c^2*d^4*e^2+c^3*d^6)*x-16*a^2*c*d^3*e^3)/(2*x*sqrt(c*d*e*x^2+(a*e^2+c*d^2)*x+a...
    #6 d=2 dl=2 seenp fb=true seenlen=1 seen=- out=1_2_1_3_r1 owner=1_2_1_3_r90:fired f=((-(c*d^2*e*x)-c*d^3)*(c*d*e*x^2+(a*e^2+c*d^2)*x+a*d*e)^(3/2))/(e*x+d)
    #7 d=3 dl=3 seenp fb=true seenlen=2 seen=- out=1_2_1_1_r6 owner=1_2_1_3_r1:fired f=(c*d*e*x^2+(a*e^2+c*d^2)*x+a*d*e)^(3/2)
    #8 d=4 dl=4 seenp fb=true seenlen=3 seen=- out=1_2_1_1_r6 owner=1_2_1_1_r6:fired f=sqrt(c*d*e*x^2+(a*e^2+c*d^2)*x+a*d*e)
    #9 d=5 dl=5 seenp fb=true seenlen=4 seen=- out=1_2_1_1_r15 owner=1_2_1_1_r6:fired f=1/sqrt(c*d*e*x^2+(a*e^2+c*d^2)*x+a*d*e)
    #10 d=6 dl=6 seenp fb=true seenlen=5 seen=- out=1_1_2_1_r13 owner=1_2_1_1_r15:fired f=1/(4*c*d*e-x^2)
  [exact-only] class=timeout t=30.0s L576 returned=yes t=4.37406 calls=10 ratsimp-hits=0 exact-hits=1 unexited=0 misfire/fault-lines=0 top=1_2_1_3_r90
    fires=1_4_1_r18,1_2_1_3_r51,1_2_1_2_r109,1_1_2_1_r13,1_2_1_1_r15,1_2_1_1_r6,1_2_1_1_r6,1_2_1_3_r1,1_2_1_3_r90
    answer sha1=4ebd8c2d900d a*e*((c*d*e*x^2+(a*e^2+c*d^2)*x+a*d*e)^(3/2)/3-((16*a^(3/2)*c*d^(5/2)*e^(5/2)*log((2*sqrt(a)*sqrt(d)*sqrt(e)*sqrt(c*d*e*x^2+(a*e^2+c*d^2)*x+a*d*e))/abs(x)+((a*e...
    #1 d=1 dl=1 seenp fb=false seenlen=0 seen=- out=1_2_1_3_r90 owner=- f=(c*d*e*x^2+(a*e^2+c*d^2)*x+a*d*e)^(5/2)/(x*(e*x+d))
    #2 d=2 dl=2 seenp fb=true seenlen=1 seen=- out=1_2_1_2_r109 owner=1_2_1_3_r90:fired f=(c*d*e*x^2+(a*e^2+c*d^2)*x+a*d*e)^(3/2)/x
    #3 d=3 dl=3 seenp fb=true seenlen=2 seen=- out=1_2_1_3_r51 owner=1_2_1_2_r109:fired f=(((-(a*e^2)-c*d^2)*x-2*a*d*e)*sqrt(c*d*e*x^2+(a*e^2+c*d^2)*x+a*d*e))/x
    #4 d=4 dl=4 seenp fb=true seenlen=3 seen=- out=1_4_1_r18 owner=1_2_1_3_r51:fired f=-(((a^3*e^6-9*a^2*c*d^2*e^4-9*a*c^2*d^4*e^2+c^3*d^6)*x-16*a^2*c*d^3*e^3)/(2*x*sqrt(c*d*e*x^2+(a*e^2+c*d^2)*x+a...
    #5 d=5 dl=5 seenp fb=true seenlen=4 seen=exact@#4(idx1,live=yes) out=fall-through:seen-hit owner=1_4_1_r18:fired f=-(((a^3*e^6-9*a^2*c*d^2*e^4-9*a*c^2*d^4*e^2+c^3*d^6)*x-16*a^2*c*d^3*e^3)/(2*x*sqrt(c*d*e*x^2+(a*e^2+c*d^2)*x+a...
        matched elem=-(((a^3*e^6-9*a^2*c*d^2*e^4-9*a*c^2*d^4*e^2+c^3*d^6)*x-16*a^2*c*d^3*e^3)/(2*x*sqrt(c*d*e*x^2+(a*e^2+c*d^2)*x+a...
    #6 d=2 dl=2 seenp fb=true seenlen=1 seen=- out=1_2_1_3_r1 owner=1_2_1_3_r90:fired f=((-(c*d^2*e*x)-c*d^3)*(c*d*e*x^2+(a*e^2+c*d^2)*x+a*d*e)^(3/2))/(e*x+d)
    #7 d=3 dl=3 seenp fb=true seenlen=2 seen=- out=1_2_1_1_r6 owner=1_2_1_3_r1:fired f=(c*d*e*x^2+(a*e^2+c*d^2)*x+a*d*e)^(3/2)
    #8 d=4 dl=4 seenp fb=true seenlen=3 seen=- out=1_2_1_1_r6 owner=1_2_1_1_r6:fired f=sqrt(c*d*e*x^2+(a*e^2+c*d^2)*x+a*d*e)
    #9 d=5 dl=5 seenp fb=true seenlen=4 seen=- out=1_2_1_1_r15 owner=1_2_1_1_r6:fired f=1/sqrt(c*d*e*x^2+(a*e^2+c*d^2)*x+a*d*e)
    #10 d=6 dl=6 seenp fb=true seenlen=5 seen=- out=1_1_2_1_r13 owner=1_2_1_1_r15:fired f=1/(4*c*d*e-x^2)
  [p0] class=verified t=3.7s L576 returned=yes t=3.682051 calls=5 ratsimp-hits=1 exact-hits=0 unexited=0 misfire/fault-lines=0 top=1_2_1_3_r90@pass1
    fires=1_4_2_r25,1_3_3_r6,1_2_1_3_r90
    answer sha1=175ad297ebd9 (-(a^(5/2)*d^(5/2)*e^(7/2)*log((2*sqrt(a)*sqrt(d)*sqrt(e)*sqrt(c*d*e*x^2+(a*e^2+c*d^2)*x+a*d*e))/abs(x)+((a*e^2+c*d^2)*x)/abs(x)+(2*a*d*e)/abs(x)))-(a*sqrt(e)*(...
    #1 d=1 dl=1 p0-mr_top fb=false seenlen=0 seen=- out=1_2_1_3_r90@pass1 owner=- f=(c*d*e*x^2+(a*e^2+c*d^2)*x+a*d*e)^(5/2)/(x*(e*x+d))
    #2 d=2 dl=2 p0-mr_top fb=true seenlen=1 seen=- out=1_3_3_r6@pass1 owner=1_2_1_3_r90:fired f=(c*d*e*x^2+(a*e^2+c*d^2)*x+a*d*e)^(3/2)/(e*x+d)
    #3 d=3 dl=3 p0-mr_top fb=true seenlen=2 seen=- out=1_4_2_r25@pass1 owner=1_3_3_r6:fired f=(sqrt((e*x+d)/e)*(c*d*e*x+a*e^2)^(3/2))/e
    #4 d=4 dl=4 p0-mr_top fb=true seenlen=3 seen=ratsimp@#3(idx1,live=yes) out=fall-through:seen-hit owner=1_4_2_r25:fired f=(sqrt(x+d/e)*(c*d*e*x+a*e^2)^(3/2))/e
        matched elem=(sqrt((e*x+d)/e)*(c*d*e*x+a*e^2)^(3/2))/e
    #5 d=2 dl=2 p0-mr_top fb=true seenlen=1 seen=- out=fall-through:nofire owner=1_2_1_3_r90:fired f=((c*d^2*e*x+a*d*e^2)*(c*d*e*x^2+(a*e^2+c*d^2)*x+a*d*e)^(3/2))/x

--- c1 g90 1 Algebraic functions/1.1 Binomial products/1.1.1 Linear/1.1.1.3 (a+b x)^m (c+d x)^n (e+f x)^p.mac e995 (eq)
  [trace] class=unverified t=0.6s L1204 returned=yes t=0.571007 calls=6 ratsimp-hits=1 exact-hits=0 unexited=0 misfire/fault-lines=0 top=1_1_1_3_r57
    fires=1_1_1_4_r46,1_1_1_2_r39,1_1_1_3_r60,1_1_1_3_r25,1_1_1_3_r57
    answer sha1=11360ad48c72 a^2*(-((b*x+a)^(n+1)/(a^2*x*(a-b*x)^n))-(hypergeometric([1,-n],[1-n],(a-b*x)/(b*x+a))*(-(a*b*(n+1))-a*b*n)*(b*x+a)^n)/(a^3*n*(a-b*x)^n))-(b^2*(b*x+a)^n*'integra...
    #1 d=1 dl=1 seenp fb=false seenlen=0 seen=- out=1_1_1_3_r57 owner=- f=(b*x+a)^(n+1)/(x^2*(a-b*x)^n)
    #2 d=2 dl=2 seenp fb=true seenlen=1 seen=- out=1_1_1_2_r39 owner=1_1_1_3_r57:fired f=(a-b*x)^(-n-1)*(b*x+a)^n
    #3 d=3 dl=3 seenp fb=true seenlen=2 seen=- out=1_1_1_4_r46 owner=1_1_1_2_r39:fired f=(a-b*x)^(-n-1)*((b*x+a)/(2*a))^n
    #4 d=4 dl=4 seenp fb=true seenlen=3 seen=ratsimp@#3(idx1,live=yes) out=fall-through:seen-hit owner=1_1_1_4_r46:fired f=(a-b*x)^(-n-1)*((b*x)/(2*a)+1/2)^n
        matched elem=(a-b*x)^(-n-1)*((b*x+a)/(2*a))^n
    #5 d=2 dl=2 seenp fb=true seenlen=1 seen=- out=1_1_1_3_r25 owner=1_1_1_3_r57:fired f=((a-b*x)^(-n-1)*(b*x+a)^n)/x^2
    #6 d=3 dl=3 seenp fb=true seenlen=2 seen=- out=1_1_1_3_r60 owner=1_1_1_3_r25:fired f=((a-b*x)^(-n-1)*(b*x+a)^n)/x
  [exact-only] class=expected t=0.6s L1204 returned=yes t=0.559008 calls=6 ratsimp-hits=0 exact-hits=0 unexited=0 misfire/fault-lines=0 top=1_1_1_3_r57
    fires=1_1_1_2_r38,1_1_1_4_r46,1_1_1_2_r39,1_1_1_3_r60,1_1_1_3_r25,1_1_1_3_r57
    answer sha1=de9666cecbc5 a^2*(-((b*x+a)^(n+1)/(a^2*x*(a-b*x)^n))-(hypergeometric([1,-n],[1-n],(a-b*x)/(b*x+a))*(-(a*b*(n+1))-a*b*n)*(b*x+a)^n)/(a^3*n*(a-b*x)^n))-(b*hypergeometric([-n,-...
    #1 d=1 dl=1 seenp fb=false seenlen=0 seen=- out=1_1_1_3_r57 owner=- f=(b*x+a)^(n+1)/(x^2*(a-b*x)^n)
    #2 d=2 dl=2 seenp fb=true seenlen=1 seen=- out=1_1_1_2_r39 owner=1_1_1_3_r57:fired f=(a-b*x)^(-n-1)*(b*x+a)^n
    #3 d=3 dl=3 seenp fb=true seenlen=2 seen=- out=1_1_1_4_r46 owner=1_1_1_2_r39:fired f=(a-b*x)^(-n-1)*((b*x+a)/(2*a))^n
    #4 d=4 dl=4 seenp fb=true seenlen=3 seen=- out=1_1_1_2_r38 owner=1_1_1_4_r46:fired f=(a-b*x)^(-n-1)*((b*x)/(2*a)+1/2)^n
    #5 d=2 dl=2 seenp fb=true seenlen=1 seen=- out=1_1_1_3_r25 owner=1_1_1_3_r57:fired f=((a-b*x)^(-n-1)*(b*x+a)^n)/x^2
    #6 d=3 dl=3 seenp fb=true seenlen=2 seen=- out=1_1_1_3_r60 owner=1_1_1_3_r25:fired f=((a-b*x)^(-n-1)*(b*x+a)^n)/x
  [p0] class=verified t=0.2s L1204 returned=yes t=0.206002 calls=5 ratsimp-hits=0 exact-hits=2 unexited=0 misfire/fault-lines=0 top=1_1_1_3_r57@pass1
    fires=1_1_1_4_r46,1_1_1_4_r47,1_1_1_3_r57
    answer sha1=7f4f62bc8d1a a^2*'integrate(((a-b*x)^(-n-1)*(b*x+a)^n)/x^2,x)-b^2*'integrate((a-b*x)^(-n-1)*(b*x+a)^n,x)
    #1 d=1 dl=1 p0-mr_top fb=false seenlen=0 seen=- out=1_1_1_3_r57@pass1 owner=- f=(b*x+a)^(n+1)/(x^2*(a-b*x)^n)
    #2 d=2 dl=2 p0-mr_top fb=true seenlen=1 seen=- out=1_1_1_4_r46@pass1 owner=1_1_1_3_r57:fired f=(a-b*x)^(-n-1)*(b*x+a)^n
    #3 d=3 dl=3 p0-mr_top fb=true seenlen=2 seen=exact@#2(idx1,live=yes) out=fall-through:seen-hit owner=1_1_1_4_r46:fired f=(a-b*x)^(-n-1)*(b*x+a)^n
        matched elem=(a-b*x)^(-n-1)*(b*x+a)^n
    #4 d=2 dl=2 p0-mr_top fb=true seenlen=1 seen=- out=1_1_1_4_r47@pass1 owner=1_1_1_3_r57:fired f=((a-b*x)^(-n-1)*(b*x+a)^n)/x^2
    #5 d=3 dl=3 p0-mr_top fb=true seenlen=2 seen=exact@#4(idx1,live=yes) out=fall-through:seen-hit owner=1_1_1_4_r47:fired f=((a-b*x)^(-n-1)*(b*x+a)^n)/x^2
        matched elem=((a-b*x)^(-n-1)*(b*x+a)^n)/x^2

--- c1 g90 1 Algebraic functions/1.1 Binomial products/1.1.1 Linear/1.1.1.3 (a+b x)^m (c+d x)^n (e+f x)^p.mac e3126 (eq)
  [trace] class=unverified t=0.7s L3561 returned=yes t=0.536008 calls=5 ratsimp-hits=1 exact-hits=0 unexited=0 misfire/fault-lines=0 top=1_1_1_3_r57
    fires=1_1_1_4_r46,1_1_1_2_r39,1_1_1_3_r60,1_1_1_3_r57
    answer sha1=965066f74209 (((d*(b*x+a))/(a*d-b*c))^n*'integrate((d*x+c)^n/((b*d*x)/(a*d-b*c)+(a*d)/(a*d-b*c))^n,x))/(4*b*d*(b*x+a)^n)+(hypergeometric([2,1-n],[2-n],((d*(a*d+b*c)-2*b*c*d)...
    #1 d=1 dl=1 seenp fb=false seenlen=0 seen=- out=1_1_1_3_r57 owner=- f=((b*x+a)^(1-n)*(d*x+c)^(n+1))/(2*b*d*x+a*d+b*c)^2
    #2 d=2 dl=2 seenp fb=true seenlen=1 seen=- out=1_1_1_2_r39 owner=1_1_1_3_r57:fired f=(d*x+c)^n/(b*x+a)^n
    #3 d=3 dl=3 seenp fb=true seenlen=2 seen=- out=1_1_1_4_r46 owner=1_1_1_2_r39:fired f=(d*x+c)^n/((b*d*x+a*d)/(a*d-b*c))^n
    #4 d=4 dl=4 seenp fb=true seenlen=3 seen=ratsimp@#3(idx1,live=yes) out=fall-through:seen-hit owner=1_1_1_4_r46:fired f=(d*x+c)^n/((b*d*x)/(a*d-b*c)+(a*d)/(a*d-b*c))^n
        matched elem=(d*x+c)^n/((b*d*x+a*d)/(a*d-b*c))^n
    #5 d=2 dl=2 seenp fb=true seenlen=1 seen=- out=1_1_1_3_r60 owner=1_1_1_3_r57:fired f=(d*x+c)^n/((b*x+a)^n*(2*b*d*x+a*d+b*c)^2)
  [exact-only] class=unverified t=0.8s L3561 returned=yes t=0.615008 calls=6 ratsimp-hits=0 exact-hits=1 unexited=0 misfire/fault-lines=0 top=1_1_1_3_r57
    fires=1_1_1_2_r39,1_1_1_4_r46,1_1_1_2_r39,1_1_1_3_r60,1_1_1_3_r57
    answer sha1=6a687e5cc1bb (((d*(b*x+a))/(a*d-b*c))^n*((d*((b*d*x)/(a*d-b*c)+(a*d)/(a*d-b*c)))/((a*d^2)/(a*d-b*c)-(b*c*d)/(a*d-b*c)))^n*'integrate((d*x+c)^n/((b*d*x+a*d)/(a*d-b*c))^n,x))/...
    #1 d=1 dl=1 seenp fb=false seenlen=0 seen=- out=1_1_1_3_r57 owner=- f=((b*x+a)^(1-n)*(d*x+c)^(n+1))/(2*b*d*x+a*d+b*c)^2
    #2 d=2 dl=2 seenp fb=true seenlen=1 seen=- out=1_1_1_2_r39 owner=1_1_1_3_r57:fired f=(d*x+c)^n/(b*x+a)^n
    #3 d=3 dl=3 seenp fb=true seenlen=2 seen=- out=1_1_1_4_r46 owner=1_1_1_2_r39:fired f=(d*x+c)^n/((b*d*x+a*d)/(a*d-b*c))^n
    #4 d=4 dl=4 seenp fb=true seenlen=3 seen=- out=1_1_1_2_r39 owner=1_1_1_4_r46:fired f=(d*x+c)^n/((b*d*x)/(a*d-b*c)+(a*d)/(a*d-b*c))^n
    #5 d=5 dl=5 seenp fb=true seenlen=4 seen=exact@#3(idx2,live=yes) out=fall-through:seen-hit owner=1_1_1_2_r39:fired f=(d*x+c)^n/((b*d*x+a*d)/(a*d-b*c))^n
        matched elem=(d*x+c)^n/((b*d*x+a*d)/(a*d-b*c))^n
    #6 d=2 dl=2 seenp fb=true seenlen=1 seen=- out=1_1_1_3_r60 owner=1_1_1_3_r57:fired f=(d*x+c)^n/((b*x+a)^n*(2*b*d*x+a*d+b*c)^2)
  [p0] class=verified t=4.8s L3561 returned=yes t=4.746065 calls=3 ratsimp-hits=0 exact-hits=0 unexited=0 misfire/fault-lines=0 top=1_1_1_6_r5@pass1
    fires=1_1_1_6_r7,1_1_1_6_r5
    answer sha1=160b620ed4d1 -((('integrate(((b*x+a)^(1-n)*(d*x+c)^(n+1)*((24*a*b^4*d^5*n*x)/(2*b*d*x+a*d+b*c)-(24*b^5*c*d^4*n*x)/(2*b*d*x+a*d+b*c)+(12*a^2*b^3*d^5*n)/(2*b*d*x+a*d+b*c)-(12*...
    #1 d=1 dl=1 p0-mr_top fb=false seenlen=0 seen=- out=1_1_1_6_r5@pass1 owner=- f=((b*x+a)^(1-n)*(d*x+c)^(n+1))/(2*b*d*x+a*d+b*c)^2
    #2 d=2 dl=2 p0-mr_top fb=true seenlen=1 seen=- out=1_1_1_6_r7@pass1 owner=1_1_1_6_r5:fired f=((b*x+a)^(1-n)*(d*x+c)^(n+1)*(-(6*b^2*d^2*x)-2*a*b*d^2*n+2*b^2*c*d*n-3*a*b*d^2-3*b^2*c*d))/(2*b*d*x+a*d+b*c)
    #3 d=3 dl=3 p0-mr_top fb=true seenlen=2 seen=- out=fall-through:nofire owner=1_1_1_6_r7:fired f=((b*x+a)^(1-n)*(d*x+c)^(n+1)*((24*a*b^4*d^5*n*x)/(2*b*d*x+a*d+b*c)-(24*b^5*c*d^4*n*x)/(2*b*d*x+a*d+b*c)+(12*a^...

--- c1 g90 1 Algebraic functions/1.1 Binomial products/1.1.1 Linear/1.1.1.3 (a+b x)^m (c+d x)^n (e+f x)^p.mac e3130 (eq)
  [trace] class=unverified t=0.7s L3565 returned=yes t=0.548008 calls=5 ratsimp-hits=1 exact-hits=0 unexited=0 misfire/fault-lines=0 top=1_1_1_3_r57
    fires=1_1_1_4_r46,1_1_1_2_r39,1_1_1_3_r60,1_1_1_3_r57
    answer sha1=dc32ad88c5e6 ((b*c-a*d)*((b*(d*x+c))/(b*c-a*d))^m*'integrate((b*x+a)^(m-1)*(-((b*d*x)/(a*d-b*c))-(b*c)/(a*d-b*c))^(1-m),x))/(4*b^2*d*(d*x+c)^m)+(hypergeometric([2,m],[m+1],(...
    #1 d=1 dl=1 seenp fb=false seenlen=0 seen=- out=1_1_1_3_r57 owner=- f=((b*x+a)^m*(d*x+c)^(2-m))/(2*b*d*x+a*d+b*c)^2
    #2 d=2 dl=2 seenp fb=true seenlen=1 seen=- out=1_1_1_2_r39 owner=1_1_1_3_r57:fired f=(b*x+a)^(m-1)*(d*x+c)^(1-m)
    #3 d=3 dl=3 seenp fb=true seenlen=2 seen=- out=1_1_1_4_r46 owner=1_1_1_2_r39:fired f=(b*x+a)^(m-1)*(-((b*d*x+b*c)/(a*d-b*c)))^(1-m)
    #4 d=4 dl=4 seenp fb=true seenlen=3 seen=ratsimp@#3(idx1,live=yes) out=fall-through:seen-hit owner=1_1_1_4_r46:fired f=(b*x+a)^(m-1)*(-((b*d*x)/(a*d-b*c))-(b*c)/(a*d-b*c))^(1-m)
        matched elem=(b*x+a)^(m-1)*(-((b*d*x+b*c)/(a*d-b*c)))^(1-m)
    #5 d=2 dl=2 seenp fb=true seenlen=1 seen=- out=1_1_1_3_r60 owner=1_1_1_3_r57:fired f=((b*x+a)^(m-1)*(d*x+c)^(1-m))/(2*b*d*x+a*d+b*c)^2
  [exact-only] class=unverified t=0.8s L3565 returned=yes t=0.702009 calls=8 ratsimp-hits=0 exact-hits=1 unexited=0 misfire/fault-lines=0 top=1_1_1_3_r57
    fires=1_1_1_2_r39,1_1_1_4_r46,1_1_1_2_r39,1_1_1_4_r46,1_1_1_2_r39,1_1_1_3_r60,1_1_1_3_r57
    answer sha1=28d41dd84705 ((b*c-a*d)*((b^2*c)/(b*c-a*d)-(a*b*d)/(b*c-a*d))*((a*b*d)/(a*d-b*c)-(b^2*c)/(a*d-b*c))*((b*(d*x+c))/(b*c-a*d))^m*((b*((b*d*x)/(b*c-a*d)+(b*c)/(b*c-a*d)))/((b^2*...
    #1 d=1 dl=1 seenp fb=false seenlen=0 seen=- out=1_1_1_3_r57 owner=- f=((b*x+a)^m*(d*x+c)^(2-m))/(2*b*d*x+a*d+b*c)^2
    #2 d=2 dl=2 seenp fb=true seenlen=1 seen=- out=1_1_1_2_r39 owner=1_1_1_3_r57:fired f=(b*x+a)^(m-1)*(d*x+c)^(1-m)
    #3 d=3 dl=3 seenp fb=true seenlen=2 seen=- out=1_1_1_4_r46 owner=1_1_1_2_r39:fired f=(b*x+a)^(m-1)*(-((b*d*x+b*c)/(a*d-b*c)))^(1-m)
    #4 d=4 dl=4 seenp fb=true seenlen=3 seen=- out=1_1_1_2_r39 owner=1_1_1_4_r46:fired f=(b*x+a)^(m-1)*(-((b*d*x)/(a*d-b*c))-(b*c)/(a*d-b*c))^(1-m)
    #5 d=5 dl=5 seenp fb=true seenlen=4 seen=- out=1_1_1_4_r46 owner=1_1_1_2_r39:fired f=(b*x+a)^(m-1)*((b*d*x+b*c)/(b*c-a*d))^(1-m)
    #6 d=6 dl=6 seenp fb=true seenlen=5 seen=- out=1_1_1_2_r39 owner=1_1_1_4_r46:fired f=(b*x+a)^(m-1)*((b*d*x)/(b*c-a*d)+(b*c)/(b*c-a*d))^(1-m)
    #7 d=7 dl=7 seenp fb=true seenlen=6 seen=exact@#5(idx2,live=yes) out=fall-through:seen-hit owner=1_1_1_2_r39:fired f=(b*x+a)^(m-1)*((b*d*x+b*c)/(b*c-a*d))^(1-m)
        matched elem=(b*x+a)^(m-1)*((b*d*x+b*c)/(b*c-a*d))^(1-m)
    #8 d=2 dl=2 seenp fb=true seenlen=1 seen=- out=1_1_1_3_r60 owner=1_1_1_3_r57:fired f=((b*x+a)^(m-1)*(d*x+c)^(1-m))/(2*b*d*x+a*d+b*c)^2
  [p0] class=verified t=5.0s L3565 returned=yes t=4.974069 calls=3 ratsimp-hits=0 exact-hits=0 unexited=0 misfire/fault-lines=0 top=1_1_1_6_r5@pass1
    fires=1_1_1_6_r7,1_1_1_6_r5
    answer sha1=00c5e14afe2a -((('integrate(((b*x+a)^m*(d*x+c)^(2-m)*(-((24*a*b^4*d^5*m*x)/(2*b*d*x+a*d+b*c))+(24*b^5*c*d^4*m*x)/(2*b*d*x+a*d+b*c)+(24*a*b^4*d^5*x)/(2*b*d*x+a*d+b*c)-(24*b^5...
    #1 d=1 dl=1 p0-mr_top fb=false seenlen=0 seen=- out=1_1_1_6_r5@pass1 owner=- f=((b*x+a)^m*(d*x+c)^(2-m))/(2*b*d*x+a*d+b*c)^2
    #2 d=2 dl=2 p0-mr_top fb=true seenlen=1 seen=- out=1_1_1_6_r7@pass1 owner=1_1_1_6_r5:fired f=((b*x+a)^m*(d*x+c)^(2-m)*(-(6*b^2*d^2*x)+2*a*b*d^2*m-2*b^2*c*d*m-5*a*b*d^2-b^2*c*d))/(2*b*d*x+a*d+b*c)
    #3 d=3 dl=3 p0-mr_top fb=true seenlen=2 seen=- out=fall-through:nofire owner=1_1_1_6_r7:fired f=((b*x+a)^m*(d*x+c)^(2-m)*(-((24*a*b^4*d^5*m*x)/(2*b*d*x+a*d+b*c))+(24*b^5*c*d^4*m*x)/(2*b*d*x+a*d+b*c)+(24*a*b...

--- c1 g93 1 Algebraic functions/1.1 Binomial products/1.1.3 General/1.1.3.2 (c x)^m (a+b x^n)^p.mac e1326 (eq)
  [trace] class=unverified t=10.6s L1487 returned=yes t=4.796067 calls=15 ratsimp-hits=0 exact-hits=2 unexited=0 misfire/fault-lines=0 top=1_1_3_2_r67
    fires=1_1_3_7_r45,1_1_3_7_r45,1_2_1_1_r12,1_2_1_2_r3,1_2_1_2_r9,1_1_3_7_r45,1_1_3_7_r45,1_2_1_1_r12,1_2_1_2_r3,1_2_1_2_r9,1_1_2_1_r10,1_1_3_2_r37,1_1_3_2_r67
    answer sha1=6f31d16bc27e -((b*(-((%i*(1/b)^(5/6)*log((x^3+(%i/2+3^(3/2)/2)*x^2+((sqrt(3)*%i)/2+5/2)*x+%i/2+sqrt(3)/2)/(x^3+((3*%i)/2+3^(3/2)/2)*x^2+((3^(3/2)*%i)/2+3/2)*x+%i)))/(12*a^(1...
    #1 d=1 dl=1 seenp fb=false seenlen=0 seen=- out=1_1_3_2_r67 owner=- f=1/(x^2*(b*x^6+a))
    #2 d=2 dl=2 seenp fb=true seenlen=1 seen=- out=1_1_3_2_r37 owner=1_1_3_2_r67:fired f=x^4/(b*x^6+a)
    #3 d=3 dl=3 seenp fb=true seenlen=2 seen=- out=1_2_1_2_r9 owner=1_1_3_2_r37:fired f=(a^(1/6)*(1/b)^(1/6)*cos((2*%pi*(2*k-1))/3)-cos((5*%pi*(2*k-1))/6)*x)/(x^2-2*a^(1/6)*(1/b)^(1/6)*cos((%pi*(2*k...
    #4 d=4 dl=4 seenp fb=true seenlen=3 seen=- out=1_2_1_1_r12 owner=1_2_1_2_r9:fired f=1/(x^2-2*a^(1/6)*(1/b)^(1/6)*cos((%pi*(2*k-1))/6)*x+a^(1/3)/b^(1/3))
    #5 d=5 dl=5 seenp fb=true seenlen=4 seen=- out=1_1_3_7_r45 owner=1_2_1_1_r12:fired f=-(b^(1/3)/(b^(1/3)*x^2-4*a^(1/3)*cos((%pi*(2*k-1))/6)^2+4*a^(1/3)))
    #6 d=6 dl=6 seenp fb=true seenlen=5 seen=- out=1_1_3_7_r45 owner=1_1_3_7_r45:fired f=-(b^(1/3)/(b^(1/3)*x^2-4*a^(1/3)*cos((%pi*k)/3-%pi/6)^2+4*a^(1/3)))
    #7 d=7 dl=7 seenp fb=true seenlen=6 seen=exact@#6(idx1,live=yes) out=fall-through:seen-hit owner=1_1_3_7_r45:fired f=-(b^(1/3)/(b^(1/3)*x^2-4*a^(1/3)*cos((%pi*k)/3-%pi/6)^2+4*a^(1/3)))
        matched elem=-(b^(1/3)/(b^(1/3)*x^2-4*a^(1/3)*cos((%pi*k)/3-%pi/6)^2+4*a^(1/3)))
    #8 d=4 dl=4 seenp fb=true seenlen=3 seen=- out=1_2_1_2_r3 owner=1_2_1_2_r9:fired f=(2*x-2*a^(1/6)*(1/b)^(1/6)*cos((%pi*(2*k-1))/6))/(x^2-2*a^(1/6)*(1/b)^(1/6)*cos((%pi*(2*k-1))/6)*x+a^(1/3)/b^(...
    #9 d=3 dl=3 seenp fb=true seenlen=2 seen=- out=1_2_1_2_r9 owner=1_1_3_2_r37:fired f=(cos((5*%pi*(2*k-1))/6)*x+a^(1/6)*(1/b)^(1/6)*cos((2*%pi*(2*k-1))/3))/(x^2+2*a^(1/6)*(1/b)^(1/6)*cos((%pi*(2*k...
    #10 d=4 dl=4 seenp fb=true seenlen=3 seen=- out=1_2_1_1_r12 owner=1_2_1_2_r9:fired f=1/(x^2+2*a^(1/6)*(1/b)^(1/6)*cos((%pi*(2*k-1))/6)*x+a^(1/3)/b^(1/3))
    #11 d=5 dl=5 seenp fb=true seenlen=4 seen=- out=1_1_3_7_r45 owner=1_2_1_1_r12:fired f=-(b^(1/3)/(b^(1/3)*x^2-4*a^(1/3)*cos((%pi*(2*k-1))/6)^2+4*a^(1/3)))
    #12 d=6 dl=6 seenp fb=true seenlen=5 seen=- out=1_1_3_7_r45 owner=1_1_3_7_r45:fired f=-(b^(1/3)/(b^(1/3)*x^2-4*a^(1/3)*cos((%pi*k)/3-%pi/6)^2+4*a^(1/3)))
    #13 d=7 dl=7 seenp fb=true seenlen=6 seen=exact@#12(idx1,live=yes) out=fall-through:seen-hit owner=1_1_3_7_r45:fired f=-(b^(1/3)/(b^(1/3)*x^2-4*a^(1/3)*cos((%pi*k)/3-%pi/6)^2+4*a^(1/3)))
        matched elem=-(b^(1/3)/(b^(1/3)*x^2-4*a^(1/3)*cos((%pi*k)/3-%pi/6)^2+4*a^(1/3)))
    #14 d=4 dl=4 seenp fb=true seenlen=3 seen=- out=1_2_1_2_r3 owner=1_2_1_2_r9:fired f=(2*x+2*a^(1/6)*(1/b)^(1/6)*cos((%pi*(2*k-1))/6))/(x^2+2*a^(1/6)*(1/b)^(1/6)*cos((%pi*(2*k-1))/6)*x+a^(1/3)/b^(...
    #15 d=3 dl=3 seenp fb=true seenlen=2 seen=- out=1_1_2_1_r10 owner=1_1_3_2_r37:fired f=1/(x^2+a^(1/3)/b^(1/3))
  [exact-only] class=unverified t=10.7s L1487 returned=yes t=4.843067 calls=15 ratsimp-hits=0 exact-hits=2 unexited=0 misfire/fault-lines=0 top=1_1_3_2_r67
    fires=1_1_3_7_r45,1_1_3_7_r45,1_2_1_1_r12,1_2_1_2_r3,1_2_1_2_r9,1_1_3_7_r45,1_1_3_7_r45,1_2_1_1_r12,1_2_1_2_r3,1_2_1_2_r9,1_1_2_1_r10,1_1_3_2_r37,1_1_3_2_r67
    answer sha1=6f31d16bc27e -((b*(-((%i*(1/b)^(5/6)*log((x^3+(%i/2+3^(3/2)/2)*x^2+((sqrt(3)*%i)/2+5/2)*x+%i/2+sqrt(3)/2)/(x^3+((3*%i)/2+3^(3/2)/2)*x^2+((3^(3/2)*%i)/2+3/2)*x+%i)))/(12*a^(1...
    #1 d=1 dl=1 seenp fb=false seenlen=0 seen=- out=1_1_3_2_r67 owner=- f=1/(x^2*(b*x^6+a))
    #2 d=2 dl=2 seenp fb=true seenlen=1 seen=- out=1_1_3_2_r37 owner=1_1_3_2_r67:fired f=x^4/(b*x^6+a)
    #3 d=3 dl=3 seenp fb=true seenlen=2 seen=- out=1_2_1_2_r9 owner=1_1_3_2_r37:fired f=(a^(1/6)*(1/b)^(1/6)*cos((2*%pi*(2*k-1))/3)-cos((5*%pi*(2*k-1))/6)*x)/(x^2-2*a^(1/6)*(1/b)^(1/6)*cos((%pi*(2*k...
    #4 d=4 dl=4 seenp fb=true seenlen=3 seen=- out=1_2_1_1_r12 owner=1_2_1_2_r9:fired f=1/(x^2-2*a^(1/6)*(1/b)^(1/6)*cos((%pi*(2*k-1))/6)*x+a^(1/3)/b^(1/3))
    #5 d=5 dl=5 seenp fb=true seenlen=4 seen=- out=1_1_3_7_r45 owner=1_2_1_1_r12:fired f=-(b^(1/3)/(b^(1/3)*x^2-4*a^(1/3)*cos((%pi*(2*k-1))/6)^2+4*a^(1/3)))
    #6 d=6 dl=6 seenp fb=true seenlen=5 seen=- out=1_1_3_7_r45 owner=1_1_3_7_r45:fired f=-(b^(1/3)/(b^(1/3)*x^2-4*a^(1/3)*cos((%pi*k)/3-%pi/6)^2+4*a^(1/3)))
    #7 d=7 dl=7 seenp fb=true seenlen=6 seen=exact@#6(idx1,live=yes) out=fall-through:seen-hit owner=1_1_3_7_r45:fired f=-(b^(1/3)/(b^(1/3)*x^2-4*a^(1/3)*cos((%pi*k)/3-%pi/6)^2+4*a^(1/3)))
        matched elem=-(b^(1/3)/(b^(1/3)*x^2-4*a^(1/3)*cos((%pi*k)/3-%pi/6)^2+4*a^(1/3)))
    #8 d=4 dl=4 seenp fb=true seenlen=3 seen=- out=1_2_1_2_r3 owner=1_2_1_2_r9:fired f=(2*x-2*a^(1/6)*(1/b)^(1/6)*cos((%pi*(2*k-1))/6))/(x^2-2*a^(1/6)*(1/b)^(1/6)*cos((%pi*(2*k-1))/6)*x+a^(1/3)/b^(...
    #9 d=3 dl=3 seenp fb=true seenlen=2 seen=- out=1_2_1_2_r9 owner=1_1_3_2_r37:fired f=(cos((5*%pi*(2*k-1))/6)*x+a^(1/6)*(1/b)^(1/6)*cos((2*%pi*(2*k-1))/3))/(x^2+2*a^(1/6)*(1/b)^(1/6)*cos((%pi*(2*k...
    #10 d=4 dl=4 seenp fb=true seenlen=3 seen=- out=1_2_1_1_r12 owner=1_2_1_2_r9:fired f=1/(x^2+2*a^(1/6)*(1/b)^(1/6)*cos((%pi*(2*k-1))/6)*x+a^(1/3)/b^(1/3))
    #11 d=5 dl=5 seenp fb=true seenlen=4 seen=- out=1_1_3_7_r45 owner=1_2_1_1_r12:fired f=-(b^(1/3)/(b^(1/3)*x^2-4*a^(1/3)*cos((%pi*(2*k-1))/6)^2+4*a^(1/3)))
    #12 d=6 dl=6 seenp fb=true seenlen=5 seen=- out=1_1_3_7_r45 owner=1_1_3_7_r45:fired f=-(b^(1/3)/(b^(1/3)*x^2-4*a^(1/3)*cos((%pi*k)/3-%pi/6)^2+4*a^(1/3)))
    #13 d=7 dl=7 seenp fb=true seenlen=6 seen=exact@#12(idx1,live=yes) out=fall-through:seen-hit owner=1_1_3_7_r45:fired f=-(b^(1/3)/(b^(1/3)*x^2-4*a^(1/3)*cos((%pi*k)/3-%pi/6)^2+4*a^(1/3)))
        matched elem=-(b^(1/3)/(b^(1/3)*x^2-4*a^(1/3)*cos((%pi*k)/3-%pi/6)^2+4*a^(1/3)))
    #14 d=4 dl=4 seenp fb=true seenlen=3 seen=- out=1_2_1_2_r3 owner=1_2_1_2_r9:fired f=(2*x+2*a^(1/6)*(1/b)^(1/6)*cos((%pi*(2*k-1))/6))/(x^2+2*a^(1/6)*(1/b)^(1/6)*cos((%pi*(2*k-1))/6)*x+a^(1/3)/b^(...
    #15 d=3 dl=3 seenp fb=true seenlen=2 seen=- out=1_1_2_1_r10 owner=1_1_3_2_r37:fired f=1/(x^2+a^(1/3)/b^(1/3))
  [p0] class=verified t=0.9s L1487 returned=yes t=0.897013 calls=2 ratsimp-hits=0 exact-hits=1 unexited=0 misfire/fault-lines=0 top=1_3_4_r1@pass1
    fires=1_3_4_r1
    answer sha1=c83bd5439d3d (x*(b^(1/3)*(-log((2*b*x^3+(3^(3/2)*a^(1/6)*b^(5/6)+a^(1/6)*sqrt(-b^(1/3))*b^(2/3))*x^2+(5*a^(1/3)*b^(2/3)+sqrt(3)*a^(1/3)*sqrt(-b^(1/3))*sqrt(b))*x+sqrt(3)*sqr...
    #1 d=1 dl=1 p0-mr_top fb=false seenlen=0 seen=- out=1_3_4_r1@pass1 owner=- f=1/(x^2*(b*x^6+a))
    #2 d=2 dl=2 p0-mr_top fb=true seenlen=1 seen=exact@#1(idx1,live=yes) out=fall-through:seen-hit owner=1_3_4_r1:fired f=1/(x^2*(b*x^6+a))
        matched elem=1/(x^2*(b*x^6+a))

--- c1 g93 1 Algebraic functions/1.2 Trinomial products/1.2.2 Quartic/1.2.2.2 (d x)^m (a+b x^2+c x^4)^p.mac e1027 (eq)
  [trace] class=unverified t=0.2s L1140 returned=yes t=0.201002 calls=3 ratsimp-hits=0 exact-hits=0 unexited=0 misfire/fault-lines=2 top=1_1_3_2_r67
    fires=1_1_3_2_r107,1_1_3_2_r108,1_1_3_2_r67
    answer sha1=7ecbcfc4a6f6 sqrt(c*x^4-2*(a+1)+2*a+2)/((2*(a+1)-2*a-2)*x)-(hypergeometric([1/2,3/4],[7/4],-((c*x^4)/(-(2*(a+1))+2*a+2)))*c*x^3*sqrt(c*x^4-2*(a+1)+2*a+2))/(3*(-(2*(a+1))+2*a...
    #1 d=1 dl=1 seenp fb=false seenlen=0 seen=- out=1_1_3_2_r67 owner=- f=1/(x^2*sqrt(c*x^4-2*(a+1)+2*a+2))
    #2 d=2 dl=2 seenp fb=true seenlen=1 seen=- out=1_1_3_2_r108 owner=1_1_3_2_r67:fired f=x^2/sqrt(c*x^4-2*(a+1)+2*a+2)
    #3 d=3 dl=3 seenp fb=true seenlen=2 seen=- out=1_1_3_2_r107 owner=1_1_3_2_r108:fired f=x^2/sqrt((c*x^4)/(-(2*(a+1))+2*a+2)+1)
  [exact-only] class=unverified t=0.2s L1140 returned=yes t=0.219003 calls=3 ratsimp-hits=0 exact-hits=0 unexited=0 misfire/fault-lines=2 top=1_1_3_2_r67
    fires=1_1_3_2_r107,1_1_3_2_r108,1_1_3_2_r67
    answer sha1=7ecbcfc4a6f6 sqrt(c*x^4-2*(a+1)+2*a+2)/((2*(a+1)-2*a-2)*x)-(hypergeometric([1/2,3/4],[7/4],-((c*x^4)/(-(2*(a+1))+2*a+2)))*c*x^3*sqrt(c*x^4-2*(a+1)+2*a+2))/(3*(-(2*(a+1))+2*a...
    #1 d=1 dl=1 seenp fb=false seenlen=0 seen=- out=1_1_3_2_r67 owner=- f=1/(x^2*sqrt(c*x^4-2*(a+1)+2*a+2))
    #2 d=2 dl=2 seenp fb=true seenlen=1 seen=- out=1_1_3_2_r108 owner=1_1_3_2_r67:fired f=x^2/sqrt(c*x^4-2*(a+1)+2*a+2)
    #3 d=3 dl=3 seenp fb=true seenlen=2 seen=- out=1_1_3_2_r107 owner=1_1_3_2_r108:fired f=x^2/sqrt((c*x^4)/(-(2*(a+1))+2*a+2)+1)
  [p0] class=verified t=3.7s L1140 returned=yes t=3.698052 calls=7 ratsimp-hits=0 exact-hits=0 unexited=0 misfire/fault-lines=0 top=1_3_3_r17@pass1
    fires=1_1_2_1_r13,1_1_2_1_r13,1_4_1_r19,1_1_1_2_r11,1_1_1_2_r11,1_1_1_2_r11,1_3_3_r17
    answer sha1=b2b93233bc51 -(sqrt(c*x^4-2*(a+1)+2*a+2)/(3*c*x^5))
    #1 d=1 dl=1 p0-mr_top fb=false seenlen=0 seen=- out=1_3_3_r17@pass1 owner=- f=1/(x^2*sqrt(c*x^4-2*(a+1)+2*a+2))
    #2 d=2 dl=2 p0-mr_top fb=true seenlen=1 seen=- out=1_1_1_2_r11@pass1 owner=1_3_3_r17:fired f=1/(sqrt(c)*x^4)
    #3 d=3 dl=3 p0-mr_top fb=true seenlen=2 seen=- out=1_1_1_2_r11@pass1 owner=1_1_1_2_r11:fired f=1/(sqrt(c)*x^3)
    #4 d=4 dl=4 p0-mr_top fb=true seenlen=3 seen=- out=1_1_1_2_r11@pass1 owner=1_1_1_2_r11:fired f=1/(sqrt(c)*x^2)
    #5 d=5 dl=5 p0-mr_top fb=true seenlen=4 seen=- out=1_4_1_r19@pass1 owner=1_1_1_2_r11:fired f=1/(sqrt(c)*x)
    #6 d=6 dl=6 p0-mr_top fb=true seenlen=5 seen=- out=1_1_2_1_r13@pass1 owner=1_4_1_r19:fired f=1/(c-x^2)
    #7 d=6 dl=6 p0-mr_top fb=true seenlen=5 seen=- out=1_1_2_1_r13@pass1 owner=1_4_1_r19:fired f=1/(c-x^2)

--- c1 g93 1 Algebraic functions/1.2 Trinomial products/1.2.2 Quartic/1.2.2.2 (d x)^m (a+b x^2+c x^4)^p.mac e1029 (eq)
  [trace] class=unverified t=0.2s L1142 returned=yes t=0.142002 calls=3 ratsimp-hits=0 exact-hits=0 unexited=0 misfire/fault-lines=1 top=1_1_3_2_r67
    fires=1_1_3_1_r57,1_1_3_1_r36,1_1_3_2_r67
    answer sha1=23a4dec76925 -((hypergeometric([1/4,1/2],[5/4],-((c*x^4)/(-(2*(a+1))+2*a+2)))*c*x*sqrt((c*x^4)/(-(2*(a+1))+2*a+2)+1))/(3*(-(2*(a+1))+2*a+2)*sqrt(c*x^4-2*(a+1)+2*a+2)))-sqrt(...
    #1 d=1 dl=1 seenp fb=false seenlen=0 seen=- out=1_1_3_2_r67 owner=- f=1/(x^4*sqrt(c*x^4-2*(a+1)+2*a+2))
    #2 d=2 dl=2 seenp fb=true seenlen=1 seen=- out=1_1_3_1_r36 owner=1_1_3_2_r67:fired f=1/sqrt(c*x^4-2*(a+1)+2*a+2)
    #3 d=3 dl=3 seenp fb=true seenlen=2 seen=- out=1_1_3_1_r57 owner=1_1_3_1_r36:fired f=1/sqrt((c*x^4)/(-(2*(a+1))+2*a+2)+1)
  [exact-only] class=unverified t=0.2s L1142 returned=yes t=0.145002 calls=3 ratsimp-hits=0 exact-hits=0 unexited=0 misfire/fault-lines=1 top=1_1_3_2_r67
    fires=1_1_3_1_r57,1_1_3_1_r36,1_1_3_2_r67
    answer sha1=23a4dec76925 -((hypergeometric([1/4,1/2],[5/4],-((c*x^4)/(-(2*(a+1))+2*a+2)))*c*x*sqrt((c*x^4)/(-(2*(a+1))+2*a+2)+1))/(3*(-(2*(a+1))+2*a+2)*sqrt(c*x^4-2*(a+1)+2*a+2)))-sqrt(...
    #1 d=1 dl=1 seenp fb=false seenlen=0 seen=- out=1_1_3_2_r67 owner=- f=1/(x^4*sqrt(c*x^4-2*(a+1)+2*a+2))
    #2 d=2 dl=2 seenp fb=true seenlen=1 seen=- out=1_1_3_1_r36 owner=1_1_3_2_r67:fired f=1/sqrt(c*x^4-2*(a+1)+2*a+2)
    #3 d=3 dl=3 seenp fb=true seenlen=2 seen=- out=1_1_3_1_r57 owner=1_1_3_1_r36:fired f=1/sqrt((c*x^4)/(-(2*(a+1))+2*a+2)+1)
  [p0] class=verified t=3.5s L1142 returned=yes t=3.483049 calls=9 ratsimp-hits=0 exact-hits=0 unexited=0 misfire/fault-lines=0 top=1_3_3_r17@pass1
    fires=1_1_2_1_r13,1_1_2_1_r13,1_4_1_r19,1_1_1_2_r11,1_1_1_2_r11,1_1_1_2_r11,1_1_1_2_r11,1_1_1_2_r11,1_3_3_r17
    answer sha1=5572c712610e -(sqrt(c*x^4-2*(a+1)+2*a+2)/(5*c*x^7))
    #1 d=1 dl=1 p0-mr_top fb=false seenlen=0 seen=- out=1_3_3_r17@pass1 owner=- f=1/(x^4*sqrt(c*x^4-2*(a+1)+2*a+2))
    #2 d=2 dl=2 p0-mr_top fb=true seenlen=1 seen=- out=1_1_1_2_r11@pass1 owner=1_3_3_r17:fired f=1/(sqrt(c)*x^6)
    #3 d=3 dl=3 p0-mr_top fb=true seenlen=2 seen=- out=1_1_1_2_r11@pass1 owner=1_1_1_2_r11:fired f=1/(sqrt(c)*x^5)
    #4 d=4 dl=4 p0-mr_top fb=true seenlen=3 seen=- out=1_1_1_2_r11@pass1 owner=1_1_1_2_r11:fired f=1/(sqrt(c)*x^4)
    #5 d=5 dl=5 p0-mr_top fb=true seenlen=4 seen=- out=1_1_1_2_r11@pass1 owner=1_1_1_2_r11:fired f=1/(sqrt(c)*x^3)
    #6 d=6 dl=6 p0-mr_top fb=true seenlen=5 seen=- out=1_1_1_2_r11@pass1 owner=1_1_1_2_r11:fired f=1/(sqrt(c)*x^2)
    #7 d=7 dl=7 p0-mr_top fb=true seenlen=6 seen=- out=1_4_1_r19@pass1 owner=1_1_1_2_r11:fired f=1/(sqrt(c)*x)
    #8 d=8 dl=8 p0-mr_top fb=true seenlen=7 seen=- out=1_1_2_1_r13@pass1 owner=1_4_1_r19:fired f=1/(c-x^2)
    #9 d=8 dl=8 p0-mr_top fb=true seenlen=7 seen=- out=1_1_2_1_r13@pass1 owner=1_4_1_r19:fired f=1/(c-x^2)

--- c1 g115 1 Algebraic functions/1.1 Binomial products/1.1.2 Quadratic/1.1.2.6 (g x)^m (a+b x^2)^p (c+d x^2)^q (e+f x^2)^r.mac e27 (eq)
  [trace] class=deferred t=0.9s L40 returned=yes t=0.906013 calls=2 ratsimp-hits=1 exact-hits=0 unexited=0 misfire/fault-lines=0 top=1_1_2_6_r12
    fires=1_1_2_6_r12
    answer sha1=2273e5c116a1 'integrate((B*x^2*(e*x)^m)/(b*d*x^4+a*d*x^2+b*c*x^2+a*c)+(A*(e*x)^m)/(b*d*x^4+a*d*x^2+b*c*x^2+a*c),x)
    #1 d=1 dl=1 seenp fb=false seenlen=0 seen=- out=1_1_2_6_r12 owner=- f=((e*x)^m*(B*x^2+A))/((b*x^2+a)*(d*x^2+c))
    #2 d=2 dl=2 seenp fb=true seenlen=1 seen=ratsimp@#1(idx1,live=yes) out=fall-through:seen-hit owner=1_1_2_6_r12:fired f=(B*x^2*(e*x)^m)/(b*d*x^4+a*d*x^2+b*c*x^2+a*c)+(A*(e*x)^m)/(b*d*x^4+a*d*x^2+b*c*x^2+a*c)
        matched elem=((e*x)^m*(B*x^2+A))/((b*x^2+a)*(d*x^2+c))
  [exact-only] class=verified t=4.9s L40 returned=yes t=4.901068 calls=9 ratsimp-hits=0 exact-hits=2 unexited=0 misfire/fault-lines=0 top=1_1_2_6_r12
    fires=1_4_2_r19,1_4_1_r29,1_4_1_r18,1_4_2_r19,1_4_1_r18,1_4_1_r7,1_1_2_6_r12
    answer sha1=ac8fe69cc70d ('integrate((e*x)^(m+2)/((b*d*x^4)/B+(a*d*x^2)/B+(b*c*x^2)/B+(a*c)/B),x))/e^2+'integrate((e*x)^m/((b*d*x^4)/A+(a*d*x^2)/A+(b*c*x^2)/A+(a*c)/A),x)
    #1 d=1 dl=1 seenp fb=false seenlen=0 seen=- out=1_1_2_6_r12 owner=- f=((e*x)^m*(B*x^2+A))/((b*x^2+a)*(d*x^2+c))
    #2 d=2 dl=2 seenp fb=true seenlen=1 seen=- out=1_4_1_r7 owner=1_1_2_6_r12:fired f=(B*x^2*(e*x)^m)/(b*d*x^4+a*d*x^2+b*c*x^2+a*c)+(A*(e*x)^m)/(b*d*x^4+a*d*x^2+b*c*x^2+a*c)
    #3 d=3 dl=3 seenp fb=true seenlen=2 seen=- out=1_4_1_r18 owner=1_4_1_r7:fired f=(B*x^2*(e*x)^m)/(b*d*x^4+a*d*x^2+b*c*x^2+a*c)
    #4 d=4 dl=4 seenp fb=true seenlen=3 seen=- out=1_4_1_r29 owner=1_4_1_r18:fired f=(x^2*(e*x)^m)/((b*d*x^4)/B+(a*d*x^2)/B+(b*c*x^2)/B+(a*c)/B)
    #5 d=5 dl=5 seenp fb=true seenlen=4 seen=- out=1_4_2_r19 owner=1_4_1_r29:fired f=(e*x)^(m+2)/((b*d*x^4)/B+(a*d*x^2)/B+(b*c*x^2)/B+(a*c)/B)
    #6 d=6 dl=6 seenp fb=true seenlen=5 seen=exact@#5(idx1,live=yes) out=fall-through:seen-hit owner=1_4_2_r19:fired f=(e*x)^(m+2)/((b*d*x^4)/B+(a*d*x^2)/B+(b*c*x^2)/B+(a*c)/B)
        matched elem=(e*x)^(m+2)/((b*d*x^4)/B+(a*d*x^2)/B+(b*c*x^2)/B+(a*c)/B)
    #7 d=3 dl=3 seenp fb=true seenlen=2 seen=- out=1_4_1_r18 owner=1_4_1_r7:fired f=(A*(e*x)^m)/(b*d*x^4+a*d*x^2+b*c*x^2+a*c)
    #8 d=4 dl=4 seenp fb=true seenlen=3 seen=- out=1_4_2_r19 owner=1_4_1_r18:fired f=(e*x)^m/((b*d*x^4)/A+(a*d*x^2)/A+(b*c*x^2)/A+(a*c)/A)
    #9 d=5 dl=5 seenp fb=true seenlen=4 seen=exact@#8(idx1,live=yes) out=fall-through:seen-hit owner=1_4_2_r19:fired f=(e*x)^m/((b*d*x^4)/A+(a*d*x^2)/A+(b*c*x^2)/A+(a*c)/A)
        matched elem=(e*x)^m/((b*d*x^4)/A+(a*d*x^2)/A+(b*c*x^2)/A+(a*c)/A)
  [p0] class=verified t=3.5s L40 returned=yes t=3.520049 calls=7 ratsimp-hits=0 exact-hits=2 unexited=0 misfire/fault-lines=0 top=1_1_2_6_r12@pass2
    fires=1_2_2_6_r3,1_1_2_3_r1,1_2_2_6_r3,1_4_1_r7,1_1_2_6_r12
    answer sha1=16f0fb883bfe A*'integrate((e*x)^m/(b*d*x^4+a*d*x^2+b*c*x^2+a*c),x)+(B*(e*x)^m*'integrate(x^(m+2)/(b*d*x^4+a*d*x^2+b*c*x^2+a*c),x))/x^m
    #1 d=1 dl=1 p0-mr_top fb=false seenlen=0 seen=- out=1_1_2_6_r12@pass2 owner=- f=((e*x)^m*(B*x^2+A))/((b*x^2+a)*(d*x^2+c))
    #2 d=2 dl=1 p0-mr_top fb=true seenlen=0 seen=- out=1_4_1_r7@pass1 owner=1_1_2_6_r12:fired f=(B*x^2*(e*x)^m)/(b*d*x^4+a*d*x^2+b*c*x^2+a*c)+(A*(e*x)^m)/(b*d*x^4+a*d*x^2+b*c*x^2+a*c)
    #3 d=3 dl=2 p0-mr_top fb=true seenlen=1 seen=- out=1_1_2_3_r1@pass1 owner=1_4_1_r7:fired f=(B*x^2*(e*x)^m)/(b*d*x^4+a*d*x^2+b*c*x^2+a*c)
    #4 d=4 dl=3 p0-mr_top fb=true seenlen=2 seen=- out=1_2_2_6_r3@pass1 owner=1_1_2_3_r1:fired f=(B*x^(m+2))/(b*d*x^4+a*d*x^2+b*c*x^2+a*c)
    #5 d=5 dl=4 p0-mr_top fb=true seenlen=3 seen=exact@#4(idx1,live=yes) out=fall-through:seen-hit owner=1_2_2_6_r3:fired f=(B*x^(m+2))/(b*d*x^4+a*d*x^2+b*c*x^2+a*c)
        matched elem=(B*x^(m+2))/(b*d*x^4+a*d*x^2+b*c*x^2+a*c)
    #6 d=3 dl=2 p0-mr_top fb=true seenlen=1 seen=- out=1_2_2_6_r3@pass1 owner=1_4_1_r7:fired f=(A*(e*x)^m)/(b*d*x^4+a*d*x^2+b*c*x^2+a*c)
    #7 d=4 dl=3 p0-mr_top fb=true seenlen=2 seen=exact@#6(idx1,live=yes) out=fall-through:seen-hit owner=1_2_2_6_r3:fired f=(A*(e*x)^m)/(b*d*x^4+a*d*x^2+b*c*x^2+a*c)
        matched elem=(A*(e*x)^m)/(b*d*x^4+a*d*x^2+b*c*x^2+a*c)

--- c1 g115 1 Algebraic functions/1.1 Binomial products/1.1.2 Quadratic/1.1.2.6 (g x)^m (a+b x^2)^p (c+d x^2)^q (e+f x^2)^r.mac e47 (eq)
  [trace] class=deferred t=0.9s L62 returned=yes t=0.892013 calls=2 ratsimp-hits=1 exact-hits=0 unexited=0 misfire/fault-lines=0 top=1_1_2_6_r12
    fires=1_1_2_6_r12
    answer sha1=d2b4fbb0a68b 'integrate((B*x^2*(e*x)^m*(b*x^2+a)^p)/(d*x^2+c)+(A*(e*x)^m*(b*x^2+a)^p)/(d*x^2+c),x)
    #1 d=1 dl=1 seenp fb=false seenlen=0 seen=- out=1_1_2_6_r12 owner=- f=((e*x)^m*(B*x^2+A)*(b*x^2+a)^p)/(d*x^2+c)
    #2 d=2 dl=2 seenp fb=true seenlen=1 seen=ratsimp@#1(idx1,live=yes) out=fall-through:seen-hit owner=1_1_2_6_r12:fired f=(B*x^2*(e*x)^m*(b*x^2+a)^p)/(d*x^2+c)+(A*(e*x)^m*(b*x^2+a)^p)/(d*x^2+c)
        matched elem=((e*x)^m*(B*x^2+A)*(b*x^2+a)^p)/(d*x^2+c)
  [exact-only] class=contains-noun t=5.9s L62 returned=yes t=5.880082 calls=7 ratsimp-hits=0 exact-hits=0 unexited=0 misfire/fault-lines=0 top=1_1_2_6_r12
    fires=1_1_2_6_r20,1_4_1_r18,1_1_3_4_r81,1_4_1_r18,1_4_1_r7,1_1_2_6_r12
    answer sha1=1ad0ca1c37bb 'unintegrable[(x^2*(e*x)^m*(b*x^2+a)^p)/((d*x^2)/B+c/B),x]+(A*(e*x)^m*'integrate((x^m*(b*x^2+a)^p)/(d*x^2+c),x))/x^m
    #1 d=1 dl=1 seenp fb=false seenlen=0 seen=- out=1_1_2_6_r12 owner=- f=((e*x)^m*(B*x^2+A)*(b*x^2+a)^p)/(d*x^2+c)
    #2 d=2 dl=2 seenp fb=true seenlen=1 seen=- out=1_4_1_r7 owner=1_1_2_6_r12:fired f=(B*x^2*(e*x)^m*(b*x^2+a)^p)/(d*x^2+c)+(A*(e*x)^m*(b*x^2+a)^p)/(d*x^2+c)
    #3 d=3 dl=3 seenp fb=true seenlen=2 seen=- out=1_4_1_r18 owner=1_4_1_r7:fired f=(B*x^2*(e*x)^m*(b*x^2+a)^p)/(d*x^2+c)
    #4 d=4 dl=4 seenp fb=true seenlen=3 seen=- out=1_1_2_6_r20 owner=1_4_1_r18:fired f=(x^2*(e*x)^m*(b*x^2+a)^p)/((d*x^2)/B+c/B)
    #5 d=3 dl=3 seenp fb=true seenlen=2 seen=- out=1_4_1_r18 owner=1_4_1_r7:fired f=(A*(e*x)^m*(b*x^2+a)^p)/(d*x^2+c)
    #6 d=4 dl=4 seenp fb=true seenlen=3 seen=- out=1_1_3_4_r81 owner=1_4_1_r18:fired f=((e*x)^m*(b*x^2+a)^p)/((d*x^2)/A+c/A)
    #7 d=5 dl=5 seenp fb=true seenlen=4 seen=- out=fall-through:nofire owner=1_1_3_4_r81:fired f=(x^m*(b*x^2+a)^p)/((d*x^2)/A+c/A)
  [p0] class=verified t=7.1s L62 returned=yes t=7.075097 calls=8 ratsimp-hits=0 exact-hits=2 unexited=0 misfire/fault-lines=0 top=1_1_2_6_r12@pass2
    fires=9_1_r16,1_1_2_3_r1,9_1_r16,9_1_r16,1_4_1_r7,1_1_2_6_r12
    answer sha1=8bcc633a5817 (B*(e*x)^m*'integrate((x^(m+2)*(b*x^2+a)^p)/(d*x^2+c),x))/x^m+(A*(e*x)^m*'integrate((x^m*(b*x^2+a)^p)/(d*x^2+c),x))/x^m
    #1 d=1 dl=1 p0-mr_top fb=false seenlen=0 seen=- out=1_1_2_6_r12@pass2 owner=- f=((e*x)^m*(B*x^2+A)*(b*x^2+a)^p)/(d*x^2+c)
    #2 d=2 dl=1 p0-mr_top fb=true seenlen=0 seen=- out=1_4_1_r7@pass1 owner=1_1_2_6_r12:fired f=(B*x^2*(e*x)^m*(b*x^2+a)^p)/(d*x^2+c)+(A*(e*x)^m*(b*x^2+a)^p)/(d*x^2+c)
    #3 d=3 dl=2 p0-mr_top fb=true seenlen=1 seen=- out=1_1_2_3_r1@pass1 owner=1_4_1_r7:fired f=(B*x^2*(e*x)^m*(b*x^2+a)^p)/(d*x^2+c)
    #4 d=4 dl=3 p0-mr_top fb=true seenlen=2 seen=- out=9_1_r16@pass1 owner=1_1_2_3_r1:fired f=(B*x^(m+2)*(b*x^2+a)^p)/(d*x^2+c)
    #5 d=5 dl=3 p0-hybrid-alg fb=true seenlen=3 seen=exact@#4(idx1,live=yes) out=fall-through:seen-hit owner=9_1_r16:fired f=(B*x^(m+2)*(b*x^2+a)^p)/(d*x^2+c)
        matched elem=(B*x^(m+2)*(b*x^2+a)^p)/(d*x^2+c)
    #6 d=3 dl=2 p0-mr_top fb=true seenlen=1 seen=- out=9_1_r16@pass1 owner=1_4_1_r7:fired f=(A*(e*x)^m*(b*x^2+a)^p)/(d*x^2+c)
    #7 d=4 dl=2 p0-hybrid-alg fb=true seenlen=2 seen=- out=9_1_r16@pass1 owner=9_1_r16:fired f=(A*x^m*(b*x^2+a)^p)/(d*x^2+c)
    #8 d=5 dl=3 p0-hybrid-alg fb=true seenlen=3 seen=exact@#7(idx1,live=yes) out=fall-through:seen-hit owner=9_1_r16:fired f=(A*x^m*(b*x^2+a)^p)/(d*x^2+c)
        matched elem=(A*x^m*(b*x^2+a)^p)/(d*x^2+c)

--- c1 g116 1 Algebraic functions/1.2 Trinomial products/1.2.1 Quadratic/1.2.1.2 (d+e x)^m (a+b x+c x^2)^p.mac e737 (eq)
  [trace] class=deferred t=0.1s L854 returned=yes t=0.135001 calls=2 ratsimp-hits=1 exact-hits=0 unexited=0 misfire/fault-lines=0 top=1_1_2_7_r55
    fires=1_1_2_7_r55
    answer sha1=356d9dff5973 'integrate((e^2*x^2*(c*x^2+a)^p)/(e^4*x^4-2*d^2*e^2*x^2+d^4)-(2*d*e*x*(c*x^2+a)^p)/(e^4*x^4-2*d^2*e^2*x^2+d^4)+(d^2*(c*x^2+a)^p)/(e^4*x^4-2*d^2*e^2*x^2+d^4),x)
    #1 d=1 dl=1 seenp fb=false seenlen=0 seen=- out=1_1_2_7_r55 owner=- f=(c*x^2+a)^p/(e*x+d)^2
    #2 d=2 dl=2 seenp fb=true seenlen=1 seen=ratsimp@#1(idx1,live=yes) out=fall-through:seen-hit owner=1_1_2_7_r55:fired f=(e^2*x^2*(c*x^2+a)^p)/(e^4*x^4-2*d^2*e^2*x^2+d^4)-(2*d*e*x*(c*x^2+a)^p)/(e^4*x^4-2*d^2*e^2*x^2+d^4)+(d^2*(c*x^...
        matched elem=(c*x^2+a)^p/(e*x+d)^2
  [exact-only] class=contains-noun t=4.6s L854 returned=yes t=4.601064 calls=9 ratsimp-hits=0 exact-hits=0 unexited=0 misfire/fault-lines=0 top=1_1_2_7_r55
    fires=1_2_2_4_r96,1_4_1_r18,1_4_1_r18,1_2_2_4_r96,1_2_2_3_r99,1_4_1_r18,1_4_1_r18,1_4_1_r7,1_1_2_7_r55
    answer sha1=f43acb326050 'unintegrable[(c*x^2+a)^p/((e^4*x^4)/d^2-2*e^2*x^2+d^2),x]-'unintegrable[(2*d*e*x*(c*x^2+a)^p)/(e^4*x^4-2*d^2*e^2*x^2+d^4),x]+'unintegrable[(x^2*(c*x^2+a)^p)/(e...
    #1 d=1 dl=1 seenp fb=false seenlen=0 seen=- out=1_1_2_7_r55 owner=- f=(c*x^2+a)^p/(e*x+d)^2
    #2 d=2 dl=2 seenp fb=true seenlen=1 seen=- out=1_4_1_r7 owner=1_1_2_7_r55:fired f=(e^2*x^2*(c*x^2+a)^p)/(e^4*x^4-2*d^2*e^2*x^2+d^4)-(2*d*e*x*(c*x^2+a)^p)/(e^4*x^4-2*d^2*e^2*x^2+d^4)+(d^2*(c*x^...
    #3 d=3 dl=3 seenp fb=true seenlen=2 seen=- out=1_4_1_r18 owner=1_4_1_r7:fired f=(e^2*x^2*(c*x^2+a)^p)/(e^4*x^4-2*d^2*e^2*x^2+d^4)
    #4 d=4 dl=4 seenp fb=true seenlen=3 seen=- out=1_4_1_r18 owner=1_4_1_r18:fired f=(e*x^2*(c*x^2+a)^p)/(e^3*x^4-2*d^2*e*x^2+d^4/e)
    #5 d=5 dl=5 seenp fb=true seenlen=4 seen=- out=1_2_2_4_r96 owner=1_4_1_r18:fired f=(x^2*(c*x^2+a)^p)/(e^2*x^4-2*d^2*x^2+d^4/e^2)
    #6 d=3 dl=3 seenp fb=true seenlen=2 seen=- out=1_2_2_4_r96 owner=1_4_1_r7:fired f=(2*d*e*x*(c*x^2+a)^p)/(e^4*x^4-2*d^2*e^2*x^2+d^4)
    #7 d=3 dl=3 seenp fb=true seenlen=2 seen=- out=1_4_1_r18 owner=1_4_1_r7:fired f=(d^2*(c*x^2+a)^p)/(e^4*x^4-2*d^2*e^2*x^2+d^4)
    #8 d=4 dl=4 seenp fb=true seenlen=3 seen=- out=1_4_1_r18 owner=1_4_1_r18:fired f=(d*(c*x^2+a)^p)/((e^4*x^4)/d-2*d*e^2*x^2+d^3)
    #9 d=5 dl=5 seenp fb=true seenlen=4 seen=- out=1_2_2_3_r99 owner=1_4_1_r18:fired f=(c*x^2+a)^p/((e^4*x^4)/d^2-2*e^2*x^2+d^2)
  [p0] class=verified t=1.5s L854 returned=yes t=1.507021 calls=3 ratsimp-hits=1 exact-hits=0 unexited=0 misfire/fault-lines=0 top=1_1_2_7_r56@pass2
    fires=1_1_1_4_r47,1_1_2_7_r56
    answer sha1=73c4c6d8268c -(((c*x^2+a)^p*'integrate((e*x+d)^(2*p)*((e*x-%i*sqrt(a/c)*e)/(e*x+d))^p*((e*x+%i*sqrt(a/c)*e)/(e*x+d))^p,1/(e*x+d)))/(e*(e*x+d)^(2*p)*(1-(d-%i*sqrt(a/c)*e)/(e*...
    #1 d=1 dl=1 p0-mr_top fb=false seenlen=0 seen=- out=1_1_2_7_r56@pass2 owner=- f=(c*x^2+a)^p/(e*x+d)^2
    #2 d=2 dl=1 p0-mr_top fb=true seenlen=0 seen=- out=1_1_1_4_r47@pass1 owner=1_1_2_7_r56:fired f=((1-(d-%i*sqrt(a/c)*e)*x)^p*(1-(%i*sqrt(a/c)*e+d)*x)^p)/x^(2*p)
    #3 d=3 dl=2 p0-mr_top fb=true seenlen=1 seen=ratsimp@#2(idx1,live=yes) out=fall-through:seen-hit owner=1_1_1_4_r47:fired f=((-(%i*sqrt(a/c)*e*x)-d*x+1)^p*(%i*sqrt(a/c)*e*x-d*x+1)^p)/x^(2*p)
        matched elem=((1-(d-%i*sqrt(a/c)*e)*x)^p*(1-(%i*sqrt(a/c)*e+d)*x)^p)/x^(2*p)

--- c1 g116 1 Algebraic functions/1.2 Trinomial products/1.2.1 Quadratic/1.2.1.4 (d+e x)^m (f+g x)^n (a+b x+c x^2)^p.mac e420 (eq)
  [trace] class=deferred t=0.1s L525 returned=yes t=0.130001 calls=2 ratsimp-hits=1 exact-hits=0 unexited=0 misfire/fault-lines=0 top=1_1_2_7_r55
    fires=1_1_2_7_r55
    answer sha1=1e7f6fd7a4a8 'integrate((e^2*x^2*(b*x^2+a)^p)/(e^4*x^4-2*d^2*e^2*x^2+d^4)-(2*d*e*x*(b*x^2+a)^p)/(e^4*x^4-2*d^2*e^2*x^2+d^4)+(d^2*(b*x^2+a)^p)/(e^4*x^4-2*d^2*e^2*x^2+d^4),x)
    #1 d=1 dl=1 seenp fb=false seenlen=0 seen=- out=1_1_2_7_r55 owner=- f=(b*x^2+a)^p/(e*x+d)^2
    #2 d=2 dl=2 seenp fb=true seenlen=1 seen=ratsimp@#1(idx1,live=yes) out=fall-through:seen-hit owner=1_1_2_7_r55:fired f=(e^2*x^2*(b*x^2+a)^p)/(e^4*x^4-2*d^2*e^2*x^2+d^4)-(2*d*e*x*(b*x^2+a)^p)/(e^4*x^4-2*d^2*e^2*x^2+d^4)+(d^2*(b*x^...
        matched elem=(b*x^2+a)^p/(e*x+d)^2
  [exact-only] class=contains-noun t=4.6s L525 returned=yes t=4.617064 calls=9 ratsimp-hits=0 exact-hits=0 unexited=0 misfire/fault-lines=0 top=1_1_2_7_r55
    fires=1_2_2_4_r96,1_4_1_r18,1_4_1_r18,1_2_2_4_r96,1_2_2_3_r99,1_4_1_r18,1_4_1_r18,1_4_1_r7,1_1_2_7_r55
    answer sha1=1bec352d3c11 'unintegrable[(b*x^2+a)^p/((e^4*x^4)/d^2-2*e^2*x^2+d^2),x]-'unintegrable[(2*d*e*x*(b*x^2+a)^p)/(e^4*x^4-2*d^2*e^2*x^2+d^4),x]+'unintegrable[(x^2*(b*x^2+a)^p)/(e...
    #1 d=1 dl=1 seenp fb=false seenlen=0 seen=- out=1_1_2_7_r55 owner=- f=(b*x^2+a)^p/(e*x+d)^2
    #2 d=2 dl=2 seenp fb=true seenlen=1 seen=- out=1_4_1_r7 owner=1_1_2_7_r55:fired f=(e^2*x^2*(b*x^2+a)^p)/(e^4*x^4-2*d^2*e^2*x^2+d^4)-(2*d*e*x*(b*x^2+a)^p)/(e^4*x^4-2*d^2*e^2*x^2+d^4)+(d^2*(b*x^...
    #3 d=3 dl=3 seenp fb=true seenlen=2 seen=- out=1_4_1_r18 owner=1_4_1_r7:fired f=(e^2*x^2*(b*x^2+a)^p)/(e^4*x^4-2*d^2*e^2*x^2+d^4)
    #4 d=4 dl=4 seenp fb=true seenlen=3 seen=- out=1_4_1_r18 owner=1_4_1_r18:fired f=(e*x^2*(b*x^2+a)^p)/(e^3*x^4-2*d^2*e*x^2+d^4/e)
    #5 d=5 dl=5 seenp fb=true seenlen=4 seen=- out=1_2_2_4_r96 owner=1_4_1_r18:fired f=(x^2*(b*x^2+a)^p)/(e^2*x^4-2*d^2*x^2+d^4/e^2)
    #6 d=3 dl=3 seenp fb=true seenlen=2 seen=- out=1_2_2_4_r96 owner=1_4_1_r7:fired f=(2*d*e*x*(b*x^2+a)^p)/(e^4*x^4-2*d^2*e^2*x^2+d^4)
    #7 d=3 dl=3 seenp fb=true seenlen=2 seen=- out=1_4_1_r18 owner=1_4_1_r7:fired f=(d^2*(b*x^2+a)^p)/(e^4*x^4-2*d^2*e^2*x^2+d^4)
    #8 d=4 dl=4 seenp fb=true seenlen=3 seen=- out=1_4_1_r18 owner=1_4_1_r18:fired f=(d*(b*x^2+a)^p)/((e^4*x^4)/d-2*d*e^2*x^2+d^3)
    #9 d=5 dl=5 seenp fb=true seenlen=4 seen=- out=1_2_2_3_r99 owner=1_4_1_r18:fired f=(b*x^2+a)^p/((e^4*x^4)/d^2-2*e^2*x^2+d^2)
  [p0] class=verified t=1.5s L525 returned=yes t=1.49202 calls=3 ratsimp-hits=1 exact-hits=0 unexited=0 misfire/fault-lines=0 top=1_1_2_7_r56@pass2
    fires=1_1_1_4_r47,1_1_2_7_r56
    answer sha1=532b42b9eecb -(((b*x^2+a)^p*'integrate((e*x+d)^(2*p)*((e*x-%i*sqrt(a/b)*e)/(e*x+d))^p*((e*x+%i*sqrt(a/b)*e)/(e*x+d))^p,1/(e*x+d)))/(e*(e*x+d)^(2*p)*(1-(d-%i*sqrt(a/b)*e)/(e*...
    #1 d=1 dl=1 p0-mr_top fb=false seenlen=0 seen=- out=1_1_2_7_r56@pass2 owner=- f=(b*x^2+a)^p/(e*x+d)^2
    #2 d=2 dl=1 p0-mr_top fb=true seenlen=0 seen=- out=1_1_1_4_r47@pass1 owner=1_1_2_7_r56:fired f=((1-(d-%i*sqrt(a/b)*e)*x)^p*(1-(%i*sqrt(a/b)*e+d)*x)^p)/x^(2*p)
    #3 d=3 dl=2 p0-mr_top fb=true seenlen=1 seen=ratsimp@#2(idx1,live=yes) out=fall-through:seen-hit owner=1_1_1_4_r47:fired f=((-(%i*sqrt(a/b)*e*x)-d*x+1)^p*(%i*sqrt(a/b)*e*x-d*x+1)^p)/x^(2*p)
        matched elem=((1-(d-%i*sqrt(a/b)*e)*x)^p*(1-(%i*sqrt(a/b)*e+d)*x)^p)/x^(2*p)

--- c1 g117 1 Algebraic functions/1.2 Trinomial products/1.2.1 Quadratic/1.2.1.4 (d+e x)^m (f+g x)^n (a+b x+c x^2)^p.mac e366 (eq)
  [trace] class=deferred t=0.2s L463 returned=yes t=0.175002 calls=2 ratsimp-hits=0 exact-hits=1 unexited=0 misfire/fault-lines=0 top=1_1_2_8_r100
    fires=1_1_2_8_r100
    answer sha1=11b6c14921b9 'integrate((x*(e*x+d)^n)/(c*x^2+a),x)
    #1 d=1 dl=1 seenp fb=false seenlen=0 seen=- out=1_1_2_8_r100 owner=- f=(x*(e*x+d)^n)/(c*x^2+a)
    #2 d=2 dl=2 seenp fb=true seenlen=1 seen=exact@#1(idx1,live=yes) out=fall-through:seen-hit owner=1_1_2_8_r100:fired f=(x*(e*x+d)^n)/(c*x^2+a)
        matched elem=(x*(e*x+d)^n)/(c*x^2+a)
  [exact-only] class=deferred t=0.2s L463 returned=yes t=0.178002 calls=2 ratsimp-hits=0 exact-hits=1 unexited=0 misfire/fault-lines=0 top=1_1_2_8_r100
    fires=1_1_2_8_r100
    answer sha1=11b6c14921b9 'integrate((x*(e*x+d)^n)/(c*x^2+a),x)
    #1 d=1 dl=1 seenp fb=false seenlen=0 seen=- out=1_1_2_8_r100 owner=- f=(x*(e*x+d)^n)/(c*x^2+a)
    #2 d=2 dl=2 seenp fb=true seenlen=1 seen=exact@#1(idx1,live=yes) out=fall-through:seen-hit owner=1_1_2_8_r100:fired f=(x*(e*x+d)^n)/(c*x^2+a)
        matched elem=(x*(e*x+d)^n)/(c*x^2+a)
  [p0] class=verified t=1.5s L463 returned=yes t=1.459021 calls=5 ratsimp-hits=0 exact-hits=2 unexited=0 misfire/fault-lines=0 top=1_1_2_8_r109@pass2
    fires=1_1_2_7_r35,1_1_2_7_r35,1_1_2_8_r109
    answer sha1=c9a8ddd55492 ('integrate((e*x+d)^(n+1)/(c*x^2+a),x))/e-(d*'integrate((e*x+d)^n/(c*x^2+a),x))/e
    #1 d=1 dl=1 p0-mr_top fb=false seenlen=0 seen=- out=1_1_2_8_r109@pass2 owner=- f=(x*(e*x+d)^n)/(c*x^2+a)
    #2 d=2 dl=1 p0-mr_top fb=true seenlen=0 seen=- out=1_1_2_7_r35@pass1 owner=1_1_2_8_r109:fired f=(e*x+d)^(n+1)/(c*x^2+a)
    #3 d=3 dl=2 p0-mr_top fb=true seenlen=1 seen=exact@#2(idx1,live=yes) out=fall-through:seen-hit owner=1_1_2_7_r35:fired f=(e*x+d)^(n+1)/(c*x^2+a)
        matched elem=(e*x+d)^(n+1)/(c*x^2+a)
    #4 d=2 dl=1 p0-mr_top fb=true seenlen=0 seen=- out=1_1_2_7_r35@pass1 owner=1_1_2_8_r109:fired f=(e*x+d)^n/(c*x^2+a)
    #5 d=3 dl=2 p0-mr_top fb=true seenlen=1 seen=exact@#4(idx1,live=yes) out=fall-through:seen-hit owner=1_1_2_7_r35:fired f=(e*x+d)^n/(c*x^2+a)
        matched elem=(e*x+d)^n/(c*x^2+a)

--- c1 g117 1 Algebraic functions/1.2 Trinomial products/1.2.1 Quadratic/1.2.1.4 (d+e x)^m (f+g x)^n (a+b x+c x^2)^p.mac e380 (eq)
  [trace] class=deferred t=0.3s L479 returned=yes t=0.250003 calls=2 ratsimp-hits=1 exact-hits=0 unexited=0 misfire/fault-lines=0 top=1_1_2_8_r100
    fires=1_1_2_8_r100
    answer sha1=4fc63d44aee9 'integrate(((g*x)^m*(e*x+d)^n)/(c^2*x^4+2*a*c*x^2+a^2),x)
    #1 d=1 dl=1 seenp fb=false seenlen=0 seen=- out=1_1_2_8_r100 owner=- f=((g*x)^m*(e*x+d)^n)/(c*x^2+a)^2
    #2 d=2 dl=2 seenp fb=true seenlen=1 seen=ratsimp@#1(idx1,live=yes) out=fall-through:seen-hit owner=1_1_2_8_r100:fired f=((g*x)^m*(e*x+d)^n)/(c^2*x^4+2*a*c*x^2+a^2)
        matched elem=((g*x)^m*(e*x+d)^n)/(c*x^2+a)^2
  [exact-only] class=verified t=25.1s L479 returned=yes t=25.052346 calls=17 ratsimp-hits=0 exact-hits=0 unexited=0 misfire/fault-lines=0 top=1_1_2_8_r100
    fires=9_1_r28,1_1_2_8_r100,9_1_r28,1_1_2_8_r100,9_1_r28,1_1_2_8_r100,9_1_r28,1_1_2_8_r100,9_1_r28,1_1_2_8_r100,9_1_r28,1_1_2_8_r100,9_1_r28,1_1_2_8_r100,9_1_r28,1_1_2_8_r100
    answer sha1=e275024f8e50 c^510*'integrate(((g*x)^m*(e*x+d)^n)/(c^256*x^2+a*c^255)^2,x)
    #1 d=1 dl=1 seenp fb=false seenlen=0 seen=- out=1_1_2_8_r100 owner=- f=((g*x)^m*(e*x+d)^n)/(c*x^2+a)^2
    #2 d=2 dl=2 seenp fb=true seenlen=1 seen=- out=9_1_r28 owner=1_1_2_8_r100:fired f=((g*x)^m*(e*x+d)^n)/(c^2*x^4+2*a*c*x^2+a^2)
    #3 d=3 dl=3 exact fb=true seenlen=2 seen=- out=1_1_2_8_r100 owner=9_1_r28:fired f=((g*x)^m*(e*x+d)^n)/(c^2*x^2+a*c)^2
    #4 d=4 dl=4 seenp fb=true seenlen=3 seen=- out=9_1_r28 owner=1_1_2_8_r100:fired f=((g*x)^m*(e*x+d)^n)/(c^4*x^4+2*a*c^3*x^2+a^2*c^2)
    #5 d=5 dl=5 exact fb=true seenlen=4 seen=- out=1_1_2_8_r100 owner=9_1_r28:fired f=((g*x)^m*(e*x+d)^n)/(c^4*x^2+a*c^3)^2
    #6 d=6 dl=6 seenp fb=true seenlen=5 seen=- out=9_1_r28 owner=1_1_2_8_r100:fired f=((g*x)^m*(e*x+d)^n)/(c^8*x^4+2*a*c^7*x^2+a^2*c^6)
    #7 d=7 dl=7 exact fb=true seenlen=6 seen=- out=1_1_2_8_r100 owner=9_1_r28:fired f=((g*x)^m*(e*x+d)^n)/(c^8*x^2+a*c^7)^2
    #8 d=8 dl=8 seenp fb=true seenlen=7 seen=- out=9_1_r28 owner=1_1_2_8_r100:fired f=((g*x)^m*(e*x+d)^n)/(c^16*x^4+2*a*c^15*x^2+a^2*c^14)
    #9 d=9 dl=9 exact fb=true seenlen=8 seen=- out=1_1_2_8_r100 owner=9_1_r28:fired f=((g*x)^m*(e*x+d)^n)/(c^16*x^2+a*c^15)^2
    #10 d=10 dl=10 seenp fb=true seenlen=9 seen=- out=9_1_r28 owner=1_1_2_8_r100:fired f=((g*x)^m*(e*x+d)^n)/(c^32*x^4+2*a*c^31*x^2+a^2*c^30)
    #11 d=11 dl=11 exact fb=true seenlen=10 seen=- out=1_1_2_8_r100 owner=9_1_r28:fired f=((g*x)^m*(e*x+d)^n)/(c^32*x^2+a*c^31)^2
    #12 d=12 dl=12 seenp fb=true seenlen=11 seen=- out=9_1_r28 owner=1_1_2_8_r100:fired f=((g*x)^m*(e*x+d)^n)/(c^64*x^4+2*a*c^63*x^2+a^2*c^62)
    #13 d=13 dl=13 exact fb=true seenlen=12 seen=- out=1_1_2_8_r100 owner=9_1_r28:fired f=((g*x)^m*(e*x+d)^n)/(c^64*x^2+a*c^63)^2
    #14 d=14 dl=14 seenp fb=true seenlen=13 seen=- out=9_1_r28 owner=1_1_2_8_r100:fired f=((g*x)^m*(e*x+d)^n)/(c^128*x^4+2*a*c^127*x^2+a^2*c^126)
    #15 d=15 dl=15 exact fb=true seenlen=14 seen=- out=1_1_2_8_r100 owner=9_1_r28:fired f=((g*x)^m*(e*x+d)^n)/(c^128*x^2+a*c^127)^2
    #16 d=16 dl=16 seenp fb=true seenlen=15 seen=- out=9_1_r28 owner=1_1_2_8_r100:fired f=((g*x)^m*(e*x+d)^n)/(c^256*x^4+2*a*c^255*x^2+a^2*c^254)
    #17 d=17 dl=17 exact fb=true seenlen=16 seen=- out=fall-through:depthcap owner=9_1_r28:fired f=((g*x)^m*(e*x+d)^n)/(c^256*x^2+a*c^255)^2
  [p0] class=verified t=4.5s L479 returned=yes t=4.470062 calls=4 ratsimp-hits=0 exact-hits=1 unexited=0 misfire/fault-lines=0 top=1_1_2_8_r100@pass2
    fires=9_1_r16,9_1_r16,1_1_2_8_r100
    answer sha1=7eb3ad9a3767 ((g*x)^m*'integrate((x^m*(e*x+d)^n)/(c^2*x^4+2*a*c*x^2+a^2),x))/x^m
    #1 d=1 dl=1 p0-mr_top fb=false seenlen=0 seen=- out=1_1_2_8_r100@pass2 owner=- f=((g*x)^m*(e*x+d)^n)/(c*x^2+a)^2
    #2 d=2 dl=1 p0-mr_top fb=true seenlen=0 seen=- out=9_1_r16@pass1 owner=1_1_2_8_r100:fired f=((g*x)^m*(e*x+d)^n)/(c^2*x^4+2*a*c*x^2+a^2)
    #3 d=3 dl=1 p0-hybrid-alg fb=true seenlen=1 seen=- out=9_1_r16@pass1 owner=9_1_r16:fired f=(x^m*(e*x+d)^n)/(c^2*x^4+2*a*c*x^2+a^2)
    #4 d=4 dl=2 p0-hybrid-alg fb=true seenlen=2 seen=exact@#3(idx1,live=yes) out=fall-through:seen-hit owner=9_1_r16:fired f=(x^m*(e*x+d)^n)/(c^2*x^4+2*a*c*x^2+a^2)
        matched elem=(x^m*(e*x+d)^n)/(c^2*x^4+2*a*c*x^2+a^2)

--- c1 g119 1 Algebraic functions/1.2 Trinomial products/1.2.1 Quadratic/1.2.1.3 (d+e x)^m (f+g x) (a+b x+c x^2)^p.mac e1490 (eq)
  [trace] class=deferred t=0.2s L1671 returned=yes t=0.173002 calls=2 ratsimp-hits=1 exact-hits=0 unexited=0 misfire/fault-lines=0 top=1_1_2_9_r19
    fires=1_1_2_9_r19
    answer sha1=69892acddddc 'integrate((B*x*(e*x+d)^m)/(c*x^2+a)+(A*(e*x+d)^m)/(c*x^2+a),x)
    #1 d=1 dl=1 seenp fb=false seenlen=0 seen=- out=1_1_2_9_r19 owner=- f=((B*x+A)*(e*x+d)^m)/(c*x^2+a)
    #2 d=2 dl=2 seenp fb=true seenlen=1 seen=ratsimp@#1(idx1,live=yes) out=fall-through:seen-hit owner=1_1_2_9_r19:fired f=(B*x*(e*x+d)^m)/(c*x^2+a)+(A*(e*x+d)^m)/(c*x^2+a)
        matched elem=((B*x+A)*(e*x+d)^m)/(c*x^2+a)
  [exact-only] class=verified t=0.8s L1671 returned=yes t=0.73901 calls=7 ratsimp-hits=0 exact-hits=2 unexited=0 misfire/fault-lines=0 top=1_1_2_9_r19
    fires=1_1_2_8_r100,1_1_2_7_r35,1_4_1_r18,1_4_1_r7,1_1_2_9_r19
    answer sha1=9d11d60e30e1 'integrate((e*x+d)^m/((c*x^2)/A+a/A),x)+B*'integrate((x*(e*x+d)^m)/(c*x^2+a),x)
    #1 d=1 dl=1 seenp fb=false seenlen=0 seen=- out=1_1_2_9_r19 owner=- f=((B*x+A)*(e*x+d)^m)/(c*x^2+a)
    #2 d=2 dl=2 seenp fb=true seenlen=1 seen=- out=1_4_1_r7 owner=1_1_2_9_r19:fired f=(B*x*(e*x+d)^m)/(c*x^2+a)+(A*(e*x+d)^m)/(c*x^2+a)
    #3 d=3 dl=3 seenp fb=true seenlen=2 seen=- out=1_1_2_8_r100 owner=1_4_1_r7:fired f=(B*x*(e*x+d)^m)/(c*x^2+a)
    #4 d=4 dl=4 seenp fb=true seenlen=3 seen=exact@#3(idx1,live=yes) out=fall-through:seen-hit owner=1_1_2_8_r100:fired f=(B*x*(e*x+d)^m)/(c*x^2+a)
        matched elem=(B*x*(e*x+d)^m)/(c*x^2+a)
    #5 d=3 dl=3 seenp fb=true seenlen=2 seen=- out=1_4_1_r18 owner=1_4_1_r7:fired f=(A*(e*x+d)^m)/(c*x^2+a)
    #6 d=4 dl=4 seenp fb=true seenlen=3 seen=- out=1_1_2_7_r35 owner=1_4_1_r18:fired f=(e*x+d)^m/((c*x^2)/A+a/A)
    #7 d=5 dl=5 seenp fb=true seenlen=4 seen=exact@#6(idx1,live=yes) out=fall-through:seen-hit owner=1_1_2_7_r35:fired f=(e*x+d)^m/((c*x^2)/A+a/A)
        matched elem=(e*x+d)^m/((c*x^2)/A+a/A)
  [p0] class=verified t=3.6s L1671 returned=yes t=3.623051 calls=6 ratsimp-hits=0 exact-hits=2 unexited=0 misfire/fault-lines=0 top=1_2_1_3b_r68@pass2
    fires=1_2_1_9b_r5,1_2_1_9b_r5,1_4_1_r7,1_2_1_3b_r68
    answer sha1=67a3557f4cbf B*'integrate((x*(e*x+d)^m)/(c*x^2+a),x)+A*'integrate((e*x+d)^m/(c*x^2+a),x)
    #1 d=1 dl=1 p0-mr_top fb=false seenlen=0 seen=- out=1_2_1_3b_r68@pass2 owner=- f=((B*x+A)*(e*x+d)^m)/(c*x^2+a)
    #2 d=2 dl=1 p0-mr_top fb=true seenlen=0 seen=- out=1_4_1_r7@pass1 owner=1_2_1_3b_r68:fired f=(B*x*(e*x+d)^m)/(c*x^2+a)+(A*(e*x+d)^m)/(c*x^2+a)
    #3 d=3 dl=2 p0-mr_top fb=true seenlen=1 seen=- out=1_2_1_9b_r5@pass1 owner=1_4_1_r7:fired f=(B*x*(e*x+d)^m)/(c*x^2+a)
    #4 d=4 dl=3 p0-mr_top fb=true seenlen=2 seen=exact@#3(idx1,live=yes) out=fall-through:seen-hit owner=1_2_1_9b_r5:fired f=(B*x*(e*x+d)^m)/(c*x^2+a)
        matched elem=(B*x*(e*x+d)^m)/(c*x^2+a)
    #5 d=3 dl=2 p0-mr_top fb=true seenlen=1 seen=- out=1_2_1_9b_r5@pass1 owner=1_4_1_r7:fired f=(A*(e*x+d)^m)/(c*x^2+a)
    #6 d=4 dl=3 p0-mr_top fb=true seenlen=2 seen=exact@#5(idx1,live=yes) out=fall-through:seen-hit owner=1_2_1_9b_r5:fired f=(A*(e*x+d)^m)/(c*x^2+a)
        matched elem=(A*(e*x+d)^m)/(c*x^2+a)

--- c1 g119 1 Algebraic functions/1.2 Trinomial products/1.2.1 Quadratic/1.2.1.3 (d+e x)^m (f+g x) (a+b x+c x^2)^p.mac e1492 (eq)
  [trace] class=deferred t=0.2s L1673 returned=yes t=0.182002 calls=2 ratsimp-hits=1 exact-hits=0 unexited=0 misfire/fault-lines=0 top=1_1_2_9_r19
    fires=1_1_2_9_r19
    answer sha1=5f96858cd14c 'integrate((B*x*(e*x+d)^(m+1))/(c*x^2+a)+(A*(e*x+d)^(m+1))/(c*x^2+a),x)
    #1 d=1 dl=1 seenp fb=false seenlen=0 seen=- out=1_1_2_9_r19 owner=- f=((B*x+A)*(e*x+d)^(m+1))/(c*x^2+a)
    #2 d=2 dl=2 seenp fb=true seenlen=1 seen=ratsimp@#1(idx1,live=yes) out=fall-through:seen-hit owner=1_1_2_9_r19:fired f=(B*x*(e*x+d)^(m+1))/(c*x^2+a)+(A*(e*x+d)^(m+1))/(c*x^2+a)
        matched elem=((B*x+A)*(e*x+d)^(m+1))/(c*x^2+a)
  [exact-only] class=verified t=0.8s L1673 returned=yes t=0.761011 calls=7 ratsimp-hits=0 exact-hits=2 unexited=0 misfire/fault-lines=0 top=1_1_2_9_r19
    fires=1_1_2_8_r100,1_1_2_7_r35,1_4_1_r18,1_4_1_r7,1_1_2_9_r19
    answer sha1=d4d728627aa0 'integrate((e*x+d)^(m+1)/((c*x^2)/A+a/A),x)+B*'integrate((x*(e*x+d)^(m+1))/(c*x^2+a),x)
    #1 d=1 dl=1 seenp fb=false seenlen=0 seen=- out=1_1_2_9_r19 owner=- f=((B*x+A)*(e*x+d)^(m+1))/(c*x^2+a)
    #2 d=2 dl=2 seenp fb=true seenlen=1 seen=- out=1_4_1_r7 owner=1_1_2_9_r19:fired f=(B*x*(e*x+d)^(m+1))/(c*x^2+a)+(A*(e*x+d)^(m+1))/(c*x^2+a)
    #3 d=3 dl=3 seenp fb=true seenlen=2 seen=- out=1_1_2_8_r100 owner=1_4_1_r7:fired f=(B*x*(e*x+d)^(m+1))/(c*x^2+a)
    #4 d=4 dl=4 seenp fb=true seenlen=3 seen=exact@#3(idx1,live=yes) out=fall-through:seen-hit owner=1_1_2_8_r100:fired f=(B*x*(e*x+d)^(m+1))/(c*x^2+a)
        matched elem=(B*x*(e*x+d)^(m+1))/(c*x^2+a)
    #5 d=3 dl=3 seenp fb=true seenlen=2 seen=- out=1_4_1_r18 owner=1_4_1_r7:fired f=(A*(e*x+d)^(m+1))/(c*x^2+a)
    #6 d=4 dl=4 seenp fb=true seenlen=3 seen=- out=1_1_2_7_r35 owner=1_4_1_r18:fired f=(e*x+d)^(m+1)/((c*x^2)/A+a/A)
    #7 d=5 dl=5 seenp fb=true seenlen=4 seen=exact@#6(idx1,live=yes) out=fall-through:seen-hit owner=1_1_2_7_r35:fired f=(e*x+d)^(m+1)/((c*x^2)/A+a/A)
        matched elem=(e*x+d)^(m+1)/((c*x^2)/A+a/A)
  [p0] class=verified t=3.6s L1673 returned=yes t=3.558049 calls=6 ratsimp-hits=0 exact-hits=2 unexited=0 misfire/fault-lines=0 top=1_2_1_3b_r68@pass2
    fires=1_2_1_9b_r5,1_2_1_9b_r5,1_4_1_r7,1_2_1_3b_r68
    answer sha1=01f7064f737c B*'integrate((x*(e*x+d)^(m+1))/(c*x^2+a),x)+A*'integrate((e*x+d)^(m+1)/(c*x^2+a),x)
    #1 d=1 dl=1 p0-mr_top fb=false seenlen=0 seen=- out=1_2_1_3b_r68@pass2 owner=- f=((B*x+A)*(e*x+d)^(m+1))/(c*x^2+a)
    #2 d=2 dl=1 p0-mr_top fb=true seenlen=0 seen=- out=1_4_1_r7@pass1 owner=1_2_1_3b_r68:fired f=(B*x*(e*x+d)^(m+1))/(c*x^2+a)+(A*(e*x+d)^(m+1))/(c*x^2+a)
    #3 d=3 dl=2 p0-mr_top fb=true seenlen=1 seen=- out=1_2_1_9b_r5@pass1 owner=1_4_1_r7:fired f=(B*x*(e*x+d)^(m+1))/(c*x^2+a)
    #4 d=4 dl=3 p0-mr_top fb=true seenlen=2 seen=exact@#3(idx1,live=yes) out=fall-through:seen-hit owner=1_2_1_9b_r5:fired f=(B*x*(e*x+d)^(m+1))/(c*x^2+a)
        matched elem=(B*x*(e*x+d)^(m+1))/(c*x^2+a)
    #5 d=3 dl=2 p0-mr_top fb=true seenlen=1 seen=- out=1_2_1_9b_r5@pass1 owner=1_4_1_r7:fired f=(A*(e*x+d)^(m+1))/(c*x^2+a)
    #6 d=4 dl=3 p0-mr_top fb=true seenlen=2 seen=exact@#5(idx1,live=yes) out=fall-through:seen-hit owner=1_2_1_9b_r5:fired f=(A*(e*x+d)^(m+1))/(c*x^2+a)
        matched elem=(A*(e*x+d)^(m+1))/(c*x^2+a)

--- c1 g120 1 Algebraic functions/1.1 Binomial products/1.1.3 General/1.1.3.6 (g x)^m (a+b x^n)^p (c+d x^n)^q (e+f x^n)^r.mac e26 (eq)
  [trace] class=deferred t=0.9s L41 returned=yes t=0.930013 calls=2 ratsimp-hits=1 exact-hits=0 unexited=0 misfire/fault-lines=0 top=1_1_3_6_r31
    fires=1_1_3_6_r31
    answer sha1=d3a6d1b45b9d 'integrate((B*x^n*(e*x)^m)/(b*d*x^(2*n)+a*d*x^n+b*c*x^n+a*c)+(A*(e*x)^m)/(b*d*x^(2*n)+a*d*x^n+b*c*x^n+a*c),x)
    #1 d=1 dl=1 seenp fb=false seenlen=0 seen=- out=1_1_3_6_r31 owner=- f=((e*x)^m*(B*x^n+A))/((b*x^n+a)*(d*x^n+c))
    #2 d=2 dl=2 seenp fb=true seenlen=1 seen=ratsimp@#1(idx1,live=yes) out=fall-through:seen-hit owner=1_1_3_6_r31:fired f=(B*x^n*(e*x)^m)/(b*d*x^(2*n)+a*d*x^n+b*c*x^n+a*c)+(A*(e*x)^m)/(b*d*x^(2*n)+a*d*x^n+b*c*x^n+a*c)
        matched elem=((e*x)^m*(B*x^n+A))/((b*x^n+a)*(d*x^n+c))
  [exact-only] class=verified t=11.2s L41 returned=yes t=11.173154 calls=19 ratsimp-hits=0 exact-hits=4 unexited=0 misfire/fault-lines=0 top=1_1_3_6_r31
    fires=1_1_3_8_r29,1_1_3_8_r29,1_1_3_8_r29,1_1_3_8_r29,1_2_3_6_r26,1_4_2_r24,1_4_1_r33,1_1_3_8_r29,1_1_3_8_r29,1_1_3_8_r29,1_1_3_8_r29,1_2_3_6_r26,1_4_2_r24,1_4_1_r7,1_1_3_6_r31
    answer sha1=ac22977f547a -((2*A*b*d*'integrate((e*x)^m/(2*b*d*x^n+sqrt(a^2*d^2-2*a*b*c*d+b^2*c^2)+a*d+b*c),x))/sqrt((a*d+b*c)^2-4*a*b*c*d))+(2*A*b*d*'integrate((e*x)^m/(2*b*d*x^n-sqrt(a...
    #1 d=1 dl=1 seenp fb=false seenlen=0 seen=- out=1_1_3_6_r31 owner=- f=((e*x)^m*(B*x^n+A))/((b*x^n+a)*(d*x^n+c))
    #2 d=2 dl=2 seenp fb=true seenlen=1 seen=- out=1_4_1_r7 owner=1_1_3_6_r31:fired f=(B*x^n*(e*x)^m)/(b*d*x^(2*n)+a*d*x^n+b*c*x^n+a*c)+(A*(e*x)^m)/(b*d*x^(2*n)+a*d*x^n+b*c*x^n+a*c)
    #3 d=3 dl=3 seenp fb=true seenlen=2 seen=- out=1_4_1_r33 owner=1_4_1_r7:fired f=(B*x^n*(e*x)^m)/(b*d*x^(2*n)+a*d*x^n+b*c*x^n+a*c)
    #4 d=4 dl=4 seenp fb=true seenlen=3 seen=- out=1_4_2_r24 owner=1_4_1_r33:fired f=(B*x^(n+m))/(b*d*x^(2*n)+a*d*x^n+b*c*x^n+a*c)
    #5 d=5 dl=5 seenp fb=true seenlen=4 seen=- out=1_2_3_6_r26 owner=1_4_2_r24:fired f=(B*x^(n+m))/(b*d*x^(2*n)+(a*d+b*c)*x^n+a*c)
    #6 d=6 dl=6 seenp fb=true seenlen=5 seen=- out=1_1_3_8_r29 owner=1_2_3_6_r26:fired f=(B*x^(n+m))/(2*b*d*x^n-sqrt((a*d+b*c)^2-4*a*b*c*d)+a*d+b*c)
    #7 d=7 dl=7 seenp fb=true seenlen=6 seen=- out=1_1_3_8_r29 owner=1_1_3_8_r29:fired f=(B*x^(n+m))/(2*b*d*x^n-sqrt(a^2*d^2-2*a*b*c*d+b^2*c^2)+a*d+b*c)
    #8 d=8 dl=8 seenp fb=true seenlen=7 seen=exact@#7(idx1,live=yes) out=fall-through:seen-hit owner=1_1_3_8_r29:fired f=(B*x^(n+m))/(2*b*d*x^n-sqrt(a^2*d^2-2*a*b*c*d+b^2*c^2)+a*d+b*c)
        matched elem=(B*x^(n+m))/(2*b*d*x^n-sqrt(a^2*d^2-2*a*b*c*d+b^2*c^2)+a*d+b*c)
    #9 d=6 dl=6 seenp fb=true seenlen=5 seen=- out=1_1_3_8_r29 owner=1_2_3_6_r26:fired f=(B*x^(n+m))/(2*b*d*x^n+sqrt((a*d+b*c)^2-4*a*b*c*d)+a*d+b*c)
    #10 d=7 dl=7 seenp fb=true seenlen=6 seen=- out=1_1_3_8_r29 owner=1_1_3_8_r29:fired f=(B*x^(n+m))/(2*b*d*x^n+sqrt(a^2*d^2-2*a*b*c*d+b^2*c^2)+a*d+b*c)
    #11 d=8 dl=8 seenp fb=true seenlen=7 seen=exact@#10(idx1,live=yes) out=fall-through:seen-hit owner=1_1_3_8_r29:fired f=(B*x^(n+m))/(2*b*d*x^n+sqrt(a^2*d^2-2*a*b*c*d+b^2*c^2)+a*d+b*c)
        matched elem=(B*x^(n+m))/(2*b*d*x^n+sqrt(a^2*d^2-2*a*b*c*d+b^2*c^2)+a*d+b*c)
    #12 d=3 dl=3 seenp fb=true seenlen=2 seen=- out=1_4_2_r24 owner=1_4_1_r7:fired f=(A*(e*x)^m)/(b*d*x^(2*n)+a*d*x^n+b*c*x^n+a*c)
    #13 d=4 dl=4 seenp fb=true seenlen=3 seen=- out=1_2_3_6_r26 owner=1_4_2_r24:fired f=(A*(e*x)^m)/(b*d*x^(2*n)+(a*d+b*c)*x^n+a*c)
    #14 d=5 dl=5 seenp fb=true seenlen=4 seen=- out=1_1_3_8_r29 owner=1_2_3_6_r26:fired f=(A*(e*x)^m)/(2*b*d*x^n-sqrt((a*d+b*c)^2-4*a*b*c*d)+a*d+b*c)
    #15 d=6 dl=6 seenp fb=true seenlen=5 seen=- out=1_1_3_8_r29 owner=1_1_3_8_r29:fired f=(A*(e*x)^m)/(2*b*d*x^n-sqrt(a^2*d^2-2*a*b*c*d+b^2*c^2)+a*d+b*c)
    #16 d=7 dl=7 seenp fb=true seenlen=6 seen=exact@#15(idx1,live=yes) out=fall-through:seen-hit owner=1_1_3_8_r29:fired f=(A*(e*x)^m)/(2*b*d*x^n-sqrt(a^2*d^2-2*a*b*c*d+b^2*c^2)+a*d+b*c)
        matched elem=(A*(e*x)^m)/(2*b*d*x^n-sqrt(a^2*d^2-2*a*b*c*d+b^2*c^2)+a*d+b*c)
    #17 d=5 dl=5 seenp fb=true seenlen=4 seen=- out=1_1_3_8_r29 owner=1_2_3_6_r26:fired f=(A*(e*x)^m)/(2*b*d*x^n+sqrt((a*d+b*c)^2-4*a*b*c*d)+a*d+b*c)
    #18 d=6 dl=6 seenp fb=true seenlen=5 seen=- out=1_1_3_8_r29 owner=1_1_3_8_r29:fired f=(A*(e*x)^m)/(2*b*d*x^n+sqrt(a^2*d^2-2*a*b*c*d+b^2*c^2)+a*d+b*c)
    #19 d=7 dl=7 seenp fb=true seenlen=6 seen=exact@#18(idx1,live=yes) out=fall-through:seen-hit owner=1_1_3_8_r29:fired f=(A*(e*x)^m)/(2*b*d*x^n+sqrt(a^2*d^2-2*a*b*c*d+b^2*c^2)+a*d+b*c)
        matched elem=(A*(e*x)^m)/(2*b*d*x^n+sqrt(a^2*d^2-2*a*b*c*d+b^2*c^2)+a*d+b*c)
  [p0] class=verified t=3.8s L41 returned=yes t=3.823053 calls=3 ratsimp-hits=0 exact-hits=1 unexited=0 misfire/fault-lines=0 top=9_1_r16@pass2
    fires=9_1_r16,9_1_r16
    answer sha1=7d8a47d60d22 ((e*x)^m*'integrate((x^m*(B*x^n+A))/((b*x^n+a)*(d*x^n+c)),x))/x^m
    #1 d=1 dl=1 p0-mr_top fb=false seenlen=0 seen=- out=9_1_r16@pass2 owner=- f=((e*x)^m*(B*x^n+A))/((b*x^n+a)*(d*x^n+c))
    #2 d=2 dl=0 p0-hybrid-alg fb=true seenlen=0 seen=- out=9_1_r16@pass1 owner=9_1_r16:fired f=(x^m*(B*x^n+A))/((b*x^n+a)*(d*x^n+c))
    #3 d=3 dl=1 p0-hybrid-alg fb=true seenlen=1 seen=exact@#2(idx1,live=yes) out=fall-through:seen-hit owner=9_1_r16:fired f=(x^m*(B*x^n+A))/((b*x^n+a)*(d*x^n+c))
        matched elem=(x^m*(B*x^n+A))/((b*x^n+a)*(d*x^n+c))

--- c1 g120 1 Algebraic functions/1.1 Binomial products/1.1.3 General/1.1.3.6 (g x)^m (a+b x^n)^p (c+d x^n)^q (e+f x^n)^r.mac e43 (eq)
  [trace] class=deferred t=0.9s L68 returned=yes t=0.897013 calls=2 ratsimp-hits=1 exact-hits=0 unexited=0 misfire/fault-lines=0 top=1_1_3_6_r31
    fires=1_1_3_6_r31
    answer sha1=000a2faa7d43 'integrate((B*x^n*(e*x)^m*(b*x^n+a)^p)/(d*x^n+c)+(A*(e*x)^m*(b*x^n+a)^p)/(d*x^n+c),x)
    #1 d=1 dl=1 seenp fb=false seenlen=0 seen=- out=1_1_3_6_r31 owner=- f=((e*x)^m*(B*x^n+A)*(b*x^n+a)^p)/(d*x^n+c)
    #2 d=2 dl=2 seenp fb=true seenlen=1 seen=ratsimp@#1(idx1,live=yes) out=fall-through:seen-hit owner=1_1_3_6_r31:fired f=(B*x^n*(e*x)^m*(b*x^n+a)^p)/(d*x^n+c)+(A*(e*x)^m*(b*x^n+a)^p)/(d*x^n+c)
        matched elem=((e*x)^m*(B*x^n+A)*(b*x^n+a)^p)/(d*x^n+c)
  [exact-only] class=verified t=10.3s L68 returned=yes t=10.264141 calls=8 ratsimp-hits=0 exact-hits=0 unexited=0 misfire/fault-lines=0 top=1_1_3_6_r31
    fires=9_1_r12,1_4_1_r33,1_1_3_4_r81,9_1_r12,1_4_1_r7,1_1_3_6_r31
    answer sha1=7e4fef4a4c8e (B*(e*x)^m*'integrate((x^(n+m)*(b*x^n+a)^p)/(d*x^n+c),x))/x^m+(A*(e*x)^m*'integrate((x^m*(b*x^n+a)^p)/(d*x^n+c),x))/x^m
    #1 d=1 dl=1 seenp fb=false seenlen=0 seen=- out=1_1_3_6_r31 owner=- f=((e*x)^m*(B*x^n+A)*(b*x^n+a)^p)/(d*x^n+c)
    #2 d=2 dl=2 seenp fb=true seenlen=1 seen=- out=1_4_1_r7 owner=1_1_3_6_r31:fired f=(B*x^n*(e*x)^m*(b*x^n+a)^p)/(d*x^n+c)+(A*(e*x)^m*(b*x^n+a)^p)/(d*x^n+c)
    #3 d=3 dl=3 seenp fb=true seenlen=2 seen=- out=1_4_1_r33 owner=1_4_1_r7:fired f=(B*x^n*(e*x)^m*(b*x^n+a)^p)/(d*x^n+c)
    #4 d=4 dl=4 seenp fb=true seenlen=3 seen=- out=9_1_r12 owner=1_4_1_r33:fired f=(B*x^(n+m)*(b*x^n+a)^p)/(d*x^n+c)
    #5 d=5 dl=5 exact fb=true seenlen=4 seen=- out=fall-through:nofire owner=9_1_r12:fired f=(x^(n+m)*(b*x^n+a)^p)/(d*x^n+c)
    #6 d=3 dl=3 seenp fb=true seenlen=2 seen=- out=9_1_r12 owner=1_4_1_r7:fired f=(A*(e*x)^m*(b*x^n+a)^p)/(d*x^n+c)
    #7 d=4 dl=4 exact fb=true seenlen=3 seen=- out=1_1_3_4_r81 owner=9_1_r12:fired f=((e*x)^m*(b*x^n+a)^p)/(d*x^n+c)
    #8 d=5 dl=5 seenp fb=true seenlen=4 seen=- out=fall-through:nofire owner=1_1_3_4_r81:fired f=(x^m*(b*x^n+a)^p)/(d*x^n+c)
  [p0] class=verified t=3.8s L68 returned=yes t=3.828053 calls=3 ratsimp-hits=0 exact-hits=1 unexited=0 misfire/fault-lines=0 top=9_1_r16@pass2
    fires=9_1_r16,9_1_r16
    answer sha1=2f76654bad14 ((e*x)^m*'integrate((x^m*(B*x^n+A)*(b*x^n+a)^p)/(d*x^n+c),x))/x^m
    #1 d=1 dl=1 p0-mr_top fb=false seenlen=0 seen=- out=9_1_r16@pass2 owner=- f=((e*x)^m*(B*x^n+A)*(b*x^n+a)^p)/(d*x^n+c)
    #2 d=2 dl=0 p0-hybrid-alg fb=true seenlen=0 seen=- out=9_1_r16@pass1 owner=9_1_r16:fired f=(x^m*(B*x^n+A)*(b*x^n+a)^p)/(d*x^n+c)
    #3 d=3 dl=1 p0-hybrid-alg fb=true seenlen=1 seen=exact@#2(idx1,live=yes) out=fall-through:seen-hit owner=9_1_r16:fired f=(x^m*(B*x^n+A)*(b*x^n+a)^p)/(d*x^n+c)
        matched elem=(x^m*(B*x^n+A)*(b*x^n+a)^p)/(d*x^n+c)

--- c1 g122 1 Algebraic functions/1.1 Binomial products/1.1.3 General/1.1.3.8 P(x) (c x)^m (a+b x^n)^p.mac e212 (eq)
  [trace] class=deferred t=0.3s L297 returned=yes t=0.278003 calls=2 ratsimp-hits=1 exact-hits=0 unexited=0 misfire/fault-lines=0 top=1_1_3_7_r37
    fires=1_1_3_7_r37
    answer sha1=a60958a224b9 'integrate((d*x)/sqrt(b*x^4-a)+c/sqrt(b*x^4-a),x)
    #1 d=1 dl=1 seenp fb=false seenlen=0 seen=- out=1_1_3_7_r37 owner=- f=(d*x+c)/sqrt(b*x^4-a)
    #2 d=2 dl=2 seenp fb=true seenlen=1 seen=ratsimp@#1(idx1,live=yes) out=fall-through:seen-hit owner=1_1_3_7_r37:fired f=(d*x)/sqrt(b*x^4-a)+c/sqrt(b*x^4-a)
        matched elem=(d*x+c)/sqrt(b*x^4-a)
  [exact-only] class=verified t=0.9s L297 returned=yes t=0.862012 calls=7 ratsimp-hits=0 exact-hits=0 unexited=0 misfire/fault-lines=0 top=1_1_3_7_r37
    fires=1_4_1_r23,1_1_3_8_r4,1_1_3_1_r35,1_4_1_r23,1_4_1_r7,1_1_3_7_r37
    answer sha1=c12a409ff159 (c*sqrt((sqrt(b)*x^2-sqrt(a))/sqrt(b))*sqrt(-((b*x^4-a)/(b*x^4-2*sqrt(a)*sqrt(b)*x^2+a)))*elliptic_f(asin(x/sqrt((sqrt(b)*x^2-sqrt(a))/(2*sqrt(b)))),1/2))/(sqrt...
    #1 d=1 dl=1 seenp fb=false seenlen=0 seen=- out=1_1_3_7_r37 owner=- f=(d*x+c)/sqrt(b*x^4-a)
    #2 d=2 dl=2 seenp fb=true seenlen=1 seen=- out=1_4_1_r7 owner=1_1_3_7_r37:fired f=(d*x)/sqrt(b*x^4-a)+c/sqrt(b*x^4-a)
    #3 d=3 dl=3 seenp fb=true seenlen=2 seen=- out=1_1_3_8_r4 owner=1_4_1_r7:fired f=(d*x)/sqrt(b*x^4-a)
    #4 d=4 dl=4 seenp fb=true seenlen=3 seen=- out=1_4_1_r23 owner=1_1_3_8_r4:fired f=d/sqrt(b*x^2-a)
    #5 d=5 dl=5 seenp fb=true seenlen=4 seen=- out=fall-through:nofire owner=1_4_1_r23:fired f=1/sqrt(b*x^2-a)
    #6 d=3 dl=3 seenp fb=true seenlen=2 seen=- out=1_4_1_r23 owner=1_4_1_r7:fired f=c/sqrt(b*x^4-a)
    #7 d=4 dl=4 seenp fb=true seenlen=3 seen=- out=1_1_3_1_r35 owner=1_4_1_r23:fired f=1/sqrt(b*x^4-a)
  [p0] class=verified t=2.1s L297 returned=yes t=2.071028 calls=9 ratsimp-hits=0 exact-hits=0 unexited=0 misfire/fault-lines=0 top=1_2_2_5_r3@pass1
    fires=1_1_3_1_r33,1_1_2_3_r5,1_2_2_1_r17,1_4_1_r23,1_1_2_1_r13,1_1_2_2_r33,1_4_1_r23,1_2_2_6_r2,1_2_2_5_r3
    answer sha1=821fab76d55f (c*sqrt(sqrt(a)-sqrt(b)*x^2)*sqrt(sqrt(b)*x^2+sqrt(a))*elliptic_f(asin((b/a)^(1/4)*x),-1))/(sqrt(a)*(b/a)^(1/4)*sqrt(b*x^4-a))+(d*log(-((sqrt(b*x^4-a)+sqrt(b)*x...
    #1 d=1 dl=1 p0-mr_top fb=false seenlen=0 seen=- out=1_2_2_5_r3@pass1 owner=- f=(d*x+c)/sqrt(b*x^4-a)
    #2 d=2 dl=2 p0-mr_top fb=true seenlen=1 seen=- out=1_4_1_r23@pass1 owner=1_2_2_5_r3:fired f=c/sqrt(b*x^4-a)
    #3 d=3 dl=3 p0-mr_top fb=true seenlen=2 seen=- out=1_2_2_1_r17@pass1 owner=1_4_1_r23:fired f=1/sqrt(b*x^4-a)
    #4 d=4 dl=4 p0-mr_top fb=true seenlen=3 seen=- out=1_1_2_3_r5@pass1 owner=1_2_2_1_r17:fired f=1/(sqrt(1-(sqrt(b)*x^2)/sqrt(a))*sqrt((sqrt(b)*x^2)/sqrt(a)+1))
    #5 d=5 dl=5 p0-mr_top fb=true seenlen=4 seen=- out=1_1_3_1_r33@pass1 owner=1_1_2_3_r5:fired f=1/sqrt(1-(b*x^4)/a)
    #6 d=2 dl=2 p0-mr_top fb=true seenlen=1 seen=- out=1_2_2_6_r2@pass1 owner=1_2_2_5_r3:fired f=(d*x)/sqrt(b*x^4-a)
    #7 d=3 dl=3 p0-mr_top fb=true seenlen=2 seen=- out=1_4_1_r23@pass1 owner=1_2_2_6_r2:fired f=d/sqrt(b*x^2-a)
    #8 d=4 dl=4 p0-mr_top fb=true seenlen=3 seen=- out=1_1_2_2_r33@pass1 owner=1_4_1_r23:fired f=1/sqrt(b*x^2-a)
    #9 d=5 dl=5 p0-mr_top fb=true seenlen=4 seen=- out=1_1_2_1_r13@pass1 owner=1_1_2_2_r33:fired f=1/(1-b*x^2)

--- c1 g122 1 Algebraic functions/1.1 Binomial products/1.1.3 General/1.1.3.8 P(x) (c x)^m (a+b x^n)^p.mac e552 (eq)
  [trace] class=deferred t=0.6s L711 returned=yes t=0.550008 calls=2 ratsimp-hits=1 exact-hits=0 unexited=0 misfire/fault-lines=0 top=1_1_3_7_r37
    fires=1_1_3_7_r37
    answer sha1=f8d8cc2e6772 'integrate(x*(f*x^2+d)*(b*x^4+a)^p+(e*x^2+c)*(b*x^4+a)^p,x)
    #1 d=1 dl=1 seenp fb=false seenlen=0 seen=- out=1_1_3_7_r37 owner=- f=(f*x^3+e*x^2+d*x+c)*(b*x^4+a)^p
    #2 d=2 dl=2 seenp fb=true seenlen=1 seen=ratsimp@#1(idx1,live=yes) out=fall-through:seen-hit owner=1_1_3_7_r37:fired f=x*(f*x^2+d)*(b*x^4+a)^p+(e*x^2+c)*(b*x^4+a)^p
        matched elem=(f*x^3+e*x^2+d*x+c)*(b*x^4+a)^p
  [exact-only] class=verified t=1.2s L711 returned=yes t=1.186016 calls=10 ratsimp-hits=0 exact-hits=1 unexited=0 misfire/fault-lines=0 top=1_1_3_7_r37
    fires=1_2_1_2_r16,1_2_2_4_r6,1_1_3_7_r37,1_4_1_r7,1_2_2_3_r62,1_4_1_r7,1_1_3_7_r37
    answer sha1=c0107e8dbd52 e*'integrate(x^2*(b*x^4+a)^p,x)+(b*d*(2*p+2)*'integrate((b*x^4+a)^p,x^2)+b*f*x^4*(b*x^4+a)^p+a*f*(b*x^4+a)^p)/(2*b*(2*p+2))+c*'integrate((b*x^4+a)^p,x)
    #1 d=1 dl=1 seenp fb=false seenlen=0 seen=- out=1_1_3_7_r37 owner=- f=(f*x^3+e*x^2+d*x+c)*(b*x^4+a)^p
    #2 d=2 dl=2 seenp fb=true seenlen=1 seen=- out=1_4_1_r7 owner=1_1_3_7_r37:fired f=x*(f*x^2+d)*(b*x^4+a)^p+(e*x^2+c)*(b*x^4+a)^p
    #3 d=3 dl=3 seenp fb=true seenlen=2 seen=- out=1_2_2_4_r6 owner=1_4_1_r7:fired f=x*(f*x^2+d)*(b*x^4+a)^p
    #4 d=4 dl=4 seenp fb=true seenlen=3 seen=- out=1_2_1_2_r16 owner=1_2_2_4_r6:fired f=(f*x+d)*(b*x^2+a)^p
    #5 d=5 dl=5 seenp fb=true seenlen=4 seen=- out=fall-through:nofire owner=1_2_1_2_r16:fired f=(b*x^2+a)^p
    #6 d=3 dl=3 seenp fb=true seenlen=2 seen=- out=1_2_2_3_r62 owner=1_4_1_r7:fired f=(e*x^2+c)*(b*x^4+a)^p
    #7 d=4 dl=4 seenp fb=true seenlen=3 seen=- out=1_4_1_r7 owner=1_2_2_3_r62:fired f=e*x^2*(b*x^4+a)^p+c*(b*x^4+a)^p
    #8 d=5 dl=5 seenp fb=true seenlen=4 seen=- out=1_1_3_7_r37 owner=1_4_1_r7:fired f=x^2*(b*x^4+a)^p
    #9 d=6 dl=6 seenp fb=true seenlen=5 seen=exact@#8(idx1,live=yes) out=fall-through:seen-hit owner=1_1_3_7_r37:fired f=x^2*(b*x^4+a)^p
        matched elem=x^2*(b*x^4+a)^p
    #10 d=5 dl=5 seenp fb=true seenlen=4 seen=- out=fall-through:nofire owner=1_4_1_r7:fired f=(b*x^4+a)^p
  [p0] class=verified t=1.4s L711 returned=yes t=1.359018 calls=7 ratsimp-hits=1 exact-hits=0 unexited=0 misfire/fault-lines=0 top=1_2_2_5_r3@pass1
    fires=1_2_2_3_r61,1_2_1_1_r18,1_1_2_2_r2,1_1_2_8_r27,1_2_2_6_r2,1_2_2_5_r3
    answer sha1=b65b8a8376b0 'integrate(e*x^2*(b*x^4+a)^p+c*(b*x^4+a)^p,x)+(x^14*(2*4^p*a^(p/2)*b^(p/2+4)*d*hypergeometric([-p,p+1],[p+2],-((%i*sqrt(b)*x^2-sqrt(a))/(2*sqrt(a))))*(b*x^4+a)^...
    #1 d=1 dl=1 p0-mr_top fb=false seenlen=0 seen=- out=1_2_2_5_r3@pass1 owner=- f=(f*x^3+e*x^2+d*x+c)*(b*x^4+a)^p
    #2 d=2 dl=2 p0-mr_top fb=true seenlen=1 seen=- out=1_2_2_3_r61@pass1 owner=1_2_2_5_r3:fired f=(e*x^2+c)*(b*x^4+a)^p
    #3 d=3 dl=3 p0-mr_top fb=true seenlen=2 seen=ratsimp@#2(idx1,live=yes) out=fall-through:seen-hit owner=1_2_2_3_r61:fired f=e*x^2*(b*x^4+a)^p+c*(b*x^4+a)^p
        matched elem=(e*x^2+c)*(b*x^4+a)^p
    #4 d=2 dl=2 p0-mr_top fb=true seenlen=1 seen=- out=1_2_2_6_r2@pass1 owner=1_2_2_5_r3:fired f=x*(f*x^2+d)*(b*x^4+a)^p
    #5 d=3 dl=3 p0-mr_top fb=true seenlen=2 seen=- out=1_1_2_8_r27@pass1 owner=1_2_2_6_r2:fired f=(f*x+d)*(b*x^2+a)^p
    #6 d=4 dl=4 p0-mr_top fb=true seenlen=3 seen=- out=1_2_1_1_r18@pass1 owner=1_1_2_8_r27:fired f=(b*x^2+a)^p
    #7 d=4 dl=4 p0-mr_top fb=true seenlen=3 seen=- out=1_1_2_2_r2@pass1 owner=1_1_2_8_r27:fired f=x*(b*x^2+a)^p

--- c1 g130 1 Algebraic functions/1.1 Binomial products/1.1.3 General/1.1.3.4 (e x)^m (a+b x^n)^p (c+d x^n)^q.mac e160 (eq)
  [trace] class=timeout t=30.0s L189 returned=yes t=4.838066 calls=16 ratsimp-hits=0 exact-hits=2 unexited=0 misfire/fault-lines=0 top=1_1_3_4_r18
    fires=1_1_3_7_r45,1_1_3_7_r45,1_2_1_1_r12,1_2_1_2_r3,1_2_1_2_r9,1_1_3_7_r45,1_1_3_7_r45,1_2_1_1_r12,1_2_1_2_r3,1_2_1_2_r9,1_1_2_1_r10,1_1_3_2_r37,1_1_3_2_r71,1_1_3_4_r18
    answer sha1=59b9864e5eeb (((A*b)/2-(B*a)/2)*(%i*(1/b)^(5/6)*sqrt(1/b^(1/3))*b*log(((2*sqrt(x)+19*%i+7*3^(3/2))*x^10+((190*sqrt(3)*%i+230)*sqrt(x)+2470*%i+190*sqrt(3))*x^9+((665*3^(5/2)*...
    #1 d=1 dl=1 seenp fb=false seenlen=0 seen=- out=1_1_3_4_r18 owner=- f=(B*x^3+A)/(x^(3/2)*(b*x^3+a))
    #2 d=2 dl=2 seenp fb=true seenlen=1 seen=- out=1_1_3_2_r71 owner=1_1_3_4_r18:fired f=x^(3/2)/(b*x^3+a)
    #3 d=3 dl=3 seenp fb=true seenlen=2 seen=- out=1_1_3_2_r37 owner=1_1_3_2_r71:fired f=x^4/(b*x^6+a)
    #4 d=4 dl=4 seenp fb=true seenlen=3 seen=- out=1_2_1_2_r9 owner=1_1_3_2_r37:fired f=(a^(1/6)*(1/b)^(1/6)*cos((2*%pi*(2*k-1))/3)-cos((5*%pi*(2*k-1))/6)*x)/(x^2-2*a^(1/6)*(1/b)^(1/6)*cos((%pi*(2*k...
    #5 d=5 dl=5 seenp fb=true seenlen=4 seen=- out=1_2_1_1_r12 owner=1_2_1_2_r9:fired f=1/(x^2-2*a^(1/6)*(1/b)^(1/6)*cos((%pi*(2*k-1))/6)*x+a^(1/3)/b^(1/3))
    #6 d=6 dl=6 seenp fb=true seenlen=5 seen=- out=1_1_3_7_r45 owner=1_2_1_1_r12:fired f=-(b^(1/3)/(b^(1/3)*x^2-4*a^(1/3)*cos((%pi*(2*k-1))/6)^2+4*a^(1/3)))
    #7 d=7 dl=7 seenp fb=true seenlen=6 seen=- out=1_1_3_7_r45 owner=1_1_3_7_r45:fired f=-(b^(1/3)/(b^(1/3)*x^2-4*a^(1/3)*cos((%pi*k)/3-%pi/6)^2+4*a^(1/3)))
    #8 d=8 dl=8 seenp fb=true seenlen=7 seen=exact@#7(idx1,live=yes) out=fall-through:seen-hit owner=1_1_3_7_r45:fired f=-(b^(1/3)/(b^(1/3)*x^2-4*a^(1/3)*cos((%pi*k)/3-%pi/6)^2+4*a^(1/3)))
        matched elem=-(b^(1/3)/(b^(1/3)*x^2-4*a^(1/3)*cos((%pi*k)/3-%pi/6)^2+4*a^(1/3)))
    #9 d=5 dl=5 seenp fb=true seenlen=4 seen=- out=1_2_1_2_r3 owner=1_2_1_2_r9:fired f=(2*x-2*a^(1/6)*(1/b)^(1/6)*cos((%pi*(2*k-1))/6))/(x^2-2*a^(1/6)*(1/b)^(1/6)*cos((%pi*(2*k-1))/6)*x+a^(1/3)/b^(...
    #10 d=4 dl=4 seenp fb=true seenlen=3 seen=- out=1_2_1_2_r9 owner=1_1_3_2_r37:fired f=(cos((5*%pi*(2*k-1))/6)*x+a^(1/6)*(1/b)^(1/6)*cos((2*%pi*(2*k-1))/3))/(x^2+2*a^(1/6)*(1/b)^(1/6)*cos((%pi*(2*k...
    #11 d=5 dl=5 seenp fb=true seenlen=4 seen=- out=1_2_1_1_r12 owner=1_2_1_2_r9:fired f=1/(x^2+2*a^(1/6)*(1/b)^(1/6)*cos((%pi*(2*k-1))/6)*x+a^(1/3)/b^(1/3))
    #12 d=6 dl=6 seenp fb=true seenlen=5 seen=- out=1_1_3_7_r45 owner=1_2_1_1_r12:fired f=-(b^(1/3)/(b^(1/3)*x^2-4*a^(1/3)*cos((%pi*(2*k-1))/6)^2+4*a^(1/3)))
    #13 d=7 dl=7 seenp fb=true seenlen=6 seen=- out=1_1_3_7_r45 owner=1_1_3_7_r45:fired f=-(b^(1/3)/(b^(1/3)*x^2-4*a^(1/3)*cos((%pi*k)/3-%pi/6)^2+4*a^(1/3)))
    #14 d=8 dl=8 seenp fb=true seenlen=7 seen=exact@#13(idx1,live=yes) out=fall-through:seen-hit owner=1_1_3_7_r45:fired f=-(b^(1/3)/(b^(1/3)*x^2-4*a^(1/3)*cos((%pi*k)/3-%pi/6)^2+4*a^(1/3)))
        matched elem=-(b^(1/3)/(b^(1/3)*x^2-4*a^(1/3)*cos((%pi*k)/3-%pi/6)^2+4*a^(1/3)))
    #15 d=5 dl=5 seenp fb=true seenlen=4 seen=- out=1_2_1_2_r3 owner=1_2_1_2_r9:fired f=(2*x+2*a^(1/6)*(1/b)^(1/6)*cos((%pi*(2*k-1))/6))/(x^2+2*a^(1/6)*(1/b)^(1/6)*cos((%pi*(2*k-1))/6)*x+a^(1/3)/b^(...
    #16 d=4 dl=4 seenp fb=true seenlen=3 seen=- out=1_1_2_1_r10 owner=1_1_3_2_r37:fired f=1/(x^2+a^(1/3)/b^(1/3))
  [exact-only] class=timeout t=30.0s L189 returned=yes t=4.817067 calls=16 ratsimp-hits=0 exact-hits=2 unexited=0 misfire/fault-lines=0 top=1_1_3_4_r18
    fires=1_1_3_7_r45,1_1_3_7_r45,1_2_1_1_r12,1_2_1_2_r3,1_2_1_2_r9,1_1_3_7_r45,1_1_3_7_r45,1_2_1_1_r12,1_2_1_2_r3,1_2_1_2_r9,1_1_2_1_r10,1_1_3_2_r37,1_1_3_2_r71,1_1_3_4_r18
    answer sha1=59b9864e5eeb (((A*b)/2-(B*a)/2)*(%i*(1/b)^(5/6)*sqrt(1/b^(1/3))*b*log(((2*sqrt(x)+19*%i+7*3^(3/2))*x^10+((190*sqrt(3)*%i+230)*sqrt(x)+2470*%i+190*sqrt(3))*x^9+((665*3^(5/2)*...
    #1 d=1 dl=1 seenp fb=false seenlen=0 seen=- out=1_1_3_4_r18 owner=- f=(B*x^3+A)/(x^(3/2)*(b*x^3+a))
    #2 d=2 dl=2 seenp fb=true seenlen=1 seen=- out=1_1_3_2_r71 owner=1_1_3_4_r18:fired f=x^(3/2)/(b*x^3+a)
    #3 d=3 dl=3 seenp fb=true seenlen=2 seen=- out=1_1_3_2_r37 owner=1_1_3_2_r71:fired f=x^4/(b*x^6+a)
    #4 d=4 dl=4 seenp fb=true seenlen=3 seen=- out=1_2_1_2_r9 owner=1_1_3_2_r37:fired f=(a^(1/6)*(1/b)^(1/6)*cos((2*%pi*(2*k-1))/3)-cos((5*%pi*(2*k-1))/6)*x)/(x^2-2*a^(1/6)*(1/b)^(1/6)*cos((%pi*(2*k...
    #5 d=5 dl=5 seenp fb=true seenlen=4 seen=- out=1_2_1_1_r12 owner=1_2_1_2_r9:fired f=1/(x^2-2*a^(1/6)*(1/b)^(1/6)*cos((%pi*(2*k-1))/6)*x+a^(1/3)/b^(1/3))
    #6 d=6 dl=6 seenp fb=true seenlen=5 seen=- out=1_1_3_7_r45 owner=1_2_1_1_r12:fired f=-(b^(1/3)/(b^(1/3)*x^2-4*a^(1/3)*cos((%pi*(2*k-1))/6)^2+4*a^(1/3)))
    #7 d=7 dl=7 seenp fb=true seenlen=6 seen=- out=1_1_3_7_r45 owner=1_1_3_7_r45:fired f=-(b^(1/3)/(b^(1/3)*x^2-4*a^(1/3)*cos((%pi*k)/3-%pi/6)^2+4*a^(1/3)))
    #8 d=8 dl=8 seenp fb=true seenlen=7 seen=exact@#7(idx1,live=yes) out=fall-through:seen-hit owner=1_1_3_7_r45:fired f=-(b^(1/3)/(b^(1/3)*x^2-4*a^(1/3)*cos((%pi*k)/3-%pi/6)^2+4*a^(1/3)))
        matched elem=-(b^(1/3)/(b^(1/3)*x^2-4*a^(1/3)*cos((%pi*k)/3-%pi/6)^2+4*a^(1/3)))
    #9 d=5 dl=5 seenp fb=true seenlen=4 seen=- out=1_2_1_2_r3 owner=1_2_1_2_r9:fired f=(2*x-2*a^(1/6)*(1/b)^(1/6)*cos((%pi*(2*k-1))/6))/(x^2-2*a^(1/6)*(1/b)^(1/6)*cos((%pi*(2*k-1))/6)*x+a^(1/3)/b^(...
    #10 d=4 dl=4 seenp fb=true seenlen=3 seen=- out=1_2_1_2_r9 owner=1_1_3_2_r37:fired f=(cos((5*%pi*(2*k-1))/6)*x+a^(1/6)*(1/b)^(1/6)*cos((2*%pi*(2*k-1))/3))/(x^2+2*a^(1/6)*(1/b)^(1/6)*cos((%pi*(2*k...
    #11 d=5 dl=5 seenp fb=true seenlen=4 seen=- out=1_2_1_1_r12 owner=1_2_1_2_r9:fired f=1/(x^2+2*a^(1/6)*(1/b)^(1/6)*cos((%pi*(2*k-1))/6)*x+a^(1/3)/b^(1/3))
    #12 d=6 dl=6 seenp fb=true seenlen=5 seen=- out=1_1_3_7_r45 owner=1_2_1_1_r12:fired f=-(b^(1/3)/(b^(1/3)*x^2-4*a^(1/3)*cos((%pi*(2*k-1))/6)^2+4*a^(1/3)))
    #13 d=7 dl=7 seenp fb=true seenlen=6 seen=- out=1_1_3_7_r45 owner=1_1_3_7_r45:fired f=-(b^(1/3)/(b^(1/3)*x^2-4*a^(1/3)*cos((%pi*k)/3-%pi/6)^2+4*a^(1/3)))
    #14 d=8 dl=8 seenp fb=true seenlen=7 seen=exact@#13(idx1,live=yes) out=fall-through:seen-hit owner=1_1_3_7_r45:fired f=-(b^(1/3)/(b^(1/3)*x^2-4*a^(1/3)*cos((%pi*k)/3-%pi/6)^2+4*a^(1/3)))
        matched elem=-(b^(1/3)/(b^(1/3)*x^2-4*a^(1/3)*cos((%pi*k)/3-%pi/6)^2+4*a^(1/3)))
    #15 d=5 dl=5 seenp fb=true seenlen=4 seen=- out=1_2_1_2_r3 owner=1_2_1_2_r9:fired f=(2*x+2*a^(1/6)*(1/b)^(1/6)*cos((%pi*(2*k-1))/6))/(x^2+2*a^(1/6)*(1/b)^(1/6)*cos((%pi*(2*k-1))/6)*x+a^(1/3)/b^(...
    #16 d=4 dl=4 seenp fb=true seenlen=3 seen=- out=1_1_2_1_r10 owner=1_1_3_2_r37:fired f=1/(x^2+a^(1/3)/b^(1/3))
  [p0] class=verified t=1.3s L189 returned=yes t=1.227017 calls=2 ratsimp-hits=0 exact-hits=0 unexited=0 misfire/fault-lines=0 top=1_4_1_r34@pass1
    fires=1_4_1_r34
    answer sha1=a79e17dee68d (b*(A*sqrt(x)*(sqrt(-b^(1/3))*(log(((2*b*sqrt(x)+3^(3/2)*a^(1/6)*b^(5/6)+a^(1/6)*sqrt(-b^(1/3))*b^(2/3))*x+(5*a^(1/3)*b^(2/3)+sqrt(3)*a^(1/3)*sqrt(-b^(1/3))*sqr...
    #1 d=1 dl=1 p0-mr_top fb=false seenlen=0 seen=- out=1_4_1_r34@pass1 owner=- f=(B*x^3+A)/(x^(3/2)*(b*x^3+a))
    #2 d=2 dl=2 p0-mr_top fb=true seenlen=1 seen=- out=fall-through:nofire owner=1_4_1_r34:fired f=(B*x^6+A)/(x^2*(b*x^6+a))

--- c1 g130 1 Algebraic functions/1.1 Binomial products/1.1.3 General/1.1.3.4 (e x)^m (a+b x^n)^p (c+d x^n)^q.mac e162 (eq)
  [trace] class=timeout t=30.0s L191 returned=yes t=4.787067 calls=16 ratsimp-hits=0 exact-hits=2 unexited=0 misfire/fault-lines=0 top=1_1_3_4_r18
    fires=1_1_3_7_r45,1_1_3_7_r45,1_2_1_1_r12,1_2_1_2_r3,1_2_1_2_r9,1_1_3_7_r45,1_1_3_7_r45,1_2_1_1_r12,1_2_1_2_r3,1_2_1_2_r9,1_1_2_1_r10,1_1_3_1_r21,1_1_3_2_r71,1_1_3_4_r18
    answer sha1=2efd84dae592 (((5*A*b)/2-(5*B*a)/2)*(%i*(1/b)^(1/6)*sqrt(1/b^(1/3))*b^(1/3)*log(((2*sqrt(x)+19*%i+7*3^(3/2))*x^10+((190*sqrt(3)*%i+230)*sqrt(x)+2470*%i+190*sqrt(3))*x^9+((66...
    #1 d=1 dl=1 seenp fb=false seenlen=0 seen=- out=1_1_3_4_r18 owner=- f=(B*x^3+A)/(x^(7/2)*(b*x^3+a))
    #2 d=2 dl=2 seenp fb=true seenlen=1 seen=- out=1_1_3_2_r71 owner=1_1_3_4_r18:fired f=1/(sqrt(x)*(b*x^3+a))
    #3 d=3 dl=3 seenp fb=true seenlen=2 seen=- out=1_1_3_1_r21 owner=1_1_3_2_r71:fired f=1/(b*x^6+a)
    #4 d=4 dl=4 seenp fb=true seenlen=3 seen=- out=1_2_1_2_r9 owner=1_1_3_1_r21:fired f=(a^(1/6)*(1/b)^(1/6)-cos((%pi*(2*k-1))/6)*x)/(x^2-2*a^(1/6)*(1/b)^(1/6)*cos((%pi*(2*k-1))/6)*x+a^(1/3)/b^(1/3)...
    #5 d=5 dl=5 seenp fb=true seenlen=4 seen=- out=1_2_1_1_r12 owner=1_2_1_2_r9:fired f=1/(x^2-2*a^(1/6)*(1/b)^(1/6)*cos((%pi*(2*k-1))/6)*x+a^(1/3)/b^(1/3))
    #6 d=6 dl=6 seenp fb=true seenlen=5 seen=- out=1_1_3_7_r45 owner=1_2_1_1_r12:fired f=-(b^(1/3)/(b^(1/3)*x^2-4*a^(1/3)*cos((%pi*(2*k-1))/6)^2+4*a^(1/3)))
    #7 d=7 dl=7 seenp fb=true seenlen=6 seen=- out=1_1_3_7_r45 owner=1_1_3_7_r45:fired f=-(b^(1/3)/(b^(1/3)*x^2-4*a^(1/3)*cos((%pi*k)/3-%pi/6)^2+4*a^(1/3)))
    #8 d=8 dl=8 seenp fb=true seenlen=7 seen=exact@#7(idx1,live=yes) out=fall-through:seen-hit owner=1_1_3_7_r45:fired f=-(b^(1/3)/(b^(1/3)*x^2-4*a^(1/3)*cos((%pi*k)/3-%pi/6)^2+4*a^(1/3)))
        matched elem=-(b^(1/3)/(b^(1/3)*x^2-4*a^(1/3)*cos((%pi*k)/3-%pi/6)^2+4*a^(1/3)))
    #9 d=5 dl=5 seenp fb=true seenlen=4 seen=- out=1_2_1_2_r3 owner=1_2_1_2_r9:fired f=(2*x-2*a^(1/6)*(1/b)^(1/6)*cos((%pi*(2*k-1))/6))/(x^2-2*a^(1/6)*(1/b)^(1/6)*cos((%pi*(2*k-1))/6)*x+a^(1/3)/b^(...
    #10 d=4 dl=4 seenp fb=true seenlen=3 seen=- out=1_2_1_2_r9 owner=1_1_3_1_r21:fired f=(cos((%pi*(2*k-1))/6)*x+a^(1/6)*(1/b)^(1/6))/(x^2+2*a^(1/6)*(1/b)^(1/6)*cos((%pi*(2*k-1))/6)*x+a^(1/3)/b^(1/3)...
    #11 d=5 dl=5 seenp fb=true seenlen=4 seen=- out=1_2_1_1_r12 owner=1_2_1_2_r9:fired f=1/(x^2+2*a^(1/6)*(1/b)^(1/6)*cos((%pi*(2*k-1))/6)*x+a^(1/3)/b^(1/3))
    #12 d=6 dl=6 seenp fb=true seenlen=5 seen=- out=1_1_3_7_r45 owner=1_2_1_1_r12:fired f=-(b^(1/3)/(b^(1/3)*x^2-4*a^(1/3)*cos((%pi*(2*k-1))/6)^2+4*a^(1/3)))
    #13 d=7 dl=7 seenp fb=true seenlen=6 seen=- out=1_1_3_7_r45 owner=1_1_3_7_r45:fired f=-(b^(1/3)/(b^(1/3)*x^2-4*a^(1/3)*cos((%pi*k)/3-%pi/6)^2+4*a^(1/3)))
    #14 d=8 dl=8 seenp fb=true seenlen=7 seen=exact@#13(idx1,live=yes) out=fall-through:seen-hit owner=1_1_3_7_r45:fired f=-(b^(1/3)/(b^(1/3)*x^2-4*a^(1/3)*cos((%pi*k)/3-%pi/6)^2+4*a^(1/3)))
        matched elem=-(b^(1/3)/(b^(1/3)*x^2-4*a^(1/3)*cos((%pi*k)/3-%pi/6)^2+4*a^(1/3)))
    #15 d=5 dl=5 seenp fb=true seenlen=4 seen=- out=1_2_1_2_r3 owner=1_2_1_2_r9:fired f=(2*x+2*a^(1/6)*(1/b)^(1/6)*cos((%pi*(2*k-1))/6))/(x^2+2*a^(1/6)*(1/b)^(1/6)*cos((%pi*(2*k-1))/6)*x+a^(1/3)/b^(...
    #16 d=4 dl=4 seenp fb=true seenlen=3 seen=- out=1_1_2_1_r10 owner=1_1_3_1_r21:fired f=1/(x^2+a^(1/3)/b^(1/3))
  [exact-only] class=timeout t=30.0s L191 returned=yes t=4.772066 calls=16 ratsimp-hits=0 exact-hits=2 unexited=0 misfire/fault-lines=0 top=1_1_3_4_r18
    fires=1_1_3_7_r45,1_1_3_7_r45,1_2_1_1_r12,1_2_1_2_r3,1_2_1_2_r9,1_1_3_7_r45,1_1_3_7_r45,1_2_1_1_r12,1_2_1_2_r3,1_2_1_2_r9,1_1_2_1_r10,1_1_3_1_r21,1_1_3_2_r71,1_1_3_4_r18
    answer sha1=2efd84dae592 (((5*A*b)/2-(5*B*a)/2)*(%i*(1/b)^(1/6)*sqrt(1/b^(1/3))*b^(1/3)*log(((2*sqrt(x)+19*%i+7*3^(3/2))*x^10+((190*sqrt(3)*%i+230)*sqrt(x)+2470*%i+190*sqrt(3))*x^9+((66...
    #1 d=1 dl=1 seenp fb=false seenlen=0 seen=- out=1_1_3_4_r18 owner=- f=(B*x^3+A)/(x^(7/2)*(b*x^3+a))
    #2 d=2 dl=2 seenp fb=true seenlen=1 seen=- out=1_1_3_2_r71 owner=1_1_3_4_r18:fired f=1/(sqrt(x)*(b*x^3+a))
    #3 d=3 dl=3 seenp fb=true seenlen=2 seen=- out=1_1_3_1_r21 owner=1_1_3_2_r71:fired f=1/(b*x^6+a)
    #4 d=4 dl=4 seenp fb=true seenlen=3 seen=- out=1_2_1_2_r9 owner=1_1_3_1_r21:fired f=(a^(1/6)*(1/b)^(1/6)-cos((%pi*(2*k-1))/6)*x)/(x^2-2*a^(1/6)*(1/b)^(1/6)*cos((%pi*(2*k-1))/6)*x+a^(1/3)/b^(1/3)...
    #5 d=5 dl=5 seenp fb=true seenlen=4 seen=- out=1_2_1_1_r12 owner=1_2_1_2_r9:fired f=1/(x^2-2*a^(1/6)*(1/b)^(1/6)*cos((%pi*(2*k-1))/6)*x+a^(1/3)/b^(1/3))
    #6 d=6 dl=6 seenp fb=true seenlen=5 seen=- out=1_1_3_7_r45 owner=1_2_1_1_r12:fired f=-(b^(1/3)/(b^(1/3)*x^2-4*a^(1/3)*cos((%pi*(2*k-1))/6)^2+4*a^(1/3)))
    #7 d=7 dl=7 seenp fb=true seenlen=6 seen=- out=1_1_3_7_r45 owner=1_1_3_7_r45:fired f=-(b^(1/3)/(b^(1/3)*x^2-4*a^(1/3)*cos((%pi*k)/3-%pi/6)^2+4*a^(1/3)))
    #8 d=8 dl=8 seenp fb=true seenlen=7 seen=exact@#7(idx1,live=yes) out=fall-through:seen-hit owner=1_1_3_7_r45:fired f=-(b^(1/3)/(b^(1/3)*x^2-4*a^(1/3)*cos((%pi*k)/3-%pi/6)^2+4*a^(1/3)))
        matched elem=-(b^(1/3)/(b^(1/3)*x^2-4*a^(1/3)*cos((%pi*k)/3-%pi/6)^2+4*a^(1/3)))
    #9 d=5 dl=5 seenp fb=true seenlen=4 seen=- out=1_2_1_2_r3 owner=1_2_1_2_r9:fired f=(2*x-2*a^(1/6)*(1/b)^(1/6)*cos((%pi*(2*k-1))/6))/(x^2-2*a^(1/6)*(1/b)^(1/6)*cos((%pi*(2*k-1))/6)*x+a^(1/3)/b^(...
    #10 d=4 dl=4 seenp fb=true seenlen=3 seen=- out=1_2_1_2_r9 owner=1_1_3_1_r21:fired f=(cos((%pi*(2*k-1))/6)*x+a^(1/6)*(1/b)^(1/6))/(x^2+2*a^(1/6)*(1/b)^(1/6)*cos((%pi*(2*k-1))/6)*x+a^(1/3)/b^(1/3)...
    #11 d=5 dl=5 seenp fb=true seenlen=4 seen=- out=1_2_1_1_r12 owner=1_2_1_2_r9:fired f=1/(x^2+2*a^(1/6)*(1/b)^(1/6)*cos((%pi*(2*k-1))/6)*x+a^(1/3)/b^(1/3))
    #12 d=6 dl=6 seenp fb=true seenlen=5 seen=- out=1_1_3_7_r45 owner=1_2_1_1_r12:fired f=-(b^(1/3)/(b^(1/3)*x^2-4*a^(1/3)*cos((%pi*(2*k-1))/6)^2+4*a^(1/3)))
    #13 d=7 dl=7 seenp fb=true seenlen=6 seen=- out=1_1_3_7_r45 owner=1_1_3_7_r45:fired f=-(b^(1/3)/(b^(1/3)*x^2-4*a^(1/3)*cos((%pi*k)/3-%pi/6)^2+4*a^(1/3)))
    #14 d=8 dl=8 seenp fb=true seenlen=7 seen=exact@#13(idx1,live=yes) out=fall-through:seen-hit owner=1_1_3_7_r45:fired f=-(b^(1/3)/(b^(1/3)*x^2-4*a^(1/3)*cos((%pi*k)/3-%pi/6)^2+4*a^(1/3)))
        matched elem=-(b^(1/3)/(b^(1/3)*x^2-4*a^(1/3)*cos((%pi*k)/3-%pi/6)^2+4*a^(1/3)))
    #15 d=5 dl=5 seenp fb=true seenlen=4 seen=- out=1_2_1_2_r3 owner=1_2_1_2_r9:fired f=(2*x+2*a^(1/6)*(1/b)^(1/6)*cos((%pi*(2*k-1))/6))/(x^2+2*a^(1/6)*(1/b)^(1/6)*cos((%pi*(2*k-1))/6)*x+a^(1/3)/b^(...
    #16 d=4 dl=4 seenp fb=true seenlen=3 seen=- out=1_1_2_1_r10 owner=1_1_3_1_r21:fired f=1/(x^2+a^(1/3)/b^(1/3))
  [p0] class=verified t=1.3s L191 returned=yes t=1.230018 calls=2 ratsimp-hits=0 exact-hits=0 unexited=0 misfire/fault-lines=0 top=1_4_1_r34@pass1
    fires=1_4_1_r34
    answer sha1=ea0640513ac2 (x^2*(A*b*sqrt(x)*(a^(1/6)*sqrt(-b^(1/3))*b^(1/6)*(5*log(((2*b*sqrt(x)+3^(3/2)*a^(1/6)*b^(5/6)+a^(1/6)*sqrt(-b^(1/3))*b^(2/3))*x+(5*a^(1/3)*b^(2/3)+sqrt(3)*a^(1...
    #1 d=1 dl=1 p0-mr_top fb=false seenlen=0 seen=- out=1_4_1_r34@pass1 owner=- f=(B*x^3+A)/(x^(7/2)*(b*x^3+a))
    #2 d=2 dl=2 p0-mr_top fb=true seenlen=1 seen=- out=fall-through:nofire owner=1_4_1_r34:fired f=(B*x^6+A)/(x^6*(b*x^6+a))

--- c1 g131 1 Algebraic functions/1.1 Binomial products/1.1.3 General/1.1.3.4 (e x)^m (a+b x^n)^p (c+d x^n)^q.mac e157 (eq)
  [trace] class=timeout t=30.0s L186 returned=yes t=4.927069 calls=16 ratsimp-hits=0 exact-hits=2 unexited=0 misfire/fault-lines=0 top=1_1_3_4_r24
    fires=1_1_3_7_r45,1_1_3_7_r45,1_2_1_1_r12,1_2_1_2_r3,1_2_1_2_r9,1_1_3_7_r45,1_1_3_7_r45,1_2_1_1_r12,1_2_1_2_r3,1_2_1_2_r9,1_1_2_1_r10,1_1_3_2_r37,1_1_3_2_r71,1_1_3_4_r24
    answer sha1=9602d6ff9e6e (((5*B*a)/2-(5*A*b)/2)*(%i*(1/b)^(5/6)*sqrt(1/b^(1/3))*b*log(((2*sqrt(x)+19*%i+7*3^(3/2))*x^10+((190*sqrt(3)*%i+230)*sqrt(x)+2470*%i+190*sqrt(3))*x^9+((665*3^(5...
    #1 d=1 dl=1 seenp fb=false seenlen=0 seen=- out=1_1_3_4_r24 owner=- f=(x^(3/2)*(B*x^3+A))/(b*x^3+a)
    #2 d=2 dl=2 seenp fb=true seenlen=1 seen=- out=1_1_3_2_r71 owner=1_1_3_4_r24:fired f=x^(3/2)/(b*x^3+a)
    #3 d=3 dl=3 seenp fb=true seenlen=2 seen=- out=1_1_3_2_r37 owner=1_1_3_2_r71:fired f=x^4/(b*x^6+a)
    #4 d=4 dl=4 seenp fb=true seenlen=3 seen=- out=1_2_1_2_r9 owner=1_1_3_2_r37:fired f=(a^(1/6)*(1/b)^(1/6)*cos((2*%pi*(2*k-1))/3)-cos((5*%pi*(2*k-1))/6)*x)/(x^2-2*a^(1/6)*(1/b)^(1/6)*cos((%pi*(2*k...
    #5 d=5 dl=5 seenp fb=true seenlen=4 seen=- out=1_2_1_1_r12 owner=1_2_1_2_r9:fired f=1/(x^2-2*a^(1/6)*(1/b)^(1/6)*cos((%pi*(2*k-1))/6)*x+a^(1/3)/b^(1/3))
    #6 d=6 dl=6 seenp fb=true seenlen=5 seen=- out=1_1_3_7_r45 owner=1_2_1_1_r12:fired f=-(b^(1/3)/(b^(1/3)*x^2-4*a^(1/3)*cos((%pi*(2*k-1))/6)^2+4*a^(1/3)))
    #7 d=7 dl=7 seenp fb=true seenlen=6 seen=- out=1_1_3_7_r45 owner=1_1_3_7_r45:fired f=-(b^(1/3)/(b^(1/3)*x^2-4*a^(1/3)*cos((%pi*k)/3-%pi/6)^2+4*a^(1/3)))
    #8 d=8 dl=8 seenp fb=true seenlen=7 seen=exact@#7(idx1,live=yes) out=fall-through:seen-hit owner=1_1_3_7_r45:fired f=-(b^(1/3)/(b^(1/3)*x^2-4*a^(1/3)*cos((%pi*k)/3-%pi/6)^2+4*a^(1/3)))
        matched elem=-(b^(1/3)/(b^(1/3)*x^2-4*a^(1/3)*cos((%pi*k)/3-%pi/6)^2+4*a^(1/3)))
    #9 d=5 dl=5 seenp fb=true seenlen=4 seen=- out=1_2_1_2_r3 owner=1_2_1_2_r9:fired f=(2*x-2*a^(1/6)*(1/b)^(1/6)*cos((%pi*(2*k-1))/6))/(x^2-2*a^(1/6)*(1/b)^(1/6)*cos((%pi*(2*k-1))/6)*x+a^(1/3)/b^(...
    #10 d=4 dl=4 seenp fb=true seenlen=3 seen=- out=1_2_1_2_r9 owner=1_1_3_2_r37:fired f=(cos((5*%pi*(2*k-1))/6)*x+a^(1/6)*(1/b)^(1/6)*cos((2*%pi*(2*k-1))/3))/(x^2+2*a^(1/6)*(1/b)^(1/6)*cos((%pi*(2*k...
    #11 d=5 dl=5 seenp fb=true seenlen=4 seen=- out=1_2_1_1_r12 owner=1_2_1_2_r9:fired f=1/(x^2+2*a^(1/6)*(1/b)^(1/6)*cos((%pi*(2*k-1))/6)*x+a^(1/3)/b^(1/3))
    #12 d=6 dl=6 seenp fb=true seenlen=5 seen=- out=1_1_3_7_r45 owner=1_2_1_1_r12:fired f=-(b^(1/3)/(b^(1/3)*x^2-4*a^(1/3)*cos((%pi*(2*k-1))/6)^2+4*a^(1/3)))
    #13 d=7 dl=7 seenp fb=true seenlen=6 seen=- out=1_1_3_7_r45 owner=1_1_3_7_r45:fired f=-(b^(1/3)/(b^(1/3)*x^2-4*a^(1/3)*cos((%pi*k)/3-%pi/6)^2+4*a^(1/3)))
    #14 d=8 dl=8 seenp fb=true seenlen=7 seen=exact@#13(idx1,live=yes) out=fall-through:seen-hit owner=1_1_3_7_r45:fired f=-(b^(1/3)/(b^(1/3)*x^2-4*a^(1/3)*cos((%pi*k)/3-%pi/6)^2+4*a^(1/3)))
        matched elem=-(b^(1/3)/(b^(1/3)*x^2-4*a^(1/3)*cos((%pi*k)/3-%pi/6)^2+4*a^(1/3)))
    #15 d=5 dl=5 seenp fb=true seenlen=4 seen=- out=1_2_1_2_r3 owner=1_2_1_2_r9:fired f=(2*x+2*a^(1/6)*(1/b)^(1/6)*cos((%pi*(2*k-1))/6))/(x^2+2*a^(1/6)*(1/b)^(1/6)*cos((%pi*(2*k-1))/6)*x+a^(1/3)/b^(...
    #16 d=4 dl=4 seenp fb=true seenlen=3 seen=- out=1_1_2_1_r10 owner=1_1_3_2_r37:fired f=1/(x^2+a^(1/3)/b^(1/3))
  [exact-only] class=timeout t=30.0s L186 returned=yes t=5.009069 calls=16 ratsimp-hits=0 exact-hits=2 unexited=0 misfire/fault-lines=0 top=1_1_3_4_r24
    fires=1_1_3_7_r45,1_1_3_7_r45,1_2_1_1_r12,1_2_1_2_r3,1_2_1_2_r9,1_1_3_7_r45,1_1_3_7_r45,1_2_1_1_r12,1_2_1_2_r3,1_2_1_2_r9,1_1_2_1_r10,1_1_3_2_r37,1_1_3_2_r71,1_1_3_4_r24
    answer sha1=9602d6ff9e6e (((5*B*a)/2-(5*A*b)/2)*(%i*(1/b)^(5/6)*sqrt(1/b^(1/3))*b*log(((2*sqrt(x)+19*%i+7*3^(3/2))*x^10+((190*sqrt(3)*%i+230)*sqrt(x)+2470*%i+190*sqrt(3))*x^9+((665*3^(5...
    #1 d=1 dl=1 seenp fb=false seenlen=0 seen=- out=1_1_3_4_r24 owner=- f=(x^(3/2)*(B*x^3+A))/(b*x^3+a)
    #2 d=2 dl=2 seenp fb=true seenlen=1 seen=- out=1_1_3_2_r71 owner=1_1_3_4_r24:fired f=x^(3/2)/(b*x^3+a)
    #3 d=3 dl=3 seenp fb=true seenlen=2 seen=- out=1_1_3_2_r37 owner=1_1_3_2_r71:fired f=x^4/(b*x^6+a)
    #4 d=4 dl=4 seenp fb=true seenlen=3 seen=- out=1_2_1_2_r9 owner=1_1_3_2_r37:fired f=(a^(1/6)*(1/b)^(1/6)*cos((2*%pi*(2*k-1))/3)-cos((5*%pi*(2*k-1))/6)*x)/(x^2-2*a^(1/6)*(1/b)^(1/6)*cos((%pi*(2*k...
    #5 d=5 dl=5 seenp fb=true seenlen=4 seen=- out=1_2_1_1_r12 owner=1_2_1_2_r9:fired f=1/(x^2-2*a^(1/6)*(1/b)^(1/6)*cos((%pi*(2*k-1))/6)*x+a^(1/3)/b^(1/3))
    #6 d=6 dl=6 seenp fb=true seenlen=5 seen=- out=1_1_3_7_r45 owner=1_2_1_1_r12:fired f=-(b^(1/3)/(b^(1/3)*x^2-4*a^(1/3)*cos((%pi*(2*k-1))/6)^2+4*a^(1/3)))
    #7 d=7 dl=7 seenp fb=true seenlen=6 seen=- out=1_1_3_7_r45 owner=1_1_3_7_r45:fired f=-(b^(1/3)/(b^(1/3)*x^2-4*a^(1/3)*cos((%pi*k)/3-%pi/6)^2+4*a^(1/3)))
    #8 d=8 dl=8 seenp fb=true seenlen=7 seen=exact@#7(idx1,live=yes) out=fall-through:seen-hit owner=1_1_3_7_r45:fired f=-(b^(1/3)/(b^(1/3)*x^2-4*a^(1/3)*cos((%pi*k)/3-%pi/6)^2+4*a^(1/3)))
        matched elem=-(b^(1/3)/(b^(1/3)*x^2-4*a^(1/3)*cos((%pi*k)/3-%pi/6)^2+4*a^(1/3)))
    #9 d=5 dl=5 seenp fb=true seenlen=4 seen=- out=1_2_1_2_r3 owner=1_2_1_2_r9:fired f=(2*x-2*a^(1/6)*(1/b)^(1/6)*cos((%pi*(2*k-1))/6))/(x^2-2*a^(1/6)*(1/b)^(1/6)*cos((%pi*(2*k-1))/6)*x+a^(1/3)/b^(...
    #10 d=4 dl=4 seenp fb=true seenlen=3 seen=- out=1_2_1_2_r9 owner=1_1_3_2_r37:fired f=(cos((5*%pi*(2*k-1))/6)*x+a^(1/6)*(1/b)^(1/6)*cos((2*%pi*(2*k-1))/3))/(x^2+2*a^(1/6)*(1/b)^(1/6)*cos((%pi*(2*k...
    #11 d=5 dl=5 seenp fb=true seenlen=4 seen=- out=1_2_1_1_r12 owner=1_2_1_2_r9:fired f=1/(x^2+2*a^(1/6)*(1/b)^(1/6)*cos((%pi*(2*k-1))/6)*x+a^(1/3)/b^(1/3))
    #12 d=6 dl=6 seenp fb=true seenlen=5 seen=- out=1_1_3_7_r45 owner=1_2_1_1_r12:fired f=-(b^(1/3)/(b^(1/3)*x^2-4*a^(1/3)*cos((%pi*(2*k-1))/6)^2+4*a^(1/3)))
    #13 d=7 dl=7 seenp fb=true seenlen=6 seen=- out=1_1_3_7_r45 owner=1_1_3_7_r45:fired f=-(b^(1/3)/(b^(1/3)*x^2-4*a^(1/3)*cos((%pi*k)/3-%pi/6)^2+4*a^(1/3)))
    #14 d=8 dl=8 seenp fb=true seenlen=7 seen=exact@#13(idx1,live=yes) out=fall-through:seen-hit owner=1_1_3_7_r45:fired f=-(b^(1/3)/(b^(1/3)*x^2-4*a^(1/3)*cos((%pi*k)/3-%pi/6)^2+4*a^(1/3)))
        matched elem=-(b^(1/3)/(b^(1/3)*x^2-4*a^(1/3)*cos((%pi*k)/3-%pi/6)^2+4*a^(1/3)))
    #15 d=5 dl=5 seenp fb=true seenlen=4 seen=- out=1_2_1_2_r3 owner=1_2_1_2_r9:fired f=(2*x+2*a^(1/6)*(1/b)^(1/6)*cos((%pi*(2*k-1))/6))/(x^2+2*a^(1/6)*(1/b)^(1/6)*cos((%pi*(2*k-1))/6)*x+a^(1/3)/b^(...
    #16 d=4 dl=4 seenp fb=true seenlen=3 seen=- out=1_1_2_1_r10 owner=1_1_3_2_r37:fired f=1/(x^2+a^(1/3)/b^(1/3))
  [p0] class=verified t=1.4s L186 returned=yes t=1.356018 calls=2 ratsimp-hits=0 exact-hits=0 unexited=0 misfire/fault-lines=0 top=1_4_1_r34@pass1
    fires=1_4_1_r34
    answer sha1=b9b4898ada43 (B*a*(sqrt(-b^(1/3))*(5*log(((2*b*sqrt(x)+3^(3/2)*a^(1/6)*b^(5/6)+a^(1/6)*sqrt(-b^(1/3))*b^(2/3))*x+(5*a^(1/3)*b^(2/3)+sqrt(3)*a^(1/3)*sqrt(-b^(1/3))*sqrt(b))*s...
    #1 d=1 dl=1 p0-mr_top fb=false seenlen=0 seen=- out=1_4_1_r34@pass1 owner=- f=(x^(3/2)*(B*x^3+A))/(b*x^3+a)
    #2 d=2 dl=2 p0-mr_top fb=true seenlen=1 seen=- out=fall-through:nofire owner=1_4_1_r34:fired f=(x^4*(B*x^6+A))/(b*x^6+a)

--- c1 g131 1 Algebraic functions/1.1 Binomial products/1.1.3 General/1.1.3.4 (e x)^m (a+b x^n)^p (c+d x^n)^q.mac e159 (eq)
  [trace] class=timeout t=30.0s L188 returned=yes t=4.918069 calls=16 ratsimp-hits=0 exact-hits=2 unexited=0 misfire/fault-lines=0 top=1_1_3_4_r24
    fires=1_1_3_7_r45,1_1_3_7_r45,1_2_1_1_r12,1_2_1_2_r3,1_2_1_2_r9,1_1_3_7_r45,1_1_3_7_r45,1_2_1_1_r12,1_2_1_2_r3,1_2_1_2_r9,1_1_2_1_r10,1_1_3_1_r21,1_1_3_2_r71,1_1_3_4_r24
    answer sha1=579041cb1af7 (((B*a)/2-(A*b)/2)*(%i*(1/b)^(1/6)*sqrt(1/b^(1/3))*b^(1/3)*log(((2*sqrt(x)+19*%i+7*3^(3/2))*x^10+((190*sqrt(3)*%i+230)*sqrt(x)+2470*%i+190*sqrt(3))*x^9+((665*3^...
    #1 d=1 dl=1 seenp fb=false seenlen=0 seen=- out=1_1_3_4_r24 owner=- f=(B*x^3+A)/(sqrt(x)*(b*x^3+a))
    #2 d=2 dl=2 seenp fb=true seenlen=1 seen=- out=1_1_3_2_r71 owner=1_1_3_4_r24:fired f=1/(sqrt(x)*(b*x^3+a))
    #3 d=3 dl=3 seenp fb=true seenlen=2 seen=- out=1_1_3_1_r21 owner=1_1_3_2_r71:fired f=1/(b*x^6+a)
    #4 d=4 dl=4 seenp fb=true seenlen=3 seen=- out=1_2_1_2_r9 owner=1_1_3_1_r21:fired f=(a^(1/6)*(1/b)^(1/6)-cos((%pi*(2*k-1))/6)*x)/(x^2-2*a^(1/6)*(1/b)^(1/6)*cos((%pi*(2*k-1))/6)*x+a^(1/3)/b^(1/3)...
    #5 d=5 dl=5 seenp fb=true seenlen=4 seen=- out=1_2_1_1_r12 owner=1_2_1_2_r9:fired f=1/(x^2-2*a^(1/6)*(1/b)^(1/6)*cos((%pi*(2*k-1))/6)*x+a^(1/3)/b^(1/3))
    #6 d=6 dl=6 seenp fb=true seenlen=5 seen=- out=1_1_3_7_r45 owner=1_2_1_1_r12:fired f=-(b^(1/3)/(b^(1/3)*x^2-4*a^(1/3)*cos((%pi*(2*k-1))/6)^2+4*a^(1/3)))
    #7 d=7 dl=7 seenp fb=true seenlen=6 seen=- out=1_1_3_7_r45 owner=1_1_3_7_r45:fired f=-(b^(1/3)/(b^(1/3)*x^2-4*a^(1/3)*cos((%pi*k)/3-%pi/6)^2+4*a^(1/3)))
    #8 d=8 dl=8 seenp fb=true seenlen=7 seen=exact@#7(idx1,live=yes) out=fall-through:seen-hit owner=1_1_3_7_r45:fired f=-(b^(1/3)/(b^(1/3)*x^2-4*a^(1/3)*cos((%pi*k)/3-%pi/6)^2+4*a^(1/3)))
        matched elem=-(b^(1/3)/(b^(1/3)*x^2-4*a^(1/3)*cos((%pi*k)/3-%pi/6)^2+4*a^(1/3)))
    #9 d=5 dl=5 seenp fb=true seenlen=4 seen=- out=1_2_1_2_r3 owner=1_2_1_2_r9:fired f=(2*x-2*a^(1/6)*(1/b)^(1/6)*cos((%pi*(2*k-1))/6))/(x^2-2*a^(1/6)*(1/b)^(1/6)*cos((%pi*(2*k-1))/6)*x+a^(1/3)/b^(...
    #10 d=4 dl=4 seenp fb=true seenlen=3 seen=- out=1_2_1_2_r9 owner=1_1_3_1_r21:fired f=(cos((%pi*(2*k-1))/6)*x+a^(1/6)*(1/b)^(1/6))/(x^2+2*a^(1/6)*(1/b)^(1/6)*cos((%pi*(2*k-1))/6)*x+a^(1/3)/b^(1/3)...
    #11 d=5 dl=5 seenp fb=true seenlen=4 seen=- out=1_2_1_1_r12 owner=1_2_1_2_r9:fired f=1/(x^2+2*a^(1/6)*(1/b)^(1/6)*cos((%pi*(2*k-1))/6)*x+a^(1/3)/b^(1/3))
    #12 d=6 dl=6 seenp fb=true seenlen=5 seen=- out=1_1_3_7_r45 owner=1_2_1_1_r12:fired f=-(b^(1/3)/(b^(1/3)*x^2-4*a^(1/3)*cos((%pi*(2*k-1))/6)^2+4*a^(1/3)))
    #13 d=7 dl=7 seenp fb=true seenlen=6 seen=- out=1_1_3_7_r45 owner=1_1_3_7_r45:fired f=-(b^(1/3)/(b^(1/3)*x^2-4*a^(1/3)*cos((%pi*k)/3-%pi/6)^2+4*a^(1/3)))
    #14 d=8 dl=8 seenp fb=true seenlen=7 seen=exact@#13(idx1,live=yes) out=fall-through:seen-hit owner=1_1_3_7_r45:fired f=-(b^(1/3)/(b^(1/3)*x^2-4*a^(1/3)*cos((%pi*k)/3-%pi/6)^2+4*a^(1/3)))
        matched elem=-(b^(1/3)/(b^(1/3)*x^2-4*a^(1/3)*cos((%pi*k)/3-%pi/6)^2+4*a^(1/3)))
    #15 d=5 dl=5 seenp fb=true seenlen=4 seen=- out=1_2_1_2_r3 owner=1_2_1_2_r9:fired f=(2*x+2*a^(1/6)*(1/b)^(1/6)*cos((%pi*(2*k-1))/6))/(x^2+2*a^(1/6)*(1/b)^(1/6)*cos((%pi*(2*k-1))/6)*x+a^(1/3)/b^(...
    #16 d=4 dl=4 seenp fb=true seenlen=3 seen=- out=1_1_2_1_r10 owner=1_1_3_1_r21:fired f=1/(x^2+a^(1/3)/b^(1/3))
  [exact-only] class=timeout t=30.1s L188 returned=yes t=4.896067 calls=16 ratsimp-hits=0 exact-hits=2 unexited=0 misfire/fault-lines=0 top=1_1_3_4_r24
    fires=1_1_3_7_r45,1_1_3_7_r45,1_2_1_1_r12,1_2_1_2_r3,1_2_1_2_r9,1_1_3_7_r45,1_1_3_7_r45,1_2_1_1_r12,1_2_1_2_r3,1_2_1_2_r9,1_1_2_1_r10,1_1_3_1_r21,1_1_3_2_r71,1_1_3_4_r24
    answer sha1=579041cb1af7 (((B*a)/2-(A*b)/2)*(%i*(1/b)^(1/6)*sqrt(1/b^(1/3))*b^(1/3)*log(((2*sqrt(x)+19*%i+7*3^(3/2))*x^10+((190*sqrt(3)*%i+230)*sqrt(x)+2470*%i+190*sqrt(3))*x^9+((665*3^...
    #1 d=1 dl=1 seenp fb=false seenlen=0 seen=- out=1_1_3_4_r24 owner=- f=(B*x^3+A)/(sqrt(x)*(b*x^3+a))
    #2 d=2 dl=2 seenp fb=true seenlen=1 seen=- out=1_1_3_2_r71 owner=1_1_3_4_r24:fired f=1/(sqrt(x)*(b*x^3+a))
    #3 d=3 dl=3 seenp fb=true seenlen=2 seen=- out=1_1_3_1_r21 owner=1_1_3_2_r71:fired f=1/(b*x^6+a)
    #4 d=4 dl=4 seenp fb=true seenlen=3 seen=- out=1_2_1_2_r9 owner=1_1_3_1_r21:fired f=(a^(1/6)*(1/b)^(1/6)-cos((%pi*(2*k-1))/6)*x)/(x^2-2*a^(1/6)*(1/b)^(1/6)*cos((%pi*(2*k-1))/6)*x+a^(1/3)/b^(1/3)...
    #5 d=5 dl=5 seenp fb=true seenlen=4 seen=- out=1_2_1_1_r12 owner=1_2_1_2_r9:fired f=1/(x^2-2*a^(1/6)*(1/b)^(1/6)*cos((%pi*(2*k-1))/6)*x+a^(1/3)/b^(1/3))
    #6 d=6 dl=6 seenp fb=true seenlen=5 seen=- out=1_1_3_7_r45 owner=1_2_1_1_r12:fired f=-(b^(1/3)/(b^(1/3)*x^2-4*a^(1/3)*cos((%pi*(2*k-1))/6)^2+4*a^(1/3)))
    #7 d=7 dl=7 seenp fb=true seenlen=6 seen=- out=1_1_3_7_r45 owner=1_1_3_7_r45:fired f=-(b^(1/3)/(b^(1/3)*x^2-4*a^(1/3)*cos((%pi*k)/3-%pi/6)^2+4*a^(1/3)))
    #8 d=8 dl=8 seenp fb=true seenlen=7 seen=exact@#7(idx1,live=yes) out=fall-through:seen-hit owner=1_1_3_7_r45:fired f=-(b^(1/3)/(b^(1/3)*x^2-4*a^(1/3)*cos((%pi*k)/3-%pi/6)^2+4*a^(1/3)))
        matched elem=-(b^(1/3)/(b^(1/3)*x^2-4*a^(1/3)*cos((%pi*k)/3-%pi/6)^2+4*a^(1/3)))
    #9 d=5 dl=5 seenp fb=true seenlen=4 seen=- out=1_2_1_2_r3 owner=1_2_1_2_r9:fired f=(2*x-2*a^(1/6)*(1/b)^(1/6)*cos((%pi*(2*k-1))/6))/(x^2-2*a^(1/6)*(1/b)^(1/6)*cos((%pi*(2*k-1))/6)*x+a^(1/3)/b^(...
    #10 d=4 dl=4 seenp fb=true seenlen=3 seen=- out=1_2_1_2_r9 owner=1_1_3_1_r21:fired f=(cos((%pi*(2*k-1))/6)*x+a^(1/6)*(1/b)^(1/6))/(x^2+2*a^(1/6)*(1/b)^(1/6)*cos((%pi*(2*k-1))/6)*x+a^(1/3)/b^(1/3)...
    #11 d=5 dl=5 seenp fb=true seenlen=4 seen=- out=1_2_1_1_r12 owner=1_2_1_2_r9:fired f=1/(x^2+2*a^(1/6)*(1/b)^(1/6)*cos((%pi*(2*k-1))/6)*x+a^(1/3)/b^(1/3))
    #12 d=6 dl=6 seenp fb=true seenlen=5 seen=- out=1_1_3_7_r45 owner=1_2_1_1_r12:fired f=-(b^(1/3)/(b^(1/3)*x^2-4*a^(1/3)*cos((%pi*(2*k-1))/6)^2+4*a^(1/3)))
    #13 d=7 dl=7 seenp fb=true seenlen=6 seen=- out=1_1_3_7_r45 owner=1_1_3_7_r45:fired f=-(b^(1/3)/(b^(1/3)*x^2-4*a^(1/3)*cos((%pi*k)/3-%pi/6)^2+4*a^(1/3)))
    #14 d=8 dl=8 seenp fb=true seenlen=7 seen=exact@#13(idx1,live=yes) out=fall-through:seen-hit owner=1_1_3_7_r45:fired f=-(b^(1/3)/(b^(1/3)*x^2-4*a^(1/3)*cos((%pi*k)/3-%pi/6)^2+4*a^(1/3)))
        matched elem=-(b^(1/3)/(b^(1/3)*x^2-4*a^(1/3)*cos((%pi*k)/3-%pi/6)^2+4*a^(1/3)))
    #15 d=5 dl=5 seenp fb=true seenlen=4 seen=- out=1_2_1_2_r3 owner=1_2_1_2_r9:fired f=(2*x+2*a^(1/6)*(1/b)^(1/6)*cos((%pi*(2*k-1))/6))/(x^2+2*a^(1/6)*(1/b)^(1/6)*cos((%pi*(2*k-1))/6)*x+a^(1/3)/b^(...
    #16 d=4 dl=4 seenp fb=true seenlen=3 seen=- out=1_1_2_1_r10 owner=1_1_3_1_r21:fired f=1/(x^2+a^(1/3)/b^(1/3))
  [p0] class=verified t=0.7s L188 returned=yes t=0.638008 calls=3 ratsimp-hits=1 exact-hits=0 unexited=0 misfire/fault-lines=0 top=1_4_1_r34@pass1
    fires=1_1_3_3_r19,1_4_1_r34
    answer sha1=77b4eeacfd25 -((A*b*(sqrt(-b^(1/3))*b^(1/6)*(log(((2*b*sqrt(x)+3^(3/2)*a^(1/6)*b^(5/6)+a^(1/6)*sqrt(-b^(1/3))*b^(2/3))*x+(5*a^(1/3)*b^(2/3)+sqrt(3)*a^(1/3)*sqrt(-b^(1/3))*sq...
    #1 d=1 dl=1 p0-mr_top fb=false seenlen=0 seen=- out=1_4_1_r34@pass1 owner=- f=(B*x^3+A)/(sqrt(x)*(b*x^3+a))
    #2 d=2 dl=2 p0-mr_top fb=true seenlen=1 seen=- out=1_1_3_3_r19@pass1 owner=1_4_1_r34:fired f=(B*x^6+A)/(b*x^6+a)
    #3 d=3 dl=3 p0-mr_top fb=true seenlen=2 seen=ratsimp@#2(idx1,live=yes) out=fall-through:seen-hit owner=1_1_3_3_r19:fired f=(A*b-B*a)/(b*(b*x^6+a))+B/b
        matched elem=(B*x^6+A)/(b*x^6+a)

--- c1 g135 1 Algebraic functions/1.2 Trinomial products/1.2.1 Quadratic/1.2.1.6 (g+h x)^m (a+b x+c x^2)^p (d+e x+f x^2)^q.mac e79 (eq)
  [trace] class=timeout t=30.0s L140 returned=yes t=1.432019 calls=3 ratsimp-hits=1 exact-hits=0 unexited=0 misfire/fault-lines=0 top=1_2_1_5_r26
    fires=1_4_1_r18,1_2_1_5_r26
    answer sha1=00a72037a595 -((-((c*d^(3/2)*(c*x^2+b*x+a)^(1/4)*log((2*sqrt(-((b*sqrt(d))/sqrt(f))+(c*d)/f+a)*sqrt(c*x^2+b*x+a))/abs(4*f*x+4*sqrt(d)*sqrt(f))-(2*c*sqrt(d)*x)/(sqrt(f)*abs(4...
    #1 d=1 dl=1 seenp fb=false seenlen=0 seen=- out=1_2_1_5_r26 owner=- f=(x*sqrt(c*x^2+b*x+a))/(d-f*x^2)
    #2 d=2 dl=2 seenp fb=true seenlen=1 seen=- out=1_4_1_r18 owner=1_2_1_5_r26:fired f=(b*f*x^2+(2*a*f+2*c*d)*x+b*d)/(2*sqrt(c*x^2+b*x+a)*(d-f*x^2))
    #3 d=3 dl=3 seenp fb=true seenlen=2 seen=ratsimp@#2(idx1,live=yes) out=fall-through:seen-hit owner=1_4_1_r18:fired f=(b*f*x^2+(2*a*f+2*c*d)*x+b*d)/(sqrt(c*x^2+b*x+a)*(2*d-2*f*x^2))
        matched elem=(b*f*x^2+(2*a*f+2*c*d)*x+b*d)/(2*sqrt(c*x^2+b*x+a)*(d-f*x^2))
  [exact-only] class=timeout t=30.0s L140 returned=NO calls=8 ratsimp-hits=0 exact-hits=0 unexited=5 misfire/fault-lines=0 top=open
    fires=1_1_2_1_r13,1_2_1_1_r15,1_1_2_1_r13
    #1 d=1 dl=1 seenp fb=false seenlen=0 seen=- out=open owner=- f=(x*sqrt(c*x^2+b*x+a))/(d-f*x^2)
    #2 d=2 dl=2 seenp fb=true seenlen=1 seen=- out=open owner=- f=(b*f*x^2+(2*a*f+2*c*d)*x+b*d)/(2*sqrt(c*x^2+b*x+a)*(d-f*x^2))
    #3 d=3 dl=3 seenp fb=true seenlen=2 seen=- out=open owner=- f=(b*f*x^2+(2*a*f+2*c*d)*x+b*d)/(sqrt(c*x^2+b*x+a)*(2*d-2*f*x^2))
    #4 d=4 dl=4 seenp fb=true seenlen=3 seen=- out=1_2_1_1_r15 owner=- f=1/sqrt(c*x^2+b*x+a)
    #5 d=5 dl=5 seenp fb=true seenlen=4 seen=- out=1_1_2_1_r13 owner=1_2_1_1_r15:fired f=1/(4*c-x^2)
    #6 d=4 dl=4 seenp fb=true seenlen=3 seen=- out=open owner=- f=(-(2*f*(2*a*f+2*c*d)*x)-4*b*d*f)/(sqrt(c*x^2+b*x+a)*(2*d-2*f*x^2))
    #7 d=5 dl=5 seenp fb=true seenlen=4 seen=- out=open owner=- f=1/((-(2*f*x)-2*sqrt(d)*sqrt(f))*sqrt(c*x^2+b*x+a))
    #8 d=6 dl=6 seenp fb=true seenlen=5 seen=- out=1_1_2_1_r13 owner=- f=1/(-x^2+16*a*f^2-16*b*sqrt(d)*f^(3/2)+16*c*d*f)
  [p0] class=verified t=3.7s L140 returned=yes t=3.638051 calls=3 ratsimp-hits=0 exact-hits=1 unexited=0 misfire/fault-lines=0 top=1_4_2_r17@pass3
    fires=1_4_2_r17,1_4_2_r17
    answer sha1=c5473a69830f -((sqrt(f)*(-((sqrt(d)*sqrt(-((b*sqrt(d))/sqrt(f))+(c*d)/f+a)*log((2*sqrt(-((b*sqrt(d))/sqrt(f))+(c*d)/f+a)*sqrt(c*x^2+b*x+a))/abs(2*f*x+2*sqrt(d)*sqrt(f))-(2*c...
    #1 d=1 dl=1 p0-mr_top fb=false seenlen=0 seen=- out=1_4_2_r17@pass3 owner=- f=(x*sqrt(c*x^2+b*x+a))/(d-f*x^2)
    #2 d=2 dl=1 p0-mr_top fb=true seenlen=0 seen=- out=1_4_2_r17@pass1 owner=1_4_2_r17:fired f=(x*sqrt(c*x^2+b*x+a))/(d-f*x^2)
    #3 d=3 dl=2 p0-mr_top fb=true seenlen=1 seen=exact@#2(idx1,live=yes) out=fall-through:seen-hit owner=1_4_2_r17:fired f=(x*sqrt(c*x^2+b*x+a))/(d-f*x^2)
        matched elem=(x*sqrt(c*x^2+b*x+a))/(d-f*x^2)

--- c1 g135 1 Algebraic functions/1.2 Trinomial products/1.2.1 Quadratic/1.2.1.6 (g+h x)^m (a+b x+c x^2)^p (d+e x+f x^2)^q.mac e86 (eq)
  [trace] class=timeout t=30.0s L147 returned=yes t=1.640023 calls=3 ratsimp-hits=1 exact-hits=0 unexited=0 misfire/fault-lines=0 top=1_2_1_5_r26
    fires=1_4_1_r18,1_2_1_5_r26
    answer sha1=627b07bf8158 -((-((3*c*d^(3/2)*sqrt(-((b*sqrt(d))/sqrt(f))+(c*d)/f+a)*log((2*sqrt(-((b*sqrt(d))/sqrt(f))+(c*d)/f+a)*sqrt(c*x^2+b*x+a))/abs(4*f*x+4*sqrt(d)*sqrt(f))-(2*c*sqrt...
    #1 d=1 dl=1 seenp fb=false seenlen=0 seen=- out=1_2_1_5_r26 owner=- f=(x*(c*x^2+b*x+a)^(3/2))/(d-f*x^2)
    #2 d=2 dl=2 seenp fb=true seenlen=1 seen=- out=1_4_1_r18 owner=1_2_1_5_r26:fired f=(sqrt(c*x^2+b*x+a)*(3*b*f*x^2+(6*a*f+6*c*d)*x+3*b*d))/(2*(d-f*x^2))
    #3 d=3 dl=3 seenp fb=true seenlen=2 seen=ratsimp@#2(idx1,live=yes) out=fall-through:seen-hit owner=1_4_1_r18:fired f=(sqrt(c*x^2+b*x+a)*(3*b*f*x^2+(6*a*f+6*c*d)*x+3*b*d))/(2*d-2*f*x^2)
        matched elem=(sqrt(c*x^2+b*x+a)*(3*b*f*x^2+(6*a*f+6*c*d)*x+3*b*d))/(2*(d-f*x^2))
  [exact-only] class=timeout t=30.0s L147 returned=NO calls=9 ratsimp-hits=0 exact-hits=0 unexited=6 misfire/fault-lines=0 top=open
    fires=1_1_2_1_r13,1_2_1_1_r15,1_1_2_1_r13
    #1 d=1 dl=1 seenp fb=false seenlen=0 seen=- out=open owner=- f=(x*(c*x^2+b*x+a)^(3/2))/(d-f*x^2)
    #2 d=2 dl=2 seenp fb=true seenlen=1 seen=- out=open owner=- f=(sqrt(c*x^2+b*x+a)*(3*b*f*x^2+(6*a*f+6*c*d)*x+3*b*d))/(2*(d-f*x^2))
    #3 d=3 dl=3 seenp fb=true seenlen=2 seen=- out=open owner=- f=(sqrt(c*x^2+b*x+a)*(3*b*f*x^2+(6*a*f+6*c*d)*x+3*b*d))/(2*d-2*f*x^2)
    #4 d=4 dl=4 seenp fb=true seenlen=3 seen=- out=open owner=- f=(((3*b^3-36*a*b*c)*f^3-72*b*c^2*d*f^2)*x^2+(-(48*a^2*c*f^3)+(-(96*a*c^2)-48*b^2*c)*d*f^2-48*c^3*d^2*f)*x+(-(60...
    #5 d=5 dl=5 seenp fb=true seenlen=4 seen=- out=1_2_1_1_r15 owner=- f=1/sqrt(c*x^2+b*x+a)
    #6 d=6 dl=6 seenp fb=true seenlen=5 seen=- out=1_1_2_1_r13 owner=1_2_1_1_r15:fired f=1/(4*c-x^2)
    #7 d=5 dl=5 seenp fb=true seenlen=4 seen=- out=open owner=- f=(-(2*f*(-(48*a^2*c*f^3)-96*a*c^2*d*f^2-48*b^2*c*d*f^2-48*c^3*d^2*f)*x)-2*d*(-(36*a*b*c*f^3)+3*b^3*f^3-72*b*c^2...
    #8 d=6 dl=6 seenp fb=true seenlen=5 seen=- out=open owner=- f=1/((-(2*f*x)-2*sqrt(d)*sqrt(f))*sqrt(c*x^2+b*x+a))
    #9 d=7 dl=7 seenp fb=true seenlen=6 seen=- out=1_1_2_1_r13 owner=- f=1/(-x^2+16*a*f^2-16*b*sqrt(d)*f^(3/2)+16*c*d*f)
  [p0] class=verified t=3.8s L147 returned=yes t=3.739052 calls=3 ratsimp-hits=0 exact-hits=1 unexited=0 misfire/fault-lines=0 top=1_4_2_r17@pass3
    fires=1_4_2_r17,1_4_2_r17
    answer sha1=4f69d3b5e76d -((sqrt(f)*(-((sqrt(d)*(-((b*sqrt(d))/sqrt(f))+(c*d)/f+a)^(3/2)*log((2*sqrt(-((b*sqrt(d))/sqrt(f))+(c*d)/f+a)*sqrt(c*x^2+b*x+a))/abs(2*f*x+2*sqrt(d)*sqrt(f))-(2...
    #1 d=1 dl=1 p0-mr_top fb=false seenlen=0 seen=- out=1_4_2_r17@pass3 owner=- f=(x*(c*x^2+b*x+a)^(3/2))/(d-f*x^2)
    #2 d=2 dl=1 p0-mr_top fb=true seenlen=0 seen=- out=1_4_2_r17@pass1 owner=1_4_2_r17:fired f=(x*(c*x^2+b*x+a)^(3/2))/(d-f*x^2)
    #3 d=3 dl=2 p0-mr_top fb=true seenlen=1 seen=exact@#2(idx1,live=yes) out=fall-through:seen-hit owner=1_4_2_r17:fired f=(x*(c*x^2+b*x+a)^(3/2))/(d-f*x^2)
        matched elem=(x*(c*x^2+b*x+a)^(3/2))/(d-f*x^2)

--- c1 g151 1 Algebraic functions/1.1 Binomial products/1.1.3 General/1.1.3.2 (c x)^m (a+b x^n)^p.mac e1333 (eq)
  [trace] class=unverified t=10.7s L1494 returned=yes t=4.826067 calls=15 ratsimp-hits=0 exact-hits=2 unexited=0 misfire/fault-lines=0 top=1_1_3_2_r32
    fires=1_1_3_7_r45,1_1_3_7_r45,1_2_1_1_r12,1_2_1_2_r3,1_2_1_2_r9,1_1_3_7_r45,1_1_3_7_r45,1_2_1_1_r12,1_2_1_2_r3,1_2_1_2_r9,1_1_2_1_r10,1_1_3_2_r37,1_1_3_2_r32
    answer sha1=db87a11e1f1e (-((%i*(1/b)^(5/6)*log((x^3+(%i/2+3^(3/2)/2)*x^2+((sqrt(3)*%i)/2+5/2)*x+%i/2+sqrt(3)/2)/(x^3+((3*%i)/2+3^(3/2)/2)*x^2+((3^(3/2)*%i)/2+3/2)*x+%i)))/(12*a^(1/6)))...
    #1 d=1 dl=1 seenp fb=false seenlen=0 seen=- out=1_1_3_2_r32 owner=- f=x^4/(b*x^6+a)^2
    #2 d=2 dl=2 seenp fb=true seenlen=1 seen=- out=1_1_3_2_r37 owner=1_1_3_2_r32:fired f=x^4/(b*x^6+a)
    #3 d=3 dl=3 seenp fb=true seenlen=2 seen=- out=1_2_1_2_r9 owner=1_1_3_2_r37:fired f=(a^(1/6)*(1/b)^(1/6)*cos((2*%pi*(2*k-1))/3)-cos((5*%pi*(2*k-1))/6)*x)/(x^2-2*a^(1/6)*(1/b)^(1/6)*cos((%pi*(2*k...
    #4 d=4 dl=4 seenp fb=true seenlen=3 seen=- out=1_2_1_1_r12 owner=1_2_1_2_r9:fired f=1/(x^2-2*a^(1/6)*(1/b)^(1/6)*cos((%pi*(2*k-1))/6)*x+a^(1/3)/b^(1/3))
    #5 d=5 dl=5 seenp fb=true seenlen=4 seen=- out=1_1_3_7_r45 owner=1_2_1_1_r12:fired f=-(b^(1/3)/(b^(1/3)*x^2-4*a^(1/3)*cos((%pi*(2*k-1))/6)^2+4*a^(1/3)))
    #6 d=6 dl=6 seenp fb=true seenlen=5 seen=- out=1_1_3_7_r45 owner=1_1_3_7_r45:fired f=-(b^(1/3)/(b^(1/3)*x^2-4*a^(1/3)*cos((%pi*k)/3-%pi/6)^2+4*a^(1/3)))
    #7 d=7 dl=7 seenp fb=true seenlen=6 seen=exact@#6(idx1,live=yes) out=fall-through:seen-hit owner=1_1_3_7_r45:fired f=-(b^(1/3)/(b^(1/3)*x^2-4*a^(1/3)*cos((%pi*k)/3-%pi/6)^2+4*a^(1/3)))
        matched elem=-(b^(1/3)/(b^(1/3)*x^2-4*a^(1/3)*cos((%pi*k)/3-%pi/6)^2+4*a^(1/3)))
    #8 d=4 dl=4 seenp fb=true seenlen=3 seen=- out=1_2_1_2_r3 owner=1_2_1_2_r9:fired f=(2*x-2*a^(1/6)*(1/b)^(1/6)*cos((%pi*(2*k-1))/6))/(x^2-2*a^(1/6)*(1/b)^(1/6)*cos((%pi*(2*k-1))/6)*x+a^(1/3)/b^(...
    #9 d=3 dl=3 seenp fb=true seenlen=2 seen=- out=1_2_1_2_r9 owner=1_1_3_2_r37:fired f=(cos((5*%pi*(2*k-1))/6)*x+a^(1/6)*(1/b)^(1/6)*cos((2*%pi*(2*k-1))/3))/(x^2+2*a^(1/6)*(1/b)^(1/6)*cos((%pi*(2*k...
    #10 d=4 dl=4 seenp fb=true seenlen=3 seen=- out=1_2_1_1_r12 owner=1_2_1_2_r9:fired f=1/(x^2+2*a^(1/6)*(1/b)^(1/6)*cos((%pi*(2*k-1))/6)*x+a^(1/3)/b^(1/3))
    #11 d=5 dl=5 seenp fb=true seenlen=4 seen=- out=1_1_3_7_r45 owner=1_2_1_1_r12:fired f=-(b^(1/3)/(b^(1/3)*x^2-4*a^(1/3)*cos((%pi*(2*k-1))/6)^2+4*a^(1/3)))
    #12 d=6 dl=6 seenp fb=true seenlen=5 seen=- out=1_1_3_7_r45 owner=1_1_3_7_r45:fired f=-(b^(1/3)/(b^(1/3)*x^2-4*a^(1/3)*cos((%pi*k)/3-%pi/6)^2+4*a^(1/3)))
    #13 d=7 dl=7 seenp fb=true seenlen=6 seen=exact@#12(idx1,live=yes) out=fall-through:seen-hit owner=1_1_3_7_r45:fired f=-(b^(1/3)/(b^(1/3)*x^2-4*a^(1/3)*cos((%pi*k)/3-%pi/6)^2+4*a^(1/3)))
        matched elem=-(b^(1/3)/(b^(1/3)*x^2-4*a^(1/3)*cos((%pi*k)/3-%pi/6)^2+4*a^(1/3)))
    #14 d=4 dl=4 seenp fb=true seenlen=3 seen=- out=1_2_1_2_r3 owner=1_2_1_2_r9:fired f=(2*x+2*a^(1/6)*(1/b)^(1/6)*cos((%pi*(2*k-1))/6))/(x^2+2*a^(1/6)*(1/b)^(1/6)*cos((%pi*(2*k-1))/6)*x+a^(1/3)/b^(...
    #15 d=3 dl=3 seenp fb=true seenlen=2 seen=- out=1_1_2_1_r10 owner=1_1_3_2_r37:fired f=1/(x^2+a^(1/3)/b^(1/3))
  [exact-only] class=unverified t=10.6s L1494 returned=yes t=4.793067 calls=15 ratsimp-hits=0 exact-hits=2 unexited=0 misfire/fault-lines=0 top=1_1_3_2_r32
    fires=1_1_3_7_r45,1_1_3_7_r45,1_2_1_1_r12,1_2_1_2_r3,1_2_1_2_r9,1_1_3_7_r45,1_1_3_7_r45,1_2_1_1_r12,1_2_1_2_r3,1_2_1_2_r9,1_1_2_1_r10,1_1_3_2_r37,1_1_3_2_r32
    answer sha1=db87a11e1f1e (-((%i*(1/b)^(5/6)*log((x^3+(%i/2+3^(3/2)/2)*x^2+((sqrt(3)*%i)/2+5/2)*x+%i/2+sqrt(3)/2)/(x^3+((3*%i)/2+3^(3/2)/2)*x^2+((3^(3/2)*%i)/2+3/2)*x+%i)))/(12*a^(1/6)))...
    #1 d=1 dl=1 seenp fb=false seenlen=0 seen=- out=1_1_3_2_r32 owner=- f=x^4/(b*x^6+a)^2
    #2 d=2 dl=2 seenp fb=true seenlen=1 seen=- out=1_1_3_2_r37 owner=1_1_3_2_r32:fired f=x^4/(b*x^6+a)
    #3 d=3 dl=3 seenp fb=true seenlen=2 seen=- out=1_2_1_2_r9 owner=1_1_3_2_r37:fired f=(a^(1/6)*(1/b)^(1/6)*cos((2*%pi*(2*k-1))/3)-cos((5*%pi*(2*k-1))/6)*x)/(x^2-2*a^(1/6)*(1/b)^(1/6)*cos((%pi*(2*k...
    #4 d=4 dl=4 seenp fb=true seenlen=3 seen=- out=1_2_1_1_r12 owner=1_2_1_2_r9:fired f=1/(x^2-2*a^(1/6)*(1/b)^(1/6)*cos((%pi*(2*k-1))/6)*x+a^(1/3)/b^(1/3))
    #5 d=5 dl=5 seenp fb=true seenlen=4 seen=- out=1_1_3_7_r45 owner=1_2_1_1_r12:fired f=-(b^(1/3)/(b^(1/3)*x^2-4*a^(1/3)*cos((%pi*(2*k-1))/6)^2+4*a^(1/3)))
    #6 d=6 dl=6 seenp fb=true seenlen=5 seen=- out=1_1_3_7_r45 owner=1_1_3_7_r45:fired f=-(b^(1/3)/(b^(1/3)*x^2-4*a^(1/3)*cos((%pi*k)/3-%pi/6)^2+4*a^(1/3)))
    #7 d=7 dl=7 seenp fb=true seenlen=6 seen=exact@#6(idx1,live=yes) out=fall-through:seen-hit owner=1_1_3_7_r45:fired f=-(b^(1/3)/(b^(1/3)*x^2-4*a^(1/3)*cos((%pi*k)/3-%pi/6)^2+4*a^(1/3)))
        matched elem=-(b^(1/3)/(b^(1/3)*x^2-4*a^(1/3)*cos((%pi*k)/3-%pi/6)^2+4*a^(1/3)))
    #8 d=4 dl=4 seenp fb=true seenlen=3 seen=- out=1_2_1_2_r3 owner=1_2_1_2_r9:fired f=(2*x-2*a^(1/6)*(1/b)^(1/6)*cos((%pi*(2*k-1))/6))/(x^2-2*a^(1/6)*(1/b)^(1/6)*cos((%pi*(2*k-1))/6)*x+a^(1/3)/b^(...
    #9 d=3 dl=3 seenp fb=true seenlen=2 seen=- out=1_2_1_2_r9 owner=1_1_3_2_r37:fired f=(cos((5*%pi*(2*k-1))/6)*x+a^(1/6)*(1/b)^(1/6)*cos((2*%pi*(2*k-1))/3))/(x^2+2*a^(1/6)*(1/b)^(1/6)*cos((%pi*(2*k...
    #10 d=4 dl=4 seenp fb=true seenlen=3 seen=- out=1_2_1_1_r12 owner=1_2_1_2_r9:fired f=1/(x^2+2*a^(1/6)*(1/b)^(1/6)*cos((%pi*(2*k-1))/6)*x+a^(1/3)/b^(1/3))
    #11 d=5 dl=5 seenp fb=true seenlen=4 seen=- out=1_1_3_7_r45 owner=1_2_1_1_r12:fired f=-(b^(1/3)/(b^(1/3)*x^2-4*a^(1/3)*cos((%pi*(2*k-1))/6)^2+4*a^(1/3)))
    #12 d=6 dl=6 seenp fb=true seenlen=5 seen=- out=1_1_3_7_r45 owner=1_1_3_7_r45:fired f=-(b^(1/3)/(b^(1/3)*x^2-4*a^(1/3)*cos((%pi*k)/3-%pi/6)^2+4*a^(1/3)))
    #13 d=7 dl=7 seenp fb=true seenlen=6 seen=exact@#12(idx1,live=yes) out=fall-through:seen-hit owner=1_1_3_7_r45:fired f=-(b^(1/3)/(b^(1/3)*x^2-4*a^(1/3)*cos((%pi*k)/3-%pi/6)^2+4*a^(1/3)))
        matched elem=-(b^(1/3)/(b^(1/3)*x^2-4*a^(1/3)*cos((%pi*k)/3-%pi/6)^2+4*a^(1/3)))
    #14 d=4 dl=4 seenp fb=true seenlen=3 seen=- out=1_2_1_2_r3 owner=1_2_1_2_r9:fired f=(2*x+2*a^(1/6)*(1/b)^(1/6)*cos((%pi*(2*k-1))/6))/(x^2+2*a^(1/6)*(1/b)^(1/6)*cos((%pi*(2*k-1))/6)*x+a^(1/3)/b^(...
    #15 d=3 dl=3 seenp fb=true seenlen=2 seen=- out=1_1_2_1_r10 owner=1_1_3_2_r37:fired f=1/(x^2+a^(1/3)/b^(1/3))
  [p0] class=verified t=1.0s L1494 returned=yes t=0.909012 calls=2 ratsimp-hits=0 exact-hits=1 unexited=0 misfire/fault-lines=0 top=1_3_4_r1@pass1
    fires=1_3_4_r1
    answer sha1=b9ba15fabf0f -((b*x^6*(sqrt(-b^(1/3))*b^(2/3)*(log((2*b*x^3+(3^(3/2)*a^(1/6)*b^(5/6)+a^(1/6)*sqrt(-b^(1/3))*b^(2/3))*x^2+(5*a^(1/3)*b^(2/3)+sqrt(3)*a^(1/3)*sqrt(-b^(1/3))*sq...
    #1 d=1 dl=1 p0-mr_top fb=false seenlen=0 seen=- out=1_3_4_r1@pass1 owner=- f=x^4/(b*x^6+a)^2
    #2 d=2 dl=2 p0-mr_top fb=true seenlen=1 seen=exact@#1(idx1,live=yes) out=fall-through:seen-hit owner=1_3_4_r1:fired f=x^4/(b*x^6+a)^2
        matched elem=x^4/(b*x^6+a)^2

--- c1 g151 1 Algebraic functions/1.1 Binomial products/1.1.3 General/1.1.3.2 (c x)^m (a+b x^n)^p.mac e1339 (eq)
  [trace] class=unverified t=10.7s L1500 returned=yes t=4.872068 calls=16 ratsimp-hits=0 exact-hits=2 unexited=0 misfire/fault-lines=0 top=1_1_3_2_r32
    fires=1_1_3_7_r45,1_1_3_7_r45,1_2_1_1_r12,1_2_1_2_r3,1_2_1_2_r9,1_1_3_7_r45,1_1_3_7_r45,1_2_1_1_r12,1_2_1_2_r3,1_2_1_2_r9,1_1_2_1_r10,1_1_3_2_r37,1_1_3_2_r67,1_1_3_2_r32
    answer sha1=a8f739b9cc03 (7*(-((b*(-((%i*(1/b)^(5/6)*log((x^3+(%i/2+3^(3/2)/2)*x^2+((sqrt(3)*%i)/2+5/2)*x+%i/2+sqrt(3)/2)/(x^3+((3*%i)/2+3^(3/2)/2)*x^2+((3^(3/2)*%i)/2+3/2)*x+%i)))/(12*...
    #1 d=1 dl=1 seenp fb=false seenlen=0 seen=- out=1_1_3_2_r32 owner=- f=1/(x^2*(b*x^6+a)^2)
    #2 d=2 dl=2 seenp fb=true seenlen=1 seen=- out=1_1_3_2_r67 owner=1_1_3_2_r32:fired f=1/(x^2*(b*x^6+a))
    #3 d=3 dl=3 seenp fb=true seenlen=2 seen=- out=1_1_3_2_r37 owner=1_1_3_2_r67:fired f=x^4/(b*x^6+a)
    #4 d=4 dl=4 seenp fb=true seenlen=3 seen=- out=1_2_1_2_r9 owner=1_1_3_2_r37:fired f=(a^(1/6)*(1/b)^(1/6)*cos((2*%pi*(2*k-1))/3)-cos((5*%pi*(2*k-1))/6)*x)/(x^2-2*a^(1/6)*(1/b)^(1/6)*cos((%pi*(2*k...
    #5 d=5 dl=5 seenp fb=true seenlen=4 seen=- out=1_2_1_1_r12 owner=1_2_1_2_r9:fired f=1/(x^2-2*a^(1/6)*(1/b)^(1/6)*cos((%pi*(2*k-1))/6)*x+a^(1/3)/b^(1/3))
    #6 d=6 dl=6 seenp fb=true seenlen=5 seen=- out=1_1_3_7_r45 owner=1_2_1_1_r12:fired f=-(b^(1/3)/(b^(1/3)*x^2-4*a^(1/3)*cos((%pi*(2*k-1))/6)^2+4*a^(1/3)))
    #7 d=7 dl=7 seenp fb=true seenlen=6 seen=- out=1_1_3_7_r45 owner=1_1_3_7_r45:fired f=-(b^(1/3)/(b^(1/3)*x^2-4*a^(1/3)*cos((%pi*k)/3-%pi/6)^2+4*a^(1/3)))
    #8 d=8 dl=8 seenp fb=true seenlen=7 seen=exact@#7(idx1,live=yes) out=fall-through:seen-hit owner=1_1_3_7_r45:fired f=-(b^(1/3)/(b^(1/3)*x^2-4*a^(1/3)*cos((%pi*k)/3-%pi/6)^2+4*a^(1/3)))
        matched elem=-(b^(1/3)/(b^(1/3)*x^2-4*a^(1/3)*cos((%pi*k)/3-%pi/6)^2+4*a^(1/3)))
    #9 d=5 dl=5 seenp fb=true seenlen=4 seen=- out=1_2_1_2_r3 owner=1_2_1_2_r9:fired f=(2*x-2*a^(1/6)*(1/b)^(1/6)*cos((%pi*(2*k-1))/6))/(x^2-2*a^(1/6)*(1/b)^(1/6)*cos((%pi*(2*k-1))/6)*x+a^(1/3)/b^(...
    #10 d=4 dl=4 seenp fb=true seenlen=3 seen=- out=1_2_1_2_r9 owner=1_1_3_2_r37:fired f=(cos((5*%pi*(2*k-1))/6)*x+a^(1/6)*(1/b)^(1/6)*cos((2*%pi*(2*k-1))/3))/(x^2+2*a^(1/6)*(1/b)^(1/6)*cos((%pi*(2*k...
    #11 d=5 dl=5 seenp fb=true seenlen=4 seen=- out=1_2_1_1_r12 owner=1_2_1_2_r9:fired f=1/(x^2+2*a^(1/6)*(1/b)^(1/6)*cos((%pi*(2*k-1))/6)*x+a^(1/3)/b^(1/3))
    #12 d=6 dl=6 seenp fb=true seenlen=5 seen=- out=1_1_3_7_r45 owner=1_2_1_1_r12:fired f=-(b^(1/3)/(b^(1/3)*x^2-4*a^(1/3)*cos((%pi*(2*k-1))/6)^2+4*a^(1/3)))
    #13 d=7 dl=7 seenp fb=true seenlen=6 seen=- out=1_1_3_7_r45 owner=1_1_3_7_r45:fired f=-(b^(1/3)/(b^(1/3)*x^2-4*a^(1/3)*cos((%pi*k)/3-%pi/6)^2+4*a^(1/3)))
    #14 d=8 dl=8 seenp fb=true seenlen=7 seen=exact@#13(idx1,live=yes) out=fall-through:seen-hit owner=1_1_3_7_r45:fired f=-(b^(1/3)/(b^(1/3)*x^2-4*a^(1/3)*cos((%pi*k)/3-%pi/6)^2+4*a^(1/3)))
        matched elem=-(b^(1/3)/(b^(1/3)*x^2-4*a^(1/3)*cos((%pi*k)/3-%pi/6)^2+4*a^(1/3)))
    #15 d=5 dl=5 seenp fb=true seenlen=4 seen=- out=1_2_1_2_r3 owner=1_2_1_2_r9:fired f=(2*x+2*a^(1/6)*(1/b)^(1/6)*cos((%pi*(2*k-1))/6))/(x^2+2*a^(1/6)*(1/b)^(1/6)*cos((%pi*(2*k-1))/6)*x+a^(1/3)/b^(...
    #16 d=4 dl=4 seenp fb=true seenlen=3 seen=- out=1_1_2_1_r10 owner=1_1_3_2_r37:fired f=1/(x^2+a^(1/3)/b^(1/3))
  [exact-only] class=unverified t=10.3s L1500 returned=yes t=4.819066 calls=16 ratsimp-hits=0 exact-hits=2 unexited=0 misfire/fault-lines=0 top=1_1_3_2_r32
    fires=1_1_3_7_r45,1_1_3_7_r45,1_2_1_1_r12,1_2_1_2_r3,1_2_1_2_r9,1_1_3_7_r45,1_1_3_7_r45,1_2_1_1_r12,1_2_1_2_r3,1_2_1_2_r9,1_1_2_1_r10,1_1_3_2_r37,1_1_3_2_r67,1_1_3_2_r32
    answer sha1=a8f739b9cc03 (7*(-((b*(-((%i*(1/b)^(5/6)*log((x^3+(%i/2+3^(3/2)/2)*x^2+((sqrt(3)*%i)/2+5/2)*x+%i/2+sqrt(3)/2)/(x^3+((3*%i)/2+3^(3/2)/2)*x^2+((3^(3/2)*%i)/2+3/2)*x+%i)))/(12*...
    #1 d=1 dl=1 seenp fb=false seenlen=0 seen=- out=1_1_3_2_r32 owner=- f=1/(x^2*(b*x^6+a)^2)
    #2 d=2 dl=2 seenp fb=true seenlen=1 seen=- out=1_1_3_2_r67 owner=1_1_3_2_r32:fired f=1/(x^2*(b*x^6+a))
    #3 d=3 dl=3 seenp fb=true seenlen=2 seen=- out=1_1_3_2_r37 owner=1_1_3_2_r67:fired f=x^4/(b*x^6+a)
    #4 d=4 dl=4 seenp fb=true seenlen=3 seen=- out=1_2_1_2_r9 owner=1_1_3_2_r37:fired f=(a^(1/6)*(1/b)^(1/6)*cos((2*%pi*(2*k-1))/3)-cos((5*%pi*(2*k-1))/6)*x)/(x^2-2*a^(1/6)*(1/b)^(1/6)*cos((%pi*(2*k...
    #5 d=5 dl=5 seenp fb=true seenlen=4 seen=- out=1_2_1_1_r12 owner=1_2_1_2_r9:fired f=1/(x^2-2*a^(1/6)*(1/b)^(1/6)*cos((%pi*(2*k-1))/6)*x+a^(1/3)/b^(1/3))
    #6 d=6 dl=6 seenp fb=true seenlen=5 seen=- out=1_1_3_7_r45 owner=1_2_1_1_r12:fired f=-(b^(1/3)/(b^(1/3)*x^2-4*a^(1/3)*cos((%pi*(2*k-1))/6)^2+4*a^(1/3)))
    #7 d=7 dl=7 seenp fb=true seenlen=6 seen=- out=1_1_3_7_r45 owner=1_1_3_7_r45:fired f=-(b^(1/3)/(b^(1/3)*x^2-4*a^(1/3)*cos((%pi*k)/3-%pi/6)^2+4*a^(1/3)))
    #8 d=8 dl=8 seenp fb=true seenlen=7 seen=exact@#7(idx1,live=yes) out=fall-through:seen-hit owner=1_1_3_7_r45:fired f=-(b^(1/3)/(b^(1/3)*x^2-4*a^(1/3)*cos((%pi*k)/3-%pi/6)^2+4*a^(1/3)))
        matched elem=-(b^(1/3)/(b^(1/3)*x^2-4*a^(1/3)*cos((%pi*k)/3-%pi/6)^2+4*a^(1/3)))
    #9 d=5 dl=5 seenp fb=true seenlen=4 seen=- out=1_2_1_2_r3 owner=1_2_1_2_r9:fired f=(2*x-2*a^(1/6)*(1/b)^(1/6)*cos((%pi*(2*k-1))/6))/(x^2-2*a^(1/6)*(1/b)^(1/6)*cos((%pi*(2*k-1))/6)*x+a^(1/3)/b^(...
    #10 d=4 dl=4 seenp fb=true seenlen=3 seen=- out=1_2_1_2_r9 owner=1_1_3_2_r37:fired f=(cos((5*%pi*(2*k-1))/6)*x+a^(1/6)*(1/b)^(1/6)*cos((2*%pi*(2*k-1))/3))/(x^2+2*a^(1/6)*(1/b)^(1/6)*cos((%pi*(2*k...
    #11 d=5 dl=5 seenp fb=true seenlen=4 seen=- out=1_2_1_1_r12 owner=1_2_1_2_r9:fired f=1/(x^2+2*a^(1/6)*(1/b)^(1/6)*cos((%pi*(2*k-1))/6)*x+a^(1/3)/b^(1/3))
    #12 d=6 dl=6 seenp fb=true seenlen=5 seen=- out=1_1_3_7_r45 owner=1_2_1_1_r12:fired f=-(b^(1/3)/(b^(1/3)*x^2-4*a^(1/3)*cos((%pi*(2*k-1))/6)^2+4*a^(1/3)))
    #13 d=7 dl=7 seenp fb=true seenlen=6 seen=- out=1_1_3_7_r45 owner=1_1_3_7_r45:fired f=-(b^(1/3)/(b^(1/3)*x^2-4*a^(1/3)*cos((%pi*k)/3-%pi/6)^2+4*a^(1/3)))
    #14 d=8 dl=8 seenp fb=true seenlen=7 seen=exact@#13(idx1,live=yes) out=fall-through:seen-hit owner=1_1_3_7_r45:fired f=-(b^(1/3)/(b^(1/3)*x^2-4*a^(1/3)*cos((%pi*k)/3-%pi/6)^2+4*a^(1/3)))
        matched elem=-(b^(1/3)/(b^(1/3)*x^2-4*a^(1/3)*cos((%pi*k)/3-%pi/6)^2+4*a^(1/3)))
    #15 d=5 dl=5 seenp fb=true seenlen=4 seen=- out=1_2_1_2_r3 owner=1_2_1_2_r9:fired f=(2*x+2*a^(1/6)*(1/b)^(1/6)*cos((%pi*(2*k-1))/6))/(x^2+2*a^(1/6)*(1/b)^(1/6)*cos((%pi*(2*k-1))/6)*x+a^(1/3)/b^(...
    #16 d=4 dl=4 seenp fb=true seenlen=3 seen=- out=1_1_2_1_r10 owner=1_1_3_2_r37:fired f=1/(x^2+a^(1/3)/b^(1/3))
  [p0] class=verified t=0.9s L1500 returned=yes t=0.878012 calls=2 ratsimp-hits=0 exact-hits=1 unexited=0 misfire/fault-lines=0 top=1_3_4_r1@pass1
    fires=1_3_4_r1
    answer sha1=a48d7cadf928 (b*x^7*(sqrt(-b^(1/3))*b^(2/3)*(7*log((2*b*x^3+(3^(3/2)*a^(1/6)*b^(5/6)+a^(1/6)*sqrt(-b^(1/3))*b^(2/3))*x^2+(5*a^(1/3)*b^(2/3)+sqrt(3)*a^(1/3)*sqrt(-b^(1/3))*sq...
    #1 d=1 dl=1 p0-mr_top fb=false seenlen=0 seen=- out=1_3_4_r1@pass1 owner=- f=1/(x^2*(b*x^6+a)^2)
    #2 d=2 dl=2 p0-mr_top fb=true seenlen=1 seen=exact@#1(idx1,live=yes) out=fall-through:seen-hit owner=1_3_4_r1:fired f=1/(x^2*(b*x^6+a)^2)
        matched elem=1/(x^2*(b*x^6+a)^2)

--- c1 g155 1 Algebraic functions/1.2 Trinomial products/1.2.1 Quadratic/1.2.1.3 (d+e x)^m (f+g x) (a+b x+c x^2)^p.mac e500 (eq)
  [trace] class=unverified t=0.3s L563 returned=yes t=0.259004 calls=4 ratsimp-hits=1 exact-hits=0 unexited=0 misfire/fault-lines=0 top=1_4_1_r7
    fires=1_4_1_r18,1_1_2_2_r39,1_4_1_r7
    answer sha1=d1c865da28ba ('integrate(x^(m+1)/(1/a-a*x^2)^2,x))/a+(hypergeometric([2,(m+1)/2],[(m+1)/2+1],a^2*x^2)*x^(m+1))/(m+1)
    #1 d=1 dl=1 seenp fb=false seenlen=0 seen=- out=1_4_1_r7 owner=- f=(a*x^(m+1))/(1-a^2*x^2)^2+x^m/(1-a^2*x^2)^2
    #2 d=2 dl=2 seenp fb=true seenlen=1 seen=- out=1_4_1_r18 owner=1_4_1_r7:fired f=(a*x^(m+1))/(1-a^2*x^2)^2
    #3 d=3 dl=3 seenp fb=true seenlen=2 seen=ratsimp@#2(idx1,live=yes) out=fall-through:seen-hit owner=1_4_1_r18:fired f=x^(m+1)/(a*(1/a-a*x^2)^2)
        matched elem=(a*x^(m+1))/(1-a^2*x^2)^2
    #4 d=2 dl=2 seenp fb=true seenlen=1 seen=- out=1_1_2_2_r39 owner=1_4_1_r7:fired f=x^m/(1-a^2*x^2)^2
  [exact-only] class=unverified t=0.5s L563 returned=yes t=0.462006 calls=5 ratsimp-hits=0 exact-hits=1 unexited=0 misfire/fault-lines=0 top=1_4_1_r7
    fires=1_4_1_r18,1_4_1_r18,1_1_2_2_r39,1_4_1_r7
    answer sha1=8e0033ec7f68 a*'integrate(x^(m+1)/(1-a^2*x^2)^2,x)+(hypergeometric([2,(m+1)/2],[(m+1)/2+1],a^2*x^2)*x^(m+1))/(m+1)
    #1 d=1 dl=1 seenp fb=false seenlen=0 seen=- out=1_4_1_r7 owner=- f=(a*x^(m+1))/(1-a^2*x^2)^2+x^m/(1-a^2*x^2)^2
    #2 d=2 dl=2 seenp fb=true seenlen=1 seen=- out=1_4_1_r18 owner=1_4_1_r7:fired f=(a*x^(m+1))/(1-a^2*x^2)^2
    #3 d=3 dl=3 seenp fb=true seenlen=2 seen=- out=1_4_1_r18 owner=1_4_1_r18:fired f=x^(m+1)/(a*(1/a-a*x^2)^2)
    #4 d=4 dl=4 seenp fb=true seenlen=3 seen=exact@#2(idx2,live=yes) out=fall-through:seen-hit owner=1_4_1_r18:fired f=(a*x^(m+1))/(1-a^2*x^2)^2
        matched elem=(a*x^(m+1))/(1-a^2*x^2)^2
    #5 d=2 dl=2 seenp fb=true seenlen=1 seen=- out=1_1_2_2_r39 owner=1_4_1_r7:fired f=x^m/(1-a^2*x^2)^2
  [p0] class=verified t=1.1s L563 returned=yes t=1.038014 calls=5 ratsimp-hits=0 exact-hits=2 unexited=0 misfire/fault-lines=0 top=1_4_1_r7@pass1
    fires=1_4_2_r25,1_4_2_r6,1_4_1_r7
    answer sha1=fbec7e96a92f a*'integrate(x^(m+1)/(1-a^2*x^2)^2,x)+'integrate(x^m/(1-a^2*x^2)^2,x)
    #1 d=1 dl=1 p0-mr_top fb=false seenlen=0 seen=- out=1_4_1_r7@pass1 owner=- f=(a*x^(m+1))/(1-a^2*x^2)^2+x^m/(1-a^2*x^2)^2
    #2 d=2 dl=2 p0-mr_top fb=true seenlen=1 seen=- out=1_4_2_r25@pass1 owner=1_4_1_r7:fired f=(a*x^(m+1))/(1-a^2*x^2)^2
    #3 d=3 dl=3 p0-mr_top fb=true seenlen=2 seen=exact@#2(idx1,live=yes) out=fall-through:seen-hit owner=1_4_2_r25:fired f=(a*x^(m+1))/(1-a^2*x^2)^2
        matched elem=(a*x^(m+1))/(1-a^2*x^2)^2
    #4 d=2 dl=2 p0-mr_top fb=true seenlen=1 seen=- out=1_4_2_r6@pass1 owner=1_4_1_r7:fired f=x^m/(1-a^2*x^2)^2
    #5 d=3 dl=3 p0-mr_top fb=true seenlen=2 seen=exact@#4(idx1,live=yes) out=fall-through:seen-hit owner=1_4_2_r6:fired f=x^m/(1-a^2*x^2)^2
        matched elem=x^m/(1-a^2*x^2)^2

--- c1 g155 1 Algebraic functions/1.3 Miscellaneous/1.3.2 Algebraic functions.mac e234 (eq)
  [trace] class=unverified t=0.4s L337 returned=yes t=0.388005 calls=5 ratsimp-hits=1 exact-hits=0 unexited=0 misfire/fault-lines=0 top=1_4_1_r7
    fires=1_4_1_r18,1_1_3_2_r107,1_4_1_r43,1_4_1_r7
    answer sha1=2258fbe78c28 ('integrate(sqrt(a*x^(2*n))/(x^n*sqrt(x^n+1)),x))/(n/2+1)+(hypergeometric([1/2,(n+1)/n],[(n+1)/n+1],-x^n)*x*sqrt(a*x^(2*n)))/(n+1)
    #1 d=1 dl=1 seenp fb=false seenlen=0 seen=- out=1_4_1_r7 owner=- f=(2*sqrt(a*x^(2*n)))/((n+2)*x^n*sqrt(x^n+1))+sqrt(a*x^(2*n))/sqrt(x^n+1)
    #2 d=2 dl=2 seenp fb=true seenlen=1 seen=- out=1_4_1_r18 owner=1_4_1_r7:fired f=(2*sqrt(a*x^(2*n)))/((n+2)*x^n*sqrt(x^n+1))
    #3 d=3 dl=3 seenp fb=true seenlen=2 seen=ratsimp@#2(idx1,live=yes) out=fall-through:seen-hit owner=1_4_1_r18:fired f=sqrt(a*x^(2*n))/((n/2+1)*x^n*sqrt(x^n+1))
        matched elem=(2*sqrt(a*x^(2*n)))/((n+2)*x^n*sqrt(x^n+1))
    #4 d=2 dl=2 seenp fb=true seenlen=1 seen=- out=1_4_1_r43 owner=1_4_1_r7:fired f=sqrt(a*x^(2*n))/sqrt(x^n+1)
    #5 d=3 dl=3 seenp fb=true seenlen=2 seen=- out=1_1_3_2_r107 owner=1_4_1_r43:fired f=x^n/sqrt(x^n+1)
  [exact-only] class=unverified t=1.9s L337 returned=yes t=1.890027 calls=7 ratsimp-hits=0 exact-hits=0 unexited=0 misfire/fault-lines=0 top=1_4_1_r7
    fires=1_1_3_1_r57,1_4_1_r23,1_4_1_r43,1_4_1_r18,1_1_3_2_r107,1_4_1_r43,1_4_1_r7
    answer sha1=776bee5db090 (hypergeometric([1/2,1/n],[(n+1)/n],-x^n)*x^(1-n)*sqrt(a*x^(2*n)))/(n/2+1)+(hypergeometric([1/2,(n+1)/n],[(n+1)/n+1],-x^n)*x*sqrt(a*x^(2*n)))/(n+1)
    #1 d=1 dl=1 seenp fb=false seenlen=0 seen=- out=1_4_1_r7 owner=- f=(2*sqrt(a*x^(2*n)))/((n+2)*x^n*sqrt(x^n+1))+sqrt(a*x^(2*n))/sqrt(x^n+1)
    #2 d=2 dl=2 seenp fb=true seenlen=1 seen=- out=1_4_1_r18 owner=1_4_1_r7:fired f=(2*sqrt(a*x^(2*n)))/((n+2)*x^n*sqrt(x^n+1))
    #3 d=3 dl=3 seenp fb=true seenlen=2 seen=- out=1_4_1_r43 owner=1_4_1_r18:fired f=sqrt(a*x^(2*n))/((n/2+1)*x^n*sqrt(x^n+1))
    #4 d=4 dl=4 seenp fb=true seenlen=3 seen=- out=1_4_1_r23 owner=1_4_1_r43:fired f=1/((n/2+1)*sqrt(x^n+1))
    #5 d=5 dl=5 seenp fb=true seenlen=4 seen=- out=1_1_3_1_r57 owner=1_4_1_r23:fired f=1/sqrt(x^n+1)
    #6 d=2 dl=2 seenp fb=true seenlen=1 seen=- out=1_4_1_r43 owner=1_4_1_r7:fired f=sqrt(a*x^(2*n))/sqrt(x^n+1)
    #7 d=3 dl=3 seenp fb=true seenlen=2 seen=- out=1_1_3_2_r107 owner=1_4_1_r43:fired f=x^n/sqrt(x^n+1)
  [p0] class=verified t=2.9s L337 returned=yes t=2.903041 calls=8 ratsimp-hits=0 exact-hits=2 unexited=0 misfire/fault-lines=0 top=1_4_1_r7@pass1
    fires=1_1_3_1_r68,1_4_1_r23,9_1_r16,1_1_3_2_r110,9_1_r16,1_4_1_r7
    answer sha1=b0cf267c9a5b (sqrt(a*x^(2*n))*'integrate(x^n/sqrt(x^n+1),x))/x^n+(2*sqrt(a*x^(2*n))*'integrate(1/sqrt(x^n+1),x))/((n+2)*x^n)
    #1 d=1 dl=1 p0-mr_top fb=false seenlen=0 seen=- out=1_4_1_r7@pass1 owner=- f=(2*sqrt(a*x^(2*n)))/((n+2)*x^n*sqrt(x^n+1))+sqrt(a*x^(2*n))/sqrt(x^n+1)
    #2 d=2 dl=2 p0-mr_top fb=true seenlen=1 seen=- out=9_1_r16@pass1 owner=1_4_1_r7:fired f=(2*sqrt(a*x^(2*n)))/((n+2)*x^n*sqrt(x^n+1))
    #3 d=3 dl=2 p0-hybrid-alg fb=true seenlen=2 seen=- out=1_4_1_r23@pass1 owner=9_1_r16:fired f=2/((n+2)*sqrt(x^n+1))
    #4 d=4 dl=4 p0-mr_top fb=true seenlen=3 seen=- out=1_1_3_1_r68@pass1 owner=1_4_1_r23:fired f=1/sqrt(x^n+1)
    #5 d=5 dl=5 p0-mr_top fb=true seenlen=4 seen=exact@#4(idx1,live=yes) out=fall-through:seen-hit owner=1_1_3_1_r68:fired f=1/sqrt(x^n+1)
        matched elem=1/sqrt(x^n+1)
    #6 d=2 dl=2 p0-mr_top fb=true seenlen=1 seen=- out=9_1_r16@pass1 owner=1_4_1_r7:fired f=sqrt(a*x^(2*n))/sqrt(x^n+1)
    #7 d=3 dl=2 p0-hybrid-alg fb=true seenlen=2 seen=- out=1_1_3_2_r110@pass2 owner=9_1_r16:fired f=x^n/sqrt(x^n+1)
    #8 d=4 dl=4 p0-mr_top fb=true seenlen=3 seen=exact@#7(idx1,live=yes) out=fall-through:seen-hit owner=1_1_3_2_r110:fired f=x^n/sqrt(x^n+1)
        matched elem=x^n/sqrt(x^n+1)

--- c1 g186 1 Algebraic functions/1.1 Binomial products/1.1.1 Linear/1.1.1.5 P(x) (a+b x)^m (c+d x)^n.mac e29 (eq)
  [trace] class=deferred t=1.5s L42 returned=yes t=1.453021 calls=2 ratsimp-hits=1 exact-hits=0 unexited=0 misfire/fault-lines=0 top=1_1_1_5_r5
    fires=1_1_1_5_r5
    answer sha1=a95a8ce321e6 'integrate((D*x^3*(d*x+c)^n)/(b*x+a)+(C*x^2*(d*x+c)^n)/(b*x+a)+(B*x*(d*x+c)^n)/(b*x+a)+(A*(d*x+c)^n)/(b*x+a),x)
    #1 d=1 dl=1 seenp fb=false seenlen=0 seen=- out=1_1_1_5_r5 owner=- f=((d*x+c)^n*(D*x^3+C*x^2+B*x+A))/(b*x+a)
    #2 d=2 dl=2 seenp fb=true seenlen=1 seen=ratsimp@#1(idx1,live=yes) out=fall-through:seen-hit owner=1_1_1_5_r5:fired f=(D*x^3*(d*x+c)^n)/(b*x+a)+(C*x^2*(d*x+c)^n)/(b*x+a)+(B*x*(d*x+c)^n)/(b*x+a)+(A*(d*x+c)^n)/(b*x+a)
        matched elem=((d*x+c)^n*(D*x^3+C*x^2+B*x+A))/(b*x+a)
  [exact-only] class=unverified t=3.8s L42 returned=yes t=3.742052 calls=13 ratsimp-hits=0 exact-hits=2 unexited=0 misfire/fault-lines=0 top=1_1_1_5_r5
    fires=1_1_1_3_r17,1_4_1_r18,1_1_1_3_r17,1_4_1_r18,1_1_1_2_r37,1_1_1_3_r8,1_4_1_r18,1_1_1_2_r37,1_4_1_r18,1_4_1_r7,1_1_1_5_r5
    answer sha1=a19b02ab8440 'integrate((x^3*(d*x+c)^n)/((b*x)/D+a/D),x)+'integrate((x^2*(d*x+c)^n)/((b*x)/C+a/C),x)-(hypergeometric([1,n+1],[n+2],-((b*(d*x+c))/(B*((a*d)/B-(b*c)/B))))*a*(d...
    #1 d=1 dl=1 seenp fb=false seenlen=0 seen=- out=1_1_1_5_r5 owner=- f=((d*x+c)^n*(D*x^3+C*x^2+B*x+A))/(b*x+a)
    #2 d=2 dl=2 seenp fb=true seenlen=1 seen=- out=1_4_1_r7 owner=1_1_1_5_r5:fired f=(D*x^3*(d*x+c)^n)/(b*x+a)+(C*x^2*(d*x+c)^n)/(b*x+a)+(B*x*(d*x+c)^n)/(b*x+a)+(A*(d*x+c)^n)/(b*x+a)
    #3 d=3 dl=3 seenp fb=true seenlen=2 seen=- out=1_4_1_r18 owner=1_4_1_r7:fired f=(D*x^3*(d*x+c)^n)/(b*x+a)
    #4 d=4 dl=4 seenp fb=true seenlen=3 seen=- out=1_1_1_3_r17 owner=1_4_1_r18:fired f=(x^3*(d*x+c)^n)/((b*x)/D+a/D)
    #5 d=5 dl=5 seenp fb=true seenlen=4 seen=exact@#4(idx1,live=yes) out=fall-through:seen-hit owner=1_1_1_3_r17:fired f=(x^3*(d*x+c)^n)/((b*x)/D+a/D)
        matched elem=(x^3*(d*x+c)^n)/((b*x)/D+a/D)
    #6 d=3 dl=3 seenp fb=true seenlen=2 seen=- out=1_4_1_r18 owner=1_4_1_r7:fired f=(C*x^2*(d*x+c)^n)/(b*x+a)
    #7 d=4 dl=4 seenp fb=true seenlen=3 seen=- out=1_1_1_3_r17 owner=1_4_1_r18:fired f=(x^2*(d*x+c)^n)/((b*x)/C+a/C)
    #8 d=5 dl=5 seenp fb=true seenlen=4 seen=exact@#7(idx1,live=yes) out=fall-through:seen-hit owner=1_1_1_3_r17:fired f=(x^2*(d*x+c)^n)/((b*x)/C+a/C)
        matched elem=(x^2*(d*x+c)^n)/((b*x)/C+a/C)
    #9 d=3 dl=3 seenp fb=true seenlen=2 seen=- out=1_4_1_r18 owner=1_4_1_r7:fired f=(B*x*(d*x+c)^n)/(b*x+a)
    #10 d=4 dl=4 seenp fb=true seenlen=3 seen=- out=1_1_1_3_r8 owner=1_4_1_r18:fired f=(x*(d*x+c)^n)/((b*x)/B+a/B)
    #11 d=5 dl=5 seenp fb=true seenlen=4 seen=- out=1_1_1_2_r37 owner=1_1_1_3_r8:fired f=(d*x+c)^n/((b*x)/B+a/B)
    #12 d=3 dl=3 seenp fb=true seenlen=2 seen=- out=1_4_1_r18 owner=1_4_1_r7:fired f=(A*(d*x+c)^n)/(b*x+a)
    #13 d=4 dl=4 seenp fb=true seenlen=3 seen=- out=1_1_1_2_r37 owner=1_4_1_r18:fired f=(d*x+c)^n/((b*x)/A+a/A)
  [p0] class=verified t=2.7s L42 returned=yes t=2.648036 calls=2 ratsimp-hits=0 exact-hits=0 unexited=0 misfire/fault-lines=0 top=1_1_1_5_r8@pass1
    fires=1_1_1_5_r8
    answer sha1=00fdba34c7f6 ('integrate(((d*x+c)^n*(C*b*d^3*n*x^2-D*a*d^3*n*x^2-2*D*b*c*d^2*n*x^2+3*C*b*d^3*x^2-3*D*a*d^3*x^2-6*D*b*c*d^2*x^2+B*b*d^3*n*x-2*D*a*c*d^2*n*x-D*b*c^2*d*n*x+3*B*...
    #1 d=1 dl=1 p0-mr_top fb=false seenlen=0 seen=- out=1_1_1_5_r8@pass1 owner=- f=((d*x+c)^n*(D*x^3+C*x^2+B*x+A))/(b*x+a)
    #2 d=2 dl=2 p0-mr_top fb=true seenlen=1 seen=- out=fall-through:nofire owner=1_1_1_5_r8:fired f=((d*x+c)^n*(C*b*d^3*n*x^2-D*a*d^3*n*x^2-2*D*b*c*d^2*n*x^2+3*C*b*d^3*x^2-3*D*a*d^3*x^2-6*D*b*c*d^2*x^2+B*b*d^3*...

--- c1 g187 1 Algebraic functions/1.1 Binomial products/1.1.2 Quadratic/1.1.2.8 P(x) (c x)^m (a+b x^2)^p.mac e61 (eq)
  [trace] class=deferred t=1.3s L98 returned=yes t=1.306018 calls=2 ratsimp-hits=1 exact-hits=0 unexited=0 misfire/fault-lines=0 top=1_1_2_11_r3
    fires=1_1_2_11_r3
    answer sha1=247a43bd9407 'integrate((C*x^2*(c*x)^m)/(b*x^2+a)+(B*x*(c*x)^m)/(b*x^2+a)+(A*(c*x)^m)/(b*x^2+a),x)
    #1 d=1 dl=1 seenp fb=false seenlen=0 seen=- out=1_1_2_11_r3 owner=- f=((c*x)^m*(C*x^2+B*x+A))/(b*x^2+a)
    #2 d=2 dl=2 seenp fb=true seenlen=1 seen=ratsimp@#1(idx1,live=yes) out=fall-through:seen-hit owner=1_1_2_11_r3:fired f=(C*x^2*(c*x)^m)/(b*x^2+a)+(B*x*(c*x)^m)/(b*x^2+a)+(A*(c*x)^m)/(b*x^2+a)
        matched elem=((c*x)^m*(C*x^2+B*x+A))/(b*x^2+a)
  [exact-only] class=unverified t=2.9s L98 returned=yes t=2.87304 calls=10 ratsimp-hits=0 exact-hits=0 unexited=0 misfire/fault-lines=0 top=1_1_2_11_r3
    fires=1_1_2_2_r39,1_1_2_9_r2,1_4_1_r18,1_1_2_2_r39,1_1_2_9_r2,1_4_1_r18,1_1_2_2_r39,1_4_1_r18,1_4_1_r7,1_1_2_11_r3
    answer sha1=81989cd805ec (hypergeometric([1,(m+3)/2],[(m+3)/2+1],-((b*x^2)/a))*C*(c*x)^(m+3))/(a*c^3*(m+3))+(hypergeometric([1,(m+2)/2],[(m+2)/2+1],-((b*x^2)/a))*B*(c*x)^(m+2))/(a*c^2*(...
    #1 d=1 dl=1 seenp fb=false seenlen=0 seen=- out=1_1_2_11_r3 owner=- f=((c*x)^m*(C*x^2+B*x+A))/(b*x^2+a)
    #2 d=2 dl=2 seenp fb=true seenlen=1 seen=- out=1_4_1_r7 owner=1_1_2_11_r3:fired f=(C*x^2*(c*x)^m)/(b*x^2+a)+(B*x*(c*x)^m)/(b*x^2+a)+(A*(c*x)^m)/(b*x^2+a)
    #3 d=3 dl=3 seenp fb=true seenlen=2 seen=- out=1_4_1_r18 owner=1_4_1_r7:fired f=(C*x^2*(c*x)^m)/(b*x^2+a)
    #4 d=4 dl=4 seenp fb=true seenlen=3 seen=- out=1_1_2_9_r2 owner=1_4_1_r18:fired f=(x^2*(c*x)^m)/((b*x^2)/C+a/C)
    #5 d=5 dl=5 seenp fb=true seenlen=4 seen=- out=1_1_2_2_r39 owner=1_1_2_9_r2:fired f=(c*x)^(m+2)/((b*x^2)/C+a/C)
    #6 d=3 dl=3 seenp fb=true seenlen=2 seen=- out=1_4_1_r18 owner=1_4_1_r7:fired f=(B*x*(c*x)^m)/(b*x^2+a)
    #7 d=4 dl=4 seenp fb=true seenlen=3 seen=- out=1_1_2_9_r2 owner=1_4_1_r18:fired f=(x*(c*x)^m)/((b*x^2)/B+a/B)
    #8 d=5 dl=5 seenp fb=true seenlen=4 seen=- out=1_1_2_2_r39 owner=1_1_2_9_r2:fired f=(c*x)^(m+1)/((b*x^2)/B+a/B)
    #9 d=3 dl=3 seenp fb=true seenlen=2 seen=- out=1_4_1_r18 owner=1_4_1_r7:fired f=(A*(c*x)^m)/(b*x^2+a)
    #10 d=4 dl=4 seenp fb=true seenlen=3 seen=- out=1_1_2_2_r39 owner=1_4_1_r18:fired f=(c*x)^m/((b*x^2)/A+a/A)
  [p0] class=verified t=5.5s L98 returned=yes t=5.430076 calls=9 ratsimp-hits=1 exact-hits=2 unexited=0 misfire/fault-lines=0 top=1_2_1_9b_r5@pass2
    fires=1_2_1_9b_r5,1_1_2_3_r1,1_2_1_9b_r1,1_2_1_9b_r5,1_4_1_r7,1_2_1_9b_r5
    answer sha1=f5c8af586f17 (B*'integrate((c*x)^(m+1)/(b*x^2+a),x))/c+A*'integrate((c*x)^m/(b*x^2+a),x)+(C*(c*x)^m*'integrate(x^(m+2)/(b*x^2+a),x))/x^m
    #1 d=1 dl=1 p0-mr_top fb=false seenlen=0 seen=- out=1_2_1_9b_r5@pass2 owner=- f=((c*x)^m*(C*x^2+B*x+A))/(b*x^2+a)
    #2 d=2 dl=1 p0-mr_top fb=true seenlen=0 seen=- out=1_4_1_r7@pass1 owner=1_2_1_9b_r5:fired f=(C*x^2*(c*x)^m)/(b*x^2+a)+(B*x*(c*x)^m)/(b*x^2+a)+(A*(c*x)^m)/(b*x^2+a)
    #3 d=3 dl=2 p0-mr_top fb=true seenlen=1 seen=- out=1_1_2_3_r1@pass1 owner=1_4_1_r7:fired f=(C*x^2*(c*x)^m)/(b*x^2+a)
    #4 d=4 dl=3 p0-mr_top fb=true seenlen=2 seen=- out=1_2_1_9b_r5@pass1 owner=1_1_2_3_r1:fired f=(C*x^(m+2))/(b*x^2+a)
    #5 d=5 dl=4 p0-mr_top fb=true seenlen=3 seen=exact@#4(idx1,live=yes) out=fall-through:seen-hit owner=1_2_1_9b_r5:fired f=(C*x^(m+2))/(b*x^2+a)
        matched elem=(C*x^(m+2))/(b*x^2+a)
    #6 d=3 dl=2 p0-mr_top fb=true seenlen=1 seen=- out=1_2_1_9b_r1@pass1 owner=1_4_1_r7:fired f=(B*x*(c*x)^m)/(b*x^2+a)
    #7 d=4 dl=3 p0-mr_top fb=true seenlen=2 seen=ratsimp@#6(idx1,live=yes) out=fall-through:seen-hit owner=1_2_1_9b_r1:fired f=(B*(c*x)^(m+1))/(c*(b*x^2+a))
        matched elem=(B*x*(c*x)^m)/(b*x^2+a)
    #8 d=3 dl=2 p0-mr_top fb=true seenlen=1 seen=- out=1_2_1_9b_r5@pass1 owner=1_4_1_r7:fired f=(A*(c*x)^m)/(b*x^2+a)
    #9 d=4 dl=3 p0-mr_top fb=true seenlen=2 seen=exact@#8(idx1,live=yes) out=fall-through:seen-hit owner=1_2_1_9b_r5:fired f=(A*(c*x)^m)/(b*x^2+a)
        matched elem=(A*(c*x)^m)/(b*x^2+a)

--- c1 g188 1 Algebraic functions/1.2 Trinomial products/1.2.1 Quadratic/1.2.1.4 (d+e x)^m (f+g x)^n (a+b x+c x^2)^p.mac e611 (eq)
  [trace] class=deferred t=0.3s L786 returned=yes t=0.299004 calls=2 ratsimp-hits=1 exact-hits=0 unexited=0 misfire/fault-lines=0 top=1_1_2_9_r23
    fires=1_1_2_9_r23
    answer sha1=4f02d041546d 'integrate((e*x)/(sqrt(e*x+d)*sqrt(g*x+f)*(c*x^2+a))+d/(sqrt(e*x+d)*sqrt(g*x+f)*(c*x^2+a)),x)
    #1 d=1 dl=1 seenp fb=false seenlen=0 seen=- out=1_1_2_9_r23 owner=- f=sqrt(e*x+d)/(sqrt(g*x+f)*(c*x^2+a))
    #2 d=2 dl=2 seenp fb=true seenlen=1 seen=ratsimp@#1(idx1,live=yes) out=fall-through:seen-hit owner=1_1_2_9_r23:fired f=(e*x)/(sqrt(e*x+d)*sqrt(g*x+f)*(c*x^2+a))+d/(sqrt(e*x+d)*sqrt(g*x+f)*(c*x^2+a))
        matched elem=sqrt(e*x+d)/(sqrt(g*x+f)*(c*x^2+a))
  [exact-only] class=verified t=5.7s L786 returned=yes t=5.673078 calls=8 ratsimp-hits=0 exact-hits=1 unexited=0 misfire/fault-lines=0 top=1_1_2_9_r23
    fires=1_1_2_14_r2,1_4_1_r18,1_1_2_9_r24,1_4_1_r18,1_4_1_r7,1_1_2_9_r23
    answer sha1=3629281143b6 'integrate(x/((c*x^2*sqrt(e*x+d)*sqrt(g*x+f))/e+(a*sqrt(e*x+d)*sqrt(g*x+f))/e),x)+'integrate(1/(sqrt(e*x+d)*sqrt(g*x+f)*((c*x^2)/d+a/d)),x)
    #1 d=1 dl=1 seenp fb=false seenlen=0 seen=- out=1_1_2_9_r23 owner=- f=sqrt(e*x+d)/(sqrt(g*x+f)*(c*x^2+a))
    #2 d=2 dl=2 seenp fb=true seenlen=1 seen=- out=1_4_1_r7 owner=1_1_2_9_r23:fired f=(e*x)/(sqrt(e*x+d)*sqrt(g*x+f)*(c*x^2+a))+d/(sqrt(e*x+d)*sqrt(g*x+f)*(c*x^2+a))
    #3 d=3 dl=3 seenp fb=true seenlen=2 seen=- out=1_4_1_r18 owner=1_4_1_r7:fired f=(e*x)/(sqrt(e*x+d)*sqrt(g*x+f)*(c*x^2+a))
    #4 d=4 dl=4 seenp fb=true seenlen=3 seen=- out=1_1_2_14_r2 owner=1_4_1_r18:fired f=x/(sqrt(e*x+d)*sqrt(g*x+f)*((c*x^2)/e+a/e))
    #5 d=5 dl=5 seenp fb=true seenlen=4 seen=- out=fall-through:nofire owner=1_1_2_14_r2:fired f=x/((c*x^2*sqrt(e*x+d)*sqrt(g*x+f))/e+(a*sqrt(e*x+d)*sqrt(g*x+f))/e)
    #6 d=3 dl=3 seenp fb=true seenlen=2 seen=- out=1_4_1_r18 owner=1_4_1_r7:fired f=d/(sqrt(e*x+d)*sqrt(g*x+f)*(c*x^2+a))
    #7 d=4 dl=4 seenp fb=true seenlen=3 seen=- out=1_1_2_9_r24 owner=1_4_1_r18:fired f=1/(sqrt(e*x+d)*sqrt(g*x+f)*((c*x^2)/d+a/d))
    #8 d=5 dl=5 seenp fb=true seenlen=4 seen=exact@#7(idx1,live=yes) out=fall-through:seen-hit owner=1_1_2_9_r24:fired f=1/(sqrt(e*x+d)*sqrt(g*x+f)*((c*x^2)/d+a/d))
        matched elem=1/(sqrt(e*x+d)*sqrt(g*x+f)*((c*x^2)/d+a/d))
  [p0] class=verified t=3.3s L786 returned=yes t=3.251045 calls=6 ratsimp-hits=2 exact-hits=0 unexited=0 misfire/fault-lines=0 top=1_1_2_9_r23@pass2
    fires=1_2_1_8_r2,1_2_1_8_r2,1_4_1_r7,1_1_2_9_r23
    answer sha1=d467d3023b61 e*'integrate(x/(c*x^2*sqrt(e*x+d)*sqrt(g*x+f)+a*sqrt(e*x+d)*sqrt(g*x+f)),x)+d*'integrate(1/(c*x^2*sqrt(e*x+d)*sqrt(g*x+f)+a*sqrt(e*x+d)*sqrt(g*x+f)),x)
    #1 d=1 dl=1 p0-mr_top fb=false seenlen=0 seen=- out=1_1_2_9_r23@pass2 owner=- f=sqrt(e*x+d)/(sqrt(g*x+f)*(c*x^2+a))
    #2 d=2 dl=1 p0-mr_top fb=true seenlen=0 seen=- out=1_4_1_r7@pass1 owner=1_1_2_9_r23:fired f=(e*x)/(sqrt(e*x+d)*sqrt(g*x+f)*(c*x^2+a))+d/(sqrt(e*x+d)*sqrt(g*x+f)*(c*x^2+a))
    #3 d=3 dl=2 p0-mr_top fb=true seenlen=1 seen=- out=1_2_1_8_r2@pass1 owner=1_4_1_r7:fired f=(e*x)/(sqrt(e*x+d)*sqrt(g*x+f)*(c*x^2+a))
    #4 d=4 dl=3 p0-mr_top fb=true seenlen=2 seen=ratsimp@#3(idx1,live=yes) out=fall-through:seen-hit owner=1_2_1_8_r2:fired f=(e*x)/(c*x^2*sqrt(e*x+d)*sqrt(g*x+f)+a*sqrt(e*x+d)*sqrt(g*x+f))
        matched elem=(e*x)/(sqrt(e*x+d)*sqrt(g*x+f)*(c*x^2+a))
    #5 d=3 dl=2 p0-mr_top fb=true seenlen=1 seen=- out=1_2_1_8_r2@pass1 owner=1_4_1_r7:fired f=d/(sqrt(e*x+d)*sqrt(g*x+f)*(c*x^2+a))
    #6 d=4 dl=3 p0-mr_top fb=true seenlen=2 seen=ratsimp@#5(idx1,live=yes) out=fall-through:seen-hit owner=1_2_1_8_r2:fired f=d/(c*x^2*sqrt(e*x+d)*sqrt(g*x+f)+a*sqrt(e*x+d)*sqrt(g*x+f))
        matched elem=d/(sqrt(e*x+d)*sqrt(g*x+f)*(c*x^2+a))

--- c1 g189 1 Algebraic functions/1.1 Binomial products/1.1.3 General/1.1.3.8 P(x) (c x)^m (a+b x^n)^p.mac e553 (eq)
  [trace] class=deferred t=1.5s L712 returned=yes t=1.49702 calls=2 ratsimp-hits=1 exact-hits=0 unexited=0 misfire/fault-lines=0 top=1_1_3_8_r18
    fires=1_1_3_8_r18
    answer sha1=f3421d90a717 'integrate(x^4*(f*x^2+d)*(b*x^4+a)^p+x^3*(e*x^2+c)*(b*x^4+a)^p,x)
    #1 d=1 dl=1 seenp fb=false seenlen=0 seen=- out=1_1_3_8_r18 owner=- f=x^3*(f*x^3+e*x^2+d*x+c)*(b*x^4+a)^p
    #2 d=2 dl=2 seenp fb=true seenlen=1 seen=ratsimp@#1(idx1,live=yes) out=fall-through:seen-hit owner=1_1_3_8_r18:fired f=x^4*(f*x^2+d)*(b*x^4+a)^p+x^3*(e*x^2+c)*(b*x^4+a)^p
        matched elem=x^3*(f*x^3+e*x^2+d*x+c)*(b*x^4+a)^p
  [exact-only] class=verified t=2.8s L712 returned=yes t=2.81304 calls=13 ratsimp-hits=0 exact-hits=3 unexited=0 misfire/fault-lines=0 top=1_1_3_8_r18
    fires=1_1_3_7_r37,1_1_3_7_r37,1_4_1_r7,1_2_2_4_r94,1_1_2_2_r2,1_1_3_7_r45,1_1_2_8_r27,1_2_2_4_r10,1_4_1_r7,1_1_3_8_r18
    answer sha1=2865fd27de16 f*'integrate(x^6*(b*x^4+a)^p,x)+(b*e*(2*p+2)*'integrate(x^4*(b*x^4+a)^p,x^2)+b*c*x^4*(b*x^4+a)^p+a*c*(b*x^4+a)^p)/(2*b*(2*p+2))+d*'integrate(x^4*(b*x^4+a)^p,x)
    #1 d=1 dl=1 seenp fb=false seenlen=0 seen=- out=1_1_3_8_r18 owner=- f=x^3*(f*x^3+e*x^2+d*x+c)*(b*x^4+a)^p
    #2 d=2 dl=2 seenp fb=true seenlen=1 seen=- out=1_4_1_r7 owner=1_1_3_8_r18:fired f=x^4*(f*x^2+d)*(b*x^4+a)^p+x^3*(e*x^2+c)*(b*x^4+a)^p
    #3 d=3 dl=3 seenp fb=true seenlen=2 seen=- out=1_2_2_4_r94 owner=1_4_1_r7:fired f=x^4*(f*x^2+d)*(b*x^4+a)^p
    #4 d=4 dl=4 seenp fb=true seenlen=3 seen=- out=1_4_1_r7 owner=1_2_2_4_r94:fired f=f*x^6*(b*x^4+a)^p+d*x^4*(b*x^4+a)^p
    #5 d=5 dl=5 seenp fb=true seenlen=4 seen=- out=1_1_3_7_r37 owner=1_4_1_r7:fired f=x^6*(b*x^4+a)^p
    #6 d=6 dl=6 seenp fb=true seenlen=5 seen=exact@#5(idx1,live=yes) out=fall-through:seen-hit owner=1_1_3_7_r37:fired f=x^6*(b*x^4+a)^p
        matched elem=x^6*(b*x^4+a)^p
    #7 d=5 dl=5 seenp fb=true seenlen=4 seen=- out=1_1_3_7_r37 owner=1_4_1_r7:fired f=x^4*(b*x^4+a)^p
    #8 d=6 dl=6 seenp fb=true seenlen=5 seen=exact@#7(idx1,live=yes) out=fall-through:seen-hit owner=1_1_3_7_r37:fired f=x^4*(b*x^4+a)^p
        matched elem=x^4*(b*x^4+a)^p
    #9 d=3 dl=3 seenp fb=true seenlen=2 seen=- out=1_2_2_4_r10 owner=1_4_1_r7:fired f=x^3*(e*x^2+c)*(b*x^4+a)^p
    #10 d=4 dl=4 seenp fb=true seenlen=3 seen=- out=1_1_2_8_r27 owner=1_2_2_4_r10:fired f=x*(e*x+c)*(b*x^2+a)^p
    #11 d=5 dl=5 seenp fb=true seenlen=4 seen=- out=1_1_2_2_r2 owner=1_1_2_8_r27:fired f=x*(b*x^2+a)^p
    #12 d=5 dl=5 seenp fb=true seenlen=4 seen=- out=1_1_3_7_r45 owner=1_1_2_8_r27:fired f=x^2*(b*x^2+a)^p
    #13 d=6 dl=6 seenp fb=true seenlen=5 seen=exact@#12(idx1,live=yes) out=fall-through:seen-hit owner=1_1_3_7_r45:fired f=x^2*(b*x^2+a)^p
        matched elem=x^2*(b*x^2+a)^p
  [p0] class=verified t=4.0s L712 returned=yes t=3.988056 calls=8 ratsimp-hits=0 exact-hits=1 unexited=0 misfire/fault-lines=0 top=1_2_2_5_r3@pass1
    fires=1_1_3_7_r46,1_4_1_r20,1_1_2_11_r1,1_2_1_9b_r29,1_2_2_6_r2,1_2_2_5_r3
    answer sha1=209671d6efb8 (b*e*(2*p+2)*'integrate(x^4*(b*x^4+a)^p,x^2)+b*c*x^4*(b*x^4+a)^p+a*c*(b*x^4+a)^p)/(2*b*(2*p+2))+'integrate((b*x^4+a)^p*(f*x^6+d*x^4),x)
    #1 d=1 dl=1 p0-mr_top fb=false seenlen=0 seen=- out=1_2_2_5_r3@pass1 owner=- f=x^3*(f*x^3+e*x^2+d*x+c)*(b*x^4+a)^p
    #2 d=2 dl=2 p0-mr_top fb=true seenlen=1 seen=- out=fall-through:nofire owner=1_2_2_5_r3:fired f=(b*x^4+a)^p*(f*x^6+d*x^4)
    #3 d=2 dl=2 p0-mr_top fb=true seenlen=1 seen=- out=1_2_2_6_r2@pass1 owner=1_2_2_5_r3:fired f=x*(b*x^4+a)^p*(e*x^4+c*x^2)
    #4 d=3 dl=3 p0-mr_top fb=true seenlen=2 seen=- out=1_2_1_9b_r29@pass1 owner=1_2_2_6_r2:fired f=(b*x^2+a)^p*(e*x^2+c*x)
    #5 d=4 dl=4 p0-mr_top fb=true seenlen=3 seen=- out=1_1_3_7_r46@pass1 owner=1_2_1_9b_r29:fired f=e*x^2*(b*x^2+a)^p
    #6 d=5 dl=5 p0-mr_top fb=true seenlen=4 seen=exact@#5(idx1,live=yes) out=fall-through:seen-hit owner=1_1_3_7_r46:fired f=e*x^2*(b*x^2+a)^p
        matched elem=e*x^2*(b*x^2+a)^p
    #7 d=4 dl=4 p0-mr_top fb=true seenlen=3 seen=- out=1_1_2_11_r1@pass1 owner=1_2_1_9b_r29:fired f=c*x*(b*x^2+a)^p
    #8 d=5 dl=5 p0-mr_top fb=true seenlen=4 seen=- out=1_4_1_r20@pass1 owner=1_1_2_11_r1:fired f=c*(b*x+a)^p

--- c1 g190 1 Algebraic functions/1.1 Binomial products/1.1.3 General/1.1.3.8 P(x) (c x)^m (a+b x^n)^p.mac e586 (eq)
  [trace] class=deferred t=1.3s L773 returned=yes t=1.258017 calls=2 ratsimp-hits=1 exact-hits=0 unexited=0 misfire/fault-lines=0 top=1_1_3_8_r29
    fires=1_1_3_8_r29
    answer sha1=630e1e86dea5 'integrate(g*x^3*(c*x)^m*(b*x^n+a)^p+f*x^2*(c*x)^m*(b*x^n+a)^p+e*x*(c*x)^m*(b*x^n+a)^p+d*(c*x)^m*(b*x^n+a)^p,x)
    #1 d=1 dl=1 seenp fb=false seenlen=0 seen=- out=1_1_3_8_r29 owner=- f=(c*x)^m*(g*x^3+f*x^2+e*x+d)*(b*x^n+a)^p
    #2 d=2 dl=2 seenp fb=true seenlen=1 seen=ratsimp@#1(idx1,live=yes) out=fall-through:seen-hit owner=1_1_3_8_r29:fired f=g*x^3*(c*x)^m*(b*x^n+a)^p+f*x^2*(c*x)^m*(b*x^n+a)^p+e*x*(c*x)^m*(b*x^n+a)^p+d*(c*x)^m*(b*x^n+a)^p
        matched elem=(c*x)^m*(g*x^3+f*x^2+e*x+d)*(b*x^n+a)^p
  [exact-only] class=verified t=3.8s L773 returned=yes t=3.827054 calls=13 ratsimp-hits=0 exact-hits=0 unexited=0 misfire/fault-lines=0 top=1_1_3_8_r29
    fires=1_1_3_2_r115,1_4_1_r29,1_1_3_2_r115,1_4_1_r29,1_1_3_2_r115,1_4_1_r29,1_1_3_2_r115,1_4_1_r7,1_1_3_8_r29
    answer sha1=39b32a50188a (g*x^(-m-3)*(c*x)^(m+3)*'integrate(x^(m+3)*(b*x^n+a)^p,x))/c^3+(f*x^(-m-2)*(c*x)^(m+2)*'integrate(x^(m+2)*(b*x^n+a)^p,x))/c^2+(e*x^(-m-1)*(c*x)^(m+1)*'integrate...
    #1 d=1 dl=1 seenp fb=false seenlen=0 seen=- out=1_1_3_8_r29 owner=- f=(c*x)^m*(g*x^3+f*x^2+e*x+d)*(b*x^n+a)^p
    #2 d=2 dl=2 seenp fb=true seenlen=1 seen=- out=1_4_1_r7 owner=1_1_3_8_r29:fired f=g*x^3*(c*x)^m*(b*x^n+a)^p+f*x^2*(c*x)^m*(b*x^n+a)^p+e*x*(c*x)^m*(b*x^n+a)^p+d*(c*x)^m*(b*x^n+a)^p
    #3 d=3 dl=3 seenp fb=true seenlen=2 seen=- out=1_4_1_r29 owner=1_4_1_r7:fired f=x^3*(c*x)^m*(b*x^n+a)^p
    #4 d=4 dl=4 seenp fb=true seenlen=3 seen=- out=1_1_3_2_r115 owner=1_4_1_r29:fired f=(c*x)^(m+3)*(b*x^n+a)^p
    #5 d=5 dl=5 seenp fb=true seenlen=4 seen=- out=fall-through:nofire owner=1_1_3_2_r115:fired f=x^(m+3)*(b*x^n+a)^p
    #6 d=3 dl=3 seenp fb=true seenlen=2 seen=- out=1_4_1_r29 owner=1_4_1_r7:fired f=x^2*(c*x)^m*(b*x^n+a)^p
    #7 d=4 dl=4 seenp fb=true seenlen=3 seen=- out=1_1_3_2_r115 owner=1_4_1_r29:fired f=(c*x)^(m+2)*(b*x^n+a)^p
    #8 d=5 dl=5 seenp fb=true seenlen=4 seen=- out=fall-through:nofire owner=1_1_3_2_r115:fired f=x^(m+2)*(b*x^n+a)^p
    #9 d=3 dl=3 seenp fb=true seenlen=2 seen=- out=1_4_1_r29 owner=1_4_1_r7:fired f=x*(c*x)^m*(b*x^n+a)^p
    #10 d=4 dl=4 seenp fb=true seenlen=3 seen=- out=1_1_3_2_r115 owner=1_4_1_r29:fired f=(c*x)^(m+1)*(b*x^n+a)^p
    #11 d=5 dl=5 seenp fb=true seenlen=4 seen=- out=fall-through:nofire owner=1_1_3_2_r115:fired f=x^(m+1)*(b*x^n+a)^p
    #12 d=3 dl=3 seenp fb=true seenlen=2 seen=- out=1_1_3_2_r115 owner=1_4_1_r7:fired f=(c*x)^m*(b*x^n+a)^p
    #13 d=4 dl=4 seenp fb=true seenlen=3 seen=- out=fall-through:nofire owner=1_1_3_2_r115:fired f=x^m*(b*x^n+a)^p
  [p0] class=verified t=4.1s L773 returned=yes t=4.058056 calls=3 ratsimp-hits=0 exact-hits=1 unexited=0 misfire/fault-lines=0 top=9_1_r16@pass2
    fires=9_1_r16,9_1_r16
    answer sha1=813e3edae7ad ((c*x)^m*'integrate(x^m*(g*x^3+f*x^2+e*x+d)*(b*x^n+a)^p,x))/x^m
    #1 d=1 dl=1 p0-mr_top fb=false seenlen=0 seen=- out=9_1_r16@pass2 owner=- f=(c*x)^m*(g*x^3+f*x^2+e*x+d)*(b*x^n+a)^p
    #2 d=2 dl=0 p0-hybrid-alg fb=true seenlen=0 seen=- out=9_1_r16@pass1 owner=9_1_r16:fired f=x^m*(g*x^3+f*x^2+e*x+d)*(b*x^n+a)^p
    #3 d=3 dl=1 p0-hybrid-alg fb=true seenlen=1 seen=exact@#2(idx1,live=yes) out=fall-through:seen-hit owner=9_1_r16:fired f=x^m*(g*x^3+f*x^2+e*x+d)*(b*x^n+a)^p
        matched elem=x^m*(g*x^3+f*x^2+e*x+d)*(b*x^n+a)^p

--- c1 g191 1 Algebraic functions/1.2 Trinomial products/1.2.1 Quadratic/1.2.1.4 (d+e x)^m (f+g x)^n (a+b x+c x^2)^p.mac e851 (eq)
  [trace] class=deferred t=0.9s L1098 returned=yes t=0.851012 calls=2 ratsimp-hits=1 exact-hits=0 unexited=0 misfire/fault-lines=0 top=1_2_1_3_r24
    fires=1_2_1_3_r24
    answer sha1=e610fe4a4cf4 'integrate((e*x)/(sqrt(e*x+d)*sqrt(g*x+f)*(c*x^2+b*x+a))+d/(sqrt(e*x+d)*sqrt(g*x+f)*(c*x^2+b*x+a)),x)
    #1 d=1 dl=1 seenp fb=false seenlen=0 seen=- out=1_2_1_3_r24 owner=- f=sqrt(e*x+d)/(sqrt(g*x+f)*(c*x^2+b*x+a))
    #2 d=2 dl=2 seenp fb=true seenlen=1 seen=ratsimp@#1(idx1,live=yes) out=fall-through:seen-hit owner=1_2_1_3_r24:fired f=(e*x)/(sqrt(e*x+d)*sqrt(g*x+f)*(c*x^2+b*x+a))+d/(sqrt(e*x+d)*sqrt(g*x+f)*(c*x^2+b*x+a))
        matched elem=sqrt(e*x+d)/(sqrt(g*x+f)*(c*x^2+b*x+a))
  [exact-only] class=verified t=8.7s L1098 returned=yes t=8.682121 calls=8 ratsimp-hits=0 exact-hits=1 unexited=0 misfire/fault-lines=0 top=1_2_1_3_r24
    fires=1_2_1_8_r2,1_4_1_r18,1_2_1_3_r25,1_4_1_r18,1_4_1_r7,1_2_1_3_r24
    answer sha1=cbf46a7df5cc 'integrate(x/((c*x^2*sqrt(e*x+d)*sqrt(g*x+f))/e+(b*x*sqrt(e*x+d)*sqrt(g*x+f))/e+(a*sqrt(e*x+d)*sqrt(g*x+f))/e),x)+'integrate(1/(sqrt(e*x+d)*sqrt(g*x+f)*((c*x^2)...
    #1 d=1 dl=1 seenp fb=false seenlen=0 seen=- out=1_2_1_3_r24 owner=- f=sqrt(e*x+d)/(sqrt(g*x+f)*(c*x^2+b*x+a))
    #2 d=2 dl=2 seenp fb=true seenlen=1 seen=- out=1_4_1_r7 owner=1_2_1_3_r24:fired f=(e*x)/(sqrt(e*x+d)*sqrt(g*x+f)*(c*x^2+b*x+a))+d/(sqrt(e*x+d)*sqrt(g*x+f)*(c*x^2+b*x+a))
    #3 d=3 dl=3 seenp fb=true seenlen=2 seen=- out=1_4_1_r18 owner=1_4_1_r7:fired f=(e*x)/(sqrt(e*x+d)*sqrt(g*x+f)*(c*x^2+b*x+a))
    #4 d=4 dl=4 seenp fb=true seenlen=3 seen=- out=1_2_1_8_r2 owner=1_4_1_r18:fired f=x/(sqrt(e*x+d)*sqrt(g*x+f)*((c*x^2)/e+(b*x)/e+a/e))
    #5 d=5 dl=5 seenp fb=true seenlen=4 seen=- out=fall-through:nofire owner=1_2_1_8_r2:fired f=x/((c*x^2*sqrt(e*x+d)*sqrt(g*x+f))/e+(b*x*sqrt(e*x+d)*sqrt(g*x+f))/e+(a*sqrt(e*x+d)*sqrt(g*x+f))/e)
    #6 d=3 dl=3 seenp fb=true seenlen=2 seen=- out=1_4_1_r18 owner=1_4_1_r7:fired f=d/(sqrt(e*x+d)*sqrt(g*x+f)*(c*x^2+b*x+a))
    #7 d=4 dl=4 seenp fb=true seenlen=3 seen=- out=1_2_1_3_r25 owner=1_4_1_r18:fired f=1/(sqrt(e*x+d)*sqrt(g*x+f)*((c*x^2)/d+(b*x)/d+a/d))
    #8 d=5 dl=5 seenp fb=true seenlen=4 seen=exact@#7(idx1,live=yes) out=fall-through:seen-hit owner=1_2_1_3_r25:fired f=1/(sqrt(e*x+d)*sqrt(g*x+f)*((c*x^2)/d+(b*x)/d+a/d))
        matched elem=1/(sqrt(e*x+d)*sqrt(g*x+f)*((c*x^2)/d+(b*x)/d+a/d))
  [p0] class=verified t=3.0s L1098 returned=yes t=3.012041 calls=6 ratsimp-hits=2 exact-hits=0 unexited=0 misfire/fault-lines=0 top=1_2_1_3_r24@pass2
    fires=1_2_1_8_r2,1_2_1_8_r2,1_4_1_r7,1_2_1_3_r24
    answer sha1=1bd523de97a9 e*'integrate(x/(c*x^2*sqrt(e*x+d)*sqrt(g*x+f)+b*x*sqrt(e*x+d)*sqrt(g*x+f)+a*sqrt(e*x+d)*sqrt(g*x+f)),x)+d*'integrate(1/(c*x^2*sqrt(e*x+d)*sqrt(g*x+f)+b*x*sqrt(e...
    #1 d=1 dl=1 p0-mr_top fb=false seenlen=0 seen=- out=1_2_1_3_r24@pass2 owner=- f=sqrt(e*x+d)/(sqrt(g*x+f)*(c*x^2+b*x+a))
    #2 d=2 dl=1 p0-mr_top fb=true seenlen=0 seen=- out=1_4_1_r7@pass1 owner=1_2_1_3_r24:fired f=(e*x)/(sqrt(e*x+d)*sqrt(g*x+f)*(c*x^2+b*x+a))+d/(sqrt(e*x+d)*sqrt(g*x+f)*(c*x^2+b*x+a))
    #3 d=3 dl=2 p0-mr_top fb=true seenlen=1 seen=- out=1_2_1_8_r2@pass1 owner=1_4_1_r7:fired f=(e*x)/(sqrt(e*x+d)*sqrt(g*x+f)*(c*x^2+b*x+a))
    #4 d=4 dl=3 p0-mr_top fb=true seenlen=2 seen=ratsimp@#3(idx1,live=yes) out=fall-through:seen-hit owner=1_2_1_8_r2:fired f=(e*x)/(c*x^2*sqrt(e*x+d)*sqrt(g*x+f)+b*x*sqrt(e*x+d)*sqrt(g*x+f)+a*sqrt(e*x+d)*sqrt(g*x+f))
        matched elem=(e*x)/(sqrt(e*x+d)*sqrt(g*x+f)*(c*x^2+b*x+a))
    #5 d=3 dl=2 p0-mr_top fb=true seenlen=1 seen=- out=1_2_1_8_r2@pass1 owner=1_4_1_r7:fired f=d/(sqrt(e*x+d)*sqrt(g*x+f)*(c*x^2+b*x+a))
    #6 d=4 dl=3 p0-mr_top fb=true seenlen=2 seen=ratsimp@#5(idx1,live=yes) out=fall-through:seen-hit owner=1_2_1_8_r2:fired f=d/(c*x^2*sqrt(e*x+d)*sqrt(g*x+f)+b*x*sqrt(e*x+d)*sqrt(g*x+f)+a*sqrt(e*x+d)*sqrt(g*x+f))
        matched elem=d/(sqrt(e*x+d)*sqrt(g*x+f)*(c*x^2+b*x+a))

--- c1 g192 1 Algebraic functions/1.3 Miscellaneous/1.3.2 Algebraic functions.mac e569 (eq)
  [trace] class=deferred t=1.7s L766 returned=yes t=1.690024 calls=3 ratsimp-hits=1 exact-hits=0 unexited=0 misfire/fault-lines=0 top=1_2_1_9b_r2
    fires=1_2_1_9b_r6,1_2_1_9b_r2
    answer sha1=e4dac849ea8f 'integrate((x^2*(x+1)^(3/2))/(x^2+1)-(x*(x+1)^(3/2))/(x^2+1)+(x+1)^(3/2)/(x^2+1),x)
    #1 d=1 dl=1 seenp fb=false seenlen=0 seen=- out=1_2_1_9b_r2 owner=- f=(sqrt(x+1)*(x^3+1))/(x^2+1)
    #2 d=2 dl=2 seenp fb=true seenlen=1 seen=- out=1_2_1_9b_r6 owner=1_2_1_9b_r2:fired f=((x+1)^(3/2)*(x^2-x+1))/(x^2+1)
    #3 d=3 dl=3 seenp fb=true seenlen=2 seen=ratsimp@#2(idx1,live=yes) out=fall-through:seen-hit owner=1_2_1_9b_r6:fired f=(x^2*(x+1)^(3/2))/(x^2+1)-(x*(x+1)^(3/2))/(x^2+1)+(x+1)^(3/2)/(x^2+1)
        matched elem=((x+1)^(3/2)*(x^2-x+1))/(x^2+1)
  [exact-only] class=verified t=8.2s L766 returned=yes t=8.170113 calls=59 ratsimp-hits=0 exact-hits=0 unexited=0 misfire/fault-lines=0 top=1_2_1_9b_r2
    fires=1_1_2_1_r11,1_2_1_1_r12,1_2_1_2_r3,1_2_1_2_r9,1_1_2_1_r11,1_2_1_1_r12,1_2_1_2_r3,1_2_1_2_r9,1_2_2_1_r7,1_4_1_r18,1_2_2_4_r37,1_2_2_4_r37,1_2_2_2_r16,1_1_2_1_r11,1_2_1_1_r12,1_2_1_2_r3,1_2_1_2_r9,1_1_2_1_r11,1_2_1_1_r12,1_2_1_2_r3,1_2_1_2_r9,1_2_2_3_r27,1_4_1_r18,1_2_2_4_r37,1_2_2_2_r16,1_4_1_r18,1_1_2_1_r11,1_2_1_1_r12,1_2_1_2_r3,1_2_1_2_r9,1_1_2_1_r11,1_2_1_1_r12,1_2_1_2_r3,1_2_1_2_r9,1_2_2_3_r27,1_2_2_2_r16,1_4_1_r7,1_2_2_4_r45,1_1_2_8_r46,1_1_2_1_r11,1_2_1_1_r12,1_2_1_2_r3,1_2_1_2_r9,1_1_2_1_r11,1_2_1_1_r12,1_2_1_2_r3,1_2_1_2_r9,1_2_2_1_r7,1_4_1_r18,1_2_2_4_r37,1_2_2_4_r37,1_1_2_8_r46,9_1_r12,1_1_2_8_r100,1_1_2_7_r31,1_4_1_r7,1_2_1_9b_r6,1_2_1_9b_r2
    answer sha1=4080d265a8ba 2*'integrate(x/(x^2*sqrt(x+1)+sqrt(x+1)),x)-(sqrt(2^(3/2)+2)*(sqrt(2)*(3*log(sqrt(2^(3/2)+2)*sqrt(x+1)+x+sqrt(2)+1)-3*log(-(sqrt(2^(3/2)+2)*sqrt(x+1))+x+sqrt(2)...
    #1 d=1 dl=1 seenp fb=false seenlen=0 seen=- out=1_2_1_9b_r2 owner=- f=(sqrt(x+1)*(x^3+1))/(x^2+1)
    #2 d=2 dl=2 seenp fb=true seenlen=1 seen=- out=1_2_1_9b_r6 owner=1_2_1_9b_r2:fired f=((x+1)^(3/2)*(x^2-x+1))/(x^2+1)
    #3 d=3 dl=3 seenp fb=true seenlen=2 seen=- out=1_4_1_r7 owner=1_2_1_9b_r6:fired f=(x^2*(x+1)^(3/2))/(x^2+1)-(x*(x+1)^(3/2))/(x^2+1)+(x+1)^(3/2)/(x^2+1)
    #4 d=4 dl=4 seenp fb=true seenlen=3 seen=- out=1_1_2_8_r46 owner=1_4_1_r7:fired f=(x^2*(x+1)^(3/2))/(x^2+1)
    #5 d=5 dl=5 seenp fb=true seenlen=4 seen=- out=1_2_2_4_r45 owner=1_1_2_8_r46:fired f=(x^4*(x^2-1)^2)/(x^4-2*x^2+2)
    #6 d=6 dl=6 seenp fb=true seenlen=5 seen=- out=1_4_1_r7 owner=1_2_2_4_r45:fired f=x^8/(x^4-2*x^2+2)-(2*x^6)/(x^4-2*x^2+2)+x^4/(x^4-2*x^2+2)
    #7 d=7 dl=7 seenp fb=true seenlen=6 seen=- out=1_2_2_2_r16 owner=1_4_1_r7:fired f=x^8/(x^4-2*x^2+2)
    #8 d=8 dl=8 seenp fb=true seenlen=7 seen=- out=1_2_2_4_r37 owner=1_2_2_2_r16:fired f=(x^4*(10-10*x^2))/(x^4-2*x^2+2)
    #9 d=9 dl=9 seenp fb=true seenlen=8 seen=- out=1_2_2_4_r37 owner=1_2_2_4_r37:fired f=(x^2*(30*x^2-60))/(x^4-2*x^2+2)
    #10 d=10 dl=10 seenp fb=true seenlen=9 seen=- out=1_4_1_r18 owner=1_2_2_4_r37:fired f=60/(x^4-2*x^2+2)
    #11 d=11 dl=11 seenp fb=true seenlen=10 seen=- out=1_2_2_1_r7 owner=1_4_1_r18:fired f=1/(x^4/60-x^2/30+1/30)
    #12 d=12 dl=12 seenp fb=true seenlen=11 seen=- out=1_2_1_2_r9 owner=1_2_2_1_r7:fired f=(sqrt(2^(3/2)+2)-x)/(x^2-sqrt(2^(3/2)+2)*x+sqrt(2))
    #13 d=13 dl=13 seenp fb=true seenlen=12 seen=- out=1_2_1_1_r12 owner=1_2_1_2_r9:fired f=1/(x^2-sqrt(2^(3/2)+2)*x+sqrt(2))
    #14 d=14 dl=14 seenp fb=true seenlen=13 seen=- out=1_1_2_1_r11 owner=1_2_1_1_r12:fired f=1/(-x^2-2^(3/2)+2)
    #15 d=13 dl=13 seenp fb=true seenlen=12 seen=- out=1_2_1_2_r3 owner=1_2_1_2_r9:fired f=(2*x-sqrt(2^(3/2)+2))/(x^2-sqrt(2^(3/2)+2)*x+sqrt(2))
    #16 d=12 dl=12 seenp fb=true seenlen=11 seen=- out=1_2_1_2_r9 owner=1_2_2_1_r7:fired f=(x+sqrt(2^(3/2)+2))/(x^2+sqrt(2^(3/2)+2)*x+sqrt(2))
    #17 d=13 dl=13 seenp fb=true seenlen=12 seen=- out=1_2_1_1_r12 owner=1_2_1_2_r9:fired f=1/(x^2+sqrt(2^(3/2)+2)*x+sqrt(2))
    #18 d=14 dl=14 seenp fb=true seenlen=13 seen=- out=1_1_2_1_r11 owner=1_2_1_1_r12:fired f=1/(-x^2-2^(3/2)+2)
    #19 d=13 dl=13 seenp fb=true seenlen=12 seen=- out=1_2_1_2_r3 owner=1_2_1_2_r9:fired f=(2*x+sqrt(2^(3/2)+2))/(x^2+sqrt(2^(3/2)+2)*x+sqrt(2))
    #20 d=7 dl=7 seenp fb=true seenlen=6 seen=- out=1_4_1_r18 owner=1_4_1_r7:fired f=(2*x^6)/(x^4-2*x^2+2)
    #21 d=8 dl=8 seenp fb=true seenlen=7 seen=- out=1_2_2_2_r16 owner=1_4_1_r18:fired f=x^6/(x^4/2-x^2+1)
    #22 d=9 dl=9 seenp fb=true seenlen=8 seen=- out=1_2_2_4_r37 owner=1_2_2_2_r16:fired f=(x^2*(3-3*x^2))/(x^4/2-x^2+1)
    #23 d=10 dl=10 seenp fb=true seenlen=9 seen=- out=1_4_1_r18 owner=1_2_2_4_r37:fired f=(3*x^2-6)/(2*(x^4/2-x^2+1))
    #24 d=11 dl=11 seenp fb=true seenlen=10 seen=- out=1_2_2_3_r27 owner=1_4_1_r18:fired f=(3*x^2-6)/(x^4-2*x^2+2)
    #25 d=12 dl=12 seenp fb=true seenlen=11 seen=- out=1_2_1_2_r9 owner=1_2_2_3_r27:fired f=(-((-(3*sqrt(2))-6)*x)-6*sqrt(2^(3/2)+2))/(x^2-sqrt(2^(3/2)+2)*x+sqrt(2))
    #26 d=13 dl=13 seenp fb=true seenlen=12 seen=- out=1_2_1_1_r12 owner=1_2_1_2_r9:fired f=1/(x^2-sqrt(2^(3/2)+2)*x+sqrt(2))
    #27 d=14 dl=14 seenp fb=true seenlen=13 seen=- out=1_1_2_1_r11 owner=1_2_1_1_r12:fired f=1/(-x^2-2^(3/2)+2)
    #28 d=13 dl=13 seenp fb=true seenlen=12 seen=- out=1_2_1_2_r3 owner=1_2_1_2_r9:fired f=(2*x-sqrt(2^(3/2)+2))/(x^2-sqrt(2^(3/2)+2)*x+sqrt(2))
    #29 d=12 dl=12 seenp fb=true seenlen=11 seen=- out=1_2_1_2_r9 owner=1_2_2_3_r27:fired f=((-(3*sqrt(2))-6)*x-6*sqrt(2^(3/2)+2))/(x^2+sqrt(2^(3/2)+2)*x+sqrt(2))
    #30 d=13 dl=13 seenp fb=true seenlen=12 seen=- out=1_2_1_1_r12 owner=1_2_1_2_r9:fired f=1/(x^2+sqrt(2^(3/2)+2)*x+sqrt(2))
    #31 d=14 dl=14 seenp fb=true seenlen=13 seen=- out=1_1_2_1_r11 owner=1_2_1_1_r12:fired f=1/(-x^2-2^(3/2)+2)
    #32 d=13 dl=13 seenp fb=true seenlen=12 seen=- out=1_2_1_2_r3 owner=1_2_1_2_r9:fired f=(2*x+sqrt(2^(3/2)+2))/(x^2+sqrt(2^(3/2)+2)*x+sqrt(2))
    #33 d=7 dl=7 seenp fb=true seenlen=6 seen=- out=1_2_2_2_r16 owner=1_4_1_r7:fired f=x^4/(x^4-2*x^2+2)
    #34 d=8 dl=8 seenp fb=true seenlen=7 seen=- out=1_2_2_3_r27 owner=1_2_2_2_r16:fired f=(2-2*x^2)/(x^4-2*x^2+2)
    #35 d=9 dl=9 seenp fb=true seenlen=8 seen=- out=1_2_1_2_r9 owner=1_2_2_3_r27:fired f=(2*sqrt(2^(3/2)+2)-(2^(3/2)+2)*x)/(x^2-sqrt(2^(3/2)+2)*x+sqrt(2))
    #36 d=10 dl=10 seenp fb=true seenlen=9 seen=- out=1_2_1_1_r12 owner=1_2_1_2_r9:fired f=1/(x^2-sqrt(2^(3/2)+2)*x+sqrt(2))
    #37 d=11 dl=11 seenp fb=true seenlen=10 seen=- out=1_1_2_1_r11 owner=1_2_1_1_r12:fired f=1/(-x^2-2^(3/2)+2)
    #38 d=10 dl=10 seenp fb=true seenlen=9 seen=- out=1_2_1_2_r3 owner=1_2_1_2_r9:fired f=(2*x-sqrt(2^(3/2)+2))/(x^2-sqrt(2^(3/2)+2)*x+sqrt(2))
    #39 d=9 dl=9 seenp fb=true seenlen=8 seen=- out=1_2_1_2_r9 owner=1_2_2_3_r27:fired f=((2^(3/2)+2)*x+2*sqrt(2^(3/2)+2))/(x^2+sqrt(2^(3/2)+2)*x+sqrt(2))
    #40 d=10 dl=10 seenp fb=true seenlen=9 seen=- out=1_2_1_1_r12 owner=1_2_1_2_r9:fired f=1/(x^2+sqrt(2^(3/2)+2)*x+sqrt(2))
    #41 d=11 dl=11 seenp fb=true seenlen=10 seen=- out=1_1_2_1_r11 owner=1_2_1_1_r12:fired f=1/(-x^2-2^(3/2)+2)
    #42 d=10 dl=10 seenp fb=true seenlen=9 seen=- out=1_2_1_2_r3 owner=1_2_1_2_r9:fired f=(2*x+sqrt(2^(3/2)+2))/(x^2+sqrt(2^(3/2)+2)*x+sqrt(2))
    #43 d=4 dl=4 seenp fb=true seenlen=3 seen=- out=1_1_2_8_r46 owner=1_4_1_r7:fired f=(x*(x+1)^(3/2))/(x^2+1)
    #44 d=5 dl=5 seenp fb=true seenlen=4 seen=- out=1_2_2_4_r37 owner=1_1_2_8_r46:fired f=(x^4*(x^2-1))/(x^4-2*x^2+2)
    #45 d=6 dl=6 seenp fb=true seenlen=5 seen=- out=1_2_2_4_r37 owner=1_2_2_4_r37:fired f=(x^2*(6-3*x^2))/(x^4-2*x^2+2)
    #46 d=7 dl=7 seenp fb=true seenlen=6 seen=- out=1_4_1_r18 owner=1_2_2_4_r37:fired f=-(6/(x^4-2*x^2+2))
    #47 d=8 dl=8 seenp fb=true seenlen=7 seen=- out=1_2_2_1_r7 owner=1_4_1_r18:fired f=1/(-(x^4/6)+x^2/3-1/3)
    #48 d=9 dl=9 seenp fb=true seenlen=8 seen=- out=1_2_1_2_r9 owner=1_2_2_1_r7:fired f=(sqrt(2^(3/2)+2)-x)/(x^2-sqrt(2^(3/2)+2)*x+sqrt(2))
    #49 d=10 dl=10 seenp fb=true seenlen=9 seen=- out=1_2_1_1_r12 owner=1_2_1_2_r9:fired f=1/(x^2-sqrt(2^(3/2)+2)*x+sqrt(2))
    #50 d=11 dl=11 seenp fb=true seenlen=10 seen=- out=1_1_2_1_r11 owner=1_2_1_1_r12:fired f=1/(-x^2-2^(3/2)+2)
    #51 d=10 dl=10 seenp fb=true seenlen=9 seen=- out=1_2_1_2_r3 owner=1_2_1_2_r9:fired f=(2*x-sqrt(2^(3/2)+2))/(x^2-sqrt(2^(3/2)+2)*x+sqrt(2))
    #52 d=9 dl=9 seenp fb=true seenlen=8 seen=- out=1_2_1_2_r9 owner=1_2_2_1_r7:fired f=(x+sqrt(2^(3/2)+2))/(x^2+sqrt(2^(3/2)+2)*x+sqrt(2))
    #53 d=10 dl=10 seenp fb=true seenlen=9 seen=- out=1_2_1_1_r12 owner=1_2_1_2_r9:fired f=1/(x^2+sqrt(2^(3/2)+2)*x+sqrt(2))
    #54 d=11 dl=11 seenp fb=true seenlen=10 seen=- out=1_1_2_1_r11 owner=1_2_1_1_r12:fired f=1/(-x^2-2^(3/2)+2)
    #55 d=10 dl=10 seenp fb=true seenlen=9 seen=- out=1_2_1_2_r3 owner=1_2_1_2_r9:fired f=(2*x+sqrt(2^(3/2)+2))/(x^2+sqrt(2^(3/2)+2)*x+sqrt(2))
    #56 d=4 dl=4 seenp fb=true seenlen=3 seen=- out=1_1_2_7_r31 owner=1_4_1_r7:fired f=(x+1)^(3/2)/(x^2+1)
    #57 d=5 dl=5 seenp fb=true seenlen=4 seen=- out=1_1_2_8_r100 owner=1_1_2_7_r31:fired f=(2*x)/(sqrt(x+1)*(x^2+1))
    #58 d=6 dl=6 seenp fb=true seenlen=5 seen=- out=9_1_r12 owner=1_1_2_8_r100:fired f=(2*x)/(x^2*sqrt(x+1)+sqrt(x+1))
    #59 d=7 dl=7 exact fb=true seenlen=6 seen=- out=fall-through:nofire owner=9_1_r12:fired f=x/(x^2*sqrt(x+1)+sqrt(x+1))
  [p0] class=verified t=3.3s L766 returned=yes t=3.317046 calls=4 ratsimp-hits=1 exact-hits=0 unexited=0 misfire/fault-lines=0 top=1_2_1_9b_r1@pass2
    fires=1_2_1_9b_r5,1_2_1_9_r21,1_2_1_9b_r1
    answer sha1=7d601225d798 -'integrate((x^2*(x+1)^(3/2)-x*(x+1)^(3/2)+(x+1)^(3/2))/(x^2+1),-x)
    #1 d=1 dl=1 p0-mr_top fb=false seenlen=0 seen=- out=1_2_1_9b_r1@pass2 owner=- f=(sqrt(x+1)*(x^3+1))/(x^2+1)
    #2 d=2 dl=1 p0-mr_top fb=true seenlen=0 seen=- out=1_2_1_9_r21@pass1 owner=1_2_1_9b_r1:fired f=((x+1)^(3/2)*(x^2-x+1))/(x^2+1)
    #3 d=3 dl=2 p0-mr_top fb=true seenlen=1 seen=- out=1_2_1_9b_r5@pass1 owner=1_2_1_9_r21:fired f=((1-x)^(3/2)*(x^2+x+1))/(x^2+1)
    #4 d=4 dl=3 p0-mr_top fb=true seenlen=2 seen=ratsimp@#3(idx1,live=yes) out=fall-through:seen-hit owner=1_2_1_9b_r5:fired f=((1-x)^(3/2)*x^2)/(x^2+1)+((1-x)^(3/2)*x)/(x^2+1)+(1-x)^(3/2)/(x^2+1)
        matched elem=((1-x)^(3/2)*(x^2+x+1))/(x^2+1)

--- c1 g193 1 Algebraic functions/1.2 Trinomial products/1.2.1 Quadratic/1.2.1.9 P(x) (d+e x)^m (a+b x+c x^2)^p.mac e370 (eq)
  [trace] class=deferred t=2.3s L491 returned=yes t=2.301031 calls=2 ratsimp-hits=1 exact-hits=0 unexited=0 misfire/fault-lines=0 top=1_2_1_9b_r5
    fires=1_2_1_9b_r5
    answer sha1=ea12c5438a96 'integrate((4*x^4*(e*x+d)^m)/(5*x^2+2*x+3)-(5*x^3*(e*x+d)^m)/(5*x^2+2*x+3)+(3*x^2*(e*x+d)^m)/(5*x^2+2*x+3)+(x*(e*x+d)^m)/(5*x^2+2*x+3)+(2*(e*x+d)^m)/(5*x^2+2*x+...
    #1 d=1 dl=1 seenp fb=false seenlen=0 seen=- out=1_2_1_9b_r5 owner=- f=((e*x+d)^m*(4*x^4-5*x^3+3*x^2+x+2))/(5*x^2+2*x+3)
    #2 d=2 dl=2 seenp fb=true seenlen=1 seen=ratsimp@#1(idx1,live=yes) out=fall-through:seen-hit owner=1_2_1_9b_r5:fired f=(4*x^4*(e*x+d)^m)/(5*x^2+2*x+3)-(5*x^3*(e*x+d)^m)/(5*x^2+2*x+3)+(3*x^2*(e*x+d)^m)/(5*x^2+2*x+3)+(x*(e*x+d)^m)/...
        matched elem=((e*x+d)^m*(4*x^4-5*x^3+3*x^2+x+2))/(5*x^2+2*x+3)
  [exact-only] class=verified t=7.9s L491 returned=yes t=7.91411 calls=16 ratsimp-hits=0 exact-hits=5 unexited=0 misfire/fault-lines=0 top=1_2_1_9b_r5
    fires=1_2_1_3_r20,1_4_1_r18,1_2_1_3_r20,1_4_1_r18,1_2_1_3_r20,1_4_1_r18,1_2_1_3_r20,1_2_1_2_r86,1_4_1_r18,1_4_1_r7,1_2_1_9b_r5
    answer sha1=28f988a3440b 'integrate((x*(e*x+d)^m)/(5*x^2+2*x+3),x)+'integrate((e*x+d)^m/((5*x^2)/2+x+3/2),x)+'integrate((x^2*(e*x+d)^m)/((5*x^2)/3+(2*x)/3+1),x)+'integrate((x^4*(e*x+d)^...
    #1 d=1 dl=1 seenp fb=false seenlen=0 seen=- out=1_2_1_9b_r5 owner=- f=((e*x+d)^m*(4*x^4-5*x^3+3*x^2+x+2))/(5*x^2+2*x+3)
    #2 d=2 dl=2 seenp fb=true seenlen=1 seen=- out=1_4_1_r7 owner=1_2_1_9b_r5:fired f=(4*x^4*(e*x+d)^m)/(5*x^2+2*x+3)-(5*x^3*(e*x+d)^m)/(5*x^2+2*x+3)+(3*x^2*(e*x+d)^m)/(5*x^2+2*x+3)+(x*(e*x+d)^m)/...
    #3 d=3 dl=3 seenp fb=true seenlen=2 seen=- out=1_4_1_r18 owner=1_4_1_r7:fired f=(4*x^4*(e*x+d)^m)/(5*x^2+2*x+3)
    #4 d=4 dl=4 seenp fb=true seenlen=3 seen=- out=1_2_1_3_r20 owner=1_4_1_r18:fired f=(x^4*(e*x+d)^m)/((5*x^2)/4+x/2+3/4)
    #5 d=5 dl=5 seenp fb=true seenlen=4 seen=exact@#4(idx1,live=yes) out=fall-through:seen-hit owner=1_2_1_3_r20:fired f=(x^4*(e*x+d)^m)/((5*x^2)/4+x/2+3/4)
        matched elem=(x^4*(e*x+d)^m)/((5*x^2)/4+x/2+3/4)
    #6 d=3 dl=3 seenp fb=true seenlen=2 seen=- out=1_4_1_r18 owner=1_4_1_r7:fired f=(5*x^3*(e*x+d)^m)/(5*x^2+2*x+3)
    #7 d=4 dl=4 seenp fb=true seenlen=3 seen=- out=1_2_1_3_r20 owner=1_4_1_r18:fired f=(x^3*(e*x+d)^m)/(x^2+(2*x)/5+3/5)
    #8 d=5 dl=5 seenp fb=true seenlen=4 seen=exact@#7(idx1,live=yes) out=fall-through:seen-hit owner=1_2_1_3_r20:fired f=(x^3*(e*x+d)^m)/(x^2+(2*x)/5+3/5)
        matched elem=(x^3*(e*x+d)^m)/(x^2+(2*x)/5+3/5)
    #9 d=3 dl=3 seenp fb=true seenlen=2 seen=- out=1_4_1_r18 owner=1_4_1_r7:fired f=(3*x^2*(e*x+d)^m)/(5*x^2+2*x+3)
    #10 d=4 dl=4 seenp fb=true seenlen=3 seen=- out=1_2_1_3_r20 owner=1_4_1_r18:fired f=(x^2*(e*x+d)^m)/((5*x^2)/3+(2*x)/3+1)
    #11 d=5 dl=5 seenp fb=true seenlen=4 seen=exact@#10(idx1,live=yes) out=fall-through:seen-hit owner=1_2_1_3_r20:fired f=(x^2*(e*x+d)^m)/((5*x^2)/3+(2*x)/3+1)
        matched elem=(x^2*(e*x+d)^m)/((5*x^2)/3+(2*x)/3+1)
    #12 d=3 dl=3 seenp fb=true seenlen=2 seen=- out=1_2_1_3_r20 owner=1_4_1_r7:fired f=(x*(e*x+d)^m)/(5*x^2+2*x+3)
    #13 d=4 dl=4 seenp fb=true seenlen=3 seen=exact@#12(idx1,live=yes) out=fall-through:seen-hit owner=1_2_1_3_r20:fired f=(x*(e*x+d)^m)/(5*x^2+2*x+3)
        matched elem=(x*(e*x+d)^m)/(5*x^2+2*x+3)
    #14 d=3 dl=3 seenp fb=true seenlen=2 seen=- out=1_4_1_r18 owner=1_4_1_r7:fired f=(2*(e*x+d)^m)/(5*x^2+2*x+3)
    #15 d=4 dl=4 seenp fb=true seenlen=3 seen=- out=1_2_1_2_r86 owner=1_4_1_r18:fired f=(e*x+d)^m/((5*x^2)/2+x+3/2)
    #16 d=5 dl=5 seenp fb=true seenlen=4 seen=exact@#15(idx1,live=yes) out=fall-through:seen-hit owner=1_2_1_2_r86:fired f=(e*x+d)^m/((5*x^2)/2+x+3/2)
        matched elem=(e*x+d)^m/((5*x^2)/2+x+3/2)
  [p0] class=verified t=8.4s L491 returned=yes t=8.332115 calls=9 ratsimp-hits=0 exact-hits=2 unexited=0 misfire/fault-lines=0 top=1_2_1_9b_r5@pass2
    fires=1_2_1_9b_r5,1_2_1_9b_r5,1_4_1_r7,1_2_1_9b_r5
    answer sha1=a92e5f97898b 4*'integrate((x^4*(e*x+d)^m)/(5*x^2+2*x+3),x)-5*'integrate((x^3*(e*x+d)^m)/(5*x^2+2*x+3),x)+3*'integrate((x^2*(e*x+d)^m)/(5*x^2+2*x+3),x)+'integrate((x*(e*x+d)^...
    #1 d=1 dl=1 p0-mr_top fb=false seenlen=0 seen=- out=1_2_1_9b_r5@pass2 owner=- f=((e*x+d)^m*(4*x^4-5*x^3+3*x^2+x+2))/(5*x^2+2*x+3)
    #2 d=2 dl=1 p0-mr_top fb=true seenlen=0 seen=- out=1_4_1_r7@pass1 owner=1_2_1_9b_r5:fired f=(4*x^4*(e*x+d)^m)/(5*x^2+2*x+3)-(5*x^3*(e*x+d)^m)/(5*x^2+2*x+3)+(3*x^2*(e*x+d)^m)/(5*x^2+2*x+3)+(x*(e*x+d)^m)/...
    #3 d=3 dl=2 p0-mr_top fb=true seenlen=1 seen=- out=fall-through:nofire owner=1_4_1_r7:fired f=(4*x^4*(e*x+d)^m)/(5*x^2+2*x+3)
    #4 d=3 dl=2 p0-mr_top fb=true seenlen=1 seen=- out=fall-through:nofire owner=1_4_1_r7:fired f=(5*x^3*(e*x+d)^m)/(5*x^2+2*x+3)
    #5 d=3 dl=2 p0-mr_top fb=true seenlen=1 seen=- out=fall-through:nofire owner=1_4_1_r7:fired f=(3*x^2*(e*x+d)^m)/(5*x^2+2*x+3)
    #6 d=3 dl=2 p0-mr_top fb=true seenlen=1 seen=- out=1_2_1_9b_r5@pass1 owner=1_4_1_r7:fired f=(x*(e*x+d)^m)/(5*x^2+2*x+3)
    #7 d=4 dl=3 p0-mr_top fb=true seenlen=2 seen=exact@#6(idx1,live=yes) out=fall-through:seen-hit owner=1_2_1_9b_r5:fired f=(x*(e*x+d)^m)/(5*x^2+2*x+3)
        matched elem=(x*(e*x+d)^m)/(5*x^2+2*x+3)
    #8 d=3 dl=2 p0-mr_top fb=true seenlen=1 seen=- out=1_2_1_9b_r5@pass1 owner=1_4_1_r7:fired f=(2*(e*x+d)^m)/(5*x^2+2*x+3)
    #9 d=4 dl=3 p0-mr_top fb=true seenlen=2 seen=exact@#8(idx1,live=yes) out=fall-through:seen-hit owner=1_2_1_9b_r5:fired f=(2*(e*x+d)^m)/(5*x^2+2*x+3)
        matched elem=(2*(e*x+d)^m)/(5*x^2+2*x+3)

--- c1 g194 1 Algebraic functions/1.2 Trinomial products/1.2.2 Quartic/1.2.2.7 P(x) (d+e x^2)^q (a+b x^2+c x^4)^p.mac e33 (eq)
  [trace] class=deferred t=1.2s L74 returned=yes t=1.228018 calls=2 ratsimp-hits=1 exact-hits=0 unexited=0 misfire/fault-lines=0 top=1_2_2_7_r12
    fires=1_2_2_7_r12
    answer sha1=9e41d31cd4a9 'integrate((B*x^2*(e*x^2+d)^q)/(c*x^4+b*x^2+a)+(A*(e*x^2+d)^q)/(c*x^4+b*x^2+a),x)
    #1 d=1 dl=1 seenp fb=false seenlen=0 seen=- out=1_2_2_7_r12 owner=- f=((B*x^2+A)*(e*x^2+d)^q)/(c*x^4+b*x^2+a)
    #2 d=2 dl=2 seenp fb=true seenlen=1 seen=ratsimp@#1(idx1,live=yes) out=fall-through:seen-hit owner=1_2_2_7_r12:fired f=(B*x^2*(e*x^2+d)^q)/(c*x^4+b*x^2+a)+(A*(e*x^2+d)^q)/(c*x^4+b*x^2+a)
        matched elem=((B*x^2+A)*(e*x^2+d)^q)/(c*x^4+b*x^2+a)
  [exact-only] class=contains-noun t=4.2s L74 returned=yes t=4.176059 calls=8 ratsimp-hits=0 exact-hits=1 unexited=0 misfire/fault-lines=1 top=1_2_2_7_r12
    fires=1_2_2_4_r61,1_4_1_r18,1_2_2_3_r99,1_4_1_r18,1_4_1_r7,1_2_2_7_r12
    answer sha1=07c44b7b03b2 'integrate((x^2*(e*x^2+d)^q)/((c*x^4)/B+(b*x^2)/B+a/B),x)+'unintegrable[(e*x^2+d)^q/((c*x^4)/A+(b*x^2)/A+a/A),x]
    #1 d=1 dl=1 seenp fb=false seenlen=0 seen=- out=1_2_2_7_r12 owner=- f=((B*x^2+A)*(e*x^2+d)^q)/(c*x^4+b*x^2+a)
    #2 d=2 dl=2 seenp fb=true seenlen=1 seen=- out=1_4_1_r7 owner=1_2_2_7_r12:fired f=(B*x^2*(e*x^2+d)^q)/(c*x^4+b*x^2+a)+(A*(e*x^2+d)^q)/(c*x^4+b*x^2+a)
    #3 d=3 dl=3 seenp fb=true seenlen=2 seen=- out=1_4_1_r18 owner=1_4_1_r7:fired f=(B*x^2*(e*x^2+d)^q)/(c*x^4+b*x^2+a)
    #4 d=4 dl=4 seenp fb=true seenlen=3 seen=- out=1_2_2_4_r61 owner=1_4_1_r18:fired f=(x^2*(e*x^2+d)^q)/((c*x^4)/B+(b*x^2)/B+a/B)
    #5 d=5 dl=5 seenp fb=true seenlen=4 seen=exact@#4(idx1,live=yes) out=fall-through:seen-hit owner=1_2_2_4_r61:fired f=(x^2*(e*x^2+d)^q)/((c*x^4)/B+(b*x^2)/B+a/B)
        matched elem=(x^2*(e*x^2+d)^q)/((c*x^4)/B+(b*x^2)/B+a/B)
    #6 d=3 dl=3 seenp fb=true seenlen=2 seen=- out=1_4_1_r18 owner=1_4_1_r7:fired f=(A*(e*x^2+d)^q)/(c*x^4+b*x^2+a)
    #7 d=4 dl=4 seenp fb=true seenlen=3 seen=- out=1_2_2_3_r99 owner=1_4_1_r18:fired f=(e*x^2+d)^q/((c*x^4)/A+(b*x^2)/A+a/A)
    #8 d=5 dl=5 seenp fb=true seenlen=4 seen=- out=fall-through:nofire owner=1_2_2_3_r32:misfire f=(e*x^2+d)^q/((2*c*x^2)/A-sqrt(b^2/A^2-(4*a*c)/A^2)+b/A)
  [p0] class=verified t=4.6s L74 returned=yes t=4.559063 calls=5 ratsimp-hits=0 exact-hits=1 unexited=0 misfire/fault-lines=0 top=1_2_2_7_r12@pass2
    fires=1_2_2_7_r12,1_4_1_r7,1_2_2_7_r12
    answer sha1=5d44068e2321 B*'integrate((x^2*(e*x^2+d)^q)/(c*x^4+b*x^2+a),x)+A*'integrate((e*x^2+d)^q/(c*x^4+b*x^2+a),x)
    #1 d=1 dl=1 p0-mr_top fb=false seenlen=0 seen=- out=1_2_2_7_r12@pass2 owner=- f=((B*x^2+A)*(e*x^2+d)^q)/(c*x^4+b*x^2+a)
    #2 d=2 dl=1 p0-mr_top fb=true seenlen=0 seen=- out=1_4_1_r7@pass1 owner=1_2_2_7_r12:fired f=(B*x^2*(e*x^2+d)^q)/(c*x^4+b*x^2+a)+(A*(e*x^2+d)^q)/(c*x^4+b*x^2+a)
    #3 d=3 dl=2 p0-mr_top fb=true seenlen=1 seen=- out=fall-through:nofire owner=1_4_1_r7:fired f=(B*x^2*(e*x^2+d)^q)/(c*x^4+b*x^2+a)
    #4 d=3 dl=2 p0-mr_top fb=true seenlen=1 seen=- out=1_2_2_7_r12@pass1 owner=1_4_1_r7:fired f=(A*(e*x^2+d)^q)/(c*x^4+b*x^2+a)
    #5 d=4 dl=3 p0-mr_top fb=true seenlen=2 seen=exact@#4(idx1,live=yes) out=fall-through:seen-hit owner=1_2_2_7_r12:fired f=(A*(e*x^2+d)^q)/(c*x^4+b*x^2+a)
        matched elem=(A*(e*x^2+d)^q)/(c*x^4+b*x^2+a)

--- c1 g195 1 Algebraic functions/1.2 Trinomial products/1.2.2 Quartic/1.2.2.7 P(x) (d+e x^2)^q (a+b x^2+c x^4)^p.mac e15 (eq)
  [trace] class=deferred t=0.9s L32 returned=yes t=0.888013 calls=2 ratsimp-hits=1 exact-hits=0 unexited=0 misfire/fault-lines=0 top=1_2_2_7_r13
    fires=1_2_2_7_r13
    answer sha1=07e258b102f0 'integrate((B*x^2*(e*x^2+d)^q)/(c*x^4+a)+(A*(e*x^2+d)^q)/(c*x^4+a),x)
    #1 d=1 dl=1 seenp fb=false seenlen=0 seen=- out=1_2_2_7_r13 owner=- f=((B*x^2+A)*(e*x^2+d)^q)/(c*x^4+a)
    #2 d=2 dl=2 seenp fb=true seenlen=1 seen=ratsimp@#1(idx1,live=yes) out=fall-through:seen-hit owner=1_2_2_7_r13:fired f=(B*x^2*(e*x^2+d)^q)/(c*x^4+a)+(A*(e*x^2+d)^q)/(c*x^4+a)
        matched elem=((B*x^2+A)*(e*x^2+d)^q)/(c*x^4+a)
  [exact-only] class=verified t=4.1s L32 returned=yes t=4.092056 calls=9 ratsimp-hits=0 exact-hits=1 unexited=0 misfire/fault-lines=0 top=1_2_2_7_r13
    fires=1_2_2_4_r62,1_4_1_r18,1_2_2_3_r33,1_4_1_r18,1_4_1_r7,1_2_2_7_r13
    answer sha1=5aa2887680df 'integrate((x^2*(e*x^2+d)^q)/((c*x^4)/B+a/B),x)+(%i*sqrt(c)*'integrate((e*x^2+d)^q/((c*x^2)/A+%i*sqrt(1/A^2)*sqrt(a)*sqrt(c)),x))/(2*sqrt(1/A^2)*A*sqrt(a))+(%i*...
    #1 d=1 dl=1 seenp fb=false seenlen=0 seen=- out=1_2_2_7_r13 owner=- f=((B*x^2+A)*(e*x^2+d)^q)/(c*x^4+a)
    #2 d=2 dl=2 seenp fb=true seenlen=1 seen=- out=1_4_1_r7 owner=1_2_2_7_r13:fired f=(B*x^2*(e*x^2+d)^q)/(c*x^4+a)+(A*(e*x^2+d)^q)/(c*x^4+a)
    #3 d=3 dl=3 seenp fb=true seenlen=2 seen=- out=1_4_1_r18 owner=1_4_1_r7:fired f=(B*x^2*(e*x^2+d)^q)/(c*x^4+a)
    #4 d=4 dl=4 seenp fb=true seenlen=3 seen=- out=1_2_2_4_r62 owner=1_4_1_r18:fired f=(x^2*(e*x^2+d)^q)/((c*x^4)/B+a/B)
    #5 d=5 dl=5 seenp fb=true seenlen=4 seen=exact@#4(idx1,live=yes) out=fall-through:seen-hit owner=1_2_2_4_r62:fired f=(x^2*(e*x^2+d)^q)/((c*x^4)/B+a/B)
        matched elem=(x^2*(e*x^2+d)^q)/((c*x^4)/B+a/B)
    #6 d=3 dl=3 seenp fb=true seenlen=2 seen=- out=1_4_1_r18 owner=1_4_1_r7:fired f=(A*(e*x^2+d)^q)/(c*x^4+a)
    #7 d=4 dl=4 seenp fb=true seenlen=3 seen=- out=1_2_2_3_r33 owner=1_4_1_r18:fired f=(e*x^2+d)^q/((c*x^4)/A+a/A)
    #8 d=5 dl=5 seenp fb=true seenlen=4 seen=- out=fall-through:nofire owner=1_2_2_3_r33:fired f=(e*x^2+d)^q/(%i*sqrt(1/A^2)*sqrt(a)*sqrt(c)-(c*x^2)/A)
    #9 d=5 dl=5 seenp fb=true seenlen=4 seen=- out=fall-through:nofire owner=1_2_2_3_r33:fired f=(e*x^2+d)^q/((c*x^2)/A+%i*sqrt(1/A^2)*sqrt(a)*sqrt(c))
  [p0] class=verified t=4.6s L32 returned=yes t=4.609065 calls=5 ratsimp-hits=0 exact-hits=1 unexited=0 misfire/fault-lines=0 top=1_2_2_7_r12@pass2
    fires=1_2_2_7_r12,1_4_1_r7,1_2_2_7_r12
    answer sha1=2d29ece6d797 B*'integrate((x^2*(e*x^2+d)^q)/(c*x^4+a),x)+A*'integrate((e*x^2+d)^q/(c*x^4+a),x)
    #1 d=1 dl=1 p0-mr_top fb=false seenlen=0 seen=- out=1_2_2_7_r12@pass2 owner=- f=((B*x^2+A)*(e*x^2+d)^q)/(c*x^4+a)
    #2 d=2 dl=1 p0-mr_top fb=true seenlen=0 seen=- out=1_4_1_r7@pass1 owner=1_2_2_7_r12:fired f=(B*x^2*(e*x^2+d)^q)/(c*x^4+a)+(A*(e*x^2+d)^q)/(c*x^4+a)
    #3 d=3 dl=2 p0-mr_top fb=true seenlen=1 seen=- out=fall-through:nofire owner=1_4_1_r7:fired f=(B*x^2*(e*x^2+d)^q)/(c*x^4+a)
    #4 d=3 dl=2 p0-mr_top fb=true seenlen=1 seen=- out=1_2_2_7_r12@pass1 owner=1_4_1_r7:fired f=(A*(e*x^2+d)^q)/(c*x^4+a)
    #5 d=4 dl=3 p0-mr_top fb=true seenlen=2 seen=exact@#4(idx1,live=yes) out=fall-through:seen-hit owner=1_2_2_7_r12:fired f=(A*(e*x^2+d)^q)/(c*x^4+a)
        matched elem=(A*(e*x^2+d)^q)/(c*x^4+a)

--- c1 g197 1 Algebraic functions/1.3 Miscellaneous/1.3.2 Algebraic functions.mac e878 (eq)
  [trace] class=deferred t=1.3s L1163 returned=yes t=1.278017 calls=2 ratsimp-hits=1 exact-hits=0 unexited=0 misfire/fault-lines=0 top=1_4_3_r56
    fires=1_4_3_r56
    answer sha1=3a62ea91db7b 'integrate((2*(x+1)^2)/((1-x^3)^(2/3)*(x^3+1))-(x+1)^3/((1-x^3)^(2/3)*(x^3+1)),x)
    #1 d=1 dl=1 seenp fb=false seenlen=0 seen=- out=1_4_3_r56 owner=- f=(1-x^2)/((x^2-x+1)*(1-x^3)^(2/3))
    #2 d=2 dl=2 seenp fb=true seenlen=1 seen=ratsimp@#1(idx1,live=yes) out=fall-through:seen-hit owner=1_4_3_r56:fired f=(2*(x+1)^2)/((1-x^3)^(2/3)*(x^3+1))-(x+1)^3/((1-x^3)^(2/3)*(x^3+1))
        matched elem=(1-x^2)/((x^2-x+1)*(1-x^3)^(2/3))
  [exact-only] class=unverified t=17.3s L1163 returned=yes t=16.966236 calls=61 ratsimp-hits=0 exact-hits=0 unexited=0 misfire/fault-lines=0 top=1_4_3_r56
    fires=1_4_1_r18,1_4_1_r18,1_4_3_r56,1_4_1_r18,1_4_1_r18,1_4_3_r56,1_4_1_r18,1_4_1_r18,1_4_3_r56,1_4_1_r18,1_4_1_r18,1_4_3_r56,1_4_1_r18,1_4_1_r18,1_1_3_1_r57,1_1_3_1_r57,1_1_1_1_r3,1_1_2_1_r11,1_2_1_1_r11,1_2_1_2_r3,1_2_1_2_r9,1_1_3_2_r34,1_1_1_1_r3,1_1_2_1_r11,1_2_1_1_r11,1_2_1_2_r3,1_2_1_2_r9,1_1_3_2_r34,1_1_3_4_r47,1_1_3_3_r41,1_1_3_3_r42,1_1_3_4_r48,1_1_1_1_r3,1_1_2_1_r11,1_2_1_1_r11,1_1_1_2_r26,1_1_3_4_r9,1_4_1_r18,1_1_3_4_r78,1_1_3_1_r57,1_1_1_1_r3,1_1_2_1_r11,1_2_1_1_r11,1_2_1_2_r3,1_2_1_2_r9,1_1_3_2_r34,1_1_1_1_r3,1_1_2_1_r11,1_2_1_1_r11,1_2_1_2_r3,1_2_1_2_r9,1_1_3_2_r34,1_1_3_4_r47,1_1_3_3_r41,1_1_3_3_r42,1_4_1_r7,1_4_3_r56,1_4_1_r18,1_4_1_r7,1_4_3_r56
    answer sha1=44a3e99b5cd7 (2*3^(3/2)*atan((2^(2/3)*(1-x^3)^(1/3)+1)/sqrt(3))-9*log(2^(1/3)-(1-x^3)^(1/3))+3*log((x^3+1)/3))/(3*2^(5/3))+('integrate((x/2097152+1/2097152)/((x^2/3602879701...
    #1 d=1 dl=1 seenp fb=false seenlen=0 seen=- out=1_4_3_r56 owner=- f=(1-x^2)/((x^2-x+1)*(1-x^3)^(2/3))
    #2 d=2 dl=2 seenp fb=true seenlen=1 seen=- out=1_4_1_r7 owner=1_4_3_r56:fired f=(2*(x+1)^2)/((1-x^3)^(2/3)*(x^3+1))-(x+1)^3/((1-x^3)^(2/3)*(x^3+1))
    #3 d=3 dl=3 seenp fb=true seenlen=2 seen=- out=1_4_1_r18 owner=1_4_1_r7:fired f=(2*(x+1)^2)/((1-x^3)^(2/3)*(x^3+1))
    #4 d=4 dl=4 seenp fb=true seenlen=3 seen=- out=1_4_1_r18 owner=1_4_1_r18:fired f=(x+1)^2/((1-x^3)^(2/3)*(x^3/2+1/2))
    #5 d=5 dl=5 seenp fb=true seenlen=4 seen=- out=1_4_3_r56 owner=1_4_1_r18:fired f=(x+1)/((x^2/2-x/2+1/2)*(1-x^3)^(2/3))
    #6 d=6 dl=6 seenp fb=true seenlen=5 seen=- out=1_4_1_r18 owner=1_4_3_r56:fired f=(2*(x/2+1/2)^2)/((1-x^3)^(2/3)*(x^3/8+1/8))
    #7 d=7 dl=7 seenp fb=true seenlen=6 seen=- out=1_4_1_r18 owner=1_4_1_r18:fired f=(x/2+1/2)^2/((1-x^3)^(2/3)*(x^3/16+1/16))
    #8 d=8 dl=8 seenp fb=true seenlen=7 seen=- out=1_4_3_r56 owner=1_4_1_r18:fired f=(x/2+1/2)/((x^2/8-x/8+1/8)*(1-x^3)^(2/3))
    #9 d=9 dl=9 seenp fb=true seenlen=8 seen=- out=1_4_1_r18 owner=1_4_3_r56:fired f=(4*(x/8+1/8)^2)/((1-x^3)^(2/3)*(x^3/512+1/512))
    #10 d=10 dl=10 seenp fb=true seenlen=9 seen=- out=1_4_1_r18 owner=1_4_1_r18:fired f=(x/8+1/8)^2/((1-x^3)^(2/3)*(x^3/2048+1/2048))
    #11 d=11 dl=11 seenp fb=true seenlen=10 seen=- out=1_4_3_r56 owner=1_4_1_r18:fired f=(x/8+1/8)/((x^2/256-x/256+1/256)*(1-x^3)^(2/3))
    #12 d=12 dl=12 seenp fb=true seenlen=11 seen=- out=1_4_1_r18 owner=1_4_3_r56:fired f=(32*(x/256+1/256)^2)/((1-x^3)^(2/3)*(x^3/16777216+1/16777216))
    #13 d=13 dl=13 seenp fb=true seenlen=12 seen=- out=1_4_1_r18 owner=1_4_1_r18:fired f=(x/256+1/256)^2/((1-x^3)^(2/3)*(x^3/536870912+1/536870912))
    #14 d=14 dl=14 seenp fb=true seenlen=13 seen=- out=1_4_3_r56 owner=1_4_1_r18:fired f=(x/256+1/256)/((x^2/2097152-x/2097152+1/2097152)*(1-x^3)^(2/3))
    #15 d=15 dl=15 seenp fb=true seenlen=14 seen=- out=1_4_1_r18 owner=1_4_3_r56:fired f=(8192*(x/2097152+1/2097152)^2)/((1-x^3)^(2/3)*(x^3/9223372036854775808+1/9223372036854775808))
    #16 d=16 dl=16 seenp fb=true seenlen=15 seen=- out=1_4_1_r18 owner=1_4_1_r18:fired f=(x/2097152+1/2097152)^2/((1-x^3)^(2/3)*(x^3/75557863725914323419136+1/75557863725914323419136))
    #17 d=17 dl=17 seenp fb=true seenlen=16 seen=- out=fall-through:depthcap owner=1_4_1_r18:fired f=(x/2097152+1/2097152)/((x^2/36028797018963968-x/36028797018963968+1/36028797018963968)*(1-x^3)^(2/3))
    #18 d=3 dl=3 seenp fb=true seenlen=2 seen=- out=1_4_1_r18 owner=1_4_1_r7:fired f=(x+1)^3/((1-x^3)^(2/3)*(x^3+1))
    #19 d=4 dl=4 seenp fb=true seenlen=3 seen=- out=1_4_3_r56 owner=1_4_1_r18:fired f=(x+1)^2/((x^2-x+1)*(1-x^3)^(2/3))
    #20 d=5 dl=5 seenp fb=true seenlen=4 seen=- out=1_4_1_r7 owner=1_4_3_r56:fired f=x^3/((1-x^3)^(2/3)*(x^3+1))+(3*x^2)/((1-x^3)^(2/3)*(x^3+1))+(3*x)/((1-x^3)^(2/3)*(x^3+1))+1/((1-x^3)^(2/3)*(x^...
    #21 d=6 dl=6 seenp fb=true seenlen=5 seen=- out=1_1_3_4_r48 owner=1_4_1_r7:fired f=x^3/((1-x^3)^(2/3)*(x^3+1))
    #22 d=7 dl=7 seenp fb=true seenlen=6 seen=- out=1_1_3_1_r57 owner=1_1_3_4_r48:fired f=1/(1-x^3)^(2/3)
    #23 d=7 dl=7 seenp fb=true seenlen=6 seen=- out=1_1_3_3_r42 owner=1_1_3_4_r48:fired f=1/((1-x^3)^(2/3)*(x^3+1))
    #24 d=8 dl=8 seenp fb=true seenlen=7 seen=- out=1_1_3_1_r57 owner=1_1_3_3_r42:fired f=1/(1-x^3)^(2/3)
    #25 d=8 dl=8 seenp fb=true seenlen=7 seen=- out=1_1_3_3_r41 owner=1_1_3_3_r42:fired f=(1-x^3)^(1/3)/(x^3+1)
    #26 d=9 dl=9 seenp fb=true seenlen=8 seen=- out=1_1_3_4_r47 owner=1_1_3_3_r41:fired f=x/((4-x^3)*(2*x^3+1))
    #27 d=10 dl=10 seenp fb=true seenlen=9 seen=- out=1_1_3_2_r34 owner=1_1_3_4_r47:fired f=x/(2*x^3+1)
    #28 d=11 dl=11 seenp fb=true seenlen=10 seen=- out=1_1_1_1_r3 owner=1_1_3_2_r34:fired f=1/(2^(1/3)*x+1)
    #29 d=11 dl=11 seenp fb=true seenlen=10 seen=- out=1_2_1_2_r9 owner=1_1_3_2_r34:fired f=(2^(1/3)*x+1)/(2^(2/3)*x^2-2^(1/3)*x+1)
    #30 d=12 dl=12 seenp fb=true seenlen=11 seen=- out=1_2_1_1_r11 owner=1_2_1_2_r9:fired f=1/(2^(2/3)*x^2-2^(1/3)*x+1)
    #31 d=13 dl=13 seenp fb=true seenlen=12 seen=- out=1_1_2_1_r11 owner=1_2_1_1_r11:fired f=1/(-x^2-3)
    #32 d=12 dl=12 seenp fb=true seenlen=11 seen=- out=1_2_1_2_r3 owner=1_2_1_2_r9:fired f=(2^(5/3)*x-2^(1/3))/(2^(2/3)*x^2-2^(1/3)*x+1)
    #33 d=10 dl=10 seenp fb=true seenlen=9 seen=- out=1_1_3_2_r34 owner=1_1_3_4_r47:fired f=x/(4-x^3)
    #34 d=11 dl=11 seenp fb=true seenlen=10 seen=- out=1_1_1_1_r3 owner=1_1_3_2_r34:fired f=1/(4^(1/3)-x)
    #35 d=11 dl=11 seenp fb=true seenlen=10 seen=- out=1_2_1_2_r9 owner=1_1_3_2_r34:fired f=(4^(1/3)-x)/(x^2+4^(1/3)*x+4^(2/3))
    #36 d=12 dl=12 seenp fb=true seenlen=11 seen=- out=1_2_1_1_r11 owner=1_2_1_2_r9:fired f=1/(x^2+4^(1/3)*x+4^(2/3))
    #37 d=13 dl=13 seenp fb=true seenlen=12 seen=- out=1_1_2_1_r11 owner=1_2_1_1_r11:fired f=1/(-x^2-3)
    #38 d=12 dl=12 seenp fb=true seenlen=11 seen=- out=1_2_1_2_r3 owner=1_2_1_2_r9:fired f=(2*x+4^(1/3))/(x^2+4^(1/3)*x+4^(2/3))
    #39 d=6 dl=6 seenp fb=true seenlen=5 seen=- out=1_4_1_r18 owner=1_4_1_r7:fired f=(3*x^2)/((1-x^3)^(2/3)*(x^3+1))
    #40 d=7 dl=7 seenp fb=true seenlen=6 seen=- out=1_1_3_4_r9 owner=1_4_1_r18:fired f=x^2/((1-x^3)^(2/3)*(x^3/3+1/3))
    #41 d=8 dl=8 seenp fb=true seenlen=7 seen=- out=1_1_1_2_r26 owner=1_1_3_4_r9:fired f=1/((1-x)^(2/3)*(x/3+1/3))
    #42 d=9 dl=9 seenp fb=true seenlen=8 seen=- out=1_1_1_1_r3 owner=1_1_1_2_r26:fired f=1/(2^(1/3)-x)
    #43 d=9 dl=9 seenp fb=true seenlen=8 seen=- out=1_2_1_1_r11 owner=1_1_1_2_r26:fired f=1/(x^2+2^(1/3)*x+2^(2/3))
    #44 d=10 dl=10 seenp fb=true seenlen=9 seen=- out=1_1_2_1_r11 owner=1_2_1_1_r11:fired f=1/(-x^2-3)
    #45 d=6 dl=6 seenp fb=true seenlen=5 seen=- out=1_1_3_4_r78 owner=1_4_1_r7:fired f=(3*x)/((1-x^3)^(2/3)*(x^3+1))
    #46 d=6 dl=6 seenp fb=true seenlen=5 seen=- out=1_1_3_3_r42 owner=1_4_1_r7:fired f=1/((1-x^3)^(2/3)*(x^3+1))
    #47 d=7 dl=7 seenp fb=true seenlen=6 seen=- out=1_1_3_1_r57 owner=1_1_3_3_r42:fired f=1/(1-x^3)^(2/3)
    #48 d=7 dl=7 seenp fb=true seenlen=6 seen=- out=1_1_3_3_r41 owner=1_1_3_3_r42:fired f=(1-x^3)^(1/3)/(x^3+1)
    #49 d=8 dl=8 seenp fb=true seenlen=7 seen=- out=1_1_3_4_r47 owner=1_1_3_3_r41:fired f=x/((4-x^3)*(2*x^3+1))
    #50 d=9 dl=9 seenp fb=true seenlen=8 seen=- out=1_1_3_2_r34 owner=1_1_3_4_r47:fired f=x/(2*x^3+1)
    #51 d=10 dl=10 seenp fb=true seenlen=9 seen=- out=1_1_1_1_r3 owner=1_1_3_2_r34:fired f=1/(2^(1/3)*x+1)
    #52 d=10 dl=10 seenp fb=true seenlen=9 seen=- out=1_2_1_2_r9 owner=1_1_3_2_r34:fired f=(2^(1/3)*x+1)/(2^(2/3)*x^2-2^(1/3)*x+1)
    #53 d=11 dl=11 seenp fb=true seenlen=10 seen=- out=1_2_1_1_r11 owner=1_2_1_2_r9:fired f=1/(2^(2/3)*x^2-2^(1/3)*x+1)
    #54 d=12 dl=12 seenp fb=true seenlen=11 seen=- out=1_1_2_1_r11 owner=1_2_1_1_r11:fired f=1/(-x^2-3)
    #55 d=11 dl=11 seenp fb=true seenlen=10 seen=- out=1_2_1_2_r3 owner=1_2_1_2_r9:fired f=(2^(5/3)*x-2^(1/3))/(2^(2/3)*x^2-2^(1/3)*x+1)
    #56 d=9 dl=9 seenp fb=true seenlen=8 seen=- out=1_1_3_2_r34 owner=1_1_3_4_r47:fired f=x/(4-x^3)
    #57 d=10 dl=10 seenp fb=true seenlen=9 seen=- out=1_1_1_1_r3 owner=1_1_3_2_r34:fired f=1/(4^(1/3)-x)
    #58 d=10 dl=10 seenp fb=true seenlen=9 seen=- out=1_2_1_2_r9 owner=1_1_3_2_r34:fired f=(4^(1/3)-x)/(x^2+4^(1/3)*x+4^(2/3))
    #59 d=11 dl=11 seenp fb=true seenlen=10 seen=- out=1_2_1_1_r11 owner=1_2_1_2_r9:fired f=1/(x^2+4^(1/3)*x+4^(2/3))
    #60 d=12 dl=12 seenp fb=true seenlen=11 seen=- out=1_1_2_1_r11 owner=1_2_1_1_r11:fired f=1/(-x^2-3)
    #61 d=11 dl=11 seenp fb=true seenlen=10 seen=- out=1_2_1_2_r3 owner=1_2_1_2_r9:fired f=(2*x+4^(1/3))/(x^2+4^(1/3)*x+4^(2/3))
  [p0] class=verified t=4.0s L1163 returned=yes t=4.020055 calls=4 ratsimp-hits=0 exact-hits=0 unexited=0 misfire/fault-lines=0 top=1_4_3_r55@pass2
    fires=1_4_1_r7,1_4_3_r55
    answer sha1=dd08fd75a326 2*'integrate((x+1)^2/((1-x^3)^(2/3)*(x^3+1)),x)-'integrate((x+1)^3/((1-x^3)^(2/3)*(x^3+1)),x)
    #1 d=1 dl=1 p0-mr_top fb=false seenlen=0 seen=- out=1_4_3_r55@pass2 owner=- f=(1-x^2)/((x^2-x+1)*(1-x^3)^(2/3))
    #2 d=2 dl=1 p0-mr_top fb=true seenlen=0 seen=- out=1_4_1_r7@pass1 owner=1_4_3_r55:fired f=(2*(x+1)^2)/((1-x^3)^(2/3)*(x^3+1))-(x+1)^3/((1-x^3)^(2/3)*(x^3+1))
    #3 d=3 dl=2 p0-mr_top fb=true seenlen=1 seen=- out=fall-through:nofire owner=1_4_1_r7:fired f=(2*(x+1)^2)/((1-x^3)^(2/3)*(x^3+1))
    #4 d=3 dl=2 p0-mr_top fb=true seenlen=1 seen=- out=fall-through:nofire owner=1_4_1_r7:fired f=(x+1)^3/((1-x^3)^(2/3)*(x^3+1))

=== table (fixed core)
| entry | group | ratsimp-seen-hit (trace arm): #call@owner rule | class trace | class exact-only | answer trace vs exact-only | probe-10 final30 class | trace |
|---|---|---|---|---|---|---|---|
| 1.2.2.4 e204 | c1 g7 | yes #2@1_2_2_4_r93:fired | deferred | unverified | differs | deferred | ok |
| 1.2.2.4 e205 | c1 g7 | yes #2@1_2_2_4_r93:fired | deferred | unverified | differs | deferred | ok |
| 1.2.2.4 e206 | c1 g7 | yes #2@1_2_2_4_r93:fired | deferred | contains-noun | differs | deferred | ok |
| 1.2.2.4 e207 | c1 g7 | yes #2@1_2_2_4_r93:fired | deferred | contains-noun | differs | deferred | ok |
| 1.2.2.4 e208 | c1 g7 | yes #2@1_2_2_4_r93:fired | deferred | unverified | differs | deferred | ok |
| 1.2.2.4 e209 | c1 g7 | yes #2@1_2_2_4_r93:fired | deferred | unverified | differs | deferred | ok |
| 1.2.2.4 e210 | c1 g7 | yes #2@1_2_2_4_r93:fired | deferred | contains-noun | differs | deferred | ok |
| 1.2.2.4 e211 | c1 g7 | yes #2@1_2_2_4_r93:fired | deferred | contains-noun | differs | deferred | ok |
| 1.2.2.4 e212 | c1 g7 | yes #2@1_2_2_4_r93:fired | deferred | contains-noun | differs | deferred | ok |
| 1.2.2.4 e213 | c1 g7 | yes #2@1_2_2_4_r93:fired | deferred | contains-noun | differs | deferred | ok |
| 1.2.2.4 e214 | c1 g7 | yes #2@1_2_2_4_r93:fired | deferred | contains-noun | differs | deferred | ok |
| 1.2.2.4 e215 | c1 g7 | yes #2@1_2_2_4_r93:fired | deferred | contains-noun | differs | deferred | ok |
| 1.2.2.4 e216 | c1 g7 | yes #2@1_2_2_4_r93:fired | deferred | contains-noun | differs | deferred | ok |
| 1.2.2.4 e217 | c1 g7 | yes #2@1_2_2_4_r93:fired | deferred | contains-noun | differs | deferred | ok |
| 1.2.2.4 e218 | c1 g7 | yes #2@1_2_2_4_r93:fired | deferred | contains-noun | differs | deferred | ok |
| 1.2.2.4 e219 | c1 g7 | yes #2@1_2_2_4_r93:fired | deferred | contains-noun | differs | deferred | ok |
| 1.2.2.4 e225 | c1 g7 | yes #2@1_2_2_4_r93:fired | deferred | unverified | differs | deferred | ok |
| 1.2.2.4 e226 | c1 g7 | yes #2@1_2_2_4_r93:fired | deferred | unverified | differs | deferred | ok |
| 1.2.2.4 e227 | c1 g7 | yes #2@1_2_2_4_r93:fired | deferred | contains-noun | differs | deferred | ok |
| 1.2.2.4 e228 | c1 g7 | yes #2@1_2_2_4_r93:fired | deferred | contains-noun | differs | deferred | ok |
| 1.2.1.4 e442 | c1 g9 | yes #2@1_2_1_3_r109:fired | deferred | deferred | differs | deferred | ok |
| 1.2.1.4 e443 | c1 g9 | yes #2@1_2_1_3_r109:fired | deferred | deferred | differs | deferred | ok |
| 1.2.1.4 e444 | c1 g9 | yes #2@1_2_1_3_r109:fired | deferred | deferred | differs | deferred | ok |
| 1.2.1.4 e445 | c1 g9 | yes #2@1_2_1_3_r109:fired | deferred | deferred | differs | deferred | ok |
| 1.2.1.4 e451 | c1 g9 | yes #2@1_2_1_3_r109:fired | deferred | deferred | differs | deferred | ok |
| 1.2.1.4 e452 | c1 g9 | yes #2@1_2_1_3_r109:fired | deferred | deferred | differs | deferred | ok |
| 1.2.1.4 e453 | c1 g9 | yes #2@1_2_1_3_r109:fired | deferred | deferred | differs | deferred | ok |
| 1.2.1.4 e454 | c1 g9 | yes #2@1_2_1_3_r109:fired | deferred | deferred | differs | deferred | ok |
| 1.2.1.4 e455 | c1 g9 | yes #2@1_2_1_3_r109:fired | deferred | deferred | differs | deferred | ok |
| 1.2.1.4 e456 | c1 g9 | yes #2@1_2_1_3_r109:fired | deferred | deferred | differs | deferred | ok |
| 1.2.1.4 e462 | c1 g9 | yes #2@1_2_1_3_r109:fired | deferred | deferred | differs | deferred | ok |
| 1.2.1.4 e463 | c1 g9 | yes #2@1_2_1_3_r109:fired | deferred | deferred | differs | deferred | ok |
| 1.2.1.4 e464 | c1 g9 | yes #2@1_2_1_3_r109:fired | deferred | deferred | differs | deferred | ok |
| 1.2.1.4 e465 | c1 g9 | yes #2@1_2_1_3_r109:fired | deferred | deferred | differs | deferred | ok |
| 1.2.1.4 e466 | c1 g9 | yes #2@1_2_1_3_r109:fired | deferred | deferred | differs | deferred | ok |
| 1.2.1.4 e467 | c1 g9 | yes #2@1_2_1_3_r109:fired | deferred | deferred | differs | deferred | ok |
| 1.2.1.4 e468 | c1 g9 | yes #2@1_2_1_3_r109:fired | deferred | deferred | differs | deferred | ok |
| 1.2.1.4 e469 | c1 g9 | yes #2@1_2_1_3_r109:fired | deferred | deferred | differs | deferred | ok |
| 1.1.1.2 e879 | c1 g22 | yes #2@1_4_1_r18:fired | deferred | verified | differs | deferred | ok |
| 1.1.1.2 e881 | c1 g22 | yes #2@1_4_1_r18:fired | deferred | deferred | same | deferred | ok |
| 1.1.1.2 e887 | c1 g22 | yes #2@1_4_1_r18:fired | deferred | verified | differs | deferred | ok |
| 1.1.1.2 e889 | c1 g22 | yes #2@1_4_1_r18:fired | deferred | deferred | same | deferred | ok |
| 1.1.1.3 e373 | c1 g22 | yes #2@1_4_1_r18:fired | deferred | expected | differs | deferred | ok |
| 1.1.2.8 e58 | c1 g22 | yes #2@1_4_1_r18:fired | deferred | expected | differs | deferred | ok |
| 1.1.3.8 e63 | c1 g22 | yes #2@1_4_1_r18:fired | deferred | verified | differs | deferred | ok |
| 1.1.3.8 e64 | c1 g22 | yes #2@1_4_1_r18:fired | deferred | verified | differs | deferred | ok |
| 1.1.3.8 e65 | c1 g22 | yes #2@1_4_1_r18:fired | deferred | verified | differs | deferred | ok |
| 1.2.2.5 e64 | c1 g22 | yes #2@1_4_1_r18:fired | deferred | verified | differs | deferred | ok |
| 1.2.2.7 e1 | c1 g25 | yes #2@1_2_2_7_r41:fired | deferred | verified | differs | deferred | ok |
| 1.2.2.7 e2 | c1 g25 | yes #2@1_2_2_7_r41:fired | deferred | verified | differs | deferred | ok |
| 1.2.2.7 e3 | c1 g25 | yes #2@1_2_2_7_r41:fired | deferred | verified | differs | deferred | ok |
| 1.2.2.7 e8 | c1 g25 | yes #2@1_2_2_7_r41:fired | deferred | verified | differs | deferred | ok |
| 1.2.2.7 e9 | c1 g25 | yes #2@1_2_2_7_r41:fired | deferred | verified | differs | deferred | ok |
| 1.2.2.7 e10 | c1 g25 | yes #2@1_2_2_7_r41:fired | deferred | verified | differs | deferred | ok |
| 1.2.2.7 e12 | c1 g25 | yes #2@1_2_2_7_r41:fired | deferred | verified | differs | deferred | ok |
| 1.2.2.7 e13 | c1 g25 | yes #2@1_2_2_7_r41:fired | deferred | verified | differs | deferred | ok |
| 1.2.2.7 e14 | c1 g25 | yes #2@1_2_2_7_r41:fired | deferred | timeout | n/a | deferred | INCOMPLETE |
| 1.2.1.4 e322 | c1 g30 | yes #2@1_1_2_8_r102:fired | deferred | deferred | differs | deferred | ok |
| 1.2.1.4 e323 | c1 g30 | yes #2@1_1_2_8_r102:fired | deferred | deferred | differs | deferred | ok |
| 1.2.1.4 e324 | c1 g30 | yes #2@1_1_2_8_r102:fired | deferred | deferred | differs | deferred | ok |
| 1.2.1.4 e325 | c1 g30 | yes #2@1_1_2_8_r102:fired | deferred | deferred | differs | deferred | ok |
| 1.2.1.4 e332 | c1 g30 | yes #2@1_1_2_8_r102:fired | deferred | deferred | differs | deferred | ok |
| 1.2.1.4 e333 | c1 g30 | yes #2@1_1_2_8_r102:fired | deferred | deferred | differs | deferred | ok |
| 1.2.1.4 e340 | c1 g30 | yes #2@1_1_2_8_r102:fired | deferred | deferred | differs | deferred | ok |
| 1.2.1.4 e341 | c1 g30 | yes #2@1_1_2_8_r102:fired | deferred | deferred | differs | deferred | ok |
| 1.2.1.3 e1086 | c1 g31 | yes #2@1_2_1_3_r20:fired | deferred | verified | differs | deferred | ok |
| 1.2.1.3 e1657 | c1 g31 | yes #2@1_2_1_3_r20:fired | deferred | verified | differs | deferred | ok |
| 1.2.1.3 e2643 | c1 g31 | yes #2@1_2_1_3_r20:fired | deferred | verified | differs | deferred | ok |
| 1.2.1.3 e2645 | c1 g31 | yes #2@1_2_1_3_r20:fired | deferred | verified | differs | deferred | ok |
| 1.2.1.4 e930 | c1 g31 | yes #2@1_2_1_3_r20:fired | deferred | verified | differs | deferred | ok |
| 1.2.1.4 e931 | c1 g31 | yes #2@1_2_1_3_r20:fired | deferred | verified | differs | deferred | ok |
| 1.2.1.4 e932 | c1 g31 | yes #2@1_2_1_3_r20:fired | deferred | verified | differs | deferred | ok |
| 1.2.1.4 e933 | c1 g31 | yes #2@1_2_1_3_r20:fired | deferred | verified | differs | deferred | ok |
| 1.1.3.4 e165 | c1 g34 | no | timeout | timeout | same | timeout | ok |
| 1.1.3.4 e167 | c1 g34 | no | timeout | timeout | same | timeout | ok |
| 1.1.3.4 e168 | c1 g34 | no | timeout | timeout | same | timeout | ok |
| 1.1.3.4 e170 | c1 g34 | no | timeout | timeout | same | timeout | ok |
| 1.1.3.4 e173 | c1 g34 | no | timeout | timeout | same | timeout | ok |
| 1.1.3.4 e175 | c1 g34 | no | timeout | timeout | same | timeout | ok |
| 1.1.3.4 e176 | c1 g34 | no | timeout | timeout | same | timeout | ok |
| 1.1.3.4 e178 | c1 g34 | no | timeout | timeout | same | timeout | ok |
| 1.1.2.6 e5 | c1 g36 | yes #2@1_1_2_6_r3:fired | deferred | unverified | differs | deferred | ok |
| 1.1.2.6 e12 | c1 g36 | yes #2@1_1_2_6_r3:fired | deferred | unverified | differs | deferred | ok |
| 1.1.2.6 e19 | c1 g36 | yes #2@1_1_2_6_r3:fired | deferred | unverified | differs | deferred | ok |
| 1.1.2.6 e22 | c1 g36 | yes #2@1_1_2_6_r3:fired | deferred | timeout | n/a | deferred | INCOMPLETE |
| 1.1.2.6 e23 | c1 g36 | yes #2@1_1_2_6_r3:fired | deferred | unverified | differs | deferred | ok |
| 1.1.2.6 e24 | c1 g36 | yes #2@1_1_2_6_r3:fired | deferred | unverified | differs | deferred | ok |
| 1.1.2.6 e25 | c1 g36 | yes #2@1_1_2_6_r3:fired | deferred | unverified | differs | deferred | ok |
| 1.1.3.8 e68 | c1 g42 | no | deferred | deferred | same | deferred | ok |
| 1.1.3.8 e69 | c1 g42 | no | deferred | deferred | same | deferred | ok |
| 1.1.3.8 e220 | c1 g42 | no | deferred | deferred | same | deferred | ok |
| 1.2.2.3 e36 | c1 g42 | yes #2@1_4_2_r20:fired | deferred | verified | differs | deferred | ok |
| 1.3.2 e362 | c1 g42 | no | deferred | deferred | same | deferred | ok |
| 1.3.2 e363 | c1 g42 | no | deferred | deferred | same | deferred | ok |
| 1.2.1.3 e2223 | c1 g45 | yes #3@1_2_1_9b_r1:fired | timeout | timeout | n/a | timeout | INCOMPLETE |
| 1.2.1.3 e2224 | c1 g45 | yes #3@1_2_1_9b_r1:fired | timeout | verified | differs | timeout | ok |
| 1.2.1.3 e2268 | c1 g45 | no | timeout | timeout | same | timeout | ok |
| 1.2.1.3 e2269 | c1 g45 | no | timeout | timeout | same | timeout | ok |
| 1.2.1.3 e2270 | c1 g45 | no | unverified | unverified | same | timeout | ok |
| 1.2.1.3 e2271 | c1 g45 | no | unverified | unverified | same | timeout | ok |
| 1.2.1.4 e267 | c1 g47 | yes #2@1_1_2_8_r68:fired | deferred | verified | differs | deferred | ok |
| 1.2.1.4 e269 | c1 g47 | yes #2@1_1_2_8_r68:fired | deferred | verified | differs | deferred | ok |
| 1.2.1.4 e272 | c1 g47 | yes #2@1_1_2_8_r68:fired | deferred | verified | differs | deferred | ok |
| 1.2.1.4 e273 | c1 g47 | yes #2@1_1_2_8_r68:fired | deferred | verified | differs | deferred | ok |
| 1.2.1.4 e274 | c1 g47 | yes #2@1_1_2_8_r68:fired | deferred | verified | differs | deferred | ok |
| 1.2.2.3 e230 | c1 g48 | yes #2@1_2_2_3_r86:fired | deferred | verified | differs | deferred | ok |
| 1.2.2.3 e231 | c1 g48 | yes #2@1_2_2_3_r86:fired | deferred | verified | differs | deferred | ok |
| 1.2.2.3 e292 | c1 g48 | yes #2@1_2_2_3_r86:fired | deferred | verified | differs | deferred | ok |
| 1.2.2.3 e323 | c1 g48 | yes #2@1_2_2_3_r86:fired | deferred | verified | differs | deferred | ok |
| 1.2.2.3 e355 | c1 g48 | yes #2@1_2_2_3_r86:fired | deferred | verified | differs | deferred | ok |
| 1.2.2.3 e180 | c1 g49 | yes #2@1_2_2_3_r98:fired | deferred | verified | differs | deferred | ok |
| 1.2.2.3 e181 | c1 g49 | yes #2@1_2_2_3_r98:fired | deferred | contains-noun | differs | deferred | ok |
| 1.2.2.3 e186 | c1 g49 | yes #2@1_2_2_3_r98:fired | deferred | expected | differs | deferred | ok |
| 1.2.2.3 e187 | c1 g49 | yes #2@1_2_2_3_r98:fired | deferred | contains-noun | differs | deferred | ok |
| 1.2.2.3 e188 | c1 g49 | yes #2@1_2_2_3_r98:fired | deferred | verified | differs | deferred | ok |
| 1.3.1 e127 | c1 g51 | no | deferred | deferred | same | deferred | ok |
| 1.3.1 e491 | c1 g51 | yes #2@1_4_2_r19:fired | deferred | verified | differs | deferred | ok |
| 1.3.2 e631 | c1 g51 | no | deferred | deferred | same | deferred | ok |
| 1.3.2 e633 | c1 g51 | no | deferred | deferred | same | deferred | ok |
| 1.3.2 e863 | c1 g51 | no | deferred | deferred | same | deferred | ok |
| 1.1.1.3 e925 | c1 g73 | no | deferred | deferred | same | deferred | ok |
| 1.1.1.3 e3181 | c1 g73 | yes #2@1_1_1_3_r17:fired | deferred | unverified | differs | deferred | ok |
| 1.1.1.3 e3182 | c1 g73 | yes #2@1_1_1_3_r17:fired | deferred | unverified | differs | deferred | ok |
| 1.2.1.4 e422 | c1 g74 | yes #2@1_1_2_8_r107:fired | deferred | contains-noun | differs | deferred | ok |
| 1.2.1.4 e428 | c1 g74 | yes #2@1_1_2_8_r107:fired | deferred | verified | differs | deferred | ok |
| 1.2.1.4 e429 | c1 g74 | yes #2@1_1_2_8_r107:fired | deferred | verified | differs | deferred | ok |
| 1.3.2 e440 | c1 g75 | yes #2@1_1_4_4_r11:fired | deferred | verified | differs | deferred | ok |
| 1.3.2 e441 | c1 g75 | yes #2@1_1_4_4_r11:fired | deferred | verified | differs | deferred | ok |
| 1.3.2 e442 | c1 g75 | yes #2@1_1_4_4_r11:fired | deferred | verified | differs | deferred | ok |
| 1.2.1.4 e809 | c1 g76 | yes #2@1_2_1_3_r15:fired | deferred | unverified | differs | deferred | ok |
| 1.2.1.4 e810 | c1 g76 | yes #2@1_2_1_3_r15:fired | deferred | unverified | differs | deferred | ok |
| 1.2.1.4 e922 | c1 g76 | yes #2@1_2_1_3_r15:fired | deferred | unverified | differs | deferred | ok |
| 1.3.2 e617 | c1 g77 | yes #3@1_4_2_r18:fired | deferred | verified | differs | deferred | ok |
| 1.3.2 e618 | c1 g77 | yes #3@1_4_2_r18:fired | deferred | verified | differs | deferred | ok |
| 1.3.2 e620 | c1 g77 | yes #3@1_4_2_r18:fired | deferred | verified | differs | deferred | ok |
| 1.2.3.4 e87 | c1 g78 | yes #2@1_2_3_4_r100:fired | deferred | verified | differs | deferred | ok |
| 1.2.3.4 e88 | c1 g78 | yes #2@1_2_3_4_r100:fired | deferred | verified | differs | deferred | ok |
| 1.2.3.4 e89 | c1 g78 | yes #2@1_2_3_4_r100:fired | deferred | verified | differs | deferred | ok |
| 1.2.3.4 e141 | c1 g79 | yes #2@1_2_3_4_r99:fired | deferred | timeout | differs | deferred | ok |
| 1.2.3.4 e152 | c1 g79 | yes #2@1_2_3_4_r99:fired | deferred | timeout | differs | deferred | ok |
| 1.2.3.4 e153 | c1 g79 | yes #2@1_2_3_4_r99:fired | deferred | unverified | differs | deferred | ok |
| 1.2.1.2 e2353 | c1 g84 | yes #3@1_4_1_r18:fired | timeout | timeout | n/a | timeout | INCOMPLETE |
| 1.2.1.2 e2354 | c1 g84 | yes #3@1_4_1_r18:fired | timeout | timeout | n/a | timeout | INCOMPLETE |
| 1.2.1.2 e2466 | c1 g84 | no | timeout | timeout | same | timeout | ok |
| 1.2.1.4 e441 | c1 g85 | no | timeout | timeout | same | timeout | ok |
| 1.2.1.4 e450 | c1 g85 | no | timeout | timeout | same | timeout | ok |
| 1.2.1.4 e461 | c1 g85 | no | timeout | timeout | same | timeout | ok |
| 1.1.1.3 e995 | c1 g90 | yes #4@1_1_1_4_r46:fired | unverified | expected | differs | unverified | ok |
| 1.1.1.3 e3126 | c1 g90 | yes #4@1_1_1_4_r46:fired | unverified | unverified | differs | unverified | ok |
| 1.1.1.3 e3130 | c1 g90 | yes #4@1_1_1_4_r46:fired | unverified | unverified | differs | unverified | ok |
| 1.1.3.2 e1326 | c1 g93 | no | unverified | unverified | same | unverified | ok |
| 1.2.2.2 e1027 | c1 g93 | no | unverified | unverified | same | unverified | ok |
| 1.2.2.2 e1029 | c1 g93 | no | unverified | unverified | same | unverified | ok |
| 1.1.2.6 e27 | c1 g115 | yes #2@1_1_2_6_r12:fired | deferred | verified | differs | deferred | ok |
| 1.1.2.6 e47 | c1 g115 | yes #2@1_1_2_6_r12:fired | deferred | contains-noun | differs | deferred | ok |
| 1.2.1.2 e737 | c1 g116 | yes #2@1_1_2_7_r55:fired | deferred | contains-noun | differs | deferred | ok |
| 1.2.1.4 e420 | c1 g116 | yes #2@1_1_2_7_r55:fired | deferred | contains-noun | differs | deferred | ok |
| 1.2.1.4 e366 | c1 g117 | no | deferred | deferred | same | deferred | ok |
| 1.2.1.4 e380 | c1 g117 | yes #2@1_1_2_8_r100:fired | deferred | verified | differs | deferred | ok |
| 1.2.1.3 e1490 | c1 g119 | yes #2@1_1_2_9_r19:fired | deferred | verified | differs | deferred | ok |
| 1.2.1.3 e1492 | c1 g119 | yes #2@1_1_2_9_r19:fired | deferred | verified | differs | deferred | ok |
| 1.1.3.6 e26 | c1 g120 | yes #2@1_1_3_6_r31:fired | deferred | verified | differs | deferred | ok |
| 1.1.3.6 e43 | c1 g120 | yes #2@1_1_3_6_r31:fired | deferred | verified | differs | deferred | ok |
| 1.1.3.8 e212 | c1 g122 | yes #2@1_1_3_7_r37:fired | deferred | verified | differs | deferred | ok |
| 1.1.3.8 e552 | c1 g122 | yes #2@1_1_3_7_r37:fired | deferred | verified | differs | deferred | ok |
| 1.1.3.4 e160 | c1 g130 | no | timeout | timeout | same | timeout | ok |
| 1.1.3.4 e162 | c1 g130 | no | timeout | timeout | same | timeout | ok |
| 1.1.3.4 e157 | c1 g131 | no | timeout | timeout | same | timeout | ok |
| 1.1.3.4 e159 | c1 g131 | no | timeout | timeout | same | timeout | ok |
| 1.2.1.6 e79 | c1 g135 | yes #3@1_4_1_r18:fired | timeout | timeout | n/a | timeout | INCOMPLETE |
| 1.2.1.6 e86 | c1 g135 | yes #3@1_4_1_r18:fired | timeout | timeout | n/a | timeout | INCOMPLETE |
| 1.1.3.2 e1333 | c1 g151 | no | unverified | unverified | same | unverified | ok |
| 1.1.3.2 e1339 | c1 g151 | no | unverified | unverified | same | unverified | ok |
| 1.2.1.3 e500 | c1 g155 | yes #3@1_4_1_r18:fired | unverified | unverified | differs | unverified | ok |
| 1.3.2 e234 | c1 g155 | yes #3@1_4_1_r18:fired | unverified | unverified | differs | unverified | ok |
| 1.1.1.5 e29 | c1 g186 | yes #2@1_1_1_5_r5:fired | deferred | unverified | differs | deferred | ok |
| 1.1.2.8 e61 | c1 g187 | yes #2@1_1_2_11_r3:fired | deferred | unverified | differs | deferred | ok |
| 1.2.1.4 e611 | c1 g188 | yes #2@1_1_2_9_r23:fired | deferred | verified | differs | deferred | ok |
| 1.1.3.8 e553 | c1 g189 | yes #2@1_1_3_8_r18:fired | deferred | verified | differs | deferred | ok |
| 1.1.3.8 e586 | c1 g190 | yes #2@1_1_3_8_r29:fired | deferred | verified | differs | deferred | ok |
| 1.2.1.4 e851 | c1 g191 | yes #2@1_2_1_3_r24:fired | deferred | verified | differs | deferred | ok |
| 1.3.2 e569 | c1 g192 | yes #3@1_2_1_9b_r6:fired | deferred | verified | differs | deferred | ok |
| 1.2.1.9 e370 | c1 g193 | yes #2@1_2_1_9b_r5:fired | deferred | verified | differs | deferred | ok |
| 1.2.2.7 e33 | c1 g194 | yes #2@1_2_2_7_r12:fired | deferred | contains-noun | differs | deferred | ok |
| 1.2.2.7 e15 | c1 g195 | yes #2@1_2_2_7_r13:fired | deferred | verified | differs | deferred | ok |
| 1.3.2 e878 | c1 g197 | yes #2@1_4_3_r56:fired | deferred | unverified | differs | deferred | ok |

=== table (P0 core)
| entry | group | class p0 | top rule @ pass | ratsimp-seen-hit | trace |
|---|---|---|---|---|---|
| 1.2.2.4 e204 | c1 g7 | verified | 1_2_2_6_r3@pass2 | no | ok |
| 1.2.2.4 e205 | c1 g7 | verified | 1_2_2_6_r3@pass2 | no | ok |
| 1.2.2.4 e206 | c1 g7 | verified | 1_2_2_6_r3@pass2 | no | ok |
| 1.2.2.4 e207 | c1 g7 | verified | 1_2_2_6_r3@pass2 | no | ok |
| 1.2.2.4 e208 | c1 g7 | verified | 1_2_2_6_r3@pass2 | no | ok |
| 1.2.2.4 e209 | c1 g7 | verified | 1_2_2_6_r3@pass2 | no | ok |
| 1.2.2.4 e210 | c1 g7 | verified | 1_2_2_6_r3@pass2 | no | ok |
| 1.2.2.4 e211 | c1 g7 | verified | 1_2_2_6_r3@pass2 | no | ok |
| 1.2.2.4 e212 | c1 g7 | verified | 1_2_2_6_r3@pass2 | no | ok |
| 1.2.2.4 e213 | c1 g7 | verified | 1_2_2_6_r3@pass2 | no | ok |
| 1.2.2.4 e214 | c1 g7 | verified | 1_2_2_6_r3@pass2 | no | ok |
| 1.2.2.4 e215 | c1 g7 | verified | 1_2_2_6_r3@pass2 | no | ok |
| 1.2.2.4 e216 | c1 g7 | verified | 1_2_2_6_r3@pass2 | no | ok |
| 1.2.2.4 e217 | c1 g7 | verified | 1_2_2_6_r3@pass2 | no | ok |
| 1.2.2.4 e218 | c1 g7 | verified | 1_2_2_6_r3@pass2 | no | ok |
| 1.2.2.4 e219 | c1 g7 | verified | 1_2_2_6_r3@pass2 | no | ok |
| 1.2.2.4 e225 | c1 g7 | verified | 1_2_2_6_r3@pass2 | no | ok |
| 1.2.2.4 e226 | c1 g7 | verified | 1_2_2_6_r3@pass2 | no | ok |
| 1.2.2.4 e227 | c1 g7 | verified | 1_2_2_6_r3@pass2 | no | ok |
| 1.2.2.4 e228 | c1 g7 | verified | 1_2_2_6_r3@pass2 | no | ok |
| 1.2.1.4 e442 | c1 g9 | verified | 1_3_3_r6@pass1 | yes #3@1_4_2_r25:fired | ok |
| 1.2.1.4 e443 | c1 g9 | verified | 1_3_3_r6@pass1 | yes #3@1_4_2_r25:fired | ok |
| 1.2.1.4 e444 | c1 g9 | verified | 1_3_3_r6@pass1 | yes #3@1_4_2_r25:fired | ok |
| 1.2.1.4 e445 | c1 g9 | verified | 1_3_3_r6@pass1 | yes #3@1_4_2_r25:fired | ok |
| 1.2.1.4 e451 | c1 g9 | verified | 1_3_3_r6@pass1 | yes #3@1_4_2_r25:fired | ok |
| 1.2.1.4 e452 | c1 g9 | verified | 1_3_3_r6@pass1 | yes #3@1_4_2_r25:fired | ok |
| 1.2.1.4 e453 | c1 g9 | verified | 1_3_3_r6@pass1 | yes #3@1_4_2_r25:fired | ok |
| 1.2.1.4 e454 | c1 g9 | verified | 1_3_3_r6@pass1 | yes #3@1_4_2_r25:fired | ok |
| 1.2.1.4 e455 | c1 g9 | verified | 1_3_3_r6@pass1 | yes #3@1_4_2_r25:fired | ok |
| 1.2.1.4 e456 | c1 g9 | verified | 1_3_3_r6@pass1 | yes #3@1_4_2_r25:fired | ok |
| 1.2.1.4 e462 | c1 g9 | verified | 1_3_3_r6@pass1 | yes #3@1_4_2_r25:fired | ok |
| 1.2.1.4 e463 | c1 g9 | verified | 1_3_3_r6@pass1 | yes #3@1_4_2_r25:fired | ok |
| 1.2.1.4 e464 | c1 g9 | verified | 1_3_3_r6@pass1 | yes #3@1_4_2_r25:fired | ok |
| 1.2.1.4 e465 | c1 g9 | verified | 1_3_3_r6@pass1 | yes #3@1_4_2_r25:fired | ok |
| 1.2.1.4 e466 | c1 g9 | verified | 1_3_3_r6@pass1 | yes #3@1_4_2_r25:fired | ok |
| 1.2.1.4 e467 | c1 g9 | verified | 1_3_3_r6@pass1 | yes #3@1_4_2_r25:fired | ok |
| 1.2.1.4 e468 | c1 g9 | verified | 1_3_3_r6@pass1 | yes #3@1_4_2_r25:fired | ok |
| 1.2.1.4 e469 | c1 g9 | verified | 1_3_3_r6@pass1 | yes #3@1_4_2_r25:fired | ok |
| 1.1.1.2 e879 | c1 g22 | verified | 9_1_r16@pass2 | no | ok |
| 1.1.1.2 e881 | c1 g22 | verified | 9_1_r16@pass2 | no | ok |
| 1.1.1.2 e887 | c1 g22 | verified | 9_1_r16@pass2 | no | ok |
| 1.1.1.2 e889 | c1 g22 | verified | 9_1_r16@pass2 | no | ok |
| 1.1.1.3 e373 | c1 g22 | verified | 1_1_2_9_r104@pass2 | no | ok |
| 1.1.2.8 e58 | c1 g22 | verified | 1_2_1_9b_r5@pass2 | no | ok |
| 1.1.3.8 e63 | c1 g22 | verified | 1_3_4_r21@pass1 | no | ok |
| 1.1.3.8 e64 | c1 g22 | verified | 1_3_4_r21@pass1 | no | ok |
| 1.1.3.8 e65 | c1 g22 | verified | 1_3_4_r21@pass1 | no | ok |
| 1.2.2.5 e64 | c1 g22 | verified | 1_2_2_5_r3@pass1 | yes #7@1_2_1_6_r1:fired | ok |
| 1.2.2.7 e1 | c1 g25 | verified | 1_2_2_5_r9@pass1 | yes #6@1_2_2_8_r18:fired | ok |
| 1.2.2.7 e2 | c1 g25 | verified | 1_2_2_5_r9@pass1 | yes #5@1_2_2_8_r18:fired | ok |
| 1.2.2.7 e3 | c1 g25 | verified | 1_2_2_5_r9@pass1 | yes #4@1_2_2_8_r18:fired | ok |
| 1.2.2.7 e8 | c1 g25 | verified | 1_2_2_5_r8@pass1 | yes #5@1_2_2_8_r18:fired | ok |
| 1.2.2.7 e9 | c1 g25 | verified | 1_2_2_5_r8@pass1 | yes #4@1_2_2_8_r18:fired | ok |
| 1.2.2.7 e10 | c1 g25 | verified | 1_2_2_5_r8@pass1 | yes #4@1_2_2_8_r18:fired | ok |
| 1.2.2.7 e12 | c1 g25 | verified | 1_2_2_7_r40@pass2 | no | ok |
| 1.2.2.7 e13 | c1 g25 | verified | 1_2_2_7_r40@pass2 | no | ok |
| 1.2.2.7 e14 | c1 g25 | verified | 1_2_2_7_r40@pass2 | no | ok |
| 1.2.1.4 e322 | c1 g30 | verified | 1_1_2_8_r106@pass1 | no | ok |
| 1.2.1.4 e323 | c1 g30 | verified | 1_1_2_8_r106@pass1 | yes #5@1_1_1_3_r55:fired | ok |
| 1.2.1.4 e324 | c1 g30 | verified | 1_1_2_8_r106@pass1 | yes #7@1_1_1_3_r55:fired | ok |
| 1.2.1.4 e325 | c1 g30 | verified | 1_1_2_8_r106@pass1 | yes #5@1_1_1_3_r55:fired | ok |
| 1.2.1.4 e332 | c1 g30 | verified | 1_1_2_8_r106@pass1 | no | ok |
| 1.2.1.4 e333 | c1 g30 | verified | 1_1_2_8_r106@pass1 | yes #4@1_1_1_3_r55:fired | ok |
| 1.2.1.4 e340 | c1 g30 | verified | 1_1_2_8_r106@pass1 | no | ok |
| 1.2.1.4 e341 | c1 g30 | verified | 1_1_2_8_r106@pass1 | yes #4@1_1_1_3_r55:fired | ok |
| 1.2.1.3 e1086 | c1 g31 | verified | 1_2_1_3b_r68@pass2 | yes #4@1_2_1_9b_r1:fired | ok |
| 1.2.1.3 e1657 | c1 g31 | verified | 1_2_1_3b_r68@pass2 | no | ok |
| 1.2.1.3 e2643 | c1 g31 | verified | 1_2_1_3b_r68@pass2 | no | ok |
| 1.2.1.3 e2645 | c1 g31 | verified | 1_2_1_3b_r68@pass2 | no | ok |
| 1.2.1.4 e930 | c1 g31 | verified | 1_2_1_3_r109@pass2 | no | ok |
| 1.2.1.4 e931 | c1 g31 | verified | 1_2_1_3_r109@pass2 | no | ok |
| 1.2.1.4 e932 | c1 g31 | verified | 1_2_1_3_r109@pass2 | no | ok |
| 1.2.1.4 e933 | c1 g31 | verified | 1_2_1_3b_r68@pass2 | no | ok |
| 1.1.3.4 e165 | c1 g34 | verified | 1_4_1_r34@pass1 | no | ok |
| 1.1.3.4 e167 | c1 g34 | verified | 1_4_1_r34@pass1 | yes #3@1_1_3_3_r60:fired | ok |
| 1.1.3.4 e168 | c1 g34 | verified | 1_4_1_r34@pass1 | no | ok |
| 1.1.3.4 e170 | c1 g34 | verified | 1_4_1_r34@pass1 | no | ok |
| 1.1.3.4 e173 | c1 g34 | verified | 1_4_1_r34@pass1 | no | ok |
| 1.1.3.4 e175 | c1 g34 | verified | 1_4_1_r34@pass1 | yes #3@1_1_3_3_r60:fired | ok |
| 1.1.3.4 e176 | c1 g34 | verified | 1_4_1_r34@pass1 | no | ok |
| 1.1.3.4 e178 | c1 g34 | verified | 1_4_1_r34@pass1 | no | ok |
| 1.1.2.6 e5 | c1 g36 | verified | 1_2_1_9b_r5@pass2 | no | ok |
| 1.1.2.6 e12 | c1 g36 | verified | 1_1_2_6_r9@pass2 | yes #3@1_2_1_9b_r5:fired | ok |
| 1.1.2.6 e19 | c1 g36 | verified | 1_1_2_6_r9@pass2 | yes #4@1_2_1_9b_r5:fired | ok |
| 1.1.2.6 e22 | c1 g36 | verified | 1_1_2_6_r12@pass2 | no | ok |
| 1.1.2.6 e23 | c1 g36 | verified | 1_1_2_6_r12@pass2 | no | ok |
| 1.1.2.6 e24 | c1 g36 | verified | 1_1_2_6_r12@pass2 | no | ok |
| 1.1.2.6 e25 | c1 g36 | verified | 1_2_1_9b_r5@pass2 | no | ok |
| 1.1.3.8 e68 | c1 g42 | verified | 1_3_4_r21@pass1 | no | ok |
| 1.1.3.8 e69 | c1 g42 | verified | 1_3_4_r21@pass1 | no | ok |
| 1.1.3.8 e220 | c1 g42 | verified | 1_2_2_5_r3@pass1 | yes #6@1_2_2_8_r18:fired,#9@1_2_1_6_r1:fired | ok |
| 1.2.2.3 e36 | c1 g42 | verified | 1_2_2_3_r27@pass1 | yes #3@1_4_1_r25:fired | ok |
| 1.3.2 e362 | c1 g42 | verified | 1_2_2_3_r27@pass1 | no | ok |
| 1.3.2 e363 | c1 g42 | verified | 1_2_2_3_r27@pass1 | no | ok |
| 1.2.1.3 e2223 | c1 g45 | verified | 1_2_1_6_r4@pass1 | yes #3@1_2_1_6_r1:fired | ok |
| 1.2.1.3 e2224 | c1 g45 | verified | 1_2_1_6_r4@pass1 | yes #3@1_2_1_6_r1:fired | ok |
| 1.2.1.3 e2268 | c1 g45 | verified | 1_2_1_3_r53@pass2 | yes #4@1_2_1_9b_r5:fired | ok |
| 1.2.1.3 e2269 | c1 g45 | verified | 1_2_1_3_r53@pass2 | yes #4@1_2_1_9b_r5:fired | ok |
| 1.2.1.3 e2270 | c1 g45 | verified | 1_2_1_3_r53@pass2 | yes #4@1_2_1_9b_r5:fired | ok |
| 1.2.1.3 e2271 | c1 g45 | verified | 1_2_1_3_r53@pass2 | yes #4@1_2_1_9b_r5:fired | ok |
| 1.2.1.4 e267 | c1 g47 | verified | 1_1_2_8_r106@pass1 | no | ok |
| 1.2.1.4 e269 | c1 g47 | verified | 1_1_2_8_r106@pass1 | no | ok |
| 1.2.1.4 e272 | c1 g47 | verified | 1_1_2_8_r106@pass1 | no | ok |
| 1.2.1.4 e273 | c1 g47 | verified | 1_1_2_8_r106@pass1 | no | ok |
| 1.2.1.4 e274 | c1 g47 | verified | 1_1_2_8_r106@pass1 | no | ok |
| 1.2.2.3 e230 | c1 g48 | verified | 1_2_2_3_r86@pass2 | no | ok |
| 1.2.2.3 e231 | c1 g48 | verified | 1_2_2_3_r86@pass2 | no | ok |
| 1.2.2.3 e292 | c1 g48 | verified | 1_2_2_3_r86@pass2 | no | ok |
| 1.2.2.3 e323 | c1 g48 | verified | 1_2_2_3_r86@pass2 | no | ok |
| 1.2.2.3 e355 | c1 g48 | verified | 1_2_2_3_r86@pass2 | no | ok |
| 1.2.2.3 e180 | c1 g49 | verified | 1_2_2_3_r98@pass2 | no | ok |
| 1.2.2.3 e181 | c1 g49 | verified | 1_2_2_3_r98@pass2 | no | ok |
| 1.2.2.3 e186 | c1 g49 | verified | 1_2_2_3_r98@pass2 | no | ok |
| 1.2.2.3 e187 | c1 g49 | verified | 1_2_2_3_r98@pass2 | no | ok |
| 1.2.2.3 e188 | c1 g49 | verified | 1_2_2_3_r98@pass2 | no | ok |
| 1.3.1 e127 | c1 g51 | verified | 1_2_2_5_r10@pass1 | no | ok |
| 1.3.1 e491 | c1 g51 | verified | 1_2_2_2_r21@pass1 | no | ok |
| 1.3.2 e631 | c1 g51 | verified | 1_2_2_5_r10@pass1 | no | ok |
| 1.3.2 e633 | c1 g51 | verified | 1_2_2_5_r10@pass1 | yes #3@1_3_3_r11:fired | ok |
| 1.3.2 e863 | c1 g51 | verified | 1_2_2_5_r10@pass1 | no | ok |
| 1.1.1.3 e925 | c1 g73 | verified | 1_1_1_3_r19@pass1 | no | ok |
| 1.1.1.3 e3181 | c1 g73 | verified | 1_1_1_3_r29@pass1 | no | ok |
| 1.1.1.3 e3182 | c1 g73 | verified | 1_1_1_3_r19@pass1 | no | ok |
| 1.2.1.4 e422 | c1 g74 | verified | 1_1_2_8_r107@pass2 | no | ok |
| 1.2.1.4 e428 | c1 g74 | verified | 1_1_2_8_r107@pass2 | no | ok |
| 1.2.1.4 e429 | c1 g74 | verified | 1_1_2_8_r107@pass2 | no | ok |
| 1.3.2 e440 | c1 g75 | verified | 1_1_4_4_r2@pass1 | no | ok |
| 1.3.2 e441 | c1 g75 | verified | 1_1_4_4_r2@pass1 | no | ok |
| 1.3.2 e442 | c1 g75 | verified | 1_1_4_4_r2@pass1 | no | ok |
| 1.2.1.4 e809 | c1 g76 | verified | 1_2_1_3_r15@pass3 | no | ok |
| 1.2.1.4 e810 | c1 g76 | verified | 1_2_1_3_r15@pass3 | yes #6@1_1_1_4_r40:fired,#11@1_1_1_4_r40:fired | ok |
| 1.2.1.4 e922 | c1 g76 | verified | 1_2_1_3_r15@pass3 | no | ok |
| 1.3.2 e617 | c1 g77 | verified | 1_2_2_1_r19@pass1 | no | ok |
| 1.3.2 e618 | c1 g77 | verified | 1_2_2_1_r19@pass1 | no | ok |
| 1.3.2 e620 | c1 g77 | verified | 1_2_2_1_r19@pass1 | no | ok |
| 1.2.3.4 e87 | c1 g78 | verified | 9_1_r16@pass2 | no | ok |
| 1.2.3.4 e88 | c1 g78 | verified | 9_1_r16@pass2 | no | ok |
| 1.2.3.4 e89 | c1 g78 | verified | 9_1_r16@pass2 | no | ok |
| 1.2.3.4 e141 | c1 g79 | verified | 9_1_r16@pass2 | no | ok |
| 1.2.3.4 e152 | c1 g79 | verified | 9_1_r16@pass2 | no | ok |
| 1.2.3.4 e153 | c1 g79 | verified | 9_1_r16@pass2 | no | ok |
| 1.2.1.2 e2353 | c1 g84 | verified | 1_2_1_2_r119@pass2 | yes #4@1_2_1_9b_r5:fired | ok |
| 1.2.1.2 e2354 | c1 g84 | verified | 1_2_1_2_r119@pass2 | yes #4@1_2_1_9b_r5:fired | ok |
| 1.2.1.2 e2466 | c1 g84 | verified | 1_2_1_2_r119@pass2 | yes #3@1_2_1_9b_r1:fired | ok |
| 1.2.1.4 e441 | c1 g85 | verified | 1_2_1_3_r90@pass1 | no | ok |
| 1.2.1.4 e450 | c1 g85 | verified | 1_2_1_3_r90@pass1 | yes #4@1_4_2_r25:fired | ok |
| 1.2.1.4 e461 | c1 g85 | verified | 1_2_1_3_r90@pass1 | yes #4@1_4_2_r25:fired | ok |
| 1.1.1.3 e995 | c1 g90 | verified | 1_1_1_3_r57@pass1 | no | ok |
| 1.1.1.3 e3126 | c1 g90 | verified | 1_1_1_6_r5@pass1 | no | ok |
| 1.1.1.3 e3130 | c1 g90 | verified | 1_1_1_6_r5@pass1 | no | ok |
| 1.1.3.2 e1326 | c1 g93 | verified | 1_3_4_r1@pass1 | no | ok |
| 1.2.2.2 e1027 | c1 g93 | verified | 1_3_3_r17@pass1 | no | ok |
| 1.2.2.2 e1029 | c1 g93 | verified | 1_3_3_r17@pass1 | no | ok |
| 1.1.2.6 e27 | c1 g115 | verified | 1_1_2_6_r12@pass2 | no | ok |
| 1.1.2.6 e47 | c1 g115 | verified | 1_1_2_6_r12@pass2 | no | ok |
| 1.2.1.2 e737 | c1 g116 | verified | 1_1_2_7_r56@pass2 | yes #3@1_1_1_4_r47:fired | ok |
| 1.2.1.4 e420 | c1 g116 | verified | 1_1_2_7_r56@pass2 | yes #3@1_1_1_4_r47:fired | ok |
| 1.2.1.4 e366 | c1 g117 | verified | 1_1_2_8_r109@pass2 | no | ok |
| 1.2.1.4 e380 | c1 g117 | verified | 1_1_2_8_r100@pass2 | no | ok |
| 1.2.1.3 e1490 | c1 g119 | verified | 1_2_1_3b_r68@pass2 | no | ok |
| 1.2.1.3 e1492 | c1 g119 | verified | 1_2_1_3b_r68@pass2 | no | ok |
| 1.1.3.6 e26 | c1 g120 | verified | 9_1_r16@pass2 | no | ok |
| 1.1.3.6 e43 | c1 g120 | verified | 9_1_r16@pass2 | no | ok |
| 1.1.3.8 e212 | c1 g122 | verified | 1_2_2_5_r3@pass1 | no | ok |
| 1.1.3.8 e552 | c1 g122 | verified | 1_2_2_5_r3@pass1 | yes #3@1_2_2_3_r61:fired | ok |
| 1.1.3.4 e160 | c1 g130 | verified | 1_4_1_r34@pass1 | no | ok |
| 1.1.3.4 e162 | c1 g130 | verified | 1_4_1_r34@pass1 | no | ok |
| 1.1.3.4 e157 | c1 g131 | verified | 1_4_1_r34@pass1 | no | ok |
| 1.1.3.4 e159 | c1 g131 | verified | 1_4_1_r34@pass1 | yes #3@1_1_3_3_r19:fired | ok |
| 1.2.1.6 e79 | c1 g135 | verified | 1_4_2_r17@pass3 | no | ok |
| 1.2.1.6 e86 | c1 g135 | verified | 1_4_2_r17@pass3 | no | ok |
| 1.1.3.2 e1333 | c1 g151 | verified | 1_3_4_r1@pass1 | no | ok |
| 1.1.3.2 e1339 | c1 g151 | verified | 1_3_4_r1@pass1 | no | ok |
| 1.2.1.3 e500 | c1 g155 | verified | 1_4_1_r7@pass1 | no | ok |
| 1.3.2 e234 | c1 g155 | verified | 1_4_1_r7@pass1 | no | ok |
| 1.1.1.5 e29 | c1 g186 | verified | 1_1_1_5_r8@pass1 | no | ok |
| 1.1.2.8 e61 | c1 g187 | verified | 1_2_1_9b_r5@pass2 | yes #7@1_2_1_9b_r1:fired | ok |
| 1.2.1.4 e611 | c1 g188 | verified | 1_1_2_9_r23@pass2 | yes #4@1_2_1_8_r2:fired,#6@1_2_1_8_r2:fired | ok |
| 1.1.3.8 e553 | c1 g189 | verified | 1_2_2_5_r3@pass1 | no | ok |
| 1.1.3.8 e586 | c1 g190 | verified | 9_1_r16@pass2 | no | ok |
| 1.2.1.4 e851 | c1 g191 | verified | 1_2_1_3_r24@pass2 | yes #4@1_2_1_8_r2:fired,#6@1_2_1_8_r2:fired | ok |
| 1.3.2 e569 | c1 g192 | verified | 1_2_1_9b_r1@pass2 | yes #4@1_2_1_9b_r5:fired | ok |
| 1.2.1.9 e370 | c1 g193 | verified | 1_2_1_9b_r5@pass2 | no | ok |
| 1.2.2.7 e33 | c1 g194 | verified | 1_2_2_7_r12@pass2 | no | ok |
| 1.2.2.7 e15 | c1 g195 | verified | 1_2_2_7_r12@pass2 | no | ok |
| 1.3.2 e878 | c1 g197 | verified | 1_4_3_r55@pass2 | no | ok |
Results: 179 passed, 7 failed
