# entry 6.1 Hyperbolic sine/6.1.1 (c+d x)^m (a+b sinh)^n.mac e26  integrand csch(a+b*x)/(c+d*x)
# core /home/serge/src/mr-attr-base/test/mr_rules.core  cap 60  hit_cap False  cpu [2.053411]
fired    4_7_5 r72  %mr_icsc(%i*b*x+%i*a)/(-(%i*d*x)-%i*c)
fired    1_4_1 r18  (%i*%mr_icsc(%i*b*x+%i*a))/(d*x+c)
fired    4_1_0_1 r1  csch(b*x+a)/(d*x+c)
RUBI-CPU 1.906916 
ANSWER 'unintegrable[csc(%i*b*x+%i*a)/(-(%i*d*x)-%i*c),x] 

# entry 6.1 Hyperbolic sine/6.1.1 (c+d x)^m (a+b sinh)^n.mac e26  integrand csch(a+b*x)/(c+d*x)
# core /home/serge/src/mr-attr/test/mr_rules.core  cap 60  hit_cap False  cpu [2.133582]
fired    4_5_10 r13  %mr_icsc(%i*b*x+%i*a)/(-(%i*d*x)-%i*c)
fired    1_4_1 r18  (%i*%mr_icsc(%i*b*x+%i*a))/(d*x+c)
fired    4_1_0_1 r1  csch(b*x+a)/(d*x+c)
RUBI-CPU 2.027232 
ANSWER -(%i*'unintegrable[csch(b*x+a)/(-(%i*d*x)-%i*c),x]) 

# entry 6.1 Hyperbolic sine/6.1.1 (c+d x)^m (a+b sinh)^n.mac e31  integrand csch(a+b*x)^2/(c+d*x)
# core /home/serge/src/mr-attr-base/test/mr_rules.core  cap 60  hit_cap False  cpu [2.093473]
fired    4_7_5 r72  %mr_icsc(%i*b*x+%i*a)^2/(-(d*x)-c)
fired    1_4_1 r18  -(%mr_icsc(%i*b*x+%i*a)^2/(d*x+c))
fired    4_1_0_1 r1  csch(b*x+a)^2/(d*x+c)
RUBI-CPU 2.03009 
ANSWER 'unintegrable[csc(%i*b*x+%i*a)^2/(-(d*x)-c),x] 

# entry 6.1 Hyperbolic sine/6.1.1 (c+d x)^m (a+b sinh)^n.mac e31  integrand csch(a+b*x)^2/(c+d*x)
# core /home/serge/src/mr-attr/test/mr_rules.core  cap 60  hit_cap False  cpu [4.803434]
fired    4_5_10 r13  %mr_icsc(%i*b*x+%i*a)^2/(-(d*x)-c)
fired    1_4_1 r18  -(%mr_icsc(%i*b*x+%i*a)^2/(d*x+c))
fired    4_1_0_1 r1  csch(b*x+a)^2/(d*x+c)
RUBI-CPU 4.728766 
ANSWER -'unintegrable[csch(b*x+a)^2/(-(d*x)-c),x] 

# entry 6.1 Hyperbolic sine/6.1.1 (c+d x)^m (a+b sinh)^n.mac e36  integrand csch(a+b*x)^3/(c+d*x)
# core /home/serge/src/mr-attr-base/test/mr_rules.core  cap 60  hit_cap False  cpu [2.532296]
fired    4_7_5 r72  %mr_icsc(%i*b*x+%i*a)^3/(%i*d*x+%i*c)
fired    1_4_1 r18  -((%i*%mr_icsc(%i*b*x+%i*a)^3)/(d*x+c))
fired    4_1_0_1 r1  csch(b*x+a)^3/(d*x+c)
RUBI-CPU 2.4344110000000003 
ANSWER 'unintegrable[csc(%i*b*x+%i*a)^3/(%i*d*x+%i*c),x] 

# entry 6.1 Hyperbolic sine/6.1.1 (c+d x)^m (a+b sinh)^n.mac e36  integrand csch(a+b*x)^3/(c+d*x)
# core /home/serge/src/mr-attr/test/mr_rules.core  cap 60  hit_cap False  cpu [3.556508]
fired    4_5_10 r13  %mr_icsc(%i*b*x+%i*a)^3/(%i*d*x+%i*c)
fired    1_4_1 r18  -((%i*%mr_icsc(%i*b*x+%i*a)^3)/(d*x+c))
fired    4_1_0_1 r1  csch(b*x+a)^3/(d*x+c)
RUBI-CPU 3.488098 
ANSWER %i*'unintegrable[csch(b*x+a)^3/(%i*d*x+%i*c),x] 

# entry 6.1 Hyperbolic sine/6.1.5 Hyperbolic sine functions.mac e46  integrand csch(x)^3/(%i+sinh(x))
# core /home/serge/src/mr-attr-base/test/mr_rules.core  cap 60  hit_cap False  cpu [28.60659]
fired    9_3 r67  1/(%i*(2*x-2)*sinh(x)^4+(2-2*x)*sinh(x)^3)
fired    9_3 r67  1/(%i*(2*x+2)*sinh(x)^4+(-(2*x)-2)*sinh(x)^3)
fired    1_4_1 r7  1/(%i*(2*x-2)*sinh(x)^4+(2-2*x)*sinh(x)^3)-1/(%i*(2*x+2)*sinh(x)^4+(-(2*x)-2)*sinh(x)^3)
fired    9_3 r46  1/((%i*x^2-%i)*sinh(x)^3*(sinh(x)+%i))
fired    1_4_1 r18  %i/((1-x^2)*sinh(x)^3*(sinh(x)+%i))
fired    1_2_1_1 r3  1/(-((8*%i*x^2)/17)+(16*%i*x)/17-(8*%i)/17)
fired    1_4_1 r18  (17*%i)/(8*x^2-16*x+8)
fired    1_4_1 r20  (%i*x)/4
fired    1_4_1 r19  (3*%i)/(2*x)
fired    1_4_1 r20  (3*%i)/(8*x^2)
fired    1_4_1 r7  -((17*%i)/(8*x^2-16*x+8))-(%i*x)/4-(3*%i)/(2*x)-(3*%i)/(8*x^2)-%i/2
fired    1_1_1_5 r5  (-((%i*x^5)/4)-(3*%i*x^3)/4-(3*%i*x)/4-(3*%i)/8)/((x-1)^2*x^2)
fired    1_1_1_5 r6  -((%i*(x^2+1)^3)/(8*(x-1)^2*x^3))
fired    1_2_1_1 r3  1/(-((8*%i*x^2)/17)+(16*%i*x)/17-(8*%i)/17)
fired    1_4_1 r18  (17*%i)/(8*x^2-16*x+8)
fired    1_4_1 r20  (%i*x)/4
fired    1_4_1 r19  (3*%i)/(2*x)
fired    1_4_1 r20  (3*%i)/(8*x^2)
fired    1_4_1 r7  -((17*%i)/(8*x^2-16*x+8))-(%i*x)/4-(3*%i)/(2*x)-(3*%i)/(8*x^2)-%i/2
fired    1_1_1_5 r5  (-((%i*x^5)/4)-(3*%i*x^3)/4-(3*%i*x)/4-(3*%i)/8)/((x-1)^2*x^2)
fired    1_1_1_5 r6  -((%i*(x^2+1)^3)/(8*(x-1)^2*x^3))
fired    1_2_1_1 r3  1/(-((8*%i*x^2)/17)+(16*%i*x)/17-(8*%i)/17)
fired    1_4_1 r18  (17*%i)/(8*x^2-16*x+8)
fired    1_4_1 r20  (%i*x)/4
fired    1_4_1 r19  (3*%i)/(2*x)
fired    1_4_1 r20  (3*%i)/(8*x^2)
fired    1_4_1 r7  -((17*%i)/(8*x^2-16*x+8))-(%i*x)/4-(3*%i)/(2*x)-(3*%i)/(8*x^2)-%i/2
fired    1_1_1_5 r5  (-((%i*x^5)/4)-(3*%i*x^3)/4-(3*%i*x)/4-(3*%i)/8)/((x-1)^2*x^2)
fired    1_1_1_5 r6  -((%i*(x^2+1)^3)/(8*(x-1)^2*x^3))
fired    4_7_5 r71  1/(%mr_isin(x)^3*(%i-%i*%mr_isin(x)))
fired    9_3 r51  1/(%mr_isin(%i*x)^3*(%i-%i*%mr_isin(%i*x)))
fired    9_1 r11  -(%i/(%mr_isin(%i*x)^3*(%i-%i*%mr_isin(%i*x))))
fired    4_1_0_1 r1  csch(x)^3/(sinh(x)+%i)
RUBI-CPU 28.532668 
ANSWER -((%i*(tanh(x/2)^12+(4-12*log(%i*tanh(x/2)))*tanh(x/2)^10+(336*log(%i*tanh(x/2))-11)*tanh(x/2)^8+(-(840*log(%i*tanh(x/2)))-560)*tanh(x/2)^6+(336*log(%i*tanh(x/2))+459)*tanh(x/2)^4+(-(12*log(%i*tanh(x/2)))-20)*tanh(x/2)^2-1)-4*tanh(x/2)^11+(96*log(%i*tanh(x/2))-36)*tanh(x/2)^9+(-(672*log(%i*tanh(x/2)))-216)*tanh(x/2)^7+(672*log(%i*tanh(x/2))+680)*tanh(x/2)^5+(-(96*log(%i*tanh(x/2)))-164)*tanh(x/2)^3-4*tanh(x/2))/(8*tanh(x/2)^10+%i*(64*tanh(x/2)^9-448*tanh(x/2)^7+448*tanh(x/2)^5-64*tanh(x/2)^3)-224*tanh(x/2)^8+560*tanh(x/2)^6-224*tanh(x/2)^4+8*tanh(x/2)^2)) 

# entry 6.1 Hyperbolic sine/6.1.5 Hyperbolic sine functions.mac e46  integrand csch(x)^3/(%i+sinh(x))
# core /home/serge/src/mr-attr/test/mr_rules.core  cap 60  hit_cap False  cpu [10.412009]
fired    1_4_1 r18  -(1/(x^2-1))
fired    4_7_5 r48  1/%mr_isin(%i*x)
fired    9_1 r11  %i/%mr_isin(%i*x)
fired    4_1_0_1 r1  1/sinh(x)
fired    9_1 r11  -(%i/sinh(x))
fired    4_1_1_1 r4  1/%mr_isin(%i*x)^3
fired    9_1 r11  -(%i/%mr_isin(%i*x)^3)
fired    4_1_0_1 r1  1/sinh(x)^3
fired    9_1 r11  %i/sinh(x)^3
fired    9_1 r8  1
fired    4_1_1_1 r4  1/%mr_isin(%i*x)^2
fired    9_1 r10  -(1/%mr_isin(%i*x)^2)
fired    4_1_0_1 r1  1/sinh(x)^2
fired    9_1 r10  -(1/sinh(x)^2)
fired    4_1_2_1 r15  (-(2*%i*%mr_isin(%i*x))-3*%i)/%mr_isin(%i*x)^3
fired    9_1 r11  -((%i*(-(2*%i*%mr_isin(%i*x))-3*%i))/%mr_isin(%i*x)^3)
fired    4_1_0_1 r1  (2*sinh(x)-3*%i)/sinh(x)^3
fired    9_1 r11  (%i*(2*sinh(x)-3*%i))/sinh(x)^3
fired    4_1_2_1 r35  1/(%mr_isin(%i*x)^3*(%i-%i*%mr_isin(%i*x)))
fired    9_1 r11  -(%i/(%mr_isin(%i*x)^3*(%i-%i*%mr_isin(%i*x))))
fired    4_1_0_1 r1  csch(x)^3/(sinh(x)+%i)
RUBI-CPU 10.304860999999999 
ANSWER -(%i*(-(3*%i*((%i*'unintegrable[-(1/(cosh(x)^2-1)),cosh(x)])/2-(%i*cosh(x))/(2*sinh(x)^2)))+(%i*cosh(x))/(sinh(x)^2*(sinh(x)+%i))-(2*%i*cosh(x))/sinh(x))) 

# entry 6.1 Hyperbolic sine/6.1.5 Hyperbolic sine functions.mac e54  integrand csch(x)^3/(%i+sinh(x))^2
# core /home/serge/src/mr-attr-base/test/mr_rules.core  cap 60  hit_cap False  cpu [36.760106]
fired    9_3 r67  1/(%i*(2*x-2)*sinh(x)^5+(4-4*x)*sinh(x)^4+%i*(2-2*x)*sinh(x)^3)
fired    9_3 r67  1/(%i*(2*x+2)*sinh(x)^5+(-(4*x)-4)*sinh(x)^4+%i*(-(2*x)-2)*sinh(x)^3)
fired    1_4_1 r7  1/(%i*(2*x-2)*sinh(x)^5+(4-4*x)*sinh(x)^4+%i*(2-2*x)*sinh(x)^3)-1/(%i*(2*x+2)*sinh(x)^5+(-(4*x)-4)*sinh(x)^4+%i*(-(2*x)-2)*sinh(x)^3)
fired    9_3 r46  1/((%i*x^2-%i)*sinh(x)^3*(sinh(x)+%i)^2)
fired    1_4_1 r18  %i/((1-x^2)*sinh(x)^3*(sinh(x)+%i)^2)
fired    1_4_1 r20  35/(8*x^4)
fired    1_2_2_1 r19  1/((8*x^4)/35-(32*x^3)/35+(48*x^2)/35-(32*x)/35+8/35)
fired    1_4_1 r18  35/(8*x^4-32*x^3+48*x^2-32*x+8)
fired    1_4_1 r20  7/(2*x^3)
fired    1_3_3 r8  1/((2*x^3)/7-(6*x^2)/7+(6*x)/7-2/7)
fired    1_4_1 r18  7/(2*x^3-6*x^2+6*x-2)
fired    1_2_1_1 r3  1/((8*x^2)/67-(16*x)/67+8/67)
fired    1_4_1 r18  67/(8*x^2-16*x+8)
fired    1_4_1 r20  x/4
fired    1_4_1 r19  7/(2*x)
fired    1_4_1 r20  5/(8*x^2)
fired    1_4_1 r7  -(35/(8*x^4-32*x^3+48*x^2-32*x+8))-7/(2*x^3-6*x^2+6*x-2)-67/(8*x^2-16*x+8)-x/4-7/(2*x)-5/(8*x^2)-1
fired    1_1_1_5 r5  (-(x^7/4)-x^5-(3*x^3)/2-x-5/8)/((x-1)^4*x^2)
fired    1_1_1_5 r6  -((x^2+1)^4/(8*(x-1)^4*x^3))
fired    1_4_1 r20  35/(8*x^4)
fired    1_2_2_1 r19  1/((8*x^4)/35-(32*x^3)/35+(48*x^2)/35-(32*x)/35+8/35)
fired    1_4_1 r18  35/(8*x^4-32*x^3+48*x^2-32*x+8)
fired    1_4_1 r20  7/(2*x^3)
fired    1_3_3 r8  1/((2*x^3)/7-(6*x^2)/7+(6*x)/7-2/7)
fired    1_4_1 r18  7/(2*x^3-6*x^2+6*x-2)
fired    1_2_1_1 r3  1/((8*x^2)/67-(16*x)/67+8/67)
fired    1_4_1 r18  67/(8*x^2-16*x+8)
fired    1_4_1 r20  x/4
fired    1_4_1 r19  7/(2*x)
fired    1_4_1 r20  5/(8*x^2)
fired    1_4_1 r7  -(35/(8*x^4-32*x^3+48*x^2-32*x+8))-7/(2*x^3-6*x^2+6*x-2)-67/(8*x^2-16*x+8)-x/4-7/(2*x)-5/(8*x^2)-1
fired    1_1_1_5 r5  (-(x^7/4)-x^5-(3*x^3)/2-x-5/8)/((x-1)^4*x^2)
fired    1_1_1_5 r6  -((x^2+1)^4/(8*(x-1)^4*x^3))
fired    1_4_1 r20  35/(8*x^4)
fired    1_2_2_1 r19  1/((8*x^4)/35-(32*x^3)/35+(48*x^2)/35-(32*x)/35+8/35)
fired    1_4_1 r18  35/(8*x^4-32*x^3+48*x^2-32*x+8)
fired    1_4_1 r20  7/(2*x^3)
fired    1_3_3 r8  1/((2*x^3)/7-(6*x^2)/7+(6*x)/7-2/7)
fired    1_4_1 r18  7/(2*x^3-6*x^2+6*x-2)
fired    1_2_1_1 r3  1/((8*x^2)/67-(16*x)/67+8/67)
fired    1_4_1 r18  67/(8*x^2-16*x+8)
fired    1_4_1 r20  x/4
fired    1_4_1 r19  7/(2*x)
fired    1_4_1 r20  5/(8*x^2)
fired    1_4_1 r7  -(35/(8*x^4-32*x^3+48*x^2-32*x+8))-7/(2*x^3-6*x^2+6*x-2)-67/(8*x^2-16*x+8)-x/4-7/(2*x)-5/(8*x^2)-1
fired    1_1_1_5 r5  (-(x^7/4)-x^5-(3*x^3)/2-x-5/8)/((x-1)^4*x^2)
fired    1_1_1_5 r6  -((x^2+1)^4/(8*(x-1)^4*x^3))
fired    4_7_5 r71  1/(%mr_isin(x)^3*(%i-%i*%mr_isin(x))^2)
fired    9_3 r51  1/(%mr_isin(%i*x)^3*(%i-%i*%mr_isin(%i*x))^2)
fired    9_1 r11  -(%i/(%mr_isin(%i*x)^3*(%i-%i*%mr_isin(%i*x))^2))
fired    4_1_0_1 r1  csch(x)^3/(sinh(x)+%i)^2
RUBI-CPU 36.65822 
ANSWER -((3*tanh(x/2)^40+%i*(84*tanh(x/2)^39+(-(3024*log(%i*tanh(x/2)))-6516)*tanh(x/2)^37+(599760*log(%i*tanh(x/2))-155092)*tanh(x/2)^35+(10528884-31667328*log(%i*tanh(x/2)))*tanh(x/2)^33+(701205120*log(%i*tanh(x/2))-98602416)*tanh(x/2)^31+(-(7908035520*log(%i*tanh(x/2)))-699234512)*tanh(x/2)^29+(50467644864*log(%i*tanh(x/2))+15884035440)*tanh(x/2)^27+(-(194106326400*log(%i*tanh(x/2)))-103274430192)*tanh(x/2)^25+(467703815040*log(%i*tanh(x/2))+346825461720)*tanh(x/2)^23+(-(722189714400*log(%i*tanh(x/2)))-683296277400)*tanh(x/2)^21+(722189714400*log(%i*tanh(x/2))+829863124200)*tanh(x/2)^19+(-(...

# entry 6.1 Hyperbolic sine/6.1.5 Hyperbolic sine functions.mac e54  integrand csch(x)^3/(%i+sinh(x))^2
# core /home/serge/src/mr-attr/test/mr_rules.core  cap 60  hit_cap False  cpu [24.148934]
fired    9_1 r11  -(%i/sinh(x))
fired    4_1_1_1 r4  1/%mr_isin(%i*x)^3
fired    9_1 r11  -(%i/%mr_isin(%i*x)^3)
fired    4_1_0_1 r1  1/sinh(x)^3
fired    9_1 r11  %i/sinh(x)^3
fired    9_1 r8  1
fired    4_1_1_1 r4  1/%mr_isin(%i*x)^2
fired    9_1 r10  -(1/%mr_isin(%i*x)^2)
fired    4_1_0_1 r1  1/sinh(x)^2
fired    9_1 r10  -(1/sinh(x)^2)
fired    4_1_2_1 r15  (-(16*%mr_isin(%i*x))-21)/%mr_isin(%i*x)^3
fired    9_1 r11  -((%i*(-(16*%mr_isin(%i*x))-21))/%mr_isin(%i*x)^3)
fired    4_1_0_1 r1  (-(16*%i*sinh(x))-21)/sinh(x)^3
fired    9_1 r11  (%i*(-(16*%i*sinh(x))-21))/sinh(x)^3
fired    4_1_3_1 r13  (3*%i*%mr_isin(%i*x)+5*%i)/(%mr_isin(%i*x)^3*(%i-%i*%mr_isin(%i*x)))
fired    9_1 r11  -((%i*(3*%i*%mr_isin(%i*x)+5*%i))/(%mr_isin(%i*x)^3*(%i-%i*%mr_isin(%i*x))))
fired    4_1_0_1 r1  (5*%i-3*sinh(x))/(sinh(x)^3*(sinh(x)+%i))
fired    9_1 r11  (%i*(5*%i-3*sinh(x)))/(sinh(x)^3*(sinh(x)+%i))
fired    4_1_2_1 r33  1/(%mr_isin(%i*x)^3*(%i-%i*%mr_isin(%i*x))^2)
fired    9_1 r11  -(%i/(%mr_isin(%i*x)^3*(%i-%i*%mr_isin(%i*x))^2))
fired    4_1_0_1 r1  csch(x)^3/(sinh(x)+%i)^2
RUBI-CPU 24.078507000000002 
ANSWER -(%i*((%i*cosh(x))/(3*sinh(x)^2*(sinh(x)+%i)^2)-(21*(-((%i*'unintegrable[1/sinh(x),x])/2)-(%i*cosh(x))/(2*sinh(x)^2))-(8*cosh(x))/(sinh(x)^2*(sinh(x)+%i))+(16*cosh(x))/sinh(x))/3)) 

# entry 6.1 Hyperbolic sine/6.1.5 Hyperbolic sine functions.mac e152  integrand (a*sinh(x)^4)^(5/2)
# core /home/serge/src/mr-attr-base/test/mr_rules.core  cap 60  hit_cap False  cpu [5.148573]
fired    4_7_5 r72  %mr_isin(%i*x)^10/(2-2*x)
fired    1_4_1 r18  -(%mr_isin(%i*x)^10/(2*x-2))
fired    4_1_0_1 r1  sinh(x)^10/(2*x-2)
fired    4_7_5 r72  %mr_isin(%i*x)^10/(-(2*x)-2)
fired    1_4_1 r18  -(%mr_isin(%i*x)^10/(2*x+2))
fired    4_1_0_1 r1  sinh(x)^10/(2*x+2)
fired    1_4_1 r7  sinh(x)^10/(2*x-2)-sinh(x)^10/(2*x+2)
fired    9_3 r46  sinh(x)^10/(x^2-1)
fired    1_1_2_1 r10  1/(x^2+1)
fired    1_1_2_2 r13  x^2/(x^2+1)^2
fired    1_1_2_2 r13  x^4/(x^2+1)^3
fired    1_1_2_2 r13  x^6/(x^2+1)^4
fired    1_1_2_2 r13  x^8/(x^2+1)^5
fired    1_1_2_2 r13  x^10/(x^2+1)^6
fired    4_7_5 r58  %mr_isin(x)^10
fired    9_3 r51  %mr_isin(%i*x)^10
fired    9_1 r10  -%mr_isin(%i*x)^10
fired    4_1_0_1 r1  sinh(x)^10
fired    9_1 r12  a^(5/2)*sinh(x)^10
RUBI-CPU 5.092302 
ANSWER -((a^(5/2)*((315*tanh(x)^10-1575*tanh(x)^8+3150*tanh(x)^6-3150*tanh(x)^4+1575*tanh(x)^2-315)*atanh(tanh(x))+965*tanh(x)^9-2370*tanh(x)^7+2688*tanh(x)^5-1470*tanh(x)^3+315*tanh(x)))/(1280*tanh(x)^10-6400*tanh(x)^8+12800*tanh(x)^6-12800*tanh(x)^4+6400*tanh(x)^2-1280)) 

# entry 6.1 Hyperbolic sine/6.1.5 Hyperbolic sine functions.mac e152  integrand (a*sinh(x)^4)^(5/2)
# core /home/serge/src/mr-attr/test/mr_rules.core  cap 60  hit_cap False  cpu [3.730436]
fired    4_1_1_1 r3  %mr_isin(%i*x)^2
fired    9_1 r10  -%mr_isin(%i*x)^2
fired    4_1_0_1 r1  sinh(x)^2
fired    9_1 r10  -sinh(x)^2
fired    4_1_1_1 r3  %mr_isin(%i*x)^4
fired    4_1_0_1 r1  sinh(x)^4
fired    4_1_1_1 r3  %mr_isin(%i*x)^6
fired    9_1 r10  -%mr_isin(%i*x)^6
fired    4_1_0_1 r1  sinh(x)^6
fired    9_1 r10  -sinh(x)^6
fired    4_1_1_1 r3  %mr_isin(%i*x)^8
fired    4_1_0_1 r1  sinh(x)^8
fired    4_1_1_1 r3  %mr_isin(%i*x)^10
fired    9_1 r10  -%mr_isin(%i*x)^10
fired    4_1_0_1 r1  sinh(x)^10
fired    9_1 r12  a^(5/2)*sinh(x)^10
RUBI-CPU 3.594861 
ANSWER a^(5/2)*((cosh(x)*sinh(x)^9)/10-(9*((cosh(x)*sinh(x)^7)/8+(7*((5*((cosh(x)*sinh(x)^3)/4+(3*('unintegrable[1,x]/2-(cosh(x)*sinh(x))/2))/4))/6-(cosh(x)*sinh(x)^5)/6))/8))/10) 

# entry 6.1 Hyperbolic sine/6.1.5 Hyperbolic sine functions.mac e227  integrand coth(x)^6/(%i+sinh(x))^2
# core /home/serge/src/mr-attr-base/test/mr_rules.core  cap 60  hit_cap False  cpu [24.022199]
fired    9_3 r67  1/(%i*sinh(x)*(4*x*tanh(x)^6-4*tanh(x)^6)+sinh(x)^2*(2*x*tanh(x)^6-2*tanh(x)^6)-2*x*tanh(x)^6+2*tanh(x)^6)
fired    9_3 r67  1/(%i*sinh(x)*(4*x*tanh(x)^6+4*tanh(x)^6)+sinh(x)^2*(2*x*tanh(x)^6+2*tanh(x)^6)-2*x*tanh(x)^6-2*tanh(x)^6)
fired    1_4_1 r7  1/(%i*sinh(x)*(4*x*tanh(x)^6-4*tanh(x)^6)+sinh(x)^2*(2*x*tanh(x)^6-2*tanh(x)^6)-2*x*tanh(x)^6+2*tanh(x)^6)-1/(%i*sinh(x)*(4*x*tanh(x)^6+4*tanh(x)^6)+sinh(x)^2*(...
fired    9_3 r46  1/((x^2-1)*(sinh(x)+%i)^2*tanh(x)^6)
fired    1_4_1 r18  -(1/((1-x^2)*(sinh(x)+%i)^2*tanh(x)^6))
fired    1_4_1 r20  (11*x^2)/64
fired    1_4_1 r20  x/2
fired    1_4_1 r20  3/(32*x^2)
fired    1_4_1 r20  5/(64*x^4)
fired    1_4_1 r20  1/(16*x^5)
fired    1_4_1 r20  1/(64*x^6)
fired    1_4_1 r7  -(x^4/64)-x^3/16+(11*x^2)/64-x/2+1/(8*x)+3/(32*x^2)-5/(64*x^4)-1/(16*x^5)-1/(64*x^6)+11/32
fired    1_1_1_5 r5  ((x-1)^2*(x^6/4-((x+1)^6*(x^2+1))/64))/x^6
fired    1_4_1 r17  -(((x-1)^2*(x+1)^6*(x^2+1))/(64*x^6))
fired    1_4_1 r20  (11*x^2)/64
fired    1_4_1 r20  x/2
fired    1_4_1 r20  3/(32*x^2)
fired    1_4_1 r20  5/(64*x^4)
fired    1_4_1 r20  1/(16*x^5)
fired    1_4_1 r20  1/(64*x^6)
fired    1_4_1 r7  -(x^4/64)-x^3/16+(11*x^2)/64-x/2+1/(8*x)+3/(32*x^2)-5/(64*x^4)-1/(16*x^5)-1/(64*x^6)+11/32
fired    1_1_1_5 r5  ((x-1)^2*(x^6/4-((x+1)^6*(x^2+1))/64))/x^6
fired    1_4_1 r17  -(((x-1)^2*(x+1)^6*(x^2+1))/(64*x^6))
fired    1_4_1 r20  (11*x^2)/64
fired    1_4_1 r20  x/2
fired    1_4_1 r20  3/(32*x^2)
fired    1_4_1 r20  5/(64*x^4)
fired    1_4_1 r20  1/(16*x^5)
fired    1_4_1 r20  1/(64*x^6)
fired    1_4_1 r7  -(x^4/64)-x^3/16+(11*x^2)/64-x/2+1/(8*x)+3/(32*x^2)-5/(64*x^4)-1/(16*x^5)-1/(64*x^6)+11/32
fired    1_1_1_5 r5  ((x-1)^2*(x^6/4-((x+1)^6*(x^2+1))/64))/x^6
fired    1_4_1 r17  -(((x-1)^2*(x+1)^6*(x^2+1))/(64*x^6))
fired    4_7_5 r71  1/((%i-%i*%mr_isin(x))^2*%mr_itan(x)^6)
fired    9_3 r51  1/((%i-%i*%mr_isin(%i*x))^2*%mr_itan(%i*x)^6)
fired    9_1 r10  -(1/((%i-%i*%mr_isin(%i*x))^2*%mr_itan(%i*x)^6))
fired    4_1_0_1 r1  coth(x)^6/(sinh(x)+%i)^2
RUBI-CPU 23.936873000000002 
ANSWER -((%i*(%i*(3*tanh(x/2)^10-25*tanh(x/2)^8-90*tanh(x/2)^6-90*tanh(x/2)^4-25*tanh(x/2)^2+3)+15*tanh(x/2)^9+(-(120*log(%i*tanh(x/2)))-80)*tanh(x/2)^5-15*tanh(x/2)))/(480*tanh(x/2)^5)) 

# entry 6.1 Hyperbolic sine/6.1.5 Hyperbolic sine functions.mac e227  integrand coth(x)^6/(%i+sinh(x))^2
# core /home/serge/src/mr-attr/test/mr_rules.core  cap 60  hit_cap False  cpu [12.360763]
fired    9_1 r8  1
fired    4_1_1_1 r4  1/%mr_isin(%i*x)^2
fired    9_1 r10  -(1/%mr_isin(%i*x)^2)
fired    4_1_0_1 r1  1/sinh(x)^2
fired    1_1_2_1 r13  1/(1-x^2)
fired    1_4_1 r18  -(1/(x^2-1))
fired    4_7_5 r48  1/%mr_isin(%i*x)
fired    9_1 r11  %i/%mr_isin(%i*x)
fired    4_1_0_1 r1  1/sinh(x)
fired    9_1 r11  -(%i/sinh(x))
fired    4_1_1_1 r4  1/%mr_isin(%i*x)^3
fired    9_1 r11  -(%i/%mr_isin(%i*x)^3)
fired    4_1_0_1 r1  1/sinh(x)^3
fired    1_4_1 r18  -(1/(x^2-1))
fired    4_7_5 r48  1/%mr_isin(%i*x)
fired    9_1 r11  %i/%mr_isin(%i*x)
fired    4_1_0_1 r1  1/sinh(x)
fired    9_1 r11  -(%i/sinh(x))
fired    4_1_1_1 r4  1/%mr_isin(%i*x)^3
fired    9_1 r11  -(%i/%mr_isin(%i*x)^3)
fired    4_1_0_1 r1  1/sinh(x)^3
fired    9_1 r11  %i/sinh(x)^3
fired    4_1_1_1 r4  1/%mr_isin(%i*x)^5
fired    9_1 r11  %i/%mr_isin(%i*x)^5
fired    4_1_0_1 r1  1/sinh(x)^5
fired    9_1 r8  1
fired    4_1_1_1 r4  1/%mr_isin(%i*x)^2
fired    9_1 r10  -(1/%mr_isin(%i*x)^2)
fired    4_1_0_1 r1  1/sinh(x)^2
fired    9_1 r10  -(1/sinh(x)^2)
fired    4_1_1_1 r4  1/%mr_isin(%i*x)^4
fired    4_1_0_1 r1  1/sinh(x)^4
fired    4_1_1_1 r4  1/%mr_isin(%i*x)^6
fired    9_1 r10  -(1/%mr_isin(%i*x)^6)
fired    4_1_0_1 r1  1/sinh(x)^6
fired    1_4_1 r7  1/sinh(x)^2-(2*%i)/sinh(x)^3-(2*%i)/sinh(x)^5-1/sinh(x)^6
fired    4_1_1_3 r4  1/((%i-%i*%mr_isin(%i*x))^2*%mr_itan(%i*x)^6)
fired    9_1 r10  -(1/((%i-%i*%mr_isin(%i*x))^2*%mr_itan(%i*x)^6))
fired    4_1_0_1 r1  coth(x)^6/(sinh(x)+%i)^2
RUBI-CPU 12.255661 
ANSWER 2*((3*((%i*'unintegrable[-(1/(cosh(x)^2-1)),cosh(x)])/2-(%i*cosh(x))/(2*sinh(x)^2)))/4+(%i*cosh(x))/(4*sinh(x)^4))-2*((%i*log(-((cosh(x)+1)/(cosh(x)-1))))/4-(%i*cosh(x))/(2*sinh(x)^2))+(4*((2*cosh(x))/(3*sinh(x))-cosh(x)/(3*sinh(x)^3)))/5-cosh(x)/sinh(x)+cosh(x)/(5*sinh(x)^5) 

# entry 6.1 Hyperbolic sine/6.1.7 hyper^m (a+b sinh^n)^p.mac e72  integrand sinh(e+f*x)^2*sqrt(a+b*sinh(e+f*x)^2)
# core /home/serge/src/mr-attr-base/test/mr_rules.core  cap 60  hit_cap False  cpu [26.510983]
fired    1_1_2_3 r41  1/(sqrt(x^2+1)*sqrt((a-b)*x^2+a))
fired    1_1_2_3 r34  sqrt((a-b)*x^2+a)/(x^2+1)^(3/2)
fired    1_1_2_5 r5  ((2*a-2*b)*x^2+a)/((x^2+1)^(3/2)*sqrt((a-b)*x^2+a))
fired    9_1 r6  ((2*a-2*b)*x^2+a)/((x^2+1)^(3/2)*sqrt(-(b*x^2)+a*x^2+a))
fired    9_1 r6  (-(2*b*x^2)+2*a*x^2+a)/((x^2+1)^(3/2)*sqrt(-(b*x^2)+a*x^2+a))
fired    1_4_2 r9  (a*(2*x^2+1)-2*b*x^2)/((x^2+1)^(3/2)*sqrt((a-b)*x^2+a))
fired    1_1_2_4 r35  (x^2*sqrt((a-b)*x^2+a))/(x^2+1)^(5/2)
fired    9_1 r6  (x^2*sqrt(-(b*x^2)+a*x^2+a))/(x^2+1)^(5/2)
fired    1_4_2 r8  (x^2*sqrt(a*(x^2+1)-b*x^2))/(x^2+1)^(5/2)
fired    9_3 r44  (x^2*sqrt(a-(b*x^2)/(x^2+1)))/(x^2+1)^2
fired    4_7_5 r58  %mr_isin(%i*f*x+%i*e)^2*sqrt(a-b*%mr_isin(%i*f*x+%i*e)^2)
fired    9_1 r10  -(%mr_isin(%i*f*x+%i*e)^2*sqrt(a-b*%mr_isin(%i*f*x+%i*e)^2))
fired    4_1_0_1 r1  sinh(f*x+e)^2*sqrt(b*sinh(f*x+e)^2+a)
RUBI-CPU 26.455813 
ANSWER -((%i*(sqrt(-(((b-a)*tanh(f*x+e)^2+a)/(tanh(f*x+e)^2-1)))*sqrt(-(((b-a)*tanh(f*x+e)^2+a)/(a*tanh(f*x+e)^2-a)))*(a^(3/2)*sqrt(a-b)*tanh(f*x+e)^4-2*a^(3/2)*sqrt(a-b)*tanh(f*x+e)^2+a^(3/2)*sqrt(a-b))*elliptic_f(%i*atanh((sqrt(a-b)*tanh(f*x+e))/sqrt(a)),b/(b-a))+sqrt(-(((b-a)*tanh(f*x+e)^2+a)/(tanh(f*x+e)^2-1)))*((-(2*b^2)+3*a*b-a^2)*tanh(f*x+e)^4+(2*b^2-5*a*b+2*a^2)*tanh(f*x+e)^2+2*a*b-a^2)*sqrt(-((a*tanh(f*x+e)^2-a)/((b-a)*tanh(f*x+e)^2+a)))*elliptic_e(%i*atanh(tanh(f*x+e)),b/a)+sqrt(-(((b-a)*tanh(f*x+e)^2+a)/(tanh(f*x+e)^2-1)))*sqrt(-(((b-a)*tanh(f*x+e)^2+a)/(a*tanh(f*x+e)^2-a)))*((%i*a*...

# entry 6.1 Hyperbolic sine/6.1.7 hyper^m (a+b sinh^n)^p.mac e72  integrand sinh(e+f*x)^2*sqrt(a+b*sinh(e+f*x)^2)
# core /home/serge/src/mr-attr/test/mr_rules.core  cap 60  hit_cap False  cpu [14.208434]
fired    9_3 r67  sqrt(a-b*x^2)/sqrt(1-x^2)
fired    4_1_7 r17  sqrt(a-b*%mr_isin(%i*f*x+%i*e)^2)
fired    4_1_0_1 r1  sqrt(a-b*sin(%i*f*x+%i*e)^2)
fired    9_3 r67  1/(sqrt(1-x^2)*sqrt(a-b*x^2))
fired    4_1_7 r17  1/sqrt(a-b*%mr_isin(%i*f*x+%i*e)^2)
fired    4_1_0_1 r1  1/sqrt(a-b*sin(%i*f*x+%i*e)^2)
fired    4_1_7 r4  (a-(2*b-a)*%mr_isin(%i*f*x+%i*e)^2)/sqrt(a-b*%mr_isin(%i*f*x+%i*e)^2)
fired    4_1_0_1 r1  ((2*b-a)*sinh(f*x+e)^2+a)/sqrt(a-b*sin(%i*f*x+%i*e)^2)
fired    4_1_7 r2  %mr_isin(%i*f*x+%i*e)^2*sqrt(a-b*%mr_isin(%i*f*x+%i*e)^2)
fired    9_1 r10  -(%mr_isin(%i*f*x+%i*e)^2*sqrt(a-b*%mr_isin(%i*f*x+%i*e)^2))
fired    4_1_0_1 r1  sinh(f*x+e)^2*sqrt(b*sinh(f*x+e)^2+a)
RUBI-CPU 14.130283 
ANSWER -(((%i*(a-2*b)*sqrt(cos(%i*f*x+%i*e)^2)*'unintegrable[sqrt(b*sinh(f*x+e)^2+a)/sqrt(sinh(f*x+e)^2+1),%i*sinh(f*x+e)])/(b*f*cos(%i*f*x+%i*e))+(%i*(-(a*b)-a*(a-2*b))*sqrt(cos(%i*f*x+%i*e)^2)*'unintegrable[1/(sqrt(sinh(f*x+e)^2+1)*sqrt(b*sinh(f*x+e)^2+a)),%i*sinh(f*x+e)])/(b*f*cos(%i*f*x+%i*e)))/3)-(%i*cos(%i*f*x+%i*e)*sin(%i*f*x+%i*e)*sqrt(a-b*sin(%i*f*x+%i*e)^2))/(3*f) 

# entry 6.1 Hyperbolic sine/6.1.7 hyper^m (a+b sinh^n)^p.mac e73  integrand sqrt(a+b*sinh(e+f*x)^2)
# core /home/serge/src/mr-attr-base/test/mr_rules.core  cap 60  hit_cap False  cpu [4.683104]
fired    1_1_2_3 r34  sqrt((a-b)*x^2+a)/(x^2+1)^(3/2)
fired    9_1 r6  sqrt(-(b*x^2)+a*x^2+a)/(x^2+1)^(3/2)
fired    1_4_2 r7  sqrt(a*(x^2+1)-b*x^2)/(x^2+1)^(3/2)
fired    9_3 r44  sqrt(a-(b*x^2)/(x^2+1))/(x^2+1)
fired    4_7_5 r58  sqrt(a-b*%mr_isin(%i*f*x+%i*e)^2)
fired    4_1_0_1 r1  sqrt(b*sinh(f*x+e)^2+a)
RUBI-CPU 4.62285 
ANSWER -((%i*sqrt(-(((b-a)*tanh(f*x+e)^2+a)/(tanh(f*x+e)^2-1)))*elliptic_e(%i*atanh(tanh(f*x+e)),b/a))/(f*sqrt(-(((b-a)*tanh(f*x+e)^2+a)/(a*tanh(f*x+e)^2-a))))) 

# entry 6.1 Hyperbolic sine/6.1.7 hyper^m (a+b sinh^n)^p.mac e73  integrand sqrt(a+b*sinh(e+f*x)^2)
# core /home/serge/src/mr-attr/test/mr_rules.core  cap 60  hit_cap False  cpu [4.13983]
fired    9_3 r67  sqrt(a-b*x^2)/sqrt(1-x^2)
fired    4_1_7 r17  sqrt(a-b*%mr_isin(%i*f*x+%i*e)^2)
fired    4_1_0_1 r1  sqrt(b*sinh(f*x+e)^2+a)
RUBI-CPU 4.039009 
ANSWER -((%i*sqrt(cos(%i*f*x+%i*e)^2)*'unintegrable[sqrt(b*sinh(f*x+e)^2+a)/sqrt(sinh(f*x+e)^2+1),%i*sinh(f*x+e)])/(f*cos(%i*f*x+%i*e))) 

# entry 6.1 Hyperbolic sine/6.1.7 hyper^m (a+b sinh^n)^p.mac e74  integrand csch(e+f*x)^2*sqrt(a+b*sinh(e+f*x)^2)
# core /home/serge/src/mr-attr-base/test/mr_rules.core  cap 60  hit_cap False  cpu [14.525387]
fired    1_1_2_3 r41  1/(sqrt(x^2+1)*sqrt((a-b)*x^2+a))
fired    1_1_2_3 r34  sqrt(x^2+1)/((a-b)*x^2+a)^(3/2)
fired    1_1_2_4 r54  x^2/(sqrt(x^2+1)*sqrt((a-b)*x^2+a))
fired    1_1_2_3 r45  sqrt(x^2+1)/sqrt((a-b)*x^2+a)
fired    9_1 r12  ((a-b)*sqrt(x^2+1))/sqrt((a-b)*x^2+a)
fired    1_4_1 r18  (a*(x^2+1)+b*(-x^2-1))/(sqrt(x^2+1)*sqrt((a-b)*x^2+a))
fired    1_1_2_4 r43  sqrt((a-b)*x^2+a)/(x^2*sqrt(x^2+1))
fired    9_1 r6  sqrt(-(b*x^2)+a*x^2+a)/(x^2*sqrt(x^2+1))
fired    1_4_2 r8  sqrt(a*(x^2+1)-b*x^2)/(x^2*sqrt(x^2+1))
fired    9_3 r44  sqrt(a-(b*x^2)/(x^2+1))/x^2
fired    4_7_5 r58  sqrt(a-b*%mr_isin(%i*f*x+%i*e)^2)/%mr_isin(%i*f*x+%i*e)^2
fired    9_1 r10  -(sqrt(a-b*%mr_isin(%i*f*x+%i*e)^2)/%mr_isin(%i*f*x+%i*e)^2)
fired    4_1_0_1 r1  csch(f*x+e)^2*sqrt(b*sinh(f*x+e)^2+a)
RUBI-CPU 14.457305 
ANSWER -((%i*(sqrt(-(((b-a)*tanh(f*x+e)^2+a)/(tanh(f*x+e)^2-1)))*(sqrt(a)*sqrt(a-b)*tanh(f*x+e)^3-sqrt(a)*sqrt(a-b)*tanh(f*x+e))*elliptic_f(%i*atanh((sqrt(a-b)*tanh(f*x+e))/sqrt(a)),b/(b-a))+sqrt(-(((b-a)*tanh(f*x+e)^2+a)/(tanh(f*x+e)^2-1)))*(sqrt(a)*sqrt(a-b)*tanh(f*x+e)-sqrt(a)*sqrt(a-b)*tanh(f*x+e)^3)*elliptic_e(%i*atanh((sqrt(a-b)*tanh(f*x+e))/sqrt(a)),b/(b-a))+(%i*a*tanh(f*x+e)^2-%i*a)*sqrt(-(((b-a)*tanh(f*x+e)^2+a)/(tanh(f*x+e)^2-1)))*sqrt(-((a*tanh(f*x+e)^2-a)/((b-a)*tanh(f*x+e)^2+a)))))/(f*((b-a)*tanh(f*x+e)^3+a*tanh(f*x+e))*sqrt(-((a*tanh(f*x+e)^2-a)/((b-a)*tanh(f*x+e)^2+a))))) 

# entry 6.1 Hyperbolic sine/6.1.7 hyper^m (a+b sinh^n)^p.mac e74  integrand csch(e+f*x)^2*sqrt(a+b*sinh(e+f*x)^2)
# core /home/serge/src/mr-attr/test/mr_rules.core  cap 60  hit_cap False  cpu [11.963041]
fired    9_3 r67  sqrt(1-x^2)/sqrt(a-b*x^2)
fired    9_1 r12  (b*sqrt(1-x^2))/sqrt(a-b*x^2)
fired    1_1_2_3 r2  (b*(x^2-1))/(sqrt(1-x^2)*sqrt(a-b*x^2))
fired    1_1_2_4 r43  sqrt(a-b*x^2)/(x^2*sqrt(1-x^2))
fired    4_1_7 r20  sqrt(a-b*%mr_isin(%i*f*x+%i*e)^2)/%mr_isin(%i*f*x+%i*e)^2
fired    9_1 r10  -(sqrt(a-b*%mr_isin(%i*f*x+%i*e)^2)/%mr_isin(%i*f*x+%i*e)^2)
fired    4_1_0_1 r1  csch(f*x+e)^2*sqrt(b*sinh(f*x+e)^2+a)
RUBI-CPU 11.876201 
ANSWER -((%i*sqrt(cos(%i*f*x+%i*e)^2)*(b*sinh(f*x+e)*'unintegrable[sqrt(sinh(f*x+e)^2+1)/sqrt(b*sinh(f*x+e)^2+a),%i*sinh(f*x+e)]-%i*sqrt(sinh(f*x+e)^2+1)*sqrt(b*sinh(f*x+e)^2+a)))/(f*sinh(f*x+e)*cos(%i*f*x+%i*e))) 

# entry 6.1 Hyperbolic sine/6.1.7 hyper^m (a+b sinh^n)^p.mac e84  integrand (a+b*sinh(e+f*x)^2)^(3/2)
# core /home/serge/src/mr-attr-base/test/mr_rules.core  cap 60  hit_cap False  cpu [25.327168]
fired    1_1_2_3 r41  1/(sqrt(x^2+1)*sqrt((a-b)*x^2+a))
fired    1_1_2_3 r34  sqrt((a-b)*x^2+a)/(x^2+1)^(3/2)
fired    1_1_2_5 r5  ((2*b^2-5*a*b+3*a^2)*x^2-a*b+3*a^2)/((x^2+1)^(3/2)*sqrt((a-b)*x^2+a))
fired    9_1 r6  ((2*b^2-5*a*b+3*a^2)*x^2-a*b+3*a^2)/((x^2+1)^(3/2)*sqrt(-(b*x^2)+a*x^2+a))
fired    9_1 r6  ((2*b^2+3*a^2)*x^2-5*a*b*x^2-a*b+3*a^2)/((x^2+1)^(3/2)*sqrt(-(b*x^2)+a*x^2+a))
fired    9_1 r6  (2*b^2*x^2-5*a*b*x^2+3*a^2*x^2-a*b+3*a^2)/((x^2+1)^(3/2)*sqrt(-(b*x^2)+a*x^2+a))
fired    1_4_2 r9  (a^2*(3*x^2+3)+2*b^2*x^2+a*b*(-(5*x^2)-1))/((x^2+1)^(3/2)*sqrt((a-b)*x^2+a))
fired    1_1_2_3 r36  ((a-b)*x^2+a)^(3/2)/(x^2+1)^(5/2)
fired    9_1 r6  (-(b*x^2)+a*x^2+a)^(3/2)/(x^2+1)^(5/2)
fired    1_4_2 r7  (a*(x^2+1)-b*x^2)^(3/2)/(x^2+1)^(5/2)
fired    9_3 r44  (a-(b*x^2)/(x^2+1))^(3/2)/(x^2+1)
fired    4_7_5 r58  (a-b*%mr_isin(%i*f*x+%i*e)^2)^(3/2)
fired    4_1_0_1 r1  (b*sinh(f*x+e)^2+a)^(3/2)
RUBI-CPU 25.275729 
ANSWER -((%i*(sqrt(-(((b-a)*tanh(f*x+e)^2+a)/(tanh(f*x+e)^2-1)))*sqrt(-(((b-a)*tanh(f*x+e)^2+a)/(a*tanh(f*x+e)^2-a)))*(a^(3/2)*sqrt(a-b)*tanh(f*x+e)^4-2*a^(3/2)*sqrt(a-b)*tanh(f*x+e)^2+a^(3/2)*sqrt(a-b))*elliptic_f(%i*atanh((sqrt(a-b)*tanh(f*x+e))/sqrt(a)),b/(b-a))+sqrt(-(((b-a)*tanh(f*x+e)^2+a)/(tanh(f*x+e)^2-1)))*((-(2*b^2)+6*a*b-4*a^2)*tanh(f*x+e)^4+(2*b^2-8*a*b+8*a^2)*tanh(f*x+e)^2+2*a*b-4*a^2)*sqrt(-((a*tanh(f*x+e)^2-a)/((b-a)*tanh(f*x+e)^2+a)))*elliptic_e(%i*atanh(tanh(f*x+e)),b/a)+sqrt(-(((b-a)*tanh(f*x+e)^2+a)/(tanh(f*x+e)^2-1)))*sqrt(-(((b-a)*tanh(f*x+e)^2+a)/(a*tanh(f*x+e)^2-a)))*((%...

# entry 6.1 Hyperbolic sine/6.1.7 hyper^m (a+b sinh^n)^p.mac e84  integrand (a+b*sinh(e+f*x)^2)^(3/2)
# core /home/serge/src/mr-attr/test/mr_rules.core  cap 60  hit_cap False  cpu [13.120116]
fired    9_3 r67  sqrt(a-b*x^2)/sqrt(1-x^2)
fired    4_1_7 r17  sqrt(a-b*%mr_isin(%i*f*x+%i*e)^2)
fired    4_1_0_1 r1  sqrt(a-b*sin(%i*f*x+%i*e)^2)
fired    9_3 r67  1/(sqrt(1-x^2)*sqrt(a-b*x^2))
fired    4_1_7 r17  1/sqrt(a-b*%mr_isin(%i*f*x+%i*e)^2)
fired    4_1_0_1 r1  1/sqrt(a-b*sin(%i*f*x+%i*e)^2)
fired    4_1_7 r4  (-((4*a*b-2*b^2)*%mr_isin(%i*f*x+%i*e)^2)-a*b+3*a^2)/sqrt(a-b*%mr_isin(%i*f*x+%i*e)^2)
fired    4_1_0_1 r1  ((4*a*b-2*b^2)*sinh(f*x+e)^2-a*b+3*a^2)/sqrt(a-b*sin(%i*f*x+%i*e)^2)
fired    4_1_7 r12  (a-b*%mr_isin(%i*f*x+%i*e)^2)^(3/2)
fired    4_1_0_1 r1  (b*sinh(f*x+e)^2+a)^(3/2)
RUBI-CPU 13.001925 
ANSWER ((%i*(2*b^2-4*a*b)*sqrt(cos(%i*f*x+%i*e)^2)*'unintegrable[sqrt(b*sinh(f*x+e)^2+a)/sqrt(sinh(f*x+e)^2+1),%i*sinh(f*x+e)])/(b*f*cos(%i*f*x+%i*e))+(%i*(-(a*(2*b^2-4*a*b))-b*(3*a^2-a*b))*sqrt(cos(%i*f*x+%i*e)^2)*'unintegrable[1/(sqrt(sinh(f*x+e)^2+1)*sqrt(b*sinh(f*x+e)^2+a)),%i*sinh(f*x+e)])/(b*f*cos(%i*f*x+%i*e)))/3-(%i*b*cos(%i*f*x+%i*e)*sin(%i*f*x+%i*e)*sqrt(a-b*sin(%i*f*x+%i*e)^2))/(3*f) 

# entry 6.1 Hyperbolic sine/6.1.7 hyper^m (a+b sinh^n)^p.mac e102  integrand sinh(e+f*x)^4/sqrt(a+b*sinh(e+f*x)^2)
# core /home/serge/src/mr-attr-base/test/mr_rules.core  cap 60  hit_cap False  cpu [23.673247]
fired    1_1_2_3 r41  1/(sqrt(x^2+1)*sqrt((a-b)*x^2+a))
fired    1_1_2_3 r34  sqrt((a-b)*x^2+a)/(x^2+1)^(3/2)
fired    1_1_2_5 r5  ((-(2*b)-a)*x^2+a)/((x^2+1)^(3/2)*sqrt((a-b)*x^2+a))
fired    9_1 r6  ((-(2*b)-a)*x^2+a)/((x^2+1)^(3/2)*sqrt(-(b*x^2)+a*x^2+a))
fired    9_1 r6  (-(2*b*x^2)-a*x^2+a)/((x^2+1)^(3/2)*sqrt(-(b*x^2)+a*x^2+a))
fired    1_4_2 r9  (a*(1-x^2)-2*b*x^2)/((x^2+1)^(3/2)*sqrt((a-b)*x^2+a))
fired    1_1_2_4 r38  x^4/((x^2+1)^(5/2)*sqrt((a-b)*x^2+a))
fired    9_1 r6  x^4/((x^2+1)^(5/2)*sqrt(-(b*x^2)+a*x^2+a))
fired    1_4_2 r8  x^4/((x^2+1)^(5/2)*sqrt(a*(x^2+1)-b*x^2))
fired    9_3 r44  x^4/((x^2+1)^3*sqrt(a-(b*x^2)/(x^2+1)))
fired    4_7_5 r58  %mr_isin(%i*f*x+%i*e)^4/sqrt(a-b*%mr_isin(%i*f*x+%i*e)^2)
fired    4_1_0_1 r1  sinh(f*x+e)^4/sqrt(b*sinh(f*x+e)^2+a)
RUBI-CPU 23.622224 
ANSWER (%i*(sqrt(-(((b-a)*tanh(f*x+e)^2+a)/(a*tanh(f*x+e)^2-a)))*((a^(3/2)*sqrt(a-b)*b+2*a^(5/2)*sqrt(a-b))*tanh(f*x+e)^4+(-(2*a^(3/2)*sqrt(a-b)*b)-4*a^(5/2)*sqrt(a-b))*tanh(f*x+e)^2+a^(3/2)*sqrt(a-b)*b+2*a^(5/2)*sqrt(a-b))*elliptic_f(%i*atanh((sqrt(a-b)*tanh(f*x+e))/sqrt(a)),b/(b-a))+((-(2*b^3)+2*a*b^2+2*a^2*b-2*a^3)*tanh(f*x+e)^4+(2*b^3-4*a*b^2-2*a^2*b+4*a^3)*tanh(f*x+e)^2+2*a*b^2-2*a^3)*sqrt(-((a*tanh(f*x+e)^2-a)/((b-a)*tanh(f*x+e)^2+a)))*elliptic_e(%i*atanh(tanh(f*x+e)),b/a)+sqrt(-(((b-a)*tanh(f*x+e)^2+a)/(a*tanh(f*x+e)^2-a)))*((-(%i*b^3)+2*%i*a*b^2-%i*a^2*b)*tanh(f*x+e)^3+(%i*a^2*b-%i*a*b...

# entry 6.1 Hyperbolic sine/6.1.7 hyper^m (a+b sinh^n)^p.mac e102  integrand sinh(e+f*x)^4/sqrt(a+b*sinh(e+f*x)^2)
# core /home/serge/src/mr-attr/test/mr_rules.core  cap 60  hit_cap False  cpu [17.156754]
fired    9_3 r67  sqrt(a-b*x^2)/sqrt(1-x^2)
fired    9_3 r67  1/(sqrt(1-x^2)*sqrt(a-b*x^2))
fired    1_1_2_5 r4  (a-2*(b+a)*x^2)/(sqrt(1-x^2)*sqrt(a-b*x^2))
fired    9_1 r6  (-(2*b*x^2)-2*a*x^2+a)/(sqrt(1-x^2)*sqrt(a-b*x^2))
fired    1_4_2 r9  (a*(1-2*x^2)-2*b*x^2)/(sqrt(1-x^2)*sqrt(a-b*x^2))
fired    1_1_2_4 r47  x^4/(sqrt(1-x^2)*sqrt(a-b*x^2))
fired    4_1_7 r20  %mr_isin(%i*f*x+%i*e)^4/sqrt(a-b*%mr_isin(%i*f*x+%i*e)^2)
fired    4_1_0_1 r1  sinh(f*x+e)^4/sqrt(b*sinh(f*x+e)^2+a)
RUBI-CPU 17.09955 
ANSWER -((%i*sqrt(cos(%i*f*x+%i*e)^2)*(-(2*a*'unintegrable[sqrt(b*sinh(f*x+e)^2+a)/sqrt(sinh(f*x+e)^2+1),%i*sinh(f*x+e)])+b*(a*'unintegrable[1/(sqrt(sinh(f*x+e)^2+1)*sqrt(b*sinh(f*x+e)^2+a)),%i*sinh(f*x+e)]-2*'unintegrable[sqrt(b*sinh(f*x+e)^2+a)/sqrt(sinh(f*x+e)^2+1),%i*sinh(f*x+e)])+2*a^2*'unintegrable[1/(sqrt(sinh(f*x+e)^2+1)*sqrt(b*sinh(f*x+e)^2+a)),%i*sinh(f*x+e)]+%i*b*sinh(f*x+e)*sqrt(sinh(f*x+e)^2+1)*sqrt(b*sinh(f*x+e)^2+a)))/(3*b^2*f*cos(%i*f*x+%i*e))) 

# entry 6.1 Hyperbolic sine/6.1.7 hyper^m (a+b sinh^n)^p.mac e103  integrand sinh(e+f*x)^2/sqrt(a+b*sinh(e+f*x)^2)
# core /home/serge/src/mr-attr-base/test/mr_rules.core  cap 60  hit_cap False  cpu [18.856759]
fired    1_1_2_3 r41  1/(sqrt(x^2+1)*sqrt((a-b)*x^2+a))
fired    1_1_2_3 r34  sqrt(x^2+1)/((a-b)*x^2+a)^(3/2)
fired    1_1_2_4 r54  x^2/(sqrt(x^2+1)*sqrt((a-b)*x^2+a))
fired    1_1_2_3 r45  sqrt((a-b)*x^2+a)/sqrt(x^2+1)
fired    1_4_1 r18  (a*(x^2+1)-b*x^2)/(sqrt(x^2+1)*sqrt((a-b)*x^2+a))
fired    1_1_2_4 r39  x^2/((x^2+1)^(3/2)*sqrt((a-b)*x^2+a))
fired    9_1 r6  x^2/((x^2+1)^(3/2)*sqrt(-(b*x^2)+a*x^2+a))
fired    1_4_2 r8  x^2/((x^2+1)^(3/2)*sqrt(a*(x^2+1)-b*x^2))
fired    9_3 r44  x^2/((x^2+1)^2*sqrt(a-(b*x^2)/(x^2+1)))
fired    4_7_5 r58  %mr_isin(%i*f*x+%i*e)^2/sqrt(a-b*%mr_isin(%i*f*x+%i*e)^2)
fired    9_1 r10  -(%mr_isin(%i*f*x+%i*e)^2/sqrt(a-b*%mr_isin(%i*f*x+%i*e)^2))
fired    4_1_0_1 r1  sinh(f*x+e)^2/sqrt(b*sinh(f*x+e)^2+a)
RUBI-CPU 18.807505 
ANSWER -((%i*((a^(3/2)*sqrt(a-b)*tanh(f*x+e)^2-a^(3/2)*sqrt(a-b))*elliptic_f(%i*atanh((sqrt(a-b)*tanh(f*x+e))/sqrt(a)),b/(b-a))+((sqrt(a)*sqrt(a-b)*b-a^(3/2)*sqrt(a-b))*tanh(f*x+e)^2-sqrt(a)*sqrt(a-b)*b+a^(3/2)*sqrt(a-b))*elliptic_e(%i*atanh((sqrt(a-b)*tanh(f*x+e))/sqrt(a)),b/(b-a))+(%i*a*b-%i*b^2)*tanh(f*x+e)*sqrt(-((a*tanh(f*x+e)^2-a)/((b-a)*tanh(f*x+e)^2+a)))))/(f*sqrt(-(((b-a)*tanh(f*x+e)^2+a)/(tanh(f*x+e)^2-1)))*((b^2-a*b)*tanh(f*x+e)^2-b^2+a*b)*sqrt(-((a*tanh(f*x+e)^2-a)/((b-a)*tanh(f*x+e)^2+a))))) 

# entry 6.1 Hyperbolic sine/6.1.7 hyper^m (a+b sinh^n)^p.mac e103  integrand sinh(e+f*x)^2/sqrt(a+b*sinh(e+f*x)^2)
# core /home/serge/src/mr-attr/test/mr_rules.core  cap 60  hit_cap False  cpu [14.330687]
fired    9_3 r67  sqrt(a-b*x^2)/sqrt(1-x^2)
fired    4_1_7 r17  sqrt(a-b*%mr_isin(%i*f*x+%i*e)^2)
fired    4_1_0_1 r1  sqrt(a-b*sin(%i*f*x+%i*e)^2)
fired    9_3 r67  1/(sqrt(1-x^2)*sqrt(a-b*x^2))
fired    4_1_7 r17  1/sqrt(a-b*%mr_isin(%i*f*x+%i*e)^2)
fired    4_1_0_1 r1  1/sqrt(a-b*sin(%i*f*x+%i*e)^2)
fired    4_1_7 r4  %mr_isin(%i*f*x+%i*e)^2/sqrt(a-b*%mr_isin(%i*f*x+%i*e)^2)
fired    9_1 r10  -(%mr_isin(%i*f*x+%i*e)^2/sqrt(a-b*%mr_isin(%i*f*x+%i*e)^2))
fired    4_1_0_1 r1  sinh(f*x+e)^2/sqrt(b*sinh(f*x+e)^2+a)
RUBI-CPU 14.240062 
ANSWER (%i*a*sqrt(cos(%i*f*x+%i*e)^2)*'unintegrable[1/(sqrt(sinh(f*x+e)^2+1)*sqrt(b*sinh(f*x+e)^2+a)),%i*sinh(f*x+e)])/(b*f*cos(%i*f*x+%i*e))-(%i*sqrt(cos(%i*f*x+%i*e)^2)*'unintegrable[sqrt(b*sinh(f*x+e)^2+a)/sqrt(sinh(f*x+e)^2+1),%i*sinh(f*x+e)])/(b*f*cos(%i*f*x+%i*e)) 

# entry 6.1 Hyperbolic sine/6.1.7 hyper^m (a+b sinh^n)^p.mac e104  integrand 1/sqrt(a+b*sinh(e+f*x)^2)
# core /home/serge/src/mr-attr-base/test/mr_rules.core  cap 60  hit_cap False  cpu [5.641865]
fired    1_1_2_3 r41  1/(sqrt(x^2+1)*sqrt((a-b)*x^2+a))
fired    9_1 r6  1/(sqrt(x^2+1)*sqrt(-(b*x^2)+a*x^2+a))
fired    1_4_2 r7  1/(sqrt(x^2+1)*sqrt(a*(x^2+1)-b*x^2))
fired    9_3 r44  1/((x^2+1)*sqrt(a-(b*x^2)/(x^2+1)))
fired    4_7_5 r58  1/sqrt(a-b*%mr_isin(%i*f*x+%i*e)^2)
fired    4_1_0_1 r1  1/sqrt(b*sinh(f*x+e)^2+a)
RUBI-CPU 5.524892 
ANSWER -((%i*sqrt(a)*elliptic_f(%i*atanh((sqrt(a-b)*tanh(f*x+e))/sqrt(a)),b/(b-a)))/(sqrt(a-b)*f*sqrt(-(((b-a)*tanh(f*x+e)^2+a)/(tanh(f*x+e)^2-1)))*sqrt(-((a*tanh(f*x+e)^2-a)/((b-a)*tanh(f*x+e)^2+a))))) 

# entry 6.1 Hyperbolic sine/6.1.7 hyper^m (a+b sinh^n)^p.mac e104  integrand 1/sqrt(a+b*sinh(e+f*x)^2)
# core /home/serge/src/mr-attr/test/mr_rules.core  cap 60  hit_cap False  cpu [4.102036]
fired    9_3 r67  1/(sqrt(1-x^2)*sqrt(a-b*x^2))
fired    4_1_7 r17  1/sqrt(a-b*%mr_isin(%i*f*x+%i*e)^2)
fired    4_1_0_1 r1  1/sqrt(b*sinh(f*x+e)^2+a)
RUBI-CPU 4.025849999999999 
ANSWER -((%i*sqrt(cos(%i*f*x+%i*e)^2)*'unintegrable[1/(sqrt(sinh(f*x+e)^2+1)*sqrt(b*sinh(f*x+e)^2+a)),%i*sinh(f*x+e)])/(f*cos(%i*f*x+%i*e))) 

# entry 6.1 Hyperbolic sine/6.1.7 hyper^m (a+b sinh^n)^p.mac e105  integrand csch(e+f*x)^2/sqrt(a+b*sinh(e+f*x)^2)
# core /home/serge/src/mr-attr-base/test/mr_rules.core  cap 60  hit_cap False  cpu [13.535012]
fired    1_1_2_3 r41  1/(sqrt(x^2+1)*sqrt((a-b)*x^2+a))
fired    1_1_2_3 r34  sqrt(x^2+1)/((a-b)*x^2+a)^(3/2)
fired    1_1_2_4 r54  x^2/(sqrt(x^2+1)*sqrt((a-b)*x^2+a))
fired    1_1_2_3 r45  sqrt((a-b)*x^2+a)/sqrt(x^2+1)
fired    1_4_1 r18  (a*(x^2+1)-b*x^2)/(sqrt(x^2+1)*sqrt((a-b)*x^2+a))
fired    1_1_2_4 r43  sqrt(x^2+1)/(x^2*sqrt((a-b)*x^2+a))
fired    9_1 r6  sqrt(x^2+1)/(x^2*sqrt(-(b*x^2)+a*x^2+a))
fired    1_4_2 r8  sqrt(x^2+1)/(x^2*sqrt(a*(x^2+1)-b*x^2))
fired    9_3 r44  1/(x^2*sqrt(a-(b*x^2)/(x^2+1)))
fired    4_7_5 r58  1/(%mr_isin(%i*f*x+%i*e)^2*sqrt(a-b*%mr_isin(%i*f*x+%i*e)^2))
fired    9_1 r10  -(1/(%mr_isin(%i*f*x+%i*e)^2*sqrt(a-b*%mr_isin(%i*f*x+%i*e)^2)))
fired    4_1_0_1 r1  csch(f*x+e)^2/sqrt(b*sinh(f*x+e)^2+a)
RUBI-CPU 13.474152 
ANSWER -((%i*(a^(3/2)*sqrt(a-b)*tanh(f*x+e)*elliptic_f(%i*atanh((sqrt(a-b)*tanh(f*x+e))/sqrt(a)),b/(b-a))+(sqrt(a)*sqrt(a-b)*b-a^(3/2)*sqrt(a-b))*tanh(f*x+e)*elliptic_e(%i*atanh((sqrt(a-b)*tanh(f*x+e))/sqrt(a)),b/(b-a))+(%i*a^2-%i*a*b)*sqrt(-((a*tanh(f*x+e)^2-a)/((b-a)*tanh(f*x+e)^2+a)))))/((a*b-a^2)*f*tanh(f*x+e)*sqrt(-(((b-a)*tanh(f*x+e)^2+a)/(tanh(f*x+e)^2-1)))*sqrt(-((a*tanh(f*x+e)^2-a)/((b-a)*tanh(f*x+e)^2+a))))) 

# entry 6.1 Hyperbolic sine/6.1.7 hyper^m (a+b sinh^n)^p.mac e105  integrand csch(e+f*x)^2/sqrt(a+b*sinh(e+f*x)^2)
# core /home/serge/src/mr-attr/test/mr_rules.core  cap 60  hit_cap False  cpu [23.00997]
fired    9_3 r67  sqrt(1-x^2)/sqrt(a-b*x^2)
fired    9_3 r67  1/(sqrt(1-x^2)*sqrt(a-b*x^2))
fired    1_1_2_4 r55  x^2/(sqrt(1-x^2)*sqrt(a-b*x^2))
fired    9_1 r12  (b*x^2)/(sqrt(1-x^2)*sqrt(a-b*x^2))
fired    1_1_2_4 r48  1/(x^2*sqrt(1-x^2)*sqrt(a-b*x^2))
fired    4_1_7 r20  1/(%mr_isin(%i*f*x+%i*e)^2*sqrt(a-b*%mr_isin(%i*f*x+%i*e)^2))
fired    9_1 r10  -(1/(%mr_isin(%i*f*x+%i*e)^2*sqrt(a-b*%mr_isin(%i*f*x+%i*e)^2)))
fired    4_1_0_1 r1  csch(f*x+e)^2/sqrt(b*sinh(f*x+e)^2+a)
RUBI-CPU 22.937928 
ANSWER -((%i*sqrt(cos(%i*f*x+%i*e)^2)*(b*sinh(f*x+e)*('unintegrable[sqrt(sinh(f*x+e)^2+1)/sqrt(b*sinh(f*x+e)^2+a),%i*sinh(f*x+e)]-'unintegrable[1/(sqrt(sinh(f*x+e)^2+1)*sqrt(b*sinh(f*x+e)^2+a)),%i*sinh(f*x+e)])-%i*sqrt(sinh(f*x+e)^2+1)*sqrt(b*sinh(f*x+e)^2+a)))/(a*f*sinh(f*x+e)*cos(%i*f*x+%i*e))) 

# entry 6.1 Hyperbolic sine/6.1.7 hyper^m (a+b sinh^n)^p.mac e112  integrand sinh(e+f*x)^4/(a+b*sinh(e+f*x)^2)^(3/2)
# core /home/serge/src/mr-attr-base/test/mr_rules.core  cap 60  hit_cap False  cpu [19.095292]
fired    1_1_2_3 r41  1/(sqrt(x^2+1)*sqrt((a-b)*x^2+a))
fired    1_1_2_3 r34  sqrt(x^2+1)/((a-b)*x^2+a)^(3/2)
fired    1_1_2_5 r5  (1-x^2)/(sqrt(x^2+1)*((a-b)*x^2+a)^(3/2))
fired    9_1 r12  (a*(1-x^2))/(sqrt(x^2+1)*((a-b)*x^2+a)^(3/2))
fired    1_1_2_4 r38  x^4/((x^2+1)^(3/2)*((a-b)*x^2+a)^(3/2))
fired    9_1 r6  x^4/((x^2+1)^(3/2)*(-(b*x^2)+a*x^2+a)^(3/2))
fired    1_4_2 r8  x^4/((x^2+1)^(3/2)*(a*(x^2+1)-b*x^2)^(3/2))
fired    9_3 r44  x^4/((x^2+1)^3*(a-(b*x^2)/(x^2+1))^(3/2))
fired    4_7_5 r58  %mr_isin(%i*f*x+%i*e)^4/(a-b*%mr_isin(%i*f*x+%i*e)^2)^(3/2)
fired    4_1_0_1 r1  sinh(f*x+e)^4/(b*sinh(f*x+e)^2+a)^(3/2)
RUBI-CPU 19.034678 
ANSWER -((%i*((2*a^(3/2)*sqrt(a-b)*tanh(f*x+e)^2-2*a^(3/2)*sqrt(a-b))*elliptic_f(%i*atanh((sqrt(a-b)*tanh(f*x+e))/sqrt(a)),b/(b-a))+((sqrt(a)*sqrt(a-b)*b-2*a^(3/2)*sqrt(a-b))*tanh(f*x+e)^2-sqrt(a)*sqrt(a-b)*b+2*a^(3/2)*sqrt(a-b))*elliptic_e(%i*atanh((sqrt(a-b)*tanh(f*x+e))/sqrt(a)),b/(b-a))+(%i*a*b-%i*b^2)*tanh(f*x+e)*sqrt(-((a*tanh(f*x+e)^2-a)/((b-a)*tanh(f*x+e)^2+a)))))/(f*sqrt(-(((b-a)*tanh(f*x+e)^2+a)/(tanh(f*x+e)^2-1)))*((b^3-a*b^2)*tanh(f*x+e)^2-b^3+a*b^2)*sqrt(-((a*tanh(f*x+e)^2-a)/((b-a)*tanh(f*x+e)^2+a))))) 

# entry 6.1 Hyperbolic sine/6.1.7 hyper^m (a+b sinh^n)^p.mac e112  integrand sinh(e+f*x)^4/(a+b*sinh(e+f*x)^2)^(3/2)
# core /home/serge/src/mr-attr/test/mr_rules.core  cap 60  hit_cap False  cpu [15.584699]
fired    9_3 r67  sqrt(a-b*x^2)/sqrt(1-x^2)
fired    9_3 r67  1/(sqrt(1-x^2)*sqrt(a-b*x^2))
fired    1_1_2_5 r4  ((b-2*a)*x^2+a)/(sqrt(1-x^2)*sqrt(a-b*x^2))
fired    9_1 r6  (b*x^2-2*a*x^2+a)/(sqrt(1-x^2)*sqrt(a-b*x^2))
fired    1_4_2 r9  (b*x^2+a*(1-2*x^2))/(sqrt(1-x^2)*sqrt(a-b*x^2))
fired    1_1_2_4 r38  x^4/(sqrt(1-x^2)*(a-b*x^2)^(3/2))
fired    4_1_7 r20  %mr_isin(%i*f*x+%i*e)^4/(a-b*%mr_isin(%i*f*x+%i*e)^2)^(3/2)
fired    4_1_0_1 r1  sinh(f*x+e)^4/(b*sinh(f*x+e)^2+a)^(3/2)
RUBI-CPU 15.502792 
ANSWER -((%i*sqrt(cos(%i*f*x+%i*e)^2)*(b*(sqrt(b*sinh(f*x+e)^2+a)*'unintegrable[sqrt(b*sinh(f*x+e)^2+a)/sqrt(sinh(f*x+e)^2+1),%i*sinh(f*x+e)]-2*a*sqrt(b*sinh(f*x+e)^2+a)*'unintegrable[1/(sqrt(sinh(f*x+e)^2+1)*sqrt(b*sinh(f*x+e)^2+a)),%i*sinh(f*x+e)])-2*a*sqrt(b*sinh(f*x+e)^2+a)*'unintegrable[sqrt(b*sinh(f*x+e)^2+a)/sqrt(sinh(f*x+e)^2+1),%i*sinh(f*x+e)]+2*a^2*sqrt(b*sinh(f*x+e)^2+a)*'unintegrable[1/(sqrt(sinh(f*x+e)^2+1)*sqrt(b*sinh(f*x+e)^2+a)),%i*sinh(f*x+e)]+%i*a*b*sinh(f*x+e)*sqrt(sinh(f*x+e)^2+1)))/(f*(b^3*sqrt(b*sinh(f*x+e)^2+a)-a*b^2*sqrt(b*sinh(f*x+e)^2+a))*cos(%i*f*x+%i*e))) 

# entry 6.1 Hyperbolic sine/6.1.7 hyper^m (a+b sinh^n)^p.mac e113  integrand sinh(e+f*x)^2/(a+b*sinh(e+f*x)^2)^(3/2)
# core /home/serge/src/mr-attr-base/test/mr_rules.core  cap 60  hit_cap False  cpu [13.980194]
fired    1_1_2_3 r41  1/(sqrt(x^2+1)*sqrt((a-b)*x^2+a))
fired    1_1_2_3 r34  sqrt(x^2+1)/((a-b)*x^2+a)^(3/2)
fired    1_1_2_4 r54  x^2/(sqrt(x^2+1)*sqrt((a-b)*x^2+a))
fired    1_1_2_3 r45  sqrt(x^2+1)/sqrt((a-b)*x^2+a)
fired    1_1_2_4 r39  x^2/(sqrt(x^2+1)*((a-b)*x^2+a)^(3/2))
fired    9_1 r6  x^2/(sqrt(x^2+1)*(-(b*x^2)+a*x^2+a)^(3/2))
fired    1_4_2 r8  x^2/(sqrt(x^2+1)*(a*(x^2+1)-b*x^2)^(3/2))
fired    9_3 r44  x^2/((x^2+1)^2*(a-(b*x^2)/(x^2+1))^(3/2))
fired    4_7_5 r58  %mr_isin(%i*f*x+%i*e)^2/(a-b*%mr_isin(%i*f*x+%i*e)^2)^(3/2)
fired    9_1 r10  -(%mr_isin(%i*f*x+%i*e)^2/(a-b*%mr_isin(%i*f*x+%i*e)^2)^(3/2))
fired    4_1_0_1 r1  sinh(f*x+e)^2/(b*sinh(f*x+e)^2+a)^(3/2)
RUBI-CPU 13.917394999999999 
ANSWER (%i*(sqrt(a)*sqrt(a-b)*elliptic_f(%i*atanh((sqrt(a-b)*tanh(f*x+e))/sqrt(a)),b/(b-a))-sqrt(a)*sqrt(a-b)*elliptic_e(%i*atanh((sqrt(a-b)*tanh(f*x+e))/sqrt(a)),b/(b-a))))/((b^2-a*b)*f*sqrt(-(((b-a)*tanh(f*x+e)^2+a)/(tanh(f*x+e)^2-1)))*sqrt(-((a*tanh(f*x+e)^2-a)/((b-a)*tanh(f*x+e)^2+a)))) 

# entry 6.1 Hyperbolic sine/6.1.7 hyper^m (a+b sinh^n)^p.mac e113  integrand sinh(e+f*x)^2/(a+b*sinh(e+f*x)^2)^(3/2)
# core /home/serge/src/mr-attr/test/mr_rules.core  cap 60  hit_cap False  cpu [12.616875]
fired    9_3 r67  sqrt(a-b*x^2)/sqrt(1-x^2)
fired    4_1_7 r17  sqrt(a-b*%mr_isin(%i*f*x+%i*e)^2)
fired    4_1_0_1 r1  sqrt(a-b*sin(%i*f*x+%i*e)^2)
fired    9_3 r67  1/(sqrt(1-x^2)*sqrt(a-b*x^2))
fired    4_1_7 r17  1/sqrt(a-b*%mr_isin(%i*f*x+%i*e)^2)
fired    4_1_0_1 r1  1/sqrt(a-b*sin(%i*f*x+%i*e)^2)
fired    4_1_7 r4  (a-a*%mr_isin(%i*f*x+%i*e)^2)/sqrt(a-b*%mr_isin(%i*f*x+%i*e)^2)
fired    4_1_0_1 r1  (a*sinh(f*x+e)^2+a)/sqrt(a-b*sin(%i*f*x+%i*e)^2)
fired    4_1_7 r5  %mr_isin(%i*f*x+%i*e)^2/(a-b*%mr_isin(%i*f*x+%i*e)^2)^(3/2)
fired    9_1 r10  -(%mr_isin(%i*f*x+%i*e)^2/(a-b*%mr_isin(%i*f*x+%i*e)^2)^(3/2))
fired    4_1_0_1 r1  sinh(f*x+e)^2/(b*sinh(f*x+e)^2+a)^(3/2)
RUBI-CPU 12.550487 
ANSWER -(((%i*(a^2-a*b)*sqrt(cos(%i*f*x+%i*e)^2)*'unintegrable[1/(sqrt(sinh(f*x+e)^2+1)*sqrt(b*sinh(f*x+e)^2+a)),%i*sinh(f*x+e)])/(b*f*cos(%i*f*x+%i*e))-(%i*a*sqrt(cos(%i*f*x+%i*e)^2)*'unintegrable[sqrt(b*sinh(f*x+e)^2+a)/sqrt(sinh(f*x+e)^2+1),%i*sinh(f*x+e)])/(b*f*cos(%i*f*x+%i*e)))/(a*(a-b)))-(%i*cos(%i*f*x+%i*e)*sin(%i*f*x+%i*e))/((a-b)*f*sqrt(a-b*sin(%i*f*x+%i*e)^2)) 

# entry 6.1 Hyperbolic sine/6.1.7 hyper^m (a+b sinh^n)^p.mac e114  integrand 1/(a+b*sinh(e+f*x)^2)^(3/2)
# core /home/serge/src/mr-attr-base/test/mr_rules.core  cap 60  hit_cap False  cpu [3.676216]
fired    1_1_2_3 r34  sqrt(x^2+1)/((a-b)*x^2+a)^(3/2)
fired    9_1 r6  sqrt(x^2+1)/(-(b*x^2)+a*x^2+a)^(3/2)
fired    1_4_2 r7  sqrt(x^2+1)/(a*(x^2+1)-b*x^2)^(3/2)
fired    9_3 r44  1/((x^2+1)*(a-(b*x^2)/(x^2+1))^(3/2))
fired    4_7_5 r58  1/(a-b*%mr_isin(%i*f*x+%i*e)^2)^(3/2)
fired    4_1_0_1 r1  1/(b*sinh(f*x+e)^2+a)^(3/2)
RUBI-CPU 3.62509 
ANSWER -((%i*elliptic_e(%i*atanh((sqrt(a-b)*tanh(f*x+e))/sqrt(a)),b/(b-a)))/(sqrt(a)*sqrt(a-b)*f*sqrt(-(((b-a)*tanh(f*x+e)^2+a)/(tanh(f*x+e)^2-1)))*sqrt(-((a*tanh(f*x+e)^2-a)/((b-a)*tanh(f*x+e)^2+a))))) 

# entry 6.1 Hyperbolic sine/6.1.7 hyper^m (a+b sinh^n)^p.mac e114  integrand 1/(a+b*sinh(e+f*x)^2)^(3/2)
# core /home/serge/src/mr-attr/test/mr_rules.core  cap 60  hit_cap False  cpu [4.83801]
fired    9_3 r67  sqrt(a-b*x^2)/sqrt(1-x^2)
fired    4_1_7 r17  sqrt(a-b*%mr_isin(%i*f*x+%i*e)^2)
fired    1_4_1 r10  (b*%mr_isin(%i*f*x+%i*e)^2-a)/sqrt(a-b*%mr_isin(%i*f*x+%i*e)^2)
fired    4_1_0_1 r1  (-(b*sinh(f*x+e)^2)-a)/sqrt(a-b*sin(%i*f*x+%i*e)^2)
fired    4_1_7 r16  1/(a-b*%mr_isin(%i*f*x+%i*e)^2)^(3/2)
fired    4_1_0_1 r1  1/(b*sinh(f*x+e)^2+a)^(3/2)
RUBI-CPU 4.779856 
ANSWER (%i*b*cos(%i*f*x+%i*e)*sin(%i*f*x+%i*e))/(a*(a-b)*f*sqrt(a-b*sin(%i*f*x+%i*e)^2))-(%i*sqrt(cos(%i*f*x+%i*e)^2)*'unintegrable[sqrt(b*sinh(f*x+e)^2+a)/sqrt(sinh(f*x+e)^2+1),%i*sinh(f*x+e)])/(a*(a-b)*f*cos(%i*f*x+%i*e)) 

# entry 6.1 Hyperbolic sine/6.1.7 hyper^m (a+b sinh^n)^p.mac e121  integrand sinh(e+f*x)^4/(a+b*sinh(e+f*x)^2)^(5/2)
# core /home/serge/src/mr-attr-base/test/mr_rules.core  cap 60  hit_cap False  cpu [19.41113]
fired    1_1_2_3 r41  1/(sqrt(x^2+1)*sqrt((a-b)*x^2+a))
fired    1_1_2_3 r34  sqrt(x^2+1)/((a-b)*x^2+a)^(3/2)
fired    1_1_2_5 r5  ((3*b-a)*x^2+a)/(sqrt(x^2+1)*((a-b)*x^2+a)^(3/2))
fired    9_1 r6  ((3*b-a)*x^2+a)/(sqrt(x^2+1)*(-(b*x^2)+a*x^2+a)^(3/2))
fired    9_1 r6  (3*b*x^2-a*x^2+a)/(sqrt(x^2+1)*(-(b*x^2)+a*x^2+a)^(3/2))
fired    1_4_2 r9  (3*b*x^2+a*(1-x^2))/(sqrt(x^2+1)*((a-b)*x^2+a)^(3/2))
fired    1_1_2_4 r38  x^4/(sqrt(x^2+1)*((a-b)*x^2+a)^(5/2))
fired    9_1 r6  x^4/(sqrt(x^2+1)*(-(b*x^2)+a*x^2+a)^(5/2))
fired    1_4_2 r8  x^4/(sqrt(x^2+1)*(a*(x^2+1)-b*x^2)^(5/2))
fired    9_3 r44  x^4/((x^2+1)^3*(a-(b*x^2)/(x^2+1))^(5/2))
fired    4_7_5 r58  %mr_isin(%i*f*x+%i*e)^4/(a-b*%mr_isin(%i*f*x+%i*e)^2)^(5/2)
fired    4_1_0_1 r1  sinh(f*x+e)^4/(b*sinh(f*x+e)^2+a)^(5/2)
RUBI-CPU 19.35985 
ANSWER (%i*(((3*sqrt(a)*sqrt(a-b)*b^2-5*a^(3/2)*sqrt(a-b)*b+2*a^(5/2)*sqrt(a-b))*tanh(f*x+e)^2+3*a^(3/2)*sqrt(a-b)*b-2*a^(5/2)*sqrt(a-b))*elliptic_f(%i*atanh((sqrt(a-b)*tanh(f*x+e))/sqrt(a)),b/(b-a))+((-(4*sqrt(a)*sqrt(a-b)*b^2)+6*a^(3/2)*sqrt(a-b)*b-2*a^(5/2)*sqrt(a-b))*tanh(f*x+e)^2-4*a^(3/2)*sqrt(a-b)*b+2*a^(5/2)*sqrt(a-b))*elliptic_e(%i*atanh((sqrt(a-b)*tanh(f*x+e))/sqrt(a)),b/(b-a))+(%i*a^2*b-%i*a*b^2)*tanh(f*x+e)*sqrt(-((a*tanh(f*x+e)^2-a)/((b-a)*tanh(f*x+e)^2+a)))))/(f*sqrt(-(((b-a)*tanh(f*x+e)^2+a)/(tanh(f*x+e)^2-1)))*((3*b^5-9*a*b^4+9*a^2*b^3-3*a^3*b^2)*tanh(f*x+e)^2+3*a*b^4-6*a^2*b^3...

# entry 6.1 Hyperbolic sine/6.1.7 hyper^m (a+b sinh^n)^p.mac e121  integrand sinh(e+f*x)^4/(a+b*sinh(e+f*x)^2)^(5/2)
# core /home/serge/src/mr-attr/test/mr_rules.core  cap 60  hit_cap False  cpu [22.939647]
fired    9_3 r67  sqrt(a-b*x^2)/sqrt(1-x^2)
fired    9_3 r67  1/(sqrt(1-x^2)*sqrt(a-b*x^2))
fired    1_1_2_5 r4  ((4*a*b-2*a^2)*x^2-3*a*b+a^2)/(sqrt(1-x^2)*sqrt(a-b*x^2))
fired    9_1 r6  (4*a*b*x^2-2*a^2*x^2-3*a*b+a^2)/(sqrt(1-x^2)*sqrt(a-b*x^2))
fired    1_4_2 r9  (a*b*(4*x^2-3)+a^2*(1-2*x^2))/(sqrt(1-x^2)*sqrt(a-b*x^2))
fired    1_1_2_5 r7  ((3*b-2*a)*x^2+a)/(sqrt(1-x^2)*(a-b*x^2)^(3/2))
fired    9_1 r6  (3*b*x^2-2*a*x^2+a)/(sqrt(1-x^2)*(a-b*x^2)^(3/2))
fired    1_4_2 r9  (3*b*x^2+a*(1-2*x^2))/(sqrt(1-x^2)*(a-b*x^2)^(3/2))
fired    1_1_2_4 r38  x^4/(sqrt(1-x^2)*(a-b*x^2)^(5/2))
fired    4_1_7 r20  %mr_isin(%i*f*x+%i*e)^4/(a-b*%mr_isin(%i*f*x+%i*e)^2)^(5/2)
fired    4_1_0_1 r1  sinh(f*x+e)^4/(b*sinh(f*x+e)^2+a)^(5/2)
RUBI-CPU 22.87031 
ANSWER -((%i*sqrt(cos(%i*f*x+%i*e)^2)*(sinh(f*x+e)^2*(b*(4*a^3*'unintegrable[1/(sqrt(sinh(f*x+e)^2+1)*sqrt(b*sinh(f*x+e)^2+a)),%i*sinh(f*x+e)]-4*a^2*'unintegrable[sqrt(b*sinh(f*x+e)^2+a)/sqrt(sinh(f*x+e)^2+1),%i*sinh(f*x+e)])+b^2*(8*a*'unintegrable[sqrt(b*sinh(f*x+e)^2+a)/sqrt(sinh(f*x+e)^2+1),%i*sinh(f*x+e)]-10*a^2*'unintegrable[1/(sqrt(sinh(f*x+e)^2+1)*sqrt(b*sinh(f*x+e)^2+a)),%i*sinh(f*x+e)])+6*a*b^3*'unintegrable[1/(sqrt(sinh(f*x+e)^2+1)*sqrt(b*sinh(f*x+e)^2+a)),%i*sinh(f*x+e)])+sinh(f*x+e)^4*(b^2*(2*a^2*'unintegrable[1/(sqrt(sinh(f*x+e)^2+1)*sqrt(b*sinh(f*x+e)^2+a)),%i*sinh(f*x+e)]-2*a*'u...

# entry 6.1 Hyperbolic sine/6.1.7 hyper^m (a+b sinh^n)^p.mac e122  integrand sinh(e+f*x)^2/(a+b*sinh(e+f*x)^2)^(5/2)
# core /home/serge/src/mr-attr-base/test/mr_rules.core  cap 60  hit_cap False  cpu [13.765277]
fired    1_1_2_3 r41  1/(sqrt(x^2+1)*sqrt((a-b)*x^2+a))
fired    1_1_2_3 r34  sqrt(x^2+1)/((a-b)*x^2+a)^(3/2)
fired    1_1_2_5 r5  (2*x^2+1)/(sqrt(x^2+1)*((a-b)*x^2+a)^(3/2))
fired    1_1_2_4 r35  (x^2*sqrt(x^2+1))/((a-b)*x^2+a)^(5/2)
fired    9_1 r6  (x^2*sqrt(x^2+1))/(-(b*x^2)+a*x^2+a)^(5/2)
fired    1_4_2 r8  (x^2*sqrt(x^2+1))/(a*(x^2+1)-b*x^2)^(5/2)
fired    9_3 r44  x^2/((x^2+1)^2*(a-(b*x^2)/(x^2+1))^(5/2))
fired    4_7_5 r58  %mr_isin(%i*f*x+%i*e)^2/(a-b*%mr_isin(%i*f*x+%i*e)^2)^(5/2)
fired    9_1 r10  -(%mr_isin(%i*f*x+%i*e)^2/(a-b*%mr_isin(%i*f*x+%i*e)^2)^(5/2))
fired    4_1_0_1 r1  sinh(f*x+e)^2/(b*sinh(f*x+e)^2+a)^(5/2)
RUBI-CPU 13.710203 
ANSWER -((%i*(((a*sqrt(a-b)*b-a^2*sqrt(a-b))*tanh(f*x+e)^2+a^2*sqrt(a-b))*elliptic_f(%i*atanh((sqrt(a-b)*tanh(f*x+e))/sqrt(a)),b/(b-a))+((a^2*sqrt(a-b)-sqrt(a-b)*b^2)*tanh(f*x+e)^2-a*sqrt(a-b)*b-a^2*sqrt(a-b))*elliptic_e(%i*atanh((sqrt(a-b)*tanh(f*x+e))/sqrt(a)),b/(b-a))+(%i*a^(3/2)*b-%i*sqrt(a)*b^2)*tanh(f*x+e)*sqrt(-((a*tanh(f*x+e)^2-a)/((b-a)*tanh(f*x+e)^2+a)))))/(f*sqrt(-(((b-a)*tanh(f*x+e)^2+a)/(tanh(f*x+e)^2-1)))*((3*sqrt(a)*b^4-9*a^(3/2)*b^3+9*a^(5/2)*b^2-3*a^(7/2)*b)*tanh(f*x+e)^2+3*a^(3/2)*b^3-6*a^(5/2)*b^2+3*a^(7/2)*b)*sqrt(-((a*tanh(f*x+e)^2-a)/((b-a)*tanh(f*x+e)^2+a))))) 

# entry 6.1 Hyperbolic sine/6.1.7 hyper^m (a+b sinh^n)^p.mac e122  integrand sinh(e+f*x)^2/(a+b*sinh(e+f*x)^2)^(5/2)
# core /home/serge/src/mr-attr/test/mr_rules.core  cap 60  hit_cap False  cpu [16.280412]
fired    9_3 r67  sqrt(a-b*x^2)/sqrt(1-x^2)
fired    4_1_7 r17  sqrt(a-b*%mr_isin(%i*f*x+%i*e)^2)
fired    4_1_0_1 r1  sqrt(a-b*sin(%i*f*x+%i*e)^2)
fired    9_3 r67  1/(sqrt(1-x^2)*sqrt(a-b*x^2))
fired    4_1_7 r17  1/sqrt(a-b*%mr_isin(%i*f*x+%i*e)^2)
fired    4_1_0_1 r1  1/sqrt(a-b*sin(%i*f*x+%i*e)^2)
fired    4_1_7 r4  (2*a^2-(a*b+a^2)*%mr_isin(%i*f*x+%i*e)^2)/sqrt(a-b*%mr_isin(%i*f*x+%i*e)^2)
fired    4_1_0_1 r1  ((a*b+a^2)*sinh(f*x+e)^2+2*a^2)/sqrt(a-b*sin(%i*f*x+%i*e)^2)
fired    4_1_7 r5  (a*%mr_isin(%i*f*x+%i*e)^2+a)/(a-b*%mr_isin(%i*f*x+%i*e)^2)^(3/2)
fired    4_1_0_1 r1  (a-a*sinh(f*x+e)^2)/(a-b*sin(%i*f*x+%i*e)^2)^(3/2)
fired    4_1_7 r5  %mr_isin(%i*f*x+%i*e)^2/(a-b*%mr_isin(%i*f*x+%i*e)^2)^(5/2)
fired    9_1 r10  -(%mr_isin(%i*f*x+%i*e)^2/(a-b*%mr_isin(%i*f*x+%i*e)^2)^(5/2))
fired    4_1_0_1 r1  sinh(f*x+e)^2/(b*sinh(f*x+e)^2+a)^(5/2)
RUBI-CPU 16.205037 
ANSWER -((((%i*(-(a*b)-a^2)*sqrt(cos(%i*f*x+%i*e)^2)*'unintegrable[sqrt(b*sinh(f*x+e)^2+a)/sqrt(sinh(f*x+e)^2+1),%i*sinh(f*x+e)])/(b*f*cos(%i*f*x+%i*e))+(%i*(-(a*(-(a*b)-a^2))-2*a^2*b)*sqrt(cos(%i*f*x+%i*e)^2)*'unintegrable[1/(sqrt(sinh(f*x+e)^2+1)*sqrt(b*sinh(f*x+e)^2+a)),%i*sinh(f*x+e)])/(b*f*cos(%i*f*x+%i*e)))/(a*(a-b))+(%i*(a*b+a^2)*cos(%i*f*x+%i*e)*sin(%i*f*x+%i*e))/(a*(a-b)*f*sqrt(a-b*sin(%i*f*x+%i*e)^2)))/(3*a*(a-b)))-(%i*cos(%i*f*x+%i*e)*sin(%i*f*x+%i*e))/(3*(a-b)*f*(a-b*sin(%i*f*x+%i*e)^2)^(3/2)) 

# entry 6.1 Hyperbolic sine/6.1.7 hyper^m (a+b sinh^n)^p.mac e123  integrand 1/(a+b*sinh(e+f*x)^2)^(5/2)
# core /home/serge/src/mr-attr-base/test/mr_rules.core  cap 60  hit_cap False  cpu [12.47645]
fired    1_1_2_3 r41  1/(sqrt(x^2+1)*sqrt((a-b)*x^2+a))
fired    1_1_2_3 r34  sqrt(x^2+1)/((a-b)*x^2+a)^(3/2)
fired    1_1_2_5 r5  ((3*a-b)*x^2-2*b+3*a)/(sqrt(x^2+1)*((a-b)*x^2+a)^(3/2))
fired    9_1 r6  ((3*a-b)*x^2-2*b+3*a)/(sqrt(x^2+1)*(-(b*x^2)+a*x^2+a)^(3/2))
fired    9_1 r6  (-(b*x^2)+3*a*x^2-2*b+3*a)/(sqrt(x^2+1)*(-(b*x^2)+a*x^2+a)^(3/2))
fired    1_4_2 r9  (a*(3*x^2+3)+b*(-x^2-2))/(sqrt(x^2+1)*((a-b)*x^2+a)^(3/2))
fired    1_1_2_3 r36  (x^2+1)^(3/2)/((a-b)*x^2+a)^(5/2)
fired    9_1 r6  (x^2+1)^(3/2)/(-(b*x^2)+a*x^2+a)^(5/2)
fired    1_4_2 r7  (x^2+1)^(3/2)/(a*(x^2+1)-b*x^2)^(5/2)
fired    9_3 r44  1/((x^2+1)*(a-(b*x^2)/(x^2+1))^(5/2))
fired    4_7_5 r58  1/(a-b*%mr_isin(%i*f*x+%i*e)^2)^(5/2)
fired    4_1_0_1 r1  1/(b*sinh(f*x+e)^2+a)^(5/2)
RUBI-CPU 12.412312 
ANSWER (%i*(((a^(3/2)*sqrt(a-b)*b-a^(5/2)*sqrt(a-b))*tanh(f*x+e)^2+a^(5/2)*sqrt(a-b))*elliptic_f(%i*atanh((sqrt(a-b)*tanh(f*x+e))/sqrt(a)),b/(b-a))+((2*sqrt(a)*sqrt(a-b)*b^2-6*a^(3/2)*sqrt(a-b)*b+4*a^(5/2)*sqrt(a-b))*tanh(f*x+e)^2+2*a^(3/2)*sqrt(a-b)*b-4*a^(5/2)*sqrt(a-b))*elliptic_e(%i*atanh((sqrt(a-b)*tanh(f*x+e))/sqrt(a)),b/(b-a))+(%i*a^2*b-%i*a*b^2)*tanh(f*x+e)*sqrt(-((a*tanh(f*x+e)^2-a)/((b-a)*tanh(f*x+e)^2+a)))))/(f*sqrt(-(((b-a)*tanh(f*x+e)^2+a)/(tanh(f*x+e)^2-1)))*((3*a^2*b^3-9*a^3*b^2+9*a^4*b-3*a^5)*tanh(f*x+e)^2+3*a^3*b^2-6*a^4*b+3*a^5)*sqrt(-((a*tanh(f*x+e)^2-a)/((b-a)*tanh(f*x+e)^2...

# entry 6.1 Hyperbolic sine/6.1.7 hyper^m (a+b sinh^n)^p.mac e123  integrand 1/(a+b*sinh(e+f*x)^2)^(5/2)
# core /home/serge/src/mr-attr/test/mr_rules.core  cap 60  hit_cap False  cpu [13.083501]
fired    9_3 r67  sqrt(a-b*x^2)/sqrt(1-x^2)
fired    4_1_7 r17  sqrt(a-b*%mr_isin(%i*f*x+%i*e)^2)
fired    4_1_0_1 r1  sqrt(a-b*sin(%i*f*x+%i*e)^2)
fired    9_3 r67  1/(sqrt(1-x^2)*sqrt(a-b*x^2))
fired    4_1_7 r17  1/sqrt(a-b*%mr_isin(%i*f*x+%i*e)^2)
fired    4_1_0_1 r1  1/sqrt(a-b*sin(%i*f*x+%i*e)^2)
fired    4_1_7 r4  (-((2*b^2-4*a*b)*%mr_isin(%i*f*x+%i*e)^2)+a*b-3*a^2)/sqrt(a-b*%mr_isin(%i*f*x+%i*e)^2)
fired    4_1_0_1 r1  ((2*b^2-4*a*b)*sinh(f*x+e)^2+a*b-3*a^2)/sqrt(a-b*sin(%i*f*x+%i*e)^2)
fired    4_1_7 r5  (-(b*%mr_isin(%i*f*x+%i*e)^2)+2*b-3*a)/(a-b*%mr_isin(%i*f*x+%i*e)^2)^(3/2)
fired    4_1_0_1 r1  (b*sinh(f*x+e)^2+2*b-3*a)/(a-b*sin(%i*f*x+%i*e)^2)^(3/2)
fired    4_1_7 r16  1/(a-b*%mr_isin(%i*f*x+%i*e)^2)^(5/2)
fired    4_1_0_1 r1  1/(b*sinh(f*x+e)^2+a)^(5/2)
RUBI-CPU 13.008586 
ANSWER (%i*b*cos(%i*f*x+%i*e)*sin(%i*f*x+%i*e))/(3*a*(a-b)*f*(a-b*sin(%i*f*x+%i*e)^2)^(3/2))-(((%i*(4*a*b-2*b^2)*sqrt(cos(%i*f*x+%i*e)^2)*'unintegrable[sqrt(b*sinh(f*x+e)^2+a)/sqrt(sinh(f*x+e)^2+1),%i*sinh(f*x+e)])/(b*f*cos(%i*f*x+%i*e))+(%i*(-(a*(4*a*b-2*b^2))-b*(a*b-3*a^2))*sqrt(cos(%i*f*x+%i*e)^2)*'unintegrable[1/(sqrt(sinh(f*x+e)^2+1)*sqrt(b*sinh(f*x+e)^2+a)),%i*sinh(f*x+e)])/(b*f*cos(%i*f*x+%i*e)))/(a*(a-b))+(%i*(b*(2*b-3*a)-a*b)*cos(%i*f*x+%i*e)*sin(%i*f*x+%i*e))/(a*(a-b)*f*sqrt(a-b*sin(%i*f*x+%i*e)^2)))/(3*a*(a-b)) 

# entry 6.1 Hyperbolic sine/6.1.7 hyper^m (a+b sinh^n)^p.mac e358  integrand cosh(e+f*x)^2*sqrt(a+b*sinh(e+f*x)^2)
# core /home/serge/src/mr-attr-base/test/mr_rules.core  cap 60  hit_cap False  cpu [13.289464]
fired    1_1_2_3 r41  1/(sqrt(x^2+1)*sqrt((a-b)*x^2+a))
fired    1_1_2_3 r34  sqrt((a-b)*x^2+a)/(x^2+1)^(3/2)
fired    1_1_2_5 r5  ((b-a)*x^2-2*a)/((x^2+1)^(3/2)*sqrt((a-b)*x^2+a))
fired    9_1 r6  ((b-a)*x^2-2*a)/((x^2+1)^(3/2)*sqrt(-(b*x^2)+a*x^2+a))
fired    9_1 r6  (b*x^2-a*x^2-2*a)/((x^2+1)^(3/2)*sqrt(-(b*x^2)+a*x^2+a))
fired    1_4_2 r9  (b*x^2+a*(-x^2-2))/((x^2+1)^(3/2)*sqrt((a-b)*x^2+a))
fired    1_1_2_3 r35  sqrt((a-b)*x^2+a)/(x^2+1)^(5/2)
fired    9_1 r6  sqrt(-(b*x^2)+a*x^2+a)/(x^2+1)^(5/2)
fired    1_4_2 r7  sqrt(a*(x^2+1)-b*x^2)/(x^2+1)^(5/2)
fired    9_3 r44  sqrt(a-(b*x^2)/(x^2+1))/(x^2+1)^2
fired    4_7_5 r58  %mr_icos(%i*f*x+%i*e)^2*sqrt(a-b*%mr_isin(%i*f*x+%i*e)^2)
fired    4_1_0_1 r1  cosh(f*x+e)^2*sqrt(b*sinh(f*x+e)^2+a)
RUBI-CPU 13.225438 
ANSWER -((%i*(sqrt(-(((b-a)*tanh(f*x+e)^2+a)/(tanh(f*x+e)^2-1)))*sqrt(-(((b-a)*tanh(f*x+e)^2+a)/(a*tanh(f*x+e)^2-a)))*(a^(3/2)*sqrt(a-b)*tanh(f*x+e)^4-2*a^(3/2)*sqrt(a-b)*tanh(f*x+e)^2+a^(3/2)*sqrt(a-b))*elliptic_f(%i*atanh((sqrt(a-b)*tanh(f*x+e))/sqrt(a)),b/(b-a))+sqrt(-(((b-a)*tanh(f*x+e)^2+a)/(tanh(f*x+e)^2-1)))*((b^2-a^2)*tanh(f*x+e)^4+(-b^2+a*b+2*a^2)*tanh(f*x+e)^2-a*b-a^2)*sqrt(-((a*tanh(f*x+e)^2-a)/((b-a)*tanh(f*x+e)^2+a)))*elliptic_e(%i*atanh(tanh(f*x+e)),b/a)+sqrt(-(((b-a)*tanh(f*x+e)^2+a)/(tanh(f*x+e)^2-1)))*sqrt(-(((b-a)*tanh(f*x+e)^2+a)/(a*tanh(f*x+e)^2-a)))*((%i*a*b-%i*b^2)*tanh(f...

# entry 6.1 Hyperbolic sine/6.1.7 hyper^m (a+b sinh^n)^p.mac e358  integrand cosh(e+f*x)^2*sqrt(a+b*sinh(e+f*x)^2)
# core /home/serge/src/mr-attr/test/mr_rules.core  cap 60  hit_cap False  cpu [22.9569]
fired    9_3 r67  sqrt(a-b*x^2)/sqrt(1-x^2)
fired    9_3 r67  1/(sqrt(1-x^2)*sqrt(a-b*x^2))
fired    1_1_2_5 r4  ((b+a)*x^2-2*a)/(sqrt(1-x^2)*sqrt(a-b*x^2))
fired    9_1 r12  -(((b+a)*x^2-2*a)/(2*sqrt(1-x^2)*sqrt(a-b*x^2)))
fired    9_1 r6  -((b*x^2+a*x^2-2*a)/(2*sqrt(1-x^2)*sqrt(a-b*x^2)))
fired    1_4_2 r25  -((b*x^2+a*(x^2-2))/(2*sqrt(1-x^2)*sqrt(a-b*x^2)))
fired    1_1_2_3 r40  sqrt(1-x^2)*sqrt(a-b*x^2)
fired    4_1_7 r24  %mr_icos(%i*f*x+%i*e)^2*sqrt(a-b*%mr_isin(%i*f*x+%i*e)^2)
fired    4_1_0_1 r1  cosh(f*x+e)^2*sqrt(b*sinh(f*x+e)^2+a)
RUBI-CPU 22.882274 
ANSWER -((%i*sqrt(cos(%i*f*x+%i*e)^2)*(b*('unintegrable[sqrt(b*sinh(f*x+e)^2+a)/sqrt(sinh(f*x+e)^2+1),%i*sinh(f*x+e)]+a*'unintegrable[1/(sqrt(sinh(f*x+e)^2+1)*sqrt(b*sinh(f*x+e)^2+a)),%i*sinh(f*x+e)])+a*'unintegrable[sqrt(b*sinh(f*x+e)^2+a)/sqrt(sinh(f*x+e)^2+1),%i*sinh(f*x+e)]-a^2*'unintegrable[1/(sqrt(sinh(f*x+e)^2+1)*sqrt(b*sinh(f*x+e)^2+a)),%i*sinh(f*x+e)]+%i*b*sinh(f*x+e)*sqrt(sinh(f*x+e)^2+1)*sqrt(b*sinh(f*x+e)^2+a)))/(3*b*f*cos(%i*f*x+%i*e))) 

# entry 6.1 Hyperbolic sine/6.1.7 hyper^m (a+b sinh^n)^p.mac e359  integrand sqrt(a+b*sinh(e+f*x)^2)
# core /home/serge/src/mr-attr-base/test/mr_rules.core  cap 60  hit_cap False  cpu [3.66447]
fired    1_1_2_3 r34  sqrt((a-b)*x^2+a)/(x^2+1)^(3/2)
fired    9_1 r6  sqrt(-(b*x^2)+a*x^2+a)/(x^2+1)^(3/2)
fired    1_4_2 r7  sqrt(a*(x^2+1)-b*x^2)/(x^2+1)^(3/2)
fired    9_3 r44  sqrt(a-(b*x^2)/(x^2+1))/(x^2+1)
fired    4_7_5 r58  sqrt(a-b*%mr_isin(%i*f*x+%i*e)^2)
fired    4_1_0_1 r1  sqrt(b*sinh(f*x+e)^2+a)
RUBI-CPU 3.6122739999999998 
ANSWER -((%i*sqrt(-(((b-a)*tanh(f*x+e)^2+a)/(tanh(f*x+e)^2-1)))*elliptic_e(%i*atanh(tanh(f*x+e)),b/a))/(f*sqrt(-(((b-a)*tanh(f*x+e)^2+a)/(a*tanh(f*x+e)^2-a))))) 

# entry 6.1 Hyperbolic sine/6.1.7 hyper^m (a+b sinh^n)^p.mac e359  integrand sqrt(a+b*sinh(e+f*x)^2)
# core /home/serge/src/mr-attr/test/mr_rules.core  cap 60  hit_cap False  cpu [2.958585]
fired    9_3 r67  sqrt(a-b*x^2)/sqrt(1-x^2)
fired    4_1_7 r17  sqrt(a-b*%mr_isin(%i*f*x+%i*e)^2)
fired    4_1_0_1 r1  sqrt(b*sinh(f*x+e)^2+a)
RUBI-CPU 2.909857 
ANSWER -((%i*sqrt(cos(%i*f*x+%i*e)^2)*'unintegrable[sqrt(b*sinh(f*x+e)^2+a)/sqrt(sinh(f*x+e)^2+1),%i*sinh(f*x+e)])/(f*cos(%i*f*x+%i*e))) 

# entry 6.1 Hyperbolic sine/6.1.7 hyper^m (a+b sinh^n)^p.mac e360  integrand sech(e+f*x)^2*sqrt(a+b*sinh(e+f*x)^2)
# core /home/serge/src/mr-attr-base/test/mr_rules.core  cap 60  hit_cap False  cpu [4.399539]
fired    1_1_2_3 r41  1/(sqrt(x^2+1)*sqrt((a-b)*x^2+a))
fired    1_1_2_3 r34  sqrt(x^2+1)/((a-b)*x^2+a)^(3/2)
fired    1_1_2_4 r54  x^2/(sqrt(x^2+1)*sqrt((a-b)*x^2+a))
fired    1_1_2_3 r45  sqrt((a-b)*x^2+a)/sqrt(x^2+1)
fired    9_1 r6  sqrt(-(b*x^2)+a*x^2+a)/sqrt(x^2+1)
fired    1_4_2 r7  sqrt(a*(x^2+1)-b*x^2)/sqrt(x^2+1)
fired    9_3 r44  sqrt(a-(b*x^2)/(x^2+1))
fired    4_7_5 r58  sqrt(a-b*%mr_isin(%i*f*x+%i*e)^2)/%mr_icos(%i*f*x+%i*e)^2
fired    4_1_0_1 r1  sech(f*x+e)^2*sqrt(b*sinh(f*x+e)^2+a)
RUBI-CPU 4.352525 
ANSWER -((%i*((a^(3/2)*sqrt(a-b)*tanh(f*x+e)^2-a^(3/2)*sqrt(a-b))*sqrt(-(((b-a)*tanh(f*x+e)^2+a)/(tanh(f*x+e)^2-1)))*elliptic_f(%i*atanh((sqrt(a-b)*tanh(f*x+e))/sqrt(a)),b/(b-a))+sqrt(-(((b-a)*tanh(f*x+e)^2+a)/(tanh(f*x+e)^2-1)))*((sqrt(a)*sqrt(a-b)*b-a^(3/2)*sqrt(a-b))*tanh(f*x+e)^2-sqrt(a)*sqrt(a-b)*b+a^(3/2)*sqrt(a-b))*elliptic_e(%i*atanh((sqrt(a-b)*tanh(f*x+e))/sqrt(a)),b/(b-a))+sqrt(-(((b-a)*tanh(f*x+e)^2+a)/(tanh(f*x+e)^2-1)))*((%i*b^2-2*%i*a*b+%i*a^2)*tanh(f*x+e)^3+(-(%i*b^2)+2*%i*a*b-%i*a^2)*tanh(f*x+e))*sqrt(-((a*tanh(f*x+e)^2-a)/((b-a)*tanh(f*x+e)^2+a)))))/(f*((b^2-2*a*b+a^2)*tanh(f*...

# entry 6.1 Hyperbolic sine/6.1.7 hyper^m (a+b sinh^n)^p.mac e360  integrand sech(e+f*x)^2*sqrt(a+b*sinh(e+f*x)^2)
# core /home/serge/src/mr-attr/test/mr_rules.core  cap 60  hit_cap False  cpu [19.93683]
fired    9_3 r67  sqrt(1-x^2)/sqrt(a-b*x^2)
fired    9_3 r67  1/(sqrt(1-x^2)*sqrt(a-b*x^2))
fired    1_1_2_4 r55  x^2/(sqrt(1-x^2)*sqrt(a-b*x^2))
fired    9_1 r12  (b*x^2)/(sqrt(1-x^2)*sqrt(a-b*x^2))
fired    9_1 r10  -((b*x^2)/(sqrt(1-x^2)*sqrt(a-b*x^2)))
fired    1_1_2_3 r35  sqrt(a-b*x^2)/(1-x^2)^(3/2)
fired    4_1_7 r24  sqrt(a-b*%mr_isin(%i*f*x+%i*e)^2)/%mr_icos(%i*f*x+%i*e)^2
fired    4_1_0_1 r1  sech(f*x+e)^2*sqrt(b*sinh(f*x+e)^2+a)
RUBI-CPU 19.879557 
ANSWER -((%i*sqrt(cos(%i*f*x+%i*e)^2)*(b*sqrt(sinh(f*x+e)^2+1)*('unintegrable[1/(sqrt(sinh(f*x+e)^2+1)*sqrt(b*sinh(f*x+e)^2+a)),%i*sinh(f*x+e)]-'unintegrable[sqrt(sinh(f*x+e)^2+1)/sqrt(b*sinh(f*x+e)^2+a),%i*sinh(f*x+e)])+%i*sinh(f*x+e)*sqrt(b*sinh(f*x+e)^2+a)))/(f*sqrt(sinh(f*x+e)^2+1)*cos(%i*f*x+%i*e))) 

# entry 6.1 Hyperbolic sine/6.1.7 hyper^m (a+b sinh^n)^p.mac e361  integrand sech(e+f*x)^4*sqrt(a+b*sinh(e+f*x)^2)
# core /home/serge/src/mr-attr-base/test/mr_rules.core  cap 60  hit_cap False  cpu [14.200759]
fired    1_1_2_3 r41  1/(sqrt(x^2+1)*sqrt((a-b)*x^2+a))
fired    1_1_2_3 r34  sqrt(x^2+1)/((a-b)*x^2+a)^(3/2)
fired    1_1_2_4 r54  x^2/(sqrt(x^2+1)*sqrt((a-b)*x^2+a))
fired    1_1_2_5 r11  ((b-2*a)*x^2-2*a)/(sqrt(x^2+1)*sqrt((a-b)*x^2+a))
fired    9_1 r12  -(((b-2*a)*x^2-2*a)/(2*sqrt(x^2+1)*sqrt((a-b)*x^2+a)))
fired    9_1 r6  -((b*x^2-2*a*x^2-2*a)/(2*sqrt(x^2+1)*sqrt((a-b)*x^2+a)))
fired    1_4_2 r25  -((b*x^2+a*(-(2*x^2)-2))/(2*sqrt(x^2+1)*sqrt((a-b)*x^2+a)))
fired    1_1_2_3 r40  sqrt(x^2+1)*sqrt((a-b)*x^2+a)
fired    9_1 r6  sqrt(x^2+1)*sqrt(-(b*x^2)+a*x^2+a)
fired    1_4_2 r7  sqrt(x^2+1)*sqrt(a*(x^2+1)-b*x^2)
fired    9_3 r44  (x^2+1)*sqrt(a-(b*x^2)/(x^2+1))
fired    4_7_5 r58  sqrt(a-b*%mr_isin(%i*f*x+%i*e)^2)/%mr_icos(%i*f*x+%i*e)^4
fired    4_1_0_1 r1  sech(f*x+e)^4*sqrt(b*sinh(f*x+e)^2+a)
RUBI-CPU 14.146803 
ANSWER -((%i*((2*a^(3/2)*sqrt(a-b)*tanh(f*x+e)^2-2*a^(3/2)*sqrt(a-b))*sqrt(-(((b-a)*tanh(f*x+e)^2+a)/(tanh(f*x+e)^2-1)))*elliptic_f(%i*atanh((sqrt(a-b)*tanh(f*x+e))/sqrt(a)),b/(b-a))+sqrt(-(((b-a)*tanh(f*x+e)^2+a)/(tanh(f*x+e)^2-1)))*((sqrt(a)*sqrt(a-b)*b-2*a^(3/2)*sqrt(a-b))*tanh(f*x+e)^2-sqrt(a)*sqrt(a-b)*b+2*a^(3/2)*sqrt(a-b))*elliptic_e(%i*atanh((sqrt(a-b)*tanh(f*x+e))/sqrt(a)),b/(b-a))+sqrt(-(((b-a)*tanh(f*x+e)^2+a)/(tanh(f*x+e)^2-1)))*((-(%i*b^2)+2*%i*a*b-%i*a^2)*tanh(f*x+e)^5+(2*%i*b^2-6*%i*a*b+4*%i*a^2)*tanh(f*x+e)^3+(-(%i*b^2)+4*%i*a*b-3*%i*a^2)*tanh(f*x+e))*sqrt(-((a*tanh(f*x+e)^2-a)...

# entry 6.1 Hyperbolic sine/6.1.7 hyper^m (a+b sinh^n)^p.mac e361  integrand sech(e+f*x)^4*sqrt(a+b*sinh(e+f*x)^2)
# core /home/serge/src/mr-attr/test/mr_rules.core  cap 60  hit_cap False  cpu [15.72905]
fired    9_3 r67  sqrt(a-b*x^2)/sqrt(1-x^2)
fired    9_3 r67  1/(sqrt(1-x^2)*sqrt(a-b*x^2))
fired    1_1_2_5 r4  ((b^2-2*a*b)*x^2+a*b)/(sqrt(1-x^2)*sqrt(a-b*x^2))
fired    9_1 r6  (b^2*x^2-2*a*b*x^2+a*b)/(sqrt(1-x^2)*sqrt(a-b*x^2))
fired    1_4_2 r9  (b^2*x^2+a*b*(1-2*x^2))/(sqrt(1-x^2)*sqrt(a-b*x^2))
fired    1_1_2_5 r7  (b*x^2-2*a)/((1-x^2)^(3/2)*sqrt(a-b*x^2))
fired    1_1_2_3 r35  sqrt(a-b*x^2)/(1-x^2)^(5/2)
fired    4_1_7 r24  sqrt(a-b*%mr_isin(%i*f*x+%i*e)^2)/%mr_icos(%i*f*x+%i*e)^4
fired    4_1_0_1 r1  sech(f*x+e)^4*sqrt(b*sinh(f*x+e)^2+a)
RUBI-CPU 15.664806 
ANSWER -((%i*sqrt(cos(%i*f*x+%i*e)^2)*(sinh(f*x+e)^2*(4*a*'unintegrable[sqrt(b*sinh(f*x+e)^2+a)/sqrt(sinh(f*x+e)^2+1),%i*sinh(f*x+e)]+b*(4*a*'unintegrable[1/(sqrt(sinh(f*x+e)^2+1)*sqrt(b*sinh(f*x+e)^2+a)),%i*sinh(f*x+e)]-2*'unintegrable[sqrt(b*sinh(f*x+e)^2+a)/sqrt(sinh(f*x+e)^2+1),%i*sinh(f*x+e)])-4*a^2*'unintegrable[1/(sqrt(sinh(f*x+e)^2+1)*sqrt(b*sinh(f*x+e)^2+a)),%i*sinh(f*x+e)])+sinh(f*x+e)^4*(2*a*'unintegrable[sqrt(b*sinh(f*x+e)^2+a)/sqrt(sinh(f*x+e)^2+1),%i*sinh(f*x+e)]+b*(2*a*'unintegrable[1/(sqrt(sinh(f*x+e)^2+1)*sqrt(b*sinh(f*x+e)^2+a)),%i*sinh(f*x+e)]-'unintegrable[sqrt(b*sinh(f*x+e...

# entry 6.1 Hyperbolic sine/6.1.7 hyper^m (a+b sinh^n)^p.mac e370  integrand (a+b*sinh(e+f*x)^2)^(3/2)
# core /home/serge/src/mr-attr-base/test/mr_rules.core  cap 60  hit_cap False  cpu [20.897733]
fired    1_1_2_3 r41  1/(sqrt(x^2+1)*sqrt((a-b)*x^2+a))
fired    1_1_2_3 r34  sqrt((a-b)*x^2+a)/(x^2+1)^(3/2)
fired    1_1_2_5 r5  ((2*b^2-5*a*b+3*a^2)*x^2-a*b+3*a^2)/((x^2+1)^(3/2)*sqrt((a-b)*x^2+a))
fired    9_1 r6  ((2*b^2-5*a*b+3*a^2)*x^2-a*b+3*a^2)/((x^2+1)^(3/2)*sqrt(-(b*x^2)+a*x^2+a))
fired    9_1 r6  ((2*b^2+3*a^2)*x^2-5*a*b*x^2-a*b+3*a^2)/((x^2+1)^(3/2)*sqrt(-(b*x^2)+a*x^2+a))
fired    9_1 r6  (2*b^2*x^2-5*a*b*x^2+3*a^2*x^2-a*b+3*a^2)/((x^2+1)^(3/2)*sqrt(-(b*x^2)+a*x^2+a))
fired    1_4_2 r9  (a^2*(3*x^2+3)+2*b^2*x^2+a*b*(-(5*x^2)-1))/((x^2+1)^(3/2)*sqrt((a-b)*x^2+a))
fired    1_1_2_3 r36  ((a-b)*x^2+a)^(3/2)/(x^2+1)^(5/2)
fired    9_1 r6  (-(b*x^2)+a*x^2+a)^(3/2)/(x^2+1)^(5/2)
fired    1_4_2 r7  (a*(x^2+1)-b*x^2)^(3/2)/(x^2+1)^(5/2)
fired    9_3 r44  (a-(b*x^2)/(x^2+1))^(3/2)/(x^2+1)
fired    4_7_5 r58  (a-b*%mr_isin(%i*f*x+%i*e)^2)^(3/2)
fired    4_1_0_1 r1  (b*sinh(f*x+e)^2+a)^(3/2)
RUBI-CPU 20.841375000000003 
ANSWER -((%i*(sqrt(-(((b-a)*tanh(f*x+e)^2+a)/(tanh(f*x+e)^2-1)))*sqrt(-(((b-a)*tanh(f*x+e)^2+a)/(a*tanh(f*x+e)^2-a)))*(a^(3/2)*sqrt(a-b)*tanh(f*x+e)^4-2*a^(3/2)*sqrt(a-b)*tanh(f*x+e)^2+a^(3/2)*sqrt(a-b))*elliptic_f(%i*atanh((sqrt(a-b)*tanh(f*x+e))/sqrt(a)),b/(b-a))+sqrt(-(((b-a)*tanh(f*x+e)^2+a)/(tanh(f*x+e)^2-1)))*((-(2*b^2)+6*a*b-4*a^2)*tanh(f*x+e)^4+(2*b^2-8*a*b+8*a^2)*tanh(f*x+e)^2+2*a*b-4*a^2)*sqrt(-((a*tanh(f*x+e)^2-a)/((b-a)*tanh(f*x+e)^2+a)))*elliptic_e(%i*atanh(tanh(f*x+e)),b/a)+sqrt(-(((b-a)*tanh(f*x+e)^2+a)/(tanh(f*x+e)^2-1)))*sqrt(-(((b-a)*tanh(f*x+e)^2+a)/(a*tanh(f*x+e)^2-a)))*((%...

# entry 6.1 Hyperbolic sine/6.1.7 hyper^m (a+b sinh^n)^p.mac e370  integrand (a+b*sinh(e+f*x)^2)^(3/2)
# core /home/serge/src/mr-attr/test/mr_rules.core  cap 60  hit_cap False  cpu [10.43116]
fired    9_3 r67  sqrt(a-b*x^2)/sqrt(1-x^2)
fired    4_1_7 r17  sqrt(a-b*%mr_isin(%i*f*x+%i*e)^2)
fired    4_1_0_1 r1  sqrt(a-b*sin(%i*f*x+%i*e)^2)
fired    9_3 r67  1/(sqrt(1-x^2)*sqrt(a-b*x^2))
fired    4_1_7 r17  1/sqrt(a-b*%mr_isin(%i*f*x+%i*e)^2)
fired    4_1_0_1 r1  1/sqrt(a-b*sin(%i*f*x+%i*e)^2)
fired    4_1_7 r4  (-((4*a*b-2*b^2)*%mr_isin(%i*f*x+%i*e)^2)-a*b+3*a^2)/sqrt(a-b*%mr_isin(%i*f*x+%i*e)^2)
fired    4_1_0_1 r1  ((4*a*b-2*b^2)*sinh(f*x+e)^2-a*b+3*a^2)/sqrt(a-b*sin(%i*f*x+%i*e)^2)
fired    4_1_7 r12  (a-b*%mr_isin(%i*f*x+%i*e)^2)^(3/2)
fired    4_1_0_1 r1  (b*sinh(f*x+e)^2+a)^(3/2)
RUBI-CPU 10.353912000000001 
ANSWER ((%i*(2*b^2-4*a*b)*sqrt(cos(%i*f*x+%i*e)^2)*'unintegrable[sqrt(b*sinh(f*x+e)^2+a)/sqrt(sinh(f*x+e)^2+1),%i*sinh(f*x+e)])/(b*f*cos(%i*f*x+%i*e))+(%i*(-(a*(2*b^2-4*a*b))-b*(3*a^2-a*b))*sqrt(cos(%i*f*x+%i*e)^2)*'unintegrable[1/(sqrt(sinh(f*x+e)^2+1)*sqrt(b*sinh(f*x+e)^2+a)),%i*sinh(f*x+e)])/(b*f*cos(%i*f*x+%i*e)))/3-(%i*b*cos(%i*f*x+%i*e)*sin(%i*f*x+%i*e)*sqrt(a-b*sin(%i*f*x+%i*e)^2))/(3*f) 

# entry 6.1 Hyperbolic sine/6.1.7 hyper^m (a+b sinh^n)^p.mac e371  integrand sech(e+f*x)^2*(a+b*sinh(e+f*x)^2)^(3/2)
# core /home/serge/src/mr-attr-base/test/mr_rules.core  cap 60  hit_cap False  cpu [24.922873]
fired    1_1_2_3 r41  1/(sqrt(x^2+1)*sqrt((a-b)*x^2+a))
fired    1_1_2_3 r34  sqrt(x^2+1)/((a-b)*x^2+a)^(3/2)
fired    1_1_2_4 r54  x^2/(sqrt(x^2+1)*sqrt((a-b)*x^2+a))
fired    1_1_2_5 r11  ((2*b^2-3*a*b+a^2)*x^2-a*b+a^2)/(sqrt(x^2+1)*sqrt((a-b)*x^2+a))
fired    9_1 r6  ((2*b^2-3*a*b+a^2)*x^2-a*b+a^2)/(sqrt(x^2+1)*sqrt(-(b*x^2)+a*x^2+a))
fired    9_1 r6  ((2*b^2+a^2)*x^2-3*a*b*x^2-a*b+a^2)/(sqrt(x^2+1)*sqrt(-(b*x^2)+a*x^2+a))
fired    9_1 r6  (2*b^2*x^2-3*a*b*x^2+a^2*x^2-a*b+a^2)/(sqrt(x^2+1)*sqrt(-(b*x^2)+a*x^2+a))
fired    1_4_2 r9  (a^2*(x^2+1)+2*b^2*x^2+a*b*(-(3*x^2)-1))/(sqrt(x^2+1)*sqrt((a-b)*x^2+a))
fired    1_1_2_3 r36  ((a-b)*x^2+a)^(3/2)/(x^2+1)^(3/2)
fired    9_1 r6  (-(b*x^2)+a*x^2+a)^(3/2)/(x^2+1)^(3/2)
fired    1_4_2 r7  (a*(x^2+1)-b*x^2)^(3/2)/(x^2+1)^(3/2)
fired    9_3 r44  (a-(b*x^2)/(x^2+1))^(3/2)
fired    4_7_5 r58  (a-b*%mr_isin(%i*f*x+%i*e)^2)^(3/2)/%mr_icos(%i*f*x+%i*e)^2
fired    4_1_0_1 r1  sech(f*x+e)^2*(b*sinh(f*x+e)^2+a)^(3/2)
RUBI-CPU 24.850627 
ANSWER (%i*((a^(3/2)*sqrt(a-b)*tanh(f*x+e)^2-a^(3/2)*sqrt(a-b))*sqrt(-(((b-a)*tanh(f*x+e)^2+a)/(tanh(f*x+e)^2-1)))*elliptic_f(%i*atanh((sqrt(a-b)*tanh(f*x+e))/sqrt(a)),b/(b-a))+sqrt(-(((b-a)*tanh(f*x+e)^2+a)/(tanh(f*x+e)^2-1)))*((2*sqrt(a)*sqrt(a-b)*b-a^(3/2)*sqrt(a-b))*tanh(f*x+e)^2-2*sqrt(a)*sqrt(a-b)*b+a^(3/2)*sqrt(a-b))*elliptic_e(%i*atanh((sqrt(a-b)*tanh(f*x+e))/sqrt(a)),b/(b-a))+sqrt(-(((b-a)*tanh(f*x+e)^2+a)/(tanh(f*x+e)^2-1)))*((%i*b^2-2*%i*a*b+%i*a^2)*tanh(f*x+e)^3+(-(2*%i*b^2)+2*%i*a*b-%i*a^2)*tanh(f*x+e))*sqrt(-((a*tanh(f*x+e)^2-a)/((b-a)*tanh(f*x+e)^2+a)))))/(f*((b-a)*tanh(f*x+e)^2...

# entry 6.1 Hyperbolic sine/6.1.7 hyper^m (a+b sinh^n)^p.mac e371  integrand sech(e+f*x)^2*(a+b*sinh(e+f*x)^2)^(3/2)
# core /home/serge/src/mr-attr/test/mr_rules.core  cap 60  hit_cap False  cpu [17.096591]
fired    9_3 r67  sqrt(a-b*x^2)/sqrt(1-x^2)
fired    9_3 r67  1/(sqrt(1-x^2)*sqrt(a-b*x^2))
fired    1_1_2_5 r4  ((2*b^2-a*b)*x^2-a*b)/(sqrt(1-x^2)*sqrt(a-b*x^2))
fired    9_1 r6  (2*b^2*x^2-a*b*x^2-a*b)/(sqrt(1-x^2)*sqrt(a-b*x^2))
fired    1_4_2 r9  (2*b^2*x^2+a*b*(-x^2-1))/(sqrt(1-x^2)*sqrt(a-b*x^2))
fired    1_1_2_3 r36  (a-b*x^2)^(3/2)/(1-x^2)^(3/2)
fired    4_1_7 r24  (a-b*%mr_isin(%i*f*x+%i*e)^2)^(3/2)/%mr_icos(%i*f*x+%i*e)^2
fired    4_1_0_1 r1  sech(f*x+e)^2*(b*sinh(f*x+e)^2+a)^(3/2)
RUBI-CPU 16.952679 
ANSWER (%i*sqrt(cos(%i*f*x+%i*e)^2)*(sinh(f*x+e)^2*(a*'unintegrable[sqrt(b*sinh(f*x+e)^2+a)/sqrt(sinh(f*x+e)^2+1),%i*sinh(f*x+e)]+b*(a*'unintegrable[1/(sqrt(sinh(f*x+e)^2+1)*sqrt(b*sinh(f*x+e)^2+a)),%i*sinh(f*x+e)]-2*'unintegrable[sqrt(b*sinh(f*x+e)^2+a)/sqrt(sinh(f*x+e)^2+1),%i*sinh(f*x+e)])-a^2*'unintegrable[1/(sqrt(sinh(f*x+e)^2+1)*sqrt(b*sinh(f*x+e)^2+a)),%i*sinh(f*x+e)])+a*'unintegrable[sqrt(b*sinh(f*x+e)^2+a)/sqrt(sinh(f*x+e)^2+1),%i*sinh(f*x+e)]+b*(a*'unintegrable[1/(sqrt(sinh(f*x+e)^2+1)*sqrt(b*sinh(f*x+e)^2+a)),%i*sinh(f*x+e)]-2*'unintegrable[sqrt(b*sinh(f*x+e)^2+a)/sqrt(sinh(f*x+e)^2...

# entry 6.1 Hyperbolic sine/6.1.7 hyper^m (a+b sinh^n)^p.mac e372  integrand sech(e+f*x)^4*(a+b*sinh(e+f*x)^2)^(3/2)
# core /home/serge/src/mr-attr-base/test/mr_rules.core  cap 60  hit_cap False  cpu [15.264428]
fired    1_1_2_3 r41  1/(sqrt(x^2+1)*sqrt((a-b)*x^2+a))
fired    1_1_2_3 r34  sqrt(x^2+1)/((a-b)*x^2+a)^(3/2)
fired    1_1_2_4 r54  x^2/(sqrt(x^2+1)*sqrt((a-b)*x^2+a))
fired    1_1_2_5 r11  ((2*a^2-2*b^2)*x^2+a*b+2*a^2)/(sqrt(x^2+1)*sqrt((a-b)*x^2+a))
fired    9_1 r6  ((2*a^2-2*b^2)*x^2+a*b+2*a^2)/(sqrt(x^2+1)*sqrt(-(b*x^2)+a*x^2+a))
fired    9_1 r6  (-(2*b^2*x^2)+2*a^2*x^2+a*b+2*a^2)/(sqrt(x^2+1)*sqrt(-(b*x^2)+a*x^2+a))
fired    1_4_2 r9  (a^2*(2*x^2+2)-2*b^2*x^2+a*b)/(sqrt(x^2+1)*sqrt((a-b)*x^2+a))
fired    1_1_2_3 r39  ((a-b)*x^2+a)^(3/2)/sqrt(x^2+1)
fired    9_1 r6  (-(b*x^2)+a*x^2+a)^(3/2)/sqrt(x^2+1)
fired    1_4_2 r7  (a*(x^2+1)-b*x^2)^(3/2)/sqrt(x^2+1)
fired    9_3 r44  (x^2+1)*(a-(b*x^2)/(x^2+1))^(3/2)
fired    4_7_5 r58  (a-b*%mr_isin(%i*f*x+%i*e)^2)^(3/2)/%mr_icos(%i*f*x+%i*e)^4
fired    4_1_0_1 r1  sech(f*x+e)^4*(b*sinh(f*x+e)^2+a)^(3/2)
RUBI-CPU 15.214088 
ANSWER -((%i*(sqrt(-(((b-a)*tanh(f*x+e)^2+a)/(tanh(f*x+e)^2-1)))*((a^(3/2)*sqrt(a-b)*b+2*a^(5/2)*sqrt(a-b))*tanh(f*x+e)^2-a^(3/2)*sqrt(a-b)*b-2*a^(5/2)*sqrt(a-b))*elliptic_f(%i*atanh((sqrt(a-b)*tanh(f*x+e))/sqrt(a)),b/(b-a))+sqrt(-(((b-a)*tanh(f*x+e)^2+a)/(tanh(f*x+e)^2-1)))*((2*sqrt(a)*sqrt(a-b)*b^2-2*a^(5/2)*sqrt(a-b))*tanh(f*x+e)^2-2*sqrt(a)*sqrt(a-b)*b^2+2*a^(5/2)*sqrt(a-b))*elliptic_e(%i*atanh((sqrt(a-b)*tanh(f*x+e))/sqrt(a)),b/(b-a))+sqrt(-(((b-a)*tanh(f*x+e)^2+a)/(tanh(f*x+e)^2-1)))*((%i*b^3-3*%i*a*b^2+3*%i*a^2*b-%i*a^3)*tanh(f*x+e)^5+(%i*b^3+2*%i*a*b^2-7*%i*a^2*b+4*%i*a^3)*tanh(f*x+e)^...

# entry 6.1 Hyperbolic sine/6.1.7 hyper^m (a+b sinh^n)^p.mac e372  integrand sech(e+f*x)^4*(a+b*sinh(e+f*x)^2)^(3/2)
# core /home/serge/src/mr-attr/test/mr_rules.core  cap 60  hit_cap False  cpu [26.026199]
fired    9_3 r67  sqrt(a-b*x^2)/sqrt(1-x^2)
fired    9_3 r67  1/(sqrt(1-x^2)*sqrt(a-b*x^2))
fired    1_1_2_5 r4  ((2*b^3-2*a^2*b)*x^2-a*b^2+a^2*b)/(sqrt(1-x^2)*sqrt(a-b*x^2))
fired    9_1 r6  (2*b^3*x^2-2*a^2*b*x^2-a*b^2+a^2*b)/(sqrt(1-x^2)*sqrt(a-b*x^2))
fired    1_4_2 r9  (2*b^3*x^2+a^2*b*(1-2*x^2)-a*b^2)/(sqrt(1-x^2)*sqrt(a-b*x^2))
fired    1_1_2_5 r7  ((2*b^2+a*b)*x^2-a*b-2*a^2)/((1-x^2)^(3/2)*sqrt(a-b*x^2))
fired    9_1 r6  (2*b^2*x^2+a*b*x^2-a*b-2*a^2)/((1-x^2)^(3/2)*sqrt(a-b*x^2))
fired    1_4_2 r9  (2*b^2*x^2+a*b*(x^2-1)-2*a^2)/((1-x^2)^(3/2)*sqrt(a-b*x^2))
fired    1_1_2_3 r36  (a-b*x^2)^(3/2)/(1-x^2)^(5/2)
fired    4_1_7 r24  (a-b*%mr_isin(%i*f*x+%i*e)^2)^(3/2)/%mr_icos(%i*f*x+%i*e)^4
fired    4_1_0_1 r1  sech(f*x+e)^4*(b*sinh(f*x+e)^2+a)^(3/2)
RUBI-CPU 25.964189 
ANSWER -((%i*sqrt(cos(%i*f*x+%i*e)^2)*(sinh(f*x+e)^4*(-(2*a*'unintegrable[sqrt(b*sinh(f*x+e)^2+a)/sqrt(sinh(f*x+e)^2+1),%i*sinh(f*x+e)])+b*(a*'unintegrable[1/(sqrt(sinh(f*x+e)^2+1)*sqrt(b*sinh(f*x+e)^2+a)),%i*sinh(f*x+e)]-2*'unintegrable[sqrt(b*sinh(f*x+e)^2+a)/sqrt(sinh(f*x+e)^2+1),%i*sinh(f*x+e)])+2*a^2*'unintegrable[1/(sqrt(sinh(f*x+e)^2+1)*sqrt(b*sinh(f*x+e)^2+a)),%i*sinh(f*x+e)])+sinh(f*x+e)^2*(-(4*a*'unintegrable[sqrt(b*sinh(f*x+e)^2+a)/sqrt(sinh(f*x+e)^2+1),%i*sinh(f*x+e)])+b*(2*a*'unintegrable[1/(sqrt(sinh(f*x+e)^2+1)*sqrt(b*sinh(f*x+e)^2+a)),%i*sinh(f*x+e)]-4*'unintegrable[sqrt(b*sinh...

# entry 6.1 Hyperbolic sine/6.1.7 hyper^m (a+b sinh^n)^p.mac e377  integrand cosh(e+f*x)^4/sqrt(a+b*sinh(e+f*x)^2)
# core /home/serge/src/mr-attr-base/test/mr_rules.core  cap 60  hit_cap False  cpu [13.345589]
fired    1_1_2_3 r41  1/(sqrt(x^2+1)*sqrt((a-b)*x^2+a))
fired    1_1_2_3 r34  sqrt((a-b)*x^2+a)/(x^2+1)^(3/2)
fired    1_1_2_5 r5  ((b-a)*x^2-3*b+a)/((x^2+1)^(3/2)*sqrt((a-b)*x^2+a))
fired    9_1 r6  ((b-a)*x^2-3*b+a)/((x^2+1)^(3/2)*sqrt(-(b*x^2)+a*x^2+a))
fired    9_1 r6  (b*x^2-a*x^2-3*b+a)/((x^2+1)^(3/2)*sqrt(-(b*x^2)+a*x^2+a))
fired    1_4_2 r9  (b*(x^2-3)+a*(1-x^2))/((x^2+1)^(3/2)*sqrt((a-b)*x^2+a))
fired    1_1_2_3 r37  1/((x^2+1)^(5/2)*sqrt((a-b)*x^2+a))
fired    9_1 r6  1/((x^2+1)^(5/2)*sqrt(-(b*x^2)+a*x^2+a))
fired    1_4_2 r7  1/((x^2+1)^(5/2)*sqrt(a*(x^2+1)-b*x^2))
fired    9_3 r44  1/((x^2+1)^3*sqrt(a-(b*x^2)/(x^2+1)))
fired    4_7_5 r58  %mr_icos(%i*f*x+%i*e)^4/sqrt(a-b*%mr_isin(%i*f*x+%i*e)^2)
fired    4_1_0_1 r1  cosh(f*x+e)^4/sqrt(b*sinh(f*x+e)^2+a)
RUBI-CPU 13.254138000000001 
ANSWER -((%i*(sqrt(-(((b-a)*tanh(f*x+e)^2+a)/(a*tanh(f*x+e)^2-a)))*((3*sqrt(a)*b^2-5*a^(3/2)*b+2*a^(5/2))*tanh(f*x+e)^4+(-(6*sqrt(a)*b^2)+10*a^(3/2)*b-4*a^(5/2))*tanh(f*x+e)^2+3*sqrt(a)*b^2-5*a^(3/2)*b+2*a^(5/2))*elliptic_f(%i*atanh((sqrt(a-b)*tanh(f*x+e))/sqrt(a)),b/(b-a))+((-(4*sqrt(a-b)*b^2)+6*a*sqrt(a-b)*b-2*a^2*sqrt(a-b))*tanh(f*x+e)^4+(4*sqrt(a-b)*b^2-10*a*sqrt(a-b)*b+4*a^2*sqrt(a-b))*tanh(f*x+e)^2+4*a*sqrt(a-b)*b-2*a^2*sqrt(a-b))*sqrt(-((a*tanh(f*x+e)^2-a)/((b-a)*tanh(f*x+e)^2+a)))*elliptic_e(%i*atanh(tanh(f*x+e)),b/a)+sqrt(-(((b-a)*tanh(f*x+e)^2+a)/(a*tanh(f*x+e)^2-a)))*((%i*sqrt(a-b)*...

# entry 6.1 Hyperbolic sine/6.1.7 hyper^m (a+b sinh^n)^p.mac e377  integrand cosh(e+f*x)^4/sqrt(a+b*sinh(e+f*x)^2)
# core /home/serge/src/mr-attr/test/mr_rules.core  cap 60  hit_cap False  cpu [15.78234]
fired    9_3 r67  sqrt(a-b*x^2)/sqrt(1-x^2)
fired    9_3 r67  1/(sqrt(1-x^2)*sqrt(a-b*x^2))
fired    1_1_2_5 r4  ((4*b-2*a)*x^2-3*b+a)/(sqrt(1-x^2)*sqrt(a-b*x^2))
fired    9_1 r6  (4*b*x^2-2*a*x^2-3*b+a)/(sqrt(1-x^2)*sqrt(a-b*x^2))
fired    1_4_2 r9  (b*(4*x^2-3)+a*(1-2*x^2))/(sqrt(1-x^2)*sqrt(a-b*x^2))
fired    1_1_2_3 r39  (1-x^2)^(3/2)/sqrt(a-b*x^2)
fired    4_1_7 r24  %mr_icos(%i*f*x+%i*e)^4/sqrt(a-b*%mr_isin(%i*f*x+%i*e)^2)
fired    4_1_0_1 r1  cosh(f*x+e)^4/sqrt(b*sinh(f*x+e)^2+a)
RUBI-CPU 15.713437999999998 
ANSWER -((%i*sqrt(cos(%i*f*x+%i*e)^2)*(b*(4*'unintegrable[sqrt(b*sinh(f*x+e)^2+a)/sqrt(sinh(f*x+e)^2+1),%i*sinh(f*x+e)]-5*a*'unintegrable[1/(sqrt(sinh(f*x+e)^2+1)*sqrt(b*sinh(f*x+e)^2+a)),%i*sinh(f*x+e)])-2*a*'unintegrable[sqrt(b*sinh(f*x+e)^2+a)/sqrt(sinh(f*x+e)^2+1),%i*sinh(f*x+e)]+3*b^2*'unintegrable[1/(sqrt(sinh(f*x+e)^2+1)*sqrt(b*sinh(f*x+e)^2+a)),%i*sinh(f*x+e)]+2*a^2*'unintegrable[1/(sqrt(sinh(f*x+e)^2+1)*sqrt(b*sinh(f*x+e)^2+a)),%i*sinh(f*x+e)]+%i*b*sinh(f*x+e)*sqrt(sinh(f*x+e)^2+1)*sqrt(b*sinh(f*x+e)^2+a)))/(3*b^2*f*cos(%i*f*x+%i*e))) 

# entry 6.1 Hyperbolic sine/6.1.7 hyper^m (a+b sinh^n)^p.mac e378  integrand cosh(e+f*x)^2/sqrt(a+b*sinh(e+f*x)^2)
# core /home/serge/src/mr-attr-base/test/mr_rules.core  cap 60  hit_cap False  cpu [7.431758]
fired    1_1_2_3 r41  1/(sqrt(x^2+1)*sqrt((a-b)*x^2+a))
fired    1_1_2_3 r34  sqrt(x^2+1)/((a-b)*x^2+a)^(3/2)
fired    1_1_2_4 r54  x^2/(sqrt(x^2+1)*sqrt((a-b)*x^2+a))
fired    1_1_2_3 r45  sqrt(x^2+1)/sqrt((a-b)*x^2+a)
fired    9_1 r12  ((a-b)*sqrt(x^2+1))/sqrt((a-b)*x^2+a)
fired    1_4_1 r18  (a*(x^2+1)+b*(-x^2-1))/(sqrt(x^2+1)*sqrt((a-b)*x^2+a))
fired    1_1_2_3 r37  1/((x^2+1)^(3/2)*sqrt((a-b)*x^2+a))
fired    9_1 r6  1/((x^2+1)^(3/2)*sqrt(-(b*x^2)+a*x^2+a))
fired    1_4_2 r7  1/((x^2+1)^(3/2)*sqrt(a*(x^2+1)-b*x^2))
fired    9_3 r44  1/((x^2+1)^2*sqrt(a-(b*x^2)/(x^2+1)))
fired    4_7_5 r58  %mr_icos(%i*f*x+%i*e)^2/sqrt(a-b*%mr_isin(%i*f*x+%i*e)^2)
fired    4_1_0_1 r1  cosh(f*x+e)^2/sqrt(b*sinh(f*x+e)^2+a)
RUBI-CPU 7.374199999999999 
ANSWER (%i*((sqrt(a)*sqrt(a-b)*tanh(f*x+e)^2-sqrt(a)*sqrt(a-b))*elliptic_f(%i*atanh((sqrt(a-b)*tanh(f*x+e))/sqrt(a)),b/(b-a))+(sqrt(a)*sqrt(a-b)-sqrt(a)*sqrt(a-b)*tanh(f*x+e)^2)*elliptic_e(%i*atanh((sqrt(a-b)*tanh(f*x+e))/sqrt(a)),b/(b-a))+%i*b*tanh(f*x+e)*sqrt(-((a*tanh(f*x+e)^2-a)/((b-a)*tanh(f*x+e)^2+a)))))/(f*(b*tanh(f*x+e)^2-b)*sqrt(-(((b-a)*tanh(f*x+e)^2+a)/(tanh(f*x+e)^2-1)))*sqrt(-((a*tanh(f*x+e)^2-a)/((b-a)*tanh(f*x+e)^2+a)))) 

# entry 6.1 Hyperbolic sine/6.1.7 hyper^m (a+b sinh^n)^p.mac e378  integrand cosh(e+f*x)^2/sqrt(a+b*sinh(e+f*x)^2)
# core /home/serge/src/mr-attr/test/mr_rules.core  cap 60  hit_cap False  cpu [5.230847]
fired    9_3 r67  sqrt(1-x^2)/sqrt(a-b*x^2)
fired    4_1_7 r24  %mr_icos(%i*f*x+%i*e)^2/sqrt(a-b*%mr_isin(%i*f*x+%i*e)^2)
fired    4_1_0_1 r1  cosh(f*x+e)^2/sqrt(b*sinh(f*x+e)^2+a)
RUBI-CPU 5.173280999999999 
ANSWER -((%i*sqrt(cos(%i*f*x+%i*e)^2)*'unintegrable[sqrt(sinh(f*x+e)^2+1)/sqrt(b*sinh(f*x+e)^2+a),%i*sinh(f*x+e)])/(f*cos(%i*f*x+%i*e))) 

# entry 6.1 Hyperbolic sine/6.1.7 hyper^m (a+b sinh^n)^p.mac e379  integrand 1/sqrt(a+b*sinh(e+f*x)^2)
# core /home/serge/src/mr-attr-base/test/mr_rules.core  cap 60  hit_cap False  cpu [4.102618]
fired    1_1_2_3 r41  1/(sqrt(x^2+1)*sqrt((a-b)*x^2+a))
fired    9_1 r6  1/(sqrt(x^2+1)*sqrt(-(b*x^2)+a*x^2+a))
fired    1_4_2 r7  1/(sqrt(x^2+1)*sqrt(a*(x^2+1)-b*x^2))
fired    9_3 r44  1/((x^2+1)*sqrt(a-(b*x^2)/(x^2+1)))
fired    4_7_5 r58  1/sqrt(a-b*%mr_isin(%i*f*x+%i*e)^2)
fired    4_1_0_1 r1  1/sqrt(b*sinh(f*x+e)^2+a)
RUBI-CPU 4.045624 
ANSWER -((%i*sqrt(a)*elliptic_f(%i*atanh((sqrt(a-b)*tanh(f*x+e))/sqrt(a)),b/(b-a)))/(sqrt(a-b)*f*sqrt(-(((b-a)*tanh(f*x+e)^2+a)/(tanh(f*x+e)^2-1)))*sqrt(-((a*tanh(f*x+e)^2-a)/((b-a)*tanh(f*x+e)^2+a))))) 

# entry 6.1 Hyperbolic sine/6.1.7 hyper^m (a+b sinh^n)^p.mac e379  integrand 1/sqrt(a+b*sinh(e+f*x)^2)
# core /home/serge/src/mr-attr/test/mr_rules.core  cap 60  hit_cap False  cpu [3.343843]
fired    9_3 r67  1/(sqrt(1-x^2)*sqrt(a-b*x^2))
fired    4_1_7 r17  1/sqrt(a-b*%mr_isin(%i*f*x+%i*e)^2)
fired    4_1_0_1 r1  1/sqrt(b*sinh(f*x+e)^2+a)
RUBI-CPU 3.266087 
ANSWER -((%i*sqrt(cos(%i*f*x+%i*e)^2)*'unintegrable[1/(sqrt(sinh(f*x+e)^2+1)*sqrt(b*sinh(f*x+e)^2+a)),%i*sinh(f*x+e)])/(f*cos(%i*f*x+%i*e))) 

# entry 6.1 Hyperbolic sine/6.1.7 hyper^m (a+b sinh^n)^p.mac e380  integrand sech(e+f*x)^2/sqrt(a+b*sinh(e+f*x)^2)
# core /home/serge/src/mr-attr-base/test/mr_rules.core  cap 60  hit_cap False  cpu [4.562627]
fired    1_1_2_3 r41  1/(sqrt(x^2+1)*sqrt((a-b)*x^2+a))
fired    1_1_2_3 r34  sqrt(x^2+1)/((a-b)*x^2+a)^(3/2)
fired    1_1_2_4 r54  x^2/(sqrt(x^2+1)*sqrt((a-b)*x^2+a))
fired    1_1_2_3 r45  sqrt(x^2+1)/sqrt((a-b)*x^2+a)
fired    9_1 r6  sqrt(x^2+1)/sqrt(-(b*x^2)+a*x^2+a)
fired    1_4_2 r7  sqrt(x^2+1)/sqrt(a*(x^2+1)-b*x^2)
fired    9_3 r44  1/sqrt(a-(b*x^2)/(x^2+1))
fired    4_7_5 r58  1/(%mr_icos(%i*f*x+%i*e)^2*sqrt(a-b*%mr_isin(%i*f*x+%i*e)^2))
fired    4_1_0_1 r1  sech(f*x+e)^2/sqrt(b*sinh(f*x+e)^2+a)
RUBI-CPU 4.508658 
ANSWER (%i*(sqrt(a)*sqrt(a-b)*elliptic_f(%i*atanh((sqrt(a-b)*tanh(f*x+e))/sqrt(a)),b/(b-a))-sqrt(a)*sqrt(a-b)*elliptic_e(%i*atanh((sqrt(a-b)*tanh(f*x+e))/sqrt(a)),b/(b-a))+(%i*a-%i*b)*tanh(f*x+e)*sqrt(-((a*tanh(f*x+e)^2-a)/((b-a)*tanh(f*x+e)^2+a)))))/((b-a)*f*sqrt(-(((b-a)*tanh(f*x+e)^2+a)/(tanh(f*x+e)^2-1)))*sqrt(-((a*tanh(f*x+e)^2-a)/((b-a)*tanh(f*x+e)^2+a)))) 

# entry 6.1 Hyperbolic sine/6.1.7 hyper^m (a+b sinh^n)^p.mac e380  integrand sech(e+f*x)^2/sqrt(a+b*sinh(e+f*x)^2)
# core /home/serge/src/mr-attr/test/mr_rules.core  cap 60  hit_cap False  cpu [9.007336]
fired    9_3 r67  sqrt(1-x^2)/sqrt(a-b*x^2)
fired    9_1 r12  (b*sqrt(1-x^2))/sqrt(a-b*x^2)
fired    1_1_2_3 r2  (b*(x^2-1))/(sqrt(1-x^2)*sqrt(a-b*x^2))
fired    1_1_2_3 r37  1/((1-x^2)^(3/2)*sqrt(a-b*x^2))
fired    4_1_7 r24  1/(%mr_icos(%i*f*x+%i*e)^2*sqrt(a-b*%mr_isin(%i*f*x+%i*e)^2))
fired    4_1_0_1 r1  sech(f*x+e)^2/sqrt(b*sinh(f*x+e)^2+a)
RUBI-CPU 8.935549 
ANSWER (%i*sqrt(cos(%i*f*x+%i*e)^2)*(%i*sinh(f*x+e)*sqrt(b*sinh(f*x+e)^2+a)-b*sqrt(sinh(f*x+e)^2+1)*'unintegrable[sqrt(sinh(f*x+e)^2+1)/sqrt(b*sinh(f*x+e)^2+a),%i*sinh(f*x+e)]))/(f*(b*sqrt(sinh(f*x+e)^2+1)-a*sqrt(sinh(f*x+e)^2+1))*cos(%i*f*x+%i*e)) 

# entry 6.1 Hyperbolic sine/6.1.7 hyper^m (a+b sinh^n)^p.mac e381  integrand sech(e+f*x)^4/sqrt(a+b*sinh(e+f*x)^2)
# core /home/serge/src/mr-attr-base/test/mr_rules.core  cap 60  hit_cap False  cpu [14.233683]
fired    1_1_2_3 r41  1/(sqrt(x^2+1)*sqrt((a-b)*x^2+a))
fired    1_1_2_3 r34  sqrt(x^2+1)/((a-b)*x^2+a)^(3/2)
fired    1_1_2_4 r54  x^2/(sqrt(x^2+1)*sqrt((a-b)*x^2+a))
fired    1_1_2_5 r11  ((2*a-4*b)*x^2-3*b+2*a)/(sqrt(x^2+1)*sqrt((a-b)*x^2+a))
fired    9_1 r6  ((2*a-4*b)*x^2-3*b+2*a)/(sqrt(x^2+1)*sqrt(-(b*x^2)+a*x^2+a))
fired    9_1 r6  (-(4*b*x^2)+2*a*x^2-3*b+2*a)/(sqrt(x^2+1)*sqrt(-(b*x^2)+a*x^2+a))
fired    1_4_2 r9  (a*(2*x^2+2)+b*(-(4*x^2)-3))/(sqrt(x^2+1)*sqrt((a-b)*x^2+a))
fired    1_1_2_3 r39  (x^2+1)^(3/2)/sqrt((a-b)*x^2+a)
fired    9_1 r6  (x^2+1)^(3/2)/sqrt(-(b*x^2)+a*x^2+a)
fired    1_4_2 r7  (x^2+1)^(3/2)/sqrt(a*(x^2+1)-b*x^2)
fired    9_3 r44  (x^2+1)/sqrt(a-(b*x^2)/(x^2+1))
fired    4_7_5 r58  1/(%mr_icos(%i*f*x+%i*e)^4*sqrt(a-b*%mr_isin(%i*f*x+%i*e)^2))
fired    4_1_0_1 r1  sech(f*x+e)^4/sqrt(b*sinh(f*x+e)^2+a)
RUBI-CPU 14.175507999999999 
ANSWER (%i*((3*sqrt(a)*sqrt(a-b)*b-2*a^(3/2)*sqrt(a-b))*elliptic_f(%i*atanh((sqrt(a-b)*tanh(f*x+e))/sqrt(a)),b/(b-a))+(2*a^(3/2)*sqrt(a-b)-4*sqrt(a)*sqrt(a-b)*b)*elliptic_e(%i*atanh((sqrt(a-b)*tanh(f*x+e))/sqrt(a)),b/(b-a))+((%i*b^2-2*%i*a*b+%i*a^2)*tanh(f*x+e)^3+(-(4*%i*b^2)+7*%i*a*b-3*%i*a^2)*tanh(f*x+e))*sqrt(-((a*tanh(f*x+e)^2-a)/((b-a)*tanh(f*x+e)^2+a)))))/((3*b^2-6*a*b+3*a^2)*f*sqrt(-(((b-a)*tanh(f*x+e)^2+a)/(tanh(f*x+e)^2-1)))*sqrt(-((a*tanh(f*x+e)^2-a)/((b-a)*tanh(f*x+e)^2+a)))) 

# entry 6.1 Hyperbolic sine/6.1.7 hyper^m (a+b sinh^n)^p.mac e381  integrand sech(e+f*x)^4/sqrt(a+b*sinh(e+f*x)^2)
# core /home/serge/src/mr-attr/test/mr_rules.core  cap 60  hit_cap False  cpu [18.582543]
fired    9_3 r67  sqrt(a-b*x^2)/sqrt(1-x^2)
fired    9_3 r67  1/(sqrt(1-x^2)*sqrt(a-b*x^2))
fired    1_1_2_5 r4  ((2*a*b-4*b^2)*x^2+3*b^2-a*b)/(sqrt(1-x^2)*sqrt(a-b*x^2))
fired    9_1 r6  (-(4*b^2*x^2)+2*a*b*x^2+3*b^2-a*b)/(sqrt(1-x^2)*sqrt(a-b*x^2))
fired    1_4_2 r9  (a*b*(2*x^2-1)+b^2*(3-4*x^2))/(sqrt(1-x^2)*sqrt(a-b*x^2))
fired    1_1_2_5 r7  (-(b*x^2)-3*b+2*a)/((1-x^2)^(3/2)*sqrt(a-b*x^2))
fired    1_4_2 r9  (b*(-x^2-3)+2*a)/((1-x^2)^(3/2)*sqrt(a-b*x^2))
fired    1_1_2_3 r37  1/((1-x^2)^(5/2)*sqrt(a-b*x^2))
fired    4_1_7 r24  1/(%mr_icos(%i*f*x+%i*e)^4*sqrt(a-b*%mr_isin(%i*f*x+%i*e)^2))
fired    4_1_0_1 r1  sech(f*x+e)^4/sqrt(b*sinh(f*x+e)^2+a)
RUBI-CPU 18.509659 
ANSWER -((%i*sqrt(cos(%i*f*x+%i*e)^2)*(sinh(f*x+e)^2*(b*(8*'unintegrable[sqrt(b*sinh(f*x+e)^2+a)/sqrt(sinh(f*x+e)^2+1),%i*sinh(f*x+e)]-10*a*'unintegrable[1/(sqrt(sinh(f*x+e)^2+1)*sqrt(b*sinh(f*x+e)^2+a)),%i*sinh(f*x+e)])-4*a*'unintegrable[sqrt(b*sinh(f*x+e)^2+a)/sqrt(sinh(f*x+e)^2+1),%i*sinh(f*x+e)]+6*b^2*'unintegrable[1/(sqrt(sinh(f*x+e)^2+1)*sqrt(b*sinh(f*x+e)^2+a)),%i*sinh(f*x+e)]+4*a^2*'unintegrable[1/(sqrt(sinh(f*x+e)^2+1)*sqrt(b*sinh(f*x+e)^2+a)),%i*sinh(f*x+e)])+sinh(f*x+e)^4*(b*(4*'unintegrable[sqrt(b*sinh(f*x+e)^2+a)/sqrt(sinh(f*x+e)^2+1),%i*sinh(f*x+e)]-5*a*'unintegrable[1/(sqrt(sinh...

# entry 6.1 Hyperbolic sine/6.1.7 hyper^m (a+b sinh^n)^p.mac e387  integrand cosh(e+f*x)^4/(a+b*sinh(e+f*x)^2)^(3/2)
# core /home/serge/src/mr-attr-base/test/mr_rules.core  cap 60  hit_cap False  cpu [13.224158]
fired    1_1_2_3 r41  1/(sqrt(x^2+1)*sqrt((a-b)*x^2+a))
fired    1_1_2_3 r34  sqrt(x^2+1)/((a-b)*x^2+a)^(3/2)
fired    1_1_2_5 r5  ((b-a)*x^2-b+a)/(sqrt(x^2+1)*((a-b)*x^2+a)^(3/2))
fired    9_1 r6  ((b-a)*x^2-b+a)/(sqrt(x^2+1)*(-(b*x^2)+a*x^2+a)^(3/2))
fired    9_1 r6  (b*x^2-a*x^2-b+a)/(sqrt(x^2+1)*(-(b*x^2)+a*x^2+a)^(3/2))
fired    1_4_2 r9  (b*(x^2-1)+a*(1-x^2))/(sqrt(x^2+1)*((a-b)*x^2+a)^(3/2))
fired    1_1_2_3 r37  1/((x^2+1)^(3/2)*((a-b)*x^2+a)^(3/2))
fired    9_1 r6  1/((x^2+1)^(3/2)*(-(b*x^2)+a*x^2+a)^(3/2))
fired    1_4_2 r7  1/((x^2+1)^(3/2)*(a*(x^2+1)-b*x^2)^(3/2))
fired    9_3 r44  1/((x^2+1)^3*(a-(b*x^2)/(x^2+1))^(3/2))
fired    4_7_5 r58  %mr_icos(%i*f*x+%i*e)^4/(a-b*%mr_isin(%i*f*x+%i*e)^2)^(3/2)
fired    4_1_0_1 r1  cosh(f*x+e)^4/(b*sinh(f*x+e)^2+a)^(3/2)
RUBI-CPU 13.169284000000001 
ANSWER (%i*((2*a^(3/2)*sqrt(a-b)*tanh(f*x+e)^2-2*a^(3/2)*sqrt(a-b))*elliptic_f(%i*atanh((sqrt(a-b)*tanh(f*x+e))/sqrt(a)),b/(b-a))+((sqrt(a)*sqrt(a-b)*b-2*a^(3/2)*sqrt(a-b))*tanh(f*x+e)^2-sqrt(a)*sqrt(a-b)*b+2*a^(3/2)*sqrt(a-b))*elliptic_e(%i*atanh((sqrt(a-b)*tanh(f*x+e))/sqrt(a)),b/(b-a))+%i*a*b*tanh(f*x+e)*sqrt(-((a*tanh(f*x+e)^2-a)/((b-a)*tanh(f*x+e)^2+a)))))/(f*sqrt(-(((b-a)*tanh(f*x+e)^2+a)/(tanh(f*x+e)^2-1)))*(a*b^2*tanh(f*x+e)^2-a*b^2)*sqrt(-((a*tanh(f*x+e)^2-a)/((b-a)*tanh(f*x+e)^2+a)))) 

# entry 6.1 Hyperbolic sine/6.1.7 hyper^m (a+b sinh^n)^p.mac e387  integrand cosh(e+f*x)^4/(a+b*sinh(e+f*x)^2)^(3/2)
# core /home/serge/src/mr-attr/test/mr_rules.core  cap 60  hit_cap False  cpu [15.946855]
fired    9_3 r67  sqrt(a-b*x^2)/sqrt(1-x^2)
fired    9_3 r67  1/(sqrt(1-x^2)*sqrt(a-b*x^2))
fired    1_1_2_5 r4  ((2*a-b)*x^2-a)/(sqrt(1-x^2)*sqrt(a-b*x^2))
fired    9_1 r6  (-(b*x^2)+2*a*x^2-a)/(sqrt(1-x^2)*sqrt(a-b*x^2))
fired    1_4_2 r9  (a*(2*x^2-1)-b*x^2)/(sqrt(1-x^2)*sqrt(a-b*x^2))
fired    1_1_2_3 r36  (1-x^2)^(3/2)/(a-b*x^2)^(3/2)
fired    4_1_7 r24  %mr_icos(%i*f*x+%i*e)^4/(a-b*%mr_isin(%i*f*x+%i*e)^2)^(3/2)
fired    4_1_0_1 r1  cosh(f*x+e)^4/(b*sinh(f*x+e)^2+a)^(3/2)
RUBI-CPU 15.879434999999999 
ANSWER -((%i*sqrt(cos(%i*f*x+%i*e)^2)*(sinh(f*x+e)^2*(b*(2*a*'unintegrable[sqrt(b*sinh(f*x+e)^2+a)/sqrt(sinh(f*x+e)^2+1),%i*sinh(f*x+e)]-2*a^2*'unintegrable[1/(sqrt(sinh(f*x+e)^2+1)*sqrt(b*sinh(f*x+e)^2+a)),%i*sinh(f*x+e)])+b^2*(2*a*'unintegrable[1/(sqrt(sinh(f*x+e)^2+1)*sqrt(b*sinh(f*x+e)^2+a)),%i*sinh(f*x+e)]-'unintegrable[sqrt(b*sinh(f*x+e)^2+a)/sqrt(sinh(f*x+e)^2+1),%i*sinh(f*x+e)]))+b*(2*a^2*'unintegrable[1/(sqrt(sinh(f*x+e)^2+1)*sqrt(b*sinh(f*x+e)^2+a)),%i*sinh(f*x+e)]-a*'unintegrable[sqrt(b*sinh(f*x+e)^2+a)/sqrt(sinh(f*x+e)^2+1),%i*sinh(f*x+e)])+2*a^2*'unintegrable[sqrt(b*sinh(f*x+e)^2+...

# entry 6.1 Hyperbolic sine/6.1.7 hyper^m (a+b sinh^n)^p.mac e388  integrand cosh(e+f*x)^2/(a+b*sinh(e+f*x)^2)^(3/2)
# core /home/serge/src/mr-attr-base/test/mr_rules.core  cap 60  hit_cap False  cpu [7.00752]
fired    1_1_2_3 r41  1/(sqrt(x^2+1)*sqrt((a-b)*x^2+a))
fired    1_1_2_3 r34  sqrt(x^2+1)/((a-b)*x^2+a)^(3/2)
fired    1_1_2_4 r54  x^2/(sqrt(x^2+1)*sqrt((a-b)*x^2+a))
fired    1_1_2_3 r45  sqrt((a-b)*x^2+a)/sqrt(x^2+1)
fired    1_4_1 r18  (a*(x^2+1)-b*x^2)/(sqrt(x^2+1)*sqrt((a-b)*x^2+a))
fired    1_1_2_3 r37  1/(sqrt(x^2+1)*((a-b)*x^2+a)^(3/2))
fired    9_1 r6  1/(sqrt(x^2+1)*(-(b*x^2)+a*x^2+a)^(3/2))
fired    1_4_2 r7  1/(sqrt(x^2+1)*(a*(x^2+1)-b*x^2)^(3/2))
fired    9_3 r44  1/((x^2+1)^2*(a-(b*x^2)/(x^2+1))^(3/2))
fired    4_7_5 r58  %mr_icos(%i*f*x+%i*e)^2/(a-b*%mr_isin(%i*f*x+%i*e)^2)^(3/2)
fired    4_1_0_1 r1  cosh(f*x+e)^2/(b*sinh(f*x+e)^2+a)^(3/2)
RUBI-CPU 6.927047 
ANSWER (%i*(a*sqrt(a-b)*elliptic_f(%i*atanh((sqrt(a-b)*tanh(f*x+e))/sqrt(a)),b/(b-a))+(sqrt(a-b)*b-a*sqrt(a-b))*elliptic_e(%i*atanh((sqrt(a-b)*tanh(f*x+e))/sqrt(a)),b/(b-a))))/((sqrt(a)*b^2-a^(3/2)*b)*f*sqrt(-(((b-a)*tanh(f*x+e)^2+a)/(tanh(f*x+e)^2-1)))*sqrt(-((a*tanh(f*x+e)^2-a)/((b-a)*tanh(f*x+e)^2+a)))) 

# entry 6.1 Hyperbolic sine/6.1.7 hyper^m (a+b sinh^n)^p.mac e388  integrand cosh(e+f*x)^2/(a+b*sinh(e+f*x)^2)^(3/2)
# core /home/serge/src/mr-attr/test/mr_rules.core  cap 60  hit_cap False  cpu [19.544791]
fired    9_3 r67  sqrt(1-x^2)/sqrt(a-b*x^2)
fired    9_3 r67  1/(sqrt(1-x^2)*sqrt(a-b*x^2))
fired    1_1_2_4 r55  x^2/(sqrt(1-x^2)*sqrt(a-b*x^2))
fired    9_1 r10  -(x^2/(sqrt(1-x^2)*sqrt(a-b*x^2)))
fired    1_1_2_3 r35  sqrt(1-x^2)/(a-b*x^2)^(3/2)
fired    4_1_7 r24  %mr_icos(%i*f*x+%i*e)^2/(a-b*%mr_isin(%i*f*x+%i*e)^2)^(3/2)
fired    4_1_0_1 r1  cosh(f*x+e)^2/(b*sinh(f*x+e)^2+a)^(3/2)
RUBI-CPU 19.431220999999997 
ANSWER -((%i*sqrt(cos(%i*f*x+%i*e)^2)*(sqrt(b*sinh(f*x+e)^2+a)*('unintegrable[1/(sqrt(sinh(f*x+e)^2+1)*sqrt(b*sinh(f*x+e)^2+a)),%i*sinh(f*x+e)]-'unintegrable[sqrt(sinh(f*x+e)^2+1)/sqrt(b*sinh(f*x+e)^2+a),%i*sinh(f*x+e)])+%i*sinh(f*x+e)*sqrt(sinh(f*x+e)^2+1)))/(a*f*sqrt(b*sinh(f*x+e)^2+a)*cos(%i*f*x+%i*e))) 

# entry 6.1 Hyperbolic sine/6.1.7 hyper^m (a+b sinh^n)^p.mac e389  integrand 1/(a+b*sinh(e+f*x)^2)^(3/2)
# core /home/serge/src/mr-attr-base/test/mr_rules.core  cap 60  hit_cap False  cpu [4.246293]
fired    1_1_2_3 r34  sqrt(x^2+1)/((a-b)*x^2+a)^(3/2)
fired    9_1 r6  sqrt(x^2+1)/(-(b*x^2)+a*x^2+a)^(3/2)
fired    1_4_2 r7  sqrt(x^2+1)/(a*(x^2+1)-b*x^2)^(3/2)
fired    9_3 r44  1/((x^2+1)*(a-(b*x^2)/(x^2+1))^(3/2))
fired    4_7_5 r58  1/(a-b*%mr_isin(%i*f*x+%i*e)^2)^(3/2)
fired    4_1_0_1 r1  1/(b*sinh(f*x+e)^2+a)^(3/2)
RUBI-CPU 4.14632 
ANSWER -((%i*elliptic_e(%i*atanh((sqrt(a-b)*tanh(f*x+e))/sqrt(a)),b/(b-a)))/(sqrt(a)*sqrt(a-b)*f*sqrt(-(((b-a)*tanh(f*x+e)^2+a)/(tanh(f*x+e)^2-1)))*sqrt(-((a*tanh(f*x+e)^2-a)/((b-a)*tanh(f*x+e)^2+a))))) 

# entry 6.1 Hyperbolic sine/6.1.7 hyper^m (a+b sinh^n)^p.mac e389  integrand 1/(a+b*sinh(e+f*x)^2)^(3/2)
# core /home/serge/src/mr-attr/test/mr_rules.core  cap 60  hit_cap False  cpu [5.47405]
fired    9_3 r67  sqrt(a-b*x^2)/sqrt(1-x^2)
fired    4_1_7 r17  sqrt(a-b*%mr_isin(%i*f*x+%i*e)^2)
fired    1_4_1 r10  (b*%mr_isin(%i*f*x+%i*e)^2-a)/sqrt(a-b*%mr_isin(%i*f*x+%i*e)^2)
fired    4_1_0_1 r1  (-(b*sinh(f*x+e)^2)-a)/sqrt(a-b*sin(%i*f*x+%i*e)^2)
fired    4_1_7 r16  1/(a-b*%mr_isin(%i*f*x+%i*e)^2)^(3/2)
fired    4_1_0_1 r1  1/(b*sinh(f*x+e)^2+a)^(3/2)
RUBI-CPU 5.355335999999999 
ANSWER (%i*b*cos(%i*f*x+%i*e)*sin(%i*f*x+%i*e))/(a*(a-b)*f*sqrt(a-b*sin(%i*f*x+%i*e)^2))-(%i*sqrt(cos(%i*f*x+%i*e)^2)*'unintegrable[sqrt(b*sinh(f*x+e)^2+a)/sqrt(sinh(f*x+e)^2+1),%i*sinh(f*x+e)])/(a*(a-b)*f*cos(%i*f*x+%i*e)) 

# entry 6.1 Hyperbolic sine/6.1.7 hyper^m (a+b sinh^n)^p.mac e390  integrand sech(e+f*x)^2/(a+b*sinh(e+f*x)^2)^(3/2)
# core /home/serge/src/mr-attr-base/test/mr_rules.core  cap 60  hit_cap False  cpu [14.456064]
fired    1_1_2_3 r41  1/(sqrt(x^2+1)*sqrt((a-b)*x^2+a))
fired    1_1_2_3 r34  sqrt(x^2+1)/((a-b)*x^2+a)^(3/2)
fired    1_1_2_4 r54  x^2/(sqrt(x^2+1)*sqrt((a-b)*x^2+a))
fired    1_1_2_5 r11  ((b+a)*x^2+a)/(sqrt(x^2+1)*sqrt((a-b)*x^2+a))
fired    9_1 r6  ((b+a)*x^2+a)/(sqrt(x^2+1)*sqrt(-(b*x^2)+a*x^2+a))
fired    9_1 r6  (b*x^2+a*x^2+a)/(sqrt(x^2+1)*sqrt(-(b*x^2)+a*x^2+a))
fired    1_4_2 r9  (a*(x^2+1)+b*x^2)/(sqrt(x^2+1)*sqrt((a-b)*x^2+a))
fired    1_1_2_3 r36  (x^2+1)^(3/2)/((a-b)*x^2+a)^(3/2)
fired    9_1 r6  (x^2+1)^(3/2)/(-(b*x^2)+a*x^2+a)^(3/2)
fired    1_4_2 r7  (x^2+1)^(3/2)/(a*(x^2+1)-b*x^2)^(3/2)
fired    9_3 r44  1/(a-(b*x^2)/(x^2+1))^(3/2)
fired    4_7_5 r58  1/(%mr_icos(%i*f*x+%i*e)^2*(a-b*%mr_isin(%i*f*x+%i*e)^2)^(3/2))
fired    4_1_0_1 r1  sech(f*x+e)^2/(b*sinh(f*x+e)^2+a)^(3/2)
RUBI-CPU 14.375218 
ANSWER -((%i*(a^(3/2)*sqrt(a-b)*elliptic_f(%i*atanh((sqrt(a-b)*tanh(f*x+e))/sqrt(a)),b/(b-a))+(-(sqrt(a)*sqrt(a-b)*b)-a^(3/2)*sqrt(a-b))*elliptic_e(%i*atanh((sqrt(a-b)*tanh(f*x+e))/sqrt(a)),b/(b-a))+(%i*a^2-%i*a*b)*tanh(f*x+e)*sqrt(-((a*tanh(f*x+e)^2-a)/((b-a)*tanh(f*x+e)^2+a)))))/((a*b^2-2*a^2*b+a^3)*f*sqrt(-(((b-a)*tanh(f*x+e)^2+a)/(tanh(f*x+e)^2-1)))*sqrt(-((a*tanh(f*x+e)^2-a)/((b-a)*tanh(f*x+e)^2+a))))) 

# entry 6.1 Hyperbolic sine/6.1.7 hyper^m (a+b sinh^n)^p.mac e390  integrand sech(e+f*x)^2/(a+b*sinh(e+f*x)^2)^(3/2)
# core /home/serge/src/mr-attr/test/mr_rules.core  cap 60  hit_cap False  cpu [23.979569]
fired    9_3 r67  sqrt(a-b*x^2)/sqrt(1-x^2)
fired    9_3 r67  1/(sqrt(1-x^2)*sqrt(a-b*x^2))
fired    1_1_2_5 r4  (2*a-(b+a)*x^2)/(sqrt(1-x^2)*sqrt(a-b*x^2))
fired    9_1 r6  (-(b*x^2)-a*x^2+2*a)/(sqrt(1-x^2)*sqrt(a-b*x^2))
fired    1_4_2 r9  (a*(2-x^2)-b*x^2)/(sqrt(1-x^2)*sqrt(a-b*x^2))
fired    1_1_2_5 r7  (-x^2-1)/(sqrt(1-x^2)*(a-b*x^2)^(3/2))
fired    9_1 r12  (b*(-x^2-1))/(sqrt(1-x^2)*(a-b*x^2)^(3/2))
fired    1_1_2_3 r37  1/((1-x^2)^(3/2)*(a-b*x^2)^(3/2))
fired    4_1_7 r24  1/(%mr_icos(%i*f*x+%i*e)^2*(a-b*%mr_isin(%i*f*x+%i*e)^2)^(3/2))
fired    4_1_0_1 r1  sech(f*x+e)^2/(b*sinh(f*x+e)^2+a)^(3/2)
RUBI-CPU 23.858775 
ANSWER (%i*sqrt(cos(%i*f*x+%i*e)^2)*(sinh(f*x+e)^4*(b*(a*'unintegrable[sqrt(b*sinh(f*x+e)^2+a)/sqrt(sinh(f*x+e)^2+1),%i*sinh(f*x+e)]-a^2*'unintegrable[1/(sqrt(sinh(f*x+e)^2+1)*sqrt(b*sinh(f*x+e)^2+a)),%i*sinh(f*x+e)])+b^2*('unintegrable[sqrt(b*sinh(f*x+e)^2+a)/sqrt(sinh(f*x+e)^2+1),%i*sinh(f*x+e)]+a*'unintegrable[1/(sqrt(sinh(f*x+e)^2+1)*sqrt(b*sinh(f*x+e)^2+a)),%i*sinh(f*x+e)]))+sinh(f*x+e)^2*(b^2*('unintegrable[sqrt(b*sinh(f*x+e)^2+a)/sqrt(sinh(f*x+e)^2+1),%i*sinh(f*x+e)]+a*'unintegrable[1/(sqrt(sinh(f*x+e)^2+1)*sqrt(b*sinh(f*x+e)^2+a)),%i*sinh(f*x+e)])+2*a*b*'unintegrable[sqrt(b*sinh(f*x+e)...

# entry 6.1 Hyperbolic sine/6.1.7 hyper^m (a+b sinh^n)^p.mac e396  integrand cosh(e+f*x)^4/(a+b*sinh(e+f*x)^2)^(5/2)
# core /home/serge/src/mr-attr-base/test/mr_rules.core  cap 60  hit_cap False  cpu [14.159989]
fired    1_1_2_3 r41  1/(sqrt(x^2+1)*sqrt((a-b)*x^2+a))
fired    1_1_2_3 r34  sqrt(x^2+1)/((a-b)*x^2+a)^(3/2)
fired    1_1_2_5 r5  ((b-a)*x^2+2*b+a)/(sqrt(x^2+1)*((a-b)*x^2+a)^(3/2))
fired    9_1 r6  ((b-a)*x^2+2*b+a)/(sqrt(x^2+1)*(-(b*x^2)+a*x^2+a)^(3/2))
fired    9_1 r6  (b*x^2-a*x^2+2*b+a)/(sqrt(x^2+1)*(-(b*x^2)+a*x^2+a)^(3/2))
fired    1_4_2 r9  (b*(x^2+2)+a*(1-x^2))/(sqrt(x^2+1)*((a-b)*x^2+a)^(3/2))
fired    1_1_2_3 r37  1/(sqrt(x^2+1)*((a-b)*x^2+a)^(5/2))
fired    9_1 r6  1/(sqrt(x^2+1)*(-(b*x^2)+a*x^2+a)^(5/2))
fired    1_4_2 r7  1/(sqrt(x^2+1)*(a*(x^2+1)-b*x^2)^(5/2))
fired    9_3 r44  1/((x^2+1)^3*(a-(b*x^2)/(x^2+1))^(5/2))
fired    4_7_5 r58  %mr_icos(%i*f*x+%i*e)^4/(a-b*%mr_isin(%i*f*x+%i*e)^2)^(5/2)
fired    4_1_0_1 r1  cosh(f*x+e)^4/(b*sinh(f*x+e)^2+a)^(5/2)
RUBI-CPU 14.081142 
ANSWER (%i*(((a*sqrt(a-b)*b^2+a^2*sqrt(a-b)*b-2*a^3*sqrt(a-b))*tanh(f*x+e)^2+a^2*sqrt(a-b)*b+2*a^3*sqrt(a-b))*elliptic_f(%i*atanh((sqrt(a-b)*tanh(f*x+e))/sqrt(a)),b/(b-a))+((2*sqrt(a-b)*b^3-2*a*sqrt(a-b)*b^2-2*a^2*sqrt(a-b)*b+2*a^3*sqrt(a-b))*tanh(f*x+e)^2+2*a*sqrt(a-b)*b^2-2*a^3*sqrt(a-b))*elliptic_e(%i*atanh((sqrt(a-b)*tanh(f*x+e))/sqrt(a)),b/(b-a))+(-(%i*sqrt(a)*b^3)+2*%i*a^(3/2)*b^2-%i*a^(5/2)*b)*tanh(f*x+e)*sqrt(-((a*tanh(f*x+e)^2-a)/((b-a)*tanh(f*x+e)^2+a)))))/(f*sqrt(-(((b-a)*tanh(f*x+e)^2+a)/(tanh(f*x+e)^2-1)))*((3*a^(3/2)*b^4-6*a^(5/2)*b^3+3*a^(7/2)*b^2)*tanh(f*x+e)^2+3*a^(5/2)*b^3-3*...

# entry 6.1 Hyperbolic sine/6.1.7 hyper^m (a+b sinh^n)^p.mac e396  integrand cosh(e+f*x)^4/(a+b*sinh(e+f*x)^2)^(5/2)
# core /home/serge/src/mr-attr/test/mr_rules.core  cap 60  hit_cap False  cpu [23.615926]
fired    9_3 r67  sqrt(a-b*x^2)/sqrt(1-x^2)
fired    9_3 r67  1/(sqrt(1-x^2)*sqrt(a-b*x^2))
fired    1_1_2_5 r4  ((2*a^2-2*b^2)*x^2+a*b-a^2)/(sqrt(1-x^2)*sqrt(a-b*x^2))
fired    9_1 r6  (-(2*b^2*x^2)+2*a^2*x^2+a*b-a^2)/(sqrt(1-x^2)*sqrt(a-b*x^2))
fired    1_4_2 r9  (a^2*(2*x^2-1)-2*b^2*x^2+a*b)/(sqrt(1-x^2)*sqrt(a-b*x^2))
fired    1_1_2_5 r7  ((b+2*a)*x^2-2*b-a)/(sqrt(1-x^2)*(a-b*x^2)^(3/2))
fired    9_1 r6  (b*x^2+2*a*x^2-2*b-a)/(sqrt(1-x^2)*(a-b*x^2)^(3/2))
fired    1_4_2 r9  (a*(2*x^2-1)+b*(x^2-2))/(sqrt(1-x^2)*(a-b*x^2)^(3/2))
fired    1_1_2_3 r36  (1-x^2)^(3/2)/(a-b*x^2)^(5/2)
fired    4_1_7 r24  %mr_icos(%i*f*x+%i*e)^4/(a-b*%mr_isin(%i*f*x+%i*e)^2)^(5/2)
fired    4_1_0_1 r1  cosh(f*x+e)^4/(b*sinh(f*x+e)^2+a)^(5/2)
RUBI-CPU 23.545935 
ANSWER -((%i*sqrt(cos(%i*f*x+%i*e)^2)*(sinh(f*x+e)^2*(b*(4*a^3*'unintegrable[1/(sqrt(sinh(f*x+e)^2+1)*sqrt(b*sinh(f*x+e)^2+a)),%i*sinh(f*x+e)]-4*a^2*'unintegrable[sqrt(b*sinh(f*x+e)^2+a)/sqrt(sinh(f*x+e)^2+1),%i*sinh(f*x+e)])+b^2*(2*a^2*'unintegrable[1/(sqrt(sinh(f*x+e)^2+1)*sqrt(b*sinh(f*x+e)^2+a)),%i*sinh(f*x+e)]-4*a*'unintegrable[sqrt(b*sinh(f*x+e)^2+a)/sqrt(sinh(f*x+e)^2+1),%i*sinh(f*x+e)]))+sinh(f*x+e)^4*(b^2*(2*a^2*'unintegrable[1/(sqrt(sinh(f*x+e)^2+1)*sqrt(b*sinh(f*x+e)^2+a)),%i*sinh(f*x+e)]-2*a*'unintegrable[sqrt(b*sinh(f*x+e)^2+a)/sqrt(sinh(f*x+e)^2+1),%i*sinh(f*x+e)])+b^3*(a*'uninte...

# entry 6.1 Hyperbolic sine/6.1.7 hyper^m (a+b sinh^n)^p.mac e397  integrand cosh(e+f*x)^2/(a+b*sinh(e+f*x)^2)^(5/2)
# core /home/serge/src/mr-attr-base/test/mr_rules.core  cap 60  hit_cap False  cpu [5.567508]
fired    1_1_2_3 r41  1/(sqrt(x^2+1)*sqrt((a-b)*x^2+a))
fired    1_1_2_3 r34  sqrt(x^2+1)/((a-b)*x^2+a)^(3/2)
fired    1_1_2_5 r5  (-x^2-2)/(sqrt(x^2+1)*((a-b)*x^2+a)^(3/2))
fired    1_1_2_3 r35  sqrt(x^2+1)/((a-b)*x^2+a)^(5/2)
fired    9_1 r6  sqrt(x^2+1)/(-(b*x^2)+a*x^2+a)^(5/2)
fired    1_4_2 r7  sqrt(x^2+1)/(a*(x^2+1)-b*x^2)^(5/2)
fired    9_3 r44  1/((x^2+1)^2*(a-(b*x^2)/(x^2+1))^(5/2))
fired    4_7_5 r58  %mr_icos(%i*f*x+%i*e)^2/(a-b*%mr_isin(%i*f*x+%i*e)^2)^(5/2)
fired    4_1_0_1 r1  cosh(f*x+e)^2/(b*sinh(f*x+e)^2+a)^(5/2)
RUBI-CPU 5.5074250000000005 
ANSWER (%i*(((a^(3/2)*sqrt(a-b)*b-a^(5/2)*sqrt(a-b))*tanh(f*x+e)^2+a^(5/2)*sqrt(a-b))*elliptic_f(%i*atanh((sqrt(a-b)*tanh(f*x+e))/sqrt(a)),b/(b-a))+((2*sqrt(a)*sqrt(a-b)*b^2-3*a^(3/2)*sqrt(a-b)*b+a^(5/2)*sqrt(a-b))*tanh(f*x+e)^2+2*a^(3/2)*sqrt(a-b)*b-a^(5/2)*sqrt(a-b))*elliptic_e(%i*atanh((sqrt(a-b)*tanh(f*x+e))/sqrt(a)),b/(b-a))+(%i*a^2*b-%i*a*b^2)*tanh(f*x+e)*sqrt(-((a*tanh(f*x+e)^2-a)/((b-a)*tanh(f*x+e)^2+a)))))/(f*sqrt(-(((b-a)*tanh(f*x+e)^2+a)/(tanh(f*x+e)^2-1)))*((3*a^2*b^3-6*a^3*b^2+3*a^4*b)*tanh(f*x+e)^2+3*a^3*b^2-3*a^4*b)*sqrt(-((a*tanh(f*x+e)^2-a)/((b-a)*tanh(f*x+e)^2+a)))) 

# entry 6.1 Hyperbolic sine/6.1.7 hyper^m (a+b sinh^n)^p.mac e397  integrand cosh(e+f*x)^2/(a+b*sinh(e+f*x)^2)^(5/2)
# core /home/serge/src/mr-attr/test/mr_rules.core  cap 60  hit_cap False  cpu [16.522167]
fired    9_3 r67  sqrt(a-b*x^2)/sqrt(1-x^2)
fired    9_3 r67  1/(sqrt(1-x^2)*sqrt(a-b*x^2))
fired    1_1_2_5 r4  ((a-2*b)*x^2+a)/(sqrt(1-x^2)*sqrt(a-b*x^2))
fired    9_1 r6  (-(2*b*x^2)+a*x^2+a)/(sqrt(1-x^2)*sqrt(a-b*x^2))
fired    1_4_2 r9  (a*(x^2+1)-2*b*x^2)/(sqrt(1-x^2)*sqrt(a-b*x^2))
fired    1_1_2_5 r7  (x^2-2)/(sqrt(1-x^2)*(a-b*x^2)^(3/2))
fired    1_1_2_3 r35  sqrt(1-x^2)/(a-b*x^2)^(5/2)
fired    4_1_7 r24  %mr_icos(%i*f*x+%i*e)^2/(a-b*%mr_isin(%i*f*x+%i*e)^2)^(5/2)
fired    4_1_0_1 r1  cosh(f*x+e)^2/(b*sinh(f*x+e)^2+a)^(5/2)
RUBI-CPU 16.445484 
ANSWER -((%i*sqrt(cos(%i*f*x+%i*e)^2)*(sinh(f*x+e)^2*(b*(2*a^2*'unintegrable[sqrt(b*sinh(f*x+e)^2+a)/sqrt(sinh(f*x+e)^2+1),%i*sinh(f*x+e)]-2*a^3*'unintegrable[1/(sqrt(sinh(f*x+e)^2+1)*sqrt(b*sinh(f*x+e)^2+a)),%i*sinh(f*x+e)])+b^2*(2*a^2*'unintegrable[1/(sqrt(sinh(f*x+e)^2+1)*sqrt(b*sinh(f*x+e)^2+a)),%i*sinh(f*x+e)]-4*a*'unintegrable[sqrt(b*sinh(f*x+e)^2+a)/sqrt(sinh(f*x+e)^2+1),%i*sinh(f*x+e)]))+sinh(f*x+e)^4*(b^2*(a*'unintegrable[sqrt(b*sinh(f*x+e)^2+a)/sqrt(sinh(f*x+e)^2+1),%i*sinh(f*x+e)]-a^2*'unintegrable[1/(sqrt(sinh(f*x+e)^2+1)*sqrt(b*sinh(f*x+e)^2+a)),%i*sinh(f*x+e)])+b^3*(a*'unintegrab...

# entry 6.1 Hyperbolic sine/6.1.7 hyper^m (a+b sinh^n)^p.mac e398  integrand 1/(a+b*sinh(e+f*x)^2)^(5/2)
# core /home/serge/src/mr-attr-base/test/mr_rules.core  cap 60  hit_cap False  cpu [12.466682]
fired    1_1_2_3 r41  1/(sqrt(x^2+1)*sqrt((a-b)*x^2+a))
fired    1_1_2_3 r34  sqrt(x^2+1)/((a-b)*x^2+a)^(3/2)
fired    1_1_2_5 r5  ((3*a-b)*x^2-2*b+3*a)/(sqrt(x^2+1)*((a-b)*x^2+a)^(3/2))
fired    9_1 r6  ((3*a-b)*x^2-2*b+3*a)/(sqrt(x^2+1)*(-(b*x^2)+a*x^2+a)^(3/2))
fired    9_1 r6  (-(b*x^2)+3*a*x^2-2*b+3*a)/(sqrt(x^2+1)*(-(b*x^2)+a*x^2+a)^(3/2))
fired    1_4_2 r9  (a*(3*x^2+3)+b*(-x^2-2))/(sqrt(x^2+1)*((a-b)*x^2+a)^(3/2))
fired    1_1_2_3 r36  (x^2+1)^(3/2)/((a-b)*x^2+a)^(5/2)
fired    9_1 r6  (x^2+1)^(3/2)/(-(b*x^2)+a*x^2+a)^(5/2)
fired    1_4_2 r7  (x^2+1)^(3/2)/(a*(x^2+1)-b*x^2)^(5/2)
fired    9_3 r44  1/((x^2+1)*(a-(b*x^2)/(x^2+1))^(5/2))
fired    4_7_5 r58  1/(a-b*%mr_isin(%i*f*x+%i*e)^2)^(5/2)
fired    4_1_0_1 r1  1/(b*sinh(f*x+e)^2+a)^(5/2)
RUBI-CPU 12.401893 
ANSWER (%i*(((a^(3/2)*sqrt(a-b)*b-a^(5/2)*sqrt(a-b))*tanh(f*x+e)^2+a^(5/2)*sqrt(a-b))*elliptic_f(%i*atanh((sqrt(a-b)*tanh(f*x+e))/sqrt(a)),b/(b-a))+((2*sqrt(a)*sqrt(a-b)*b^2-6*a^(3/2)*sqrt(a-b)*b+4*a^(5/2)*sqrt(a-b))*tanh(f*x+e)^2+2*a^(3/2)*sqrt(a-b)*b-4*a^(5/2)*sqrt(a-b))*elliptic_e(%i*atanh((sqrt(a-b)*tanh(f*x+e))/sqrt(a)),b/(b-a))+(%i*a^2*b-%i*a*b^2)*tanh(f*x+e)*sqrt(-((a*tanh(f*x+e)^2-a)/((b-a)*tanh(f*x+e)^2+a)))))/(f*sqrt(-(((b-a)*tanh(f*x+e)^2+a)/(tanh(f*x+e)^2-1)))*((3*a^2*b^3-9*a^3*b^2+9*a^4*b-3*a^5)*tanh(f*x+e)^2+3*a^3*b^2-6*a^4*b+3*a^5)*sqrt(-((a*tanh(f*x+e)^2-a)/((b-a)*tanh(f*x+e)^2...

# entry 6.1 Hyperbolic sine/6.1.7 hyper^m (a+b sinh^n)^p.mac e398  integrand 1/(a+b*sinh(e+f*x)^2)^(5/2)
# core /home/serge/src/mr-attr/test/mr_rules.core  cap 60  hit_cap False  cpu [13.099425]
fired    9_3 r67  sqrt(a-b*x^2)/sqrt(1-x^2)
fired    4_1_7 r17  sqrt(a-b*%mr_isin(%i*f*x+%i*e)^2)
fired    4_1_0_1 r1  sqrt(a-b*sin(%i*f*x+%i*e)^2)
fired    9_3 r67  1/(sqrt(1-x^2)*sqrt(a-b*x^2))
fired    4_1_7 r17  1/sqrt(a-b*%mr_isin(%i*f*x+%i*e)^2)
fired    4_1_0_1 r1  1/sqrt(a-b*sin(%i*f*x+%i*e)^2)
fired    4_1_7 r4  (-((2*b^2-4*a*b)*%mr_isin(%i*f*x+%i*e)^2)+a*b-3*a^2)/sqrt(a-b*%mr_isin(%i*f*x+%i*e)^2)
fired    4_1_0_1 r1  ((2*b^2-4*a*b)*sinh(f*x+e)^2+a*b-3*a^2)/sqrt(a-b*sin(%i*f*x+%i*e)^2)
fired    4_1_7 r5  (-(b*%mr_isin(%i*f*x+%i*e)^2)+2*b-3*a)/(a-b*%mr_isin(%i*f*x+%i*e)^2)^(3/2)
fired    4_1_0_1 r1  (b*sinh(f*x+e)^2+2*b-3*a)/(a-b*sin(%i*f*x+%i*e)^2)^(3/2)
fired    4_1_7 r16  1/(a-b*%mr_isin(%i*f*x+%i*e)^2)^(5/2)
fired    4_1_0_1 r1  1/(b*sinh(f*x+e)^2+a)^(5/2)
RUBI-CPU 13.014868 
ANSWER (%i*b*cos(%i*f*x+%i*e)*sin(%i*f*x+%i*e))/(3*a*(a-b)*f*(a-b*sin(%i*f*x+%i*e)^2)^(3/2))-(((%i*(4*a*b-2*b^2)*sqrt(cos(%i*f*x+%i*e)^2)*'unintegrable[sqrt(b*sinh(f*x+e)^2+a)/sqrt(sinh(f*x+e)^2+1),%i*sinh(f*x+e)])/(b*f*cos(%i*f*x+%i*e))+(%i*(-(a*(4*a*b-2*b^2))-b*(a*b-3*a^2))*sqrt(cos(%i*f*x+%i*e)^2)*'unintegrable[1/(sqrt(sinh(f*x+e)^2+1)*sqrt(b*sinh(f*x+e)^2+a)),%i*sinh(f*x+e)])/(b*f*cos(%i*f*x+%i*e)))/(a*(a-b))+(%i*(b*(2*b-3*a)-a*b)*cos(%i*f*x+%i*e)*sin(%i*f*x+%i*e))/(a*(a-b)*f*sqrt(a-b*sin(%i*f*x+%i*e)^2)))/(3*a*(a-b)) 

# entry 6.1 Hyperbolic sine/6.1.7 hyper^m (a+b sinh^n)^p.mac e426  integrand sqrt(a+a*sinh(e+f*x)^2)*tanh(e+f*x)^5
# core /home/serge/src/mr-attr-base/test/mr_rules.core  cap 60  hit_cap False  cpu [3.663896]
fired    1_4_1 r20  -(a/(a-a*x)^(3/2))
fired    1_1_3_7 r9  x/(a-a*x)^(5/2)
fired    1_1_1_2 r19  x^2/(a-a*x)^(5/2)
fired    1_1_2_2 r4  x^5/(a-a*x^2)^(5/2)
fired    1_1_2_3 r2  (x^5*sqrt(a-a*x^2))/(1-x^2)^3
fired    4_7_5 r47  sqrt(a-a*%mr_isin(%i*f*x+%i*e)^2)*%mr_itan(%i*f*x+%i*e)^5
fired    9_1 r11  -(%i*sqrt(a-a*%mr_isin(%i*f*x+%i*e)^2)*%mr_itan(%i*f*x+%i*e)^5)
fired    4_1_0_1 r1  sqrt(a*sinh(f*x+e)^2+a)*tanh(f*x+e)^5
RUBI-CPU 3.593078 
ANSWER (3*a*sinh(f*x+e)^4+12*a*sinh(f*x+e)^2+8*a)/(f*(3*sinh(f*x+e)^2*sqrt(a*sinh(f*x+e)^2+a)+3*sqrt(a*sinh(f*x+e)^2+a))) 

# entry 6.1 Hyperbolic sine/6.1.7 hyper^m (a+b sinh^n)^p.mac e426  integrand sqrt(a+a*sinh(e+f*x)^2)*tanh(e+f*x)^5
# core /home/serge/src/mr-attr/test/mr_rules.core  cap 60  hit_cap False  cpu [8.79357]
fired    9_3 r67  (x^4-2*x^2+1)/x^4
fired    1_2_3_1 r1  -(2/x^2)+1/x^4+1
fired    1_1_2_2 r5  (x^2-1)^2/x^4
fired    1_1_1_3 r1  ((x-1)^2*(x+1)^2)/x^4
fired    1_4_1 r43  ((x-1)^2*(x+1)^2*sqrt(a*x^2))/x^5
fired    4_7_5 r44  sqrt(a*sinh(f*x+e)^2+a)*tanh(f*x+e)^5
RUBI-CPU 8.698706 
ANSWER (sqrt(a*cosh(f*x+e)^2)*'unintegrable[(cosh(f*x+e)^4-2*cosh(f*x+e)^2+1)/cosh(f*x+e)^4,cosh(f*x+e)])/(f*cosh(f*x+e)) 

# entry 6.1 Hyperbolic sine/6.1.7 hyper^m (a+b sinh^n)^p.mac e464  integrand sqrt(a+b*sinh(e+f*x)^2)*tanh(e+f*x)^2
# core /home/serge/src/mr-attr-base/test/mr_rules.core  cap 60  hit_cap False  cpu [22.803939]
fired    1_1_2_3 r41  1/(sqrt(x^2+1)*sqrt((a-b)*x^2+a))
fired    1_1_2_3 r34  sqrt(x^2+1)/((a-b)*x^2+a)^(3/2)
fired    1_1_2_4 r54  x^2/(sqrt(x^2+1)*sqrt((a-b)*x^2+a))
fired    1_1_2_5 r11  ((2*a-2*b)*x^2+a)/(sqrt(x^2+1)*sqrt((a-b)*x^2+a))
fired    9_1 r6  ((2*a-2*b)*x^2+a)/(sqrt(x^2+1)*sqrt(-(b*x^2)+a*x^2+a))
fired    9_1 r6  (-(2*b*x^2)+2*a*x^2+a)/(sqrt(x^2+1)*sqrt(-(b*x^2)+a*x^2+a))
fired    1_4_2 r9  (a*(2*x^2+1)-2*b*x^2)/(sqrt(x^2+1)*sqrt((a-b)*x^2+a))
fired    1_1_2_4 r35  (x^2*sqrt((a-b)*x^2+a))/(x^2+1)^(3/2)
fired    9_1 r6  (x^2*sqrt(-(b*x^2)+a*x^2+a))/(x^2+1)^(3/2)
fired    1_4_2 r8  (x^2*sqrt(a*(x^2+1)-b*x^2))/(x^2+1)^(3/2)
fired    9_3 r44  (x^2*sqrt(a-(b*x^2)/(x^2+1)))/(x^2+1)
fired    4_7_5 r58  sqrt(a-b*%mr_isin(%i*f*x+%i*e)^2)*%mr_itan(%i*f*x+%i*e)^2
fired    9_1 r10  -(sqrt(a-b*%mr_isin(%i*f*x+%i*e)^2)*%mr_itan(%i*f*x+%i*e)^2)
fired    4_1_0_1 r1  sqrt(b*sinh(f*x+e)^2+a)*tanh(f*x+e)^2
RUBI-CPU 22.73638 
ANSWER (%i*((a^(3/2)*sqrt(a-b)*tanh(f*x+e)^2-a^(3/2)*sqrt(a-b))*sqrt(-((b*tanh(f*x+e)^2+a*(1-tanh(f*x+e)^2))/(tanh(f*x+e)^2-1)))*elliptic_f(%i*atanh((sqrt(a-b)*tanh(f*x+e))/sqrt(a)),b/(b-a))+sqrt(-((b*tanh(f*x+e)^2+a*(1-tanh(f*x+e)^2))/(tanh(f*x+e)^2-1)))*((2*sqrt(a)*sqrt(a-b)*b-2*a^(3/2)*sqrt(a-b))*tanh(f*x+e)^2-2*sqrt(a)*sqrt(a-b)*b+2*a^(3/2)*sqrt(a-b))*elliptic_e(%i*atanh((sqrt(a-b)*tanh(f*x+e))/sqrt(a)),b/(b-a))+sqrt(-((b*tanh(f*x+e)^2+a*(1-tanh(f*x+e)^2))/(tanh(f*x+e)^2-1)))*((%i*b^2-2*%i*a*b+%i*a^2)*tanh(f*x+e)^3+(-(2*%i*b^2)+3*%i*a*b-%i*a^2)*tanh(f*x+e))*sqrt(-((a*(tanh(f*x+e)^2-1))/(b*...

# entry 6.1 Hyperbolic sine/6.1.7 hyper^m (a+b sinh^n)^p.mac e464  integrand sqrt(a+b*sinh(e+f*x)^2)*tanh(e+f*x)^2
# core /home/serge/src/mr-attr/test/mr_rules.core  cap 60  hit_cap False  cpu [11.019017]
fired    9_3 r67  sqrt(a-b*x^2)/sqrt(1-x^2)
fired    9_3 r67  1/(sqrt(1-x^2)*sqrt(a-b*x^2))
fired    1_1_2_5 r4  (a-2*b*x^2)/(sqrt(1-x^2)*sqrt(a-b*x^2))
fired    1_1_2_4 r35  (x^2*sqrt(a-b*x^2))/(1-x^2)^(3/2)
fired    4_1_7 r28  sqrt(a-b*%mr_isin(%i*f*x+%i*e)^2)*%mr_itan(%i*f*x+%i*e)^2
fired    9_1 r10  -(sqrt(a-b*%mr_isin(%i*f*x+%i*e)^2)*%mr_itan(%i*f*x+%i*e)^2)
fired    4_1_0_1 r1  sqrt(b*sinh(f*x+e)^2+a)*tanh(f*x+e)^2
RUBI-CPU 10.922685000000001 
ANSWER (%i*sqrt(cos(%i*f*x+%i*e)^2)*(-(2*sqrt(sinh(f*x+e)^2+1)*'unintegrable[sqrt(b*sinh(f*x+e)^2+a)/sqrt(sinh(f*x+e)^2+1),%i*sinh(f*x+e)])+a*sqrt(sinh(f*x+e)^2+1)*'unintegrable[1/(sqrt(sinh(f*x+e)^2+1)*sqrt(b*sinh(f*x+e)^2+a)),%i*sinh(f*x+e)]+%i*sinh(f*x+e)*sqrt(b*sinh(f*x+e)^2+a)))/(f*sqrt(sinh(f*x+e)^2+1)*cos(%i*f*x+%i*e)) 

# entry 6.1 Hyperbolic sine/6.1.7 hyper^m (a+b sinh^n)^p.mac e465  integrand sqrt(a+b*sinh(e+f*x)^2)
# core /home/serge/src/mr-attr-base/test/mr_rules.core  cap 60  hit_cap False  cpu [3.773317]
fired    1_1_2_3 r34  sqrt((a-b)*x^2+a)/(x^2+1)^(3/2)
fired    9_1 r6  sqrt(-(b*x^2)+a*x^2+a)/(x^2+1)^(3/2)
fired    1_4_2 r7  sqrt(a*(x^2+1)-b*x^2)/(x^2+1)^(3/2)
fired    9_3 r44  sqrt(a-(b*x^2)/(x^2+1))/(x^2+1)
fired    4_7_5 r58  sqrt(a-b*%mr_isin(%i*f*x+%i*e)^2)
fired    4_1_0_1 r1  sqrt(b*sinh(f*x+e)^2+a)
RUBI-CPU 3.711305 
ANSWER -((%i*sqrt(-(((b-a)*tanh(f*x+e)^2+a)/(tanh(f*x+e)^2-1)))*elliptic_e(%i*atanh(tanh(f*x+e)),b/a))/(f*sqrt(-(((b-a)*tanh(f*x+e)^2+a)/(a*tanh(f*x+e)^2-a))))) 

# entry 6.1 Hyperbolic sine/6.1.7 hyper^m (a+b sinh^n)^p.mac e465  integrand sqrt(a+b*sinh(e+f*x)^2)
# core /home/serge/src/mr-attr/test/mr_rules.core  cap 60  hit_cap False  cpu [3.163485]
fired    9_3 r67  sqrt(a-b*x^2)/sqrt(1-x^2)
fired    4_1_7 r17  sqrt(a-b*%mr_isin(%i*f*x+%i*e)^2)
fired    4_1_0_1 r1  sqrt(b*sinh(f*x+e)^2+a)
RUBI-CPU 3.0832699999999997 
ANSWER -((%i*sqrt(cos(%i*f*x+%i*e)^2)*'unintegrable[sqrt(b*sinh(f*x+e)^2+a)/sqrt(sinh(f*x+e)^2+1),%i*sinh(f*x+e)])/(f*cos(%i*f*x+%i*e))) 

# entry 6.1 Hyperbolic sine/6.1.7 hyper^m (a+b sinh^n)^p.mac e476  integrand (a+b*sinh(e+f*x)^2)^(3/2)
# core /home/serge/src/mr-attr-base/test/mr_rules.core  cap 60  hit_cap False  cpu [20.698261]
fired    1_1_2_3 r41  1/(sqrt(x^2+1)*sqrt((a-b)*x^2+a))
fired    1_1_2_3 r34  sqrt((a-b)*x^2+a)/(x^2+1)^(3/2)
fired    1_1_2_5 r5  ((2*b^2-5*a*b+3*a^2)*x^2-a*b+3*a^2)/((x^2+1)^(3/2)*sqrt((a-b)*x^2+a))
fired    9_1 r6  ((2*b^2-5*a*b+3*a^2)*x^2-a*b+3*a^2)/((x^2+1)^(3/2)*sqrt(-(b*x^2)+a*x^2+a))
fired    9_1 r6  ((2*b^2+3*a^2)*x^2-5*a*b*x^2-a*b+3*a^2)/((x^2+1)^(3/2)*sqrt(-(b*x^2)+a*x^2+a))
fired    9_1 r6  (2*b^2*x^2-5*a*b*x^2+3*a^2*x^2-a*b+3*a^2)/((x^2+1)^(3/2)*sqrt(-(b*x^2)+a*x^2+a))
fired    1_4_2 r9  (a^2*(3*x^2+3)+2*b^2*x^2+a*b*(-(5*x^2)-1))/((x^2+1)^(3/2)*sqrt((a-b)*x^2+a))
fired    1_1_2_3 r36  ((a-b)*x^2+a)^(3/2)/(x^2+1)^(5/2)
fired    9_1 r6  (-(b*x^2)+a*x^2+a)^(3/2)/(x^2+1)^(5/2)
fired    1_4_2 r7  (a*(x^2+1)-b*x^2)^(3/2)/(x^2+1)^(5/2)
fired    9_3 r44  (a-(b*x^2)/(x^2+1))^(3/2)/(x^2+1)
fired    4_7_5 r58  (a-b*%mr_isin(%i*f*x+%i*e)^2)^(3/2)
fired    4_1_0_1 r1  (b*sinh(f*x+e)^2+a)^(3/2)
RUBI-CPU 20.638958 
ANSWER -((%i*(sqrt(-(((b-a)*tanh(f*x+e)^2+a)/(tanh(f*x+e)^2-1)))*sqrt(-(((b-a)*tanh(f*x+e)^2+a)/(a*tanh(f*x+e)^2-a)))*(a^(3/2)*sqrt(a-b)*tanh(f*x+e)^4-2*a^(3/2)*sqrt(a-b)*tanh(f*x+e)^2+a^(3/2)*sqrt(a-b))*elliptic_f(%i*atanh((sqrt(a-b)*tanh(f*x+e))/sqrt(a)),b/(b-a))+sqrt(-(((b-a)*tanh(f*x+e)^2+a)/(tanh(f*x+e)^2-1)))*((-(2*b^2)+6*a*b-4*a^2)*tanh(f*x+e)^4+(2*b^2-8*a*b+8*a^2)*tanh(f*x+e)^2+2*a*b-4*a^2)*sqrt(-((a*tanh(f*x+e)^2-a)/((b-a)*tanh(f*x+e)^2+a)))*elliptic_e(%i*atanh(tanh(f*x+e)),b/a)+sqrt(-(((b-a)*tanh(f*x+e)^2+a)/(tanh(f*x+e)^2-1)))*sqrt(-(((b-a)*tanh(f*x+e)^2+a)/(a*tanh(f*x+e)^2-a)))*((%...

# entry 6.1 Hyperbolic sine/6.1.7 hyper^m (a+b sinh^n)^p.mac e476  integrand (a+b*sinh(e+f*x)^2)^(3/2)
# core /home/serge/src/mr-attr/test/mr_rules.core  cap 60  hit_cap False  cpu [10.37175]
fired    9_3 r67  sqrt(a-b*x^2)/sqrt(1-x^2)
fired    4_1_7 r17  sqrt(a-b*%mr_isin(%i*f*x+%i*e)^2)
fired    4_1_0_1 r1  sqrt(a-b*sin(%i*f*x+%i*e)^2)
fired    9_3 r67  1/(sqrt(1-x^2)*sqrt(a-b*x^2))
fired    4_1_7 r17  1/sqrt(a-b*%mr_isin(%i*f*x+%i*e)^2)
fired    4_1_0_1 r1  1/sqrt(a-b*sin(%i*f*x+%i*e)^2)
fired    4_1_7 r4  (-((4*a*b-2*b^2)*%mr_isin(%i*f*x+%i*e)^2)-a*b+3*a^2)/sqrt(a-b*%mr_isin(%i*f*x+%i*e)^2)
fired    4_1_0_1 r1  ((4*a*b-2*b^2)*sinh(f*x+e)^2-a*b+3*a^2)/sqrt(a-b*sin(%i*f*x+%i*e)^2)
fired    4_1_7 r12  (a-b*%mr_isin(%i*f*x+%i*e)^2)^(3/2)
fired    4_1_0_1 r1  (b*sinh(f*x+e)^2+a)^(3/2)
RUBI-CPU 10.301083 
ANSWER ((%i*(2*b^2-4*a*b)*sqrt(cos(%i*f*x+%i*e)^2)*'unintegrable[sqrt(b*sinh(f*x+e)^2+a)/sqrt(sinh(f*x+e)^2+1),%i*sinh(f*x+e)])/(b*f*cos(%i*f*x+%i*e))+(%i*(-(a*(2*b^2-4*a*b))-b*(3*a^2-a*b))*sqrt(cos(%i*f*x+%i*e)^2)*'unintegrable[1/(sqrt(sinh(f*x+e)^2+1)*sqrt(b*sinh(f*x+e)^2+a)),%i*sinh(f*x+e)])/(b*f*cos(%i*f*x+%i*e)))/3-(%i*b*cos(%i*f*x+%i*e)*sin(%i*f*x+%i*e)*sqrt(a-b*sin(%i*f*x+%i*e)^2))/(3*f) 

# entry 6.1 Hyperbolic sine/6.1.7 hyper^m (a+b sinh^n)^p.mac e485  integrand tanh(e+f*x)^4/sqrt(a+b*sinh(e+f*x)^2)
# core /home/serge/src/mr-attr-base/test/mr_rules.core  cap 60  hit_cap False  cpu [22.665129]
fired    1_1_2_3 r41  1/(sqrt(x^2+1)*sqrt((a-b)*x^2+a))
fired    1_1_2_3 r34  sqrt(x^2+1)/((a-b)*x^2+a)^(3/2)
fired    1_1_2_4 r54  x^2/(sqrt(x^2+1)*sqrt((a-b)*x^2+a))
fired    1_1_2_5 r11  ((4*a-2*b)*x^2+a)/(sqrt(x^2+1)*sqrt((a-b)*x^2+a))
fired    9_1 r6  ((4*a-2*b)*x^2+a)/(sqrt(x^2+1)*sqrt(-(b*x^2)+a*x^2+a))
fired    9_1 r6  (-(2*b*x^2)+4*a*x^2+a)/(sqrt(x^2+1)*sqrt(-(b*x^2)+a*x^2+a))
fired    1_4_2 r9  (a*(4*x^2+1)-2*b*x^2)/(sqrt(x^2+1)*sqrt((a-b)*x^2+a))
fired    1_1_2_4 r47  x^4/(sqrt(x^2+1)*sqrt((a-b)*x^2+a))
fired    9_1 r6  x^4/(sqrt(x^2+1)*sqrt(-(b*x^2)+a*x^2+a))
fired    1_4_2 r8  x^4/(sqrt(x^2+1)*sqrt(a*(x^2+1)-b*x^2))
fired    9_3 r44  x^4/((x^2+1)*sqrt(a-(b*x^2)/(x^2+1)))
fired    4_7_5 r58  %mr_itan(%i*f*x+%i*e)^4/sqrt(a-b*%mr_isin(%i*f*x+%i*e)^2)
fired    4_1_0_1 r1  tanh(f*x+e)^4/sqrt(b*sinh(f*x+e)^2+a)
RUBI-CPU 22.603473 
ANSWER (%i*(a^(3/2)*sqrt(a-b)*elliptic_f(%i*atanh((sqrt(a-b)*tanh(f*x+e))/sqrt(a)),b/(b-a))+(2*sqrt(a)*sqrt(a-b)*b-4*a^(3/2)*sqrt(a-b))*elliptic_e(%i*atanh((sqrt(a-b)*tanh(f*x+e))/sqrt(a)),b/(b-a))+((%i*b^2-2*%i*a*b+%i*a^2)*tanh(f*x+e)^3+(2*%i*b^2-5*%i*a*b+3*%i*a^2)*tanh(f*x+e))*sqrt(-((a*(tanh(f*x+e)^2-1))/(b*tanh(f*x+e)^2+a*(1-tanh(f*x+e)^2))))))/((3*b^2-6*a*b+3*a^2)*f*sqrt(-((b*tanh(f*x+e)^2+a*(1-tanh(f*x+e)^2))/(tanh(f*x+e)^2-1)))*sqrt(-((a*(tanh(f*x+e)^2-1))/(b*tanh(f*x+e)^2+a*(1-tanh(f*x+e)^2))))) 

# entry 6.1 Hyperbolic sine/6.1.7 hyper^m (a+b sinh^n)^p.mac e485  integrand tanh(e+f*x)^4/sqrt(a+b*sinh(e+f*x)^2)
# core /home/serge/src/mr-attr/test/mr_rules.core  cap 60  hit_cap False  cpu [24.366032]
fired    9_3 r67  sqrt(a-b*x^2)/sqrt(1-x^2)
fired    9_3 r67  1/(sqrt(1-x^2)*sqrt(a-b*x^2))
fired    1_1_2_5 r4  ((4*a*b-2*b^2)*x^2+a*b-3*a^2)/(sqrt(1-x^2)*sqrt(a-b*x^2))
fired    9_1 r6  (-(2*b^2*x^2)+4*a*b*x^2+a*b-3*a^2)/(sqrt(1-x^2)*sqrt(a-b*x^2))
fired    1_4_2 r9  (a*b*(4*x^2+1)-2*b^2*x^2-3*a^2)/(sqrt(1-x^2)*sqrt(a-b*x^2))
fired    1_1_2_5 r7  ((3*a-2*b)*x^2+a)/((1-x^2)^(3/2)*sqrt(a-b*x^2))
fired    9_1 r6  (-(2*b*x^2)+3*a*x^2+a)/((1-x^2)^(3/2)*sqrt(a-b*x^2))
fired    1_4_2 r9  (a*(3*x^2+1)-2*b*x^2)/((1-x^2)^(3/2)*sqrt(a-b*x^2))
fired    1_1_2_4 r38  x^4/((1-x^2)^(5/2)*sqrt(a-b*x^2))
fired    4_1_7 r28  %mr_itan(%i*f*x+%i*e)^4/sqrt(a-b*%mr_isin(%i*f*x+%i*e)^2)
fired    4_1_0_1 r1  tanh(f*x+e)^4/sqrt(b*sinh(f*x+e)^2+a)
RUBI-CPU 24.286409 
ANSWER -((%i*sqrt(cos(%i*f*x+%i*e)^2)*(sinh(f*x+e)^2*(8*a*'unintegrable[sqrt(b*sinh(f*x+e)^2+a)/sqrt(sinh(f*x+e)^2+1),%i*sinh(f*x+e)]+b*(2*a*'unintegrable[1/(sqrt(sinh(f*x+e)^2+1)*sqrt(b*sinh(f*x+e)^2+a)),%i*sinh(f*x+e)]-4*'unintegrable[sqrt(b*sinh(f*x+e)^2+a)/sqrt(sinh(f*x+e)^2+1),%i*sinh(f*x+e)])-2*a^2*'unintegrable[1/(sqrt(sinh(f*x+e)^2+1)*sqrt(b*sinh(f*x+e)^2+a)),%i*sinh(f*x+e)])+sinh(f*x+e)^4*(4*a*'unintegrable[sqrt(b*sinh(f*x+e)^2+a)/sqrt(sinh(f*x+e)^2+1),%i*sinh(f*x+e)]+b*(a*'unintegrable[1/(sqrt(sinh(f*x+e)^2+1)*sqrt(b*sinh(f*x+e)^2+a)),%i*sinh(f*x+e)]-2*'unintegrable[sqrt(b*sinh(f*x+e...

# entry 6.1 Hyperbolic sine/6.1.7 hyper^m (a+b sinh^n)^p.mac e486  integrand tanh(e+f*x)^2/sqrt(a+b*sinh(e+f*x)^2)
# core /home/serge/src/mr-attr-base/test/mr_rules.core  cap 60  hit_cap False  cpu [14.263695]
fired    1_1_2_3 r34  sqrt(x^2+1)/((a-b)*x^2+a)^(3/2)
fired    1_1_2_4 r54  x^2/(sqrt(x^2+1)*sqrt((a-b)*x^2+a))
fired    9_1 r6  x^2/(sqrt(x^2+1)*sqrt(-(b*x^2)+a*x^2+a))
fired    1_4_2 r8  x^2/(sqrt(x^2+1)*sqrt(a*(x^2+1)-b*x^2))
fired    9_3 r44  x^2/((x^2+1)*sqrt(a-(b*x^2)/(x^2+1)))
fired    4_7_5 r58  %mr_itan(%i*f*x+%i*e)^2/sqrt(a-b*%mr_isin(%i*f*x+%i*e)^2)
fired    9_1 r10  -(%mr_itan(%i*f*x+%i*e)^2/sqrt(a-b*%mr_isin(%i*f*x+%i*e)^2))
fired    4_1_0_1 r1  tanh(f*x+e)^2/sqrt(b*sinh(f*x+e)^2+a)
RUBI-CPU 14.201377 
ANSWER -((%i*(sqrt(a)*elliptic_e(%i*atanh((sqrt(a-b)*tanh(f*x+e))/sqrt(a)),b/(b-a))-%i*sqrt(a-b)*tanh(f*x+e)*sqrt(-((a*(tanh(f*x+e)^2-1))/(b*tanh(f*x+e)^2+a*(1-tanh(f*x+e)^2))))))/(sqrt(a-b)*f*sqrt(-((b*tanh(f*x+e)^2+a*(1-tanh(f*x+e)^2))/(tanh(f*x+e)^2-1)))*sqrt(-((a*(tanh(f*x+e)^2-1))/(b*tanh(f*x+e)^2+a*(1-tanh(f*x+e)^2)))))) 

# entry 6.1 Hyperbolic sine/6.1.7 hyper^m (a+b sinh^n)^p.mac e486  integrand tanh(e+f*x)^2/sqrt(a+b*sinh(e+f*x)^2)
# core /home/serge/src/mr-attr/test/mr_rules.core  cap 60  hit_cap False  cpu [7.370775]
fired    9_3 r67  sqrt(a-b*x^2)/sqrt(1-x^2)
fired    1_1_2_4 r39  x^2/((1-x^2)^(3/2)*sqrt(a-b*x^2))
fired    4_1_7 r28  %mr_itan(%i*f*x+%i*e)^2/sqrt(a-b*%mr_isin(%i*f*x+%i*e)^2)
fired    9_1 r10  -(%mr_itan(%i*f*x+%i*e)^2/sqrt(a-b*%mr_isin(%i*f*x+%i*e)^2))
fired    4_1_0_1 r1  tanh(f*x+e)^2/sqrt(b*sinh(f*x+e)^2+a)
RUBI-CPU 7.308315 
ANSWER -((%i*sqrt(cos(%i*f*x+%i*e)^2)*(%i*sinh(f*x+e)*sqrt(b*sinh(f*x+e)^2+a)-sqrt(sinh(f*x+e)^2+1)*'unintegrable[sqrt(b*sinh(f*x+e)^2+a)/sqrt(sinh(f*x+e)^2+1),%i*sinh(f*x+e)]))/(f*(b*sqrt(sinh(f*x+e)^2+1)-a*sqrt(sinh(f*x+e)^2+1))*cos(%i*f*x+%i*e))) 

# entry 6.1 Hyperbolic sine/6.1.7 hyper^m (a+b sinh^n)^p.mac e487  integrand 1/sqrt(a+b*sinh(e+f*x)^2)
# core /home/serge/src/mr-attr-base/test/mr_rules.core  cap 60  hit_cap False  cpu [4.216026]
fired    1_1_2_3 r41  1/(sqrt(x^2+1)*sqrt((a-b)*x^2+a))
fired    9_1 r6  1/(sqrt(x^2+1)*sqrt(-(b*x^2)+a*x^2+a))
fired    1_4_2 r7  1/(sqrt(x^2+1)*sqrt(a*(x^2+1)-b*x^2))
fired    9_3 r44  1/((x^2+1)*sqrt(a-(b*x^2)/(x^2+1)))
fired    4_7_5 r58  1/sqrt(a-b*%mr_isin(%i*f*x+%i*e)^2)
fired    4_1_0_1 r1  1/sqrt(b*sinh(f*x+e)^2+a)
RUBI-CPU 4.165208000000001 
ANSWER -((%i*sqrt(a)*elliptic_f(%i*atanh((sqrt(a-b)*tanh(f*x+e))/sqrt(a)),b/(b-a)))/(sqrt(a-b)*f*sqrt(-(((b-a)*tanh(f*x+e)^2+a)/(tanh(f*x+e)^2-1)))*sqrt(-((a*tanh(f*x+e)^2-a)/((b-a)*tanh(f*x+e)^2+a))))) 

# entry 6.1 Hyperbolic sine/6.1.7 hyper^m (a+b sinh^n)^p.mac e487  integrand 1/sqrt(a+b*sinh(e+f*x)^2)
# core /home/serge/src/mr-attr/test/mr_rules.core  cap 60  hit_cap False  cpu [3.101601]
fired    9_3 r67  1/(sqrt(1-x^2)*sqrt(a-b*x^2))
fired    4_1_7 r17  1/sqrt(a-b*%mr_isin(%i*f*x+%i*e)^2)
fired    4_1_0_1 r1  1/sqrt(b*sinh(f*x+e)^2+a)
RUBI-CPU 3.040547 
ANSWER -((%i*sqrt(cos(%i*f*x+%i*e)^2)*'unintegrable[1/(sqrt(sinh(f*x+e)^2+1)*sqrt(b*sinh(f*x+e)^2+a)),%i*sinh(f*x+e)])/(f*cos(%i*f*x+%i*e))) 

# entry 6.1 Hyperbolic sine/6.1.7 hyper^m (a+b sinh^n)^p.mac e488  integrand coth(e+f*x)^2/sqrt(a+b*sinh(e+f*x)^2)
# core /home/serge/src/mr-attr-base/test/mr_rules.core  cap 60  hit_cap False  cpu [28.620337]
fired    1_1_2_3 r34  sqrt(x^2+1)/((a-b)*x^2+a)^(3/2)
fired    1_1_2_4 r54  x^2/(sqrt(x^2+1)*sqrt((a-b)*x^2+a))
fired    9_1 r12  ((a-b)*x^2)/(sqrt(x^2+1)*sqrt((a-b)*x^2+a))
fired    9_1 r6  ((a-b)*x^2)/(sqrt(x^2+1)*sqrt(-(b*x^2)+a*x^2+a))
fired    9_1 r6  (a*x^2-b*x^2)/(sqrt(x^2+1)*sqrt(-(b*x^2)+a*x^2+a))
fired    1_4_2 r9  (a*x^2-b*x^2)/(sqrt(x^2+1)*sqrt((a-b)*x^2+a))
fired    1_1_2_4 r48  1/(x^2*sqrt(x^2+1)*sqrt((a-b)*x^2+a))
fired    9_1 r6  1/(x^2*sqrt(x^2+1)*sqrt(-(b*x^2)+a*x^2+a))
fired    1_4_2 r8  1/(x^2*sqrt(x^2+1)*sqrt(a*(x^2+1)-b*x^2))
fired    9_3 r44  1/(x^2*(x^2+1)*sqrt(a-(b*x^2)/(x^2+1)))
fired    4_7_5 r58  1/(sqrt(a-b*%mr_isin(%i*f*x+%i*e)^2)*%mr_itan(%i*f*x+%i*e)^2)
fired    9_1 r10  -(1/(sqrt(a-b*%mr_isin(%i*f*x+%i*e)^2)*%mr_itan(%i*f*x+%i*e)^2))
fired    4_1_0_1 r1  coth(f*x+e)^2/sqrt(b*sinh(f*x+e)^2+a)
RUBI-CPU 28.566886 
ANSWER -((%i*(sqrt(a-b)*tanh(f*x+e)*elliptic_e(%i*atanh((sqrt(a-b)*tanh(f*x+e))/sqrt(a)),b/(b-a))-%i*sqrt(a)*sqrt(-((a*tanh(f*x+e)^2-a)/((b-a)*tanh(f*x+e)^2+a)))))/(sqrt(a)*f*tanh(f*x+e)*sqrt(-(((b-a)*tanh(f*x+e)^2+a)/(tanh(f*x+e)^2-1)))*sqrt(-((a*tanh(f*x+e)^2-a)/((b-a)*tanh(f*x+e)^2+a))))) 

# entry 6.1 Hyperbolic sine/6.1.7 hyper^m (a+b sinh^n)^p.mac e488  integrand coth(e+f*x)^2/sqrt(a+b*sinh(e+f*x)^2)
# core /home/serge/src/mr-attr/test/mr_rules.core  cap 60  hit_cap False  cpu [7.52659]
fired    9_3 r67  sqrt(a-b*x^2)/sqrt(1-x^2)
fired    1_1_2_3 r2  (b*x^2-a)/(sqrt(1-x^2)*sqrt(a-b*x^2))
fired    1_1_2_4 r43  sqrt(1-x^2)/(x^2*sqrt(a-b*x^2))
fired    4_1_7 r28  1/(sqrt(a-b*%mr_isin(%i*f*x+%i*e)^2)*%mr_itan(%i*f*x+%i*e)^2)
fired    9_1 r10  -(1/(sqrt(a-b*%mr_isin(%i*f*x+%i*e)^2)*%mr_itan(%i*f*x+%i*e)^2))
fired    4_1_0_1 r1  coth(f*x+e)^2/sqrt(b*sinh(f*x+e)^2+a)
RUBI-CPU 7.469982 
ANSWER -((%i*sqrt(cos(%i*f*x+%i*e)^2)*(sinh(f*x+e)*'unintegrable[sqrt(b*sinh(f*x+e)^2+a)/sqrt(sinh(f*x+e)^2+1),%i*sinh(f*x+e)]-%i*sqrt(sinh(f*x+e)^2+1)*sqrt(b*sinh(f*x+e)^2+a)))/(a*f*sinh(f*x+e)*cos(%i*f*x+%i*e))) 

# entry 6.1 Hyperbolic sine/6.1.7 hyper^m (a+b sinh^n)^p.mac e496  integrand tanh(e+f*x)^4/(a+b*sinh(e+f*x)^2)^(3/2)
# core /home/serge/src/mr-attr-base/test/mr_rules.core  cap 60  hit_cap False  cpu [22.249131]
fired    1_1_2_3 r41  1/(sqrt(x^2+1)*sqrt((a-b)*x^2+a))
fired    1_1_2_3 r34  sqrt(x^2+1)/((a-b)*x^2+a)^(3/2)
fired    1_1_2_4 r54  x^2/(sqrt(x^2+1)*sqrt((a-b)*x^2+a))
fired    1_1_2_5 r11  ((b+7*a)*x^2+4*a)/(sqrt(x^2+1)*sqrt((a-b)*x^2+a))
fired    9_1 r6  ((b+7*a)*x^2+4*a)/(sqrt(x^2+1)*sqrt(-(b*x^2)+a*x^2+a))
fired    9_1 r6  (b*x^2+7*a*x^2+4*a)/(sqrt(x^2+1)*sqrt(-(b*x^2)+a*x^2+a))
fired    1_4_2 r9  (a*(7*x^2+4)+b*x^2)/(sqrt(x^2+1)*sqrt((a-b)*x^2+a))
fired    1_1_2_6 r10  (x^2*(4*x^2+3))/(sqrt(x^2+1)*sqrt((a-b)*x^2+a))
fired    1_1_2_4 r35  (x^4*sqrt(x^2+1))/((a-b)*x^2+a)^(3/2)
fired    9_1 r6  (x^4*sqrt(x^2+1))/(-(b*x^2)+a*x^2+a)^(3/2)
fired    1_4_2 r8  (x^4*sqrt(x^2+1))/(a*(x^2+1)-b*x^2)^(3/2)
fired    9_3 r44  x^4/((x^2+1)*(a-(b*x^2)/(x^2+1))^(3/2))
fired    4_7_5 r58  %mr_itan(%i*f*x+%i*e)^4/(a-b*%mr_isin(%i*f*x+%i*e)^2)^(3/2)
fired    4_1_0_1 r1  tanh(f*x+e)^4/(b*sinh(f*x+e)^2+a)^(3/2)
RUBI-CPU 22.199811999999998 
ANSWER -((%i*(4*a^(3/2)*sqrt(a-b)*elliptic_f(%i*atanh((sqrt(a-b)*tanh(f*x+e))/sqrt(a)),b/(b-a))+(-(sqrt(a)*sqrt(a-b)*b)-7*a^(3/2)*sqrt(a-b))*elliptic_e(%i*atanh((sqrt(a-b)*tanh(f*x+e))/sqrt(a)),b/(b-a))+((%i*b^2-2*%i*a*b+%i*a^2)*tanh(f*x+e)^3+(-(%i*b^2)-2*%i*a*b+3*%i*a^2)*tanh(f*x+e))*sqrt(-((a*(tanh(f*x+e)^2-1))/(b*tanh(f*x+e)^2+a*(1-tanh(f*x+e)^2))))))/((3*b^3-9*a*b^2+9*a^2*b-3*a^3)*f*sqrt(-((b*tanh(f*x+e)^2+a*(1-tanh(f*x+e)^2))/(tanh(f*x+e)^2-1)))*sqrt(-((a*(tanh(f*x+e)^2-1))/(b*tanh(f*x+e)^2+a*(1-tanh(f*x+e)^2)))))) 

# entry 6.1 Hyperbolic sine/6.1.7 hyper^m (a+b sinh^n)^p.mac e496  integrand tanh(e+f*x)^4/(a+b*sinh(e+f*x)^2)^(3/2)
# core /home/serge/src/mr-attr/test/mr_rules.core  cap 60  hit_cap False  cpu [24.042626]
fired    9_3 r67  sqrt(a-b*x^2)/sqrt(1-x^2)
fired    9_3 r67  1/(sqrt(1-x^2)*sqrt(a-b*x^2))
fired    1_1_2_5 r4  ((-b^2-7*a*b)*x^2+5*a*b+3*a^2)/(sqrt(1-x^2)*sqrt(a-b*x^2))
fired    9_1 r6  (-(b^2*x^2)-7*a*b*x^2+5*a*b+3*a^2)/(sqrt(1-x^2)*sqrt(a-b*x^2))
fired    1_4_2 r9  (-(b^2*x^2)+a*b*(5-7*x^2)+3*a^2)/(sqrt(1-x^2)*sqrt(a-b*x^2))
fired    1_1_2_5 r7  (-(4*b*x^2)-b-3*a)/(sqrt(1-x^2)*(a-b*x^2)^(3/2))
fired    1_4_2 r9  (b*(-(4*x^2)-1)-3*a)/(sqrt(1-x^2)*(a-b*x^2)^(3/2))
fired    1_1_2_5 r7  (3*x^2+1)/((1-x^2)^(3/2)*(a-b*x^2)^(3/2))
fired    9_1 r12  (a*(3*x^2+1))/((1-x^2)^(3/2)*(a-b*x^2)^(3/2))
fired    1_1_2_4 r38  x^4/((1-x^2)^(5/2)*(a-b*x^2)^(3/2))
fired    4_1_7 r28  %mr_itan(%i*f*x+%i*e)^4/(a-b*%mr_isin(%i*f*x+%i*e)^2)^(3/2)
fired    4_1_0_1 r1  tanh(f*x+e)^4/(b*sinh(f*x+e)^2+a)^(3/2)
RUBI-CPU 23.985979 
ANSWER -((%i*sqrt(cos(%i*f*x+%i*e)^2)*(sinh(f*x+e)^4*(b*(-(sqrt(b*sinh(f*x+e)^2+a)*'unintegrable[sqrt(b*sinh(f*x+e)^2+a)/sqrt(sinh(f*x+e)^2+1),%i*sinh(f*x+e)])-4*a*sqrt(b*sinh(f*x+e)^2+a)*'unintegrable[1/(sqrt(sinh(f*x+e)^2+1)*sqrt(b*sinh(f*x+e)^2+a)),%i*sinh(f*x+e)])-7*a*sqrt(b*sinh(f*x+e)^2+a)*'unintegrable[sqrt(b*sinh(f*x+e)^2+a)/sqrt(sinh(f*x+e)^2+1),%i*sinh(f*x+e)]+4*a^2*sqrt(b*sinh(f*x+e)^2+a)*'unintegrable[1/(sqrt(sinh(f*x+e)^2+1)*sqrt(b*sinh(f*x+e)^2+a)),%i*sinh(f*x+e)])+sinh(f*x+e)^2*(b*(-(2*sqrt(b*sinh(f*x+e)^2+a)*'unintegrable[sqrt(b*sinh(f*x+e)^2+a)/sqrt(sinh(f*x+e)^2+1),%i*sinh(f*...

# entry 6.1 Hyperbolic sine/6.1.7 hyper^m (a+b sinh^n)^p.mac e497  integrand tanh(e+f*x)^2/(a+b*sinh(e+f*x)^2)^(3/2)
# core /home/serge/src/mr-attr-base/test/mr_rules.core  cap 60  hit_cap False  cpu [14.518087]
fired    1_1_2_3 r41  1/(sqrt(x^2+1)*sqrt((a-b)*x^2+a))
fired    1_1_2_3 r34  sqrt(x^2+1)/((a-b)*x^2+a)^(3/2)
fired    1_1_2_4 r54  x^2/(sqrt(x^2+1)*sqrt((a-b)*x^2+a))
fired    1_1_2_5 r11  (2*x^2+1)/(sqrt(x^2+1)*sqrt((a-b)*x^2+a))
fired    1_1_2_4 r35  (x^2*sqrt(x^2+1))/((a-b)*x^2+a)^(3/2)
fired    9_1 r6  (x^2*sqrt(x^2+1))/(-(b*x^2)+a*x^2+a)^(3/2)
fired    1_4_2 r8  (x^2*sqrt(x^2+1))/(a*(x^2+1)-b*x^2)^(3/2)
fired    9_3 r44  x^2/((x^2+1)*(a-(b*x^2)/(x^2+1))^(3/2))
fired    4_7_5 r58  %mr_itan(%i*f*x+%i*e)^2/(a-b*%mr_isin(%i*f*x+%i*e)^2)^(3/2)
fired    9_1 r10  -(%mr_itan(%i*f*x+%i*e)^2/(a-b*%mr_isin(%i*f*x+%i*e)^2)^(3/2))
fired    4_1_0_1 r1  tanh(f*x+e)^2/(b*sinh(f*x+e)^2+a)^(3/2)
RUBI-CPU 14.467142 
ANSWER (%i*(sqrt(a)*sqrt(a-b)*elliptic_f(%i*atanh((sqrt(a-b)*tanh(f*x+e))/sqrt(a)),b/(b-a))-2*sqrt(a)*sqrt(a-b)*elliptic_e(%i*atanh((sqrt(a-b)*tanh(f*x+e))/sqrt(a)),b/(b-a))+(%i*a-%i*b)*tanh(f*x+e)*sqrt(-((a*(tanh(f*x+e)^2-1))/(b*tanh(f*x+e)^2+a*(1-tanh(f*x+e)^2))))))/((b^2-2*a*b+a^2)*f*sqrt(-((b*tanh(f*x+e)^2+a*(1-tanh(f*x+e)^2))/(tanh(f*x+e)^2-1)))*sqrt(-((a*(tanh(f*x+e)^2-1))/(b*tanh(f*x+e)^2+a*(1-tanh(f*x+e)^2))))) 

# entry 6.1 Hyperbolic sine/6.1.7 hyper^m (a+b sinh^n)^p.mac e497  integrand tanh(e+f*x)^2/(a+b*sinh(e+f*x)^2)^(3/2)
# core /home/serge/src/mr-attr/test/mr_rules.core  cap 60  hit_cap False  cpu [12.871288]
fired    9_3 r67  sqrt(a-b*x^2)/sqrt(1-x^2)
fired    9_3 r67  1/(sqrt(1-x^2)*sqrt(a-b*x^2))
fired    1_1_2_5 r4  (2*a*b*x^2-a*b-a^2)/(sqrt(1-x^2)*sqrt(a-b*x^2))
fired    1_4_2 r9  (a*b*(2*x^2-1)-a^2)/(sqrt(1-x^2)*sqrt(a-b*x^2))
fired    1_1_2_5 r7  (b*x^2+a)/(sqrt(1-x^2)*(a-b*x^2)^(3/2))
fired    1_1_2_4 r39  x^2/((1-x^2)^(3/2)*(a-b*x^2)^(3/2))
fired    4_1_7 r28  %mr_itan(%i*f*x+%i*e)^2/(a-b*%mr_isin(%i*f*x+%i*e)^2)^(3/2)
fired    9_1 r10  -(%mr_itan(%i*f*x+%i*e)^2/(a-b*%mr_isin(%i*f*x+%i*e)^2)^(3/2))
fired    4_1_0_1 r1  tanh(f*x+e)^2/(b*sinh(f*x+e)^2+a)^(3/2)
RUBI-CPU 12.815531 
ANSWER (%i*sqrt(cos(%i*f*x+%i*e)^2)*(sinh(f*x+e)^2*(b*(a*sqrt(sinh(f*x+e)^2+1)*'unintegrable[1/(sqrt(sinh(f*x+e)^2+1)*sqrt(b*sinh(f*x+e)^2+a)),%i*sinh(f*x+e)]-2*sqrt(sinh(f*x+e)^2+1)*'unintegrable[sqrt(b*sinh(f*x+e)^2+a)/sqrt(sinh(f*x+e)^2+1),%i*sinh(f*x+e)])-b^2*sqrt(sinh(f*x+e)^2+1)*'unintegrable[1/(sqrt(sinh(f*x+e)^2+1)*sqrt(b*sinh(f*x+e)^2+a)),%i*sinh(f*x+e)])-2*a*sqrt(sinh(f*x+e)^2+1)*'unintegrable[sqrt(b*sinh(f*x+e)^2+a)/sqrt(sinh(f*x+e)^2+1),%i*sinh(f*x+e)]-a*b*sqrt(sinh(f*x+e)^2+1)*'unintegrable[1/(sqrt(sinh(f*x+e)^2+1)*sqrt(b*sinh(f*x+e)^2+a)),%i*sinh(f*x+e)]+a^2*sqrt(sinh(f*x+e)^2+1)...

# entry 6.1 Hyperbolic sine/6.1.7 hyper^m (a+b sinh^n)^p.mac e498  integrand 1/(a+b*sinh(e+f*x)^2)^(3/2)
# core /home/serge/src/mr-attr-base/test/mr_rules.core  cap 60  hit_cap False  cpu [3.596011]
fired    1_1_2_3 r34  sqrt(x^2+1)/((a-b)*x^2+a)^(3/2)
fired    9_1 r6  sqrt(x^2+1)/(-(b*x^2)+a*x^2+a)^(3/2)
fired    1_4_2 r7  sqrt(x^2+1)/(a*(x^2+1)-b*x^2)^(3/2)
fired    9_3 r44  1/((x^2+1)*(a-(b*x^2)/(x^2+1))^(3/2))
fired    4_7_5 r58  1/(a-b*%mr_isin(%i*f*x+%i*e)^2)^(3/2)
fired    4_1_0_1 r1  1/(b*sinh(f*x+e)^2+a)^(3/2)
RUBI-CPU 3.5509239999999997 
ANSWER -((%i*elliptic_e(%i*atanh((sqrt(a-b)*tanh(f*x+e))/sqrt(a)),b/(b-a)))/(sqrt(a)*sqrt(a-b)*f*sqrt(-(((b-a)*tanh(f*x+e)^2+a)/(tanh(f*x+e)^2-1)))*sqrt(-((a*tanh(f*x+e)^2-a)/((b-a)*tanh(f*x+e)^2+a))))) 

# entry 6.1 Hyperbolic sine/6.1.7 hyper^m (a+b sinh^n)^p.mac e498  integrand 1/(a+b*sinh(e+f*x)^2)^(3/2)
# core /home/serge/src/mr-attr/test/mr_rules.core  cap 60  hit_cap False  cpu [4.890041]
fired    9_3 r67  sqrt(a-b*x^2)/sqrt(1-x^2)
fired    4_1_7 r17  sqrt(a-b*%mr_isin(%i*f*x+%i*e)^2)
fired    1_4_1 r10  (b*%mr_isin(%i*f*x+%i*e)^2-a)/sqrt(a-b*%mr_isin(%i*f*x+%i*e)^2)
fired    4_1_0_1 r1  (-(b*sinh(f*x+e)^2)-a)/sqrt(a-b*sin(%i*f*x+%i*e)^2)
fired    4_1_7 r16  1/(a-b*%mr_isin(%i*f*x+%i*e)^2)^(3/2)
fired    4_1_0_1 r1  1/(b*sinh(f*x+e)^2+a)^(3/2)
RUBI-CPU 4.83303 
ANSWER (%i*b*cos(%i*f*x+%i*e)*sin(%i*f*x+%i*e))/(a*(a-b)*f*sqrt(a-b*sin(%i*f*x+%i*e)^2))-(%i*sqrt(cos(%i*f*x+%i*e)^2)*'unintegrable[sqrt(b*sinh(f*x+e)^2+a)/sqrt(sinh(f*x+e)^2+1),%i*sinh(f*x+e)])/(a*(a-b)*f*cos(%i*f*x+%i*e)) 

# entry 6.1 Hyperbolic sine/6.1.7 hyper^m (a+b sinh^n)^p.mac e499  integrand coth(e+f*x)^2/(a+b*sinh(e+f*x)^2)^(3/2)
# core /home/serge/src/mr-attr-base/test/mr_rules.core  cap 60  hit_cap False  cpu [22.717332]
fired    1_1_2_3 r41  1/(sqrt(x^2+1)*sqrt((a-b)*x^2+a))
fired    1_1_2_3 r34  sqrt(x^2+1)/((a-b)*x^2+a)^(3/2)
fired    1_1_2_4 r54  x^2/(sqrt(x^2+1)*sqrt((a-b)*x^2+a))
fired    1_1_2_5 r11  ((2*a-2*b)*x^2+a)/(sqrt(x^2+1)*sqrt((a-b)*x^2+a))
fired    9_1 r6  ((2*a-2*b)*x^2+a)/(sqrt(x^2+1)*sqrt(-(b*x^2)+a*x^2+a))
fired    9_1 r6  (-(2*b*x^2)+2*a*x^2+a)/(sqrt(x^2+1)*sqrt(-(b*x^2)+a*x^2+a))
fired    1_4_2 r9  (a*(2*x^2+1)-2*b*x^2)/(sqrt(x^2+1)*sqrt((a-b)*x^2+a))
fired    1_1_2_6 r11  (-x^2-2)/(x^2*sqrt(x^2+1)*sqrt((a-b)*x^2+a))
fired    1_1_2_4 r37  sqrt(x^2+1)/(x^2*((a-b)*x^2+a)^(3/2))
fired    9_1 r6  sqrt(x^2+1)/(x^2*(-(b*x^2)+a*x^2+a)^(3/2))
fired    1_4_2 r8  sqrt(x^2+1)/(x^2*(a*(x^2+1)-b*x^2)^(3/2))
fired    9_3 r44  1/(x^2*(x^2+1)*(a-(b*x^2)/(x^2+1))^(3/2))
fired    4_7_5 r58  1/((a-b*%mr_isin(%i*f*x+%i*e)^2)^(3/2)*%mr_itan(%i*f*x+%i*e)^2)
fired    9_1 r10  -(1/((a-b*%mr_isin(%i*f*x+%i*e)^2)^(3/2)*%mr_itan(%i*f*x+%i*e)^2))
fired    4_1_0_1 r1  coth(f*x+e)^2/(b*sinh(f*x+e)^2+a)^(3/2)
RUBI-CPU 22.668467 
ANSWER -((%i*(a^(3/2)*sqrt(a-b)*tanh(f*x+e)*elliptic_f(%i*atanh((sqrt(a-b)*tanh(f*x+e))/sqrt(a)),b/(b-a))+(2*sqrt(a)*sqrt(a-b)*b-2*a^(3/2)*sqrt(a-b))*tanh(f*x+e)*elliptic_e(%i*atanh((sqrt(a-b)*tanh(f*x+e))/sqrt(a)),b/(b-a))+(%i*a^2-%i*a*b)*sqrt(-((a*tanh(f*x+e)^2-a)/((b-a)*tanh(f*x+e)^2+a)))))/((a^2*b-a^3)*f*tanh(f*x+e)*sqrt(-(((b-a)*tanh(f*x+e)^2+a)/(tanh(f*x+e)^2-1)))*sqrt(-((a*tanh(f*x+e)^2-a)/((b-a)*tanh(f*x+e)^2+a))))) 

# entry 6.1 Hyperbolic sine/6.1.7 hyper^m (a+b sinh^n)^p.mac e499  integrand coth(e+f*x)^2/(a+b*sinh(e+f*x)^2)^(3/2)
# core /home/serge/src/mr-attr/test/mr_rules.core  cap 60  hit_cap False  cpu [12.367046]
fired    9_3 r67  sqrt(a-b*x^2)/sqrt(1-x^2)
fired    9_3 r67  1/(sqrt(1-x^2)*sqrt(a-b*x^2))
fired    1_1_2_5 r4  (2*b*x^2-a)/(sqrt(1-x^2)*sqrt(a-b*x^2))
fired    1_1_2_6 r11  (x^2-2)/(x^2*sqrt(1-x^2)*sqrt(a-b*x^2))
fired    1_1_2_4 r37  sqrt(1-x^2)/(x^2*(a-b*x^2)^(3/2))
fired    4_1_7 r28  1/((a-b*%mr_isin(%i*f*x+%i*e)^2)^(3/2)*%mr_itan(%i*f*x+%i*e)^2)
fired    9_1 r10  -(1/((a-b*%mr_isin(%i*f*x+%i*e)^2)^(3/2)*%mr_itan(%i*f*x+%i*e)^2))
fired    4_1_0_1 r1  coth(f*x+e)^2/(b*sinh(f*x+e)^2+a)^(3/2)
RUBI-CPU 12.307876 
ANSWER (%i*sqrt(cos(%i*f*x+%i*e)^2)*(sinh(f*x+e)*(a^2*'unintegrable[1/(sqrt(sinh(f*x+e)^2+1)*sqrt(b*sinh(f*x+e)^2+a)),%i*sinh(f*x+e)]-2*a*'unintegrable[sqrt(b*sinh(f*x+e)^2+a)/sqrt(sinh(f*x+e)^2+1),%i*sinh(f*x+e)])+b*sinh(f*x+e)^3*(a*'unintegrable[1/(sqrt(sinh(f*x+e)^2+1)*sqrt(b*sinh(f*x+e)^2+a)),%i*sinh(f*x+e)]-2*'unintegrable[sqrt(b*sinh(f*x+e)^2+a)/sqrt(sinh(f*x+e)^2+1),%i*sinh(f*x+e)])+2*%i*b*sinh(f*x+e)^2*sqrt(sinh(f*x+e)^2+1)*sqrt(b*sinh(f*x+e)^2+a)+%i*a*sqrt(sinh(f*x+e)^2+1)*sqrt(b*sinh(f*x+e)^2+a)))/(f*(a^2*b*sinh(f*x+e)^3+a^3*sinh(f*x+e))*cos(%i*f*x+%i*e)) 

# entry 6.1 Hyperbolic sine/6.1.7 hyper^m (a+b sinh^n)^p.mac e508  integrand tanh(e+f*x)^2/(a+b*sinh(e+f*x)^2)^(5/2)
# core /home/serge/src/mr-attr-base/test/mr_rules.core  cap 60  hit_cap False  cpu [22.564807]
fired    1_1_2_3 r41  1/(sqrt(x^2+1)*sqrt((a-b)*x^2+a))
fired    1_1_2_3 r34  sqrt(x^2+1)/((a-b)*x^2+a)^(3/2)
fired    1_1_2_4 r54  x^2/(sqrt(x^2+1)*sqrt((a-b)*x^2+a))
fired    1_1_2_5 r11  ((-b-7*a)*x^2-4*a)/(sqrt(x^2+1)*sqrt((a-b)*x^2+a))
fired    9_1 r6  ((-b-7*a)*x^2-4*a)/(sqrt(x^2+1)*sqrt(-(b*x^2)+a*x^2+a))
fired    9_1 r6  (-(b*x^2)-7*a*x^2-4*a)/(sqrt(x^2+1)*sqrt(-(b*x^2)+a*x^2+a))
fired    1_4_2 r9  (a*(-(7*x^2)-4)-b*x^2)/(sqrt(x^2+1)*sqrt((a-b)*x^2+a))
fired    1_1_2_5 r6  (sqrt(x^2+1)*(4*x^2+1))/((a-b)*x^2+a)^(3/2)
fired    1_1_2_4 r35  (x^2*(x^2+1)^(3/2))/((a-b)*x^2+a)^(5/2)
fired    9_1 r6  (x^2*(x^2+1)^(3/2))/(-(b*x^2)+a*x^2+a)^(5/2)
fired    1_4_2 r8  (x^2*(x^2+1)^(3/2))/(a*(x^2+1)-b*x^2)^(5/2)
fired    9_3 r44  x^2/((x^2+1)*(a-(b*x^2)/(x^2+1))^(5/2))
fired    4_7_5 r58  %mr_itan(%i*f*x+%i*e)^2/(a-b*%mr_isin(%i*f*x+%i*e)^2)^(5/2)
fired    9_1 r10  -(%mr_itan(%i*f*x+%i*e)^2/(a-b*%mr_isin(%i*f*x+%i*e)^2)^(5/2))
fired    4_1_0_1 r1  tanh(f*x+e)^2/(b*sinh(f*x+e)^2+a)^(5/2)
RUBI-CPU 22.513163000000002 
ANSWER -((%i*(((4*a^(3/2)*sqrt(a-b)*b-4*a^(5/2)*sqrt(a-b))*tanh(f*x+e)^2+4*a^(5/2)*sqrt(a-b))*elliptic_f(%i*atanh((sqrt(a-b)*tanh(f*x+e))/sqrt(a)),b/(b-a))+((-(sqrt(a)*sqrt(a-b)*b^2)-6*a^(3/2)*sqrt(a-b)*b+7*a^(5/2)*sqrt(a-b))*tanh(f*x+e)^2-a^(3/2)*sqrt(a-b)*b-7*a^(5/2)*sqrt(a-b))*elliptic_e(%i*atanh((sqrt(a-b)*tanh(f*x+e))/sqrt(a)),b/(b-a))+((-(3*%i*a*b^2)+6*%i*a^2*b-3*%i*a^3)*tanh(f*x+e)^3+(-(%i*a*b^2)-2*%i*a^2*b+3*%i*a^3)*tanh(f*x+e))*sqrt(-((a*(tanh(f*x+e)^2-1))/(b*tanh(f*x+e)^2+a*(1-tanh(f*x+e)^2))))))/(f*sqrt(-((b*tanh(f*x+e)^2+a*(1-tanh(f*x+e)^2))/(tanh(f*x+e)^2-1)))*((3*a*b^4-12*a^2*b^3...

# entry 6.1 Hyperbolic sine/6.1.7 hyper^m (a+b sinh^n)^p.mac e508  integrand tanh(e+f*x)^2/(a+b*sinh(e+f*x)^2)^(5/2)
# core /home/serge/src/mr-attr/test/mr_rules.core  cap 60  hit_cap False  cpu [22.99336]
fired    9_3 r67  sqrt(a-b*x^2)/sqrt(1-x^2)
fired    9_3 r67  1/(sqrt(1-x^2)*sqrt(a-b*x^2))
fired    1_1_2_5 r4  ((-(a*b^2)-7*a^2*b)*x^2+5*a^2*b+3*a^3)/(sqrt(1-x^2)*sqrt(a-b*x^2))
fired    9_1 r6  (-(a*b^2*x^2)-7*a^2*b*x^2+5*a^2*b+3*a^3)/(sqrt(1-x^2)*sqrt(a-b*x^2))
fired    1_4_2 r9  (-(a*b^2*x^2)+a^2*b*(5-7*x^2)+3*a^3)/(sqrt(1-x^2)*sqrt(a-b*x^2))
fired    1_1_2_5 r7  (-(4*a*b*x^2)-a*b-3*a^2)/(sqrt(1-x^2)*(a-b*x^2)^(3/2))
fired    1_4_2 r9  (a*b*(-(4*x^2)-1)-3*a^2)/(sqrt(1-x^2)*(a-b*x^2)^(3/2))
fired    1_1_2_5 r7  (3*b*x^2+a)/(sqrt(1-x^2)*(a-b*x^2)^(5/2))
fired    1_1_2_4 r39  x^2/((1-x^2)^(3/2)*(a-b*x^2)^(5/2))
fired    4_1_7 r28  %mr_itan(%i*f*x+%i*e)^2/(a-b*%mr_isin(%i*f*x+%i*e)^2)^(5/2)
fired    9_1 r10  -(%mr_itan(%i*f*x+%i*e)^2/(a-b*%mr_isin(%i*f*x+%i*e)^2)^(5/2))
fired    4_1_0_1 r1  tanh(f*x+e)^2/(b*sinh(f*x+e)^2+a)^(5/2)
RUBI-CPU 22.92239 
ANSWER -((%i*sqrt(cos(%i*f*x+%i*e)^2)*(sinh(f*x+e)^2*(b*(4*a^2*sqrt(sinh(f*x+e)^2+1)*sqrt(b*sinh(f*x+e)^2+a)*'unintegrable[1/(sqrt(sinh(f*x+e)^2+1)*sqrt(b*sinh(f*x+e)^2+a)),%i*sinh(f*x+e)]-7*a*sqrt(sinh(f*x+e)^2+1)*sqrt(b*sinh(f*x+e)^2+a)*'unintegrable[sqrt(b*sinh(f*x+e)^2+a)/sqrt(sinh(f*x+e)^2+1),%i*sinh(f*x+e)])+b^2*(-(sqrt(sinh(f*x+e)^2+1)*sqrt(b*sinh(f*x+e)^2+a)*'unintegrable[sqrt(b*sinh(f*x+e)^2+a)/sqrt(sinh(f*x+e)^2+1),%i*sinh(f*x+e)])-4*a*sqrt(sinh(f*x+e)^2+1)*sqrt(b*sinh(f*x+e)^2+a)*'unintegrable[1/(sqrt(sinh(f*x+e)^2+1)*sqrt(b*sinh(f*x+e)^2+a)),%i*sinh(f*x+e)]))+b*(-(a*sqrt(sinh(f*x+e...

# entry 6.1 Hyperbolic sine/6.1.7 hyper^m (a+b sinh^n)^p.mac e509  integrand 1/(a+b*sinh(e+f*x)^2)^(5/2)
# core /home/serge/src/mr-attr-base/test/mr_rules.core  cap 60  hit_cap False  cpu [11.667321]
fired    1_1_2_3 r41  1/(sqrt(x^2+1)*sqrt((a-b)*x^2+a))
fired    1_1_2_3 r34  sqrt(x^2+1)/((a-b)*x^2+a)^(3/2)
fired    1_1_2_5 r5  ((3*a-b)*x^2-2*b+3*a)/(sqrt(x^2+1)*((a-b)*x^2+a)^(3/2))
fired    9_1 r6  ((3*a-b)*x^2-2*b+3*a)/(sqrt(x^2+1)*(-(b*x^2)+a*x^2+a)^(3/2))
fired    9_1 r6  (-(b*x^2)+3*a*x^2-2*b+3*a)/(sqrt(x^2+1)*(-(b*x^2)+a*x^2+a)^(3/2))
fired    1_4_2 r9  (a*(3*x^2+3)+b*(-x^2-2))/(sqrt(x^2+1)*((a-b)*x^2+a)^(3/2))
fired    1_1_2_3 r36  (x^2+1)^(3/2)/((a-b)*x^2+a)^(5/2)
fired    9_1 r6  (x^2+1)^(3/2)/(-(b*x^2)+a*x^2+a)^(5/2)
fired    1_4_2 r7  (x^2+1)^(3/2)/(a*(x^2+1)-b*x^2)^(5/2)
fired    9_3 r44  1/((x^2+1)*(a-(b*x^2)/(x^2+1))^(5/2))
fired    4_7_5 r58  1/(a-b*%mr_isin(%i*f*x+%i*e)^2)^(5/2)
fired    4_1_0_1 r1  1/(b*sinh(f*x+e)^2+a)^(5/2)
RUBI-CPU 11.622961 
ANSWER (%i*(((a^(3/2)*sqrt(a-b)*b-a^(5/2)*sqrt(a-b))*tanh(f*x+e)^2+a^(5/2)*sqrt(a-b))*elliptic_f(%i*atanh((sqrt(a-b)*tanh(f*x+e))/sqrt(a)),b/(b-a))+((2*sqrt(a)*sqrt(a-b)*b^2-6*a^(3/2)*sqrt(a-b)*b+4*a^(5/2)*sqrt(a-b))*tanh(f*x+e)^2+2*a^(3/2)*sqrt(a-b)*b-4*a^(5/2)*sqrt(a-b))*elliptic_e(%i*atanh((sqrt(a-b)*tanh(f*x+e))/sqrt(a)),b/(b-a))+(%i*a^2*b-%i*a*b^2)*tanh(f*x+e)*sqrt(-((a*tanh(f*x+e)^2-a)/((b-a)*tanh(f*x+e)^2+a)))))/(f*sqrt(-(((b-a)*tanh(f*x+e)^2+a)/(tanh(f*x+e)^2-1)))*((3*a^2*b^3-9*a^3*b^2+9*a^4*b-3*a^5)*tanh(f*x+e)^2+3*a^3*b^2-6*a^4*b+3*a^5)*sqrt(-((a*tanh(f*x+e)^2-a)/((b-a)*tanh(f*x+e)^2...

# entry 6.1 Hyperbolic sine/6.1.7 hyper^m (a+b sinh^n)^p.mac e509  integrand 1/(a+b*sinh(e+f*x)^2)^(5/2)
# core /home/serge/src/mr-attr/test/mr_rules.core  cap 60  hit_cap False  cpu [12.197956]
fired    9_3 r67  sqrt(a-b*x^2)/sqrt(1-x^2)
fired    4_1_7 r17  sqrt(a-b*%mr_isin(%i*f*x+%i*e)^2)
fired    4_1_0_1 r1  sqrt(a-b*sin(%i*f*x+%i*e)^2)
fired    9_3 r67  1/(sqrt(1-x^2)*sqrt(a-b*x^2))
fired    4_1_7 r17  1/sqrt(a-b*%mr_isin(%i*f*x+%i*e)^2)
fired    4_1_0_1 r1  1/sqrt(a-b*sin(%i*f*x+%i*e)^2)
fired    4_1_7 r4  (-((2*b^2-4*a*b)*%mr_isin(%i*f*x+%i*e)^2)+a*b-3*a^2)/sqrt(a-b*%mr_isin(%i*f*x+%i*e)^2)
fired    4_1_0_1 r1  ((2*b^2-4*a*b)*sinh(f*x+e)^2+a*b-3*a^2)/sqrt(a-b*sin(%i*f*x+%i*e)^2)
fired    4_1_7 r5  (-(b*%mr_isin(%i*f*x+%i*e)^2)+2*b-3*a)/(a-b*%mr_isin(%i*f*x+%i*e)^2)^(3/2)
fired    4_1_0_1 r1  (b*sinh(f*x+e)^2+2*b-3*a)/(a-b*sin(%i*f*x+%i*e)^2)^(3/2)
fired    4_1_7 r16  1/(a-b*%mr_isin(%i*f*x+%i*e)^2)^(5/2)
fired    4_1_0_1 r1  1/(b*sinh(f*x+e)^2+a)^(5/2)
RUBI-CPU 12.142478 
ANSWER (%i*b*cos(%i*f*x+%i*e)*sin(%i*f*x+%i*e))/(3*a*(a-b)*f*(a-b*sin(%i*f*x+%i*e)^2)^(3/2))-(((%i*(4*a*b-2*b^2)*sqrt(cos(%i*f*x+%i*e)^2)*'unintegrable[sqrt(b*sinh(f*x+e)^2+a)/sqrt(sinh(f*x+e)^2+1),%i*sinh(f*x+e)])/(b*f*cos(%i*f*x+%i*e))+(%i*(-(a*(4*a*b-2*b^2))-b*(a*b-3*a^2))*sqrt(cos(%i*f*x+%i*e)^2)*'unintegrable[1/(sqrt(sinh(f*x+e)^2+1)*sqrt(b*sinh(f*x+e)^2+a)),%i*sinh(f*x+e)])/(b*f*cos(%i*f*x+%i*e)))/(a*(a-b))+(%i*(b*(2*b-3*a)-a*b)*cos(%i*f*x+%i*e)*sin(%i*f*x+%i*e))/(a*(a-b)*f*sqrt(a-b*sin(%i*f*x+%i*e)^2)))/(3*a*(a-b)) 

# entry 6.2 Hyperbolic cosine/6.2.7 hyper^m (a+b cosh^n)^p.mac e41  integrand sqrt(a+b*cosh(x)^2)
# core /home/serge/src/mr-attr-base/test/mr_rules.core  cap 60  hit_cap False  cpu [6.308107]
fired    9_3 r67  sqrt(b*cosh(x)^2+a)/(2*x+2)
fired    9_3 r67  sqrt(b*cosh(x)^2+a)/(2*x-2)
fired    1_4_1 r7  sqrt(b*cosh(x)^2+a)/(2*x+2)-sqrt(b*cosh(x)^2+a)/(2*x-2)
fired    9_3 r46  sqrt(b*cosh(x)^2+a)/(1-x^2)
fired    1_1_2_3 r34  sqrt((b+a)*x^2+a)/(x^2+1)^(3/2)
fired    9_1 r6  sqrt(b*x^2+a*x^2+a)/(x^2+1)^(3/2)
fired    1_4_2 r7  sqrt(a*(x^2+1)+b*x^2)/(x^2+1)^(3/2)
fired    9_3 r44  sqrt((b*x^2)/(x^2+1)+a)/(x^2+1)
fired    4_7_5 r58  sqrt(b*%mr_isin(x)^2+a)
fired    9_3 r51  sqrt(b*%mr_isin(%i*x+%pi/2)^2+a)
fired    4_1_0_1 r1  sqrt(b*cosh(x)^2+a)
RUBI-CPU 6.230078000000001 
ANSWER -((%i*sqrt(((b+a)*coth(x)^2-a)/(coth(x)^2-1))*elliptic_e(%i*atanh(coth(x)),-(b/a)))/sqrt(((b+a)*coth(x)^2-a)/(a*coth(x)^2-a))) 

# entry 6.2 Hyperbolic cosine/6.2.7 hyper^m (a+b cosh^n)^p.mac e41  integrand sqrt(a+b*cosh(x)^2)
# core /home/serge/src/mr-attr/test/mr_rules.core  cap 60  hit_cap False  cpu [2.824411]
fired    9_3 r67  sqrt(b*x^2+a)/sqrt(1-x^2)
fired    4_1_7 r17  sqrt(b*%mr_isin(%i*x+%pi/2)^2+a)
fired    4_1_0_1 r1  sqrt(b*cosh(x)^2+a)
RUBI-CPU 2.770871 
ANSWER (sqrt(-sinh(x)^2)*'unintegrable[sqrt(b*cosh(x)^2+a)/sqrt(1-cosh(x)^2),cosh(x)])/sinh(x) 

# entry 6.2 Hyperbolic cosine/6.2.7 hyper^m (a+b cosh^n)^p.mac e46  integrand (a+b*cosh(x)^2)^(3/2)
# core /home/serge/src/mr-attr-base/test/mr_rules.core  cap 60  hit_cap False  cpu [23.079835]
fired    9_3 r67  (b*cosh(x)^2+a)^(3/2)/(2*x+2)
fired    9_3 r67  (b*cosh(x)^2+a)^(3/2)/(2*x-2)
fired    1_4_1 r7  (b*cosh(x)^2+a)^(3/2)/(2*x+2)-(b*cosh(x)^2+a)^(3/2)/(2*x-2)
fired    9_3 r46  (b*cosh(x)^2+a)^(3/2)/(1-x^2)
fired    1_1_2_3 r41  1/(sqrt(x^2+1)*sqrt((b+a)*x^2+a))
fired    1_1_2_3 r34  sqrt((b+a)*x^2+a)/(x^2+1)^(3/2)
fired    1_1_2_5 r5  ((2*b^2+5*a*b+3*a^2)*x^2+a*b+3*a^2)/((x^2+1)^(3/2)*sqrt((b+a)*x^2+a))
fired    9_1 r6  ((2*b^2+5*a*b+3*a^2)*x^2+a*b+3*a^2)/((x^2+1)^(3/2)*sqrt(b*x^2+a*x^2+a))
fired    9_1 r6  ((2*b^2+3*a^2)*x^2+5*a*b*x^2+a*b+3*a^2)/((x^2+1)^(3/2)*sqrt(b*x^2+a*x^2+a))
fired    9_1 r6  (2*b^2*x^2+5*a*b*x^2+3*a^2*x^2+a*b+3*a^2)/((x^2+1)^(3/2)*sqrt(b*x^2+a*x^2+a))
fired    1_4_2 r9  (a*b*(5*x^2+1)+a^2*(3*x^2+3)+2*b^2*x^2)/((x^2+1)^(3/2)*sqrt((b+a)*x^2+a))
fired    1_1_2_3 r36  ((b+a)*x^2+a)^(3/2)/(x^2+1)^(5/2)
fired    9_1 r6  (b*x^2+a*x^2+a)^(3/2)/(x^2+1)^(5/2)
fired    1_4_2 r7  (a*(x^2+1)+b*x^2)^(3/2)/(x^2+1)^(5/2)
fired    9_3 r44  ((b*x^2)/(x^2+1)+a)^(3/2)/(x^2+1)
fired    4_7_5 r58  (b*%mr_isin(x)^2+a)^(3/2)
fired    9_3 r51  (b*%mr_isin(%i*x+%pi/2)^2+a)^(3/2)
fired    4_1_0_1 r1  (b*cosh(x)^2+a)^(3/2)
RUBI-CPU 23.030637 
ANSWER (%i*(sqrt(((b+a)*coth(x)^2-a)/(coth(x)^2-1))*sqrt(((b+a)*coth(x)^2-a)/(a*coth(x)^2-a))*(a^(3/2)*sqrt(b+a)*coth(x)^4-2*a^(3/2)*sqrt(b+a)*coth(x)^2+a^(3/2)*sqrt(b+a))*elliptic_f(%i*atanh((sqrt(b+a)*coth(x))/sqrt(a)),b/(b+a))+sqrt(((b+a)*coth(x)^2-a)/(coth(x)^2-1))*((-(2*b^2)-6*a*b-4*a^2)*coth(x)^4+(2*b^2+8*a*b+8*a^2)*coth(x)^2-2*a*b-4*a^2)*sqrt((a*coth(x)^2-a)/((b+a)*coth(x)^2-a))*elliptic_e(%i*atanh(coth(x)),-(b/a))+sqrt(((b+a)*coth(x)^2-a)/(coth(x)^2-1))*sqrt(((b+a)*coth(x)^2-a)/(a*coth(x)^2-a))*((-(%i*b^2)-%i*a*b)*coth(x)^3+%i*a*b*coth(x))*sqrt((a*coth(x)^2-a)/((b+a)*coth(x)^2-a))))/(s...

# entry 6.2 Hyperbolic cosine/6.2.7 hyper^m (a+b cosh^n)^p.mac e46  integrand (a+b*cosh(x)^2)^(3/2)
# core /home/serge/src/mr-attr/test/mr_rules.core  cap 60  hit_cap False  cpu [9.464477]
fired    9_3 r67  sqrt(b*x^2+a)/sqrt(1-x^2)
fired    4_1_7 r17  sqrt(b*%mr_isin(%i*x+%pi/2)^2+a)
fired    4_1_0_1 r1  sqrt(b*cosh(x)^2+a)
fired    9_3 r67  1/(sqrt(1-x^2)*sqrt(b*x^2+a))
fired    4_1_7 r17  1/sqrt(b*%mr_isin(%i*x+%pi/2)^2+a)
fired    4_1_0_1 r1  1/sqrt(b*cosh(x)^2+a)
fired    4_1_7 r4  ((2*b^2+4*a*b)*%mr_isin(%i*x+%pi/2)^2+a*b+3*a^2)/sqrt(b*%mr_isin(%i*x+%pi/2)^2+a)
fired    4_1_0_1 r1  ((2*b^2+4*a*b)*cosh(x)^2+a*b+3*a^2)/sqrt(b*cosh(x)^2+a)
fired    4_1_7 r12  (b*%mr_isin(%i*x+%pi/2)^2+a)^(3/2)
fired    4_1_0_1 r1  (b*cosh(x)^2+a)^(3/2)
RUBI-CPU 9.39166 
ANSWER (((2*b^2+4*a*b)*sqrt(-sinh(x)^2)*'unintegrable[sqrt(b*cosh(x)^2+a)/sqrt(1-cosh(x)^2),cosh(x)])/(b*sinh(x))+((b*(a*b+3*a^2)-a*(2*b^2+4*a*b))*sqrt(-sinh(x)^2)*'unintegrable[1/(sqrt(1-cosh(x)^2)*sqrt(b*cosh(x)^2+a)),cosh(x)])/(b*sinh(x)))/3+(b*cosh(x)*sqrt(b*cosh(x)^2+a)*sinh(x))/3 

# entry 6.2 Hyperbolic cosine/6.2.7 hyper^m (a+b cosh^n)^p.mac e51  integrand 1/sqrt(a+b*cosh(x)^2)
# core /home/serge/src/mr-attr-base/test/mr_rules.core  cap 60  hit_cap False  cpu [6.920611]
fired    9_3 r67  1/((2*x+2)*sqrt(b*cosh(x)^2+a))
fired    9_3 r67  1/((2*x-2)*sqrt(b*cosh(x)^2+a))
fired    1_4_1 r7  1/((2*x+2)*sqrt(b*cosh(x)^2+a))-1/((2*x-2)*sqrt(b*cosh(x)^2+a))
fired    9_3 r46  1/((1-x^2)*sqrt(b*cosh(x)^2+a))
fired    1_1_2_3 r41  1/(sqrt(x^2+1)*sqrt((b+a)*x^2+a))
fired    9_1 r6  1/(sqrt(x^2+1)*sqrt(b*x^2+a*x^2+a))
fired    1_4_2 r7  1/(sqrt(x^2+1)*sqrt(a*(x^2+1)+b*x^2))
fired    9_3 r44  1/((x^2+1)*sqrt((b*x^2)/(x^2+1)+a))
fired    4_7_5 r58  1/sqrt(b*%mr_isin(x)^2+a)
fired    9_3 r51  1/sqrt(b*%mr_isin(%i*x+%pi/2)^2+a)
fired    4_1_0_1 r1  1/sqrt(b*cosh(x)^2+a)
RUBI-CPU 6.854966999999999 
ANSWER -((%i*sqrt(a)*elliptic_f(%i*atanh((sqrt(b+a)*coth(x))/sqrt(a)),b/(b+a)))/(sqrt(b+a)*sqrt(((b+a)*coth(x)^2-a)/(coth(x)^2-1))*sqrt((a*coth(x)^2-a)/((b+a)*coth(x)^2-a)))) 

# entry 6.2 Hyperbolic cosine/6.2.7 hyper^m (a+b cosh^n)^p.mac e51  integrand 1/sqrt(a+b*cosh(x)^2)
# core /home/serge/src/mr-attr/test/mr_rules.core  cap 60  hit_cap False  cpu [3.020548]
fired    9_3 r67  1/(sqrt(1-x^2)*sqrt(b*x^2+a))
fired    4_1_7 r17  1/sqrt(b*%mr_isin(%i*x+%pi/2)^2+a)
fired    4_1_0_1 r1  1/sqrt(b*cosh(x)^2+a)
RUBI-CPU 2.950173 
ANSWER (sqrt(-sinh(x)^2)*'unintegrable[1/(sqrt(1-cosh(x)^2)*sqrt(b*cosh(x)^2+a)),cosh(x)])/sinh(x) 

# entry 6.3 Hyperbolic tangent/6.3.1 (c+d x)^m (a+b tanh)^n.mac e4  integrand tanh(e+f*x)/(c+d*x)
# core /home/serge/src/mr-attr-base/test/mr_rules.core  cap 60  hit_cap False  cpu [1.220799]
fired    4_7_5 r72  %mr_itan(%i*f*x+%i*e)/(%i*d*x+%i*c)
fired    1_4_1 r18  -((%i*%mr_itan(%i*f*x+%i*e))/(d*x+c))
fired    4_1_0_1 r1  tanh(f*x+e)/(d*x+c)
RUBI-CPU 1.1637499999999998 
ANSWER 'unintegrable[tan(%i*f*x+%i*e)/(%i*d*x+%i*c),x] 

# entry 6.3 Hyperbolic tangent/6.3.1 (c+d x)^m (a+b tanh)^n.mac e4  integrand tanh(e+f*x)/(c+d*x)
# core /home/serge/src/mr-attr/test/mr_rules.core  cap 60  hit_cap False  cpu [1.722677]
fired    4_3_10 r24  %mr_itan(%i*f*x+%i*e)/(%i*d*x+%i*c)
fired    1_4_1 r18  -((%i*%mr_itan(%i*f*x+%i*e))/(d*x+c))
fired    4_1_0_1 r1  tanh(f*x+e)/(d*x+c)
RUBI-CPU 1.658273 
ANSWER %i*'unintegrable[tanh(f*x+e)/(%i*d*x+%i*c),x] 

# entry 6.3 Hyperbolic tangent/6.3.1 (c+d x)^m (a+b tanh)^n.mac e9  integrand tanh(e+f*x)^2/(c+d*x)
# core /home/serge/src/mr-attr-base/test/mr_rules.core  cap 60  hit_cap False  cpu [1.687227]
fired    4_7_5 r72  %mr_itan(%i*f*x+%i*e)^2/(-(d*x)-c)
fired    1_4_1 r18  -(%mr_itan(%i*f*x+%i*e)^2/(d*x+c))
fired    4_1_0_1 r1  tanh(f*x+e)^2/(d*x+c)
RUBI-CPU 1.632386 
ANSWER 'unintegrable[tan(%i*f*x+%i*e)^2/(-(d*x)-c),x] 

# entry 6.3 Hyperbolic tangent/6.3.1 (c+d x)^m (a+b tanh)^n.mac e9  integrand tanh(e+f*x)^2/(c+d*x)
# core /home/serge/src/mr-attr/test/mr_rules.core  cap 60  hit_cap False  cpu [2.925546]
fired    4_3_10 r24  %mr_itan(%i*f*x+%i*e)^2/(-(d*x)-c)
fired    1_4_1 r18  -(%mr_itan(%i*f*x+%i*e)^2/(d*x+c))
fired    4_1_0_1 r1  tanh(f*x+e)^2/(d*x+c)
RUBI-CPU 2.856061 
ANSWER -'unintegrable[tanh(f*x+e)^2/(-(d*x)-c),x] 

# entry 6.3 Hyperbolic tangent/6.3.1 (c+d x)^m (a+b tanh)^n.mac e14  integrand tanh(e+f*x)^3/(c+d*x)
# core /home/serge/src/mr-attr-base/test/mr_rules.core  cap 60  hit_cap False  cpu [1.855128]
fired    4_7_5 r72  %mr_itan(%i*f*x+%i*e)^3/(-(%i*d*x)-%i*c)
fired    1_4_1 r18  (%i*%mr_itan(%i*f*x+%i*e)^3)/(d*x+c)
fired    4_1_0_1 r1  tanh(f*x+e)^3/(d*x+c)
RUBI-CPU 1.800638 
ANSWER 'unintegrable[tan(%i*f*x+%i*e)^3/(-(%i*d*x)-%i*c),x] 

# entry 6.3 Hyperbolic tangent/6.3.1 (c+d x)^m (a+b tanh)^n.mac e14  integrand tanh(e+f*x)^3/(c+d*x)
# core /home/serge/src/mr-attr/test/mr_rules.core  cap 60  hit_cap False  cpu [2.933941]
fired    4_3_10 r24  %mr_itan(%i*f*x+%i*e)^3/(-(%i*d*x)-%i*c)
fired    1_4_1 r18  (%i*%mr_itan(%i*f*x+%i*e)^3)/(d*x+c)
fired    4_1_0_1 r1  tanh(f*x+e)^3/(d*x+c)
RUBI-CPU 2.873939 
ANSWER -(%i*'unintegrable[tanh(f*x+e)^3/(-(%i*d*x)-%i*c),x]) 

# entry 6.3 Hyperbolic tangent/6.3.7 (d hyper)^m (a+b (c tanh)^n)^p.mac e137  integrand tanh(c+d*x)*(a+b*tanh(c+d*x)^2)
# core /home/serge/src/mr-attr-base/test/mr_rules.core  cap 60  hit_cap False  cpu [1.104118]
fired    1_4_1 r7  (b+a)/(x+1)-b
fired    1_1_1_2 r12  (a-b*x)/(x+1)
fired    1_1_2_4 r19  (x*(a-b*x^2))/(x^2+1)
fired    4_7_5 r22  %mr_itan(%i*d*x+%i*c)*(a-b*%mr_itan(%i*d*x+%i*c)^2)
fired    9_1 r11  -(%i*%mr_itan(%i*d*x+%i*c)*(a-b*%mr_itan(%i*d*x+%i*c)^2))
fired    4_1_0_1 r1  tanh(d*x+c)*(b*tanh(d*x+c)^2+a)
RUBI-CPU 1.053259 
ANSWER -((b*log(1-tanh(d*x+c)^2)+a*log(1-tanh(d*x+c)^2)+b*tanh(d*x+c)^2)/(2*d)) 

# entry 6.3 Hyperbolic tangent/6.3.7 (d hyper)^m (a+b (c tanh)^n)^p.mac e137  integrand tanh(c+d*x)*(a+b*tanh(c+d*x)^2)
# core /home/serge/src/mr-attr/test/mr_rules.core  cap 60  hit_cap False  cpu [1.346732]
fired    9_3 r67  ((b*(x^2-1))/x^2+a)/x
fired    4_7_5 r32  tanh(d*x+c)*(b*tanh(d*x+c)^2+a)
RUBI-CPU 1.285421 
ANSWER 'unintegrable[(a*cosh(d*x+c)^2+b*(cosh(d*x+c)^2-1))/cosh(d*x+c)^3,cosh(d*x+c)]/d 

# entry 6.3 Hyperbolic tangent/6.3.7 (d hyper)^m (a+b (c tanh)^n)^p.mac e147  integrand tanh(c+d*x)*(a+b*tanh(c+d*x)^2)^2
# core /home/serge/src/mr-attr-base/test/mr_rules.core  cap 60  hit_cap False  cpu [1.892298]
fired    1_1_1_1 r2  x
fired    1_4_1 r7  (b^2+2*a*b+a^2)/(x+1)+b^2*x-2*a*b*(b/(2*a)+1)
fired    1_1_1_2 r12  (a-b*x)^2/(x+1)
fired    1_1_2_4 r19  (x*(a-b*x^2)^2)/(x^2+1)
fired    4_7_5 r22  %mr_itan(%i*d*x+%i*c)*(a-b*%mr_itan(%i*d*x+%i*c)^2)^2
fired    9_1 r11  -(%i*%mr_itan(%i*d*x+%i*c)*(a-b*%mr_itan(%i*d*x+%i*c)^2)^2)
fired    4_1_0_1 r1  tanh(d*x+c)*(b*tanh(d*x+c)^2+a)^2
RUBI-CPU 1.842383 
ANSWER -((2*b^2*log(1-tanh(d*x+c)^2)+4*a*b*log(1-tanh(d*x+c)^2)+2*a^2*log(1-tanh(d*x+c)^2)+b^2*tanh(d*x+c)^4+(2*b^2+4*a*b)*tanh(d*x+c)^2)/(4*d)) 

# entry 6.3 Hyperbolic tangent/6.3.7 (d hyper)^m (a+b (c tanh)^n)^p.mac e147  integrand tanh(c+d*x)*(a+b*tanh(c+d*x)^2)^2
# core /home/serge/src/mr-attr/test/mr_rules.core  cap 60  hit_cap False  cpu [2.289727]
fired    9_3 r67  ((b*(x^2-1))/x^2+a)^2/x
fired    4_7_5 r32  tanh(d*x+c)*(b*tanh(d*x+c)^2+a)^2
RUBI-CPU 2.227962 
ANSWER 'unintegrable[(a*b*(2*cosh(d*x+c)^4-2*cosh(d*x+c)^2)+b^2*(cosh(d*x+c)^4-2*cosh(d*x+c)^2+1)+a^2*cosh(d*x+c)^4)/cosh(d*x+c)^5,cosh(d*x+c)]/d 

# entry 6.3 Hyperbolic tangent/6.3.7 (d hyper)^m (a+b (c tanh)^n)^p.mac e159  integrand tanh(c+d*x)*(a+b*tanh(c+d*x)^2)^3
# core /home/serge/src/mr-attr-base/test/mr_rules.core  cap 60  hit_cap False  cpu [2.05509]
fired    1_1_1_1 r2  x
fired    1_4_1 r7  (b^3+3*a*b^2+3*a^2*b+a^3)/(x+1)-b^3*x^2+3*a*b^2*(b/(3*a)+1)*x-3*a^2*b*((b^2+3*a*b)/(3*a^2)+1)
fired    1_1_1_2 r12  (a-b*x)^3/(x+1)
fired    1_1_2_4 r19  (x*(a-b*x^2)^3)/(x^2+1)
fired    4_7_5 r22  %mr_itan(%i*d*x+%i*c)*(a-b*%mr_itan(%i*d*x+%i*c)^2)^3
fired    9_1 r11  -(%i*%mr_itan(%i*d*x+%i*c)*(a-b*%mr_itan(%i*d*x+%i*c)^2)^3)
fired    4_1_0_1 r1  tanh(d*x+c)*(b*tanh(d*x+c)^2+a)^3
RUBI-CPU 2.003982 
ANSWER -((6*b^3*log(1-tanh(d*x+c)^2)+18*a*b^2*log(1-tanh(d*x+c)^2)+18*a^2*b*log(1-tanh(d*x+c)^2)+6*a^3*log(1-tanh(d*x+c)^2)+2*b^3*tanh(d*x+c)^6+(3*b^3+9*a*b^2)*tanh(d*x+c)^4+(6*b^3+18*a*b^2+18*a^2*b)*tanh(d*x+c)^2)/(12*d)) 

# entry 6.3 Hyperbolic tangent/6.3.7 (d hyper)^m (a+b (c tanh)^n)^p.mac e159  integrand tanh(c+d*x)*(a+b*tanh(c+d*x)^2)^3
# core /home/serge/src/mr-attr/test/mr_rules.core  cap 60  hit_cap False  cpu [2.391924]
fired    9_3 r67  ((b*(x^2-1))/x^2+a)^3/x
fired    4_7_5 r32  tanh(d*x+c)*(b*tanh(d*x+c)^2+a)^3
RUBI-CPU 2.3301629999999998 
ANSWER 'unintegrable[(a^2*b*(3*cosh(d*x+c)^6-3*cosh(d*x+c)^4)+a*b^2*(3*cosh(d*x+c)^6-6*cosh(d*x+c)^4+3*cosh(d*x+c)^2)+b^3*(cosh(d*x+c)^6-3*cosh(d*x+c)^4+3*cosh(d*x+c)^2-1)+a^3*cosh(d*x+c)^6)/cosh(d*x+c)^7,cosh(d*x+c)]/d 

# entry 6.4 Hyperbolic cotangent/6.4.2 Hyperbolic cotangent functions.mac e9  integrand (b*coth(c+d*x))^(4/3)
# core /home/serge/src/mr-attr-base/test/mr_rules.core  cap 60  hit_cap False  cpu [2.499646]
fired    1_1_2_1 r11  1/(-x^2+4*cos((%pi*(2*_mr_1_1_3_1_r21_k-1))/6)^2-4)
fired    1_2_1_1 r12  1/(x^2-2*cos((%pi*(2*_mr_1_1_3_1_r21_k-1))/6)*x+1)
fired    1_2_1_2 r3  (2*x-2*cos((%pi*(2*_mr_1_1_3_1_r21_k-1))/6))/(x^2-2*cos((%pi*(2*_mr_1_1_3_1_r21_k-1))/6)*x+1)
fired    1_2_1_2 r9  (1-cos((%pi*(2*_mr_1_1_3_1_r21_k-1))/6)*x)/(x^2-2*cos((%pi*(2*_mr_1_1_3_1_r21_k-1))/6)*x+1)
fired    1_1_2_1 r11  1/(-x^2+4*cos((%pi*(2*_mr_1_1_3_1_r21_k-1))/6)^2-4)
fired    1_2_1_1 r12  1/(x^2+2*cos((%pi*(2*_mr_1_1_3_1_r21_k-1))/6)*x+1)
fired    1_2_1_2 r3  (2*x+2*cos((%pi*(2*_mr_1_1_3_1_r21_k-1))/6))/(x^2+2*cos((%pi*(2*_mr_1_1_3_1_r21_k-1))/6)*x+1)
fired    1_2_1_2 r9  (cos((%pi*(2*_mr_1_1_3_1_r21_k-1))/6)*x+1)/(x^2+2*cos((%pi*(2*_mr_1_1_3_1_r21_k-1))/6)*x+1)
fired    1_1_2_1 r10  1/(x^2+1)
fired    1_1_3_1 r21  1/(x^6+1)
fired    1_1_2_2 r27  1/((-x)^(2/3)*(x^2+1))
fired    1_1_2_2 r23  (-x)^(4/3)/(x^2+1)
fired    4_7_5 r21  %mr_itan(%i*d*x+%i*c+%pi/2)^(4/3)
misfire (inert head leaked) 9_3 r41  (-(%i*%mr_itan(%i*d*x+%i*c+%pi/2)))^(4/3)
fired    1_1_2_1 r11  1/(-x^2+4*cos((%pi*_mr_1_1_3_1_r22_k)/3)^2-4)
fired    1_2_1_1 r12  1/(x^2-2*cos((%pi*_mr_1_1_3_1_r22_k)/3)*x+1)
fired    1_2_1_2 r3  (2*x-2*cos((%pi*_mr_1_1_3_1_r22_k)/3))/(x^2-2*cos((%pi*_mr_1_1_3_1_r22_k)/3)*x+1)
fired    1_2_1_2 r9  (1-cos((%pi*_mr_1_1_3_1_r22_k)/3)*x)/(x^2-2*cos((%pi*_mr_1_1_3_1_r22_k)/3)*x+1)
fired    1_1_2_1 r11  1/(-x^2+4*cos((%pi*_mr_1_1_3_1_r22_k)/3)^2-4)
fired    1_2_1_1 r12  1/(x^2+2*cos((%pi*_mr_1_1_3_1_r22_k)/3)*x+1)
fired    1_2_1_2 r3  (2*x+2*cos((%pi*_mr_1_1_3_1_r22_k)/3))/(x^2+2*cos((%pi*_mr_1_1_3_1_r22_k)/3)*x+1)
fired    1_2_1_2 r9  (cos((%pi*_mr_1_1_3_1_r22_k)/3)*x+1)/(x^2+2*cos((%pi*_mr_1_1_3_1_r22_k)/3)*x+1)
fired    1_1_2_1 r13  1/(1-x^2)
fired    1_1_3_1 r22  1/(1-x^6)
fired    1_1_2_2 r27  1/((%i*x)^(2/3)*(x^2+1))
fired    1_1_2_2 r23  (%i*x)^(4/3)/(x^2+1)
fired    4_7_5 r21  (-(%i*%mr_itan(%i*d*x+%i*c+%pi/2)))^(4/3)
fired    4_1_0_1 r1  coth(d*x+c)^(4/3)
fired    9_1 r12  b^(4/3)*coth(d*x+c)^(4/3)
RUBI-CPU 2.44516 
ANSWER (%i*b^(4/3)*(%i*(-log(coth(d*x+c)^(2/3)+coth(d*x+c)^(1/3)+1)+log(coth(d*x+c)^(2/3)-coth(d*x+c)^(1/3)+1)-2*sqrt(3)*atan((2*coth(d*x+c)^(1/3)+1)/sqrt(3))-2*sqrt(3)*atan((2*coth(d*x+c)^(1/3)-1)/sqrt(3))-2*log(-((coth(d*x+c)^(1/3)+1)/(coth(d*x+c)^(1/3)-1))))+12*%i*coth(d*x+c)^(1/3)))/(4*d) 

# entry 6.4 Hyperbolic cotangent/6.4.2 Hyperbolic cotangent functions.mac e9  integrand (b*coth(c+d*x))^(4/3)
# core /home/serge/src/mr-attr/test/mr_rules.core  cap 60  hit_cap False  cpu [2.952259]
fired    1_1_2_1 r11  1/(-x^2+4*cos((%pi*(2*_mr_1_1_3_1_r21_k-1))/6)^2-4)
fired    1_2_1_1 r12  1/(x^2-2*cos((%pi*(2*_mr_1_1_3_1_r21_k-1))/6)*x+1)
fired    1_2_1_2 r3  (2*x-2*cos((%pi*(2*_mr_1_1_3_1_r21_k-1))/6))/(x^2-2*cos((%pi*(2*_mr_1_1_3_1_r21_k-1))/6)*x+1)
fired    1_2_1_2 r9  (1-cos((%pi*(2*_mr_1_1_3_1_r21_k-1))/6)*x)/(x^2-2*cos((%pi*(2*_mr_1_1_3_1_r21_k-1))/6)*x+1)
fired    1_1_2_1 r11  1/(-x^2+4*cos((%pi*(2*_mr_1_1_3_1_r21_k-1))/6)^2-4)
fired    1_2_1_1 r12  1/(x^2+2*cos((%pi*(2*_mr_1_1_3_1_r21_k-1))/6)*x+1)
fired    1_2_1_2 r3  (2*x+2*cos((%pi*(2*_mr_1_1_3_1_r21_k-1))/6))/(x^2+2*cos((%pi*(2*_mr_1_1_3_1_r21_k-1))/6)*x+1)
fired    1_2_1_2 r9  (cos((%pi*(2*_mr_1_1_3_1_r21_k-1))/6)*x+1)/(x^2+2*cos((%pi*(2*_mr_1_1_3_1_r21_k-1))/6)*x+1)
fired    1_1_2_1 r10  1/(x^2+1)
fired    1_1_3_1 r21  1/(x^6+1)
fired    1_1_2_2 r27  1/(x^(2/3)*(x^2+1))
fired    4_3_1_1 r4  1/(-%mr_itan(%i*d*x+%i*c+%pi/2))^(2/3)
fired    4_1_0_1 r1  1/cot(%i*d*x+%i*c)^(2/3)
fired    9_3 r41  1/(%i*cot(%i*d*x+%i*c))^(2/3)
fired    4_3_1_1 r1  (-(%i*%mr_itan(%i*d*x+%i*c+%pi/2)))^(4/3)
fired    4_1_0_1 r1  coth(d*x+c)^(4/3)
fired    9_1 r12  b^(4/3)*coth(d*x+c)^(4/3)
RUBI-CPU 2.894053 
ANSWER b^(4/3)*((%i*cot(%i*d*x+%i*c)^(2/3)*(sqrt(3)*log((-(%i*coth(d*x+c)))^(2/3)+sqrt(3)*(-(%i*coth(d*x+c)))^(1/3)+1)-sqrt(3)*log((-(%i*coth(d*x+c)))^(2/3)-sqrt(3)*(-(%i*coth(d*x+c)))^(1/3)+1)+2*atan(2*(-(%i*coth(d*x+c)))^(1/3)+sqrt(3))+2*atan(2*(-(%i*coth(d*x+c)))^(1/3)-sqrt(3))+4*atan((-(%i*coth(d*x+c)))^(1/3))))/(4*d*(%i*cot(%i*d*x+%i*c))^(2/3))-(3*(%i*cot(%i*d*x+%i*c))^(1/3))/d) 

# entry 6.4 Hyperbolic cotangent/6.4.2 Hyperbolic cotangent functions.mac e14  integrand 1/(b*coth(c+d*x))^(4/3)
# core /home/serge/src/mr-attr-base/test/mr_rules.core  cap 60  hit_cap False  cpu [2.489282]
fired    1_1_2_1 r11  1/(-x^2+4*cos((%pi*(2*_mr_1_1_3_2_r37_k-1))/6)^2-4)
fired    1_2_1_1 r12  1/(x^2-2*cos((%pi*(2*_mr_1_1_3_2_r37_k-1))/6)*x+1)
fired    1_2_1_2 r3  (2*x-2*cos((%pi*(2*_mr_1_1_3_2_r37_k-1))/6))/(x^2-2*cos((%pi*(2*_mr_1_1_3_2_r37_k-1))/6)*x+1)
fired    1_2_1_2 r9  (cos((2*%pi*(2*_mr_1_1_3_2_r37_k-1))/3)-cos((5*%pi*(2*_mr_1_1_3_2_r37_k-1))/6)*x)/(x^2-2*cos((%pi*(2*_mr_1_1_3_2_r37_k-1))/6)*x+1)
fired    1_1_2_1 r11  1/(-x^2+4*cos((%pi*(2*_mr_1_1_3_2_r37_k-1))/6)^2-4)
fired    1_2_1_1 r12  1/(x^2+2*cos((%pi*(2*_mr_1_1_3_2_r37_k-1))/6)*x+1)
fired    1_2_1_2 r3  (2*x+2*cos((%pi*(2*_mr_1_1_3_2_r37_k-1))/6))/(x^2+2*cos((%pi*(2*_mr_1_1_3_2_r37_k-1))/6)*x+1)
fired    1_2_1_2 r9  (cos((5*%pi*(2*_mr_1_1_3_2_r37_k-1))/6)*x+cos((2*%pi*(2*_mr_1_1_3_2_r37_k-1))/3))/(x^2+2*cos((%pi*(2*_mr_1_1_3_2_r37_k-1))/6)*x+1)
fired    1_1_2_1 r10  1/(x^2+1)
fired    1_1_3_2 r37  x^4/(x^6+1)
fired    1_1_2_2 r27  (-x)^(2/3)/(x^2+1)
fired    1_1_2_2 r25  1/((-x)^(4/3)*(x^2+1))
fired    4_7_5 r21  1/%mr_itan(%i*d*x+%i*c+%pi/2)^(4/3)
misfire (inert head leaked) 9_3 r41  1/(-(%i*%mr_itan(%i*d*x+%i*c+%pi/2)))^(4/3)
fired    1_1_2_1 r11  1/(-x^2+4*cos((%pi*_mr_1_1_3_2_r38_k)/3)^2-4)
fired    1_2_1_1 r12  1/(x^2-2*cos((%pi*_mr_1_1_3_2_r38_k)/3)*x+1)
fired    1_2_1_2 r3  (2*x-2*cos((%pi*_mr_1_1_3_2_r38_k)/3))/(x^2-2*cos((%pi*_mr_1_1_3_2_r38_k)/3)*x+1)
fired    1_2_1_2 r9  (cos((4*%pi*_mr_1_1_3_2_r38_k)/3)-cos((5*%pi*_mr_1_1_3_2_r38_k)/3)*x)/(x^2-2*cos((%pi*_mr_1_1_3_2_r38_k)/3)*x+1)
fired    1_1_2_1 r11  1/(-x^2+4*cos((%pi*_mr_1_1_3_2_r38_k)/3)^2-4)
fired    1_2_1_1 r12  1/(x^2+2*cos((%pi*_mr_1_1_3_2_r38_k)/3)*x+1)
fired    1_2_1_2 r3  (2*x+2*cos((%pi*_mr_1_1_3_2_r38_k)/3))/(x^2+2*cos((%pi*_mr_1_1_3_2_r38_k)/3)*x+1)
fired    1_2_1_2 r9  (cos((5*%pi*_mr_1_1_3_2_r38_k)/3)*x+cos((4*%pi*_mr_1_1_3_2_r38_k)/3))/(x^2+2*cos((%pi*_mr_1_1_3_2_r38_k)/3)*x+1)
fired    1_1_2_1 r13  1/(1-x^2)
fired    1_1_3_2 r38  x^4/(1-x^6)
fired    1_1_2_2 r27  (%i*x)^(2/3)/(x^2+1)
fired    1_1_2_2 r25  1/((%i*x)^(4/3)*(x^2+1))
fired    4_7_5 r21  1/(-(%i*%mr_itan(%i*d*x+%i*c+%pi/2)))^(4/3)
fired    4_1_0_1 r1  1/coth(d*x+c)^(4/3)
fired    9_1 r12  1/(b^(4/3)*coth(d*x+c)^(4/3))
RUBI-CPU 2.4398799999999996 
ANSWER -((%i*(%i*coth(d*x+c)^(1/3)*(log(coth(d*x+c)^(2/3)+coth(d*x+c)^(1/3)+1)-log(coth(d*x+c)^(2/3)-coth(d*x+c)^(1/3)+1)-2*sqrt(3)*atan((2*coth(d*x+c)^(1/3)+1)/sqrt(3))-2*sqrt(3)*atan((2*coth(d*x+c)^(1/3)-1)/sqrt(3))+2*log(-((coth(d*x+c)^(1/3)+1)/(coth(d*x+c)^(1/3)-1))))-12*%i))/(4*b^(4/3)*d*coth(d*x+c)^(1/3))) 

# entry 6.4 Hyperbolic cotangent/6.4.2 Hyperbolic cotangent functions.mac e14  integrand 1/(b*coth(c+d*x))^(4/3)
# core /home/serge/src/mr-attr/test/mr_rules.core  cap 60  hit_cap False  cpu [3.177192]
fired    1_1_2_1 r11  1/(-x^2+4*cos((%pi*(2*_mr_1_1_3_2_r37_k-1))/6)^2-4)
fired    1_2_1_1 r12  1/(x^2-2*cos((%pi*(2*_mr_1_1_3_2_r37_k-1))/6)*x+1)
fired    1_2_1_2 r3  (2*x-2*cos((%pi*(2*_mr_1_1_3_2_r37_k-1))/6))/(x^2-2*cos((%pi*(2*_mr_1_1_3_2_r37_k-1))/6)*x+1)
fired    1_2_1_2 r9  (cos((2*%pi*(2*_mr_1_1_3_2_r37_k-1))/3)-cos((5*%pi*(2*_mr_1_1_3_2_r37_k-1))/6)*x)/(x^2-2*cos((%pi*(2*_mr_1_1_3_2_r37_k-1))/6)*x+1)
fired    1_1_2_1 r11  1/(-x^2+4*cos((%pi*(2*_mr_1_1_3_2_r37_k-1))/6)^2-4)
fired    1_2_1_1 r12  1/(x^2+2*cos((%pi*(2*_mr_1_1_3_2_r37_k-1))/6)*x+1)
fired    1_2_1_2 r3  (2*x+2*cos((%pi*(2*_mr_1_1_3_2_r37_k-1))/6))/(x^2+2*cos((%pi*(2*_mr_1_1_3_2_r37_k-1))/6)*x+1)
fired    1_2_1_2 r9  (cos((5*%pi*(2*_mr_1_1_3_2_r37_k-1))/6)*x+cos((2*%pi*(2*_mr_1_1_3_2_r37_k-1))/3))/(x^2+2*cos((%pi*(2*_mr_1_1_3_2_r37_k-1))/6)*x+1)
fired    1_1_2_1 r10  1/(x^2+1)
fired    1_1_3_2 r37  x^4/(x^6+1)
fired    1_1_2_2 r27  x^(2/3)/(x^2+1)
fired    4_3_1_1 r4  (-%mr_itan(%i*d*x+%i*c+%pi/2))^(2/3)
fired    4_1_0_1 r1  cot(%i*d*x+%i*c)^(2/3)
fired    9_3 r41  (%i*cot(%i*d*x+%i*c))^(2/3)
fired    4_3_1_1 r2  1/(-(%i*%mr_itan(%i*d*x+%i*c+%pi/2)))^(4/3)
fired    4_1_0_1 r1  1/coth(d*x+c)^(4/3)
fired    9_1 r12  1/(b^(4/3)*coth(d*x+c)^(4/3))
RUBI-CPU 3.1123600000000002 
ANSWER (-((%i*(%i*cot(%i*d*x+%i*c))^(2/3)*(sqrt(3)*log((-(%i*coth(d*x+c)))^(2/3)+sqrt(3)*(-(%i*coth(d*x+c)))^(1/3)+1)-sqrt(3)*log((-(%i*coth(d*x+c)))^(2/3)-sqrt(3)*(-(%i*coth(d*x+c)))^(1/3)+1)-2*atan(2*(-(%i*coth(d*x+c)))^(1/3)+sqrt(3))-2*atan(2*(-(%i*coth(d*x+c)))^(1/3)-sqrt(3))-4*atan((-(%i*coth(d*x+c)))^(1/3))))/(4*d*cot(%i*d*x+%i*c)^(2/3)))-3/(d*(%i*cot(%i*d*x+%i*c))^(1/3)))/b^(4/3) 

# entry 6.4 Hyperbolic cotangent/6.4.2 Hyperbolic cotangent functions.mac e23  integrand (b*coth(c+d*x)^2)^(2/3)
# core /home/serge/src/mr-attr-base/test/mr_rules.core  cap 60  hit_cap False  cpu [2.35522]
fired    1_1_2_1 r11  1/(-x^2+4*cos((%pi*(2*_mr_1_1_3_1_r21_k-1))/6)^2-4)
fired    1_2_1_1 r12  1/(x^2-2*cos((%pi*(2*_mr_1_1_3_1_r21_k-1))/6)*x+1)
fired    1_2_1_2 r3  (2*x-2*cos((%pi*(2*_mr_1_1_3_1_r21_k-1))/6))/(x^2-2*cos((%pi*(2*_mr_1_1_3_1_r21_k-1))/6)*x+1)
fired    1_2_1_2 r9  (1-cos((%pi*(2*_mr_1_1_3_1_r21_k-1))/6)*x)/(x^2-2*cos((%pi*(2*_mr_1_1_3_1_r21_k-1))/6)*x+1)
fired    1_1_2_1 r11  1/(-x^2+4*cos((%pi*(2*_mr_1_1_3_1_r21_k-1))/6)^2-4)
fired    1_2_1_1 r12  1/(x^2+2*cos((%pi*(2*_mr_1_1_3_1_r21_k-1))/6)*x+1)
fired    1_2_1_2 r3  (2*x+2*cos((%pi*(2*_mr_1_1_3_1_r21_k-1))/6))/(x^2+2*cos((%pi*(2*_mr_1_1_3_1_r21_k-1))/6)*x+1)
fired    1_2_1_2 r9  (cos((%pi*(2*_mr_1_1_3_1_r21_k-1))/6)*x+1)/(x^2+2*cos((%pi*(2*_mr_1_1_3_1_r21_k-1))/6)*x+1)
fired    1_1_2_1 r10  1/(x^2+1)
fired    1_1_3_1 r21  1/(x^6+1)
fired    1_1_2_2 r27  1/((-x)^(2/3)*(x^2+1))
fired    1_1_2_2 r23  (-x)^(4/3)/(x^2+1)
fired    4_7_5 r21  %mr_itan(%i*d*x+%i*c+%pi/2)^(4/3)
misfire (inert head leaked) 9_3 r41  (-(%i*%mr_itan(%i*d*x+%i*c+%pi/2)))^(4/3)
fired    1_1_2_1 r11  1/(-x^2+4*cos((%pi*_mr_1_1_3_1_r22_k)/3)^2-4)
fired    1_2_1_1 r12  1/(x^2-2*cos((%pi*_mr_1_1_3_1_r22_k)/3)*x+1)
fired    1_2_1_2 r3  (2*x-2*cos((%pi*_mr_1_1_3_1_r22_k)/3))/(x^2-2*cos((%pi*_mr_1_1_3_1_r22_k)/3)*x+1)
fired    1_2_1_2 r9  (1-cos((%pi*_mr_1_1_3_1_r22_k)/3)*x)/(x^2-2*cos((%pi*_mr_1_1_3_1_r22_k)/3)*x+1)
fired    1_1_2_1 r11  1/(-x^2+4*cos((%pi*_mr_1_1_3_1_r22_k)/3)^2-4)
fired    1_2_1_1 r12  1/(x^2+2*cos((%pi*_mr_1_1_3_1_r22_k)/3)*x+1)
fired    1_2_1_2 r3  (2*x+2*cos((%pi*_mr_1_1_3_1_r22_k)/3))/(x^2+2*cos((%pi*_mr_1_1_3_1_r22_k)/3)*x+1)
fired    1_2_1_2 r9  (cos((%pi*_mr_1_1_3_1_r22_k)/3)*x+1)/(x^2+2*cos((%pi*_mr_1_1_3_1_r22_k)/3)*x+1)
fired    1_1_2_1 r13  1/(1-x^2)
fired    1_1_3_1 r22  1/(1-x^6)
fired    1_1_2_2 r27  1/((%i*x)^(2/3)*(x^2+1))
fired    1_1_2_2 r23  (%i*x)^(4/3)/(x^2+1)
fired    4_7_5 r21  (-(%i*%mr_itan(%i*d*x+%i*c+%pi/2)))^(4/3)
fired    4_1_0_1 r1  coth(d*x+c)^(4/3)
fired    9_1 r12  b^(2/3)*coth(d*x+c)^(4/3)
RUBI-CPU 2.3002670000000003 
ANSWER (%i*b^(2/3)*(%i*(-log(coth(d*x+c)^(2/3)+coth(d*x+c)^(1/3)+1)+log(coth(d*x+c)^(2/3)-coth(d*x+c)^(1/3)+1)-2*sqrt(3)*atan((2*coth(d*x+c)^(1/3)+1)/sqrt(3))-2*sqrt(3)*atan((2*coth(d*x+c)^(1/3)-1)/sqrt(3))-2*log(-((coth(d*x+c)^(1/3)+1)/(coth(d*x+c)^(1/3)-1))))+12*%i*coth(d*x+c)^(1/3)))/(4*d) 

# entry 6.4 Hyperbolic cotangent/6.4.2 Hyperbolic cotangent functions.mac e23  integrand (b*coth(c+d*x)^2)^(2/3)
# core /home/serge/src/mr-attr/test/mr_rules.core  cap 60  hit_cap False  cpu [2.986189]
fired    1_1_2_1 r11  1/(-x^2+4*cos((%pi*(2*_mr_1_1_3_1_r21_k-1))/6)^2-4)
fired    1_2_1_1 r12  1/(x^2-2*cos((%pi*(2*_mr_1_1_3_1_r21_k-1))/6)*x+1)
fired    1_2_1_2 r3  (2*x-2*cos((%pi*(2*_mr_1_1_3_1_r21_k-1))/6))/(x^2-2*cos((%pi*(2*_mr_1_1_3_1_r21_k-1))/6)*x+1)
fired    1_2_1_2 r9  (1-cos((%pi*(2*_mr_1_1_3_1_r21_k-1))/6)*x)/(x^2-2*cos((%pi*(2*_mr_1_1_3_1_r21_k-1))/6)*x+1)
fired    1_1_2_1 r11  1/(-x^2+4*cos((%pi*(2*_mr_1_1_3_1_r21_k-1))/6)^2-4)
fired    1_2_1_1 r12  1/(x^2+2*cos((%pi*(2*_mr_1_1_3_1_r21_k-1))/6)*x+1)
fired    1_2_1_2 r3  (2*x+2*cos((%pi*(2*_mr_1_1_3_1_r21_k-1))/6))/(x^2+2*cos((%pi*(2*_mr_1_1_3_1_r21_k-1))/6)*x+1)
fired    1_2_1_2 r9  (cos((%pi*(2*_mr_1_1_3_1_r21_k-1))/6)*x+1)/(x^2+2*cos((%pi*(2*_mr_1_1_3_1_r21_k-1))/6)*x+1)
fired    1_1_2_1 r10  1/(x^2+1)
fired    1_1_3_1 r21  1/(x^6+1)
fired    1_1_2_2 r27  1/(x^(2/3)*(x^2+1))
fired    4_3_1_1 r4  1/(-%mr_itan(%i*d*x+%i*c+%pi/2))^(2/3)
fired    4_1_0_1 r1  1/cot(%i*d*x+%i*c)^(2/3)
fired    9_3 r41  1/(%i*cot(%i*d*x+%i*c))^(2/3)
fired    4_3_1_1 r1  (-(%i*%mr_itan(%i*d*x+%i*c+%pi/2)))^(4/3)
fired    4_1_0_1 r1  coth(d*x+c)^(4/3)
fired    9_1 r12  b^(2/3)*coth(d*x+c)^(4/3)
RUBI-CPU 2.919264 
ANSWER b^(2/3)*((%i*cot(%i*d*x+%i*c)^(2/3)*(sqrt(3)*log((-(%i*coth(d*x+c)))^(2/3)+sqrt(3)*(-(%i*coth(d*x+c)))^(1/3)+1)-sqrt(3)*log((-(%i*coth(d*x+c)))^(2/3)-sqrt(3)*(-(%i*coth(d*x+c)))^(1/3)+1)+2*atan(2*(-(%i*coth(d*x+c)))^(1/3)+sqrt(3))+2*atan(2*(-(%i*coth(d*x+c)))^(1/3)-sqrt(3))+4*atan((-(%i*coth(d*x+c)))^(1/3))))/(4*d*(%i*cot(%i*d*x+%i*c))^(2/3))-(3*(%i*cot(%i*d*x+%i*c))^(1/3))/d) 

# entry 6.4 Hyperbolic cotangent/6.4.2 Hyperbolic cotangent functions.mac e26  integrand 1/(b*coth(c+d*x)^2)^(2/3)
# core /home/serge/src/mr-attr-base/test/mr_rules.core  cap 60  hit_cap False  cpu [2.447089]
fired    1_1_2_1 r11  1/(-x^2+4*cos((%pi*(2*_mr_1_1_3_2_r37_k-1))/6)^2-4)
fired    1_2_1_1 r12  1/(x^2-2*cos((%pi*(2*_mr_1_1_3_2_r37_k-1))/6)*x+1)
fired    1_2_1_2 r3  (2*x-2*cos((%pi*(2*_mr_1_1_3_2_r37_k-1))/6))/(x^2-2*cos((%pi*(2*_mr_1_1_3_2_r37_k-1))/6)*x+1)
fired    1_2_1_2 r9  (cos((2*%pi*(2*_mr_1_1_3_2_r37_k-1))/3)-cos((5*%pi*(2*_mr_1_1_3_2_r37_k-1))/6)*x)/(x^2-2*cos((%pi*(2*_mr_1_1_3_2_r37_k-1))/6)*x+1)
fired    1_1_2_1 r11  1/(-x^2+4*cos((%pi*(2*_mr_1_1_3_2_r37_k-1))/6)^2-4)
fired    1_2_1_1 r12  1/(x^2+2*cos((%pi*(2*_mr_1_1_3_2_r37_k-1))/6)*x+1)
fired    1_2_1_2 r3  (2*x+2*cos((%pi*(2*_mr_1_1_3_2_r37_k-1))/6))/(x^2+2*cos((%pi*(2*_mr_1_1_3_2_r37_k-1))/6)*x+1)
fired    1_2_1_2 r9  (cos((5*%pi*(2*_mr_1_1_3_2_r37_k-1))/6)*x+cos((2*%pi*(2*_mr_1_1_3_2_r37_k-1))/3))/(x^2+2*cos((%pi*(2*_mr_1_1_3_2_r37_k-1))/6)*x+1)
fired    1_1_2_1 r10  1/(x^2+1)
fired    1_1_3_2 r37  x^4/(x^6+1)
fired    1_1_2_2 r27  (-x)^(2/3)/(x^2+1)
fired    1_1_2_2 r25  1/((-x)^(4/3)*(x^2+1))
fired    4_7_5 r21  1/%mr_itan(%i*d*x+%i*c+%pi/2)^(4/3)
misfire (inert head leaked) 9_3 r41  1/(-(%i*%mr_itan(%i*d*x+%i*c+%pi/2)))^(4/3)
fired    1_1_2_1 r11  1/(-x^2+4*cos((%pi*_mr_1_1_3_2_r38_k)/3)^2-4)
fired    1_2_1_1 r12  1/(x^2-2*cos((%pi*_mr_1_1_3_2_r38_k)/3)*x+1)
fired    1_2_1_2 r3  (2*x-2*cos((%pi*_mr_1_1_3_2_r38_k)/3))/(x^2-2*cos((%pi*_mr_1_1_3_2_r38_k)/3)*x+1)
fired    1_2_1_2 r9  (cos((4*%pi*_mr_1_1_3_2_r38_k)/3)-cos((5*%pi*_mr_1_1_3_2_r38_k)/3)*x)/(x^2-2*cos((%pi*_mr_1_1_3_2_r38_k)/3)*x+1)
fired    1_1_2_1 r11  1/(-x^2+4*cos((%pi*_mr_1_1_3_2_r38_k)/3)^2-4)
fired    1_2_1_1 r12  1/(x^2+2*cos((%pi*_mr_1_1_3_2_r38_k)/3)*x+1)
fired    1_2_1_2 r3  (2*x+2*cos((%pi*_mr_1_1_3_2_r38_k)/3))/(x^2+2*cos((%pi*_mr_1_1_3_2_r38_k)/3)*x+1)
fired    1_2_1_2 r9  (cos((5*%pi*_mr_1_1_3_2_r38_k)/3)*x+cos((4*%pi*_mr_1_1_3_2_r38_k)/3))/(x^2+2*cos((%pi*_mr_1_1_3_2_r38_k)/3)*x+1)
fired    1_1_2_1 r13  1/(1-x^2)
fired    1_1_3_2 r38  x^4/(1-x^6)
fired    1_1_2_2 r27  (%i*x)^(2/3)/(x^2+1)
fired    1_1_2_2 r25  1/((%i*x)^(4/3)*(x^2+1))
fired    4_7_5 r21  1/(-(%i*%mr_itan(%i*d*x+%i*c+%pi/2)))^(4/3)
fired    4_1_0_1 r1  1/coth(d*x+c)^(4/3)
fired    9_1 r12  1/(b^(2/3)*coth(d*x+c)^(4/3))
RUBI-CPU 2.394926 
ANSWER -((%i*(%i*coth(d*x+c)^(1/3)*(log(coth(d*x+c)^(2/3)+coth(d*x+c)^(1/3)+1)-log(coth(d*x+c)^(2/3)-coth(d*x+c)^(1/3)+1)-2*sqrt(3)*atan((2*coth(d*x+c)^(1/3)+1)/sqrt(3))-2*sqrt(3)*atan((2*coth(d*x+c)^(1/3)-1)/sqrt(3))+2*log(-((coth(d*x+c)^(1/3)+1)/(coth(d*x+c)^(1/3)-1))))-12*%i))/(4*b^(2/3)*d*coth(d*x+c)^(1/3))) 

# entry 6.4 Hyperbolic cotangent/6.4.2 Hyperbolic cotangent functions.mac e26  integrand 1/(b*coth(c+d*x)^2)^(2/3)
# core /home/serge/src/mr-attr/test/mr_rules.core  cap 60  hit_cap False  cpu [2.962528]
fired    1_1_2_1 r11  1/(-x^2+4*cos((%pi*(2*_mr_1_1_3_2_r37_k-1))/6)^2-4)
fired    1_2_1_1 r12  1/(x^2-2*cos((%pi*(2*_mr_1_1_3_2_r37_k-1))/6)*x+1)
fired    1_2_1_2 r3  (2*x-2*cos((%pi*(2*_mr_1_1_3_2_r37_k-1))/6))/(x^2-2*cos((%pi*(2*_mr_1_1_3_2_r37_k-1))/6)*x+1)
fired    1_2_1_2 r9  (cos((2*%pi*(2*_mr_1_1_3_2_r37_k-1))/3)-cos((5*%pi*(2*_mr_1_1_3_2_r37_k-1))/6)*x)/(x^2-2*cos((%pi*(2*_mr_1_1_3_2_r37_k-1))/6)*x+1)
fired    1_1_2_1 r11  1/(-x^2+4*cos((%pi*(2*_mr_1_1_3_2_r37_k-1))/6)^2-4)
fired    1_2_1_1 r12  1/(x^2+2*cos((%pi*(2*_mr_1_1_3_2_r37_k-1))/6)*x+1)
fired    1_2_1_2 r3  (2*x+2*cos((%pi*(2*_mr_1_1_3_2_r37_k-1))/6))/(x^2+2*cos((%pi*(2*_mr_1_1_3_2_r37_k-1))/6)*x+1)
fired    1_2_1_2 r9  (cos((5*%pi*(2*_mr_1_1_3_2_r37_k-1))/6)*x+cos((2*%pi*(2*_mr_1_1_3_2_r37_k-1))/3))/(x^2+2*cos((%pi*(2*_mr_1_1_3_2_r37_k-1))/6)*x+1)
fired    1_1_2_1 r10  1/(x^2+1)
fired    1_1_3_2 r37  x^4/(x^6+1)
fired    1_1_2_2 r27  x^(2/3)/(x^2+1)
fired    4_3_1_1 r4  (-%mr_itan(%i*d*x+%i*c+%pi/2))^(2/3)
fired    4_1_0_1 r1  cot(%i*d*x+%i*c)^(2/3)
fired    9_3 r41  (%i*cot(%i*d*x+%i*c))^(2/3)
fired    4_3_1_1 r2  1/(-(%i*%mr_itan(%i*d*x+%i*c+%pi/2)))^(4/3)
fired    4_1_0_1 r1  1/coth(d*x+c)^(4/3)
fired    9_1 r12  1/(b^(2/3)*coth(d*x+c)^(4/3))
RUBI-CPU 2.893493 
ANSWER (-((%i*(%i*cot(%i*d*x+%i*c))^(2/3)*(sqrt(3)*log((-(%i*coth(d*x+c)))^(2/3)+sqrt(3)*(-(%i*coth(d*x+c)))^(1/3)+1)-sqrt(3)*log((-(%i*coth(d*x+c)))^(2/3)-sqrt(3)*(-(%i*coth(d*x+c)))^(1/3)+1)-2*atan(2*(-(%i*coth(d*x+c)))^(1/3)+sqrt(3))-2*atan(2*(-(%i*coth(d*x+c)))^(1/3)-sqrt(3))-4*atan((-(%i*coth(d*x+c)))^(1/3))))/(4*d*cot(%i*d*x+%i*c)^(2/3)))-3/(d*(%i*cot(%i*d*x+%i*c))^(1/3)))/b^(2/3) 

# entry 6.4 Hyperbolic cotangent/6.4.2 Hyperbolic cotangent functions.mac e27  integrand 1/(b*coth(c+d*x)^2)^(4/3)
# core /home/serge/src/mr-attr-base/test/mr_rules.core  cap 60  hit_cap False  cpu [2.428406]
fired    1_1_2_1 r11  1/(-x^2+4*cos((%pi*(2*_mr_1_1_3_1_r21_k-1))/6)^2-4)
fired    1_2_1_1 r12  1/(x^2-2*cos((%pi*(2*_mr_1_1_3_1_r21_k-1))/6)*x+1)
fired    1_2_1_2 r3  (2*x-2*cos((%pi*(2*_mr_1_1_3_1_r21_k-1))/6))/(x^2-2*cos((%pi*(2*_mr_1_1_3_1_r21_k-1))/6)*x+1)
fired    1_2_1_2 r9  (1-cos((%pi*(2*_mr_1_1_3_1_r21_k-1))/6)*x)/(x^2-2*cos((%pi*(2*_mr_1_1_3_1_r21_k-1))/6)*x+1)
fired    1_1_2_1 r11  1/(-x^2+4*cos((%pi*(2*_mr_1_1_3_1_r21_k-1))/6)^2-4)
fired    1_2_1_1 r12  1/(x^2+2*cos((%pi*(2*_mr_1_1_3_1_r21_k-1))/6)*x+1)
fired    1_2_1_2 r3  (2*x+2*cos((%pi*(2*_mr_1_1_3_1_r21_k-1))/6))/(x^2+2*cos((%pi*(2*_mr_1_1_3_1_r21_k-1))/6)*x+1)
fired    1_2_1_2 r9  (cos((%pi*(2*_mr_1_1_3_1_r21_k-1))/6)*x+1)/(x^2+2*cos((%pi*(2*_mr_1_1_3_1_r21_k-1))/6)*x+1)
fired    1_1_2_1 r10  1/(x^2+1)
fired    1_1_3_1 r21  1/(x^6+1)
fired    1_1_2_2 r27  1/((-x)^(2/3)*(x^2+1))
fired    1_1_2_2 r25  1/((-x)^(8/3)*(x^2+1))
fired    4_7_5 r21  1/%mr_itan(%i*d*x+%i*c+%pi/2)^(8/3)
misfire (inert head leaked) 9_3 r41  1/(-(%i*%mr_itan(%i*d*x+%i*c+%pi/2)))^(8/3)
fired    1_1_2_1 r11  1/(-x^2+4*cos((%pi*_mr_1_1_3_1_r22_k)/3)^2-4)
fired    1_2_1_1 r12  1/(x^2-2*cos((%pi*_mr_1_1_3_1_r22_k)/3)*x+1)
fired    1_2_1_2 r3  (2*x-2*cos((%pi*_mr_1_1_3_1_r22_k)/3))/(x^2-2*cos((%pi*_mr_1_1_3_1_r22_k)/3)*x+1)
fired    1_2_1_2 r9  (1-cos((%pi*_mr_1_1_3_1_r22_k)/3)*x)/(x^2-2*cos((%pi*_mr_1_1_3_1_r22_k)/3)*x+1)
fired    1_1_2_1 r11  1/(-x^2+4*cos((%pi*_mr_1_1_3_1_r22_k)/3)^2-4)
fired    1_2_1_1 r12  1/(x^2+2*cos((%pi*_mr_1_1_3_1_r22_k)/3)*x+1)
fired    1_2_1_2 r3  (2*x+2*cos((%pi*_mr_1_1_3_1_r22_k)/3))/(x^2+2*cos((%pi*_mr_1_1_3_1_r22_k)/3)*x+1)
fired    1_2_1_2 r9  (cos((%pi*_mr_1_1_3_1_r22_k)/3)*x+1)/(x^2+2*cos((%pi*_mr_1_1_3_1_r22_k)/3)*x+1)
fired    1_1_2_1 r13  1/(1-x^2)
fired    1_1_3_1 r22  1/(1-x^6)
fired    1_1_2_2 r27  1/((%i*x)^(2/3)*(x^2+1))
fired    1_1_2_2 r25  1/((%i*x)^(8/3)*(x^2+1))
fired    4_7_5 r21  1/(-(%i*%mr_itan(%i*d*x+%i*c+%pi/2)))^(8/3)
fired    4_1_0_1 r1  1/coth(d*x+c)^(8/3)
fired    9_1 r12  1/(b^(4/3)*coth(d*x+c)^(8/3))
RUBI-CPU 2.381168 
ANSWER -((%i*(%i*coth(d*x+c)^(5/3)*(5*log(coth(d*x+c)^(2/3)+coth(d*x+c)^(1/3)+1)-5*log(coth(d*x+c)^(2/3)-coth(d*x+c)^(1/3)+1)+10*sqrt(3)*atan((2*coth(d*x+c)^(1/3)+1)/sqrt(3))+10*sqrt(3)*atan((2*coth(d*x+c)^(1/3)-1)/sqrt(3))+10*log(-((coth(d*x+c)^(1/3)+1)/(coth(d*x+c)^(1/3)-1))))-12*%i))/(20*b^(4/3)*d*coth(d*x+c)^(5/3))) 

# entry 6.4 Hyperbolic cotangent/6.4.2 Hyperbolic cotangent functions.mac e27  integrand 1/(b*coth(c+d*x)^2)^(4/3)
# core /home/serge/src/mr-attr/test/mr_rules.core  cap 60  hit_cap False  cpu [2.914765]
fired    1_1_2_1 r11  1/(-x^2+4*cos((%pi*(2*_mr_1_1_3_1_r21_k-1))/6)^2-4)
fired    1_2_1_1 r12  1/(x^2-2*cos((%pi*(2*_mr_1_1_3_1_r21_k-1))/6)*x+1)
fired    1_2_1_2 r3  (2*x-2*cos((%pi*(2*_mr_1_1_3_1_r21_k-1))/6))/(x^2-2*cos((%pi*(2*_mr_1_1_3_1_r21_k-1))/6)*x+1)
fired    1_2_1_2 r9  (1-cos((%pi*(2*_mr_1_1_3_1_r21_k-1))/6)*x)/(x^2-2*cos((%pi*(2*_mr_1_1_3_1_r21_k-1))/6)*x+1)
fired    1_1_2_1 r11  1/(-x^2+4*cos((%pi*(2*_mr_1_1_3_1_r21_k-1))/6)^2-4)
fired    1_2_1_1 r12  1/(x^2+2*cos((%pi*(2*_mr_1_1_3_1_r21_k-1))/6)*x+1)
fired    1_2_1_2 r3  (2*x+2*cos((%pi*(2*_mr_1_1_3_1_r21_k-1))/6))/(x^2+2*cos((%pi*(2*_mr_1_1_3_1_r21_k-1))/6)*x+1)
fired    1_2_1_2 r9  (cos((%pi*(2*_mr_1_1_3_1_r21_k-1))/6)*x+1)/(x^2+2*cos((%pi*(2*_mr_1_1_3_1_r21_k-1))/6)*x+1)
fired    1_1_2_1 r10  1/(x^2+1)
fired    1_1_3_1 r21  1/(x^6+1)
fired    1_1_2_2 r27  1/(x^(2/3)*(x^2+1))
fired    4_3_1_1 r4  1/(-%mr_itan(%i*d*x+%i*c+%pi/2))^(2/3)
fired    4_1_0_1 r1  1/cot(%i*d*x+%i*c)^(2/3)
fired    9_3 r41  1/(%i*cot(%i*d*x+%i*c))^(2/3)
fired    4_3_1_1 r2  1/(-(%i*%mr_itan(%i*d*x+%i*c+%pi/2)))^(8/3)
fired    4_1_0_1 r1  1/coth(d*x+c)^(8/3)
fired    9_1 r12  1/(b^(4/3)*coth(d*x+c)^(8/3))
RUBI-CPU 2.8551200000000003 
ANSWER ((%i*cot(%i*d*x+%i*c)^(2/3)*(sqrt(3)*log((-(%i*coth(d*x+c)))^(2/3)+sqrt(3)*(-(%i*coth(d*x+c)))^(1/3)+1)-sqrt(3)*log((-(%i*coth(d*x+c)))^(2/3)-sqrt(3)*(-(%i*coth(d*x+c)))^(1/3)+1)+2*atan(2*(-(%i*coth(d*x+c)))^(1/3)+sqrt(3))+2*atan(2*(-(%i*coth(d*x+c)))^(1/3)-sqrt(3))+4*atan((-(%i*coth(d*x+c)))^(1/3))))/(4*d*(%i*cot(%i*d*x+%i*c))^(2/3))-3/(5*d*(%i*cot(%i*d*x+%i*c))^(5/3)))/b^(4/3) 

# entry 6.4 Hyperbolic cotangent/6.4.2 Hyperbolic cotangent functions.mac e44  integrand (b*coth(c+d*x)^4)^(4/3)
# core /home/serge/src/mr-attr-base/test/mr_rules.core  cap 60  hit_cap False  cpu [2.603934]
fired    1_1_2_1 r11  1/(-x^2+4*cos((%pi*(2*_mr_1_1_3_1_r21_k-1))/6)^2-4)
fired    1_2_1_1 r12  1/(x^2-2*cos((%pi*(2*_mr_1_1_3_1_r21_k-1))/6)*x+1)
fired    1_2_1_2 r3  (2*x-2*cos((%pi*(2*_mr_1_1_3_1_r21_k-1))/6))/(x^2-2*cos((%pi*(2*_mr_1_1_3_1_r21_k-1))/6)*x+1)
fired    1_2_1_2 r9  (1-cos((%pi*(2*_mr_1_1_3_1_r21_k-1))/6)*x)/(x^2-2*cos((%pi*(2*_mr_1_1_3_1_r21_k-1))/6)*x+1)
fired    1_1_2_1 r11  1/(-x^2+4*cos((%pi*(2*_mr_1_1_3_1_r21_k-1))/6)^2-4)
fired    1_2_1_1 r12  1/(x^2+2*cos((%pi*(2*_mr_1_1_3_1_r21_k-1))/6)*x+1)
fired    1_2_1_2 r3  (2*x+2*cos((%pi*(2*_mr_1_1_3_1_r21_k-1))/6))/(x^2+2*cos((%pi*(2*_mr_1_1_3_1_r21_k-1))/6)*x+1)
fired    1_2_1_2 r9  (cos((%pi*(2*_mr_1_1_3_1_r21_k-1))/6)*x+1)/(x^2+2*cos((%pi*(2*_mr_1_1_3_1_r21_k-1))/6)*x+1)
fired    1_1_2_1 r10  1/(x^2+1)
fired    1_1_3_1 r21  1/(x^6+1)
fired    1_1_2_2 r27  1/((-x)^(2/3)*(x^2+1))
fired    1_1_2_2 r23  (-x)^(4/3)/(x^2+1)
fired    1_1_2_2 r23  (-x)^(10/3)/(x^2+1)
fired    1_1_2_2 r23  (-x)^(16/3)/(x^2+1)
fired    4_7_5 r21  %mr_itan(%i*d*x+%i*c+%pi/2)^(16/3)
misfire (inert head leaked) 9_3 r41  (-(%i*%mr_itan(%i*d*x+%i*c+%pi/2)))^(16/3)
fired    1_1_2_1 r11  1/(-x^2+4*cos((%pi*_mr_1_1_3_1_r22_k)/3)^2-4)
fired    1_2_1_1 r12  1/(x^2-2*cos((%pi*_mr_1_1_3_1_r22_k)/3)*x+1)
fired    1_2_1_2 r3  (2*x-2*cos((%pi*_mr_1_1_3_1_r22_k)/3))/(x^2-2*cos((%pi*_mr_1_1_3_1_r22_k)/3)*x+1)
fired    1_2_1_2 r9  (1-cos((%pi*_mr_1_1_3_1_r22_k)/3)*x)/(x^2-2*cos((%pi*_mr_1_1_3_1_r22_k)/3)*x+1)
fired    1_1_2_1 r11  1/(-x^2+4*cos((%pi*_mr_1_1_3_1_r22_k)/3)^2-4)
fired    1_2_1_1 r12  1/(x^2+2*cos((%pi*_mr_1_1_3_1_r22_k)/3)*x+1)
fired    1_2_1_2 r3  (2*x+2*cos((%pi*_mr_1_1_3_1_r22_k)/3))/(x^2+2*cos((%pi*_mr_1_1_3_1_r22_k)/3)*x+1)
fired    1_2_1_2 r9  (cos((%pi*_mr_1_1_3_1_r22_k)/3)*x+1)/(x^2+2*cos((%pi*_mr_1_1_3_1_r22_k)/3)*x+1)
fired    1_1_2_1 r13  1/(1-x^2)
fired    1_1_3_1 r22  1/(1-x^6)
fired    1_1_2_2 r27  1/((%i*x)^(2/3)*(x^2+1))
fired    1_1_2_2 r23  (%i*x)^(4/3)/(x^2+1)
fired    1_1_2_2 r23  (%i*x)^(10/3)/(x^2+1)
fired    1_1_2_2 r23  (%i*x)^(16/3)/(x^2+1)
fired    4_7_5 r21  (-(%i*%mr_itan(%i*d*x+%i*c+%pi/2)))^(16/3)
fired    4_1_0_1 r1  coth(d*x+c)^(16/3)
fired    9_1 r12  b^(4/3)*coth(d*x+c)^(16/3)
RUBI-CPU 2.553336 
ANSWER (%i*b^(4/3)*(%i*(-(91*log(coth(d*x+c)^(2/3)+coth(d*x+c)^(1/3)+1))+91*log(coth(d*x+c)^(2/3)-coth(d*x+c)^(1/3)+1)-182*sqrt(3)*atan((2*coth(d*x+c)^(1/3)+1)/sqrt(3))-182*sqrt(3)*atan((2*coth(d*x+c)^(1/3)-1)/sqrt(3))-182*log(-((coth(d*x+c)^(1/3)+1)/(coth(d*x+c)^(1/3)-1))))+84*%i*coth(d*x+c)^(13/3)+156*%i*coth(d*x+c)^(7/3)+1092*%i*coth(d*x+c)^(1/3)))/(364*d) 

# entry 6.4 Hyperbolic cotangent/6.4.2 Hyperbolic cotangent functions.mac e44  integrand (b*coth(c+d*x)^4)^(4/3)
# core /home/serge/src/mr-attr/test/mr_rules.core  cap 60  hit_cap False  cpu [3.585962]
fired    1_1_2_1 r11  1/(-x^2+4*cos((%pi*(2*_mr_1_1_3_1_r21_k-1))/6)^2-4)
fired    1_2_1_1 r12  1/(x^2-2*cos((%pi*(2*_mr_1_1_3_1_r21_k-1))/6)*x+1)
fired    1_2_1_2 r3  (2*x-2*cos((%pi*(2*_mr_1_1_3_1_r21_k-1))/6))/(x^2-2*cos((%pi*(2*_mr_1_1_3_1_r21_k-1))/6)*x+1)
fired    1_2_1_2 r9  (1-cos((%pi*(2*_mr_1_1_3_1_r21_k-1))/6)*x)/(x^2-2*cos((%pi*(2*_mr_1_1_3_1_r21_k-1))/6)*x+1)
fired    1_1_2_1 r11  1/(-x^2+4*cos((%pi*(2*_mr_1_1_3_1_r21_k-1))/6)^2-4)
fired    1_2_1_1 r12  1/(x^2+2*cos((%pi*(2*_mr_1_1_3_1_r21_k-1))/6)*x+1)
fired    1_2_1_2 r3  (2*x+2*cos((%pi*(2*_mr_1_1_3_1_r21_k-1))/6))/(x^2+2*cos((%pi*(2*_mr_1_1_3_1_r21_k-1))/6)*x+1)
fired    1_2_1_2 r9  (cos((%pi*(2*_mr_1_1_3_1_r21_k-1))/6)*x+1)/(x^2+2*cos((%pi*(2*_mr_1_1_3_1_r21_k-1))/6)*x+1)
fired    1_1_2_1 r10  1/(x^2+1)
fired    1_1_3_1 r21  1/(x^6+1)
fired    1_1_2_2 r27  1/(x^(2/3)*(x^2+1))
fired    4_3_1_1 r4  1/(-%mr_itan(%i*d*x+%i*c+%pi/2))^(2/3)
fired    4_1_0_1 r1  1/cot(%i*d*x+%i*c)^(2/3)
fired    4_3_1_1 r1  (-%mr_itan(%i*d*x+%i*c+%pi/2))^(4/3)
fired    4_1_0_1 r1  cot(%i*d*x+%i*c)^(4/3)
fired    4_3_1_1 r1  (-%mr_itan(%i*d*x+%i*c+%pi/2))^(10/3)
fired    4_1_0_1 r1  cot(%i*d*x+%i*c)^(10/3)
fired    9_3 r41  (%i*cot(%i*d*x+%i*c))^(10/3)
fired    4_3_1_1 r1  (-(%i*%mr_itan(%i*d*x+%i*c+%pi/2)))^(16/3)
fired    4_1_0_1 r1  coth(d*x+c)^(16/3)
fired    9_1 r12  b^(4/3)*coth(d*x+c)^(16/3)
RUBI-CPU 3.520561 
ANSWER b^(4/3)*(-((%i*(%i*cot(%i*d*x+%i*c))^(1/3)*((%i*(sqrt(3)*log((-(%i*coth(d*x+c)))^(2/3)+sqrt(3)*(-(%i*coth(d*x+c)))^(1/3)+1)-sqrt(3)*log((-(%i*coth(d*x+c)))^(2/3)-sqrt(3)*(-(%i*coth(d*x+c)))^(1/3)+1)+2*atan(2*(-(%i*coth(d*x+c)))^(1/3)+sqrt(3))+2*atan(2*(-(%i*coth(d*x+c)))^(1/3)-sqrt(3))+4*atan((-(%i*coth(d*x+c)))^(1/3))))/(4*d)+(3*%i*cot(%i*d*x+%i*c)^(7/3))/(7*d)-(3*%i*cot(%i*d*x+%i*c)^(1/3))/d))/cot(%i*d*x+%i*c)^(1/3))-(3*(%i*cot(%i*d*x+%i*c))^(13/3))/(13*d)) 

# entry 6.4 Hyperbolic cotangent/6.4.2 Hyperbolic cotangent functions.mac e46  integrand (b*coth(c+d*x)^4)^(1/3)
# core /home/serge/src/mr-attr-base/test/mr_rules.core  cap 60  hit_cap False  cpu [2.481631]
fired    1_1_2_1 r11  1/(-x^2+4*cos((%pi*(2*_mr_1_1_3_1_r21_k-1))/6)^2-4)
fired    1_2_1_1 r12  1/(x^2-2*cos((%pi*(2*_mr_1_1_3_1_r21_k-1))/6)*x+1)
fired    1_2_1_2 r3  (2*x-2*cos((%pi*(2*_mr_1_1_3_1_r21_k-1))/6))/(x^2-2*cos((%pi*(2*_mr_1_1_3_1_r21_k-1))/6)*x+1)
fired    1_2_1_2 r9  (1-cos((%pi*(2*_mr_1_1_3_1_r21_k-1))/6)*x)/(x^2-2*cos((%pi*(2*_mr_1_1_3_1_r21_k-1))/6)*x+1)
fired    1_1_2_1 r11  1/(-x^2+4*cos((%pi*(2*_mr_1_1_3_1_r21_k-1))/6)^2-4)
fired    1_2_1_1 r12  1/(x^2+2*cos((%pi*(2*_mr_1_1_3_1_r21_k-1))/6)*x+1)
fired    1_2_1_2 r3  (2*x+2*cos((%pi*(2*_mr_1_1_3_1_r21_k-1))/6))/(x^2+2*cos((%pi*(2*_mr_1_1_3_1_r21_k-1))/6)*x+1)
fired    1_2_1_2 r9  (cos((%pi*(2*_mr_1_1_3_1_r21_k-1))/6)*x+1)/(x^2+2*cos((%pi*(2*_mr_1_1_3_1_r21_k-1))/6)*x+1)
fired    1_1_2_1 r10  1/(x^2+1)
fired    1_1_3_1 r21  1/(x^6+1)
fired    1_1_2_2 r27  1/((-x)^(2/3)*(x^2+1))
fired    1_1_2_2 r23  (-x)^(4/3)/(x^2+1)
fired    4_7_5 r21  %mr_itan(%i*d*x+%i*c+%pi/2)^(4/3)
misfire (inert head leaked) 9_3 r41  (-(%i*%mr_itan(%i*d*x+%i*c+%pi/2)))^(4/3)
fired    1_1_2_1 r11  1/(-x^2+4*cos((%pi*_mr_1_1_3_1_r22_k)/3)^2-4)
fired    1_2_1_1 r12  1/(x^2-2*cos((%pi*_mr_1_1_3_1_r22_k)/3)*x+1)
fired    1_2_1_2 r3  (2*x-2*cos((%pi*_mr_1_1_3_1_r22_k)/3))/(x^2-2*cos((%pi*_mr_1_1_3_1_r22_k)/3)*x+1)
fired    1_2_1_2 r9  (1-cos((%pi*_mr_1_1_3_1_r22_k)/3)*x)/(x^2-2*cos((%pi*_mr_1_1_3_1_r22_k)/3)*x+1)
fired    1_1_2_1 r11  1/(-x^2+4*cos((%pi*_mr_1_1_3_1_r22_k)/3)^2-4)
fired    1_2_1_1 r12  1/(x^2+2*cos((%pi*_mr_1_1_3_1_r22_k)/3)*x+1)
fired    1_2_1_2 r3  (2*x+2*cos((%pi*_mr_1_1_3_1_r22_k)/3))/(x^2+2*cos((%pi*_mr_1_1_3_1_r22_k)/3)*x+1)
fired    1_2_1_2 r9  (cos((%pi*_mr_1_1_3_1_r22_k)/3)*x+1)/(x^2+2*cos((%pi*_mr_1_1_3_1_r22_k)/3)*x+1)
fired    1_1_2_1 r13  1/(1-x^2)
fired    1_1_3_1 r22  1/(1-x^6)
fired    1_1_2_2 r27  1/((%i*x)^(2/3)*(x^2+1))
fired    1_1_2_2 r23  (%i*x)^(4/3)/(x^2+1)
fired    4_7_5 r21  (-(%i*%mr_itan(%i*d*x+%i*c+%pi/2)))^(4/3)
fired    4_1_0_1 r1  coth(d*x+c)^(4/3)
fired    9_1 r12  b^(1/3)*coth(d*x+c)^(4/3)
RUBI-CPU 2.428955 
ANSWER (%i*b^(1/3)*(%i*(-log(coth(d*x+c)^(2/3)+coth(d*x+c)^(1/3)+1)+log(coth(d*x+c)^(2/3)-coth(d*x+c)^(1/3)+1)-2*sqrt(3)*atan((2*coth(d*x+c)^(1/3)+1)/sqrt(3))-2*sqrt(3)*atan((2*coth(d*x+c)^(1/3)-1)/sqrt(3))-2*log(-((coth(d*x+c)^(1/3)+1)/(coth(d*x+c)^(1/3)-1))))+12*%i*coth(d*x+c)^(1/3)))/(4*d) 

# entry 6.4 Hyperbolic cotangent/6.4.2 Hyperbolic cotangent functions.mac e46  integrand (b*coth(c+d*x)^4)^(1/3)
# core /home/serge/src/mr-attr/test/mr_rules.core  cap 60  hit_cap False  cpu [3.068936]
fired    1_1_2_1 r11  1/(-x^2+4*cos((%pi*(2*_mr_1_1_3_1_r21_k-1))/6)^2-4)
fired    1_2_1_1 r12  1/(x^2-2*cos((%pi*(2*_mr_1_1_3_1_r21_k-1))/6)*x+1)
fired    1_2_1_2 r3  (2*x-2*cos((%pi*(2*_mr_1_1_3_1_r21_k-1))/6))/(x^2-2*cos((%pi*(2*_mr_1_1_3_1_r21_k-1))/6)*x+1)
fired    1_2_1_2 r9  (1-cos((%pi*(2*_mr_1_1_3_1_r21_k-1))/6)*x)/(x^2-2*cos((%pi*(2*_mr_1_1_3_1_r21_k-1))/6)*x+1)
fired    1_1_2_1 r11  1/(-x^2+4*cos((%pi*(2*_mr_1_1_3_1_r21_k-1))/6)^2-4)
fired    1_2_1_1 r12  1/(x^2+2*cos((%pi*(2*_mr_1_1_3_1_r21_k-1))/6)*x+1)
fired    1_2_1_2 r3  (2*x+2*cos((%pi*(2*_mr_1_1_3_1_r21_k-1))/6))/(x^2+2*cos((%pi*(2*_mr_1_1_3_1_r21_k-1))/6)*x+1)
fired    1_2_1_2 r9  (cos((%pi*(2*_mr_1_1_3_1_r21_k-1))/6)*x+1)/(x^2+2*cos((%pi*(2*_mr_1_1_3_1_r21_k-1))/6)*x+1)
fired    1_1_2_1 r10  1/(x^2+1)
fired    1_1_3_1 r21  1/(x^6+1)
fired    1_1_2_2 r27  1/(x^(2/3)*(x^2+1))
fired    4_3_1_1 r4  1/(-%mr_itan(%i*d*x+%i*c+%pi/2))^(2/3)
fired    4_1_0_1 r1  1/cot(%i*d*x+%i*c)^(2/3)
fired    9_3 r41  1/(%i*cot(%i*d*x+%i*c))^(2/3)
fired    4_3_1_1 r1  (-(%i*%mr_itan(%i*d*x+%i*c+%pi/2)))^(4/3)
fired    4_1_0_1 r1  coth(d*x+c)^(4/3)
fired    9_1 r12  b^(1/3)*coth(d*x+c)^(4/3)
RUBI-CPU 2.9956229999999997 
ANSWER b^(1/3)*((%i*cot(%i*d*x+%i*c)^(2/3)*(sqrt(3)*log((-(%i*coth(d*x+c)))^(2/3)+sqrt(3)*(-(%i*coth(d*x+c)))^(1/3)+1)-sqrt(3)*log((-(%i*coth(d*x+c)))^(2/3)-sqrt(3)*(-(%i*coth(d*x+c)))^(1/3)+1)+2*atan(2*(-(%i*coth(d*x+c)))^(1/3)+sqrt(3))+2*atan(2*(-(%i*coth(d*x+c)))^(1/3)-sqrt(3))+4*atan((-(%i*coth(d*x+c)))^(1/3))))/(4*d*(%i*cot(%i*d*x+%i*c))^(2/3))-(3*(%i*cot(%i*d*x+%i*c))^(1/3))/d) 

# entry 6.4 Hyperbolic cotangent/6.4.2 Hyperbolic cotangent functions.mac e47  integrand 1/(b*coth(c+d*x)^4)^(1/3)
# core /home/serge/src/mr-attr-base/test/mr_rules.core  cap 60  hit_cap False  cpu [2.502702]
fired    1_1_2_1 r11  1/(-x^2+4*cos((%pi*(2*_mr_1_1_3_2_r37_k-1))/6)^2-4)
fired    1_2_1_1 r12  1/(x^2-2*cos((%pi*(2*_mr_1_1_3_2_r37_k-1))/6)*x+1)
fired    1_2_1_2 r3  (2*x-2*cos((%pi*(2*_mr_1_1_3_2_r37_k-1))/6))/(x^2-2*cos((%pi*(2*_mr_1_1_3_2_r37_k-1))/6)*x+1)
fired    1_2_1_2 r9  (cos((2*%pi*(2*_mr_1_1_3_2_r37_k-1))/3)-cos((5*%pi*(2*_mr_1_1_3_2_r37_k-1))/6)*x)/(x^2-2*cos((%pi*(2*_mr_1_1_3_2_r37_k-1))/6)*x+1)
fired    1_1_2_1 r11  1/(-x^2+4*cos((%pi*(2*_mr_1_1_3_2_r37_k-1))/6)^2-4)
fired    1_2_1_1 r12  1/(x^2+2*cos((%pi*(2*_mr_1_1_3_2_r37_k-1))/6)*x+1)
fired    1_2_1_2 r3  (2*x+2*cos((%pi*(2*_mr_1_1_3_2_r37_k-1))/6))/(x^2+2*cos((%pi*(2*_mr_1_1_3_2_r37_k-1))/6)*x+1)
fired    1_2_1_2 r9  (cos((5*%pi*(2*_mr_1_1_3_2_r37_k-1))/6)*x+cos((2*%pi*(2*_mr_1_1_3_2_r37_k-1))/3))/(x^2+2*cos((%pi*(2*_mr_1_1_3_2_r37_k-1))/6)*x+1)
fired    1_1_2_1 r10  1/(x^2+1)
fired    1_1_3_2 r37  x^4/(x^6+1)
fired    1_1_2_2 r27  (-x)^(2/3)/(x^2+1)
fired    1_1_2_2 r25  1/((-x)^(4/3)*(x^2+1))
fired    4_7_5 r21  1/%mr_itan(%i*d*x+%i*c+%pi/2)^(4/3)
misfire (inert head leaked) 9_3 r41  1/(-(%i*%mr_itan(%i*d*x+%i*c+%pi/2)))^(4/3)
fired    1_1_2_1 r11  1/(-x^2+4*cos((%pi*_mr_1_1_3_2_r38_k)/3)^2-4)
fired    1_2_1_1 r12  1/(x^2-2*cos((%pi*_mr_1_1_3_2_r38_k)/3)*x+1)
fired    1_2_1_2 r3  (2*x-2*cos((%pi*_mr_1_1_3_2_r38_k)/3))/(x^2-2*cos((%pi*_mr_1_1_3_2_r38_k)/3)*x+1)
fired    1_2_1_2 r9  (cos((4*%pi*_mr_1_1_3_2_r38_k)/3)-cos((5*%pi*_mr_1_1_3_2_r38_k)/3)*x)/(x^2-2*cos((%pi*_mr_1_1_3_2_r38_k)/3)*x+1)
fired    1_1_2_1 r11  1/(-x^2+4*cos((%pi*_mr_1_1_3_2_r38_k)/3)^2-4)
fired    1_2_1_1 r12  1/(x^2+2*cos((%pi*_mr_1_1_3_2_r38_k)/3)*x+1)
fired    1_2_1_2 r3  (2*x+2*cos((%pi*_mr_1_1_3_2_r38_k)/3))/(x^2+2*cos((%pi*_mr_1_1_3_2_r38_k)/3)*x+1)
fired    1_2_1_2 r9  (cos((5*%pi*_mr_1_1_3_2_r38_k)/3)*x+cos((4*%pi*_mr_1_1_3_2_r38_k)/3))/(x^2+2*cos((%pi*_mr_1_1_3_2_r38_k)/3)*x+1)
fired    1_1_2_1 r13  1/(1-x^2)
fired    1_1_3_2 r38  x^4/(1-x^6)
fired    1_1_2_2 r27  (%i*x)^(2/3)/(x^2+1)
fired    1_1_2_2 r25  1/((%i*x)^(4/3)*(x^2+1))
fired    4_7_5 r21  1/(-(%i*%mr_itan(%i*d*x+%i*c+%pi/2)))^(4/3)
fired    4_1_0_1 r1  1/coth(d*x+c)^(4/3)
fired    9_1 r12  1/(b^(1/3)*coth(d*x+c)^(4/3))
RUBI-CPU 2.441359 
ANSWER -((%i*(%i*coth(d*x+c)^(1/3)*(log(coth(d*x+c)^(2/3)+coth(d*x+c)^(1/3)+1)-log(coth(d*x+c)^(2/3)-coth(d*x+c)^(1/3)+1)-2*sqrt(3)*atan((2*coth(d*x+c)^(1/3)+1)/sqrt(3))-2*sqrt(3)*atan((2*coth(d*x+c)^(1/3)-1)/sqrt(3))+2*log(-((coth(d*x+c)^(1/3)+1)/(coth(d*x+c)^(1/3)-1))))-12*%i))/(4*b^(1/3)*d*coth(d*x+c)^(1/3))) 

# entry 6.4 Hyperbolic cotangent/6.4.2 Hyperbolic cotangent functions.mac e47  integrand 1/(b*coth(c+d*x)^4)^(1/3)
# core /home/serge/src/mr-attr/test/mr_rules.core  cap 60  hit_cap False  cpu [3.060096]
fired    1_1_2_1 r11  1/(-x^2+4*cos((%pi*(2*_mr_1_1_3_2_r37_k-1))/6)^2-4)
fired    1_2_1_1 r12  1/(x^2-2*cos((%pi*(2*_mr_1_1_3_2_r37_k-1))/6)*x+1)
fired    1_2_1_2 r3  (2*x-2*cos((%pi*(2*_mr_1_1_3_2_r37_k-1))/6))/(x^2-2*cos((%pi*(2*_mr_1_1_3_2_r37_k-1))/6)*x+1)
fired    1_2_1_2 r9  (cos((2*%pi*(2*_mr_1_1_3_2_r37_k-1))/3)-cos((5*%pi*(2*_mr_1_1_3_2_r37_k-1))/6)*x)/(x^2-2*cos((%pi*(2*_mr_1_1_3_2_r37_k-1))/6)*x+1)
fired    1_1_2_1 r11  1/(-x^2+4*cos((%pi*(2*_mr_1_1_3_2_r37_k-1))/6)^2-4)
fired    1_2_1_1 r12  1/(x^2+2*cos((%pi*(2*_mr_1_1_3_2_r37_k-1))/6)*x+1)
fired    1_2_1_2 r3  (2*x+2*cos((%pi*(2*_mr_1_1_3_2_r37_k-1))/6))/(x^2+2*cos((%pi*(2*_mr_1_1_3_2_r37_k-1))/6)*x+1)
fired    1_2_1_2 r9  (cos((5*%pi*(2*_mr_1_1_3_2_r37_k-1))/6)*x+cos((2*%pi*(2*_mr_1_1_3_2_r37_k-1))/3))/(x^2+2*cos((%pi*(2*_mr_1_1_3_2_r37_k-1))/6)*x+1)
fired    1_1_2_1 r10  1/(x^2+1)
fired    1_1_3_2 r37  x^4/(x^6+1)
fired    1_1_2_2 r27  x^(2/3)/(x^2+1)
fired    4_3_1_1 r4  (-%mr_itan(%i*d*x+%i*c+%pi/2))^(2/3)
fired    4_1_0_1 r1  cot(%i*d*x+%i*c)^(2/3)
fired    9_3 r41  (%i*cot(%i*d*x+%i*c))^(2/3)
fired    4_3_1_1 r2  1/(-(%i*%mr_itan(%i*d*x+%i*c+%pi/2)))^(4/3)
fired    4_1_0_1 r1  1/coth(d*x+c)^(4/3)
fired    9_1 r12  1/(b^(1/3)*coth(d*x+c)^(4/3))
RUBI-CPU 2.972472 
ANSWER (-((%i*(%i*cot(%i*d*x+%i*c))^(2/3)*(sqrt(3)*log((-(%i*coth(d*x+c)))^(2/3)+sqrt(3)*(-(%i*coth(d*x+c)))^(1/3)+1)-sqrt(3)*log((-(%i*coth(d*x+c)))^(2/3)-sqrt(3)*(-(%i*coth(d*x+c)))^(1/3)+1)-2*atan(2*(-(%i*coth(d*x+c)))^(1/3)+sqrt(3))-2*atan(2*(-(%i*coth(d*x+c)))^(1/3)-sqrt(3))-4*atan((-(%i*coth(d*x+c)))^(1/3))))/(4*d*cot(%i*d*x+%i*c)^(2/3)))-3/(d*(%i*cot(%i*d*x+%i*c))^(1/3)))/b^(1/3) 

# entry 6.4 Hyperbolic cotangent/6.4.2 Hyperbolic cotangent functions.mac e48  integrand 1/(b*coth(c+d*x)^4)^(2/3)
# core /home/serge/src/mr-attr-base/test/mr_rules.core  cap 60  hit_cap False  cpu [2.381561]
fired    1_1_2_1 r11  1/(-x^2+4*cos((%pi*(2*_mr_1_1_3_1_r21_k-1))/6)^2-4)
fired    1_2_1_1 r12  1/(x^2-2*cos((%pi*(2*_mr_1_1_3_1_r21_k-1))/6)*x+1)
fired    1_2_1_2 r3  (2*x-2*cos((%pi*(2*_mr_1_1_3_1_r21_k-1))/6))/(x^2-2*cos((%pi*(2*_mr_1_1_3_1_r21_k-1))/6)*x+1)
fired    1_2_1_2 r9  (1-cos((%pi*(2*_mr_1_1_3_1_r21_k-1))/6)*x)/(x^2-2*cos((%pi*(2*_mr_1_1_3_1_r21_k-1))/6)*x+1)
fired    1_1_2_1 r11  1/(-x^2+4*cos((%pi*(2*_mr_1_1_3_1_r21_k-1))/6)^2-4)
fired    1_2_1_1 r12  1/(x^2+2*cos((%pi*(2*_mr_1_1_3_1_r21_k-1))/6)*x+1)
fired    1_2_1_2 r3  (2*x+2*cos((%pi*(2*_mr_1_1_3_1_r21_k-1))/6))/(x^2+2*cos((%pi*(2*_mr_1_1_3_1_r21_k-1))/6)*x+1)
fired    1_2_1_2 r9  (cos((%pi*(2*_mr_1_1_3_1_r21_k-1))/6)*x+1)/(x^2+2*cos((%pi*(2*_mr_1_1_3_1_r21_k-1))/6)*x+1)
fired    1_1_2_1 r10  1/(x^2+1)
fired    1_1_3_1 r21  1/(x^6+1)
fired    1_1_2_2 r27  1/((-x)^(2/3)*(x^2+1))
fired    1_1_2_2 r25  1/((-x)^(8/3)*(x^2+1))
fired    4_7_5 r21  1/%mr_itan(%i*d*x+%i*c+%pi/2)^(8/3)
misfire (inert head leaked) 9_3 r41  1/(-(%i*%mr_itan(%i*d*x+%i*c+%pi/2)))^(8/3)
fired    1_1_2_1 r11  1/(-x^2+4*cos((%pi*_mr_1_1_3_1_r22_k)/3)^2-4)
fired    1_2_1_1 r12  1/(x^2-2*cos((%pi*_mr_1_1_3_1_r22_k)/3)*x+1)
fired    1_2_1_2 r3  (2*x-2*cos((%pi*_mr_1_1_3_1_r22_k)/3))/(x^2-2*cos((%pi*_mr_1_1_3_1_r22_k)/3)*x+1)
fired    1_2_1_2 r9  (1-cos((%pi*_mr_1_1_3_1_r22_k)/3)*x)/(x^2-2*cos((%pi*_mr_1_1_3_1_r22_k)/3)*x+1)
fired    1_1_2_1 r11  1/(-x^2+4*cos((%pi*_mr_1_1_3_1_r22_k)/3)^2-4)
fired    1_2_1_1 r12  1/(x^2+2*cos((%pi*_mr_1_1_3_1_r22_k)/3)*x+1)
fired    1_2_1_2 r3  (2*x+2*cos((%pi*_mr_1_1_3_1_r22_k)/3))/(x^2+2*cos((%pi*_mr_1_1_3_1_r22_k)/3)*x+1)
fired    1_2_1_2 r9  (cos((%pi*_mr_1_1_3_1_r22_k)/3)*x+1)/(x^2+2*cos((%pi*_mr_1_1_3_1_r22_k)/3)*x+1)
fired    1_1_2_1 r13  1/(1-x^2)
fired    1_1_3_1 r22  1/(1-x^6)
fired    1_1_2_2 r27  1/((%i*x)^(2/3)*(x^2+1))
fired    1_1_2_2 r25  1/((%i*x)^(8/3)*(x^2+1))
fired    4_7_5 r21  1/(-(%i*%mr_itan(%i*d*x+%i*c+%pi/2)))^(8/3)
fired    4_1_0_1 r1  1/coth(d*x+c)^(8/3)
fired    9_1 r12  1/(b^(2/3)*coth(d*x+c)^(8/3))
RUBI-CPU 2.325161 
ANSWER -((%i*(%i*coth(d*x+c)^(5/3)*(5*log(coth(d*x+c)^(2/3)+coth(d*x+c)^(1/3)+1)-5*log(coth(d*x+c)^(2/3)-coth(d*x+c)^(1/3)+1)+10*sqrt(3)*atan((2*coth(d*x+c)^(1/3)+1)/sqrt(3))+10*sqrt(3)*atan((2*coth(d*x+c)^(1/3)-1)/sqrt(3))+10*log(-((coth(d*x+c)^(1/3)+1)/(coth(d*x+c)^(1/3)-1))))-12*%i))/(20*b^(2/3)*d*coth(d*x+c)^(5/3))) 

# entry 6.4 Hyperbolic cotangent/6.4.2 Hyperbolic cotangent functions.mac e48  integrand 1/(b*coth(c+d*x)^4)^(2/3)
# core /home/serge/src/mr-attr/test/mr_rules.core  cap 60  hit_cap False  cpu [2.854261]
fired    1_1_2_1 r11  1/(-x^2+4*cos((%pi*(2*_mr_1_1_3_1_r21_k-1))/6)^2-4)
fired    1_2_1_1 r12  1/(x^2-2*cos((%pi*(2*_mr_1_1_3_1_r21_k-1))/6)*x+1)
fired    1_2_1_2 r3  (2*x-2*cos((%pi*(2*_mr_1_1_3_1_r21_k-1))/6))/(x^2-2*cos((%pi*(2*_mr_1_1_3_1_r21_k-1))/6)*x+1)
fired    1_2_1_2 r9  (1-cos((%pi*(2*_mr_1_1_3_1_r21_k-1))/6)*x)/(x^2-2*cos((%pi*(2*_mr_1_1_3_1_r21_k-1))/6)*x+1)
fired    1_1_2_1 r11  1/(-x^2+4*cos((%pi*(2*_mr_1_1_3_1_r21_k-1))/6)^2-4)
fired    1_2_1_1 r12  1/(x^2+2*cos((%pi*(2*_mr_1_1_3_1_r21_k-1))/6)*x+1)
fired    1_2_1_2 r3  (2*x+2*cos((%pi*(2*_mr_1_1_3_1_r21_k-1))/6))/(x^2+2*cos((%pi*(2*_mr_1_1_3_1_r21_k-1))/6)*x+1)
fired    1_2_1_2 r9  (cos((%pi*(2*_mr_1_1_3_1_r21_k-1))/6)*x+1)/(x^2+2*cos((%pi*(2*_mr_1_1_3_1_r21_k-1))/6)*x+1)
fired    1_1_2_1 r10  1/(x^2+1)
fired    1_1_3_1 r21  1/(x^6+1)
fired    1_1_2_2 r27  1/(x^(2/3)*(x^2+1))
fired    4_3_1_1 r4  1/(-%mr_itan(%i*d*x+%i*c+%pi/2))^(2/3)
fired    4_1_0_1 r1  1/cot(%i*d*x+%i*c)^(2/3)
fired    9_3 r41  1/(%i*cot(%i*d*x+%i*c))^(2/3)
fired    4_3_1_1 r2  1/(-(%i*%mr_itan(%i*d*x+%i*c+%pi/2)))^(8/3)
fired    4_1_0_1 r1  1/coth(d*x+c)^(8/3)
fired    9_1 r12  1/(b^(2/3)*coth(d*x+c)^(8/3))
RUBI-CPU 2.79418 
ANSWER ((%i*cot(%i*d*x+%i*c)^(2/3)*(sqrt(3)*log((-(%i*coth(d*x+c)))^(2/3)+sqrt(3)*(-(%i*coth(d*x+c)))^(1/3)+1)-sqrt(3)*log((-(%i*coth(d*x+c)))^(2/3)-sqrt(3)*(-(%i*coth(d*x+c)))^(1/3)+1)+2*atan(2*(-(%i*coth(d*x+c)))^(1/3)+sqrt(3))+2*atan(2*(-(%i*coth(d*x+c)))^(1/3)-sqrt(3))+4*atan((-(%i*coth(d*x+c)))^(1/3))))/(4*d*(%i*cot(%i*d*x+%i*c))^(2/3))-3/(5*d*(%i*cot(%i*d*x+%i*c))^(5/3)))/b^(2/3) 

# entry 6.5 Hyperbolic secant/6.5.3 Hyperbolic secant functions.mac e120  integrand coth(x)/(a+b*sech(x))
# core /home/serge/src/mr-attr-base/test/mr_rules.core  cap 60  hit_cap False  cpu [8.163856]
fired    9_3 r67  1/(b*sech(x)*(2*%i*x*tanh(x)-2*%i*tanh(x))+a*(2*%i*x*tanh(x)-2*%i*tanh(x)))
fired    9_3 r67  1/(b*sech(x)*(2*%i*x*tanh(x)+2*%i*tanh(x))+a*(2*%i*x*tanh(x)+2*%i*tanh(x)))
fired    1_4_1 r7  1/(b*sech(x)*(2*%i*x*tanh(x)-2*%i*tanh(x))+a*(2*%i*x*tanh(x)-2*%i*tanh(x)))-1/(b*sech(x)*(2*%i*x*tanh(x)+2*%i*tanh(x))+a*(2*%i*x*tanh(x)+2*%i*tanh(x)))
fired    9_3 r46  1/((%i*x^2-%i)*(b*sech(x)+a)*tanh(x))
fired    1_4_1 r18  %i/((1-x^2)*(b*sech(x)+a)*tanh(x))
fired    1_1_1_1 r3  1/((a-a^3/b^2)*x+b-a^2/b)
fired    9_1 r6  1/(-((a^3*x)/b^2)+a*x+b-a^2/b)
fired    1_4_1 r18  b/(a*b*x-(a^3*x)/b+b^2-a^2)
fired    1_4_1 r18  b^2/(a*b^2*x-a^3*x+b^3-a^2*b)
fired    1_1_1_1 r3  1/(2*(b+a)*x-2*b-2*a)
fired    9_1 r6  1/(2*b*x+2*a*x-2*b-2*a)
fired    1_4_1 r7  -(b^2/(a*b^2*x-a^3*x+b^3-a^2*b))-1/(2*b*x+2*a*x-2*b-2*a)+1/(2*b*x-2*a*x+2*b-2*a)
fired    1_1_2_8 r100  x^2/((a*x+b)*(1-x^2))
fired    1_2_3_4 r107  x/((b/x+a)*(1-x^2))
fired    4_7_5 r47  1/(%mr_icot(x)*(b*%mr_icsc(x)+a))
fired    9_3 r51  1/(%mr_icot(%i*x+%pi/2)*(b*%mr_icsc(%i*x+%pi/2)+a))
fired    9_1 r11  -(%i/(%mr_icot(%i*x+%pi/2)*(b*%mr_icsc(%i*x+%pi/2)+a)))
fired    4_1_0_1 r1  coth(x)/(b*sech(x)+a)
RUBI-CPU 8.114554 
ANSWER (2*b^2*log(-((a*b^2*cosh(x)-a^3*cosh(x)+b^3-a^2*b)/b^2))+a*b*(log(b*(1-cosh(x))+a*(1-cosh(x)))-log(cosh(x)+1))+a^2*(-log(cosh(x)+1)-log(b*(1-cosh(x))+a*(1-cosh(x)))))/(2*a*b^2-2*a^3) 

# entry 6.5 Hyperbolic secant/6.5.3 Hyperbolic secant functions.mac e120  integrand coth(x)/(a+b*sech(x))
# core /home/serge/src/mr-attr/test/mr_rules.core  cap 60  hit_cap False  cpu [23.242568]
fired    9_3 r67  1/((a^2-x)*x*(x+b^2-a^2))
fired    1_3_4 r3  1/((b^2-x)*x*(x-b^2+a^2))
fired    1_3_4 r3  1/((a^2-x)*(b^2-x)*x)
fired    1_1_2_4 r20  1/(x*(a^2-x^2)*(b^2-x^2))
fired    1_1_2_1 r13  1/(a^2-x^2)
fired    1_1_2_1 r13  1/(b^2-x^2)
fired    1_1_2_3 r24  1/((a^2-x^2)*(b^2-x^2))
fired    1_1_2_8 r106  1/(x*(x+a)*(b^2-x^2))
fired    4_5_1_4 r7  1/(%mr_icot(%i*x+%pi/2)*(b*%mr_icsc(%i*x+%pi/2)+a))
fired    9_1 r11  -(%i/(%mr_icot(%i*x+%pi/2)*(b*%mr_icsc(%i*x+%pi/2)+a)))
fired    4_1_0_1 r1  coth(x)/(b*sech(x)+a)
RUBI-CPU 23.185661 
ANSWER (b^2*(b*(log(-((b*sech(x)+a)/(b*sech(x)-a)))-a^4*'unintegrable[1/(b^6*sech(x)^6+(-b^6-a^2*b^4)*sech(x)^4+a^2*b^4*sech(x)^2),a^2-b^2*sech(x)^2])+a^2*b^3*'unintegrable[1/(b^6*sech(x)^6+(-b^6-a^2*b^4)*sech(x)^4+a^2*b^4*sech(x)^2),a^2-b^2*sech(x)^2]-a*log(-((sech(x)+1)/(sech(x)-1)))))/(2*a*b^3-2*a^3*b) 

# entry 6.5 Hyperbolic secant/6.5.7 (d hyper)^m (a+b (c sech)^n)^p.mac e105  integrand (a+b*sech(c+d*x)^2)*tanh(c+d*x)
# core /home/serge/src/mr-attr-base/test/mr_rules.core  cap 60  hit_cap False  cpu [2.757223]
fired    1_4_1 r7  a/x+b/x^2
fired    1_1_1_2 r12  (a*x+b)/x^2
fired    9_3 r62  (b/x+a)/x
fired    9_3 r18  (x*(b/(1-x^2)+a))/(1-x^2)
fired    4_7_5 r47  (b*%mr_isec(%i*d*x+%i*c)^2+a)*%mr_itan(%i*d*x+%i*c)
fired    9_1 r11  -(%i*(b*%mr_isec(%i*d*x+%i*c)^2+a)*%mr_itan(%i*d*x+%i*c))
fired    4_1_0_1 r1  (b*sech(d*x+c)^2+a)*tanh(d*x+c)
RUBI-CPU 2.705998 
ANSWER -((a*(-sinh(d*x+c)^2-1)*log(sinh(d*x+c)^2+1)+b)/(d*(2*sinh(d*x+c)^2+2))) 

# entry 6.5 Hyperbolic secant/6.5.7 (d hyper)^m (a+b (c sech)^n)^p.mac e105  integrand (a+b*sech(c+d*x)^2)*tanh(c+d*x)
# core /home/serge/src/mr-attr/test/mr_rules.core  cap 60  hit_cap False  cpu [1.156166]
fired    9_3 r67  (b/x^2+a)/x
fired    4_7_5 r10  (b*sech(d*x+c)^2+a)*tanh(d*x+c)
RUBI-CPU 1.093294 
ANSWER 'unintegrable[(a*cosh(d*x+c)^2+b)/cosh(d*x+c)^3,cosh(d*x+c)]/d 

# entry 6.6 Hyperbolic cosecant/6.6.3 Hyperbolic cosecant functions.mac e36  integrand (a*csch(x)^3)^(5/2)
# core /home/serge/src/mr-attr-base/test/mr_rules.core  cap 60  hit_cap False  cpu [23.072455]
fired    4_7_5 r72  %mr_icsc(%i*x)^(15/2)/(2*x+2)
misfire (inert head leaked) 9_3 r41  (%i*%mr_icsc(%i*x))^(15/2)/(2*x+2)
fired    4_7_5 r72  (%i*%mr_icsc(%i*x))^(15/2)/(2*x+2)
fired    4_1_0_1 r1  csch(x)^(15/2)/(2*x+2)
fired    4_7_5 r72  %mr_icsc(%i*x)^(15/2)/(2*x-2)
misfire (inert head leaked) 9_3 r41  (%i*%mr_icsc(%i*x))^(15/2)/(2*x-2)
fired    4_7_5 r72  (%i*%mr_icsc(%i*x))^(15/2)/(2*x-2)
fired    4_1_0_1 r1  csch(x)^(15/2)/(2*x-2)
fired    1_4_1 r7  csch(x)^(15/2)/(2*x+2)-csch(x)^(15/2)/(2*x-2)
fired    9_3 r46  csch(x)^(15/2)/(1-x^2)
fired    9_3 r41  (-(%i*csch(x)))^(15/2)/(1-x^2)
fired    1_1_3_1 r32  1/sqrt(x^4+1)
fired    1_2_2_3 r54  (1-x^2)/sqrt(x^4+1)
fired    1_1_3_2 r47  x^2/sqrt(x^4+1)
fired    1_1_2_2 r27  sqrt(x)/sqrt(x^2+1)
fired    1_1_2_2 r9  sqrt(x)*sqrt(x^2+1)
fired    1_1_2_2 r9  sqrt(x)*(x^2+1)^(3/2)
fired    1_1_2_2 r9  sqrt(x)*(x^2+1)^(5/2)
fired    1_1_2_2 r8  (x^2+1)^(7/2)/x^(3/2)
fired    1_1_2_2 r8  (x^2+1)^(9/2)/x^(7/2)
fired    1_1_2_2 r8  (x^2+1)^(11/2)/x^(11/2)
fired    1_1_2_2 r8  (x^2+1)^(13/2)/x^(15/2)
fired    9_3 r40  ((x^2+1)/(2*x))^(15/2)/(x^2+1)
fired    1_1_3_1 r32  1/sqrt(x^4+1)
fired    1_2_2_3 r54  (1-x^2)/sqrt(x^4+1)
fired    1_1_3_2 r47  x^2/sqrt(x^4+1)
fired    1_1_2_2 r27  sqrt(x)/sqrt(x^2+1)
fired    1_1_2_2 r9  sqrt(x)*sqrt(x^2+1)
fired    1_1_2_2 r9  sqrt(x)*(x^2+1)^(3/2)
fired    1_1_2_2 r9  sqrt(x)*(x^2+1)^(5/2)
fired    1_1_2_2 r8  (x^2+1)^(7/2)/x^(3/2)
fired    1_1_2_2 r8  (x^2+1)^(9/2)/x^(7/2)
fired    1_1_2_2 r8  (x^2+1)^(11/2)/x^(11/2)
fired    1_1_2_2 r8  (x^2+1)^(13/2)/x^(15/2)
fired    9_3 r40  ((x^2+1)/(2*x))^(15/2)/(x^2+1)
fired    1_1_3_1 r32  1/sqrt(x^4+1)
fired    1_2_2_3 r54  (1-x^2)/sqrt(x^4+1)
fired    1_1_3_2 r47  x^2/sqrt(x^4+1)
fired    1_1_2_2 r27  sqrt(x)/sqrt(x^2+1)
fired    1_1_2_2 r9  sqrt(x)*sqrt(x^2+1)
fired    1_1_2_2 r9  sqrt(x)*(x^2+1)^(3/2)
fired    1_1_2_2 r9  sqrt(x)*(x^2+1)^(5/2)
fired    1_1_2_2 r8  (x^2+1)^(7/2)/x^(3/2)
fired    1_1_2_2 r8  (x^2+1)^(9/2)/x^(7/2)
fired    1_1_2_2 r8  (x^2+1)^(11/2)/x^(11/2)
fired    1_1_2_2 r8  (x^2+1)^(13/2)/x^(15/2)
fired    9_3 r40  ((x^2+1)/(2*x))^(15/2)/(x^2+1)
fired    4_7_5 r71  %mr_icsc(x)^(15/2)
fired    9_3 r51  %mr_icsc(%i*x)^(15/2)
misfire (inert head leaked) 9_3 r41  (%i*%mr_icsc(%i*x))^(15/2)
fired    4_7_5 r72  %mr_icsc(%i*x)^(15/2)/(2*x+2)
misfire (inert head leaked) 9_3 r41  (%i*%mr_icsc(%i*x))^(15/2)/(2*x+2)
fired    4_7_5 r72  (%i*%mr_icsc(%i*x))^(15/2)/(2*x+2)
fired    4_1_0_1 r1  csch(x)^(15/2)/(2*x+2)
fired    4_7_5 r72  %mr_icsc(%i*x)^(15/2)/(2*x-2)
misfire (inert head leaked) 9_3 r41  (%i*%mr_icsc(%i*x))^(15/2)/(2*x-2)
fired    4_7_5 r72  (%i*%mr_icsc(%i*x))^(15/2)/(2*x-2)
fired    4_1_0_1 r1  csch(x)^(15/2)/(2*x-2)
fired    1_4_1 r7  csch(x)^(15/2)/(2*x+2)-csch(x)^(15/2)/(2*x-2)
fired    9_3 r46  csch(x)^(15/2)/(1-x^2)
fired    1_1_3_1 r32  1/sqrt(x^4+1)
fired    1_2_2_3 r54  (1-x^2)/sqrt(x^4+1)
fired    1_1_3_2 r47  x^2/sqrt(x^4+1)
fired    1_1_2_2 r27  sqrt(x)/sqrt(x^2+1)
fired    1_1_2_2 r9  sqrt(x)*sqrt(x^2+1)
fired    1_1_2_2 r9  sqrt(x)*(x^2+1)^(3/2)
fired    1_1_2_2 r9  sqrt(x)*(x^2+1)^(5/2)
fired    1_1_2_2 r8  (x^2+1)^(7/2)/x^(3/2)
fired    1_1_2_2 r8  (x^2+1)^(9/2)/x^(7/2)
fired    1_1_2_2 r8  (x^2+1)^(11/2)/x^(11/2)
fired    1_1_2_2 r8  (x^2+1)^(13/2)/x^(15/2)
fired    9_3 r40  ((x^2+1)/(2*x))^(15/2)/(x^2+1)
fired    1_1_3_1 r32  1/sqrt(x^4+1)
fired    1_2_2_3 r54  (1-x^2)/sqrt(x^4+1)
fired    1_1_3_2 r47  x^2/sqrt(x^4+1)
fired    1_1_2_2 r27  sqrt(x)/sqrt(x^2+1)
fired    1_1_2_2 r9  sqrt(x)*sqrt(x^2+1)
fired    1_1_2_2 r9  sqrt(x)*(x^2+1)^(3/2)
fired    1_1_2_2 r9  sqrt(x)*(x^2+1)^(5/2)
fired    1_1_2_2 r8  (x^2+1)^(7/2)/x^(3/2)
fired    1_1_2_2 r8  (x^2+1)^(9/2)/x^(7/2)
fired    1_1_2_2 r8  (x^2+1)^(11/2)/x^(11/2)
fired    1_1_2_2 r8  (x^2+1)^(13/2)/x^(15/2)
fired    9_3 r40  ((x^2+1)/(2*x))^(15/2)/(x^2+1)
fired    1_1_3_1 r32  1/sqrt(x^4+1)
fired    1_2_2_3 r54  (1-x^2)/sqrt(x^4+1)
fired    1_1_3_2 r47  x^2/sqrt(x^4+1)
fired    1_1_2_2 r27  sqrt(x)/sqrt(x^2+1)
fired    1_1_2_2 r9  sqrt(x)*sqrt(x^2+1)
fired    1_1_2_2 r9  sqrt(x)*(x^2+1)^(3/2)
fired    1_1_2_2 r9  sqrt(x)*(x^2+1)^(5/2)
fired    1_1_2_2 r8  (x^2+1)^(7/2)/x^(3/2)
fired    1_1_2_2 r8  (x^2+1)^(9/2)/x^(7/2)
fired    1_1_2_2 r8  (x^2+1)^(11/2)/x^(11/2)
fired    1_1_2_2 r8  (x^2+1)^(13/2)/x^(15/2)
fired    9_3 r40  ((x^2+1)/(2*x))^(15/2)/(x^2+1)
fired    4_7_5 r71  %mr_icsc(x)^(15/2)
misfire (inert head leaked) 9_3 r41  (%i*%mr_icsc(x))^(15/2)
fired    1_1_3_1 r32  1/sqrt(x^4+1)
fired    1_2_2_3 r54  (1-x^2)/sqrt(x^4+1)
fired    1_1_3_2 r47  x^2/sqrt(x^4+1)
fired    1_1_2_2 r27  sqrt(x)/sqrt(x^2+1)
fired    1_1_2_2 r9  sqrt(x)*sqrt(x^2+1)
fired    1_1_2_2 r9  sqrt(x)*(x^2+1)^(3/2)
fired    1_1_2_2 r9  sqrt(x)*(x^2+1)^(5/2)
fired    1_1_2_2 r8  (x^2+1)^(7/2)/x^(3/2)
fired    1_1_2_2 r8  (x^2+1)^(9/2)/x^(7/2)
fired    1_1_2_2 r8  (x^2+1)^(11/2)/x^(11/2)
fired    1_1_2_2 r8  (x^2+1)^(13/2)/x^(15/2)
fired    9_3 r40  ((%i*(x^2+1))/(2*x))^(15/2)/(x^2+1)
fired    1_1_3_1 r32  1/sqrt(x^4+1)
fired    1_2_2_3 r54  (1-x^2)/sqrt(x^4+1)
fired    1_1_3_2 r47  x^2/sqrt(x^4+1)
fired    1_1_2_2 r27  sqrt(x)/sqrt(x^2+1)
fired    1_1_2_2 r9  sqrt(x)*sqrt(x^2+1)
fired    1_1_2_2 r9  sqrt(x)*(x^2+1)^(3/2)
fired    1_1_2_2 r9  sqrt(x)*(x^2+1)^(5/2)
fired    1_1_2_2 r8  (x^2+1)^(7/2)/x^(3/2)
fired    1_1_2_2 r8  (x^2+1)^(9/2)/x^(7/2)
fired    1_1_2_2 r8  (x^2+1)^(11/2)/x^(11/2)
fired    1_1_2_2 r8  (x^2+1)^(13/2)/x^(15/2)
fired    9_3 r40  ((%i*(x^2+1))/(2*x))^(15/2)/(x^2+1)
fired    1_1_3_1 r32  1/sqrt(x^4+1)
fired    1_2_2_3 r54  (1-x^2)/sqrt(x^4+1)
fired    1_1_3_2 r47  x^2/sqrt(x^4+1)
fired    1_1_2_2 r27  sqrt(x)/sqrt(x^2+1)
fired    1_1_2_2 r9  sqrt(x)*sqrt(x^2+1)
fired    1_1_2_2 r9  sqrt(x)*(x^2+1)^(3/2)
fired    1_1_2_2 r9  sqrt(x)*(x^2+1)^(5/2)
fired    1_1_2_2 r8  (x^2+1)^(7/2)/x^(3/2)
fired    1_1_2_2 r8  (x^2+1)^(9/2)/x^(7/2)
fired    1_1_2_2 r8  (x^2+1)^(11/2)/x^(11/2)
fired    1_1_2_2 r8  (x^2+1)^(13/2)/x^(15/2)
fired    9_3 r40  ((%i*(x^2+1))/(2*x))^(15/2)/(x^2+1)
fired    4_7_5 r71  (%i*%mr_icsc(x))^(15/2)
fired    9_3 r51  (%i*%mr_icsc(%i*x))^(15/2)
fired    4_1_0_1 r1  csch(x)^(15/2)
fired    9_3 r41  (a*csch(x)^3)^(5/2)
RUBI-CPU 23.023578 
ANSWER (%i*a^2*(sqrt(-((tanh(x/2)^2-1)/(2*tanh(x/2))))*(-(45*%i*tanh(x/2)^15)-45*tanh(x/2)^14+445*%i*tanh(x/2)^13+445*tanh(x/2)^12-2297*%i*tanh(x/2)^11-2297*tanh(x/2)^10+16681*%i*tanh(x/2)^9-12887*tanh(x/2)^8-12887*%i*tanh(x/2)^7+16681*tanh(x/2)^6-2297*%i*tanh(x/2)^5-2297*tanh(x/2)^4+445*%i*tanh(x/2)^3+445*tanh(x/2)^2-45*%i*tanh(x/2)-45)+sqrt(%i*tanh(x/2))*sqrt(-((tanh(x/2)^2-1)/(2*tanh(x/2))))*sqrt(-((tanh(x/2)^2-1)/(-tanh(x/2)^2+2*%i*tanh(x/2)+1)))*((14784*elliptic_f(2*atan(sqrt(%i*tanh(x/2))),1/2)-29568*elliptic_e(2*atan(sqrt(%i*tanh(x/2))),1/2))*tanh(x/2)^8+(59136*%i*elliptic_e(2*atan(sqrt...

# entry 6.6 Hyperbolic cosecant/6.6.3 Hyperbolic cosecant functions.mac e36  integrand (a*csch(x)^3)^(5/2)
# core /home/serge/src/mr-attr/test/mr_rules.core  cap 60  hit_cap False  cpu [3.182351]
fired    9_1 r12  sqrt(-%i)*sqrt(sinh(x))
fired    9_3 r41  sqrt(-%i)*sqrt(%i*sinh(x))
fired    4_7_5 r69  sqrt(-(%i*%mr_isin(%i*x)))
fired    4_1_0_1 r1  sqrt(sinh(x))
fired    9_3 r41  sqrt(%i*sinh(x))
fired    4_5_1_1 r5  1/sqrt(%i*%mr_icsc(%i*x))
fired    4_1_0_1 r1  1/sqrt(csch(x))
fired    4_5_1_1 r2  (%i*%mr_icsc(%i*x))^(3/2)
fired    4_1_0_1 r1  csch(x)^(3/2)
fired    4_5_1_1 r2  (%i*%mr_icsc(%i*x))^(7/2)
fired    4_1_0_1 r1  csch(x)^(7/2)
fired    4_5_1_1 r2  (%i*%mr_icsc(%i*x))^(11/2)
fired    4_1_0_1 r1  csch(x)^(11/2)
fired    4_5_1_1 r2  (%i*%mr_icsc(%i*x))^(15/2)
fired    4_1_0_1 r1  csch(x)^(15/2)
fired    9_3 r41  (a*csch(x)^3)^(5/2)
RUBI-CPU 3.125511 
ANSWER (a^2*sqrt(a*csch(x)^3)*(-((11*(-((7*(-((3*('unintegrable[sqrt(sinh(x)),x]/(sqrt(csch(x))*sqrt(sinh(x)))-2*cosh(x)*sqrt(csch(x))))/5)-(2*cosh(x)*csch(x)^(5/2))/5))/9)-(2*cosh(x)*csch(x)^(9/2))/9))/13)-(2*cosh(x)*csch(x)^(13/2))/13))/csch(x)^(3/2) 

# entry 6.6 Hyperbolic cosecant/6.6.3 Hyperbolic cosecant functions.mac e37  integrand (a*csch(x)^3)^(3/2)
# core /home/serge/src/mr-attr-base/test/mr_rules.core  cap 60  hit_cap False  cpu [20.349778]
fired    4_7_5 r72  %mr_icsc(%i*x)^(9/2)/(2*x+2)
misfire (inert head leaked) 9_3 r41  (%i*%mr_icsc(%i*x))^(9/2)/(2*x+2)
fired    4_7_5 r72  (%i*%mr_icsc(%i*x))^(9/2)/(2*x+2)
fired    4_1_0_1 r1  csch(x)^(9/2)/(2*x+2)
fired    4_7_5 r72  %mr_icsc(%i*x)^(9/2)/(2*x-2)
misfire (inert head leaked) 9_3 r41  (%i*%mr_icsc(%i*x))^(9/2)/(2*x-2)
fired    4_7_5 r72  (%i*%mr_icsc(%i*x))^(9/2)/(2*x-2)
fired    4_1_0_1 r1  csch(x)^(9/2)/(2*x-2)
fired    1_4_1 r7  csch(x)^(9/2)/(2*x+2)-csch(x)^(9/2)/(2*x-2)
fired    9_3 r46  csch(x)^(9/2)/(1-x^2)
fired    9_3 r41  (-(%i*csch(x)))^(9/2)/(1-x^2)
fired    1_1_3_1 r32  1/sqrt(x^4+1)
fired    1_1_2_2 r27  1/(sqrt(x)*sqrt(x^2+1))
fired    1_1_2_2 r9  sqrt(x^2+1)/sqrt(x)
fired    1_1_2_2 r9  (x^2+1)^(3/2)/sqrt(x)
fired    1_1_2_2 r8  (x^2+1)^(5/2)/x^(5/2)
fired    1_1_2_2 r8  (x^2+1)^(7/2)/x^(9/2)
fired    9_3 r40  ((x^2+1)/(2*x))^(9/2)/(x^2+1)
fired    1_1_3_1 r32  1/sqrt(x^4+1)
fired    1_1_2_2 r27  1/(sqrt(x)*sqrt(x^2+1))
fired    1_1_2_2 r9  sqrt(x^2+1)/sqrt(x)
fired    1_1_2_2 r9  (x^2+1)^(3/2)/sqrt(x)
fired    1_1_2_2 r8  (x^2+1)^(5/2)/x^(5/2)
fired    1_1_2_2 r8  (x^2+1)^(7/2)/x^(9/2)
fired    9_3 r40  ((x^2+1)/(2*x))^(9/2)/(x^2+1)
fired    1_1_3_1 r32  1/sqrt(x^4+1)
fired    1_1_2_2 r27  1/(sqrt(x)*sqrt(x^2+1))
fired    1_1_2_2 r9  sqrt(x^2+1)/sqrt(x)
fired    1_1_2_2 r9  (x^2+1)^(3/2)/sqrt(x)
fired    1_1_2_2 r8  (x^2+1)^(5/2)/x^(5/2)
fired    1_1_2_2 r8  (x^2+1)^(7/2)/x^(9/2)
fired    9_3 r40  ((x^2+1)/(2*x))^(9/2)/(x^2+1)
fired    4_7_5 r71  %mr_icsc(x)^(9/2)
fired    9_3 r51  %mr_icsc(%i*x)^(9/2)
misfire (inert head leaked) 9_3 r41  (%i*%mr_icsc(%i*x))^(9/2)
fired    4_7_5 r72  %mr_icsc(%i*x)^(9/2)/(2*x+2)
misfire (inert head leaked) 9_3 r41  (%i*%mr_icsc(%i*x))^(9/2)/(2*x+2)
fired    4_7_5 r72  (%i*%mr_icsc(%i*x))^(9/2)/(2*x+2)
fired    4_1_0_1 r1  csch(x)^(9/2)/(2*x+2)
fired    4_7_5 r72  %mr_icsc(%i*x)^(9/2)/(2*x-2)
misfire (inert head leaked) 9_3 r41  (%i*%mr_icsc(%i*x))^(9/2)/(2*x-2)
fired    4_7_5 r72  (%i*%mr_icsc(%i*x))^(9/2)/(2*x-2)
fired    4_1_0_1 r1  csch(x)^(9/2)/(2*x-2)
fired    1_4_1 r7  csch(x)^(9/2)/(2*x+2)-csch(x)^(9/2)/(2*x-2)
fired    9_3 r46  csch(x)^(9/2)/(1-x^2)
fired    1_1_3_1 r32  1/sqrt(x^4+1)
fired    1_1_2_2 r27  1/(sqrt(x)*sqrt(x^2+1))
fired    1_1_2_2 r9  sqrt(x^2+1)/sqrt(x)
fired    1_1_2_2 r9  (x^2+1)^(3/2)/sqrt(x)
fired    1_1_2_2 r8  (x^2+1)^(5/2)/x^(5/2)
fired    1_1_2_2 r8  (x^2+1)^(7/2)/x^(9/2)
fired    9_3 r40  ((x^2+1)/(2*x))^(9/2)/(x^2+1)
fired    1_1_3_1 r32  1/sqrt(x^4+1)
fired    1_1_2_2 r27  1/(sqrt(x)*sqrt(x^2+1))
fired    1_1_2_2 r9  sqrt(x^2+1)/sqrt(x)
fired    1_1_2_2 r9  (x^2+1)^(3/2)/sqrt(x)
fired    1_1_2_2 r8  (x^2+1)^(5/2)/x^(5/2)
fired    1_1_2_2 r8  (x^2+1)^(7/2)/x^(9/2)
fired    9_3 r40  ((x^2+1)/(2*x))^(9/2)/(x^2+1)
fired    1_1_3_1 r32  1/sqrt(x^4+1)
fired    1_1_2_2 r27  1/(sqrt(x)*sqrt(x^2+1))
fired    1_1_2_2 r9  sqrt(x^2+1)/sqrt(x)
fired    1_1_2_2 r9  (x^2+1)^(3/2)/sqrt(x)
fired    1_1_2_2 r8  (x^2+1)^(5/2)/x^(5/2)
fired    1_1_2_2 r8  (x^2+1)^(7/2)/x^(9/2)
fired    9_3 r40  ((x^2+1)/(2*x))^(9/2)/(x^2+1)
fired    4_7_5 r71  %mr_icsc(x)^(9/2)
misfire (inert head leaked) 9_3 r41  (%i*%mr_icsc(x))^(9/2)
fired    1_1_3_1 r32  1/sqrt(x^4+1)
fired    1_1_2_2 r27  1/(sqrt(x)*sqrt(x^2+1))
fired    1_1_2_2 r9  sqrt(x^2+1)/sqrt(x)
fired    1_1_2_2 r9  (x^2+1)^(3/2)/sqrt(x)
fired    1_1_2_2 r8  (x^2+1)^(5/2)/x^(5/2)
fired    1_1_2_2 r8  (x^2+1)^(7/2)/x^(9/2)
fired    9_3 r40  ((%i*(x^2+1))/(2*x))^(9/2)/(x^2+1)
fired    1_1_3_1 r32  1/sqrt(x^4+1)
fired    1_1_2_2 r27  1/(sqrt(x)*sqrt(x^2+1))
fired    1_1_2_2 r9  sqrt(x^2+1)/sqrt(x)
fired    1_1_2_2 r9  (x^2+1)^(3/2)/sqrt(x)
fired    1_1_2_2 r8  (x^2+1)^(5/2)/x^(5/2)
fired    1_1_2_2 r8  (x^2+1)^(7/2)/x^(9/2)
fired    9_3 r40  ((%i*(x^2+1))/(2*x))^(9/2)/(x^2+1)
fired    1_1_3_1 r32  1/sqrt(x^4+1)
fired    1_1_2_2 r27  1/(sqrt(x)*sqrt(x^2+1))
fired    1_1_2_2 r9  sqrt(x^2+1)/sqrt(x)
fired    1_1_2_2 r9  (x^2+1)^(3/2)/sqrt(x)
fired    1_1_2_2 r8  (x^2+1)^(5/2)/x^(5/2)
fired    1_1_2_2 r8  (x^2+1)^(7/2)/x^(9/2)
fired    9_3 r40  ((%i*(x^2+1))/(2*x))^(9/2)/(x^2+1)
fired    4_7_5 r71  (%i*%mr_icsc(x))^(9/2)
fired    9_3 r51  (%i*%mr_icsc(%i*x))^(9/2)
fired    4_1_0_1 r1  csch(x)^(9/2)
fired    9_3 r41  (a*csch(x)^3)^(3/2)
RUBI-CPU 20.302114 
ANSWER (%i*a*(sqrt(-((tanh(x/2)^2-1)/(2*tanh(x/2))))*(3*%i*tanh(x/2)^8-26*%i*tanh(x/2)^6+26*%i*tanh(x/2)^2-3*%i)+sqrt(%i*tanh(x/2))*sqrt(-((tanh(x/2)^2-1)/(2*tanh(x/2))))*sqrt(-((tanh(x/2)^2-1)/(-tanh(x/2)^2+2*%i*tanh(x/2)+1)))*(40*%i*elliptic_f(2*atan(sqrt(%i*tanh(x/2))),1/2)*tanh(x/2)^4+40*elliptic_f(2*atan(sqrt(%i*tanh(x/2))),1/2)*tanh(x/2)^3))*sqrt(a*csch(x)^3))/((84*tanh(x/2)^5-84*tanh(x/2)^3)*csch(x)^(3/2)) 

# entry 6.6 Hyperbolic cosecant/6.6.3 Hyperbolic cosecant functions.mac e37  integrand (a*csch(x)^3)^(3/2)
# core /home/serge/src/mr-attr/test/mr_rules.core  cap 60  hit_cap False  cpu [5.665007]
misfire (inert head leaked) 9_1 r11  %i/sqrt(-(%i*%mr_isin(%i*x)))
misfire (inert head leaked) 9_1 r12  %i/sqrt(-(%i*%mr_isin(%i*x)))
fired    4_7_5 r67  %i/sqrt(-(%i*%mr_isin(%i*x)))
fired    4_1_0_1 r1  %i/sqrt(sinh(x))
fired    9_3 r41  %i/sqrt(%i*sinh(x))
fired    4_7_5 r69  1/(sqrt(-%i)*sqrt(-(%i*%mr_isin(%i*x))))
fired    4_1_0_1 r1  1/(sqrt(-%i)*sqrt(sinh(x)))
fired    9_3 r41  1/(sqrt(-%i)*sqrt(%i*sinh(x)))
fired    4_7_5 r69  1/sqrt(-(%i*%mr_isin(%i*x)))
fired    4_1_0_1 r1  1/sqrt(sinh(x))
fired    9_3 r41  1/sqrt(%i*sinh(x))
fired    4_5_1_1 r5  sqrt(%i*%mr_icsc(%i*x))
fired    4_1_0_1 r1  sqrt(csch(x))
fired    4_5_1_1 r2  (%i*%mr_icsc(%i*x))^(5/2)
fired    4_1_0_1 r1  csch(x)^(5/2)
fired    4_5_1_1 r2  (%i*%mr_icsc(%i*x))^(9/2)
fired    4_1_0_1 r1  csch(x)^(9/2)
fired    9_3 r41  (a*csch(x)^3)^(3/2)
RUBI-CPU 5.605219 
ANSWER (a*sqrt(a*csch(x)^3)*(-((5*((%i*sqrt(csch(x))*sqrt(%i*sinh(x))*'unintegrable[%i/sqrt(%i*sinh(x)),x])/3-(2*cosh(x)*csch(x)^(3/2))/3))/7)-(2*cosh(x)*csch(x)^(7/2))/7))/csch(x)^(3/2) 

# entry 6.6 Hyperbolic cosecant/6.6.3 Hyperbolic cosecant functions.mac e38  integrand (a*csch(x)^3)^(1/2)
# core /home/serge/src/mr-attr-base/test/mr_rules.core  cap 60  hit_cap False  cpu [21.560497]
fired    4_7_5 r72  %mr_icsc(%i*x)^(3/2)/(2*x+2)
misfire (inert head leaked) 9_3 r41  (%i*%mr_icsc(%i*x))^(3/2)/(2*x+2)
fired    4_7_5 r72  (%i*%mr_icsc(%i*x))^(3/2)/(2*x+2)
fired    4_1_0_1 r1  csch(x)^(3/2)/(2*x+2)
fired    4_7_5 r72  %mr_icsc(%i*x)^(3/2)/(2*x-2)
misfire (inert head leaked) 9_3 r41  (%i*%mr_icsc(%i*x))^(3/2)/(2*x-2)
fired    4_7_5 r72  (%i*%mr_icsc(%i*x))^(3/2)/(2*x-2)
fired    4_1_0_1 r1  csch(x)^(3/2)/(2*x-2)
fired    1_4_1 r7  csch(x)^(3/2)/(2*x+2)-csch(x)^(3/2)/(2*x-2)
fired    9_3 r46  csch(x)^(3/2)/(1-x^2)
fired    9_3 r41  (-(%i*csch(x)))^(3/2)/(1-x^2)
fired    1_1_3_1 r32  1/sqrt(x^4+1)
fired    1_2_2_3 r54  (1-x^2)/sqrt(x^4+1)
fired    1_1_3_2 r47  x^2/sqrt(x^4+1)
fired    1_1_2_2 r27  sqrt(x)/sqrt(x^2+1)
fired    1_1_2_2 r8  sqrt(x^2+1)/x^(3/2)
fired    9_3 r40  ((x^2+1)/(2*x))^(3/2)/(x^2+1)
fired    1_1_3_1 r32  1/sqrt(x^4+1)
fired    1_2_2_3 r54  (1-x^2)/sqrt(x^4+1)
fired    1_1_3_2 r47  x^2/sqrt(x^4+1)
fired    1_1_2_2 r27  sqrt(x)/sqrt(x^2+1)
fired    1_1_2_2 r8  sqrt(x^2+1)/x^(3/2)
fired    9_3 r40  ((x^2+1)/(2*x))^(3/2)/(x^2+1)
fired    1_1_3_1 r32  1/sqrt(x^4+1)
fired    1_2_2_3 r54  (1-x^2)/sqrt(x^4+1)
fired    1_1_3_2 r47  x^2/sqrt(x^4+1)
fired    1_1_2_2 r27  sqrt(x)/sqrt(x^2+1)
fired    1_1_2_2 r8  sqrt(x^2+1)/x^(3/2)
fired    9_3 r40  ((x^2+1)/(2*x))^(3/2)/(x^2+1)
fired    4_7_5 r71  %mr_icsc(x)^(3/2)
fired    9_3 r51  %mr_icsc(%i*x)^(3/2)
misfire (inert head leaked) 9_3 r41  (%i*%mr_icsc(%i*x))^(3/2)
fired    4_7_5 r72  %mr_icsc(%i*x)^(3/2)/(2*x+2)
misfire (inert head leaked) 9_3 r41  (%i*%mr_icsc(%i*x))^(3/2)/(2*x+2)
fired    4_7_5 r72  (%i*%mr_icsc(%i*x))^(3/2)/(2*x+2)
fired    4_1_0_1 r1  csch(x)^(3/2)/(2*x+2)
fired    4_7_5 r72  %mr_icsc(%i*x)^(3/2)/(2*x-2)
misfire (inert head leaked) 9_3 r41  (%i*%mr_icsc(%i*x))^(3/2)/(2*x-2)
fired    4_7_5 r72  (%i*%mr_icsc(%i*x))^(3/2)/(2*x-2)
fired    4_1_0_1 r1  csch(x)^(3/2)/(2*x-2)
fired    1_4_1 r7  csch(x)^(3/2)/(2*x+2)-csch(x)^(3/2)/(2*x-2)
fired    9_3 r46  csch(x)^(3/2)/(1-x^2)
fired    1_1_3_1 r32  1/sqrt(x^4+1)
fired    1_2_2_3 r54  (1-x^2)/sqrt(x^4+1)
fired    1_1_3_2 r47  x^2/sqrt(x^4+1)
fired    1_1_2_2 r27  sqrt(x)/sqrt(x^2+1)
fired    1_1_2_2 r8  sqrt(x^2+1)/x^(3/2)
fired    9_3 r40  ((x^2+1)/(2*x))^(3/2)/(x^2+1)
fired    1_1_3_1 r32  1/sqrt(x^4+1)
fired    1_2_2_3 r54  (1-x^2)/sqrt(x^4+1)
fired    1_1_3_2 r47  x^2/sqrt(x^4+1)
fired    1_1_2_2 r27  sqrt(x)/sqrt(x^2+1)
fired    1_1_2_2 r8  sqrt(x^2+1)/x^(3/2)
fired    9_3 r40  ((x^2+1)/(2*x))^(3/2)/(x^2+1)
fired    1_1_3_1 r32  1/sqrt(x^4+1)
fired    1_2_2_3 r54  (1-x^2)/sqrt(x^4+1)
fired    1_1_3_2 r47  x^2/sqrt(x^4+1)
fired    1_1_2_2 r27  sqrt(x)/sqrt(x^2+1)
fired    1_1_2_2 r8  sqrt(x^2+1)/x^(3/2)
fired    9_3 r40  ((x^2+1)/(2*x))^(3/2)/(x^2+1)
fired    4_7_5 r71  %mr_icsc(x)^(3/2)
misfire (inert head leaked) 9_3 r41  (%i*%mr_icsc(x))^(3/2)
fired    1_1_3_1 r32  1/sqrt(x^4+1)
fired    1_2_2_3 r54  (1-x^2)/sqrt(x^4+1)
fired    1_1_3_2 r47  x^2/sqrt(x^4+1)
fired    1_1_2_2 r27  sqrt(x)/sqrt(x^2+1)
fired    1_1_2_2 r8  sqrt(x^2+1)/x^(3/2)
fired    9_3 r40  ((%i*(x^2+1))/(2*x))^(3/2)/(x^2+1)
fired    1_1_3_1 r32  1/sqrt(x^4+1)
fired    1_2_2_3 r54  (1-x^2)/sqrt(x^4+1)
fired    1_1_3_2 r47  x^2/sqrt(x^4+1)
fired    1_1_2_2 r27  sqrt(x)/sqrt(x^2+1)
fired    1_1_2_2 r8  sqrt(x^2+1)/x^(3/2)
fired    9_3 r40  ((%i*(x^2+1))/(2*x))^(3/2)/(x^2+1)
fired    1_1_3_1 r32  1/sqrt(x^4+1)
fired    1_2_2_3 r54  (1-x^2)/sqrt(x^4+1)
fired    1_1_3_2 r47  x^2/sqrt(x^4+1)
fired    1_1_2_2 r27  sqrt(x)/sqrt(x^2+1)
fired    1_1_2_2 r8  sqrt(x^2+1)/x^(3/2)
fired    9_3 r40  ((%i*(x^2+1))/(2*x))^(3/2)/(x^2+1)
fired    4_7_5 r71  (%i*%mr_icsc(x))^(3/2)
fired    9_3 r51  (%i*%mr_icsc(%i*x))^(3/2)
fired    4_1_0_1 r1  csch(x)^(3/2)
fired    9_3 r41  sqrt(a*csch(x)^3)
RUBI-CPU 21.506453 
ANSWER -((%i*(sqrt(-((tanh(x/2)^2-1)/(2*tanh(x/2))))*(2*%i*tanh(x/2)^3-2*tanh(x/2)^2-2*%i*tanh(x/2)+2)+sqrt(%i*tanh(x/2))*sqrt(-((tanh(x/2)^2-1)/(2*tanh(x/2))))*sqrt(-((tanh(x/2)^2-1)/(-tanh(x/2)^2+2*%i*tanh(x/2)+1)))*((2*elliptic_f(2*atan(sqrt(%i*tanh(x/2))),1/2)-4*elliptic_e(2*atan(sqrt(%i*tanh(x/2))),1/2))*tanh(x/2)^2+(8*%i*elliptic_e(2*atan(sqrt(%i*tanh(x/2))),1/2)-4*%i*elliptic_f(2*atan(sqrt(%i*tanh(x/2))),1/2))*tanh(x/2)-2*elliptic_f(2*atan(sqrt(%i*tanh(x/2))),1/2)+4*elliptic_e(2*atan(sqrt(%i*tanh(x/2))),1/2)))*sqrt(a*csch(x)^3))/((tanh(x/2)^3-%i*tanh(x/2)^2-tanh(x/2)+%i)*csch(x)^(3/2)))...

# entry 6.6 Hyperbolic cosecant/6.6.3 Hyperbolic cosecant functions.mac e38  integrand (a*csch(x)^3)^(1/2)
# core /home/serge/src/mr-attr/test/mr_rules.core  cap 60  hit_cap False  cpu [9.105574]
fired    9_1 r11  -(sqrt(-%i)*%i*sqrt(sinh(x)))
fired    9_3 r41  -(sqrt(-%i)*%i*sqrt(%i*sinh(x)))
fired    4_7_5 r69  -(%i*sqrt(-(%i*%mr_isin(%i*x))))
fired    4_1_0_1 r1  -(%i*sqrt(sinh(x)))
fired    9_3 r41  -(%i*sqrt(%i*sinh(x)))
fired    4_7_5 r69  sqrt(-%i)*sqrt(-(%i*%mr_isin(%i*x)))
fired    4_1_0_1 r1  sqrt(-%i)*sqrt(sinh(x))
fired    9_3 r41  sqrt(-%i)*sqrt(%i*sinh(x))
fired    4_7_5 r69  sqrt(-(%i*%mr_isin(%i*x)))
fired    4_1_0_1 r1  sqrt(sinh(x))
fired    9_3 r41  sqrt(%i*sinh(x))
fired    4_5_1_1 r5  1/sqrt(%i*%mr_icsc(%i*x))
fired    4_1_0_1 r1  1/sqrt(csch(x))
fired    4_5_1_1 r2  (%i*%mr_icsc(%i*x))^(3/2)
fired    4_1_0_1 r1  csch(x)^(3/2)
fired    9_3 r41  sqrt(a*csch(x)^3)
RUBI-CPU 9.02816 
ANSWER (sqrt(a*csch(x)^3)*('unintegrable[sqrt(-%i)*sqrt(sinh(x)),x]/(sqrt(-%i)*sqrt(csch(x))*sqrt(sinh(x)))-2*cosh(x)*sqrt(csch(x))))/csch(x)^(3/2) 

# entry 6.6 Hyperbolic cosecant/6.6.3 Hyperbolic cosecant functions.mac e40  integrand 1/(a*csch(x)^3)^(3/2)
# core /home/serge/src/mr-attr-base/test/mr_rules.core  cap 60  hit_cap False  cpu [15.971338]
fired    9_3 r67  1/(2*x*csch(x)^(9/2)+2*csch(x)^(9/2))
fired    9_3 r67  1/(2*x*csch(x)^(9/2)-2*csch(x)^(9/2))
fired    1_4_1 r7  1/(2*x*csch(x)^(9/2)+2*csch(x)^(9/2))-1/(2*x*csch(x)^(9/2)-2*csch(x)^(9/2))
fired    9_3 r46  1/((1-x^2)*csch(x)^(9/2))
fired    9_3 r41  1/((1-x^2)*(-(%i*csch(x)))^(9/2))
fired    1_1_3_1 r32  1/sqrt(x^4+1)
fired    1_2_2_3 r54  (1-x^2)/sqrt(x^4+1)
fired    1_1_3_2 r47  x^2/sqrt(x^4+1)
fired    1_1_2_2 r27  sqrt(x)/sqrt(x^2+1)
fired    1_1_2_2 r14  sqrt(x)/(x^2+1)^(3/2)
fired    1_1_2_2 r14  sqrt(x)/(x^2+1)^(5/2)
fired    1_1_2_2 r14  sqrt(x)/(x^2+1)^(7/2)
fired    1_1_2_2 r13  x^(5/2)/(x^2+1)^(9/2)
fired    1_1_2_2 r13  x^(9/2)/(x^2+1)^(11/2)
fired    9_3 r40  1/((x^2+1)*((x^2+1)/(2*x))^(9/2))
fired    1_1_3_1 r32  1/sqrt(x^4+1)
fired    1_2_2_3 r54  (1-x^2)/sqrt(x^4+1)
fired    1_1_3_2 r47  x^2/sqrt(x^4+1)
fired    1_1_2_2 r27  sqrt(x)/sqrt(x^2+1)
fired    1_1_2_2 r14  sqrt(x)/(x^2+1)^(3/2)
fired    1_1_2_2 r14  sqrt(x)/(x^2+1)^(5/2)
fired    1_1_2_2 r14  sqrt(x)/(x^2+1)^(7/2)
fired    1_1_2_2 r13  x^(5/2)/(x^2+1)^(9/2)
fired    1_1_2_2 r13  x^(9/2)/(x^2+1)^(11/2)
fired    9_3 r40  1/((x^2+1)*((x^2+1)/(2*x))^(9/2))
fired    1_1_3_1 r32  1/sqrt(x^4+1)
fired    1_2_2_3 r54  (1-x^2)/sqrt(x^4+1)
fired    1_1_3_2 r47  x^2/sqrt(x^4+1)
fired    1_1_2_2 r27  sqrt(x)/sqrt(x^2+1)
fired    1_1_2_2 r14  sqrt(x)/(x^2+1)^(3/2)
fired    1_1_2_2 r14  sqrt(x)/(x^2+1)^(5/2)
fired    1_1_2_2 r14  sqrt(x)/(x^2+1)^(7/2)
fired    1_1_2_2 r13  x^(5/2)/(x^2+1)^(9/2)
fired    1_1_2_2 r13  x^(9/2)/(x^2+1)^(11/2)
fired    9_3 r40  1/((x^2+1)*((x^2+1)/(2*x))^(9/2))
fired    4_7_5 r71  1/%mr_icsc(x)^(9/2)
fired    9_3 r51  1/%mr_icsc(%i*x)^(9/2)
misfire (inert head leaked) 9_3 r41  1/(%i*%mr_icsc(%i*x))^(9/2)
fired    9_3 r67  1/(2*x*csch(x)^(9/2)+2*csch(x)^(9/2))
fired    9_3 r67  1/(2*x*csch(x)^(9/2)-2*csch(x)^(9/2))
fired    1_4_1 r7  1/(2*x*csch(x)^(9/2)+2*csch(x)^(9/2))-1/(2*x*csch(x)^(9/2)-2*csch(x)^(9/2))
fired    9_3 r46  1/((1-x^2)*csch(x)^(9/2))
fired    1_1_3_1 r32  1/sqrt(x^4+1)
fired    1_2_2_3 r54  (1-x^2)/sqrt(x^4+1)
fired    1_1_3_2 r47  x^2/sqrt(x^4+1)
fired    1_1_2_2 r27  sqrt(x)/sqrt(x^2+1)
fired    1_1_2_2 r14  sqrt(x)/(x^2+1)^(3/2)
fired    1_1_2_2 r14  sqrt(x)/(x^2+1)^(5/2)
fired    1_1_2_2 r14  sqrt(x)/(x^2+1)^(7/2)
fired    1_1_2_2 r13  x^(5/2)/(x^2+1)^(9/2)
fired    1_1_2_2 r13  x^(9/2)/(x^2+1)^(11/2)
fired    9_3 r40  1/((x^2+1)*((x^2+1)/(2*x))^(9/2))
fired    1_1_3_1 r32  1/sqrt(x^4+1)
fired    1_2_2_3 r54  (1-x^2)/sqrt(x^4+1)
fired    1_1_3_2 r47  x^2/sqrt(x^4+1)
fired    1_1_2_2 r27  sqrt(x)/sqrt(x^2+1)
fired    1_1_2_2 r14  sqrt(x)/(x^2+1)^(3/2)
fired    1_1_2_2 r14  sqrt(x)/(x^2+1)^(5/2)
fired    1_1_2_2 r14  sqrt(x)/(x^2+1)^(7/2)
fired    1_1_2_2 r13  x^(5/2)/(x^2+1)^(9/2)
fired    1_1_2_2 r13  x^(9/2)/(x^2+1)^(11/2)
fired    9_3 r40  1/((x^2+1)*((x^2+1)/(2*x))^(9/2))
fired    1_1_3_1 r32  1/sqrt(x^4+1)
fired    1_2_2_3 r54  (1-x^2)/sqrt(x^4+1)
fired    1_1_3_2 r47  x^2/sqrt(x^4+1)
fired    1_1_2_2 r27  sqrt(x)/sqrt(x^2+1)
fired    1_1_2_2 r14  sqrt(x)/(x^2+1)^(3/2)
fired    1_1_2_2 r14  sqrt(x)/(x^2+1)^(5/2)
fired    1_1_2_2 r14  sqrt(x)/(x^2+1)^(7/2)
fired    1_1_2_2 r13  x^(5/2)/(x^2+1)^(9/2)
fired    1_1_2_2 r13  x^(9/2)/(x^2+1)^(11/2)
fired    9_3 r40  1/((x^2+1)*((x^2+1)/(2*x))^(9/2))
fired    4_7_5 r71  1/%mr_icsc(x)^(9/2)
misfire (inert head leaked) 9_3 r41  1/(%i*%mr_icsc(x))^(9/2)
fired    1_1_3_1 r32  1/sqrt(x^4+1)
fired    1_2_2_3 r54  (1-x^2)/sqrt(x^4+1)
fired    1_1_3_2 r47  x^2/sqrt(x^4+1)
fired    1_1_2_2 r27  sqrt(x)/sqrt(x^2+1)
fired    1_1_2_2 r14  sqrt(x)/(x^2+1)^(3/2)
fired    1_1_2_2 r14  sqrt(x)/(x^2+1)^(5/2)
fired    1_1_2_2 r14  sqrt(x)/(x^2+1)^(7/2)
fired    1_1_2_2 r13  x^(5/2)/(x^2+1)^(9/2)
fired    1_1_2_2 r13  x^(9/2)/(x^2+1)^(11/2)
fired    9_3 r40  1/((x^2+1)*((%i*(x^2+1))/(2*x))^(9/2))
fired    1_1_3_1 r32  1/sqrt(x^4+1)
fired    1_2_2_3 r54  (1-x^2)/sqrt(x^4+1)
fired    1_1_3_2 r47  x^2/sqrt(x^4+1)
fired    1_1_2_2 r27  sqrt(x)/sqrt(x^2+1)
fired    1_1_2_2 r14  sqrt(x)/(x^2+1)^(3/2)
fired    1_1_2_2 r14  sqrt(x)/(x^2+1)^(5/2)
fired    1_1_2_2 r14  sqrt(x)/(x^2+1)^(7/2)
fired    1_1_2_2 r13  x^(5/2)/(x^2+1)^(9/2)
fired    1_1_2_2 r13  x^(9/2)/(x^2+1)^(11/2)
fired    9_3 r40  1/((x^2+1)*((%i*(x^2+1))/(2*x))^(9/2))
fired    1_1_3_1 r32  1/sqrt(x^4+1)
fired    1_2_2_3 r54  (1-x^2)/sqrt(x^4+1)
fired    1_1_3_2 r47  x^2/sqrt(x^4+1)
fired    1_1_2_2 r27  sqrt(x)/sqrt(x^2+1)
fired    1_1_2_2 r14  sqrt(x)/(x^2+1)^(3/2)
fired    1_1_2_2 r14  sqrt(x)/(x^2+1)^(5/2)
fired    1_1_2_2 r14  sqrt(x)/(x^2+1)^(7/2)
fired    1_1_2_2 r13  x^(5/2)/(x^2+1)^(9/2)
fired    1_1_2_2 r13  x^(9/2)/(x^2+1)^(11/2)
fired    9_3 r40  1/((x^2+1)*((%i*(x^2+1))/(2*x))^(9/2))
fired    4_7_5 r71  1/(%i*%mr_icsc(x))^(9/2)
fired    9_3 r51  1/(%i*%mr_icsc(%i*x))^(9/2)
fired    4_1_0_1 r1  1/csch(x)^(9/2)
fired    9_3 r41  1/(a*csch(x)^3)^(3/2)
RUBI-CPU 15.912513 
ANSWER (%i*(sqrt(%i*tanh(x/2))*sqrt(-((tanh(x/2)^2-1)/(-tanh(x/2)^2+2*%i*tanh(x/2)+1)))*((21*elliptic_f(2*atan(sqrt(%i*tanh(x/2))),1/2)-42*elliptic_e(2*atan(sqrt(%i*tanh(x/2))),1/2))*tanh(x/2)^10+(84*%i*elliptic_e(2*atan(sqrt(%i*tanh(x/2))),1/2)-42*%i*elliptic_f(2*atan(sqrt(%i*tanh(x/2))),1/2))*tanh(x/2)^9+(210*elliptic_e(2*atan(sqrt(%i*tanh(x/2))),1/2)-105*elliptic_f(2*atan(sqrt(%i*tanh(x/2))),1/2))*tanh(x/2)^8+(168*%i*elliptic_f(2*atan(sqrt(%i*tanh(x/2))),1/2)-336*%i*elliptic_e(2*atan(sqrt(%i*tanh(x/2))),1/2))*tanh(x/2)^7+(210*elliptic_f(2*atan(sqrt(%i*tanh(x/2))),1/2)-420*elliptic_e(2*atan(...

# entry 6.6 Hyperbolic cosecant/6.6.3 Hyperbolic cosecant functions.mac e40  integrand 1/(a*csch(x)^3)^(3/2)
# core /home/serge/src/mr-attr/test/mr_rules.core  cap 60  hit_cap False  cpu [5.773175]
misfire (inert head leaked) 9_1 r11  -(%i*sqrt(-(%i*%mr_isin(%i*x))))
misfire (inert head leaked) 9_1 r12  -(%i*sqrt(-(%i*%mr_isin(%i*x))))
fired    4_7_5 r67  -(%i*sqrt(-(%i*%mr_isin(%i*x))))
fired    4_1_0_1 r1  -(%i*sqrt(sinh(x)))
fired    9_3 r41  -(%i*sqrt(%i*sinh(x)))
fired    4_7_5 r69  sqrt(-%i)*sqrt(-(%i*%mr_isin(%i*x)))
fired    4_1_0_1 r1  sqrt(-%i)*sqrt(sinh(x))
fired    9_3 r41  sqrt(-%i)*sqrt(%i*sinh(x))
fired    4_7_5 r69  sqrt(-(%i*%mr_isin(%i*x)))
fired    4_1_0_1 r1  sqrt(sinh(x))
fired    9_3 r41  sqrt(%i*sinh(x))
fired    4_5_1_1 r5  1/sqrt(%i*%mr_icsc(%i*x))
fired    4_1_0_1 r1  1/sqrt(csch(x))
fired    4_5_1_1 r3  1/(%i*%mr_icsc(%i*x))^(5/2)
fired    4_1_0_1 r1  1/csch(x)^(5/2)
fired    4_5_1_1 r3  1/(%i*%mr_icsc(%i*x))^(9/2)
fired    4_1_0_1 r1  1/csch(x)^(9/2)
fired    9_3 r41  1/(a*csch(x)^3)^(3/2)
RUBI-CPU 5.697728 
ANSWER (csch(x)^(3/2)*((2*cosh(x))/(9*csch(x)^(7/2))-(7*((2*cosh(x))/(5*csch(x)^(3/2))-(3*%i*'unintegrable[-(%i*sqrt(%i*sinh(x))),x])/(5*sqrt(csch(x))*sqrt(%i*sinh(x)))))/9))/(a*sqrt(a*csch(x)^3)) 

# entry 6.6 Hyperbolic cosecant/6.6.3 Hyperbolic cosecant functions.mac e41  integrand 1/(a*csch(x)^3)^(5/2)
# core /home/serge/src/mr-attr-base/test/mr_rules.core  cap 60  hit_cap False  cpu [17.53799]
fired    9_3 r67  1/(2*x*csch(x)^(15/2)+2*csch(x)^(15/2))
fired    9_3 r67  1/(2*x*csch(x)^(15/2)-2*csch(x)^(15/2))
fired    1_4_1 r7  1/(2*x*csch(x)^(15/2)+2*csch(x)^(15/2))-1/(2*x*csch(x)^(15/2)-2*csch(x)^(15/2))
fired    9_3 r46  1/((1-x^2)*csch(x)^(15/2))
fired    9_3 r41  1/((1-x^2)*(-(%i*csch(x)))^(15/2))
fired    1_1_3_1 r32  1/sqrt(x^4+1)
fired    1_1_2_2 r27  1/(sqrt(x)*sqrt(x^2+1))
fired    1_1_2_2 r14  1/(sqrt(x)*(x^2+1)^(3/2))
fired    1_1_2_2 r14  1/(sqrt(x)*(x^2+1)^(5/2))
fired    1_1_2_2 r14  1/(sqrt(x)*(x^2+1)^(7/2))
fired    1_1_2_2 r14  1/(sqrt(x)*(x^2+1)^(9/2))
fired    1_1_2_2 r13  x^(3/2)/(x^2+1)^(11/2)
fired    1_1_2_2 r13  x^(7/2)/(x^2+1)^(13/2)
fired    1_1_2_2 r13  x^(11/2)/(x^2+1)^(15/2)
fired    1_1_2_2 r13  x^(15/2)/(x^2+1)^(17/2)
fired    9_3 r40  1/((x^2+1)*((x^2+1)/(2*x))^(15/2))
fired    1_1_3_1 r32  1/sqrt(x^4+1)
fired    1_1_2_2 r27  1/(sqrt(x)*sqrt(x^2+1))
fired    1_1_2_2 r14  1/(sqrt(x)*(x^2+1)^(3/2))
fired    1_1_2_2 r14  1/(sqrt(x)*(x^2+1)^(5/2))
fired    1_1_2_2 r14  1/(sqrt(x)*(x^2+1)^(7/2))
fired    1_1_2_2 r14  1/(sqrt(x)*(x^2+1)^(9/2))
fired    1_1_2_2 r13  x^(3/2)/(x^2+1)^(11/2)
fired    1_1_2_2 r13  x^(7/2)/(x^2+1)^(13/2)
fired    1_1_2_2 r13  x^(11/2)/(x^2+1)^(15/2)
fired    1_1_2_2 r13  x^(15/2)/(x^2+1)^(17/2)
fired    9_3 r40  1/((x^2+1)*((x^2+1)/(2*x))^(15/2))
fired    1_1_3_1 r32  1/sqrt(x^4+1)
fired    1_1_2_2 r27  1/(sqrt(x)*sqrt(x^2+1))
fired    1_1_2_2 r14  1/(sqrt(x)*(x^2+1)^(3/2))
fired    1_1_2_2 r14  1/(sqrt(x)*(x^2+1)^(5/2))
fired    1_1_2_2 r14  1/(sqrt(x)*(x^2+1)^(7/2))
fired    1_1_2_2 r14  1/(sqrt(x)*(x^2+1)^(9/2))
fired    1_1_2_2 r13  x^(3/2)/(x^2+1)^(11/2)
fired    1_1_2_2 r13  x^(7/2)/(x^2+1)^(13/2)
fired    1_1_2_2 r13  x^(11/2)/(x^2+1)^(15/2)
fired    1_1_2_2 r13  x^(15/2)/(x^2+1)^(17/2)
fired    9_3 r40  1/((x^2+1)*((x^2+1)/(2*x))^(15/2))
fired    4_7_5 r71  1/%mr_icsc(x)^(15/2)
fired    9_3 r51  1/%mr_icsc(%i*x)^(15/2)
misfire (inert head leaked) 9_3 r41  1/(%i*%mr_icsc(%i*x))^(15/2)
fired    9_3 r67  1/(2*x*csch(x)^(15/2)+2*csch(x)^(15/2))
fired    9_3 r67  1/(2*x*csch(x)^(15/2)-2*csch(x)^(15/2))
fired    1_4_1 r7  1/(2*x*csch(x)^(15/2)+2*csch(x)^(15/2))-1/(2*x*csch(x)^(15/2)-2*csch(x)^(15/2))
fired    9_3 r46  1/((1-x^2)*csch(x)^(15/2))
fired    1_1_3_1 r32  1/sqrt(x^4+1)
fired    1_1_2_2 r27  1/(sqrt(x)*sqrt(x^2+1))
fired    1_1_2_2 r14  1/(sqrt(x)*(x^2+1)^(3/2))
fired    1_1_2_2 r14  1/(sqrt(x)*(x^2+1)^(5/2))
fired    1_1_2_2 r14  1/(sqrt(x)*(x^2+1)^(7/2))
fired    1_1_2_2 r14  1/(sqrt(x)*(x^2+1)^(9/2))
fired    1_1_2_2 r13  x^(3/2)/(x^2+1)^(11/2)
fired    1_1_2_2 r13  x^(7/2)/(x^2+1)^(13/2)
fired    1_1_2_2 r13  x^(11/2)/(x^2+1)^(15/2)
fired    1_1_2_2 r13  x^(15/2)/(x^2+1)^(17/2)
fired    9_3 r40  1/((x^2+1)*((x^2+1)/(2*x))^(15/2))
fired    1_1_3_1 r32  1/sqrt(x^4+1)
fired    1_1_2_2 r27  1/(sqrt(x)*sqrt(x^2+1))
fired    1_1_2_2 r14  1/(sqrt(x)*(x^2+1)^(3/2))
fired    1_1_2_2 r14  1/(sqrt(x)*(x^2+1)^(5/2))
fired    1_1_2_2 r14  1/(sqrt(x)*(x^2+1)^(7/2))
fired    1_1_2_2 r14  1/(sqrt(x)*(x^2+1)^(9/2))
fired    1_1_2_2 r13  x^(3/2)/(x^2+1)^(11/2)
fired    1_1_2_2 r13  x^(7/2)/(x^2+1)^(13/2)
fired    1_1_2_2 r13  x^(11/2)/(x^2+1)^(15/2)
fired    1_1_2_2 r13  x^(15/2)/(x^2+1)^(17/2)
fired    9_3 r40  1/((x^2+1)*((x^2+1)/(2*x))^(15/2))
fired    1_1_3_1 r32  1/sqrt(x^4+1)
fired    1_1_2_2 r27  1/(sqrt(x)*sqrt(x^2+1))
fired    1_1_2_2 r14  1/(sqrt(x)*(x^2+1)^(3/2))
fired    1_1_2_2 r14  1/(sqrt(x)*(x^2+1)^(5/2))
fired    1_1_2_2 r14  1/(sqrt(x)*(x^2+1)^(7/2))
fired    1_1_2_2 r14  1/(sqrt(x)*(x^2+1)^(9/2))
fired    1_1_2_2 r13  x^(3/2)/(x^2+1)^(11/2)
fired    1_1_2_2 r13  x^(7/2)/(x^2+1)^(13/2)
fired    1_1_2_2 r13  x^(11/2)/(x^2+1)^(15/2)
fired    1_1_2_2 r13  x^(15/2)/(x^2+1)^(17/2)
fired    9_3 r40  1/((x^2+1)*((x^2+1)/(2*x))^(15/2))
fired    4_7_5 r71  1/%mr_icsc(x)^(15/2)
misfire (inert head leaked) 9_3 r41  1/(%i*%mr_icsc(x))^(15/2)
fired    1_1_3_1 r32  1/sqrt(x^4+1)
fired    1_1_2_2 r27  1/(sqrt(x)*sqrt(x^2+1))
fired    1_1_2_2 r14  1/(sqrt(x)*(x^2+1)^(3/2))
fired    1_1_2_2 r14  1/(sqrt(x)*(x^2+1)^(5/2))
fired    1_1_2_2 r14  1/(sqrt(x)*(x^2+1)^(7/2))
fired    1_1_2_2 r14  1/(sqrt(x)*(x^2+1)^(9/2))
fired    1_1_2_2 r13  x^(3/2)/(x^2+1)^(11/2)
fired    1_1_2_2 r13  x^(7/2)/(x^2+1)^(13/2)
fired    1_1_2_2 r13  x^(11/2)/(x^2+1)^(15/2)
fired    1_1_2_2 r13  x^(15/2)/(x^2+1)^(17/2)
fired    9_3 r40  1/((x^2+1)*((%i*(x^2+1))/(2*x))^(15/2))
fired    1_1_3_1 r32  1/sqrt(x^4+1)
fired    1_1_2_2 r27  1/(sqrt(x)*sqrt(x^2+1))
fired    1_1_2_2 r14  1/(sqrt(x)*(x^2+1)^(3/2))
fired    1_1_2_2 r14  1/(sqrt(x)*(x^2+1)^(5/2))
fired    1_1_2_2 r14  1/(sqrt(x)*(x^2+1)^(7/2))
fired    1_1_2_2 r14  1/(sqrt(x)*(x^2+1)^(9/2))
fired    1_1_2_2 r13  x^(3/2)/(x^2+1)^(11/2)
fired    1_1_2_2 r13  x^(7/2)/(x^2+1)^(13/2)
fired    1_1_2_2 r13  x^(11/2)/(x^2+1)^(15/2)
fired    1_1_2_2 r13  x^(15/2)/(x^2+1)^(17/2)
fired    9_3 r40  1/((x^2+1)*((%i*(x^2+1))/(2*x))^(15/2))
fired    1_1_3_1 r32  1/sqrt(x^4+1)
fired    1_1_2_2 r27  1/(sqrt(x)*sqrt(x^2+1))
fired    1_1_2_2 r14  1/(sqrt(x)*(x^2+1)^(3/2))
fired    1_1_2_2 r14  1/(sqrt(x)*(x^2+1)^(5/2))
fired    1_1_2_2 r14  1/(sqrt(x)*(x^2+1)^(7/2))
fired    1_1_2_2 r14  1/(sqrt(x)*(x^2+1)^(9/2))
fired    1_1_2_2 r13  x^(3/2)/(x^2+1)^(11/2)
fired    1_1_2_2 r13  x^(7/2)/(x^2+1)^(13/2)
fired    1_1_2_2 r13  x^(11/2)/(x^2+1)^(15/2)
fired    1_1_2_2 r13  x^(15/2)/(x^2+1)^(17/2)
fired    9_3 r40  1/((x^2+1)*((%i*(x^2+1))/(2*x))^(15/2))
fired    4_7_5 r71  1/(%i*%mr_icsc(x))^(15/2)
fired    9_3 r51  1/(%i*%mr_icsc(%i*x))^(15/2)
fired    4_1_0_1 r1  1/csch(x)^(15/2)
fired    9_3 r41  1/(a*csch(x)^3)^(5/2)
RUBI-CPU 17.477035 
ANSWER -((%i*(sqrt(%i*tanh(x/2))*sqrt(-((tanh(x/2)^2-1)/(-tanh(x/2)^2+2*%i*tanh(x/2)+1)))*(195*%i*elliptic_f(2*atan(sqrt(%i*tanh(x/2))),1/2)*tanh(x/2)^15+195*elliptic_f(2*atan(sqrt(%i*tanh(x/2))),1/2)*tanh(x/2)^14-1365*%i*elliptic_f(2*atan(sqrt(%i*tanh(x/2))),1/2)*tanh(x/2)^13-1365*elliptic_f(2*atan(sqrt(%i*tanh(x/2))),1/2)*tanh(x/2)^12+4095*%i*elliptic_f(2*atan(sqrt(%i*tanh(x/2))),1/2)*tanh(x/2)^11+4095*elliptic_f(2*atan(sqrt(%i*tanh(x/2))),1/2)*tanh(x/2)^10-6825*%i*elliptic_f(2*atan(sqrt(%i*tanh(x/2))),1/2)*tanh(x/2)^9-6825*elliptic_f(2*atan(sqrt(%i*tanh(x/2))),1/2)*tanh(x/2)^8+6825*%i*ellip...

# entry 6.6 Hyperbolic cosecant/6.6.3 Hyperbolic cosecant functions.mac e41  integrand 1/(a*csch(x)^3)^(5/2)
# core /home/serge/src/mr-attr/test/mr_rules.core  cap 60  hit_cap False  cpu [3.466687]
fired    9_1 r12  1/(sqrt(-%i)*sqrt(sinh(x)))
fired    9_3 r41  1/(sqrt(-%i)*sqrt(%i*sinh(x)))
fired    4_7_5 r69  1/sqrt(-(%i*%mr_isin(%i*x)))
fired    4_1_0_1 r1  1/sqrt(sinh(x))
fired    9_3 r41  1/sqrt(%i*sinh(x))
fired    4_5_1_1 r5  sqrt(%i*%mr_icsc(%i*x))
fired    4_1_0_1 r1  sqrt(csch(x))
fired    4_5_1_1 r3  1/(%i*%mr_icsc(%i*x))^(3/2)
fired    4_1_0_1 r1  1/csch(x)^(3/2)
fired    4_5_1_1 r3  1/(%i*%mr_icsc(%i*x))^(7/2)
fired    4_1_0_1 r1  1/csch(x)^(7/2)
fired    4_5_1_1 r3  1/(%i*%mr_icsc(%i*x))^(11/2)
fired    4_1_0_1 r1  1/csch(x)^(11/2)
fired    4_5_1_1 r3  1/(%i*%mr_icsc(%i*x))^(15/2)
fired    4_1_0_1 r1  1/csch(x)^(15/2)
fired    9_3 r41  1/(a*csch(x)^3)^(5/2)
RUBI-CPU 3.407943 
ANSWER (csch(x)^(3/2)*((2*cosh(x))/(15*csch(x)^(13/2))-(13*((2*cosh(x))/(11*csch(x)^(9/2))-(9*((2*cosh(x))/(7*csch(x)^(5/2))-(5*((2*cosh(x))/(3*sqrt(csch(x)))-(sqrt(csch(x))*sqrt(sinh(x))*'unintegrable[1/sqrt(sinh(x)),x])/3))/7))/11))/15))/(a^2*sqrt(a*csch(x)^3)) 

# entry 6.6 Hyperbolic cosecant/6.6.3 Hyperbolic cosecant functions.mac e48  integrand 1/(a*csch(x)^4)^(5/2)
# core /home/serge/src/mr-attr-base/test/mr_rules.core  cap 60  hit_cap False  cpu [4.682012]
fired    4_7_5 r72  1/((2-2*x)*%mr_icsc(%i*x)^10)
fired    1_4_1 r18  -(1/((2*x-2)*%mr_icsc(%i*x)^10))
fired    4_1_0_1 r1  1/((2*x-2)*csch(x)^10)
fired    4_7_5 r72  1/((-(2*x)-2)*%mr_icsc(%i*x)^10)
fired    1_4_1 r18  -(1/((2*x+2)*%mr_icsc(%i*x)^10))
fired    4_1_0_1 r1  1/((2*x+2)*csch(x)^10)
fired    1_4_1 r7  1/((2*x-2)*csch(x)^10)-1/((2*x+2)*csch(x)^10)
fired    9_3 r46  1/((x^2-1)*csch(x)^10)
fired    1_1_2_1 r10  1/(x^2+1)
fired    1_1_2_2 r13  x^2/(x^2+1)^2
fired    1_1_2_2 r13  x^4/(x^2+1)^3
fired    1_1_2_2 r13  x^6/(x^2+1)^4
fired    1_1_2_2 r13  x^8/(x^2+1)^5
fired    1_1_2_2 r13  x^10/(x^2+1)^6
fired    4_7_5 r58  1/%mr_icsc(x)^10
fired    9_3 r51  1/%mr_icsc(%i*x)^10
fired    9_1 r10  -(1/%mr_icsc(%i*x)^10)
fired    4_1_0_1 r1  1/csch(x)^10
fired    9_1 r12  1/(a^(5/2)*csch(x)^10)
RUBI-CPU 4.630756 
ANSWER -(((315*tanh(x)^10-1575*tanh(x)^8+3150*tanh(x)^6-3150*tanh(x)^4+1575*tanh(x)^2-315)*atanh(tanh(x))+965*tanh(x)^9-2370*tanh(x)^7+2688*tanh(x)^5-1470*tanh(x)^3+315*tanh(x))/(a^(5/2)*(1280*tanh(x)^10-6400*tanh(x)^8+12800*tanh(x)^6-12800*tanh(x)^4+6400*tanh(x)^2-1280))) 

# entry 6.6 Hyperbolic cosecant/6.6.3 Hyperbolic cosecant functions.mac e48  integrand 1/(a*csch(x)^4)^(5/2)
# core /home/serge/src/mr-attr/test/mr_rules.core  cap 60  hit_cap False  cpu [3.37862]
fired    4_5_1_1 r3  1/%mr_icsc(%i*x)^2
fired    9_1 r10  -(1/%mr_icsc(%i*x)^2)
fired    4_1_0_1 r1  1/csch(x)^2
fired    9_1 r10  -(1/csch(x)^2)
fired    4_5_1_1 r3  1/%mr_icsc(%i*x)^4
fired    4_1_0_1 r1  1/csch(x)^4
fired    4_5_1_1 r3  1/%mr_icsc(%i*x)^6
fired    9_1 r10  -(1/%mr_icsc(%i*x)^6)
fired    4_1_0_1 r1  1/csch(x)^6
fired    9_1 r10  -(1/csch(x)^6)
fired    4_5_1_1 r3  1/%mr_icsc(%i*x)^8
fired    4_1_0_1 r1  1/csch(x)^8
fired    4_5_1_1 r3  1/%mr_icsc(%i*x)^10
fired    9_1 r10  -(1/%mr_icsc(%i*x)^10)
fired    4_1_0_1 r1  1/csch(x)^10
fired    9_1 r12  1/(a^(5/2)*csch(x)^10)
RUBI-CPU 3.322706 
ANSWER (cosh(x)/(10*csch(x)^9)-(9*((7*((5*((3*('unintegrable[1,x]/2-cosh(x)/(2*csch(x))))/4+cosh(x)/(4*csch(x)^3)))/6-cosh(x)/(6*csch(x)^5)))/8+cosh(x)/(8*csch(x)^7)))/10)/a^(5/2) 

# entry 6.6 Hyperbolic cosecant/6.6.3 Hyperbolic cosecant functions.mac e117  integrand tanh(x)/(a+b*csch(x))
# core /home/serge/src/mr-attr-base/test/mr_rules.core  cap 60  hit_cap False  cpu [8.679252]
fired    9_3 r67  1/(b*(2*%i*x*coth(x)-2*%i*coth(x))*csch(x)+a*(2*%i*x*coth(x)-2*%i*coth(x)))
fired    9_3 r67  1/(b*(2*%i*x*coth(x)+2*%i*coth(x))*csch(x)+a*(2*%i*x*coth(x)+2*%i*coth(x)))
fired    1_4_1 r7  1/(b*(2*%i*x*coth(x)-2*%i*coth(x))*csch(x)+a*(2*%i*x*coth(x)-2*%i*coth(x)))-1/(b*(2*%i*x*coth(x)+2*%i*coth(x))*csch(x)+a*(2*%i*x*coth(x)+2*%i*coth(x)))
fired    9_3 r46  1/((%i*x^2-%i)*coth(x)*(b*csch(x)+a))
fired    1_4_1 r18  %i/((1-x^2)*coth(x)*(b*csch(x)+a))
fired    1_1_1_1 r3  1/((a^3/b^2+a)*x+%i*b+(%i*a^2)/b)
fired    9_1 r6  1/((a^3*x)/b^2+a*x+%i*b+(%i*a^2)/b)
fired    1_4_1 r18  b/(a*b*x+(a^3*x)/b+%i*b^2+%i*a^2)
fired    1_4_1 r18  b^2/(a*b^2*x+a^3*x+%i*b^3+%i*a^2*b)
fired    1_1_1_1 r3  1/((2*%i*b+2*a)*x-2*%i*b-2*a)
fired    9_1 r6  1/(2*%i*b*x+2*a*x-2*%i*b-2*a)
fired    1_4_1 r7  -(b^2/(a*b^2*x+a^3*x+%i*b^3+%i*a^2*b))-1/(2*%i*b*x+2*a*x-2*%i*b-2*a)+1/(2*%i*b*x-2*a*x+2*%i*b-2*a)
fired    1_1_2_8 r100  x^2/((a*x+%i*b)*(1-x^2))
fired    1_2_3_4 r107  x/(((%i*b)/x+a)*(1-x^2))
fired    4_7_5 r47  1/(%mr_icot(x)*(%i*b*%mr_icsc(x)+a))
fired    9_3 r51  1/(%mr_icot(%i*x)*(%i*b*%mr_icsc(%i*x)+a))
fired    9_1 r11  -(%i/(%mr_icot(%i*x)*(%i*b*%mr_icsc(%i*x)+a)))
fired    4_1_0_1 r1  tanh(x)/(b*csch(x)+a)
RUBI-CPU 8.626757 
ANSWER (a^2*(log(a*(2-2*%i*sinh(x))+b*(2*sinh(x)+2*%i))+log(%i*sinh(x)+1))+%i*a*b*(log(%i*sinh(x)+1)-log(a*(2-2*%i*sinh(x))+b*(2*sinh(x)+2*%i)))+2*b^2*log((%i*a*b^2*sinh(x)+%i*a^3*sinh(x)+%i*b^3+%i*a^2*b)/b^2))/(2*a*b^2+2*a^3) 

# entry 6.6 Hyperbolic cosecant/6.6.3 Hyperbolic cosecant functions.mac e117  integrand tanh(x)/(a+b*csch(x))
# core /home/serge/src/mr-attr/test/mr_rules.core  cap 60  hit_cap False  cpu [22.779158]
fired    9_3 r67  1/((a^2-x)*x*(x-b^2-a^2))
fired    1_3_4 r3  1/((-x-b^2)*x*(x+b^2+a^2))
fired    1_3_4 r3  1/((a^2-x)*(-x-b^2)*x)
fired    1_1_2_4 r20  1/(x*(a^2-x^2)*(-x^2-b^2))
fired    1_1_2_1 r13  1/(a^2-x^2)
fired    1_1_2_1 r11  1/(-x^2-b^2)
fired    1_1_2_3 r24  1/((a^2-x^2)*(-x^2-b^2))
fired    1_1_2_8 r106  1/(x*(x+a)*(-x^2-b^2))
fired    4_5_1_4 r7  1/(%mr_icot(%i*x)*(%i*b*%mr_icsc(%i*x)+a))
fired    9_1 r11  -(%i/(%mr_icot(%i*x)*(%i*b*%mr_icsc(%i*x)+a)))
fired    4_1_0_1 r1  tanh(x)/(b*csch(x)+a)
RUBI-CPU 22.719132000000002 
ANSWER -((b^2*(b*(a^4*'unintegrable[1/(b^6*csch(x)^6+(b^6-a^2*b^4)*csch(x)^4-a^2*b^4*csch(x)^2),a^2-b^2*csch(x)^2]-log(-((b*csch(x)+a)/(b*csch(x)-a))))+a^2*b^3*'unintegrable[1/(b^6*csch(x)^6+(b^6-a^2*b^4)*csch(x)^4-a^2*b^4*csch(x)^2),a^2-b^2*csch(x)^2]-2*a*atan(csch(x))))/(2*a*b^3+2*a^3*b)) 

# entry 6.7 Miscellaneous/6.7.1 Hyperbolic functions.mac e73  integrand sinh(a+b*x)*tanh(a+b*x)^4
# core /home/serge/src/mr-attr-base/test/mr_rules.core  cap 60  hit_cap False  cpu [2.129821]
fired    1_1_1_1 r2  1/x^2
fired    1_4_1 r7  1-1/x^2
fired    1_1_2_2 r5  (x^2-1)/x^2
fired    1_1_2_2 r8  (x^2-1)^2/x^4
fired    9_1 r28  (x^4-2*x^2+1)/x^4
fired    1_2_3_1 r1  -(2/x^2)+1/x^4+1
fired    1_1_2_2 r5  (1-x^2)^2/x^4
fired    4_7_5 r48  %mr_isin(%i*b*x+%i*a)*%mr_itan(%i*b*x+%i*a)^4
fired    9_1 r11  -(%i*%mr_isin(%i*b*x+%i*a)*%mr_itan(%i*b*x+%i*a)^4)
fired    4_1_0_1 r1  sinh(b*x+a)*tanh(b*x+a)^4
RUBI-CPU 2.0712639999999998 
ANSWER (3*cosh(b*x+a)^4+6*cosh(b*x+a)^2-1)/(3*b*cosh(b*x+a)^3) 

# entry 6.7 Miscellaneous/6.7.1 Hyperbolic functions.mac e73  integrand sinh(a+b*x)*tanh(a+b*x)^4
# core /home/serge/src/mr-attr/test/mr_rules.core  cap 60  hit_cap False  cpu [2.207956]
fired    9_3 r67  (x^4-2*x^2+1)/x^4
fired    1_2_3_1 r1  -(2/x^2)+1/x^4+1
fired    1_1_2_2 r5  (x^2-1)^2/x^4
fired    4_7_5 r28  sinh(b*x+a)*tanh(b*x+a)^4
RUBI-CPU 2.1361149999999998 
ANSWER 'unintegrable[(cosh(b*x+a)^4-2*cosh(b*x+a)^2+1)/cosh(b*x+a)^4,cosh(b*x+a)]/b 

# entry 6.7 Miscellaneous/6.7.1 Hyperbolic functions.mac e74  integrand sinh(a+b*x)^2*tanh(a+b*x)
# core /home/serge/src/mr-attr-base/test/mr_rules.core  cap 60  hit_cap False  cpu [1.274096]
fired    1_1_1_1 r3  1/(x-1)
fired    1_4_1 r7  -(1/(x-1))-1
fired    1_1_1_2 r12  x/(1-x)
fired    1_1_2_2 r4  x^3/(1-x^2)
fired    4_7_5 r47  %mr_isin(%i*b*x+%i*a)^2*%mr_itan(%i*b*x+%i*a)
fired    9_1 r11  %i*%mr_isin(%i*b*x+%i*a)^2*%mr_itan(%i*b*x+%i*a)
fired    4_1_0_1 r1  sinh(b*x+a)^2*tanh(b*x+a)
RUBI-CPU 1.217285 
ANSWER (sinh(b*x+a)^2-log(sinh(b*x+a)^2+1))/(2*b) 

# entry 6.7 Miscellaneous/6.7.1 Hyperbolic functions.mac e74  integrand sinh(a+b*x)^2*tanh(a+b*x)
# core /home/serge/src/mr-attr/test/mr_rules.core  cap 60  hit_cap False  cpu [1.492886]
fired    9_3 r67  (x^2-1)/x
fired    4_7_5 r32  sinh(b*x+a)^2*tanh(b*x+a)
RUBI-CPU 1.42588 
ANSWER 'unintegrable[(cosh(b*x+a)^2-1)/cosh(b*x+a),cosh(b*x+a)]/b 

# entry 6.7 Miscellaneous/6.7.1 Hyperbolic functions.mac e76  integrand sinh(a+b*x)^2*tanh(a+b*x)^3
# core /home/serge/src/mr-attr-base/test/mr_rules.core  cap 60  hit_cap False  cpu [2.289497]
fired    1_1_1_1 r3  1/(1/2-x/2)
fired    1_4_1 r18  2/(1-x)
fired    1_4_1 r7  -(2/(1-x))+1/(1-x)^2+1
fired    1_1_1_2 r12  x^2/(1-x)^2
fired    1_1_2_2 r4  x^5/(1-x^2)^2
fired    4_7_5 r47  %mr_isin(%i*b*x+%i*a)^2*%mr_itan(%i*b*x+%i*a)^3
fired    9_1 r11  -(%i*%mr_isin(%i*b*x+%i*a)^2*%mr_itan(%i*b*x+%i*a)^3)
fired    4_1_0_1 r1  sinh(b*x+a)^2*tanh(b*x+a)^3
RUBI-CPU 2.2299680000000004 
ANSWER (-(2*log(-((sinh(b*x+a)^2+1)/2)))+sinh(b*x+a)^2*(1-2*log(-((sinh(b*x+a)^2+1)/2)))+sinh(b*x+a)^4-1)/(b*(2*sinh(b*x+a)^2+2)) 

# entry 6.7 Miscellaneous/6.7.1 Hyperbolic functions.mac e76  integrand sinh(a+b*x)^2*tanh(a+b*x)^3
# core /home/serge/src/mr-attr/test/mr_rules.core  cap 60  hit_cap False  cpu [2.322313]
fired    9_3 r67  (x^2-2*x+1)/x^2
fired    1_2_3_1 r1  -(2/x)+1/x^2+1
fired    1_1_1_2 r12  (x-1)^2/x^2
fired    1_1_2_2 r4  (x^2-1)^2/x^3
fired    4_7_5 r44  sinh(b*x+a)^2*tanh(b*x+a)^3
RUBI-CPU 2.260503 
ANSWER 'unintegrable[(cosh(b*x+a)^4-2*cosh(b*x+a)^2+1)/cosh(b*x+a)^4,cosh(b*x+a)^2]/(2*b) 

# entry 6.7 Miscellaneous/6.7.1 Hyperbolic functions.mac e78  integrand sinh(a+b*x)^3*tanh(a+b*x)^2
# core /home/serge/src/mr-attr-base/test/mr_rules.core  cap 60  hit_cap False  cpu [2.841994]
fired    1_4_1 r7  x^2-1
fired    1_1_2_2 r8  (x^2-1)^2/x^2
fired    9_1 r28  (x^4-2*x^2+1)/x^2
fired    1_2_3_1 r11  x^2+1/x^2-2
fired    1_1_2_2 r5  (1-x^2)^2/x^2
fired    4_7_5 r48  %mr_isin(%i*b*x+%i*a)^3*%mr_itan(%i*b*x+%i*a)^2
fired    9_1 r11  -(%i*%mr_isin(%i*b*x+%i*a)^3*%mr_itan(%i*b*x+%i*a)^2)
fired    4_1_0_1 r1  sinh(b*x+a)^3*tanh(b*x+a)^2
RUBI-CPU 2.7851619999999997 
ANSWER (cosh(b*x+a)^4-6*cosh(b*x+a)^2-3)/(3*b*cosh(b*x+a)) 

# entry 6.7 Miscellaneous/6.7.1 Hyperbolic functions.mac e78  integrand sinh(a+b*x)^3*tanh(a+b*x)^2
# core /home/serge/src/mr-attr/test/mr_rules.core  cap 60  hit_cap False  cpu [2.441461]
fired    9_3 r67  (x^4-2*x^2+1)/x^2
fired    1_2_3_1 r11  x^2+1/x^2-2
fired    1_1_2_2 r5  (x^2-1)^2/x^2
fired    4_7_5 r39  sinh(b*x+a)^3*tanh(b*x+a)^2
RUBI-CPU 2.372628 
ANSWER 'unintegrable[(cosh(b*x+a)^4-2*cosh(b*x+a)^2+1)/cosh(b*x+a)^2,cosh(b*x+a)]/b 

# entry 6.7 Miscellaneous/6.7.1 Hyperbolic functions.mac e104  integrand cosh(a+b*x)*coth(a+b*x)^4
# core /home/serge/src/mr-attr-base/test/mr_rules.core  cap 60  hit_cap False  cpu [1.399397]
fired    1_1_1_1 r2  1/x^2
fired    1_4_1 r7  1-1/x^2
fired    1_1_2_2 r5  (x^2-1)/x^2
fired    1_1_2_2 r8  (x^2-1)^2/x^4
fired    9_1 r28  (x^4-2*x^2+1)/x^4
fired    1_2_3_1 r1  -(2/x^2)+1/x^4+1
fired    1_1_2_2 r5  (1-x^2)^2/x^4
fired    4_7_5 r47  %mr_isin(%i*b*x+%i*a+%pi/2)*%mr_itan(%i*b*x+%i*a+%pi/2)^4
fired    4_1_0_1 r1  cosh(b*x+a)*coth(b*x+a)^4
RUBI-CPU 1.345913 
ANSWER (3*sinh(b*x+a)^4-6*sinh(b*x+a)^2-1)/(3*b*sinh(b*x+a)^3) 

# entry 6.7 Miscellaneous/6.7.1 Hyperbolic functions.mac e104  integrand cosh(a+b*x)*coth(a+b*x)^4
# core /home/serge/src/mr-attr/test/mr_rules.core  cap 60  hit_cap False  cpu [2.171455]
fired    9_3 r67  (x^4+2*x^2+1)/x^4
fired    1_2_3_1 r1  2/x^2+1/x^4+1
fired    1_1_2_2 r5  (x^2+1)^2/x^4
fired    4_7_5 r27  cosh(b*x+a)*coth(b*x+a)^4
RUBI-CPU 2.114107 
ANSWER 'unintegrable[(sinh(b*x+a)^4+2*sinh(b*x+a)^2+1)/sinh(b*x+a)^4,sinh(b*x+a)]/b 

# entry 6.7 Miscellaneous/6.7.1 Hyperbolic functions.mac e107  integrand cosh(a+b*x)^2*coth(a+b*x)^3
# core /home/serge/src/mr-attr-base/test/mr_rules.core  cap 60  hit_cap False  cpu [5.95687]
fired    1_4_1 r20  -(1/x^2)
fired    1_1_1_1 r3  1/(x+1)
fired    1_4_1 r7  1-1/(x+1)
fired    1_1_1_2 r12  x/(x+1)
fired    1_3_4 r1  (x-1)/x
fired    1_1_3_8 r10  -((x-1)^2/x^2)
fired    9_1 r27  (-x^2+2*x-1)/x^2
fired    1_2_3_1 r1  2/x-1/x^2-1
fired    1_1_3_8 r5  -((1-x)^2/x^2)
fired    1_1_2_11 r1  -((1-x^2)^2/x^3)
fired    4_7_5 r47  %mr_isin(%i*b*x+%i*a+%pi/2)^2*%mr_itan(%i*b*x+%i*a+%pi/2)^3
fired    9_1 r11  %i*%mr_isin(%i*b*x+%i*a+%pi/2)^2*%mr_itan(%i*b*x+%i*a+%pi/2)^3
fired    4_1_0_1 r1  cosh(b*x+a)^2*coth(b*x+a)^3
RUBI-CPU 5.897568 
ANSWER (2*sinh(b*x+a)^2*log(-sinh(b*x+a)^2)+sinh(b*x+a)^4-1)/(2*b*sinh(b*x+a)^2) 

# entry 6.7 Miscellaneous/6.7.1 Hyperbolic functions.mac e107  integrand cosh(a+b*x)^2*coth(a+b*x)^3
# core /home/serge/src/mr-attr/test/mr_rules.core  cap 60  hit_cap False  cpu [2.298478]
fired    9_3 r67  (x^2+2*x+1)/x^2
fired    1_2_3_1 r1  2/x+1/x^2+1
fired    1_1_1_2 r12  (x+1)^2/x^2
fired    1_1_2_2 r4  (x^2+1)^2/x^3
fired    4_7_5 r43  cosh(b*x+a)^2*coth(b*x+a)^3
RUBI-CPU 2.2351180000000004 
ANSWER 'unintegrable[(sinh(b*x+a)^4+2*sinh(b*x+a)^2+1)/sinh(b*x+a)^4,sinh(b*x+a)^2]/(2*b) 

# entry 6.7 Miscellaneous/6.7.1 Hyperbolic functions.mac e109  integrand cosh(a+b*x)^3*coth(a+b*x)^2
# core /home/serge/src/mr-attr-base/test/mr_rules.core  cap 60  hit_cap False  cpu [3.00185]
fired    1_4_1 r7  x^2-1
fired    1_1_2_2 r8  (x^2-1)^2/x^2
fired    9_1 r28  (x^4-2*x^2+1)/x^2
fired    1_2_3_1 r11  x^2+1/x^2-2
fired    1_1_2_2 r5  (1-x^2)^2/x^2
fired    4_7_5 r47  %mr_isin(%i*b*x+%i*a+%pi/2)^3*%mr_itan(%i*b*x+%i*a+%pi/2)^2
fired    9_1 r10  -(%mr_isin(%i*b*x+%i*a+%pi/2)^3*%mr_itan(%i*b*x+%i*a+%pi/2)^2)
fired    4_1_0_1 r1  cosh(b*x+a)^3*coth(b*x+a)^2
RUBI-CPU 2.954542 
ANSWER (sinh(b*x+a)^4+6*sinh(b*x+a)^2-3)/(3*b*sinh(b*x+a)) 

# entry 6.7 Miscellaneous/6.7.1 Hyperbolic functions.mac e109  integrand cosh(a+b*x)^3*coth(a+b*x)^2
# core /home/serge/src/mr-attr/test/mr_rules.core  cap 60  hit_cap False  cpu [2.463921]
fired    9_3 r67  (x^4+2*x^2+1)/x^2
fired    1_2_3_1 r11  x^2+1/x^2+2
fired    1_1_2_2 r5  (x^2+1)^2/x^2
fired    4_7_5 r37  cosh(b*x+a)^3*coth(b*x+a)^2
RUBI-CPU 2.399372 
ANSWER 'unintegrable[(sinh(b*x+a)^4+2*sinh(b*x+a)^2+1)/sinh(b*x+a)^2,sinh(b*x+a)]/b 

# entry 6.7 Miscellaneous/6.7.1 Hyperbolic functions.mac e380  integrand sech(a+b*x)*sinh(a+b*x)^3
# core /home/serge/src/mr-attr-base/test/mr_rules.core  cap 60  hit_cap False  cpu [1.891479]
fired    1_1_1_1 r3  1/(x-1)
fired    1_4_1 r7  -(1/(x-1))-1
fired    1_1_1_2 r12  x/(1-x)
fired    1_1_2_2 r4  x^3/(1-x^2)
fired    4_7_5 r47  %mr_isin(%i*b*x+%i*a)^3/%mr_icos(%i*b*x+%i*a)
fired    9_1 r11  (%i*%mr_isin(%i*b*x+%i*a)^3)/%mr_icos(%i*b*x+%i*a)
fired    4_1_0_1 r1  sech(b*x+a)*sinh(b*x+a)^3
RUBI-CPU 1.8430630000000001 
ANSWER (sinh(b*x+a)^2-log(sinh(b*x+a)^2+1))/(2*b) 

# entry 6.7 Miscellaneous/6.7.1 Hyperbolic functions.mac e380  integrand sech(a+b*x)*sinh(a+b*x)^3
# core /home/serge/src/mr-attr/test/mr_rules.core  cap 60  hit_cap False  cpu [1.463144]
fired    9_3 r67  (x^2-1)/x
fired    4_7_5 r39  sech(b*x+a)*sinh(b*x+a)^3
RUBI-CPU 1.405611 
ANSWER 'unintegrable[(cosh(b*x+a)^2-1)/cosh(b*x+a),cosh(b*x+a)]/b 

# entry 6.7 Miscellaneous/6.7.1 Hyperbolic functions.mac e968  integrand %e^(n*cosh(a*c+b*c*x))*sinh(c*(a+b*x))
# core /home/serge/src/mr-attr-base/test/mr_rules.core  cap 60  hit_cap False  cpu [0.418271]
fired    9_3 r27  %e^(n*cosh(b*c*x+a*c))*sinh(c*(b*x+a))
RUBI-CPU 0.376291 
ANSWER %e^(n*cosh(b*c*x+a*c))/(b*c*n) 

# entry 6.7 Miscellaneous/6.7.1 Hyperbolic functions.mac e968  integrand %e^(n*cosh(a*c+b*c*x))*sinh(c*(a+b*x))
# core /home/serge/src/mr-attr/test/mr_rules.core  cap 60  hit_cap False  cpu [7.452201]
fired    9_3 r67  1/(2*%e^((n*x^2)/(x^2-1)+n/(x^2-1))*x+2*%e^((n*x^2)/(x^2-1)+n/(x^2-1)))
fired    9_3 r67  1/(2*%e^((n*x^2)/(x^2-1)+n/(x^2-1))*x-2*%e^((n*x^2)/(x^2-1)+n/(x^2-1)))
fired    1_4_1 r7  1/(2*%e^((n*x^2)/(x^2-1)+n/(x^2-1))*x+2*%e^((n*x^2)/(x^2-1)+n/(x^2-1)))-1/(2*%e^((n*x^2)/(x^2-1)+n/(x^2-1))*x-2*%e^((n*x^2)/(x^2-1)+n/(x^2-1)))
fired    9_3 r46  %e^(n*(x^2/(1-x^2)+1/(1-x^2)))/(1-x^2)
fired    9_3 r67  1/(2*%e^((n*x^2)/(x^2-1)+n/(x^2-1))*x+2*%e^((n*x^2)/(x^2-1)+n/(x^2-1)))
fired    9_3 r67  1/(2*%e^((n*x^2)/(x^2-1)+n/(x^2-1))*x-2*%e^((n*x^2)/(x^2-1)+n/(x^2-1)))
fired    1_4_1 r7  1/(2*%e^((n*x^2)/(x^2-1)+n/(x^2-1))*x+2*%e^((n*x^2)/(x^2-1)+n/(x^2-1)))-1/(2*%e^((n*x^2)/(x^2-1)+n/(x^2-1))*x-2*%e^((n*x^2)/(x^2-1)+n/(x^2-1)))
fired    9_3 r46  %e^(n*(x^2/(1-x^2)+1/(1-x^2)))/(1-x^2)
fired    9_3 r67  %e^(n*cosh(x))
fired    9_3 r51  %e^(n*cosh(c*(b*x+a)))
fired    4_7_5 r28  %e^(n*cosh(b*c*x+a*c))*sinh(c*(b*x+a))
RUBI-CPU 7.3925410000000005 
ANSWER 'unintegrable[%e^(n*cosh(c*(b*cosh(c*(b*x+a))+a))),c*(b*cosh(c*(b*x+a))+a)]/(b^2*c^2) 

# entry 6.7 Miscellaneous/6.7.1 Hyperbolic functions.mac e969  integrand %e^(n*cosh(c*(a+b*x)))*sinh(a*c+b*c*x)
# core /home/serge/src/mr-attr-base/test/mr_rules.core  cap 60  hit_cap False  cpu [0.369269]
fired    9_3 r27  %e^(n*cosh(c*(b*x+a)))*sinh(b*c*x+a*c)
RUBI-CPU 0.326291 
ANSWER %e^(n*cosh(c*(b*x+a)))/(b*c*n) 

# entry 6.7 Miscellaneous/6.7.1 Hyperbolic functions.mac e969  integrand %e^(n*cosh(c*(a+b*x)))*sinh(a*c+b*c*x)
# core /home/serge/src/mr-attr/test/mr_rules.core  cap 60  hit_cap False  cpu [7.573625]
fired    9_3 r67  1/(2*%e^((n*x^2)/(x^2-1)+n/(x^2-1))*x+2*%e^((n*x^2)/(x^2-1)+n/(x^2-1)))
fired    9_3 r67  1/(2*%e^((n*x^2)/(x^2-1)+n/(x^2-1))*x-2*%e^((n*x^2)/(x^2-1)+n/(x^2-1)))
fired    1_4_1 r7  1/(2*%e^((n*x^2)/(x^2-1)+n/(x^2-1))*x+2*%e^((n*x^2)/(x^2-1)+n/(x^2-1)))-1/(2*%e^((n*x^2)/(x^2-1)+n/(x^2-1))*x-2*%e^((n*x^2)/(x^2-1)+n/(x^2-1)))
fired    9_3 r46  %e^(n*(x^2/(1-x^2)+1/(1-x^2)))/(1-x^2)
fired    9_3 r67  1/(2*%e^((n*x^2)/(x^2-1)+n/(x^2-1))*x+2*%e^((n*x^2)/(x^2-1)+n/(x^2-1)))
fired    9_3 r67  1/(2*%e^((n*x^2)/(x^2-1)+n/(x^2-1))*x-2*%e^((n*x^2)/(x^2-1)+n/(x^2-1)))
fired    1_4_1 r7  1/(2*%e^((n*x^2)/(x^2-1)+n/(x^2-1))*x+2*%e^((n*x^2)/(x^2-1)+n/(x^2-1)))-1/(2*%e^((n*x^2)/(x^2-1)+n/(x^2-1))*x-2*%e^((n*x^2)/(x^2-1)+n/(x^2-1)))
fired    9_3 r46  %e^(n*(x^2/(1-x^2)+1/(1-x^2)))/(1-x^2)
fired    9_3 r67  %e^(n*cosh(x))
fired    9_3 r51  %e^(n*cosh(c*(b*x+a)))
fired    4_7_5 r28  %e^(n*cosh(c*(b*x+a)))*sinh(b*c*x+a*c)
RUBI-CPU 7.512548000000001 
ANSWER 'unintegrable[%e^(n*cosh(b*c*cosh(c*(b*x+a))+a*c)),b*c*cosh(c*(b*x+a))+a*c]/(b^2*c^2) 

# entry 6.7 Miscellaneous/6.7.1 Hyperbolic functions.mac e974  integrand %e^(n*sinh(a*c+b*c*x))*cosh(c*(a+b*x))
# core /home/serge/src/mr-attr-base/test/mr_rules.core  cap 60  hit_cap False  cpu [0.418412]
fired    9_3 r27  %e^(n*sinh(b*c*x+a*c))*cosh(c*(b*x+a))
RUBI-CPU 0.376815 
ANSWER %e^(n*sinh(b*c*x+a*c))/(b*c*n) 

# entry 6.7 Miscellaneous/6.7.1 Hyperbolic functions.mac e974  integrand %e^(n*sinh(a*c+b*c*x))*cosh(c*(a+b*x))
# core /home/serge/src/mr-attr/test/mr_rules.core  cap 60  hit_cap False  cpu [11.575763]
fired    9_3 r67  %e^((2*n*x)/(1-x^2))/(2*x+2)
fired    9_3 r67  %e^((2*n*x)/(1-x^2))/(2*x-2)
fired    1_4_1 r7  %e^((2*n*x)/(1-x^2))/(2*x+2)-%e^((2*n*x)/(1-x^2))/(2*x-2)
fired    9_3 r46  %e^((2*n*x)/(1-x^2))/(1-x^2)
fired    9_3 r67  %e^((2*n*x)/(1-x^2))/(2*x+2)
fired    9_3 r67  %e^((2*n*x)/(1-x^2))/(2*x-2)
fired    1_4_1 r7  %e^((2*n*x)/(1-x^2))/(2*x+2)-%e^((2*n*x)/(1-x^2))/(2*x-2)
fired    9_3 r46  %e^((2*n*x)/(1-x^2))/(1-x^2)
fired    9_3 r67  %e^(n*sinh(x))
fired    9_3 r51  %e^(n*sinh(c*(b*x+a)))
fired    4_7_5 r27  %e^(n*sinh(b*c*x+a*c))*cosh(c*(b*x+a))
RUBI-CPU 11.517244 
ANSWER 'unintegrable[%e^(n*sinh(c*(b*sinh(c*(b*x+a))+a))),c*(b*sinh(c*(b*x+a))+a)]/(b^2*c^2) 

# entry 6.7 Miscellaneous/6.7.1 Hyperbolic functions.mac e975  integrand %e^(n*sinh(c*(a+b*x)))*cosh(a*c+b*c*x)
# core /home/serge/src/mr-attr-base/test/mr_rules.core  cap 60  hit_cap False  cpu [0.37348]
fired    9_3 r27  %e^(n*sinh(c*(b*x+a)))*cosh(b*c*x+a*c)
RUBI-CPU 0.3312 
ANSWER %e^(n*sinh(c*(b*x+a)))/(b*c*n) 

# entry 6.7 Miscellaneous/6.7.1 Hyperbolic functions.mac e975  integrand %e^(n*sinh(c*(a+b*x)))*cosh(a*c+b*c*x)
# core /home/serge/src/mr-attr/test/mr_rules.core  cap 60  hit_cap False  cpu [11.90164]
fired    9_3 r67  %e^((2*n*x)/(1-x^2))/(2*x+2)
fired    9_3 r67  %e^((2*n*x)/(1-x^2))/(2*x-2)
fired    1_4_1 r7  %e^((2*n*x)/(1-x^2))/(2*x+2)-%e^((2*n*x)/(1-x^2))/(2*x-2)
fired    9_3 r46  %e^((2*n*x)/(1-x^2))/(1-x^2)
fired    9_3 r67  %e^((2*n*x)/(1-x^2))/(2*x+2)
fired    9_3 r67  %e^((2*n*x)/(1-x^2))/(2*x-2)
fired    1_4_1 r7  %e^((2*n*x)/(1-x^2))/(2*x+2)-%e^((2*n*x)/(1-x^2))/(2*x-2)
fired    9_3 r46  %e^((2*n*x)/(1-x^2))/(1-x^2)
fired    9_3 r67  %e^(n*sinh(x))
fired    9_3 r51  %e^(n*sinh(c*(b*x+a)))
fired    4_7_5 r27  %e^(n*sinh(c*(b*x+a)))*cosh(b*c*x+a*c)
RUBI-CPU 11.840696 
ANSWER 'unintegrable[%e^(n*sinh(b*c*sinh(c*(b*x+a))+a*c)),b*c*sinh(c*(b*x+a))+a*c]/(b^2*c^2) 

