# probe-matchfix-bare-factor output, 2026-08-25
# Maxima 5.50.0
batch("probes/maxima/probe-matchfix-bare-factor.mac")
batch_answers_from_file:true
disp(build_info())
Maxima-version: "5.50.0"
Maxima build date: "2026-08-20 21:36:22"
Host type: "x86_64-pc-linux-gnu"
Lisp implementation type: "SBCL"
Lisp implementation version: "2.6.7"
User dir: "/home/serge/.maxima"
Temp dir: "/tmp"
Object dir: "/home/serge/.maxima/binary/5_50_0/sbcl/2_6_7"
Frontend: false

matchdeclare(mf_pa,freeof(x))
matchdeclare(mf_pb,true)
matchdeclare(mf_pm,true)
defmatch(mf_pat,(mf_pa+mf_pb*x)^mf_pm,x)
disp(concat("P3  (a+b*x)^3      = ",string(mf_pat((a+b*x)^3,x))))
          P3  (a+b*x)^3      = [mf_pm = 3,mf_pa = a,mf_pb = b,x = x]

disp(concat("Pm  (a+b*x)^-2     = ",string(mf_pat((a+b*x)^-2,x))))
          Pm  (a+b*x)^-2     = [mf_pm = -2,mf_pa = a,mf_pb = b,x = x]

disp(concat("PB  (a+b*x)        = ",string(mf_pat(a+b*x,x))))
                          PB  (a+b*x)        = false

disp(concat("P1  (a+b*x)^1      = ",string(mf_pat((a+b*x)^1,x))))
                          P1  (a+b*x)^1      = false

disp(concat("FORM (a+b*x)^1     = ",string(form((a+b*x)^1))))
                       FORM (a+b*x)^1     = form(b*x+a)

disp(concat("OP   (a+b*x)       = ",string(op(a+b*x))))
                           OP   (a+b*x)       = "+"

defmatch(mf_pat_bare,mf_pa+mf_pb*x,x)
disp(concat("PB2 pat-bare (a+b*x) = ",string(mf_pat_bare(a+b*x,x))))
              PB2 pat-bare (a+b*x) = [mf_pa = a,mf_pb = b,x = x]

if errcatch(load("maxima_rubi.mac")) = [] then disp("LOAD-FAILED")
defmatch: _mr_1_1_1_1_r5_u _mr_1_1_1_1_r5_b
         will be matched uniquely since sub-parts would otherwise be ambiguous.
mr_load_class1_all()
defmatch: _mr_1_1_1_1_r5_u _mr_1_1_1_1_r5_b
         will be matched uniquely since sub-parts would otherwise be ambiguous.
defmatch: _mr_1_1_1_2_r40_u _mr_1_1_1_2_r40_b
         will be matched uniquely since sub-parts would otherwise be ambiguous.
defmatch: _mr_1_1_1_3_r73_u _mr_1_1_1_3_r73_b
         will be matched uniquely since sub-parts would otherwise be ambiguous.
defmatch: _mr_1_1_1_4_r43_u _mr_1_1_1_4_r43_b
         will be matched uniquely since sub-parts would otherwise be ambiguous.
                           _mr_1_1_2_1_r33_n
defmatch: _mr_1_1_2_1_r33_v                  _mr_1_1_2_1_r33_b
         will be matched uniquely since sub-parts would otherwise be ambiguous.
           _mr_1_1_2_3_r2_n
defmatch: x                 _mr_1_1_2_3_r2_b
         will be matched uniquely since sub-parts would otherwise be ambiguous.
           _mr_1_1_2_3_r3_n
defmatch: x                 _mr_1_1_2_3_r3_b
         will be matched uniquely since sub-parts would otherwise be ambiguous.
           _mr_1_1_2_3_r4_n
defmatch: x                 _mr_1_1_2_3_r4_b
         will be matched uniquely since sub-parts would otherwise be ambiguous.
defmatch: _mr_1_1_2_7_r65_u _mr_1_1_2_7_r65_d
         will be matched uniquely since sub-parts would otherwise be ambiguous.
defmatch: _mr_1_1_2_9_r108_u _mr_1_1_2_9_r108_e
         will be matched uniquely since sub-parts would otherwise be ambiguous.
           _mr_1_1_3_1_r2_n
defmatch: x                 _mr_1_1_3_1_r2_b
         will be matched uniquely since sub-parts would otherwise be ambiguous.
           _mr_1_1_3_1_r3_n
defmatch: x                 _mr_1_1_3_1_r3_b
         will be matched uniquely since sub-parts would otherwise be ambiguous.
           _mr_1_1_3_1_r4_n
defmatch: x                 _mr_1_1_3_1_r4_b
         will be matched uniquely since sub-parts would otherwise be ambiguous.
           _mr_1_1_3_1_r5_n
defmatch: x                 _mr_1_1_3_1_r5_b
         will be matched uniquely since sub-parts would otherwise be ambiguous.
           _mr_1_1_3_1_r6_n
defmatch: x                 _mr_1_1_3_1_r6_b
         will be matched uniquely since sub-parts would otherwise be ambiguous.
           _mr_1_1_3_1_r7_n
defmatch: x                 _mr_1_1_3_1_r7_b
         will be matched uniquely since sub-parts would otherwise be ambiguous.
           _mr_1_1_3_1_r11_n
defmatch: x                  _mr_1_1_3_1_r11_b
         will be matched uniquely since sub-parts would otherwise be ambiguous.
           _mr_1_1_3_1_r13_n
defmatch: x                  _mr_1_1_3_1_r13_b
         will be matched uniquely since sub-parts would otherwise be ambiguous.
           _mr_1_1_3_1_r14_n
defmatch: x                  _mr_1_1_3_1_r14_b
         will be matched uniquely since sub-parts would otherwise be ambiguous.
           _mr_1_1_3_1_r21_n
defmatch: x                  _mr_1_1_3_1_r21_b
         will be matched uniquely since sub-parts would otherwise be ambiguous.
           _mr_1_1_3_1_r22_n
defmatch: x                  _mr_1_1_3_1_r22_b
         will be matched uniquely since sub-parts would otherwise be ambiguous.
           _mr_1_1_3_1_r25_n
defmatch: x                  _mr_1_1_3_1_r25_b
         will be matched uniquely since sub-parts would otherwise be ambiguous.
           _mr_1_1_3_1_r26_n
defmatch: x                  _mr_1_1_3_1_r26_b
         will be matched uniquely since sub-parts would otherwise be ambiguous.
           _mr_1_1_3_1_r52_n
defmatch: x                  _mr_1_1_3_1_r52_b
         will be matched uniquely since sub-parts would otherwise be ambiguous.
           _mr_1_1_3_1_r53_n
defmatch: x                  _mr_1_1_3_1_r53_b
         will be matched uniquely since sub-parts would otherwise be ambiguous.
           _mr_1_1_3_1_r54_n
defmatch: x                  _mr_1_1_3_1_r54_b
         will be matched uniquely since sub-parts would otherwise be ambiguous.
           _mr_1_1_3_1_r55_n
defmatch: x                  _mr_1_1_3_1_r55_b
         will be matched uniquely since sub-parts would otherwise be ambiguous.
           _mr_1_1_3_1_r56_n
defmatch: x                  _mr_1_1_3_1_r56_b
         will be matched uniquely since sub-parts would otherwise be ambiguous.
           _mr_1_1_3_1_r57_n
defmatch: x                  _mr_1_1_3_1_r57_b
         will be matched uniquely since sub-parts would otherwise be ambiguous.
           _mr_1_1_3_1_r58_n
defmatch: x                  _mr_1_1_3_1_r58_b
         will be matched uniquely since sub-parts would otherwise be ambiguous.
                           _mr_1_1_3_1_r59_n
defmatch: _mr_1_1_3_1_r59_v                  _mr_1_1_3_1_r59_b
         will be matched uniquely since sub-parts would otherwise be ambiguous.
                              _mr_1_1_3_1_r66_q _mr_1_1_3_1_r66_n
defmatch: (_mr_1_1_3_1_r66_c x                 )
 _mr_1_1_3_1_r66_b
 will be matched uniquely since sub-parts would otherwise be ambiguous.
                              _mr_1_1_3_1_r67_q _mr_1_1_3_1_r67_n
defmatch: (_mr_1_1_3_1_r67_c x                 )
 _mr_1_1_3_1_r67_b
 will be matched uniquely since sub-parts would otherwise be ambiguous.
                              _mr_1_1_3_1_r68_q _mr_1_1_3_1_r68_n
defmatch: (_mr_1_1_3_1_r68_c x                 )
 _mr_1_1_3_1_r68_b
 will be matched uniquely since sub-parts would otherwise be ambiguous.
                              _mr_1_1_3_1_r69_q _mr_1_1_3_1_r69_n
defmatch: (_mr_1_1_3_1_r69_d x                 )
 _mr_1_1_3_1_r69_b
 will be matched uniquely since sub-parts would otherwise be ambiguous.
                              _mr_1_1_3_1_r70_q _mr_1_1_3_1_r70_n
defmatch: (_mr_1_1_3_1_r70_d x                 )
 _mr_1_1_3_1_r70_b
 will be matched uniquely since sub-parts would otherwise be ambiguous.
           _mr_1_1_3_2_r1_n
defmatch: x                 _mr_1_1_3_2_r1_b1
         will be matched uniquely since sub-parts would otherwise be ambiguous.
           _mr_1_1_3_2_r2_n
defmatch: x                 _mr_1_1_3_2_r2_b
         will be matched uniquely since sub-parts would otherwise be ambiguous.
           _mr_1_1_3_2_r3_n
defmatch: x                 _mr_1_1_3_2_r3_b
         will be matched uniquely since sub-parts would otherwise be ambiguous.
           _mr_1_1_3_2_r4_n
defmatch: x                 _mr_1_1_3_2_r4_b1
         will be matched uniquely since sub-parts would otherwise be ambiguous.
           _mr_1_1_3_2_r5_n
defmatch: x                 _mr_1_1_3_2_r5_b
         will be matched uniquely since sub-parts would otherwise be ambiguous.
           _mr_1_1_3_2_r6_n
defmatch: x                 _mr_1_1_3_2_r6_b
         will be matched uniquely since sub-parts would otherwise be ambiguous.
           _mr_1_1_3_2_r7_n
defmatch: x                 _mr_1_1_3_2_r7_b1
         will be matched uniquely since sub-parts would otherwise be ambiguous.
           _mr_1_1_3_2_r8_n
defmatch: x                 _mr_1_1_3_2_r8_b
         will be matched uniquely since sub-parts would otherwise be ambiguous.
           _mr_1_1_3_2_r9_n
defmatch: x                 _mr_1_1_3_2_r9_b1
         will be matched uniquely since sub-parts would otherwise be ambiguous.
           _mr_1_1_3_2_r10_n
defmatch: x                  _mr_1_1_3_2_r10_b
         will be matched uniquely since sub-parts would otherwise be ambiguous.
           _mr_1_1_3_2_r11_n
defmatch: x                  _mr_1_1_3_2_r11_b1
         will be matched uniquely since sub-parts would otherwise be ambiguous.
           _mr_1_1_3_2_r12_n
defmatch: x                  _mr_1_1_3_2_r12_b
         will be matched uniquely since sub-parts would otherwise be ambiguous.
           _mr_1_1_3_2_r13_n
defmatch: x                  _mr_1_1_3_2_r13_b
         will be matched uniquely since sub-parts would otherwise be ambiguous.
           _mr_1_1_3_2_r14_n
defmatch: x                  _mr_1_1_3_2_r14_b1
         will be matched uniquely since sub-parts would otherwise be ambiguous.
           _mr_1_1_3_2_r15_n
defmatch: x                  _mr_1_1_3_2_r15_b
         will be matched uniquely since sub-parts would otherwise be ambiguous.
           _mr_1_1_3_2_r16_n
defmatch: x                  _mr_1_1_3_2_r16_b1
         will be matched uniquely since sub-parts would otherwise be ambiguous.
           _mr_1_1_3_2_r17_n
defmatch: x                  _mr_1_1_3_2_r17_b
         will be matched uniquely since sub-parts would otherwise be ambiguous.
           _mr_1_1_3_2_r18_n
defmatch: x                  _mr_1_1_3_2_r18_b1
         will be matched uniquely since sub-parts would otherwise be ambiguous.
           _mr_1_1_3_2_r19_n
defmatch: x                  _mr_1_1_3_2_r19_b
         will be matched uniquely since sub-parts would otherwise be ambiguous.
           _mr_1_1_3_2_r20_n
defmatch: x                  _mr_1_1_3_2_r20_b1
         will be matched uniquely since sub-parts would otherwise be ambiguous.
           _mr_1_1_3_2_r21_n
defmatch: x                  _mr_1_1_3_2_r21_b
         will be matched uniquely since sub-parts would otherwise be ambiguous.
           _mr_1_1_3_2_r22_n
defmatch: x                  _mr_1_1_3_2_r22_b1
         will be matched uniquely since sub-parts would otherwise be ambiguous.
           _mr_1_1_3_2_r30_n
defmatch: x                  _mr_1_1_3_2_r30_b
         will be matched uniquely since sub-parts would otherwise be ambiguous.
           _mr_1_1_3_2_r31_n
defmatch: x                  _mr_1_1_3_2_r31_b1
         will be matched uniquely since sub-parts would otherwise be ambiguous.
           _mr_1_1_3_2_r32_n
defmatch: x                  _mr_1_1_3_2_r32_b
         will be matched uniquely since sub-parts would otherwise be ambiguous.
           _mr_1_1_3_2_r33_n
defmatch: x                  _mr_1_1_3_2_r33_b1
         will be matched uniquely since sub-parts would otherwise be ambiguous.
           _mr_1_1_3_2_r35_n
defmatch: x                  _mr_1_1_3_2_r35_b
         will be matched uniquely since sub-parts would otherwise be ambiguous.
           _mr_1_1_3_2_r36_n
defmatch: x                  _mr_1_1_3_2_r36_b
         will be matched uniquely since sub-parts would otherwise be ambiguous.
           _mr_1_1_3_2_r37_n
defmatch: x                  _mr_1_1_3_2_r37_b
         will be matched uniquely since sub-parts would otherwise be ambiguous.
           _mr_1_1_3_2_r38_n
defmatch: x                  _mr_1_1_3_2_r38_b
         will be matched uniquely since sub-parts would otherwise be ambiguous.
           _mr_1_1_3_2_r41_n
defmatch: x                  _mr_1_1_3_2_r41_b
         will be matched uniquely since sub-parts would otherwise be ambiguous.
           _mr_1_1_3_2_r42_n
defmatch: x                  _mr_1_1_3_2_r42_b
         will be matched uniquely since sub-parts would otherwise be ambiguous.
           _mr_1_1_3_2_r43_n
defmatch: x                  _mr_1_1_3_2_r43_b
         will be matched uniquely since sub-parts would otherwise be ambiguous.
           _mr_1_1_3_2_r44_n
defmatch: x                  _mr_1_1_3_2_r44_b
         will be matched uniquely since sub-parts would otherwise be ambiguous.
           _mr_1_1_3_2_r63_n
defmatch: x                  _mr_1_1_3_2_r63_b
         will be matched uniquely since sub-parts would otherwise be ambiguous.
           _mr_1_1_3_2_r64_n
defmatch: x                  _mr_1_1_3_2_r64_b
         will be matched uniquely since sub-parts would otherwise be ambiguous.
           _mr_1_1_3_2_r65_n
defmatch: x                  _mr_1_1_3_2_r65_b1
         will be matched uniquely since sub-parts would otherwise be ambiguous.
           _mr_1_1_3_2_r66_n
defmatch: x                  _mr_1_1_3_2_r66_b1
         will be matched uniquely since sub-parts would otherwise be ambiguous.
           _mr_1_1_3_2_r67_n
defmatch: x                  _mr_1_1_3_2_r67_b
         will be matched uniquely since sub-parts would otherwise be ambiguous.
           _mr_1_1_3_2_r68_n
defmatch: x                  _mr_1_1_3_2_r68_b
         will be matched uniquely since sub-parts would otherwise be ambiguous.
           _mr_1_1_3_2_r69_n
defmatch: x                  _mr_1_1_3_2_r69_b1
         will be matched uniquely since sub-parts would otherwise be ambiguous.
           _mr_1_1_3_2_r70_n
defmatch: x                  _mr_1_1_3_2_r70_b1
         will be matched uniquely since sub-parts would otherwise be ambiguous.
           _mr_1_1_3_2_r71_n
defmatch: x                  _mr_1_1_3_2_r71_b
         will be matched uniquely since sub-parts would otherwise be ambiguous.
           _mr_1_1_3_2_r72_n
defmatch: x                  _mr_1_1_3_2_r72_b1
         will be matched uniquely since sub-parts would otherwise be ambiguous.
           _mr_1_1_3_2_r74_n
defmatch: x                  _mr_1_1_3_2_r74_b
         will be matched uniquely since sub-parts would otherwise be ambiguous.
           _mr_1_1_3_2_r75_n
defmatch: x                  _mr_1_1_3_2_r75_b1
         will be matched uniquely since sub-parts would otherwise be ambiguous.
           _mr_1_1_3_2_r76_n
defmatch: x                  _mr_1_1_3_2_r76_b
         will be matched uniquely since sub-parts would otherwise be ambiguous.
           _mr_1_1_3_2_r77_n
defmatch: x                  _mr_1_1_3_2_r77_b1
         will be matched uniquely since sub-parts would otherwise be ambiguous.
           _mr_1_1_3_2_r78_n
defmatch: x                  _mr_1_1_3_2_r78_b
         will be matched uniquely since sub-parts would otherwise be ambiguous.
           _mr_1_1_3_2_r79_n
defmatch: x                  _mr_1_1_3_2_r79_b1
         will be matched uniquely since sub-parts would otherwise be ambiguous.
           _mr_1_1_3_2_r80_n
defmatch: x                  _mr_1_1_3_2_r80_b
         will be matched uniquely since sub-parts would otherwise be ambiguous.
           _mr_1_1_3_2_r81_n
defmatch: x                  _mr_1_1_3_2_r81_b1
         will be matched uniquely since sub-parts would otherwise be ambiguous.
           _mr_1_1_3_2_r82_n
defmatch: x                  _mr_1_1_3_2_r82_b
         will be matched uniquely since sub-parts would otherwise be ambiguous.
           _mr_1_1_3_2_r83_n
defmatch: x                  _mr_1_1_3_2_r83_b1
         will be matched uniquely since sub-parts would otherwise be ambiguous.
           _mr_1_1_3_2_r84_n
defmatch: x                  _mr_1_1_3_2_r84_b
         will be matched uniquely since sub-parts would otherwise be ambiguous.
           _mr_1_1_3_2_r85_n
defmatch: x                  _mr_1_1_3_2_r85_b1
         will be matched uniquely since sub-parts would otherwise be ambiguous.
           _mr_1_1_3_2_r86_n
defmatch: x                  _mr_1_1_3_2_r86_b
         will be matched uniquely since sub-parts would otherwise be ambiguous.
           _mr_1_1_3_2_r87_n
defmatch: x                  _mr_1_1_3_2_r87_b1
         will be matched uniquely since sub-parts would otherwise be ambiguous.
           _mr_1_1_3_2_r88_n
defmatch: x                  _mr_1_1_3_2_r88_b
         will be matched uniquely since sub-parts would otherwise be ambiguous.
           _mr_1_1_3_2_r89_n
defmatch: x                  _mr_1_1_3_2_r89_b1
         will be matched uniquely since sub-parts would otherwise be ambiguous.
           _mr_1_1_3_2_r90_n
defmatch: x                  _mr_1_1_3_2_r90_b
         will be matched uniquely since sub-parts would otherwise be ambiguous.
           _mr_1_1_3_2_r91_n
defmatch: x                  _mr_1_1_3_2_r91_b1
         will be matched uniquely since sub-parts would otherwise be ambiguous.
           _mr_1_1_3_2_r92_n
defmatch: x                  _mr_1_1_3_2_r92_b
         will be matched uniquely since sub-parts would otherwise be ambiguous.
           _mr_1_1_3_2_r93_n
defmatch: x                  _mr_1_1_3_2_r93_b1
         will be matched uniquely since sub-parts would otherwise be ambiguous.
           _mr_1_1_3_2_r94_n
defmatch: x                  _mr_1_1_3_2_r94_b
         will be matched uniquely since sub-parts would otherwise be ambiguous.
           _mr_1_1_3_2_r95_n
defmatch: x                  _mr_1_1_3_2_r95_b1
         will be matched uniquely since sub-parts would otherwise be ambiguous.
           _mr_1_1_3_2_r96_n
defmatch: x                  _mr_1_1_3_2_r96_b
         will be matched uniquely since sub-parts would otherwise be ambiguous.
           _mr_1_1_3_2_r97_n
defmatch: x                  _mr_1_1_3_2_r97_b1
         will be matched uniquely since sub-parts would otherwise be ambiguous.
           _mr_1_1_3_2_r98_n
defmatch: x                  _mr_1_1_3_2_r98_b
         will be matched uniquely since sub-parts would otherwise be ambiguous.
           _mr_1_1_3_2_r99_n
defmatch: x                  _mr_1_1_3_2_r99_b1
         will be matched uniquely since sub-parts would otherwise be ambiguous.
           _mr_1_1_3_2_r100_n
defmatch: x                   _mr_1_1_3_2_r100_b
         will be matched uniquely since sub-parts would otherwise be ambiguous.
           _mr_1_1_3_2_r101_n
defmatch: x                   _mr_1_1_3_2_r101_b1
         will be matched uniquely since sub-parts would otherwise be ambiguous.
           _mr_1_1_3_2_r102_n
defmatch: x                   _mr_1_1_3_2_r102_b
         will be matched uniquely since sub-parts would otherwise be ambiguous.
           _mr_1_1_3_2_r103_n
defmatch: x                   _mr_1_1_3_2_r103_b1
         will be matched uniquely since sub-parts would otherwise be ambiguous.
           _mr_1_1_3_2_r104_n
defmatch: x                   _mr_1_1_3_2_r104_b
         will be matched uniquely since sub-parts would otherwise be ambiguous.
           _mr_1_1_3_2_r105_n
defmatch: x                   _mr_1_1_3_2_r105_b
         will be matched uniquely since sub-parts would otherwise be ambiguous.
           _mr_1_1_3_2_r106_n
defmatch: x                   _mr_1_1_3_2_r106_b
         will be matched uniquely since sub-parts would otherwise be ambiguous.
           _mr_1_1_3_2_r107_n
defmatch: x                   _mr_1_1_3_2_r107_b
         will be matched uniquely since sub-parts would otherwise be ambiguous.
           _mr_1_1_3_2_r108_n
defmatch: x                   _mr_1_1_3_2_r108_b
         will be matched uniquely since sub-parts would otherwise be ambiguous.
           _mr_1_1_3_2_r109_n
defmatch: x                   _mr_1_1_3_2_r109_b1
         will be matched uniquely since sub-parts would otherwise be ambiguous.
                                _mr_1_1_3_2_r110_n
defmatch: (_mr_1_1_3_2_r110_c x)                   _mr_1_1_3_2_r110_b
         will be matched uniquely since sub-parts would otherwise be ambiguous.
                               _mr_1_1_3_2_r111_q _mr_1_1_3_2_r111_n
defmatch: (_mr_1_1_3_2_r111_c x                  )
 _mr_1_1_3_2_r111_b
 will be matched uniquely since sub-parts would otherwise be ambiguous.
                               _mr_1_1_3_2_r112_q _mr_1_1_3_2_r112_n
defmatch: (_mr_1_1_3_2_r112_c x                  )
 _mr_1_1_3_2_r112_b
 will be matched uniquely since sub-parts would otherwise be ambiguous.
                               _mr_1_1_3_2_r113_q _mr_1_1_3_2_r113_n
defmatch: (_mr_1_1_3_2_r113_c x                  )
 _mr_1_1_3_2_r113_b
 will be matched uniquely since sub-parts would otherwise be ambiguous.
                            _mr_1_1_3_2_r114_n
defmatch: _mr_1_1_3_2_r114_v                   _mr_1_1_3_2_r114_b
         will be matched uniquely since sub-parts would otherwise be ambiguous.
                            _mr_1_1_3_2_r115_n
defmatch: _mr_1_1_3_2_r115_v                   _mr_1_1_3_2_r115_b
         will be matched uniquely since sub-parts would otherwise be ambiguous.
           _mr_1_1_3_3_r13_non2
defmatch: x                     _mr_1_1_3_3_r13_b1
         will be matched uniquely since sub-parts would otherwise be ambiguous.
           _mr_1_1_3_3_r15_non2
defmatch: x                     _mr_1_1_3_3_r15_b1
         will be matched uniquely since sub-parts would otherwise be ambiguous.
           _mr_1_1_3_3_r18_non2
defmatch: x                     _mr_1_1_3_3_r18_b1
         will be matched uniquely since sub-parts would otherwise be ambiguous.
                           _mr_1_1_3_3_r63_n
defmatch: _mr_1_1_3_3_r63_u                  _mr_1_1_3_3_r63_b
         will be matched uniquely since sub-parts would otherwise be ambiguous.
           _mr_1_1_3_3_r66_mn
defmatch: x                   _mr_1_1_3_3_r66_d
         will be matched uniquely since sub-parts would otherwise be ambiguous.
           _mr_1_1_3_3_r66_n
defmatch: x                  _mr_1_1_3_3_r66_b
         will be matched uniquely since sub-parts would otherwise be ambiguous.
           _mr_1_1_3_3_r67_mn
defmatch: x                   _mr_1_1_3_3_r67_d
         will be matched uniquely since sub-parts would otherwise be ambiguous.
           _mr_1_1_3_3_r67_n
defmatch: x                  _mr_1_1_3_3_r67_b
         will be matched uniquely since sub-parts would otherwise be ambiguous.
           _mr_1_1_3_4_r9_n
defmatch: x                 _mr_1_1_3_4_r9_b
         will be matched uniquely since sub-parts would otherwise be ambiguous.
           _mr_1_1_3_4_r10_n
defmatch: x                  _mr_1_1_3_4_r10_b
         will be matched uniquely since sub-parts would otherwise be ambiguous.
           _mr_1_1_3_4_r11_n
defmatch: x                  _mr_1_1_3_4_r11_b
         will be matched uniquely since sub-parts would otherwise be ambiguous.
           _mr_1_1_3_4_r12_n
defmatch: x                  _mr_1_1_3_4_r12_b
         will be matched uniquely since sub-parts would otherwise be ambiguous.
           _mr_1_1_3_4_r13_n
defmatch: x                  _mr_1_1_3_4_r13_b
         will be matched uniquely since sub-parts would otherwise be ambiguous.
           _mr_1_1_3_4_r14_n
defmatch: x                  _mr_1_1_3_4_r14_b
         will be matched uniquely since sub-parts would otherwise be ambiguous.
           _mr_1_1_3_4_r15_non2
defmatch: x                     _mr_1_1_3_4_r15_b1
         will be matched uniquely since sub-parts would otherwise be ambiguous.
           _mr_1_1_3_4_r16_n
defmatch: x                  _mr_1_1_3_4_r16_b
         will be matched uniquely since sub-parts would otherwise be ambiguous.
           _mr_1_1_3_4_r17_n
defmatch: x                  _mr_1_1_3_4_r17_b
         will be matched uniquely since sub-parts would otherwise be ambiguous.
           _mr_1_1_3_4_r18_n
defmatch: x                  _mr_1_1_3_4_r18_b
         will be matched uniquely since sub-parts would otherwise be ambiguous.
           _mr_1_1_3_4_r19_non2
defmatch: x                     _mr_1_1_3_4_r19_b1
         will be matched uniquely since sub-parts would otherwise be ambiguous.
           _mr_1_1_3_4_r22_n
defmatch: x                  _mr_1_1_3_4_r22_b
         will be matched uniquely since sub-parts would otherwise be ambiguous.
           _mr_1_1_3_4_r23_non2
defmatch: x                     _mr_1_1_3_4_r23_b1
         will be matched uniquely since sub-parts would otherwise be ambiguous.
           _mr_1_1_3_4_r24_n
defmatch: x                  _mr_1_1_3_4_r24_b
         will be matched uniquely since sub-parts would otherwise be ambiguous.
           _mr_1_1_3_4_r25_non2
defmatch: x                     _mr_1_1_3_4_r25_b1
         will be matched uniquely since sub-parts would otherwise be ambiguous.
           _mr_1_1_3_4_r26_n
defmatch: x                  _mr_1_1_3_4_r26_b
         will be matched uniquely since sub-parts would otherwise be ambiguous.
           _mr_1_1_3_4_r27_n
defmatch: x                  _mr_1_1_3_4_r27_b
         will be matched uniquely since sub-parts would otherwise be ambiguous.
           _mr_1_1_3_4_r28_n
defmatch: x                  _mr_1_1_3_4_r28_b
         will be matched uniquely since sub-parts would otherwise be ambiguous.
           _mr_1_1_3_4_r29_n
defmatch: x                  _mr_1_1_3_4_r29_b
         will be matched uniquely since sub-parts would otherwise be ambiguous.
           _mr_1_1_3_4_r30_n
defmatch: x                  _mr_1_1_3_4_r30_b
         will be matched uniquely since sub-parts would otherwise be ambiguous.
           _mr_1_1_3_4_r31_n
defmatch: x                  _mr_1_1_3_4_r31_b
         will be matched uniquely since sub-parts would otherwise be ambiguous.
           _mr_1_1_3_4_r32_n
defmatch: x                  _mr_1_1_3_4_r32_b
         will be matched uniquely since sub-parts would otherwise be ambiguous.
           _mr_1_1_3_4_r33_n
defmatch: x                  _mr_1_1_3_4_r33_b
         will be matched uniquely since sub-parts would otherwise be ambiguous.
           _mr_1_1_3_4_r34_n
defmatch: x                  _mr_1_1_3_4_r34_b
         will be matched uniquely since sub-parts would otherwise be ambiguous.
           _mr_1_1_3_4_r35_n
defmatch: x                  _mr_1_1_3_4_r35_b
         will be matched uniquely since sub-parts would otherwise be ambiguous.
           _mr_1_1_3_4_r36_n
defmatch: x                  _mr_1_1_3_4_r36_b
         will be matched uniquely since sub-parts would otherwise be ambiguous.
           _mr_1_1_3_4_r37_n
defmatch: x                  _mr_1_1_3_4_r37_b
         will be matched uniquely since sub-parts would otherwise be ambiguous.
           _mr_1_1_3_4_r38_n
defmatch: x                  _mr_1_1_3_4_r38_b
         will be matched uniquely since sub-parts would otherwise be ambiguous.
           _mr_1_1_3_4_r39_n
defmatch: x                  _mr_1_1_3_4_r39_b
         will be matched uniquely since sub-parts would otherwise be ambiguous.
           _mr_1_1_3_4_r40_n
defmatch: x                  _mr_1_1_3_4_r40_b
         will be matched uniquely since sub-parts would otherwise be ambiguous.
           _mr_1_1_3_4_r41_n
defmatch: x                  _mr_1_1_3_4_r41_b
         will be matched uniquely since sub-parts would otherwise be ambiguous.
           _mr_1_1_3_4_r42_n
defmatch: x                  _mr_1_1_3_4_r42_b
         will be matched uniquely since sub-parts would otherwise be ambiguous.
           _mr_1_1_3_4_r43_n
defmatch: x                  _mr_1_1_3_4_r43_b
         will be matched uniquely since sub-parts would otherwise be ambiguous.
           _mr_1_1_3_4_r44_n
defmatch: x                  _mr_1_1_3_4_r44_b
         will be matched uniquely since sub-parts would otherwise be ambiguous.
           _mr_1_1_3_4_r45_n
defmatch: x                  _mr_1_1_3_4_r45_b
         will be matched uniquely since sub-parts would otherwise be ambiguous.
           _mr_1_1_3_4_r46_n
defmatch: x                  _mr_1_1_3_4_r46_b
         will be matched uniquely since sub-parts would otherwise be ambiguous.
           _mr_1_1_3_4_r47_n
defmatch: x                  _mr_1_1_3_4_r47_b
         will be matched uniquely since sub-parts would otherwise be ambiguous.
           _mr_1_1_3_4_r48_n
defmatch: x                  _mr_1_1_3_4_r48_b
         will be matched uniquely since sub-parts would otherwise be ambiguous.
           _mr_1_1_3_4_r49_n
defmatch: x                  _mr_1_1_3_4_r49_b
         will be matched uniquely since sub-parts would otherwise be ambiguous.
           _mr_1_1_3_4_r50_n
defmatch: x                  _mr_1_1_3_4_r50_b
         will be matched uniquely since sub-parts would otherwise be ambiguous.
           _mr_1_1_3_4_r62_n
defmatch: x                  _mr_1_1_3_4_r62_b
         will be matched uniquely since sub-parts would otherwise be ambiguous.
           _mr_1_1_3_4_r63_n
defmatch: x                  _mr_1_1_3_4_r63_b
         will be matched uniquely since sub-parts would otherwise be ambiguous.
           _mr_1_1_3_4_r64_n
defmatch: x                  _mr_1_1_3_4_r64_b
         will be matched uniquely since sub-parts would otherwise be ambiguous.
           _mr_1_1_3_4_r65_n
defmatch: x                  _mr_1_1_3_4_r65_b
         will be matched uniquely since sub-parts would otherwise be ambiguous.
           _mr_1_1_3_4_r66_n
defmatch: x                  _mr_1_1_3_4_r66_b
         will be matched uniquely since sub-parts would otherwise be ambiguous.
           _mr_1_1_3_4_r67_n
defmatch: x                  _mr_1_1_3_4_r67_b
         will be matched uniquely since sub-parts would otherwise be ambiguous.
           _mr_1_1_3_4_r68_n
defmatch: x                  _mr_1_1_3_4_r68_b
         will be matched uniquely since sub-parts would otherwise be ambiguous.
           _mr_1_1_3_4_r69_n
defmatch: x                  _mr_1_1_3_4_r69_b
         will be matched uniquely since sub-parts would otherwise be ambiguous.
           _mr_1_1_3_4_r70_n
defmatch: x                  _mr_1_1_3_4_r70_b
         will be matched uniquely since sub-parts would otherwise be ambiguous.
           _mr_1_1_3_4_r71_n
defmatch: x                  _mr_1_1_3_4_r71_b
         will be matched uniquely since sub-parts would otherwise be ambiguous.
           _mr_1_1_3_4_r72_n
defmatch: x                  _mr_1_1_3_4_r72_b
         will be matched uniquely since sub-parts would otherwise be ambiguous.
           _mr_1_1_3_4_r73_n
defmatch: x                  _mr_1_1_3_4_r73_b
         will be matched uniquely since sub-parts would otherwise be ambiguous.
           _mr_1_1_3_4_r74_n
defmatch: x                  _mr_1_1_3_4_r74_b
         will be matched uniquely since sub-parts would otherwise be ambiguous.
           _mr_1_1_3_4_r75_n
defmatch: x                  _mr_1_1_3_4_r75_b
         will be matched uniquely since sub-parts would otherwise be ambiguous.
           _mr_1_1_3_4_r76_n
defmatch: x                  _mr_1_1_3_4_r76_b
         will be matched uniquely since sub-parts would otherwise be ambiguous.
           _mr_1_1_3_4_r77_n
defmatch: x                  _mr_1_1_3_4_r77_b
         will be matched uniquely since sub-parts would otherwise be ambiguous.
           _mr_1_1_3_4_r78_n
defmatch: x                  _mr_1_1_3_4_r78_b
         will be matched uniquely since sub-parts would otherwise be ambiguous.
           _mr_1_1_3_4_r79_n
defmatch: x                  _mr_1_1_3_4_r79_b
         will be matched uniquely since sub-parts would otherwise be ambiguous.
                           _mr_1_1_3_4_r80_n
defmatch: _mr_1_1_3_4_r80_v                  _mr_1_1_3_4_r80_b
         will be matched uniquely since sub-parts would otherwise be ambiguous.
                           _mr_1_1_3_4_r81_n
defmatch: _mr_1_1_3_4_r81_v                  _mr_1_1_3_4_r81_b
         will be matched uniquely since sub-parts would otherwise be ambiguous.
           _mr_1_1_3_4_r82_mn
defmatch: x                   _mr_1_1_3_4_r82_d
         will be matched uniquely since sub-parts would otherwise be ambiguous.
           _mr_1_1_3_4_r82_n
defmatch: x                  _mr_1_1_3_4_r82_b
         will be matched uniquely since sub-parts would otherwise be ambiguous.
           _mr_1_1_3_4_r83_mn
defmatch: x                   _mr_1_1_3_4_r83_d
         will be matched uniquely since sub-parts would otherwise be ambiguous.
           _mr_1_1_3_4_r83_n
defmatch: x                  _mr_1_1_3_4_r83_b
         will be matched uniquely since sub-parts would otherwise be ambiguous.
           _mr_1_1_3_4_r84_mn
defmatch: x                   _mr_1_1_3_4_r84_d
         will be matched uniquely since sub-parts would otherwise be ambiguous.
           _mr_1_1_3_4_r84_n
defmatch: x                  _mr_1_1_3_4_r84_b
         will be matched uniquely since sub-parts would otherwise be ambiguous.
           _mr_1_1_3_4_r85_n
defmatch: x                  _mr_1_1_3_4_r85_d
         will be matched uniquely since sub-parts would otherwise be ambiguous.
           _mr_1_1_3_4_r85_non2
defmatch: x                     _mr_1_1_3_4_r85_b1
         will be matched uniquely since sub-parts would otherwise be ambiguous.
                             _mr_1_1_3_4_r86_n2
defmatch: _mr_1_1_3_4_r86_e x
         will be matched uniquely since sub-parts would otherwise be ambiguous.
           _mr_1_1_3_4_r86_n
defmatch: x                  _mr_1_1_3_4_r86_d
         will be matched uniquely since sub-parts would otherwise be ambiguous.
           _mr_1_1_3_4_r86_non2
defmatch: x                     _mr_1_1_3_4_r86_b1
         will be matched uniquely since sub-parts would otherwise be ambiguous.
           _mr_1_1_3_4_r87_n
defmatch: x                  _mr_1_1_3_4_r87_d
         will be matched uniquely since sub-parts would otherwise be ambiguous.
           _mr_1_1_3_4_r87_non2
defmatch: x                     _mr_1_1_3_4_r87_b1
         will be matched uniquely since sub-parts would otherwise be ambiguous.
                             _mr_1_1_3_4_r88_n2
defmatch: _mr_1_1_3_4_r88_e x
         will be matched uniquely since sub-parts would otherwise be ambiguous.
           _mr_1_1_3_4_r88_n
defmatch: x                  _mr_1_1_3_4_r88_d
         will be matched uniquely since sub-parts would otherwise be ambiguous.
           _mr_1_1_3_4_r88_non2
defmatch: x                     _mr_1_1_3_4_r88_b1
         will be matched uniquely since sub-parts would otherwise be ambiguous.
           _mr_1_1_3_5_r1_n
defmatch: x                 _mr_1_1_3_5_r1_b
         will be matched uniquely since sub-parts would otherwise be ambiguous.
           _mr_1_1_3_5_r2_n
defmatch: x                 _mr_1_1_3_5_r2_b
         will be matched uniquely since sub-parts would otherwise be ambiguous.
           _mr_1_1_3_5_r3_n
defmatch: x                 _mr_1_1_3_5_r3_b
         will be matched uniquely since sub-parts would otherwise be ambiguous.
           _mr_1_1_3_5_r4_n
defmatch: x                 _mr_1_1_3_5_r4_b
         will be matched uniquely since sub-parts would otherwise be ambiguous.
           _mr_1_1_3_5_r6_n
defmatch: x                 _mr_1_1_3_5_r6_b
         will be matched uniquely since sub-parts would otherwise be ambiguous.
           _mr_1_1_3_5_r7_n
defmatch: x                 _mr_1_1_3_5_r7_b
         will be matched uniquely since sub-parts would otherwise be ambiguous.
           _mr_1_1_3_5_r8_n
defmatch: x                 _mr_1_1_3_5_r8_b
         will be matched uniquely since sub-parts would otherwise be ambiguous.
           _mr_1_1_3_5_r10_n
defmatch: x                  _mr_1_1_3_5_r10_b
         will be matched uniquely since sub-parts would otherwise be ambiguous.
           _mr_1_1_3_5_r11_n
defmatch: x                  _mr_1_1_3_5_r11_b
         will be matched uniquely since sub-parts would otherwise be ambiguous.
           _mr_1_1_3_5_r30_n
defmatch: x                  _mr_1_1_3_5_r30_b
         will be matched uniquely since sub-parts would otherwise be ambiguous.
           _mr_1_1_3_5_r31_n
defmatch: x                  _mr_1_1_3_5_r31_b
         will be matched uniquely since sub-parts would otherwise be ambiguous.
           _mr_1_1_3_5_r38_n
defmatch: x                  _mr_1_1_3_5_r38_b
         will be matched uniquely since sub-parts would otherwise be ambiguous.
           _mr_1_1_3_5_r39_n
defmatch: x                  _mr_1_1_3_5_r39_b
         will be matched uniquely since sub-parts would otherwise be ambiguous.
           _mr_1_1_3_5_r40_n
defmatch: x                  _mr_1_1_3_5_r40_b
         will be matched uniquely since sub-parts would otherwise be ambiguous.
                           _mr_1_1_3_5_r41_n
defmatch: _mr_1_1_3_5_r41_u                  _mr_1_1_3_5_r41_b
         will be matched uniquely since sub-parts would otherwise be ambiguous.
                           _mr_1_1_3_5_r41_n
defmatch: _mr_1_1_3_5_r41_v                  _mr_1_1_3_5_r41_d
         will be matched uniquely since sub-parts would otherwise be ambiguous.
                           _mr_1_1_3_5_r41_n
defmatch: _mr_1_1_3_5_r41_w                  _mr_1_1_3_5_r41_f
         will be matched uniquely since sub-parts would otherwise be ambiguous.
           _mr_1_1_3_5_r42_mn
defmatch: x                   _mr_1_1_3_5_r42_d
         will be matched uniquely since sub-parts would otherwise be ambiguous.
           _mr_1_1_3_5_r42_n
defmatch: x                  _mr_1_1_3_5_r42_b
         will be matched uniquely since sub-parts would otherwise be ambiguous.
           _mr_1_1_3_5_r43_mn
defmatch: x                   _mr_1_1_3_5_r43_d
         will be matched uniquely since sub-parts would otherwise be ambiguous.
           _mr_1_1_3_5_r43_n
defmatch: x                  _mr_1_1_3_5_r43_b
         will be matched uniquely since sub-parts would otherwise be ambiguous.
           _mr_1_1_3_5_r44_mn
defmatch: x                   _mr_1_1_3_5_r44_d
         will be matched uniquely since sub-parts would otherwise be ambiguous.
           _mr_1_1_3_5_r44_n
defmatch: x                  _mr_1_1_3_5_r44_b
         will be matched uniquely since sub-parts would otherwise be ambiguous.
           _mr_1_1_3_5_r45_n
defmatch: x                  _mr_1_1_3_5_r45_b
         will be matched uniquely since sub-parts would otherwise be ambiguous.
           _mr_1_1_3_5_r45_n2
defmatch: x                   _mr_1_1_3_5_r45_f1
         will be matched uniquely since sub-parts would otherwise be ambiguous.
           _mr_1_1_3_5_r46_n
defmatch: x                  _mr_1_1_3_5_r46_b
         will be matched uniquely since sub-parts would otherwise be ambiguous.
           _mr_1_1_3_5_r46_n2
defmatch: x                   _mr_1_1_3_5_r46_f1
         will be matched uniquely since sub-parts would otherwise be ambiguous.
           _mr_1_1_3_6_r4_n
defmatch: x                 _mr_1_1_3_6_r4_b
         will be matched uniquely since sub-parts would otherwise be ambiguous.
           _mr_1_1_3_6_r5_n
defmatch: x                 _mr_1_1_3_6_r5_b
         will be matched uniquely since sub-parts would otherwise be ambiguous.
           _mr_1_1_3_6_r6_n
defmatch: x                 _mr_1_1_3_6_r6_b
         will be matched uniquely since sub-parts would otherwise be ambiguous.
           _mr_1_1_3_6_r7_n
defmatch: x                 _mr_1_1_3_6_r7_b
         will be matched uniquely since sub-parts would otherwise be ambiguous.
           _mr_1_1_3_6_r8_n
defmatch: x                 _mr_1_1_3_6_r8_b
         will be matched uniquely since sub-parts would otherwise be ambiguous.
           _mr_1_1_3_6_r9_n
defmatch: x                 _mr_1_1_3_6_r9_b
         will be matched uniquely since sub-parts would otherwise be ambiguous.
           _mr_1_1_3_6_r10_n
defmatch: x                  _mr_1_1_3_6_r10_b
         will be matched uniquely since sub-parts would otherwise be ambiguous.
           _mr_1_1_3_6_r11_n
defmatch: x                  _mr_1_1_3_6_r11_b
         will be matched uniquely since sub-parts would otherwise be ambiguous.
           _mr_1_1_3_6_r12_n
defmatch: x                  _mr_1_1_3_6_r12_b
         will be matched uniquely since sub-parts would otherwise be ambiguous.
           _mr_1_1_3_6_r13_n
defmatch: x                  _mr_1_1_3_6_r13_b
         will be matched uniquely since sub-parts would otherwise be ambiguous.
           _mr_1_1_3_6_r14_n
defmatch: x                  _mr_1_1_3_6_r14_b
         will be matched uniquely since sub-parts would otherwise be ambiguous.
           _mr_1_1_3_6_r15_n
defmatch: x                  _mr_1_1_3_6_r15_b
         will be matched uniquely since sub-parts would otherwise be ambiguous.
           _mr_1_1_3_6_r16_n
defmatch: x                  _mr_1_1_3_6_r16_b
         will be matched uniquely since sub-parts would otherwise be ambiguous.
           _mr_1_1_3_6_r17_n
defmatch: x                  _mr_1_1_3_6_r17_b
         will be matched uniquely since sub-parts would otherwise be ambiguous.
           _mr_1_1_3_6_r18_n
defmatch: x                  _mr_1_1_3_6_r18_b
         will be matched uniquely since sub-parts would otherwise be ambiguous.
           _mr_1_1_3_6_r19_n
defmatch: x                  _mr_1_1_3_6_r19_b
         will be matched uniquely since sub-parts would otherwise be ambiguous.
           _mr_1_1_3_6_r20_n
defmatch: x                  _mr_1_1_3_6_r20_b
         will be matched uniquely since sub-parts would otherwise be ambiguous.
           _mr_1_1_3_6_r21_n
defmatch: x                  _mr_1_1_3_6_r21_b
         will be matched uniquely since sub-parts would otherwise be ambiguous.
           _mr_1_1_3_6_r22_n
defmatch: x                  _mr_1_1_3_6_r22_b
         will be matched uniquely since sub-parts would otherwise be ambiguous.
           _mr_1_1_3_6_r23_n
defmatch: x                  _mr_1_1_3_6_r23_b
         will be matched uniquely since sub-parts would otherwise be ambiguous.
           _mr_1_1_3_6_r24_n
defmatch: x                  _mr_1_1_3_6_r24_b
         will be matched uniquely since sub-parts would otherwise be ambiguous.
           _mr_1_1_3_6_r25_n
defmatch: x                  _mr_1_1_3_6_r25_b
         will be matched uniquely since sub-parts would otherwise be ambiguous.
           _mr_1_1_3_6_r26_n
defmatch: x                  _mr_1_1_3_6_r26_b
         will be matched uniquely since sub-parts would otherwise be ambiguous.
           _mr_1_1_3_6_r27_n
defmatch: x                  _mr_1_1_3_6_r27_b
         will be matched uniquely since sub-parts would otherwise be ambiguous.
           _mr_1_1_3_6_r28_n
defmatch: x                  _mr_1_1_3_6_r28_b
         will be matched uniquely since sub-parts would otherwise be ambiguous.
           _mr_1_1_3_6_r29_n
defmatch: x                  _mr_1_1_3_6_r29_b
         will be matched uniquely since sub-parts would otherwise be ambiguous.
           _mr_1_1_3_6_r30_n
defmatch: x                  _mr_1_1_3_6_r30_b
         will be matched uniquely since sub-parts would otherwise be ambiguous.
           _mr_1_1_3_6_r31_n
defmatch: x                  _mr_1_1_3_6_r31_b
         will be matched uniquely since sub-parts would otherwise be ambiguous.
           _mr_1_1_3_6_r32_n
defmatch: x                  _mr_1_1_3_6_r32_b
         will be matched uniquely since sub-parts would otherwise be ambiguous.
           _mr_1_1_3_6_r33_mn
defmatch: x                   _mr_1_1_3_6_r33_d
         will be matched uniquely since sub-parts would otherwise be ambiguous.
           _mr_1_1_3_6_r33_n
defmatch: x                  _mr_1_1_3_6_r33_b
         will be matched uniquely since sub-parts would otherwise be ambiguous.
           _mr_1_1_3_6_r34_mn
defmatch: x                   _mr_1_1_3_6_r34_d
         will be matched uniquely since sub-parts would otherwise be ambiguous.
           _mr_1_1_3_6_r34_n
defmatch: x                  _mr_1_1_3_6_r34_b
         will be matched uniquely since sub-parts would otherwise be ambiguous.
           _mr_1_1_3_6_r35_mn
defmatch: x                   _mr_1_1_3_6_r35_d
         will be matched uniquely since sub-parts would otherwise be ambiguous.
           _mr_1_1_3_6_r35_n
defmatch: x                  _mr_1_1_3_6_r35_b
         will be matched uniquely since sub-parts would otherwise be ambiguous.
           _mr_1_1_3_6_r36_mn
defmatch: x                   _mr_1_1_3_6_r36_d
         will be matched uniquely since sub-parts would otherwise be ambiguous.
           _mr_1_1_3_6_r36_n
defmatch: x                  _mr_1_1_3_6_r36_b
         will be matched uniquely since sub-parts would otherwise be ambiguous.
           _mr_1_1_3_6_r37_n
defmatch: x                  _mr_1_1_3_6_r37_b
         will be matched uniquely since sub-parts would otherwise be ambiguous.
                           _mr_1_1_3_6_r38_n
defmatch: _mr_1_1_3_6_r38_v                  _mr_1_1_3_6_r38_b
         will be matched uniquely since sub-parts would otherwise be ambiguous.
           _mr_1_1_3_6_r39_n
defmatch: x                  _mr_1_1_3_6_r39_b
         will be matched uniquely since sub-parts would otherwise be ambiguous.
           _mr_1_1_3_6_r39_n2
defmatch: x                   _mr_1_1_3_6_r39_f1
         will be matched uniquely since sub-parts would otherwise be ambiguous.
           _mr_1_1_3_6_r40_n
defmatch: x                  _mr_1_1_3_6_r40_b
         will be matched uniquely since sub-parts would otherwise be ambiguous.
           _mr_1_1_3_6_r40_n2
defmatch: x                   _mr_1_1_3_6_r40_f1
         will be matched uniquely since sub-parts would otherwise be ambiguous.
                                             2
defmatch: _mr_1_2_1_1_r19_c _mr_1_2_1_1_r19_u
         will be matched uniquely since sub-parts would otherwise be ambiguous.
defmatch: _mr_1_2_1_1_r19_u _mr_1_2_1_1_r19_b
         will be matched uniquely since sub-parts would otherwise be ambiguous.
defmatch: _mr_1_2_1_2_r136_u _mr_1_2_1_2_r136_e
         will be matched uniquely since sub-parts would otherwise be ambiguous.
defmatch: _mr_1_2_1_2_r137_u _mr_1_2_1_2_r137_e
         will be matched uniquely since sub-parts would otherwise be ambiguous.
defmatch: _mr_1_2_1_3_r113_u _mr_1_2_1_3_r113_e
         will be matched uniquely since sub-parts would otherwise be ambiguous.
                                             2
defmatch: _mr_1_2_1_4_r34_c _mr_1_2_1_4_r34_u
         will be matched uniquely since sub-parts would otherwise be ambiguous.
defmatch: _mr_1_2_1_4_r34_u _mr_1_2_1_4_r34_b
         will be matched uniquely since sub-parts would otherwise be ambiguous.
                           2
defmatch: _mr_1_2_1_4_r35_u  _mr_1_2_1_4_r35_c
         will be matched uniquely since sub-parts would otherwise be ambiguous.
defmatch: _mr_1_2_1_4b_r121_u _mr_1_2_1_4b_r121_e
         will be matched uniquely since sub-parts would otherwise be ambiguous.
defmatch: _mr_1_2_1_4b_r122_u _mr_1_2_1_4b_r122_e
         will be matched uniquely since sub-parts would otherwise be ambiguous.
defmatch: _mr_1_2_1_5_r49_u _mr_1_2_1_5_r49_h
         will be matched uniquely since sub-parts would otherwise be ambiguous.
defmatch: _mr_1_2_1_5_r50_u _mr_1_2_1_5_r50_h
         will be matched uniquely since sub-parts would otherwise be ambiguous.
                                               2
defmatch: _mr_1_2_1_5b_r30_c _mr_1_2_1_5b_r30_u
         will be matched uniquely since sub-parts would otherwise be ambiguous.
defmatch: _mr_1_2_1_5b_r30_u _mr_1_2_1_5b_r30_b
         will be matched uniquely since sub-parts would otherwise be ambiguous.
                            2
defmatch: _mr_1_2_1_5b_r31_u  _mr_1_2_1_5b_r31_c
         will be matched uniquely since sub-parts would otherwise be ambiguous.
                                             4
defmatch: _mr_1_2_2_2_r36_c _mr_1_2_2_2_r36_v
         will be matched uniquely since sub-parts would otherwise be ambiguous.
                           2
defmatch: _mr_1_2_2_2_r36_v  _mr_1_2_2_2_r36_b
         will be matched uniquely since sub-parts would otherwise be ambiguous.
                            _mr_1_2_3_1_r1_n2
defmatch: _mr_1_2_3_1_r1_c x
         will be matched uniquely since sub-parts would otherwise be ambiguous.
           _mr_1_2_3_1_r1_n
defmatch: x                 _mr_1_2_3_1_r1_b
         will be matched uniquely since sub-parts would otherwise be ambiguous.
                            _mr_1_2_3_1_r2_n2
defmatch: _mr_1_2_3_1_r2_c x
         will be matched uniquely since sub-parts would otherwise be ambiguous.
           _mr_1_2_3_1_r2_n
defmatch: x                 _mr_1_2_3_1_r2_b
         will be matched uniquely since sub-parts would otherwise be ambiguous.
                            _mr_1_2_3_1_r3_n2
defmatch: _mr_1_2_3_1_r3_c x
         will be matched uniquely since sub-parts would otherwise be ambiguous.
           _mr_1_2_3_1_r3_n
defmatch: x                 _mr_1_2_3_1_r3_b
         will be matched uniquely since sub-parts would otherwise be ambiguous.
                            _mr_1_2_3_1_r4_n2
defmatch: _mr_1_2_3_1_r4_c x
         will be matched uniquely since sub-parts would otherwise be ambiguous.
           _mr_1_2_3_1_r4_n
defmatch: x                 _mr_1_2_3_1_r4_b
         will be matched uniquely since sub-parts would otherwise be ambiguous.
                            _mr_1_2_3_1_r5_n2
defmatch: _mr_1_2_3_1_r5_c x
         will be matched uniquely since sub-parts would otherwise be ambiguous.
           _mr_1_2_3_1_r5_n
defmatch: x                 _mr_1_2_3_1_r5_b
         will be matched uniquely since sub-parts would otherwise be ambiguous.
                            _mr_1_2_3_1_r6_n2
defmatch: _mr_1_2_3_1_r6_c x
         will be matched uniquely since sub-parts would otherwise be ambiguous.
           _mr_1_2_3_1_r6_n
defmatch: x                 _mr_1_2_3_1_r6_b
         will be matched uniquely since sub-parts would otherwise be ambiguous.
                            _mr_1_2_3_1_r7_n2
defmatch: _mr_1_2_3_1_r7_c x
         will be matched uniquely since sub-parts would otherwise be ambiguous.
           _mr_1_2_3_1_r7_n
defmatch: x                 _mr_1_2_3_1_r7_b
         will be matched uniquely since sub-parts would otherwise be ambiguous.
                            _mr_1_2_3_1_r8_n2
defmatch: _mr_1_2_3_1_r8_c x
         will be matched uniquely since sub-parts would otherwise be ambiguous.
           _mr_1_2_3_1_r8_n
defmatch: x                 _mr_1_2_3_1_r8_b
         will be matched uniquely since sub-parts would otherwise be ambiguous.
                            _mr_1_2_3_1_r9_n2
defmatch: _mr_1_2_3_1_r9_c x
         will be matched uniquely since sub-parts would otherwise be ambiguous.
           _mr_1_2_3_1_r9_n
defmatch: x                 _mr_1_2_3_1_r9_b
         will be matched uniquely since sub-parts would otherwise be ambiguous.
                                             _mr_1_2_3_1_r10_n2
defmatch: _mr_1_2_3_1_r10_c _mr_1_2_3_1_r10_u
         will be matched uniquely since sub-parts would otherwise be ambiguous.
                           _mr_1_2_3_1_r10_n
defmatch: _mr_1_2_3_1_r10_u                  _mr_1_2_3_1_r10_b
         will be matched uniquely since sub-parts would otherwise be ambiguous.
                             _mr_1_2_3_1_r11_n
defmatch: _mr_1_2_3_1_r11_c x
         will be matched uniquely since sub-parts would otherwise be ambiguous.
           _mr_1_2_3_1_r11_mn
defmatch: x                   _mr_1_2_3_1_r11_b
         will be matched uniquely since sub-parts would otherwise be ambiguous.
                             _mr_1_2_3_1_r12_n
defmatch: _mr_1_2_3_1_r12_c x
         will be matched uniquely since sub-parts would otherwise be ambiguous.
           _mr_1_2_3_1_r12_mn
defmatch: x                   _mr_1_2_3_1_r12_b
         will be matched uniquely since sub-parts would otherwise be ambiguous.
                            _mr_1_2_3_2_r1_n2
defmatch: _mr_1_2_3_2_r1_c x
         will be matched uniquely since sub-parts would otherwise be ambiguous.
           _mr_1_2_3_2_r1_n
defmatch: x                 _mr_1_2_3_2_r1_b
         will be matched uniquely since sub-parts would otherwise be ambiguous.
                            _mr_1_2_3_2_r2_n2
defmatch: _mr_1_2_3_2_r2_c x
         will be matched uniquely since sub-parts would otherwise be ambiguous.
           _mr_1_2_3_2_r2_n
defmatch: x                 _mr_1_2_3_2_r2_b
         will be matched uniquely since sub-parts would otherwise be ambiguous.
                            _mr_1_2_3_2_r3_n2
defmatch: _mr_1_2_3_2_r3_c x
         will be matched uniquely since sub-parts would otherwise be ambiguous.
           _mr_1_2_3_2_r3_n
defmatch: x                 _mr_1_2_3_2_r3_b
         will be matched uniquely since sub-parts would otherwise be ambiguous.
                            _mr_1_2_3_2_r4_n2
defmatch: _mr_1_2_3_2_r4_c x
         will be matched uniquely since sub-parts would otherwise be ambiguous.
           _mr_1_2_3_2_r4_n
defmatch: x                 _mr_1_2_3_2_r4_b
         will be matched uniquely since sub-parts would otherwise be ambiguous.
                            _mr_1_2_3_2_r5_n2
defmatch: _mr_1_2_3_2_r5_c x
         will be matched uniquely since sub-parts would otherwise be ambiguous.
           _mr_1_2_3_2_r5_n
defmatch: x                 _mr_1_2_3_2_r5_b
         will be matched uniquely since sub-parts would otherwise be ambiguous.
                            _mr_1_2_3_2_r6_n2
defmatch: _mr_1_2_3_2_r6_c x
         will be matched uniquely since sub-parts would otherwise be ambiguous.
           _mr_1_2_3_2_r6_n
defmatch: x                 _mr_1_2_3_2_r6_b
         will be matched uniquely since sub-parts would otherwise be ambiguous.
                            _mr_1_2_3_2_r7_n2
defmatch: _mr_1_2_3_2_r7_c x
         will be matched uniquely since sub-parts would otherwise be ambiguous.
           _mr_1_2_3_2_r7_n
defmatch: x                 _mr_1_2_3_2_r7_b
         will be matched uniquely since sub-parts would otherwise be ambiguous.
                            _mr_1_2_3_2_r8_n2
defmatch: _mr_1_2_3_2_r8_c x
         will be matched uniquely since sub-parts would otherwise be ambiguous.
           _mr_1_2_3_2_r8_n
defmatch: x                 _mr_1_2_3_2_r8_b
         will be matched uniquely since sub-parts would otherwise be ambiguous.
                            _mr_1_2_3_2_r9_n2
defmatch: _mr_1_2_3_2_r9_c x
         will be matched uniquely since sub-parts would otherwise be ambiguous.
           _mr_1_2_3_2_r9_n
defmatch: x                 _mr_1_2_3_2_r9_b
         will be matched uniquely since sub-parts would otherwise be ambiguous.
                             _mr_1_2_3_2_r10_n2
defmatch: _mr_1_2_3_2_r10_c x
         will be matched uniquely since sub-parts would otherwise be ambiguous.
           _mr_1_2_3_2_r10_n
defmatch: x                  _mr_1_2_3_2_r10_b
         will be matched uniquely since sub-parts would otherwise be ambiguous.
                             _mr_1_2_3_2_r11_n2
defmatch: _mr_1_2_3_2_r11_c x
         will be matched uniquely since sub-parts would otherwise be ambiguous.
           _mr_1_2_3_2_r11_n
defmatch: x                  _mr_1_2_3_2_r11_b
         will be matched uniquely since sub-parts would otherwise be ambiguous.
                             _mr_1_2_3_2_r12_n2
defmatch: _mr_1_2_3_2_r12_c x
         will be matched uniquely since sub-parts would otherwise be ambiguous.
           _mr_1_2_3_2_r12_n
defmatch: x                  _mr_1_2_3_2_r12_b
         will be matched uniquely since sub-parts would otherwise be ambiguous.
                             _mr_1_2_3_2_r13_n2
defmatch: _mr_1_2_3_2_r13_c x
         will be matched uniquely since sub-parts would otherwise be ambiguous.
           _mr_1_2_3_2_r13_n
defmatch: x                  _mr_1_2_3_2_r13_b
         will be matched uniquely since sub-parts would otherwise be ambiguous.
                             _mr_1_2_3_2_r14_n2
defmatch: _mr_1_2_3_2_r14_c x
         will be matched uniquely since sub-parts would otherwise be ambiguous.
           _mr_1_2_3_2_r14_n
defmatch: x                  _mr_1_2_3_2_r14_b
         will be matched uniquely since sub-parts would otherwise be ambiguous.
                             _mr_1_2_3_2_r15_n2
defmatch: _mr_1_2_3_2_r15_c x
         will be matched uniquely since sub-parts would otherwise be ambiguous.
           _mr_1_2_3_2_r15_n
defmatch: x                  _mr_1_2_3_2_r15_b
         will be matched uniquely since sub-parts would otherwise be ambiguous.
                             _mr_1_2_3_2_r16_n2
defmatch: _mr_1_2_3_2_r16_c x
         will be matched uniquely since sub-parts would otherwise be ambiguous.
           _mr_1_2_3_2_r16_n
defmatch: x                  _mr_1_2_3_2_r16_b
         will be matched uniquely since sub-parts would otherwise be ambiguous.
                             _mr_1_2_3_2_r17_n2
defmatch: _mr_1_2_3_2_r17_c x
         will be matched uniquely since sub-parts would otherwise be ambiguous.
           _mr_1_2_3_2_r17_n
defmatch: x                  _mr_1_2_3_2_r17_b
         will be matched uniquely since sub-parts would otherwise be ambiguous.
                             _mr_1_2_3_2_r18_n2
defmatch: _mr_1_2_3_2_r18_c x
         will be matched uniquely since sub-parts would otherwise be ambiguous.
           _mr_1_2_3_2_r18_n
defmatch: x                  _mr_1_2_3_2_r18_b
         will be matched uniquely since sub-parts would otherwise be ambiguous.
                             _mr_1_2_3_2_r19_n2
defmatch: _mr_1_2_3_2_r19_c x
         will be matched uniquely since sub-parts would otherwise be ambiguous.
           _mr_1_2_3_2_r19_n
defmatch: x                  _mr_1_2_3_2_r19_b
         will be matched uniquely since sub-parts would otherwise be ambiguous.
                             _mr_1_2_3_2_r20_n2
defmatch: _mr_1_2_3_2_r20_c x
         will be matched uniquely since sub-parts would otherwise be ambiguous.
           _mr_1_2_3_2_r20_n
defmatch: x                  _mr_1_2_3_2_r20_b
         will be matched uniquely since sub-parts would otherwise be ambiguous.
                             _mr_1_2_3_2_r21_n2
defmatch: _mr_1_2_3_2_r21_c x
         will be matched uniquely since sub-parts would otherwise be ambiguous.
           _mr_1_2_3_2_r21_n
defmatch: x                  _mr_1_2_3_2_r21_b
         will be matched uniquely since sub-parts would otherwise be ambiguous.
                             _mr_1_2_3_2_r22_n2
defmatch: _mr_1_2_3_2_r22_c x
         will be matched uniquely since sub-parts would otherwise be ambiguous.
           _mr_1_2_3_2_r22_n
defmatch: x                  _mr_1_2_3_2_r22_b
         will be matched uniquely since sub-parts would otherwise be ambiguous.
                             _mr_1_2_3_2_r23_n2
defmatch: _mr_1_2_3_2_r23_c x
         will be matched uniquely since sub-parts would otherwise be ambiguous.
           _mr_1_2_3_2_r23_n
defmatch: x                  _mr_1_2_3_2_r23_b
         will be matched uniquely since sub-parts would otherwise be ambiguous.
                             _mr_1_2_3_2_r24_n2
defmatch: _mr_1_2_3_2_r24_c x
         will be matched uniquely since sub-parts would otherwise be ambiguous.
           _mr_1_2_3_2_r24_n
defmatch: x                  _mr_1_2_3_2_r24_b
         will be matched uniquely since sub-parts would otherwise be ambiguous.
                             _mr_1_2_3_2_r25_n2
defmatch: _mr_1_2_3_2_r25_c x
         will be matched uniquely since sub-parts would otherwise be ambiguous.
           _mr_1_2_3_2_r25_n
defmatch: x                  _mr_1_2_3_2_r25_b
         will be matched uniquely since sub-parts would otherwise be ambiguous.
                             _mr_1_2_3_2_r26_n2
defmatch: _mr_1_2_3_2_r26_c x
         will be matched uniquely since sub-parts would otherwise be ambiguous.
           _mr_1_2_3_2_r26_n
defmatch: x                  _mr_1_2_3_2_r26_b
         will be matched uniquely since sub-parts would otherwise be ambiguous.
                             _mr_1_2_3_2_r27_n2
defmatch: _mr_1_2_3_2_r27_c x
         will be matched uniquely since sub-parts would otherwise be ambiguous.
           _mr_1_2_3_2_r27_n
defmatch: x                  _mr_1_2_3_2_r27_b
         will be matched uniquely since sub-parts would otherwise be ambiguous.
                             _mr_1_2_3_2_r28_n2
defmatch: _mr_1_2_3_2_r28_c x
         will be matched uniquely since sub-parts would otherwise be ambiguous.
           _mr_1_2_3_2_r28_n
defmatch: x                  _mr_1_2_3_2_r28_b
         will be matched uniquely since sub-parts would otherwise be ambiguous.
                             _mr_1_2_3_2_r29_n2
defmatch: _mr_1_2_3_2_r29_c x
         will be matched uniquely since sub-parts would otherwise be ambiguous.
           _mr_1_2_3_2_r29_n
defmatch: x                  _mr_1_2_3_2_r29_b
         will be matched uniquely since sub-parts would otherwise be ambiguous.
                             _mr_1_2_3_2_r30_n2
defmatch: _mr_1_2_3_2_r30_c x
         will be matched uniquely since sub-parts would otherwise be ambiguous.
           _mr_1_2_3_2_r30_n
defmatch: x                  _mr_1_2_3_2_r30_b
         will be matched uniquely since sub-parts would otherwise be ambiguous.
                             _mr_1_2_3_2_r31_n2
defmatch: _mr_1_2_3_2_r31_c x
         will be matched uniquely since sub-parts would otherwise be ambiguous.
           _mr_1_2_3_2_r31_n
defmatch: x                  _mr_1_2_3_2_r31_b
         will be matched uniquely since sub-parts would otherwise be ambiguous.
                             _mr_1_2_3_2_r32_n2
defmatch: _mr_1_2_3_2_r32_c x
         will be matched uniquely since sub-parts would otherwise be ambiguous.
           _mr_1_2_3_2_r32_n
defmatch: x                  _mr_1_2_3_2_r32_b
         will be matched uniquely since sub-parts would otherwise be ambiguous.
                             _mr_1_2_3_2_r33_n2
defmatch: _mr_1_2_3_2_r33_c x
         will be matched uniquely since sub-parts would otherwise be ambiguous.
           _mr_1_2_3_2_r33_n
defmatch: x                  _mr_1_2_3_2_r33_b
         will be matched uniquely since sub-parts would otherwise be ambiguous.
                             _mr_1_2_3_2_r34_n2
defmatch: _mr_1_2_3_2_r34_c x
         will be matched uniquely since sub-parts would otherwise be ambiguous.
           _mr_1_2_3_2_r34_n
defmatch: x                  _mr_1_2_3_2_r34_b
         will be matched uniquely since sub-parts would otherwise be ambiguous.
                             _mr_1_2_3_2_r35_n
defmatch: _mr_1_2_3_2_r35_c x
         will be matched uniquely since sub-parts would otherwise be ambiguous.
           _mr_1_2_3_2_r35_mn
defmatch: x                   _mr_1_2_3_2_r35_b
         will be matched uniquely since sub-parts would otherwise be ambiguous.
                             _mr_1_2_3_2_r36_n
defmatch: _mr_1_2_3_2_r36_c x
         will be matched uniquely since sub-parts would otherwise be ambiguous.
           _mr_1_2_3_2_r36_mn
defmatch: x                   _mr_1_2_3_2_r36_b
         will be matched uniquely since sub-parts would otherwise be ambiguous.
                             _mr_1_2_3_2_r37_n
defmatch: _mr_1_2_3_2_r37_c x
         will be matched uniquely since sub-parts would otherwise be ambiguous.
           _mr_1_2_3_2_r37_mn
defmatch: x                   _mr_1_2_3_2_r37_b
         will be matched uniquely since sub-parts would otherwise be ambiguous.
                                             _mr_1_2_3_2_r38_n2
defmatch: _mr_1_2_3_2_r38_c _mr_1_2_3_2_r38_v
         will be matched uniquely since sub-parts would otherwise be ambiguous.
                           _mr_1_2_3_2_r38_n
defmatch: _mr_1_2_3_2_r38_v                  _mr_1_2_3_2_r38_b
         will be matched uniquely since sub-parts would otherwise be ambiguous.
                                             _mr_1_2_3_2_r39_n2
defmatch: _mr_1_2_3_2_r39_c _mr_1_2_3_2_r39_v
         will be matched uniquely since sub-parts would otherwise be ambiguous.
                           _mr_1_2_3_2_r39_n
defmatch: _mr_1_2_3_2_r39_v                  _mr_1_2_3_2_r39_b
         will be matched uniquely since sub-parts would otherwise be ambiguous.
           _mr_1_2_3_3_r1_n
defmatch: x                 _mr_1_2_3_3_r1_e
         will be matched uniquely since sub-parts would otherwise be ambiguous.
           _mr_1_2_3_3_r1_n2
defmatch: x                  _mr_1_2_3_3_r1_c
         will be matched uniquely since sub-parts would otherwise be ambiguous.
           _mr_1_2_3_3_r2_n
defmatch: x                 _mr_1_2_3_3_r2_e
         will be matched uniquely since sub-parts would otherwise be ambiguous.
           _mr_1_2_3_3_r2_n2
defmatch: x                  _mr_1_2_3_3_r2_c
         will be matched uniquely since sub-parts would otherwise be ambiguous.
           _mr_1_2_3_3_r3_n
defmatch: x                 _mr_1_2_3_3_r3_e
         will be matched uniquely since sub-parts would otherwise be ambiguous.
           _mr_1_2_3_3_r3_n2
defmatch: x                  _mr_1_2_3_3_r3_c
         will be matched uniquely since sub-parts would otherwise be ambiguous.
           _mr_1_2_3_3_r4_n
defmatch: x                 _mr_1_2_3_3_r4_e
         will be matched uniquely since sub-parts would otherwise be ambiguous.
           _mr_1_2_3_3_r4_n2
defmatch: x                  _mr_1_2_3_3_r4_c
         will be matched uniquely since sub-parts would otherwise be ambiguous.
           _mr_1_2_3_3_r5_n
defmatch: x                 _mr_1_2_3_3_r5_e
         will be matched uniquely since sub-parts would otherwise be ambiguous.
           _mr_1_2_3_3_r5_n2
defmatch: x                  _mr_1_2_3_3_r5_c
         will be matched uniquely since sub-parts would otherwise be ambiguous.
           _mr_1_2_3_3_r6_n
defmatch: x                 _mr_1_2_3_3_r6_e
         will be matched uniquely since sub-parts would otherwise be ambiguous.
           _mr_1_2_3_3_r6_n2
defmatch: x                  _mr_1_2_3_3_r6_c
         will be matched uniquely since sub-parts would otherwise be ambiguous.
           _mr_1_2_3_3_r7_n
defmatch: x                 _mr_1_2_3_3_r7_e
         will be matched uniquely since sub-parts would otherwise be ambiguous.
           _mr_1_2_3_3_r7_n2
defmatch: x                  _mr_1_2_3_3_r7_c
         will be matched uniquely since sub-parts would otherwise be ambiguous.
           _mr_1_2_3_3_r8_n
defmatch: x                 _mr_1_2_3_3_r8_e
         will be matched uniquely since sub-parts would otherwise be ambiguous.
           _mr_1_2_3_3_r8_n2
defmatch: x                  _mr_1_2_3_3_r8_c
         will be matched uniquely since sub-parts would otherwise be ambiguous.
           _mr_1_2_3_3_r12_n
defmatch: x                  _mr_1_2_3_3_r12_e
         will be matched uniquely since sub-parts would otherwise be ambiguous.
           _mr_1_2_3_3_r13_n
defmatch: x                  _mr_1_2_3_3_r13_e
         will be matched uniquely since sub-parts would otherwise be ambiguous.
           _mr_1_2_3_3_r13_n2
defmatch: x                   _mr_1_2_3_3_r13_c
         will be matched uniquely since sub-parts would otherwise be ambiguous.
           _mr_1_2_3_3_r14_n
defmatch: x                  _mr_1_2_3_3_r14_e
         will be matched uniquely since sub-parts would otherwise be ambiguous.
           _mr_1_2_3_3_r14_n2
defmatch: x                   _mr_1_2_3_3_r14_c
         will be matched uniquely since sub-parts would otherwise be ambiguous.
           _mr_1_2_3_3_r15_n
defmatch: x                  _mr_1_2_3_3_r15_e
         will be matched uniquely since sub-parts would otherwise be ambiguous.
           _mr_1_2_3_3_r15_n2
defmatch: x                   _mr_1_2_3_3_r15_c
         will be matched uniquely since sub-parts would otherwise be ambiguous.
           _mr_1_2_3_3_r16_n
defmatch: x                  _mr_1_2_3_3_r16_e
         will be matched uniquely since sub-parts would otherwise be ambiguous.
           _mr_1_2_3_3_r16_n2
defmatch: x                   _mr_1_2_3_3_r16_c
         will be matched uniquely since sub-parts would otherwise be ambiguous.
           _mr_1_2_3_3_r17_n
defmatch: x                  _mr_1_2_3_3_r17_e
         will be matched uniquely since sub-parts would otherwise be ambiguous.
           _mr_1_2_3_3_r18_n
defmatch: x                  _mr_1_2_3_3_r18_e
         will be matched uniquely since sub-parts would otherwise be ambiguous.
           _mr_1_2_3_3_r19_n
defmatch: x                  _mr_1_2_3_3_r19_e
         will be matched uniquely since sub-parts would otherwise be ambiguous.
           _mr_1_2_3_3_r20_n
defmatch: x                  _mr_1_2_3_3_r20_e
         will be matched uniquely since sub-parts would otherwise be ambiguous.
           _mr_1_2_3_3_r21_n
defmatch: x                  _mr_1_2_3_3_r21_e
         will be matched uniquely since sub-parts would otherwise be ambiguous.
           _mr_1_2_3_3_r22_n
defmatch: x                  _mr_1_2_3_3_r22_e
         will be matched uniquely since sub-parts would otherwise be ambiguous.
           _mr_1_2_3_3_r23_n2
defmatch: x                   _mr_1_2_3_3_r23_c
         will be matched uniquely since sub-parts would otherwise be ambiguous.
           _mr_1_2_3_3_r24_n2
defmatch: x                   _mr_1_2_3_3_r24_c
         will be matched uniquely since sub-parts would otherwise be ambiguous.
           _mr_1_2_3_3_r25_n2
defmatch: x                   _mr_1_2_3_3_r25_c
         will be matched uniquely since sub-parts would otherwise be ambiguous.
           _mr_1_2_3_3_r27_n2
defmatch: x                   _mr_1_2_3_3_r27_c
         will be matched uniquely since sub-parts would otherwise be ambiguous.
           _mr_1_2_3_3_r28_n2
defmatch: x                   _mr_1_2_3_3_r28_c
         will be matched uniquely since sub-parts would otherwise be ambiguous.
           _mr_1_2_3_3_r29_n2
defmatch: x                   _mr_1_2_3_3_r29_c
         will be matched uniquely since sub-parts would otherwise be ambiguous.
           _mr_1_2_3_3_r30_n2
defmatch: x                   _mr_1_2_3_3_r30_c
         will be matched uniquely since sub-parts would otherwise be ambiguous.
           _mr_1_2_3_3_r31_n2
defmatch: x                   _mr_1_2_3_3_r31_c
         will be matched uniquely since sub-parts would otherwise be ambiguous.
           _mr_1_2_3_3_r32_n2
defmatch: x                   _mr_1_2_3_3_r32_c
         will be matched uniquely since sub-parts would otherwise be ambiguous.
           _mr_1_2_3_3_r33_n2
defmatch: x                   _mr_1_2_3_3_r33_c
         will be matched uniquely since sub-parts would otherwise be ambiguous.
           _mr_1_2_3_3_r34_n
defmatch: x                  _mr_1_2_3_3_r34_e
         will be matched uniquely since sub-parts would otherwise be ambiguous.
           _mr_1_2_3_3_r34_n2
defmatch: x                   _mr_1_2_3_3_r34_c
         will be matched uniquely since sub-parts would otherwise be ambiguous.
           _mr_1_2_3_3_r35_n
defmatch: x                  _mr_1_2_3_3_r35_e
         will be matched uniquely since sub-parts would otherwise be ambiguous.
           _mr_1_2_3_3_r35_n2
defmatch: x                   _mr_1_2_3_3_r35_c
         will be matched uniquely since sub-parts would otherwise be ambiguous.
           _mr_1_2_3_3_r36_n
defmatch: x                  _mr_1_2_3_3_r36_e
         will be matched uniquely since sub-parts would otherwise be ambiguous.
           _mr_1_2_3_3_r36_n2
defmatch: x                   _mr_1_2_3_3_r36_c
         will be matched uniquely since sub-parts would otherwise be ambiguous.
           _mr_1_2_3_3_r37_n
defmatch: x                  _mr_1_2_3_3_r37_e
         will be matched uniquely since sub-parts would otherwise be ambiguous.
           _mr_1_2_3_3_r37_n2
defmatch: x                   _mr_1_2_3_3_r37_c
         will be matched uniquely since sub-parts would otherwise be ambiguous.
           _mr_1_2_3_3_r38_n
defmatch: x                  _mr_1_2_3_3_r38_e
         will be matched uniquely since sub-parts would otherwise be ambiguous.
           _mr_1_2_3_3_r38_n2
defmatch: x                   _mr_1_2_3_3_r38_c
         will be matched uniquely since sub-parts would otherwise be ambiguous.
           _mr_1_2_3_3_r39_n
defmatch: x                  _mr_1_2_3_3_r39_e
         will be matched uniquely since sub-parts would otherwise be ambiguous.
           _mr_1_2_3_3_r39_n2
defmatch: x                   _mr_1_2_3_3_r39_c
         will be matched uniquely since sub-parts would otherwise be ambiguous.
           _mr_1_2_3_3_r40_n2
defmatch: x                   _mr_1_2_3_3_r40_c
         will be matched uniquely since sub-parts would otherwise be ambiguous.
           _mr_1_2_3_3_r41_n2
defmatch: x                   _mr_1_2_3_3_r41_c
         will be matched uniquely since sub-parts would otherwise be ambiguous.
           _mr_1_2_3_3_r42_n2
defmatch: x                   _mr_1_2_3_3_r42_c
         will be matched uniquely since sub-parts would otherwise be ambiguous.
           _mr_1_2_3_3_r43_n2
defmatch: x                   _mr_1_2_3_3_r43_c
         will be matched uniquely since sub-parts would otherwise be ambiguous.
           _mr_1_2_3_3_r44_n
defmatch: x                  _mr_1_2_3_3_r44_e
         will be matched uniquely since sub-parts would otherwise be ambiguous.
           _mr_1_2_3_3_r44_n2
defmatch: x                   _mr_1_2_3_3_r44_c
         will be matched uniquely since sub-parts would otherwise be ambiguous.
           _mr_1_2_3_3_r45_n
defmatch: x                  _mr_1_2_3_3_r45_e
         will be matched uniquely since sub-parts would otherwise be ambiguous.
           _mr_1_2_3_3_r45_n2
defmatch: x                   _mr_1_2_3_3_r45_c
         will be matched uniquely since sub-parts would otherwise be ambiguous.
           _mr_1_2_3_3_r46_n
defmatch: x                  _mr_1_2_3_3_r46_e
         will be matched uniquely since sub-parts would otherwise be ambiguous.
           _mr_1_2_3_3_r46_n2
defmatch: x                   _mr_1_2_3_3_r46_c
         will be matched uniquely since sub-parts would otherwise be ambiguous.
           _mr_1_2_3_3_r47_n
defmatch: x                  _mr_1_2_3_3_r47_e
         will be matched uniquely since sub-parts would otherwise be ambiguous.
           _mr_1_2_3_3_r47_n2
defmatch: x                   _mr_1_2_3_3_r47_c
         will be matched uniquely since sub-parts would otherwise be ambiguous.
           _mr_1_2_3_3_r48_n
defmatch: x                  _mr_1_2_3_3_r48_e
         will be matched uniquely since sub-parts would otherwise be ambiguous.
           _mr_1_2_3_3_r48_n2
defmatch: x                   _mr_1_2_3_3_r48_c
         will be matched uniquely since sub-parts would otherwise be ambiguous.
           _mr_1_2_3_3_r49_n
defmatch: x                  _mr_1_2_3_3_r49_e
         will be matched uniquely since sub-parts would otherwise be ambiguous.
           _mr_1_2_3_3_r49_n2
defmatch: x                   _mr_1_2_3_3_r49_c
         will be matched uniquely since sub-parts would otherwise be ambiguous.
           _mr_1_2_3_3_r50_n
defmatch: x                  _mr_1_2_3_3_r50_e
         will be matched uniquely since sub-parts would otherwise be ambiguous.
           _mr_1_2_3_3_r50_n2
defmatch: x                   _mr_1_2_3_3_r50_c
         will be matched uniquely since sub-parts would otherwise be ambiguous.
                           _mr_1_2_3_3_r51_n
defmatch: _mr_1_2_3_3_r51_u                  _mr_1_2_3_3_r51_e
         will be matched uniquely since sub-parts would otherwise be ambiguous.
                           _mr_1_2_3_3_r51_n2
defmatch: _mr_1_2_3_3_r51_u                   _mr_1_2_3_3_r51_c
         will be matched uniquely since sub-parts would otherwise be ambiguous.
                           _mr_1_2_3_3_r52_n
defmatch: _mr_1_2_3_3_r52_u                  _mr_1_2_3_3_r52_e
         will be matched uniquely since sub-parts would otherwise be ambiguous.
                           _mr_1_2_3_3_r52_n2
defmatch: _mr_1_2_3_3_r52_u                   _mr_1_2_3_3_r52_c
         will be matched uniquely since sub-parts would otherwise be ambiguous.
           _mr_1_2_3_3_r53_mn
defmatch: x                   _mr_1_2_3_3_r53_e
         will be matched uniquely since sub-parts would otherwise be ambiguous.
                             _mr_1_2_3_3_r53_n2
defmatch: _mr_1_2_3_3_r53_c x
         will be matched uniquely since sub-parts would otherwise be ambiguous.
           _mr_1_2_3_3_r53_n
defmatch: x                  _mr_1_2_3_3_r53_b
         will be matched uniquely since sub-parts would otherwise be ambiguous.
           _mr_1_2_3_3_r54_mn
defmatch: x                   _mr_1_2_3_3_r54_e
         will be matched uniquely since sub-parts would otherwise be ambiguous.
           _mr_1_2_3_3_r54_n2
defmatch: x                   _mr_1_2_3_3_r54_c
         will be matched uniquely since sub-parts would otherwise be ambiguous.
                             _mr_1_2_3_3_r55_mn2
defmatch: _mr_1_2_3_3_r55_c x
         will be matched uniquely since sub-parts would otherwise be ambiguous.
           _mr_1_2_3_3_r55_mn
defmatch: x                   _mr_1_2_3_3_r55_b
         will be matched uniquely since sub-parts would otherwise be ambiguous.
           _mr_1_2_3_3_r55_n
defmatch: x                  _mr_1_2_3_3_r55_e
         will be matched uniquely since sub-parts would otherwise be ambiguous.
           _mr_1_2_3_3_r56_mn2
defmatch: x                    _mr_1_2_3_3_r56_c
         will be matched uniquely since sub-parts would otherwise be ambiguous.
           _mr_1_2_3_3_r56_n
defmatch: x                  _mr_1_2_3_3_r56_e
         will be matched uniquely since sub-parts would otherwise be ambiguous.
           _mr_1_2_3_3_r57_mn
defmatch: x                   _mr_1_2_3_3_r57_e
         will be matched uniquely since sub-parts would otherwise be ambiguous.
                             _mr_1_2_3_3_r57_n2
defmatch: _mr_1_2_3_3_r57_c x
         will be matched uniquely since sub-parts would otherwise be ambiguous.
           _mr_1_2_3_3_r57_n
defmatch: x                  _mr_1_2_3_3_r57_b
         will be matched uniquely since sub-parts would otherwise be ambiguous.
           _mr_1_2_3_3_r58_mn
defmatch: x                   _mr_1_2_3_3_r58_e
         will be matched uniquely since sub-parts would otherwise be ambiguous.
           _mr_1_2_3_3_r58_n2
defmatch: x                   _mr_1_2_3_3_r58_c
         will be matched uniquely since sub-parts would otherwise be ambiguous.
                             _mr_1_2_3_3_r59_mn2
defmatch: _mr_1_2_3_3_r59_c x
         will be matched uniquely since sub-parts would otherwise be ambiguous.
           _mr_1_2_3_3_r59_mn
defmatch: x                   _mr_1_2_3_3_r59_b
         will be matched uniquely since sub-parts would otherwise be ambiguous.
           _mr_1_2_3_3_r59_n
defmatch: x                  _mr_1_2_3_3_r59_e
         will be matched uniquely since sub-parts would otherwise be ambiguous.
           _mr_1_2_3_3_r60_mn2
defmatch: x                    _mr_1_2_3_3_r60_c
         will be matched uniquely since sub-parts would otherwise be ambiguous.
           _mr_1_2_3_3_r60_n
defmatch: x                  _mr_1_2_3_3_r60_e
         will be matched uniquely since sub-parts would otherwise be ambiguous.
                             _mr_1_2_3_3_r61_n
defmatch: _mr_1_2_3_3_r61_c x
         will be matched uniquely since sub-parts would otherwise be ambiguous.
           _mr_1_2_3_3_r61_mn
defmatch: x                   _mr_1_2_3_3_r61_b
         will be matched uniquely since sub-parts would otherwise be ambiguous.
                             _mr_1_2_3_3_r62_n
defmatch: _mr_1_2_3_3_r62_c x
         will be matched uniquely since sub-parts would otherwise be ambiguous.
           _mr_1_2_3_3_r62_mn
defmatch: x                   _mr_1_2_3_3_r62_b
         will be matched uniquely since sub-parts would otherwise be ambiguous.
           _mr_1_2_3_3_r63_n
defmatch: x                  _mr_1_2_3_3_r63_e
         will be matched uniquely since sub-parts would otherwise be ambiguous.
           _mr_1_2_3_3_r63_n2
defmatch: x                   _mr_1_2_3_3_r63_c
         will be matched uniquely since sub-parts would otherwise be ambiguous.
           _mr_1_2_3_3_r64_n
defmatch: x                  _mr_1_2_3_3_r64_e
         will be matched uniquely since sub-parts would otherwise be ambiguous.
           _mr_1_2_3_3_r64_n2
defmatch: x                   _mr_1_2_3_3_r64_c
         will be matched uniquely since sub-parts would otherwise be ambiguous.
           _mr_1_2_3_3_r65_n
defmatch: x                  _mr_1_2_3_3_r65_e
         will be matched uniquely since sub-parts would otherwise be ambiguous.
           _mr_1_2_3_3_r65_n2
defmatch: x                   _mr_1_2_3_3_r65_c
         will be matched uniquely since sub-parts would otherwise be ambiguous.
           _mr_1_2_3_3_r66_n
defmatch: x                  _mr_1_2_3_3_r66_e
         will be matched uniquely since sub-parts would otherwise be ambiguous.
           _mr_1_2_3_3_r66_n2
defmatch: x                   _mr_1_2_3_3_r66_c
         will be matched uniquely since sub-parts would otherwise be ambiguous.
           _mr_1_2_3_3_r67_n
defmatch: x                  _mr_1_2_3_3_r67_e
         will be matched uniquely since sub-parts would otherwise be ambiguous.
           _mr_1_2_3_3_r67_n2
defmatch: x                   _mr_1_2_3_3_r67_c
         will be matched uniquely since sub-parts would otherwise be ambiguous.
                             _mr_1_2_3_3_r68_n2
defmatch: _mr_1_2_3_3_r68_c x
         will be matched uniquely since sub-parts would otherwise be ambiguous.
           _mr_1_2_3_3_r68_n
defmatch: x                  _mr_1_2_3_3_r68_b
         will be matched uniquely since sub-parts would otherwise be ambiguous.
           _mr_1_2_3_3_r68_non2
defmatch: x                     _mr_1_2_3_3_r68_e1
         will be matched uniquely since sub-parts would otherwise be ambiguous.
                             _mr_1_2_3_3_r69_n2
defmatch: _mr_1_2_3_3_r69_c x
         will be matched uniquely since sub-parts would otherwise be ambiguous.
           _mr_1_2_3_3_r69_n
defmatch: x                  _mr_1_2_3_3_r69_b
         will be matched uniquely since sub-parts would otherwise be ambiguous.
           _mr_1_2_3_3_r69_non2
defmatch: x                     _mr_1_2_3_3_r69_e1
         will be matched uniquely since sub-parts would otherwise be ambiguous.
           _mr_1_2_3_3_r70_n
defmatch: x                  _mr_1_2_3_3_r70_e
         will be matched uniquely since sub-parts would otherwise be ambiguous.
           _mr_1_2_3_3_r70_n2
defmatch: x                   _mr_1_2_3_3_r70_c
         will be matched uniquely since sub-parts would otherwise be ambiguous.
           _mr_1_2_3_3_r71_n
defmatch: x                  _mr_1_2_3_3_r71_e
         will be matched uniquely since sub-parts would otherwise be ambiguous.
           _mr_1_2_3_3_r71_n2
defmatch: x                   _mr_1_2_3_3_r71_c
         will be matched uniquely since sub-parts would otherwise be ambiguous.
           _mr_1_2_3_4_r1_n2
defmatch: x                  _mr_1_2_3_4_r1_c
         will be matched uniquely since sub-parts would otherwise be ambiguous.
           _mr_1_2_3_4_r2_n2
defmatch: x                  _mr_1_2_3_4_r2_c
         will be matched uniquely since sub-parts would otherwise be ambiguous.
           _mr_1_2_3_4_r3_n2
defmatch: x                  _mr_1_2_3_4_r3_c
         will be matched uniquely since sub-parts would otherwise be ambiguous.
           _mr_1_2_3_4_r4_n2
defmatch: x                  _mr_1_2_3_4_r4_c
         will be matched uniquely since sub-parts would otherwise be ambiguous.
           _mr_1_2_3_4_r5_n2
defmatch: x                  _mr_1_2_3_4_r5_c
         will be matched uniquely since sub-parts would otherwise be ambiguous.
           _mr_1_2_3_4_r6_n2
defmatch: x                  _mr_1_2_3_4_r6_c
         will be matched uniquely since sub-parts would otherwise be ambiguous.
           _mr_1_2_3_4_r7_n
defmatch: x                 _mr_1_2_3_4_r7_e
         will be matched uniquely since sub-parts would otherwise be ambiguous.
           _mr_1_2_3_4_r7_n2
defmatch: x                  _mr_1_2_3_4_r7_c
         will be matched uniquely since sub-parts would otherwise be ambiguous.
           _mr_1_2_3_4_r8_n
defmatch: x                 _mr_1_2_3_4_r8_e
         will be matched uniquely since sub-parts would otherwise be ambiguous.
           _mr_1_2_3_4_r8_n2
defmatch: x                  _mr_1_2_3_4_r8_c
         will be matched uniquely since sub-parts would otherwise be ambiguous.
           _mr_1_2_3_4_r9_n
defmatch: x                 _mr_1_2_3_4_r9_e
         will be matched uniquely since sub-parts would otherwise be ambiguous.
           _mr_1_2_3_4_r9_n2
defmatch: x                  _mr_1_2_3_4_r9_c
         will be matched uniquely since sub-parts would otherwise be ambiguous.
           _mr_1_2_3_4_r10_n
defmatch: x                  _mr_1_2_3_4_r10_e
         will be matched uniquely since sub-parts would otherwise be ambiguous.
           _mr_1_2_3_4_r10_n2
defmatch: x                   _mr_1_2_3_4_r10_c
         will be matched uniquely since sub-parts would otherwise be ambiguous.
           _mr_1_2_3_4_r11_n
defmatch: x                  _mr_1_2_3_4_r11_e
         will be matched uniquely since sub-parts would otherwise be ambiguous.
           _mr_1_2_3_4_r11_n2
defmatch: x                   _mr_1_2_3_4_r11_c
         will be matched uniquely since sub-parts would otherwise be ambiguous.
           _mr_1_2_3_4_r12_n
defmatch: x                  _mr_1_2_3_4_r12_e
         will be matched uniquely since sub-parts would otherwise be ambiguous.
           _mr_1_2_3_4_r12_n2
defmatch: x                   _mr_1_2_3_4_r12_c
         will be matched uniquely since sub-parts would otherwise be ambiguous.
           _mr_1_2_3_4_r13_n
defmatch: x                  _mr_1_2_3_4_r13_e
         will be matched uniquely since sub-parts would otherwise be ambiguous.
           _mr_1_2_3_4_r13_n2
defmatch: x                   _mr_1_2_3_4_r13_c
         will be matched uniquely since sub-parts would otherwise be ambiguous.
           _mr_1_2_3_4_r14_n
defmatch: x                  _mr_1_2_3_4_r14_e
         will be matched uniquely since sub-parts would otherwise be ambiguous.
           _mr_1_2_3_4_r14_n2
defmatch: x                   _mr_1_2_3_4_r14_c
         will be matched uniquely since sub-parts would otherwise be ambiguous.
           _mr_1_2_3_4_r15_n
defmatch: x                  _mr_1_2_3_4_r15_e
         will be matched uniquely since sub-parts would otherwise be ambiguous.
           _mr_1_2_3_4_r15_n2
defmatch: x                   _mr_1_2_3_4_r15_c
         will be matched uniquely since sub-parts would otherwise be ambiguous.
           _mr_1_2_3_4_r16_n
defmatch: x                  _mr_1_2_3_4_r16_e
         will be matched uniquely since sub-parts would otherwise be ambiguous.
           _mr_1_2_3_4_r16_n2
defmatch: x                   _mr_1_2_3_4_r16_c
         will be matched uniquely since sub-parts would otherwise be ambiguous.
           _mr_1_2_3_4_r17_n
defmatch: x                  _mr_1_2_3_4_r17_e
         will be matched uniquely since sub-parts would otherwise be ambiguous.
           _mr_1_2_3_4_r17_n2
defmatch: x                   _mr_1_2_3_4_r17_c
         will be matched uniquely since sub-parts would otherwise be ambiguous.
           _mr_1_2_3_4_r18_n
defmatch: x                  _mr_1_2_3_4_r18_e
         will be matched uniquely since sub-parts would otherwise be ambiguous.
           _mr_1_2_3_4_r18_n2
defmatch: x                   _mr_1_2_3_4_r18_c
         will be matched uniquely since sub-parts would otherwise be ambiguous.
           _mr_1_2_3_4_r19_n
defmatch: x                  _mr_1_2_3_4_r19_e
         will be matched uniquely since sub-parts would otherwise be ambiguous.
           _mr_1_2_3_4_r19_n2
defmatch: x                   _mr_1_2_3_4_r19_c
         will be matched uniquely since sub-parts would otherwise be ambiguous.
           _mr_1_2_3_4_r20_n
defmatch: x                  _mr_1_2_3_4_r20_e
         will be matched uniquely since sub-parts would otherwise be ambiguous.
           _mr_1_2_3_4_r20_n2
defmatch: x                   _mr_1_2_3_4_r20_c
         will be matched uniquely since sub-parts would otherwise be ambiguous.
           _mr_1_2_3_4_r21_n
defmatch: x                  _mr_1_2_3_4_r21_e
         will be matched uniquely since sub-parts would otherwise be ambiguous.
           _mr_1_2_3_4_r21_n2
defmatch: x                   _mr_1_2_3_4_r21_c
         will be matched uniquely since sub-parts would otherwise be ambiguous.
           _mr_1_2_3_4_r22_n
defmatch: x                  _mr_1_2_3_4_r22_e
         will be matched uniquely since sub-parts would otherwise be ambiguous.
           _mr_1_2_3_4_r22_n2
defmatch: x                   _mr_1_2_3_4_r22_c
         will be matched uniquely since sub-parts would otherwise be ambiguous.
           _mr_1_2_3_4_r23_n
defmatch: x                  _mr_1_2_3_4_r23_e
         will be matched uniquely since sub-parts would otherwise be ambiguous.
           _mr_1_2_3_4_r23_n2
defmatch: x                   _mr_1_2_3_4_r23_c
         will be matched uniquely since sub-parts would otherwise be ambiguous.
           _mr_1_2_3_4_r24_n
defmatch: x                  _mr_1_2_3_4_r24_e
         will be matched uniquely since sub-parts would otherwise be ambiguous.
           _mr_1_2_3_4_r24_n2
defmatch: x                   _mr_1_2_3_4_r24_c
         will be matched uniquely since sub-parts would otherwise be ambiguous.
           _mr_1_2_3_4_r25_n
defmatch: x                  _mr_1_2_3_4_r25_e
         will be matched uniquely since sub-parts would otherwise be ambiguous.
           _mr_1_2_3_4_r25_n2
defmatch: x                   _mr_1_2_3_4_r25_c
         will be matched uniquely since sub-parts would otherwise be ambiguous.
           _mr_1_2_3_4_r26_n
defmatch: x                  _mr_1_2_3_4_r26_e
         will be matched uniquely since sub-parts would otherwise be ambiguous.
           _mr_1_2_3_4_r26_n2
defmatch: x                   _mr_1_2_3_4_r26_c
         will be matched uniquely since sub-parts would otherwise be ambiguous.
           _mr_1_2_3_4_r27_n
defmatch: x                  _mr_1_2_3_4_r27_e
         will be matched uniquely since sub-parts would otherwise be ambiguous.
           _mr_1_2_3_4_r27_n2
defmatch: x                   _mr_1_2_3_4_r27_c
         will be matched uniquely since sub-parts would otherwise be ambiguous.
           _mr_1_2_3_4_r28_n
defmatch: x                  _mr_1_2_3_4_r28_e
         will be matched uniquely since sub-parts would otherwise be ambiguous.
           _mr_1_2_3_4_r28_n2
defmatch: x                   _mr_1_2_3_4_r28_c
         will be matched uniquely since sub-parts would otherwise be ambiguous.
           _mr_1_2_3_4_r29_n
defmatch: x                  _mr_1_2_3_4_r29_e
         will be matched uniquely since sub-parts would otherwise be ambiguous.
           _mr_1_2_3_4_r29_n2
defmatch: x                   _mr_1_2_3_4_r29_c
         will be matched uniquely since sub-parts would otherwise be ambiguous.
           _mr_1_2_3_4_r30_n
defmatch: x                  _mr_1_2_3_4_r30_e
         will be matched uniquely since sub-parts would otherwise be ambiguous.
           _mr_1_2_3_4_r30_n2
defmatch: x                   _mr_1_2_3_4_r30_c
         will be matched uniquely since sub-parts would otherwise be ambiguous.
           _mr_1_2_3_4_r31_n
defmatch: x                  _mr_1_2_3_4_r31_e
         will be matched uniquely since sub-parts would otherwise be ambiguous.
           _mr_1_2_3_4_r31_n2
defmatch: x                   _mr_1_2_3_4_r31_c
         will be matched uniquely since sub-parts would otherwise be ambiguous.
           _mr_1_2_3_4_r32_n
defmatch: x                  _mr_1_2_3_4_r32_e
         will be matched uniquely since sub-parts would otherwise be ambiguous.
           _mr_1_2_3_4_r32_n2
defmatch: x                   _mr_1_2_3_4_r32_c
         will be matched uniquely since sub-parts would otherwise be ambiguous.
           _mr_1_2_3_4_r33_n2
defmatch: x                   _mr_1_2_3_4_r33_c
         will be matched uniquely since sub-parts would otherwise be ambiguous.
           _mr_1_2_3_4_r34_n2
defmatch: x                   _mr_1_2_3_4_r34_c
         will be matched uniquely since sub-parts would otherwise be ambiguous.
           _mr_1_2_3_4_r35_n2
defmatch: x                   _mr_1_2_3_4_r35_c
         will be matched uniquely since sub-parts would otherwise be ambiguous.
           _mr_1_2_3_4_r36_n2
defmatch: x                   _mr_1_2_3_4_r36_c
         will be matched uniquely since sub-parts would otherwise be ambiguous.
           _mr_1_2_3_4_r37_n2
defmatch: x                   _mr_1_2_3_4_r37_c
         will be matched uniquely since sub-parts would otherwise be ambiguous.
           _mr_1_2_3_4_r38_n2
defmatch: x                   _mr_1_2_3_4_r38_c
         will be matched uniquely since sub-parts would otherwise be ambiguous.
           _mr_1_2_3_4_r39_n2
defmatch: x                   _mr_1_2_3_4_r39_c
         will be matched uniquely since sub-parts would otherwise be ambiguous.
           _mr_1_2_3_4_r40_n2
defmatch: x                   _mr_1_2_3_4_r40_c
         will be matched uniquely since sub-parts would otherwise be ambiguous.
           _mr_1_2_3_4_r41_n2
defmatch: x                   _mr_1_2_3_4_r41_c
         will be matched uniquely since sub-parts would otherwise be ambiguous.
           _mr_1_2_3_4_r42_n2
defmatch: x                   _mr_1_2_3_4_r42_c
         will be matched uniquely since sub-parts would otherwise be ambiguous.
           _mr_1_2_3_4_r43_n2
defmatch: x                   _mr_1_2_3_4_r43_c
         will be matched uniquely since sub-parts would otherwise be ambiguous.
           _mr_1_2_3_4_r44_n2
defmatch: x                   _mr_1_2_3_4_r44_c
         will be matched uniquely since sub-parts would otherwise be ambiguous.
           _mr_1_2_3_4_r45_n2
defmatch: x                   _mr_1_2_3_4_r45_c
         will be matched uniquely since sub-parts would otherwise be ambiguous.
           _mr_1_2_3_4_r46_n2
defmatch: x                   _mr_1_2_3_4_r46_c
         will be matched uniquely since sub-parts would otherwise be ambiguous.
           _mr_1_2_3_4_r47_n2
defmatch: x                   _mr_1_2_3_4_r47_c
         will be matched uniquely since sub-parts would otherwise be ambiguous.
           _mr_1_2_3_4_r48_n2
defmatch: x                   _mr_1_2_3_4_r48_c
         will be matched uniquely since sub-parts would otherwise be ambiguous.
           _mr_1_2_3_4_r49_n2
defmatch: x                   _mr_1_2_3_4_r49_c
         will be matched uniquely since sub-parts would otherwise be ambiguous.
           _mr_1_2_3_4_r50_n2
defmatch: x                   _mr_1_2_3_4_r50_c
         will be matched uniquely since sub-parts would otherwise be ambiguous.
           _mr_1_2_3_4_r51_n
defmatch: x                  _mr_1_2_3_4_r51_e
         will be matched uniquely since sub-parts would otherwise be ambiguous.
           _mr_1_2_3_4_r51_n2
defmatch: x                   _mr_1_2_3_4_r51_c
         will be matched uniquely since sub-parts would otherwise be ambiguous.
           _mr_1_2_3_4_r52_n
defmatch: x                  _mr_1_2_3_4_r52_e
         will be matched uniquely since sub-parts would otherwise be ambiguous.
           _mr_1_2_3_4_r52_n2
defmatch: x                   _mr_1_2_3_4_r52_c
         will be matched uniquely since sub-parts would otherwise be ambiguous.
           _mr_1_2_3_4_r53_n
defmatch: x                  _mr_1_2_3_4_r53_e
         will be matched uniquely since sub-parts would otherwise be ambiguous.
           _mr_1_2_3_4_r53_n2
defmatch: x                   _mr_1_2_3_4_r53_c
         will be matched uniquely since sub-parts would otherwise be ambiguous.
           _mr_1_2_3_4_r54_n
defmatch: x                  _mr_1_2_3_4_r54_e
         will be matched uniquely since sub-parts would otherwise be ambiguous.
           _mr_1_2_3_4_r54_n2
defmatch: x                   _mr_1_2_3_4_r54_c
         will be matched uniquely since sub-parts would otherwise be ambiguous.
           _mr_1_2_3_4_r55_n
defmatch: x                  _mr_1_2_3_4_r55_e
         will be matched uniquely since sub-parts would otherwise be ambiguous.
           _mr_1_2_3_4_r55_n2
defmatch: x                   _mr_1_2_3_4_r55_c
         will be matched uniquely since sub-parts would otherwise be ambiguous.
           _mr_1_2_3_4_r56_n
defmatch: x                  _mr_1_2_3_4_r56_e
         will be matched uniquely since sub-parts would otherwise be ambiguous.
           _mr_1_2_3_4_r56_n2
defmatch: x                   _mr_1_2_3_4_r56_c
         will be matched uniquely since sub-parts would otherwise be ambiguous.
           _mr_1_2_3_4_r57_n
defmatch: x                  _mr_1_2_3_4_r57_e
         will be matched uniquely since sub-parts would otherwise be ambiguous.
           _mr_1_2_3_4_r57_n2
defmatch: x                   _mr_1_2_3_4_r57_c
         will be matched uniquely since sub-parts would otherwise be ambiguous.
           _mr_1_2_3_4_r58_n
defmatch: x                  _mr_1_2_3_4_r58_e
         will be matched uniquely since sub-parts would otherwise be ambiguous.
           _mr_1_2_3_4_r58_n2
defmatch: x                   _mr_1_2_3_4_r58_c
         will be matched uniquely since sub-parts would otherwise be ambiguous.
           _mr_1_2_3_4_r59_n
defmatch: x                  _mr_1_2_3_4_r59_e
         will be matched uniquely since sub-parts would otherwise be ambiguous.
           _mr_1_2_3_4_r59_n2
defmatch: x                   _mr_1_2_3_4_r59_c
         will be matched uniquely since sub-parts would otherwise be ambiguous.
           _mr_1_2_3_4_r60_n
defmatch: x                  _mr_1_2_3_4_r60_e
         will be matched uniquely since sub-parts would otherwise be ambiguous.
           _mr_1_2_3_4_r60_n2
defmatch: x                   _mr_1_2_3_4_r60_c
         will be matched uniquely since sub-parts would otherwise be ambiguous.
           _mr_1_2_3_4_r61_n
defmatch: x                  _mr_1_2_3_4_r61_e
         will be matched uniquely since sub-parts would otherwise be ambiguous.
           _mr_1_2_3_4_r61_n2
defmatch: x                   _mr_1_2_3_4_r61_c
         will be matched uniquely since sub-parts would otherwise be ambiguous.
           _mr_1_2_3_4_r62_n
defmatch: x                  _mr_1_2_3_4_r62_e
         will be matched uniquely since sub-parts would otherwise be ambiguous.
           _mr_1_2_3_4_r62_n2
defmatch: x                   _mr_1_2_3_4_r62_c
         will be matched uniquely since sub-parts would otherwise be ambiguous.
           _mr_1_2_3_4_r63_n
defmatch: x                  _mr_1_2_3_4_r63_e
         will be matched uniquely since sub-parts would otherwise be ambiguous.
           _mr_1_2_3_4_r63_n2
defmatch: x                   _mr_1_2_3_4_r63_c
         will be matched uniquely since sub-parts would otherwise be ambiguous.
           _mr_1_2_3_4_r64_n
defmatch: x                  _mr_1_2_3_4_r64_e
         will be matched uniquely since sub-parts would otherwise be ambiguous.
           _mr_1_2_3_4_r64_n2
defmatch: x                   _mr_1_2_3_4_r64_c
         will be matched uniquely since sub-parts would otherwise be ambiguous.
           _mr_1_2_3_4_r65_n
defmatch: x                  _mr_1_2_3_4_r65_e
         will be matched uniquely since sub-parts would otherwise be ambiguous.
           _mr_1_2_3_4_r65_n2
defmatch: x                   _mr_1_2_3_4_r65_c
         will be matched uniquely since sub-parts would otherwise be ambiguous.
           _mr_1_2_3_4_r66_n
defmatch: x                  _mr_1_2_3_4_r66_e
         will be matched uniquely since sub-parts would otherwise be ambiguous.
           _mr_1_2_3_4_r66_n2
defmatch: x                   _mr_1_2_3_4_r66_c
         will be matched uniquely since sub-parts would otherwise be ambiguous.
           _mr_1_2_3_4_r67_n
defmatch: x                  _mr_1_2_3_4_r67_e
         will be matched uniquely since sub-parts would otherwise be ambiguous.
           _mr_1_2_3_4_r67_n2
defmatch: x                   _mr_1_2_3_4_r67_c
         will be matched uniquely since sub-parts would otherwise be ambiguous.
           _mr_1_2_3_4_r68_n
defmatch: x                  _mr_1_2_3_4_r68_e
         will be matched uniquely since sub-parts would otherwise be ambiguous.
           _mr_1_2_3_4_r68_n2
defmatch: x                   _mr_1_2_3_4_r68_c
         will be matched uniquely since sub-parts would otherwise be ambiguous.
           _mr_1_2_3_4_r69_n
defmatch: x                  _mr_1_2_3_4_r69_e
         will be matched uniquely since sub-parts would otherwise be ambiguous.
           _mr_1_2_3_4_r69_n2
defmatch: x                   _mr_1_2_3_4_r69_c
         will be matched uniquely since sub-parts would otherwise be ambiguous.
           _mr_1_2_3_4_r70_n
defmatch: x                  _mr_1_2_3_4_r70_e
         will be matched uniquely since sub-parts would otherwise be ambiguous.
           _mr_1_2_3_4_r70_n2
defmatch: x                   _mr_1_2_3_4_r70_c
         will be matched uniquely since sub-parts would otherwise be ambiguous.
           _mr_1_2_3_4_r71_n
defmatch: x                  _mr_1_2_3_4_r71_e
         will be matched uniquely since sub-parts would otherwise be ambiguous.
           _mr_1_2_3_4_r71_n2
defmatch: x                   _mr_1_2_3_4_r71_c
         will be matched uniquely since sub-parts would otherwise be ambiguous.
           _mr_1_2_3_4_r72_n
defmatch: x                  _mr_1_2_3_4_r72_e
         will be matched uniquely since sub-parts would otherwise be ambiguous.
           _mr_1_2_3_4_r72_n2
defmatch: x                   _mr_1_2_3_4_r72_c
         will be matched uniquely since sub-parts would otherwise be ambiguous.
           _mr_1_2_3_4_r73_n
defmatch: x                  _mr_1_2_3_4_r73_e
         will be matched uniquely since sub-parts would otherwise be ambiguous.
           _mr_1_2_3_4_r73_n2
defmatch: x                   _mr_1_2_3_4_r73_c
         will be matched uniquely since sub-parts would otherwise be ambiguous.
           _mr_1_2_3_4_r74_n
defmatch: x                  _mr_1_2_3_4_r74_e
         will be matched uniquely since sub-parts would otherwise be ambiguous.
           _mr_1_2_3_4_r74_n2
defmatch: x                   _mr_1_2_3_4_r74_c
         will be matched uniquely since sub-parts would otherwise be ambiguous.
           _mr_1_2_3_4_r75_n
defmatch: x                  _mr_1_2_3_4_r75_e
         will be matched uniquely since sub-parts would otherwise be ambiguous.
           _mr_1_2_3_4_r75_n2
defmatch: x                   _mr_1_2_3_4_r75_c
         will be matched uniquely since sub-parts would otherwise be ambiguous.
           _mr_1_2_3_4_r76_n
defmatch: x                  _mr_1_2_3_4_r76_e
         will be matched uniquely since sub-parts would otherwise be ambiguous.
           _mr_1_2_3_4_r76_n2
defmatch: x                   _mr_1_2_3_4_r76_c
         will be matched uniquely since sub-parts would otherwise be ambiguous.
           _mr_1_2_3_4_r77_n
defmatch: x                  _mr_1_2_3_4_r77_e
         will be matched uniquely since sub-parts would otherwise be ambiguous.
           _mr_1_2_3_4_r77_n2
defmatch: x                   _mr_1_2_3_4_r77_c
         will be matched uniquely since sub-parts would otherwise be ambiguous.
           _mr_1_2_3_4_r78_n
defmatch: x                  _mr_1_2_3_4_r78_e
         will be matched uniquely since sub-parts would otherwise be ambiguous.
           _mr_1_2_3_4_r78_n2
defmatch: x                   _mr_1_2_3_4_r78_c
         will be matched uniquely since sub-parts would otherwise be ambiguous.
           _mr_1_2_3_4_r79_n
defmatch: x                  _mr_1_2_3_4_r79_e
         will be matched uniquely since sub-parts would otherwise be ambiguous.
           _mr_1_2_3_4_r79_n2
defmatch: x                   _mr_1_2_3_4_r79_c
         will be matched uniquely since sub-parts would otherwise be ambiguous.
           _mr_1_2_3_4_r80_n
defmatch: x                  _mr_1_2_3_4_r80_e
         will be matched uniquely since sub-parts would otherwise be ambiguous.
           _mr_1_2_3_4_r80_n2
defmatch: x                   _mr_1_2_3_4_r80_c
         will be matched uniquely since sub-parts would otherwise be ambiguous.
           _mr_1_2_3_4_r81_n
defmatch: x                  _mr_1_2_3_4_r81_e
         will be matched uniquely since sub-parts would otherwise be ambiguous.
           _mr_1_2_3_4_r81_n2
defmatch: x                   _mr_1_2_3_4_r81_c
         will be matched uniquely since sub-parts would otherwise be ambiguous.
           _mr_1_2_3_4_r82_n
defmatch: x                  _mr_1_2_3_4_r82_e
         will be matched uniquely since sub-parts would otherwise be ambiguous.
           _mr_1_2_3_4_r82_n2
defmatch: x                   _mr_1_2_3_4_r82_c
         will be matched uniquely since sub-parts would otherwise be ambiguous.
           _mr_1_2_3_4_r83_n
defmatch: x                  _mr_1_2_3_4_r83_e
         will be matched uniquely since sub-parts would otherwise be ambiguous.
           _mr_1_2_3_4_r83_n2
defmatch: x                   _mr_1_2_3_4_r83_c
         will be matched uniquely since sub-parts would otherwise be ambiguous.
           _mr_1_2_3_4_r84_n
defmatch: x                  _mr_1_2_3_4_r84_e
         will be matched uniquely since sub-parts would otherwise be ambiguous.
           _mr_1_2_3_4_r84_n2
defmatch: x                   _mr_1_2_3_4_r84_c
         will be matched uniquely since sub-parts would otherwise be ambiguous.
           _mr_1_2_3_4_r85_n
defmatch: x                  _mr_1_2_3_4_r85_e
         will be matched uniquely since sub-parts would otherwise be ambiguous.
           _mr_1_2_3_4_r85_n2
defmatch: x                   _mr_1_2_3_4_r85_c
         will be matched uniquely since sub-parts would otherwise be ambiguous.
           _mr_1_2_3_4_r86_n
defmatch: x                  _mr_1_2_3_4_r86_e
         will be matched uniquely since sub-parts would otherwise be ambiguous.
           _mr_1_2_3_4_r86_n2
defmatch: x                   _mr_1_2_3_4_r86_c
         will be matched uniquely since sub-parts would otherwise be ambiguous.
           _mr_1_2_3_4_r87_n
defmatch: x                  _mr_1_2_3_4_r87_e
         will be matched uniquely since sub-parts would otherwise be ambiguous.
           _mr_1_2_3_4_r87_n2
defmatch: x                   _mr_1_2_3_4_r87_c
         will be matched uniquely since sub-parts would otherwise be ambiguous.
           _mr_1_2_3_4_r88_n
defmatch: x                  _mr_1_2_3_4_r88_e
         will be matched uniquely since sub-parts would otherwise be ambiguous.
           _mr_1_2_3_4_r88_n2
defmatch: x                   _mr_1_2_3_4_r88_c
         will be matched uniquely since sub-parts would otherwise be ambiguous.
           _mr_1_2_3_4_r89_n
defmatch: x                  _mr_1_2_3_4_r89_e
         will be matched uniquely since sub-parts would otherwise be ambiguous.
           _mr_1_2_3_4_r89_n2
defmatch: x                   _mr_1_2_3_4_r89_c
         will be matched uniquely since sub-parts would otherwise be ambiguous.
           _mr_1_2_3_4_r90_n
defmatch: x                  _mr_1_2_3_4_r90_e
         will be matched uniquely since sub-parts would otherwise be ambiguous.
           _mr_1_2_3_4_r90_n2
defmatch: x                   _mr_1_2_3_4_r90_c
         will be matched uniquely since sub-parts would otherwise be ambiguous.
           _mr_1_2_3_4_r91_n
defmatch: x                  _mr_1_2_3_4_r91_e
         will be matched uniquely since sub-parts would otherwise be ambiguous.
           _mr_1_2_3_4_r91_n2
defmatch: x                   _mr_1_2_3_4_r91_c
         will be matched uniquely since sub-parts would otherwise be ambiguous.
           _mr_1_2_3_4_r92_n
defmatch: x                  _mr_1_2_3_4_r92_e
         will be matched uniquely since sub-parts would otherwise be ambiguous.
           _mr_1_2_3_4_r92_n2
defmatch: x                   _mr_1_2_3_4_r92_c
         will be matched uniquely since sub-parts would otherwise be ambiguous.
           _mr_1_2_3_4_r93_n
defmatch: x                  _mr_1_2_3_4_r93_e
         will be matched uniquely since sub-parts would otherwise be ambiguous.
           _mr_1_2_3_4_r93_n2
defmatch: x                   _mr_1_2_3_4_r93_c
         will be matched uniquely since sub-parts would otherwise be ambiguous.
           _mr_1_2_3_4_r94_n
defmatch: x                  _mr_1_2_3_4_r94_e
         will be matched uniquely since sub-parts would otherwise be ambiguous.
           _mr_1_2_3_4_r94_n2
defmatch: x                   _mr_1_2_3_4_r94_c
         will be matched uniquely since sub-parts would otherwise be ambiguous.
           _mr_1_2_3_4_r95_n
defmatch: x                  _mr_1_2_3_4_r95_e
         will be matched uniquely since sub-parts would otherwise be ambiguous.
           _mr_1_2_3_4_r95_n2
defmatch: x                   _mr_1_2_3_4_r95_c
         will be matched uniquely since sub-parts would otherwise be ambiguous.
           _mr_1_2_3_4_r96_n
defmatch: x                  _mr_1_2_3_4_r96_e
         will be matched uniquely since sub-parts would otherwise be ambiguous.
           _mr_1_2_3_4_r96_n2
defmatch: x                   _mr_1_2_3_4_r96_c
         will be matched uniquely since sub-parts would otherwise be ambiguous.
           _mr_1_2_3_4_r97_n2
defmatch: x                   _mr_1_2_3_4_r97_c
         will be matched uniquely since sub-parts would otherwise be ambiguous.
           _mr_1_2_3_4_r98_n2
defmatch: x                   _mr_1_2_3_4_r98_c
         will be matched uniquely since sub-parts would otherwise be ambiguous.
           _mr_1_2_3_4_r99_n
defmatch: x                  _mr_1_2_3_4_r99_e
         will be matched uniquely since sub-parts would otherwise be ambiguous.
           _mr_1_2_3_4_r99_n2
defmatch: x                   _mr_1_2_3_4_r99_c
         will be matched uniquely since sub-parts would otherwise be ambiguous.
           _mr_1_2_3_4_r100_n
defmatch: x                   _mr_1_2_3_4_r100_e
         will be matched uniquely since sub-parts would otherwise be ambiguous.
           _mr_1_2_3_4_r100_n2
defmatch: x                    _mr_1_2_3_4_r100_c
         will be matched uniquely since sub-parts would otherwise be ambiguous.
           _mr_1_2_3_4_r101_n
defmatch: x                   _mr_1_2_3_4_r101_e
         will be matched uniquely since sub-parts would otherwise be ambiguous.
           _mr_1_2_3_4_r101_n2
defmatch: x                    _mr_1_2_3_4_r101_c
         will be matched uniquely since sub-parts would otherwise be ambiguous.
           _mr_1_2_3_4_r102_n
defmatch: x                   _mr_1_2_3_4_r102_e
         will be matched uniquely since sub-parts would otherwise be ambiguous.
           _mr_1_2_3_4_r102_n2
defmatch: x                    _mr_1_2_3_4_r102_c
         will be matched uniquely since sub-parts would otherwise be ambiguous.
           _mr_1_2_3_4_r103_n
defmatch: x                   _mr_1_2_3_4_r103_e
         will be matched uniquely since sub-parts would otherwise be ambiguous.
           _mr_1_2_3_4_r103_n2
defmatch: x                    _mr_1_2_3_4_r103_c
         will be matched uniquely since sub-parts would otherwise be ambiguous.
                            _mr_1_2_3_4_r104_n
defmatch: _mr_1_2_3_4_r104_v                   _mr_1_2_3_4_r104_e
         will be matched uniquely since sub-parts would otherwise be ambiguous.
                            _mr_1_2_3_4_r104_n2
defmatch: _mr_1_2_3_4_r104_v                    _mr_1_2_3_4_r104_c
         will be matched uniquely since sub-parts would otherwise be ambiguous.
                            _mr_1_2_3_4_r105_n
defmatch: _mr_1_2_3_4_r105_v                   _mr_1_2_3_4_r105_e
         will be matched uniquely since sub-parts would otherwise be ambiguous.
                            _mr_1_2_3_4_r105_n2
defmatch: _mr_1_2_3_4_r105_v                    _mr_1_2_3_4_r105_c
         will be matched uniquely since sub-parts would otherwise be ambiguous.
           _mr_1_2_3_4_r106_mn
defmatch: x                    _mr_1_2_3_4_r106_e
         will be matched uniquely since sub-parts would otherwise be ambiguous.
                              _mr_1_2_3_4_r106_n2
defmatch: _mr_1_2_3_4_r106_c x
         will be matched uniquely since sub-parts would otherwise be ambiguous.
           _mr_1_2_3_4_r106_n
defmatch: x                   _mr_1_2_3_4_r106_b
         will be matched uniquely since sub-parts would otherwise be ambiguous.
           _mr_1_2_3_4_r107_mn
defmatch: x                    _mr_1_2_3_4_r107_e
         will be matched uniquely since sub-parts would otherwise be ambiguous.
           _mr_1_2_3_4_r107_n2
defmatch: x                    _mr_1_2_3_4_r107_c
         will be matched uniquely since sub-parts would otherwise be ambiguous.
                              _mr_1_2_3_4_r108_mn2
defmatch: _mr_1_2_3_4_r108_c x
         will be matched uniquely since sub-parts would otherwise be ambiguous.
           _mr_1_2_3_4_r108_mn
defmatch: x                    _mr_1_2_3_4_r108_b
         will be matched uniquely since sub-parts would otherwise be ambiguous.
           _mr_1_2_3_4_r108_n
defmatch: x                   _mr_1_2_3_4_r108_e
         will be matched uniquely since sub-parts would otherwise be ambiguous.
           _mr_1_2_3_4_r109_mn2
defmatch: x                     _mr_1_2_3_4_r109_c
         will be matched uniquely since sub-parts would otherwise be ambiguous.
           _mr_1_2_3_4_r109_n
defmatch: x                   _mr_1_2_3_4_r109_e
         will be matched uniquely since sub-parts would otherwise be ambiguous.
           _mr_1_2_3_4_r110_mn
defmatch: x                    _mr_1_2_3_4_r110_e
         will be matched uniquely since sub-parts would otherwise be ambiguous.
                              _mr_1_2_3_4_r110_n2
defmatch: _mr_1_2_3_4_r110_c x
         will be matched uniquely since sub-parts would otherwise be ambiguous.
           _mr_1_2_3_4_r110_n
defmatch: x                   _mr_1_2_3_4_r110_b
         will be matched uniquely since sub-parts would otherwise be ambiguous.
           _mr_1_2_3_4_r111_mn
defmatch: x                    _mr_1_2_3_4_r111_e
         will be matched uniquely since sub-parts would otherwise be ambiguous.
           _mr_1_2_3_4_r111_n2
defmatch: x                    _mr_1_2_3_4_r111_c
         will be matched uniquely since sub-parts would otherwise be ambiguous.
                              _mr_1_2_3_4_r112_mn2
defmatch: _mr_1_2_3_4_r112_c x
         will be matched uniquely since sub-parts would otherwise be ambiguous.
           _mr_1_2_3_4_r112_mn
defmatch: x                    _mr_1_2_3_4_r112_b
         will be matched uniquely since sub-parts would otherwise be ambiguous.
           _mr_1_2_3_4_r112_n
defmatch: x                   _mr_1_2_3_4_r112_e
         will be matched uniquely since sub-parts would otherwise be ambiguous.
           _mr_1_2_3_4_r113_mn2
defmatch: x                     _mr_1_2_3_4_r113_c
         will be matched uniquely since sub-parts would otherwise be ambiguous.
           _mr_1_2_3_4_r113_n
defmatch: x                   _mr_1_2_3_4_r113_e
         will be matched uniquely since sub-parts would otherwise be ambiguous.
           _mr_1_2_3_4_r114_mn
defmatch: x                    _mr_1_2_3_4_r114_e
         will be matched uniquely since sub-parts would otherwise be ambiguous.
                              _mr_1_2_3_4_r114_n2
defmatch: _mr_1_2_3_4_r114_c x
         will be matched uniquely since sub-parts would otherwise be ambiguous.
           _mr_1_2_3_4_r114_n
defmatch: x                   _mr_1_2_3_4_r114_b
         will be matched uniquely since sub-parts would otherwise be ambiguous.
           _mr_1_2_3_4_r115_mn
defmatch: x                    _mr_1_2_3_4_r115_e
         will be matched uniquely since sub-parts would otherwise be ambiguous.
           _mr_1_2_3_4_r115_n2
defmatch: x                    _mr_1_2_3_4_r115_c
         will be matched uniquely since sub-parts would otherwise be ambiguous.
                              _mr_1_2_3_4_r116_n
defmatch: _mr_1_2_3_4_r116_c x
         will be matched uniquely since sub-parts would otherwise be ambiguous.
           _mr_1_2_3_4_r116_mn
defmatch: x                    _mr_1_2_3_4_r116_b
         will be matched uniquely since sub-parts would otherwise be ambiguous.
                              _mr_1_2_3_4_r117_n
defmatch: _mr_1_2_3_4_r117_c x
         will be matched uniquely since sub-parts would otherwise be ambiguous.
           _mr_1_2_3_4_r117_mn
defmatch: x                    _mr_1_2_3_4_r117_b
         will be matched uniquely since sub-parts would otherwise be ambiguous.
                              _mr_1_2_3_4_r118_n
defmatch: _mr_1_2_3_4_r118_c x
         will be matched uniquely since sub-parts would otherwise be ambiguous.
           _mr_1_2_3_4_r118_mn
defmatch: x                    _mr_1_2_3_4_r118_b
         will be matched uniquely since sub-parts would otherwise be ambiguous.
                              _mr_1_2_3_4_r119_n2
defmatch: _mr_1_2_3_4_r119_c x
         will be matched uniquely since sub-parts would otherwise be ambiguous.
           _mr_1_2_3_4_r119_n
defmatch: x                   _mr_1_2_3_4_r119_b
         will be matched uniquely since sub-parts would otherwise be ambiguous.
           _mr_1_2_3_4_r119_non2
defmatch: x                      _mr_1_2_3_4_r119_e1
         will be matched uniquely since sub-parts would otherwise be ambiguous.
                              _mr_1_2_3_4_r120_n2
defmatch: _mr_1_2_3_4_r120_c x
         will be matched uniquely since sub-parts would otherwise be ambiguous.
           _mr_1_2_3_4_r120_n
defmatch: x                   _mr_1_2_3_4_r120_b
         will be matched uniquely since sub-parts would otherwise be ambiguous.
           _mr_1_2_3_4_r120_non2
defmatch: x                      _mr_1_2_3_4_r120_e1
         will be matched uniquely since sub-parts would otherwise be ambiguous.
                            _mr_1_1_4_1_r1_n
defmatch: _mr_1_1_4_1_r1_b x
         will be matched uniquely since sub-parts would otherwise be ambiguous.
           _mr_1_1_4_1_r1_j
defmatch: x                 _mr_1_1_4_1_r1_a
         will be matched uniquely since sub-parts would otherwise be ambiguous.
                            _mr_1_1_4_1_r2_n
defmatch: _mr_1_1_4_1_r2_b x
         will be matched uniquely since sub-parts would otherwise be ambiguous.
           _mr_1_1_4_1_r2_j
defmatch: x                 _mr_1_1_4_1_r2_a
         will be matched uniquely since sub-parts would otherwise be ambiguous.
                            _mr_1_1_4_1_r3_n
defmatch: _mr_1_1_4_1_r3_b x
         will be matched uniquely since sub-parts would otherwise be ambiguous.
           _mr_1_1_4_1_r3_j
defmatch: x                 _mr_1_1_4_1_r3_a
         will be matched uniquely since sub-parts would otherwise be ambiguous.
                            _mr_1_1_4_1_r4_n
defmatch: _mr_1_1_4_1_r4_b x
         will be matched uniquely since sub-parts would otherwise be ambiguous.
           _mr_1_1_4_1_r4_j
defmatch: x                 _mr_1_1_4_1_r4_a
         will be matched uniquely since sub-parts would otherwise be ambiguous.
                            _mr_1_1_4_1_r5_n
defmatch: _mr_1_1_4_1_r5_b x
         will be matched uniquely since sub-parts would otherwise be ambiguous.
           _mr_1_1_4_1_r5_j
defmatch: x                 _mr_1_1_4_1_r5_a
         will be matched uniquely since sub-parts would otherwise be ambiguous.
                            _mr_1_1_4_1_r6_n
defmatch: _mr_1_1_4_1_r6_b x
         will be matched uniquely since sub-parts would otherwise be ambiguous.
           _mr_1_1_4_1_r6_j
defmatch: x                 _mr_1_1_4_1_r6_a
         will be matched uniquely since sub-parts would otherwise be ambiguous.
                            _mr_1_1_4_1_r7_n
defmatch: _mr_1_1_4_1_r7_b x
         will be matched uniquely since sub-parts would otherwise be ambiguous.
           _mr_1_1_4_1_r7_j
defmatch: x                 _mr_1_1_4_1_r7_a
         will be matched uniquely since sub-parts would otherwise be ambiguous.
                            _mr_1_1_4_1_r8_n
defmatch: _mr_1_1_4_1_r8_b x
         will be matched uniquely since sub-parts would otherwise be ambiguous.
           _mr_1_1_4_1_r8_j
defmatch: x                 _mr_1_1_4_1_r8_a
         will be matched uniquely since sub-parts would otherwise be ambiguous.
                             _mr_1_1_4_1_r10_n
defmatch: _mr_1_1_4_1_r10_b x
         will be matched uniquely since sub-parts would otherwise be ambiguous.
           _mr_1_1_4_1_r10_j
defmatch: x                  _mr_1_1_4_1_r10_a
         will be matched uniquely since sub-parts would otherwise be ambiguous.
                             _mr_1_1_4_1_r11_n
defmatch: _mr_1_1_4_1_r11_b x
         will be matched uniquely since sub-parts would otherwise be ambiguous.
           _mr_1_1_4_1_r11_j
defmatch: x                  _mr_1_1_4_1_r11_a
         will be matched uniquely since sub-parts would otherwise be ambiguous.
                             _mr_1_1_4_1_r12_n
defmatch: _mr_1_1_4_1_r12_b x
         will be matched uniquely since sub-parts would otherwise be ambiguous.
           _mr_1_1_4_1_r12_j
defmatch: x                  _mr_1_1_4_1_r12_a
         will be matched uniquely since sub-parts would otherwise be ambiguous.
                                             _mr_1_1_4_1_r13_n
defmatch: _mr_1_1_4_1_r13_b _mr_1_1_4_1_r13_u
         will be matched uniquely since sub-parts would otherwise be ambiguous.
                           _mr_1_1_4_1_r13_j
defmatch: _mr_1_1_4_1_r13_u                  _mr_1_1_4_1_r13_a
         will be matched uniquely since sub-parts would otherwise be ambiguous.
                            _mr_1_1_4_2_r1_n
defmatch: _mr_1_1_4_2_r1_b x
         will be matched uniquely since sub-parts would otherwise be ambiguous.
           _mr_1_1_4_2_r1_j
defmatch: x                 _mr_1_1_4_2_r1_a
         will be matched uniquely since sub-parts would otherwise be ambiguous.
                            _mr_1_1_4_2_r2_n
defmatch: _mr_1_1_4_2_r2_b x
         will be matched uniquely since sub-parts would otherwise be ambiguous.
           _mr_1_1_4_2_r2_j
defmatch: x                 _mr_1_1_4_2_r2_a
         will be matched uniquely since sub-parts would otherwise be ambiguous.
                            _mr_1_1_4_2_r3_n
defmatch: _mr_1_1_4_2_r3_b x
         will be matched uniquely since sub-parts would otherwise be ambiguous.
           _mr_1_1_4_2_r3_j
defmatch: x                 _mr_1_1_4_2_r3_a
         will be matched uniquely since sub-parts would otherwise be ambiguous.
                            _mr_1_1_4_2_r4_n
defmatch: _mr_1_1_4_2_r4_b x
         will be matched uniquely since sub-parts would otherwise be ambiguous.
           _mr_1_1_4_2_r4_j
defmatch: x                 _mr_1_1_4_2_r4_a
         will be matched uniquely since sub-parts would otherwise be ambiguous.
                            _mr_1_1_4_2_r5_n
defmatch: _mr_1_1_4_2_r5_b x
         will be matched uniquely since sub-parts would otherwise be ambiguous.
           _mr_1_1_4_2_r5_j
defmatch: x                 _mr_1_1_4_2_r5_a
         will be matched uniquely since sub-parts would otherwise be ambiguous.
                            _mr_1_1_4_2_r6_n
defmatch: _mr_1_1_4_2_r6_b x
         will be matched uniquely since sub-parts would otherwise be ambiguous.
           _mr_1_1_4_2_r6_j
defmatch: x                 _mr_1_1_4_2_r6_a
         will be matched uniquely since sub-parts would otherwise be ambiguous.
                            _mr_1_1_4_2_r7_n
defmatch: _mr_1_1_4_2_r7_b x
         will be matched uniquely since sub-parts would otherwise be ambiguous.
           _mr_1_1_4_2_r7_j
defmatch: x                 _mr_1_1_4_2_r7_a
         will be matched uniquely since sub-parts would otherwise be ambiguous.
                            _mr_1_1_4_2_r8_n
defmatch: _mr_1_1_4_2_r8_b x
         will be matched uniquely since sub-parts would otherwise be ambiguous.
           _mr_1_1_4_2_r8_j
defmatch: x                 _mr_1_1_4_2_r8_a
         will be matched uniquely since sub-parts would otherwise be ambiguous.
                            _mr_1_1_4_2_r9_n
defmatch: _mr_1_1_4_2_r9_b x
         will be matched uniquely since sub-parts would otherwise be ambiguous.
           _mr_1_1_4_2_r9_j
defmatch: x                 _mr_1_1_4_2_r9_a
         will be matched uniquely since sub-parts would otherwise be ambiguous.
                             _mr_1_1_4_2_r10_n
defmatch: _mr_1_1_4_2_r10_b x
         will be matched uniquely since sub-parts would otherwise be ambiguous.
           _mr_1_1_4_2_r10_j
defmatch: x                  _mr_1_1_4_2_r10_a
         will be matched uniquely since sub-parts would otherwise be ambiguous.
                             _mr_1_1_4_2_r11_n
defmatch: _mr_1_1_4_2_r11_b x
         will be matched uniquely since sub-parts would otherwise be ambiguous.
           _mr_1_1_4_2_r11_j
defmatch: x                  _mr_1_1_4_2_r11_a
         will be matched uniquely since sub-parts would otherwise be ambiguous.
                             _mr_1_1_4_2_r12_n
defmatch: _mr_1_1_4_2_r12_b x
         will be matched uniquely since sub-parts would otherwise be ambiguous.
           _mr_1_1_4_2_r12_j
defmatch: x                  _mr_1_1_4_2_r12_a
         will be matched uniquely since sub-parts would otherwise be ambiguous.
                             _mr_1_1_4_2_r13_n
defmatch: _mr_1_1_4_2_r13_b x
         will be matched uniquely since sub-parts would otherwise be ambiguous.
           _mr_1_1_4_2_r13_j
defmatch: x                  _mr_1_1_4_2_r13_a
         will be matched uniquely since sub-parts would otherwise be ambiguous.
                             _mr_1_1_4_2_r14_n
defmatch: _mr_1_1_4_2_r14_b x
         will be matched uniquely since sub-parts would otherwise be ambiguous.
           _mr_1_1_4_2_r14_j
defmatch: x                  _mr_1_1_4_2_r14_a
         will be matched uniquely since sub-parts would otherwise be ambiguous.
                             _mr_1_1_4_2_r15_n
defmatch: _mr_1_1_4_2_r15_b x
         will be matched uniquely since sub-parts would otherwise be ambiguous.
           _mr_1_1_4_2_r15_j
defmatch: x                  _mr_1_1_4_2_r15_a
         will be matched uniquely since sub-parts would otherwise be ambiguous.
                             _mr_1_1_4_2_r16_n
defmatch: _mr_1_1_4_2_r16_b x
         will be matched uniquely since sub-parts would otherwise be ambiguous.
           _mr_1_1_4_2_r16_j
defmatch: x                  _mr_1_1_4_2_r16_a
         will be matched uniquely since sub-parts would otherwise be ambiguous.
                             _mr_1_1_4_2_r17_n
defmatch: _mr_1_1_4_2_r17_b x
         will be matched uniquely since sub-parts would otherwise be ambiguous.
           _mr_1_1_4_2_r17_j
defmatch: x                  _mr_1_1_4_2_r17_a
         will be matched uniquely since sub-parts would otherwise be ambiguous.
                             _mr_1_1_4_2_r18_n
defmatch: _mr_1_1_4_2_r18_b x
         will be matched uniquely since sub-parts would otherwise be ambiguous.
           _mr_1_1_4_2_r18_j
defmatch: x                  _mr_1_1_4_2_r18_a
         will be matched uniquely since sub-parts would otherwise be ambiguous.
                             _mr_1_1_4_2_r19_n
defmatch: _mr_1_1_4_2_r19_b x
         will be matched uniquely since sub-parts would otherwise be ambiguous.
           _mr_1_1_4_2_r19_j
defmatch: x                  _mr_1_1_4_2_r19_a
         will be matched uniquely since sub-parts would otherwise be ambiguous.
                             _mr_1_1_4_2_r20_n
defmatch: _mr_1_1_4_2_r20_b x
         will be matched uniquely since sub-parts would otherwise be ambiguous.
           _mr_1_1_4_2_r20_j
defmatch: x                  _mr_1_1_4_2_r20_a
         will be matched uniquely since sub-parts would otherwise be ambiguous.
                                             _mr_1_1_4_2_r21_n
defmatch: _mr_1_1_4_2_r21_b _mr_1_1_4_2_r21_v
         will be matched uniquely since sub-parts would otherwise be ambiguous.
                           _mr_1_1_4_2_r21_j
defmatch: _mr_1_1_4_2_r21_v                  _mr_1_1_4_2_r21_a
         will be matched uniquely since sub-parts would otherwise be ambiguous.
                            _mr_1_1_4_3_r1_k
defmatch: _mr_1_1_4_3_r1_b x
         will be matched uniquely since sub-parts would otherwise be ambiguous.
           _mr_1_1_4_3_r1_j
defmatch: x                 _mr_1_1_4_3_r1_a
         will be matched uniquely since sub-parts would otherwise be ambiguous.
           _mr_1_1_4_3_r1_n
defmatch: x                 _mr_1_1_4_3_r1_d
         will be matched uniquely since sub-parts would otherwise be ambiguous.
                            _mr_1_1_4_3_r2_k
defmatch: _mr_1_1_4_3_r2_b x
         will be matched uniquely since sub-parts would otherwise be ambiguous.
           _mr_1_1_4_3_r2_j
defmatch: x                 _mr_1_1_4_3_r2_a
         will be matched uniquely since sub-parts would otherwise be ambiguous.
           _mr_1_1_4_3_r2_n
defmatch: x                 _mr_1_1_4_3_r2_d
         will be matched uniquely since sub-parts would otherwise be ambiguous.
                            _mr_1_1_4_3_r3_jn
defmatch: _mr_1_1_4_3_r3_b x
         will be matched uniquely since sub-parts would otherwise be ambiguous.
           _mr_1_1_4_3_r3_j
defmatch: x                 _mr_1_1_4_3_r3_a
         will be matched uniquely since sub-parts would otherwise be ambiguous.
                            _mr_1_1_4_3_r4_jn
defmatch: _mr_1_1_4_3_r4_b x
         will be matched uniquely since sub-parts would otherwise be ambiguous.
           _mr_1_1_4_3_r4_j
defmatch: x                 _mr_1_1_4_3_r4_a
         will be matched uniquely since sub-parts would otherwise be ambiguous.
                            _mr_1_1_4_3_r5_jn
defmatch: _mr_1_1_4_3_r5_b x
         will be matched uniquely since sub-parts would otherwise be ambiguous.
           _mr_1_1_4_3_r5_j
defmatch: x                 _mr_1_1_4_3_r5_a
         will be matched uniquely since sub-parts would otherwise be ambiguous.
                            _mr_1_1_4_3_r6_jn
defmatch: _mr_1_1_4_3_r6_b x
         will be matched uniquely since sub-parts would otherwise be ambiguous.
           _mr_1_1_4_3_r6_j
defmatch: x                 _mr_1_1_4_3_r6_a
         will be matched uniquely since sub-parts would otherwise be ambiguous.
                            _mr_1_1_4_3_r7_k
defmatch: _mr_1_1_4_3_r7_b x
         will be matched uniquely since sub-parts would otherwise be ambiguous.
           _mr_1_1_4_3_r7_j
defmatch: x                 _mr_1_1_4_3_r7_a
         will be matched uniquely since sub-parts would otherwise be ambiguous.
           _mr_1_1_4_3_r7_n
defmatch: x                 _mr_1_1_4_3_r7_d
         will be matched uniquely since sub-parts would otherwise be ambiguous.
                            _mr_1_1_4_3_r8_k
defmatch: _mr_1_1_4_3_r8_b x
         will be matched uniquely since sub-parts would otherwise be ambiguous.
           _mr_1_1_4_3_r8_j
defmatch: x                 _mr_1_1_4_3_r8_a
         will be matched uniquely since sub-parts would otherwise be ambiguous.
           _mr_1_1_4_3_r8_n
defmatch: x                 _mr_1_1_4_3_r8_d
         will be matched uniquely since sub-parts would otherwise be ambiguous.
                            _mr_1_1_4_3_r9_jn
defmatch: _mr_1_1_4_3_r9_b x
         will be matched uniquely since sub-parts would otherwise be ambiguous.
           _mr_1_1_4_3_r9_j
defmatch: x                 _mr_1_1_4_3_r9_a
         will be matched uniquely since sub-parts would otherwise be ambiguous.
           _mr_1_1_4_3_r9_n
defmatch: x                 _mr_1_1_4_3_r9_d
         will be matched uniquely since sub-parts would otherwise be ambiguous.
                            _mr_1_2_4_1_r1_r
defmatch: _mr_1_2_4_1_r1_c x
         will be matched uniquely since sub-parts would otherwise be ambiguous.
                            _mr_1_2_4_1_r1_q
defmatch: _mr_1_2_4_1_r1_a x
         will be matched uniquely since sub-parts would otherwise be ambiguous.
           _mr_1_2_4_1_r1_n
defmatch: x                 _mr_1_2_4_1_r1_b
         will be matched uniquely since sub-parts would otherwise be ambiguous.
                            _mr_1_2_4_1_r2_r
defmatch: _mr_1_2_4_1_r2_c x
         will be matched uniquely since sub-parts would otherwise be ambiguous.
                            _mr_1_2_4_1_r2_q
defmatch: _mr_1_2_4_1_r2_a x
         will be matched uniquely since sub-parts would otherwise be ambiguous.
           _mr_1_2_4_1_r2_n
defmatch: x                 _mr_1_2_4_1_r2_b
         will be matched uniquely since sub-parts would otherwise be ambiguous.
                            _mr_1_2_4_1_r3_r
defmatch: _mr_1_2_4_1_r3_c x
         will be matched uniquely since sub-parts would otherwise be ambiguous.
                            _mr_1_2_4_1_r3_q
defmatch: _mr_1_2_4_1_r3_a x
         will be matched uniquely since sub-parts would otherwise be ambiguous.
           _mr_1_2_4_1_r3_n
defmatch: x                 _mr_1_2_4_1_r3_b
         will be matched uniquely since sub-parts would otherwise be ambiguous.
                            _mr_1_2_4_1_r4_r
defmatch: _mr_1_2_4_1_r4_c x
         will be matched uniquely since sub-parts would otherwise be ambiguous.
           _mr_1_2_4_1_r4_n
defmatch: x                 _mr_1_2_4_1_r4_b
         will be matched uniquely since sub-parts would otherwise be ambiguous.
                            _mr_1_2_4_1_r5_r
defmatch: _mr_1_2_4_1_r5_c x
         will be matched uniquely since sub-parts would otherwise be ambiguous.
                            _mr_1_2_4_1_r5_q
defmatch: _mr_1_2_4_1_r5_a x
         will be matched uniquely since sub-parts would otherwise be ambiguous.
           _mr_1_2_4_1_r5_n
defmatch: x                 _mr_1_2_4_1_r5_b
         will be matched uniquely since sub-parts would otherwise be ambiguous.
                            _mr_1_2_4_1_r6_r
defmatch: _mr_1_2_4_1_r6_c x
         will be matched uniquely since sub-parts would otherwise be ambiguous.
                            _mr_1_2_4_1_r6_q
defmatch: _mr_1_2_4_1_r6_a x
         will be matched uniquely since sub-parts would otherwise be ambiguous.
           _mr_1_2_4_1_r6_n
defmatch: x                 _mr_1_2_4_1_r6_b
         will be matched uniquely since sub-parts would otherwise be ambiguous.
                            _mr_1_2_4_1_r7_r
defmatch: _mr_1_2_4_1_r7_c x
         will be matched uniquely since sub-parts would otherwise be ambiguous.
                            _mr_1_2_4_1_r7_q
defmatch: _mr_1_2_4_1_r7_a x
         will be matched uniquely since sub-parts would otherwise be ambiguous.
           _mr_1_2_4_1_r7_n
defmatch: x                 _mr_1_2_4_1_r7_b
         will be matched uniquely since sub-parts would otherwise be ambiguous.
                            _mr_1_2_4_1_r8_r
defmatch: _mr_1_2_4_1_r8_c x
         will be matched uniquely since sub-parts would otherwise be ambiguous.
                            _mr_1_2_4_1_r8_q
defmatch: _mr_1_2_4_1_r8_a x
         will be matched uniquely since sub-parts would otherwise be ambiguous.
           _mr_1_2_4_1_r8_n
defmatch: x                 _mr_1_2_4_1_r8_b
         will be matched uniquely since sub-parts would otherwise be ambiguous.
                            _mr_1_2_4_1_r9_r
defmatch: _mr_1_2_4_1_r9_c x
         will be matched uniquely since sub-parts would otherwise be ambiguous.
                            _mr_1_2_4_1_r9_q
defmatch: _mr_1_2_4_1_r9_a x
         will be matched uniquely since sub-parts would otherwise be ambiguous.
           _mr_1_2_4_1_r9_n
defmatch: x                 _mr_1_2_4_1_r9_b
         will be matched uniquely since sub-parts would otherwise be ambiguous.
                                             _mr_1_2_4_1_r10_r
defmatch: _mr_1_2_4_1_r10_c _mr_1_2_4_1_r10_u
         will be matched uniquely since sub-parts would otherwise be ambiguous.
                                             _mr_1_2_4_1_r10_q
defmatch: _mr_1_2_4_1_r10_a _mr_1_2_4_1_r10_u
         will be matched uniquely since sub-parts would otherwise be ambiguous.
                           _mr_1_2_4_1_r10_n
defmatch: _mr_1_2_4_1_r10_u                  _mr_1_2_4_1_r10_b
         will be matched uniquely since sub-parts would otherwise be ambiguous.
                            _mr_1_2_4_2_r1_r
defmatch: _mr_1_2_4_2_r1_c x
         will be matched uniquely since sub-parts would otherwise be ambiguous.
                            _mr_1_2_4_2_r1_q
defmatch: _mr_1_2_4_2_r1_a x
         will be matched uniquely since sub-parts would otherwise be ambiguous.
           _mr_1_2_4_2_r1_n
defmatch: x                 _mr_1_2_4_2_r1_b
         will be matched uniquely since sub-parts would otherwise be ambiguous.
                            _mr_1_2_4_2_r2_r
defmatch: _mr_1_2_4_2_r2_c x
         will be matched uniquely since sub-parts would otherwise be ambiguous.
                            _mr_1_2_4_2_r2_q
defmatch: _mr_1_2_4_2_r2_a x
         will be matched uniquely since sub-parts would otherwise be ambiguous.
           _mr_1_2_4_2_r2_n
defmatch: x                 _mr_1_2_4_2_r2_b
         will be matched uniquely since sub-parts would otherwise be ambiguous.
                            _mr_1_2_4_2_r3_r
defmatch: _mr_1_2_4_2_r3_c x
         will be matched uniquely since sub-parts would otherwise be ambiguous.
                            _mr_1_2_4_2_r3_q
defmatch: _mr_1_2_4_2_r3_a x
         will be matched uniquely since sub-parts would otherwise be ambiguous.
           _mr_1_2_4_2_r3_n
defmatch: x                 _mr_1_2_4_2_r3_b
         will be matched uniquely since sub-parts would otherwise be ambiguous.
                            _mr_1_2_4_2_r4_r
defmatch: _mr_1_2_4_2_r4_c x
         will be matched uniquely since sub-parts would otherwise be ambiguous.
                            _mr_1_2_4_2_r4_q
defmatch: _mr_1_2_4_2_r4_a x
         will be matched uniquely since sub-parts would otherwise be ambiguous.
           _mr_1_2_4_2_r4_n
defmatch: x                 _mr_1_2_4_2_r4_b
         will be matched uniquely since sub-parts would otherwise be ambiguous.
                            _mr_1_2_4_2_r5_r
defmatch: _mr_1_2_4_2_r5_c x
         will be matched uniquely since sub-parts would otherwise be ambiguous.
                            _mr_1_2_4_2_r5_q
defmatch: _mr_1_2_4_2_r5_a x
         will be matched uniquely since sub-parts would otherwise be ambiguous.
           _mr_1_2_4_2_r5_n
defmatch: x                 _mr_1_2_4_2_r5_b
         will be matched uniquely since sub-parts would otherwise be ambiguous.
                            _mr_1_2_4_2_r6_r
defmatch: _mr_1_2_4_2_r6_c x
         will be matched uniquely since sub-parts would otherwise be ambiguous.
                            _mr_1_2_4_2_r6_q
defmatch: _mr_1_2_4_2_r6_a x
         will be matched uniquely since sub-parts would otherwise be ambiguous.
           _mr_1_2_4_2_r6_n
defmatch: x                 _mr_1_2_4_2_r6_b
         will be matched uniquely since sub-parts would otherwise be ambiguous.
                            _mr_1_2_4_2_r7_r
defmatch: _mr_1_2_4_2_r7_c x
         will be matched uniquely since sub-parts would otherwise be ambiguous.
                            _mr_1_2_4_2_r7_q
defmatch: _mr_1_2_4_2_r7_a x
         will be matched uniquely since sub-parts would otherwise be ambiguous.
           _mr_1_2_4_2_r7_n
defmatch: x                 _mr_1_2_4_2_r7_b
         will be matched uniquely since sub-parts would otherwise be ambiguous.
                            _mr_1_2_4_2_r8_r
defmatch: _mr_1_2_4_2_r8_c x
         will be matched uniquely since sub-parts would otherwise be ambiguous.
                            _mr_1_2_4_2_r8_q
defmatch: _mr_1_2_4_2_r8_a x
         will be matched uniquely since sub-parts would otherwise be ambiguous.
           _mr_1_2_4_2_r8_n
defmatch: x                 _mr_1_2_4_2_r8_b
         will be matched uniquely since sub-parts would otherwise be ambiguous.
                            _mr_1_2_4_2_r9_r
defmatch: _mr_1_2_4_2_r9_c x
         will be matched uniquely since sub-parts would otherwise be ambiguous.
                            _mr_1_2_4_2_r9_q
defmatch: _mr_1_2_4_2_r9_a x
         will be matched uniquely since sub-parts would otherwise be ambiguous.
           _mr_1_2_4_2_r9_n
defmatch: x                 _mr_1_2_4_2_r9_b
         will be matched uniquely since sub-parts would otherwise be ambiguous.
                             _mr_1_2_4_2_r10_r
defmatch: _mr_1_2_4_2_r10_c x
         will be matched uniquely since sub-parts would otherwise be ambiguous.
                             _mr_1_2_4_2_r10_q
defmatch: _mr_1_2_4_2_r10_a x
         will be matched uniquely since sub-parts would otherwise be ambiguous.
           _mr_1_2_4_2_r10_n
defmatch: x                  _mr_1_2_4_2_r10_b
         will be matched uniquely since sub-parts would otherwise be ambiguous.
                             _mr_1_2_4_2_r11_r
defmatch: _mr_1_2_4_2_r11_c x
         will be matched uniquely since sub-parts would otherwise be ambiguous.
                             _mr_1_2_4_2_r11_q
defmatch: _mr_1_2_4_2_r11_a x
         will be matched uniquely since sub-parts would otherwise be ambiguous.
           _mr_1_2_4_2_r11_n
defmatch: x                  _mr_1_2_4_2_r11_b
         will be matched uniquely since sub-parts would otherwise be ambiguous.
                             _mr_1_2_4_2_r12_r
defmatch: _mr_1_2_4_2_r12_c x
         will be matched uniquely since sub-parts would otherwise be ambiguous.
                             _mr_1_2_4_2_r12_q
defmatch: _mr_1_2_4_2_r12_a x
         will be matched uniquely since sub-parts would otherwise be ambiguous.
           _mr_1_2_4_2_r12_n
defmatch: x                  _mr_1_2_4_2_r12_b
         will be matched uniquely since sub-parts would otherwise be ambiguous.
                             _mr_1_2_4_2_r13_r
defmatch: _mr_1_2_4_2_r13_c x
         will be matched uniquely since sub-parts would otherwise be ambiguous.
                             _mr_1_2_4_2_r13_q
defmatch: _mr_1_2_4_2_r13_a x
         will be matched uniquely since sub-parts would otherwise be ambiguous.
           _mr_1_2_4_2_r13_n
defmatch: x                  _mr_1_2_4_2_r13_b
         will be matched uniquely since sub-parts would otherwise be ambiguous.
                             _mr_1_2_4_2_r14_r
defmatch: _mr_1_2_4_2_r14_c x
         will be matched uniquely since sub-parts would otherwise be ambiguous.
                             _mr_1_2_4_2_r14_q
defmatch: _mr_1_2_4_2_r14_a x
         will be matched uniquely since sub-parts would otherwise be ambiguous.
           _mr_1_2_4_2_r14_n
defmatch: x                  _mr_1_2_4_2_r14_b
         will be matched uniquely since sub-parts would otherwise be ambiguous.
                             _mr_1_2_4_2_r15_r
defmatch: _mr_1_2_4_2_r15_c x
         will be matched uniquely since sub-parts would otherwise be ambiguous.
                             _mr_1_2_4_2_r15_q
defmatch: _mr_1_2_4_2_r15_a x
         will be matched uniquely since sub-parts would otherwise be ambiguous.
           _mr_1_2_4_2_r15_n
defmatch: x                  _mr_1_2_4_2_r15_b
         will be matched uniquely since sub-parts would otherwise be ambiguous.
                             _mr_1_2_4_2_r16_r
defmatch: _mr_1_2_4_2_r16_c x
         will be matched uniquely since sub-parts would otherwise be ambiguous.
                             _mr_1_2_4_2_r16_q
defmatch: _mr_1_2_4_2_r16_a x
         will be matched uniquely since sub-parts would otherwise be ambiguous.
           _mr_1_2_4_2_r16_n
defmatch: x                  _mr_1_2_4_2_r16_b
         will be matched uniquely since sub-parts would otherwise be ambiguous.
                             _mr_1_2_4_2_r17_r
defmatch: _mr_1_2_4_2_r17_c x
         will be matched uniquely since sub-parts would otherwise be ambiguous.
                             _mr_1_2_4_2_r17_q
defmatch: _mr_1_2_4_2_r17_a x
         will be matched uniquely since sub-parts would otherwise be ambiguous.
           _mr_1_2_4_2_r17_n
defmatch: x                  _mr_1_2_4_2_r17_b
         will be matched uniquely since sub-parts would otherwise be ambiguous.
                             _mr_1_2_4_2_r18_r
defmatch: _mr_1_2_4_2_r18_c x
         will be matched uniquely since sub-parts would otherwise be ambiguous.
                             _mr_1_2_4_2_r18_q
defmatch: _mr_1_2_4_2_r18_a x
         will be matched uniquely since sub-parts would otherwise be ambiguous.
           _mr_1_2_4_2_r18_n
defmatch: x                  _mr_1_2_4_2_r18_b
         will be matched uniquely since sub-parts would otherwise be ambiguous.
                             _mr_1_2_4_2_r19_r
defmatch: _mr_1_2_4_2_r19_c x
         will be matched uniquely since sub-parts would otherwise be ambiguous.
                             _mr_1_2_4_2_r19_q
defmatch: _mr_1_2_4_2_r19_a x
         will be matched uniquely since sub-parts would otherwise be ambiguous.
           _mr_1_2_4_2_r19_n
defmatch: x                  _mr_1_2_4_2_r19_b
         will be matched uniquely since sub-parts would otherwise be ambiguous.
                             _mr_1_2_4_2_r20_r
defmatch: _mr_1_2_4_2_r20_c x
         will be matched uniquely since sub-parts would otherwise be ambiguous.
                             _mr_1_2_4_2_r20_q
defmatch: _mr_1_2_4_2_r20_a x
         will be matched uniquely since sub-parts would otherwise be ambiguous.
           _mr_1_2_4_2_r20_n
defmatch: x                  _mr_1_2_4_2_r20_b
         will be matched uniquely since sub-parts would otherwise be ambiguous.
                                             _mr_1_2_4_2_r21_r
defmatch: _mr_1_2_4_2_r21_c _mr_1_2_4_2_r21_u
         will be matched uniquely since sub-parts would otherwise be ambiguous.
                                             _mr_1_2_4_2_r21_q
defmatch: _mr_1_2_4_2_r21_a _mr_1_2_4_2_r21_u
         will be matched uniquely since sub-parts would otherwise be ambiguous.
                           _mr_1_2_4_2_r21_n
defmatch: _mr_1_2_4_2_r21_u                  _mr_1_2_4_2_r21_b
         will be matched uniquely since sub-parts would otherwise be ambiguous.
                            _mr_1_2_4_3_r1_q
defmatch: _mr_1_2_4_3_r1_a x
         will be matched uniquely since sub-parts would otherwise be ambiguous.
                            _mr_1_2_4_3_r1_n
defmatch: _mr_1_2_4_3_r1_b x
         will be matched uniquely since sub-parts would otherwise be ambiguous.
           _mr_1_2_4_3_r1_j
defmatch: x                 _mr_1_2_4_3_r1_c
         will be matched uniquely since sub-parts would otherwise be ambiguous.
                            _mr_1_2_4_3_r2_r
defmatch: _mr_1_2_4_3_r2_c x
         will be matched uniquely since sub-parts would otherwise be ambiguous.
                            _mr_1_2_4_3_r2_q
defmatch: _mr_1_2_4_3_r2_a x
         will be matched uniquely since sub-parts would otherwise be ambiguous.
           _mr_1_2_4_3_r2_n
defmatch: x                 _mr_1_2_4_3_r2_b
         will be matched uniquely since sub-parts would otherwise be ambiguous.
                            _mr_1_2_4_3_r3_q
defmatch: _mr_1_2_4_3_r3_a x
         will be matched uniquely since sub-parts would otherwise be ambiguous.
                            _mr_1_2_4_3_r3_n
defmatch: _mr_1_2_4_3_r3_b x
         will be matched uniquely since sub-parts would otherwise be ambiguous.
           _mr_1_2_4_3_r3_j
defmatch: x                 _mr_1_2_4_3_r3_c
         will be matched uniquely since sub-parts would otherwise be ambiguous.
                            _mr_1_2_4_3_r4_q
defmatch: _mr_1_2_4_3_r4_a x
         will be matched uniquely since sub-parts would otherwise be ambiguous.
           _mr_1_2_4_3_r4_j
defmatch: x                 _mr_1_2_4_3_r4_c
         will be matched uniquely since sub-parts would otherwise be ambiguous.
                            _mr_1_2_4_3_r5_q
defmatch: _mr_1_2_4_3_r5_a x
         will be matched uniquely since sub-parts would otherwise be ambiguous.
                            _mr_1_2_4_3_r5_n
defmatch: _mr_1_2_4_3_r5_b x
         will be matched uniquely since sub-parts would otherwise be ambiguous.
           _mr_1_2_4_3_r5_j
defmatch: x                 _mr_1_2_4_3_r5_c
         will be matched uniquely since sub-parts would otherwise be ambiguous.
                            _mr_1_2_4_3_r6_q
defmatch: _mr_1_2_4_3_r6_a x
         will be matched uniquely since sub-parts would otherwise be ambiguous.
           _mr_1_2_4_3_r6_j
defmatch: x                 _mr_1_2_4_3_r6_c
         will be matched uniquely since sub-parts would otherwise be ambiguous.
                            _mr_1_2_4_3_r7_r
defmatch: _mr_1_2_4_3_r7_c x
         will be matched uniquely since sub-parts would otherwise be ambiguous.
                            _mr_1_2_4_3_r7_q
defmatch: _mr_1_2_4_3_r7_a x
         will be matched uniquely since sub-parts would otherwise be ambiguous.
           _mr_1_2_4_3_r7_n
defmatch: x                 _mr_1_2_4_3_r7_b
         will be matched uniquely since sub-parts would otherwise be ambiguous.
                                           _mr_1_2_4_3_r8_r
defmatch: _mr_1_2_4_3_r8_c _mr_1_2_4_3_r8_u
         will be matched uniquely since sub-parts would otherwise be ambiguous.
                                           _mr_1_2_4_3_r8_q
defmatch: _mr_1_2_4_3_r8_a _mr_1_2_4_3_r8_u
         will be matched uniquely since sub-parts would otherwise be ambiguous.
                          _mr_1_2_4_3_r8_n
defmatch: _mr_1_2_4_3_r8_u                 _mr_1_2_4_3_r8_b
         will be matched uniquely since sub-parts would otherwise be ambiguous.
                            _mr_1_2_4_4_r1_q
defmatch: _mr_1_2_4_4_r1_a x
         will be matched uniquely since sub-parts would otherwise be ambiguous.
                            _mr_1_2_4_4_r1_n
defmatch: _mr_1_2_4_4_r1_b x
         will be matched uniquely since sub-parts would otherwise be ambiguous.
           _mr_1_2_4_4_r1_j
defmatch: x                 _mr_1_2_4_4_r1_c
         will be matched uniquely since sub-parts would otherwise be ambiguous.
                            _mr_1_2_4_4_r2_q
defmatch: _mr_1_2_4_4_r2_a x
         will be matched uniquely since sub-parts would otherwise be ambiguous.
                            _mr_1_2_4_4_r2_n
defmatch: _mr_1_2_4_4_r2_b x
         will be matched uniquely since sub-parts would otherwise be ambiguous.
           _mr_1_2_4_4_r2_j
defmatch: x                 _mr_1_2_4_4_r2_c
         will be matched uniquely since sub-parts would otherwise be ambiguous.
                            _mr_1_2_4_4_r3_q
defmatch: _mr_1_2_4_4_r3_a x
         will be matched uniquely since sub-parts would otherwise be ambiguous.
           _mr_1_2_4_4_r3_j
defmatch: x                 _mr_1_2_4_4_r3_c
         will be matched uniquely since sub-parts would otherwise be ambiguous.
                            _mr_1_2_4_4_r4_q
defmatch: _mr_1_2_4_4_r4_a x
         will be matched uniquely since sub-parts would otherwise be ambiguous.
                            _mr_1_2_4_4_r4_n
defmatch: _mr_1_2_4_4_r4_b x
         will be matched uniquely since sub-parts would otherwise be ambiguous.
           _mr_1_2_4_4_r4_j
defmatch: x                 _mr_1_2_4_4_r4_c
         will be matched uniquely since sub-parts would otherwise be ambiguous.
                            _mr_1_2_4_4_r5_q
defmatch: _mr_1_2_4_4_r5_a x
         will be matched uniquely since sub-parts would otherwise be ambiguous.
           _mr_1_2_4_4_r5_j
defmatch: x                 _mr_1_2_4_4_r5_c
         will be matched uniquely since sub-parts would otherwise be ambiguous.
                            _mr_1_2_4_4_r6_q
defmatch: _mr_1_2_4_4_r6_a x
         will be matched uniquely since sub-parts would otherwise be ambiguous.
                            _mr_1_2_4_4_r6_n
defmatch: _mr_1_2_4_4_r6_b x
         will be matched uniquely since sub-parts would otherwise be ambiguous.
           _mr_1_2_4_4_r6_j
defmatch: x                 _mr_1_2_4_4_r6_c
         will be matched uniquely since sub-parts would otherwise be ambiguous.
                            _mr_1_2_4_4_r7_q
defmatch: _mr_1_2_4_4_r7_a x
         will be matched uniquely since sub-parts would otherwise be ambiguous.
           _mr_1_2_4_4_r7_j
defmatch: x                 _mr_1_2_4_4_r7_c
         will be matched uniquely since sub-parts would otherwise be ambiguous.
                            _mr_1_2_4_4_r8_q
defmatch: _mr_1_2_4_4_r8_a x
         will be matched uniquely since sub-parts would otherwise be ambiguous.
                            _mr_1_2_4_4_r8_n
defmatch: _mr_1_2_4_4_r8_b x
         will be matched uniquely since sub-parts would otherwise be ambiguous.
           _mr_1_2_4_4_r8_j
defmatch: x                 _mr_1_2_4_4_r8_c
         will be matched uniquely since sub-parts would otherwise be ambiguous.
                            _mr_1_2_4_4_r9_q
defmatch: _mr_1_2_4_4_r9_a x
         will be matched uniquely since sub-parts would otherwise be ambiguous.
           _mr_1_2_4_4_r9_j
defmatch: x                 _mr_1_2_4_4_r9_c
         will be matched uniquely since sub-parts would otherwise be ambiguous.
                             _mr_1_2_4_4_r10_q
defmatch: _mr_1_2_4_4_r10_a x
         will be matched uniquely since sub-parts would otherwise be ambiguous.
                             _mr_1_2_4_4_r10_n
defmatch: _mr_1_2_4_4_r10_b x
         will be matched uniquely since sub-parts would otherwise be ambiguous.
           _mr_1_2_4_4_r10_j
defmatch: x                  _mr_1_2_4_4_r10_c
         will be matched uniquely since sub-parts would otherwise be ambiguous.
                             _mr_1_2_4_4_r11_q
defmatch: _mr_1_2_4_4_r11_a x
         will be matched uniquely since sub-parts would otherwise be ambiguous.
           _mr_1_2_4_4_r11_j
defmatch: x                  _mr_1_2_4_4_r11_c
         will be matched uniquely since sub-parts would otherwise be ambiguous.
                             _mr_1_2_4_4_r12_q
defmatch: _mr_1_2_4_4_r12_a x
         will be matched uniquely since sub-parts would otherwise be ambiguous.
                             _mr_1_2_4_4_r12_n
defmatch: _mr_1_2_4_4_r12_b x
         will be matched uniquely since sub-parts would otherwise be ambiguous.
           _mr_1_2_4_4_r12_j
defmatch: x                  _mr_1_2_4_4_r12_c
         will be matched uniquely since sub-parts would otherwise be ambiguous.
                             _mr_1_2_4_4_r13_q
defmatch: _mr_1_2_4_4_r13_a x
         will be matched uniquely since sub-parts would otherwise be ambiguous.
           _mr_1_2_4_4_r13_j
defmatch: x                  _mr_1_2_4_4_r13_c
         will be matched uniquely since sub-parts would otherwise be ambiguous.
                             _mr_1_2_4_4_r14_r
defmatch: _mr_1_2_4_4_r14_c x
         will be matched uniquely since sub-parts would otherwise be ambiguous.
                             _mr_1_2_4_4_r14_q
defmatch: _mr_1_2_4_4_r14_a x
         will be matched uniquely since sub-parts would otherwise be ambiguous.
           _mr_1_2_4_4_r14_n
defmatch: x                  _mr_1_2_4_4_r14_b
         will be matched uniquely since sub-parts would otherwise be ambiguous.
                             _mr_1_2_4_4_r15_n
defmatch: _mr_1_2_4_4_r15_c x
         will be matched uniquely since sub-parts would otherwise be ambiguous.
                             _mr_1_2_4_4_r15_k
defmatch: _mr_1_2_4_4_r15_b x
         will be matched uniquely since sub-parts would otherwise be ambiguous.
           _mr_1_2_4_4_r15_j
defmatch: x                  _mr_1_2_4_4_r15_a
         will be matched uniquely since sub-parts would otherwise be ambiguous.
                                             _mr_1_2_4_4_r16_r
defmatch: _mr_1_2_4_4_r16_c _mr_1_2_4_4_r16_u
         will be matched uniquely since sub-parts would otherwise be ambiguous.
                                             _mr_1_2_4_4_r16_q
defmatch: _mr_1_2_4_4_r16_a _mr_1_2_4_4_r16_u
         will be matched uniquely since sub-parts would otherwise be ambiguous.
                           _mr_1_2_4_4_r16_n
defmatch: _mr_1_2_4_4_r16_u                  _mr_1_2_4_4_r16_b
         will be matched uniquely since sub-parts would otherwise be ambiguous.
           _mr_1_4_1_r3_n
defmatch: x               _mr_1_4_1_r3_b
         will be matched uniquely since sub-parts would otherwise be ambiguous.
defmatch: evaluation of atomic pattern yields: _mr_1_4_1_r7_u
defmatch: evaluation of atomic pattern yields: _mr_1_4_1_r8_u
defmatch: _mr_1_4_1_r10_v _mr_1_4_1_r10_b
         will be matched uniquely since sub-parts would otherwise be ambiguous.
defmatch: _mr_1_4_1_r11_v _mr_1_4_1_r11_b
         will be matched uniquely since sub-parts would otherwise be ambiguous.
defmatch: _mr_1_4_1_r12_v _mr_1_4_1_r12_b
         will be matched uniquely since sub-parts would otherwise be ambiguous.
defmatch: _mr_1_4_1_r13_v _mr_1_4_1_r13_b
         will be matched uniquely since sub-parts would otherwise be ambiguous.
           _mr_1_4_1_r14_n
defmatch: x                _mr_1_4_1_r14_b
         will be matched uniquely since sub-parts would otherwise be ambiguous.
           _mr_1_4_1_r14_q
defmatch: x                _mr_1_4_1_r14_d
         will be matched uniquely since sub-parts would otherwise be ambiguous.
           _mr_1_4_1_r15_j
defmatch: x                _mr_1_4_1_r15_d
         will be matched uniquely since sub-parts would otherwise be ambiguous.
           _mr_1_4_1_r15_n
defmatch: x                _mr_1_4_1_r15_b
         will be matched uniquely since sub-parts would otherwise be ambiguous.
           _mr_1_4_1_r16_n
defmatch: x                _mr_1_4_1_r16_b
         will be matched uniquely since sub-parts would otherwise be ambiguous.
           _mr_1_4_1_r17_n
defmatch: x                _mr_1_4_1_r17_b
         will be matched uniquely since sub-parts would otherwise be ambiguous.
           _mr_1_4_1_r21_n
defmatch: x                _mr_1_4_1_r21_b1
         will be matched uniquely since sub-parts would otherwise be ambiguous.
                                          _mr_1_4_1_r23_n
defmatch: _mr_1_4_1_r23_b _mr_1_4_1_r23_Pq
         will be matched uniquely since sub-parts would otherwise be ambiguous.
                          _mr_1_4_1_r24_n2
defmatch: _mr_1_4_1_r24_Pq                 _mr_1_4_1_r24_c
         will be matched uniquely since sub-parts would otherwise be ambiguous.
                                          _mr_1_4_1_r24_n
defmatch: _mr_1_4_1_r24_b _mr_1_4_1_r24_Pq
         will be matched uniquely since sub-parts would otherwise be ambiguous.
                           _mr_1_4_1_r26_s
defmatch: _mr_1_4_1_r26_b x
         will be matched uniquely since sub-parts would otherwise be ambiguous.
           _mr_1_4_1_r26_r
defmatch: x                _mr_1_4_1_r26_a
         will be matched uniquely since sub-parts would otherwise be ambiguous.
                           _mr_1_4_1_r27_t
defmatch: _mr_1_4_1_r27_c x
         will be matched uniquely since sub-parts would otherwise be ambiguous.
                           _mr_1_4_1_r27_s
defmatch: _mr_1_4_1_r27_b x
         will be matched uniquely since sub-parts would otherwise be ambiguous.
           _mr_1_4_1_r27_r
defmatch: x                _mr_1_4_1_r27_a
         will be matched uniquely since sub-parts would otherwise be ambiguous.
                           _mr_1_4_1_r28_t
defmatch: _mr_1_4_1_r28_c x
         will be matched uniquely since sub-parts would otherwise be ambiguous.
                           _mr_1_4_1_r28_s
defmatch: _mr_1_4_1_r28_b x
         will be matched uniquely since sub-parts would otherwise be ambiguous.
                           _mr_1_4_1_r28_r
defmatch: _mr_1_4_1_r28_a x
         will be matched uniquely since sub-parts would otherwise be ambiguous.
           _mr_1_4_1_r28_q
defmatch: x                _mr_1_4_1_r28_d
         will be matched uniquely since sub-parts would otherwise be ambiguous.
           _mr_1_4_1_r35_n
defmatch: x                _mr_1_4_1_r35_d
         will be matched uniquely since sub-parts would otherwise be ambiguous.
           _mr_1_4_1_r35_non2
defmatch: x                   _mr_1_4_1_r35_b1
         will be matched uniquely since sub-parts would otherwise be ambiguous.
                           _mr_1_4_1_r36_n2
defmatch: _mr_1_4_1_r36_e x
         will be matched uniquely since sub-parts would otherwise be ambiguous.
           _mr_1_4_1_r36_n
defmatch: x                _mr_1_4_1_r36_d
         will be matched uniquely since sub-parts would otherwise be ambiguous.
           _mr_1_4_1_r36_non2
defmatch: x                   _mr_1_4_1_r36_b1
         will be matched uniquely since sub-parts would otherwise be ambiguous.
           _mr_1_4_1_r37_n
defmatch: x                _mr_1_4_1_r37_d
         will be matched uniquely since sub-parts would otherwise be ambiguous.
           _mr_1_4_1_r37_non2
defmatch: x                   _mr_1_4_1_r37_b1
         will be matched uniquely since sub-parts would otherwise be ambiguous.
                           _mr_1_4_1_r38_n2
defmatch: _mr_1_4_1_r38_e x
         will be matched uniquely since sub-parts would otherwise be ambiguous.
           _mr_1_4_1_r38_n
defmatch: x                _mr_1_4_1_r38_d
         will be matched uniquely since sub-parts would otherwise be ambiguous.
           _mr_1_4_1_r38_non2
defmatch: x                   _mr_1_4_1_r38_b1
         will be matched uniquely since sub-parts would otherwise be ambiguous.
           _mr_1_4_1_r39_n
defmatch: x                _mr_1_4_1_r39_b
         will be matched uniquely since sub-parts would otherwise be ambiguous.
           _mr_1_4_1_r39_n2
defmatch: x                 _mr_1_4_1_r39_f1
         will be matched uniquely since sub-parts would otherwise be ambiguous.
           _mr_1_4_1_r40_n
defmatch: x                _mr_1_4_1_r40_b
         will be matched uniquely since sub-parts would otherwise be ambiguous.
           _mr_1_4_1_r40_n2
defmatch: x                 _mr_1_4_1_r40_f1
         will be matched uniquely since sub-parts would otherwise be ambiguous.
           _mr_1_4_1_r43_n
defmatch: x                _mr_1_4_1_r43_b
         will be matched uniquely since sub-parts would otherwise be ambiguous.
           _mr_1_4_1_r44_n
defmatch: x                _mr_1_4_1_r44_b
         will be matched uniquely since sub-parts would otherwise be ambiguous.
           _mr_1_4_1_r45_n
defmatch: x                _mr_1_4_1_r45_b
         will be matched uniquely since sub-parts would otherwise be ambiguous.
           _mr_1_4_1_r46_n
defmatch: x                _mr_1_4_1_r46_b
         will be matched uniquely since sub-parts would otherwise be ambiguous.
           _mr_1_4_1_r56_n
defmatch: x                _mr_1_4_1_r56_d
         will be matched uniquely since sub-parts would otherwise be ambiguous.
                           _mr_1_4_1_r56_b
defmatch: ──────────────────────────────────────────────────
           _mr_1_4_1_r56_n
          x                _mr_1_4_1_r56_d + _mr_1_4_1_r56_c
         will be matched uniquely since sub-parts would otherwise be ambiguous.
           _mr_1_4_1_r57_n
defmatch: x                _mr_1_4_1_r57_b
         will be matched uniquely since sub-parts would otherwise be ambiguous.
           _mr_1_4_1_r58_c _mr_1_4_1_r58_n
defmatch: (───────────────)                _mr_1_4_1_r58_b
                  x
         will be matched uniquely since sub-parts would otherwise be ambiguous.
           _mr_1_4_1_r59_c _mr_1_4_1_r59_n
defmatch: (───────────────)                _mr_1_4_1_r59_b
                  x
         will be matched uniquely since sub-parts would otherwise be ambiguous.
           _mr_1_4_1_r60_c _mr_1_4_1_r60_n
defmatch: (───────────────)                _mr_1_4_1_r60_b
                  x
         will be matched uniquely since sub-parts would otherwise be ambiguous.
                           _mr_1_4_1_r61_d _mr_1_4_1_r61_n2
defmatch: _mr_1_4_1_r61_c (───────────────)
                                  x
         will be matched uniquely since sub-parts would otherwise be ambiguous.
           _mr_1_4_1_r61_d _mr_1_4_1_r61_n
defmatch: (───────────────)                _mr_1_4_1_r61_b
                  x
         will be matched uniquely since sub-parts would otherwise be ambiguous.
                           _mr_1_4_1_r62_d _mr_1_4_1_r62_n2
defmatch: _mr_1_4_1_r62_c (───────────────)
                                  x
         will be matched uniquely since sub-parts would otherwise be ambiguous.
           _mr_1_4_1_r62_d _mr_1_4_1_r62_n
defmatch: (───────────────)                _mr_1_4_1_r62_b
                  x
         will be matched uniquely since sub-parts would otherwise be ambiguous.
                           _mr_1_4_1_r63_d _mr_1_4_1_r63_n2
defmatch: _mr_1_4_1_r63_c (───────────────)
                                  x
         will be matched uniquely since sub-parts would otherwise be ambiguous.
           _mr_1_4_1_r63_d _mr_1_4_1_r63_n
defmatch: (───────────────)                _mr_1_4_1_r63_b
                  x
         will be matched uniquely since sub-parts would otherwise be ambiguous.
                           _mr_1_4_1_r64_n2
defmatch: _mr_1_4_1_r64_c x
         will be matched uniquely since sub-parts would otherwise be ambiguous.
           _mr_1_4_1_r64_d _mr_1_4_1_r64_n
defmatch: (───────────────)                _mr_1_4_1_r64_b
                  x
         will be matched uniquely since sub-parts would otherwise be ambiguous.
                           _mr_1_4_1_r65_n2
defmatch: _mr_1_4_1_r65_c x
         will be matched uniquely since sub-parts would otherwise be ambiguous.
           _mr_1_4_1_r65_d _mr_1_4_1_r65_n
defmatch: (───────────────)                _mr_1_4_1_r65_b
                  x
         will be matched uniquely since sub-parts would otherwise be ambiguous.
                           _mr_1_4_1_r66_n2
defmatch: _mr_1_4_1_r66_c x
         will be matched uniquely since sub-parts would otherwise be ambiguous.
           _mr_1_4_1_r66_d _mr_1_4_1_r66_n
defmatch: (───────────────)                _mr_1_4_1_r66_b
                  x
         will be matched uniquely since sub-parts would otherwise be ambiguous.
           _mr_1_4_1_r67_n
defmatch: x                _mr_1_4_1_r67_b
         will be matched uniquely since sub-parts would otherwise be ambiguous.
           _mr_1_1_1_7_r1_n
defmatch: x                 _mr_1_1_1_7_r1_b
         will be matched uniquely since sub-parts would otherwise be ambiguous.
           _mr_1_1_1_7_r2_n
defmatch: x                 _mr_1_1_1_7_r2_b
         will be matched uniquely since sub-parts would otherwise be ambiguous.
                            _mr_1_1_1_7_r3_q
defmatch: _mr_1_1_1_7_r3_b x
         will be matched uniquely since sub-parts would otherwise be ambiguous.
           _mr_1_1_1_7_r3_p
defmatch: x                 _mr_1_1_1_7_r3_a
         will be matched uniquely since sub-parts would otherwise be ambiguous.
                            _mr_1_1_1_7_r4_r
defmatch: _mr_1_1_1_7_r4_c x
         will be matched uniquely since sub-parts would otherwise be ambiguous.
                            _mr_1_1_1_7_r4_q
defmatch: _mr_1_1_1_7_r4_b x
         will be matched uniquely since sub-parts would otherwise be ambiguous.
           _mr_1_1_1_7_r4_p
defmatch: x                 _mr_1_1_1_7_r4_a
         will be matched uniquely since sub-parts would otherwise be ambiguous.
           _mr_1_1_1_7_r8_n
defmatch: x                 _mr_1_1_1_7_r8_b1
         will be matched uniquely since sub-parts would otherwise be ambiguous.
                                              _mr_1_1_1_7_r10_n
defmatch: _mr_1_1_1_7_r10_b _mr_1_1_1_7_r10_Pq
         will be matched uniquely since sub-parts would otherwise be ambiguous.
                            _mr_1_1_1_7_r11_n2
defmatch: _mr_1_1_1_7_r11_Pq                   _mr_1_1_1_7_r11_c
         will be matched uniquely since sub-parts would otherwise be ambiguous.
                                              _mr_1_1_1_7_r11_n
defmatch: _mr_1_1_1_7_r11_b _mr_1_1_1_7_r11_Pq
         will be matched uniquely since sub-parts would otherwise be ambiguous.
                             _mr_1_1_1_7_r12_q
defmatch: _mr_1_1_1_7_r12_b x
         will be matched uniquely since sub-parts would otherwise be ambiguous.
           _mr_1_1_1_7_r12_p
defmatch: x                  _mr_1_1_1_7_r12_a
         will be matched uniquely since sub-parts would otherwise be ambiguous.
                             _mr_1_1_1_7_r13_r
defmatch: _mr_1_1_1_7_r13_c x
         will be matched uniquely since sub-parts would otherwise be ambiguous.
                             _mr_1_1_1_7_r13_q
defmatch: _mr_1_1_1_7_r13_b x
         will be matched uniquely since sub-parts would otherwise be ambiguous.
           _mr_1_1_1_7_r13_p
defmatch: x                  _mr_1_1_1_7_r13_a
         will be matched uniquely since sub-parts would otherwise be ambiguous.
defmatch: _mr_1_2_1_6b_r47_u _mr_1_2_1_6b_r47_h
         will be matched uniquely since sub-parts would otherwise be ambiguous.
defmatch: _mr_1_2_1_6b_r48_u _mr_1_2_1_6b_r48_h
         will be matched uniquely since sub-parts would otherwise be ambiguous.
                            _mr_1_2_3_6_r1_n2
defmatch: _mr_1_2_3_6_r1_c x
         will be matched uniquely since sub-parts would otherwise be ambiguous.
           _mr_1_2_3_6_r1_n
defmatch: x                 _mr_1_2_3_6_r1_b
         will be matched uniquely since sub-parts would otherwise be ambiguous.
                            _mr_1_2_3_6_r2_n2
defmatch: _mr_1_2_3_6_r2_c x
         will be matched uniquely since sub-parts would otherwise be ambiguous.
           _mr_1_2_3_6_r2_n
defmatch: x                 _mr_1_2_3_6_r2_b
         will be matched uniquely since sub-parts would otherwise be ambiguous.
                            _mr_1_2_3_6_r3_n2
defmatch: _mr_1_2_3_6_r3_c x
         will be matched uniquely since sub-parts would otherwise be ambiguous.
           _mr_1_2_3_6_r3_n
defmatch: x                 _mr_1_2_3_6_r3_b
         will be matched uniquely since sub-parts would otherwise be ambiguous.
                            _mr_1_2_3_6_r4_n2
defmatch: _mr_1_2_3_6_r4_c x
         will be matched uniquely since sub-parts would otherwise be ambiguous.
           _mr_1_2_3_6_r4_n
defmatch: x                 _mr_1_2_3_6_r4_b
         will be matched uniquely since sub-parts would otherwise be ambiguous.
                            _mr_1_2_3_6_r5_n2
defmatch: _mr_1_2_3_6_r5_c x
         will be matched uniquely since sub-parts would otherwise be ambiguous.
           _mr_1_2_3_6_r5_n
defmatch: x                 _mr_1_2_3_6_r5_b
         will be matched uniquely since sub-parts would otherwise be ambiguous.
                            _mr_1_2_3_6_r6_n2
defmatch: _mr_1_2_3_6_r6_c x
         will be matched uniquely since sub-parts would otherwise be ambiguous.
           _mr_1_2_3_6_r6_n
defmatch: x                 _mr_1_2_3_6_r6_b
         will be matched uniquely since sub-parts would otherwise be ambiguous.
                            _mr_1_2_3_6_r7_n2
defmatch: _mr_1_2_3_6_r7_c x
         will be matched uniquely since sub-parts would otherwise be ambiguous.
           _mr_1_2_3_6_r7_n
defmatch: x                 _mr_1_2_3_6_r7_b
         will be matched uniquely since sub-parts would otherwise be ambiguous.
                            _mr_1_2_3_6_r8_n2
defmatch: _mr_1_2_3_6_r8_c x
         will be matched uniquely since sub-parts would otherwise be ambiguous.
           _mr_1_2_3_6_r8_n
defmatch: x                 _mr_1_2_3_6_r8_b
         will be matched uniquely since sub-parts would otherwise be ambiguous.
                            _mr_1_2_3_6_r9_n2
defmatch: _mr_1_2_3_6_r9_c x
         will be matched uniquely since sub-parts would otherwise be ambiguous.
           _mr_1_2_3_6_r9_n
defmatch: x                 _mr_1_2_3_6_r9_b
         will be matched uniquely since sub-parts would otherwise be ambiguous.
                             _mr_1_2_3_6_r10_n2
defmatch: _mr_1_2_3_6_r10_c x
         will be matched uniquely since sub-parts would otherwise be ambiguous.
           _mr_1_2_3_6_r10_n
defmatch: x                  _mr_1_2_3_6_r10_b
         will be matched uniquely since sub-parts would otherwise be ambiguous.
                             _mr_1_2_3_6_r11_n2
defmatch: _mr_1_2_3_6_r11_c x
         will be matched uniquely since sub-parts would otherwise be ambiguous.
           _mr_1_2_3_6_r11_n
defmatch: x                  _mr_1_2_3_6_r11_b
         will be matched uniquely since sub-parts would otherwise be ambiguous.
                             _mr_1_2_3_6_r12_n2
defmatch: _mr_1_2_3_6_r12_c x
         will be matched uniquely since sub-parts would otherwise be ambiguous.
           _mr_1_2_3_6_r12_n
defmatch: x                  _mr_1_2_3_6_r12_b
         will be matched uniquely since sub-parts would otherwise be ambiguous.
                             _mr_1_2_3_6_r13_n2
defmatch: _mr_1_2_3_6_r13_c x
         will be matched uniquely since sub-parts would otherwise be ambiguous.
           _mr_1_2_3_6_r13_n
defmatch: x                  _mr_1_2_3_6_r13_b
         will be matched uniquely since sub-parts would otherwise be ambiguous.
                             _mr_1_2_3_6_r14_n2
defmatch: _mr_1_2_3_6_r14_c x
         will be matched uniquely since sub-parts would otherwise be ambiguous.
           _mr_1_2_3_6_r14_n
defmatch: x                  _mr_1_2_3_6_r14_b
         will be matched uniquely since sub-parts would otherwise be ambiguous.
                             _mr_1_2_3_6_r15_n2
defmatch: _mr_1_2_3_6_r15_c x
         will be matched uniquely since sub-parts would otherwise be ambiguous.
           _mr_1_2_3_6_r15_n
defmatch: x                  _mr_1_2_3_6_r15_b
         will be matched uniquely since sub-parts would otherwise be ambiguous.
                             _mr_1_2_3_6_r16_n2
defmatch: _mr_1_2_3_6_r16_c x
         will be matched uniquely since sub-parts would otherwise be ambiguous.
           _mr_1_2_3_6_r16_n
defmatch: x                  _mr_1_2_3_6_r16_b
         will be matched uniquely since sub-parts would otherwise be ambiguous.
                             _mr_1_2_3_6_r17_n2
defmatch: _mr_1_2_3_6_r17_c x
         will be matched uniquely since sub-parts would otherwise be ambiguous.
           _mr_1_2_3_6_r17_n
defmatch: x                  _mr_1_2_3_6_r17_b
         will be matched uniquely since sub-parts would otherwise be ambiguous.
                             _mr_1_2_3_6_r18_n2
defmatch: _mr_1_2_3_6_r18_c x
         will be matched uniquely since sub-parts would otherwise be ambiguous.
           _mr_1_2_3_6_r18_n
defmatch: x                  _mr_1_2_3_6_r18_b
         will be matched uniquely since sub-parts would otherwise be ambiguous.
                             _mr_1_2_3_6_r19_n2
defmatch: _mr_1_2_3_6_r19_c x
         will be matched uniquely since sub-parts would otherwise be ambiguous.
           _mr_1_2_3_6_r19_n
defmatch: x                  _mr_1_2_3_6_r19_b
         will be matched uniquely since sub-parts would otherwise be ambiguous.
                             _mr_1_2_3_6_r20_n2
defmatch: _mr_1_2_3_6_r20_c x
         will be matched uniquely since sub-parts would otherwise be ambiguous.
           _mr_1_2_3_6_r20_n
defmatch: x                  _mr_1_2_3_6_r20_b
         will be matched uniquely since sub-parts would otherwise be ambiguous.
                             _mr_1_2_3_6_r21_n2
defmatch: _mr_1_2_3_6_r21_c x
         will be matched uniquely since sub-parts would otherwise be ambiguous.
           _mr_1_2_3_6_r21_n
defmatch: x                  _mr_1_2_3_6_r21_b
         will be matched uniquely since sub-parts would otherwise be ambiguous.
                             _mr_1_2_3_6_r22_n2
defmatch: _mr_1_2_3_6_r22_c x
         will be matched uniquely since sub-parts would otherwise be ambiguous.
           _mr_1_2_3_6_r22_n
defmatch: x                  _mr_1_2_3_6_r22_b
         will be matched uniquely since sub-parts would otherwise be ambiguous.
                             _mr_1_2_3_6_r23_n2
defmatch: _mr_1_2_3_6_r23_c x
         will be matched uniquely since sub-parts would otherwise be ambiguous.
           _mr_1_2_3_6_r23_n
defmatch: x                  _mr_1_2_3_6_r23_b
         will be matched uniquely since sub-parts would otherwise be ambiguous.
                             _mr_1_2_3_6_r24_n2
defmatch: _mr_1_2_3_6_r24_c x
         will be matched uniquely since sub-parts would otherwise be ambiguous.
           _mr_1_2_3_6_r24_n
defmatch: x                  _mr_1_2_3_6_r24_b
         will be matched uniquely since sub-parts would otherwise be ambiguous.
                             _mr_1_2_3_6_r25_n2
defmatch: _mr_1_2_3_6_r25_c x
         will be matched uniquely since sub-parts would otherwise be ambiguous.
           _mr_1_2_3_6_r25_n
defmatch: x                  _mr_1_2_3_6_r25_b
         will be matched uniquely since sub-parts would otherwise be ambiguous.
                             _mr_1_2_3_6_r26_n2
defmatch: _mr_1_2_3_6_r26_c x
         will be matched uniquely since sub-parts would otherwise be ambiguous.
           _mr_1_2_3_6_r26_n
defmatch: x                  _mr_1_2_3_6_r26_b
         will be matched uniquely since sub-parts would otherwise be ambiguous.
                             _mr_1_2_3_6_r27_n2
defmatch: _mr_1_2_3_6_r27_c x
         will be matched uniquely since sub-parts would otherwise be ambiguous.
           _mr_1_2_3_6_r27_n
defmatch: x                  _mr_1_2_3_6_r27_b
         will be matched uniquely since sub-parts would otherwise be ambiguous.
                             _mr_1_2_3_6_r28_n2
defmatch: _mr_1_2_3_6_r28_c x
         will be matched uniquely since sub-parts would otherwise be ambiguous.
           _mr_1_2_3_6_r28_n
defmatch: x                  _mr_1_2_3_6_r28_b
         will be matched uniquely since sub-parts would otherwise be ambiguous.
                                             _mr_1_2_3_6_r29_n2
defmatch: _mr_1_2_3_6_r29_c _mr_1_2_3_6_r29_v
         will be matched uniquely since sub-parts would otherwise be ambiguous.
                           _mr_1_2_3_6_r29_n
defmatch: _mr_1_2_3_6_r29_v                  _mr_1_2_3_6_r29_b
         will be matched uniquely since sub-parts would otherwise be ambiguous.
                            _mr_1_2_3_5_r1_n2
defmatch: _mr_1_2_3_5_r1_c x
         will be matched uniquely since sub-parts would otherwise be ambiguous.
           _mr_1_2_3_5_r1_n
defmatch: x                 _mr_1_2_3_5_r1_b
         will be matched uniquely since sub-parts would otherwise be ambiguous.
                            _mr_1_2_3_5_r2_n2
defmatch: _mr_1_2_3_5_r2_c x
         will be matched uniquely since sub-parts would otherwise be ambiguous.
           _mr_1_2_3_5_r2_n
defmatch: x                 _mr_1_2_3_5_r2_b
         will be matched uniquely since sub-parts would otherwise be ambiguous.
                            _mr_1_2_3_5_r3_n2
defmatch: _mr_1_2_3_5_r3_c x
         will be matched uniquely since sub-parts would otherwise be ambiguous.
           _mr_1_2_3_5_r3_n
defmatch: x                 _mr_1_2_3_5_r3_b
         will be matched uniquely since sub-parts would otherwise be ambiguous.
                            _mr_1_2_3_5_r4_n2
defmatch: _mr_1_2_3_5_r4_c x
         will be matched uniquely since sub-parts would otherwise be ambiguous.
           _mr_1_2_3_5_r4_n
defmatch: x                 _mr_1_2_3_5_r4_b
         will be matched uniquely since sub-parts would otherwise be ambiguous.
                            _mr_1_2_3_5_r5_n2
defmatch: _mr_1_2_3_5_r5_c x
         will be matched uniquely since sub-parts would otherwise be ambiguous.
           _mr_1_2_3_5_r5_n
defmatch: x                 _mr_1_2_3_5_r5_b
         will be matched uniquely since sub-parts would otherwise be ambiguous.
                            _mr_1_2_3_5_r6_n2
defmatch: _mr_1_2_3_5_r6_c x
         will be matched uniquely since sub-parts would otherwise be ambiguous.
           _mr_1_2_3_5_r6_n
defmatch: x                 _mr_1_2_3_5_r6_b
         will be matched uniquely since sub-parts would otherwise be ambiguous.
                            _mr_1_2_3_5_r7_n2
defmatch: _mr_1_2_3_5_r7_c x
         will be matched uniquely since sub-parts would otherwise be ambiguous.
           _mr_1_2_3_5_r7_n
defmatch: x                 _mr_1_2_3_5_r7_b
         will be matched uniquely since sub-parts would otherwise be ambiguous.
                            _mr_1_2_3_5_r8_n2
defmatch: _mr_1_2_3_5_r8_c x
         will be matched uniquely since sub-parts would otherwise be ambiguous.
           _mr_1_2_3_5_r8_n
defmatch: x                 _mr_1_2_3_5_r8_b
         will be matched uniquely since sub-parts would otherwise be ambiguous.
                            _mr_1_2_3_5_r9_n2
defmatch: _mr_1_2_3_5_r9_c x
         will be matched uniquely since sub-parts would otherwise be ambiguous.
           _mr_1_2_3_5_r9_n
defmatch: x                 _mr_1_2_3_5_r9_b
         will be matched uniquely since sub-parts would otherwise be ambiguous.
                             _mr_1_2_3_5_r10_n2
defmatch: _mr_1_2_3_5_r10_c x
         will be matched uniquely since sub-parts would otherwise be ambiguous.
           _mr_1_2_3_5_r10_n
defmatch: x                  _mr_1_2_3_5_r10_b
         will be matched uniquely since sub-parts would otherwise be ambiguous.
                             _mr_1_2_3_5_r11_n2
defmatch: _mr_1_2_3_5_r11_c x
         will be matched uniquely since sub-parts would otherwise be ambiguous.
           _mr_1_2_3_5_r11_n
defmatch: x                  _mr_1_2_3_5_r11_b
         will be matched uniquely since sub-parts would otherwise be ambiguous.
                             _mr_1_2_3_5_r12_n2
defmatch: _mr_1_2_3_5_r12_c x
         will be matched uniquely since sub-parts would otherwise be ambiguous.
           _mr_1_2_3_5_r12_n
defmatch: x                  _mr_1_2_3_5_r12_b
         will be matched uniquely since sub-parts would otherwise be ambiguous.
                             _mr_1_2_3_5_r16_n2
defmatch: _mr_1_2_3_5_r16_c x
         will be matched uniquely since sub-parts would otherwise be ambiguous.
           _mr_1_2_3_5_r16_n
defmatch: x                  _mr_1_2_3_5_r16_b
         will be matched uniquely since sub-parts would otherwise be ambiguous.
                             _mr_1_2_3_5_r17_n2
defmatch: _mr_1_2_3_5_r17_c x
         will be matched uniquely since sub-parts would otherwise be ambiguous.
           _mr_1_2_3_5_r17_n
defmatch: x                  _mr_1_2_3_5_r17_b
         will be matched uniquely since sub-parts would otherwise be ambiguous.
                             _mr_1_2_3_5_r18_n2
defmatch: _mr_1_2_3_5_r18_c x
         will be matched uniquely since sub-parts would otherwise be ambiguous.
           _mr_1_2_3_5_r18_n
defmatch: x                  _mr_1_2_3_5_r18_b
         will be matched uniquely since sub-parts would otherwise be ambiguous.
                             _mr_1_2_3_5_r19_n2
defmatch: _mr_1_2_3_5_r19_c x
         will be matched uniquely since sub-parts would otherwise be ambiguous.
           _mr_1_2_3_5_r19_n
defmatch: x                  _mr_1_2_3_5_r19_b
         will be matched uniquely since sub-parts would otherwise be ambiguous.
                             _mr_1_2_3_5_r20_n2
defmatch: _mr_1_2_3_5_r20_c x
         will be matched uniquely since sub-parts would otherwise be ambiguous.
           _mr_1_2_3_5_r20_n
defmatch: x                  _mr_1_2_3_5_r20_b
         will be matched uniquely since sub-parts would otherwise be ambiguous.
                             _mr_1_2_3_5_r21_n2
defmatch: _mr_1_2_3_5_r21_c x
         will be matched uniquely since sub-parts would otherwise be ambiguous.
           _mr_1_2_3_5_r21_n
defmatch: x                  _mr_1_2_3_5_r21_b
         will be matched uniquely since sub-parts would otherwise be ambiguous.
                             _mr_1_2_3_5_r22_n2
defmatch: _mr_1_2_3_5_r22_c x
         will be matched uniquely since sub-parts would otherwise be ambiguous.
           _mr_1_2_3_5_r22_n
defmatch: x                  _mr_1_2_3_5_r22_b
         will be matched uniquely since sub-parts would otherwise be ambiguous.
                             _mr_1_2_3_5_r23_n2
defmatch: _mr_1_2_3_5_r23_c x
         will be matched uniquely since sub-parts would otherwise be ambiguous.
           _mr_1_2_3_5_r23_n
defmatch: x                  _mr_1_2_3_5_r23_b
         will be matched uniquely since sub-parts would otherwise be ambiguous.
                             _mr_1_2_3_5_r24_n2
defmatch: _mr_1_2_3_5_r24_c x
         will be matched uniquely since sub-parts would otherwise be ambiguous.
           _mr_1_2_3_5_r24_n
defmatch: x                  _mr_1_2_3_5_r24_b
         will be matched uniquely since sub-parts would otherwise be ambiguous.
                                             _mr_1_2_3_5_r25_n2
defmatch: _mr_1_2_3_5_r25_c _mr_1_2_3_5_r25_v
         will be matched uniquely since sub-parts would otherwise be ambiguous.
                           _mr_1_2_3_5_r25_n
defmatch: _mr_1_2_3_5_r25_v                  _mr_1_2_3_5_r25_b
         will be matched uniquely since sub-parts would otherwise be ambiguous.
           _mr_1_1_3_8_r1_n
defmatch: x                 _mr_1_1_3_8_r1_c
         will be matched uniquely since sub-parts would otherwise be ambiguous.
           _mr_1_1_3_8_r2_n
defmatch: x                 _mr_1_1_3_8_r2_c
         will be matched uniquely since sub-parts would otherwise be ambiguous.
           _mr_1_1_3_8_r4_n
defmatch: x                 _mr_1_1_3_8_r4_b
         will be matched uniquely since sub-parts would otherwise be ambiguous.
           _mr_1_1_3_8_r5_n
defmatch: x                 _mr_1_1_3_8_r5_b
         will be matched uniquely since sub-parts would otherwise be ambiguous.
           _mr_1_1_3_8_r6_n
defmatch: x                 _mr_1_1_3_8_r6_b
         will be matched uniquely since sub-parts would otherwise be ambiguous.
           _mr_1_1_3_8_r7_n
defmatch: x                 _mr_1_1_3_8_r7_b
         will be matched uniquely since sub-parts would otherwise be ambiguous.
           _mr_1_1_3_8_r8_n
defmatch: x                 _mr_1_1_3_8_r8_b
         will be matched uniquely since sub-parts would otherwise be ambiguous.
           _mr_1_1_3_8_r9_n
defmatch: x                 _mr_1_1_3_8_r9_b
         will be matched uniquely since sub-parts would otherwise be ambiguous.
           _mr_1_1_3_8_r10_n
defmatch: x                  _mr_1_1_3_8_r10_b
         will be matched uniquely since sub-parts would otherwise be ambiguous.
           _mr_1_1_3_8_r11_n
defmatch: x                  _mr_1_1_3_8_r11_b
         will be matched uniquely since sub-parts would otherwise be ambiguous.
           _mr_1_1_3_8_r13_n
defmatch: x                  _mr_1_1_3_8_r13_b
         will be matched uniquely since sub-parts would otherwise be ambiguous.
           _mr_1_1_3_8_r14_n
defmatch: x                  _mr_1_1_3_8_r14_b
         will be matched uniquely since sub-parts would otherwise be ambiguous.
           _mr_1_1_3_8_r15_n
defmatch: x                  _mr_1_1_3_8_r15_b
         will be matched uniquely since sub-parts would otherwise be ambiguous.
           _mr_1_1_3_8_r16_n
defmatch: x                  _mr_1_1_3_8_r16_b
         will be matched uniquely since sub-parts would otherwise be ambiguous.
           _mr_1_1_3_8_r17_n
defmatch: x                  _mr_1_1_3_8_r17_b
         will be matched uniquely since sub-parts would otherwise be ambiguous.
           _mr_1_1_3_8_r18_n
defmatch: x                  _mr_1_1_3_8_r18_b
         will be matched uniquely since sub-parts would otherwise be ambiguous.
           _mr_1_1_3_8_r19_n
defmatch: x                  _mr_1_1_3_8_r19_b
         will be matched uniquely since sub-parts would otherwise be ambiguous.
           _mr_1_1_3_8_r20_n
defmatch: x                  _mr_1_1_3_8_r20_b
         will be matched uniquely since sub-parts would otherwise be ambiguous.
           _mr_1_1_3_8_r21_n
defmatch: x                  _mr_1_1_3_8_r21_b
         will be matched uniquely since sub-parts would otherwise be ambiguous.
           _mr_1_1_3_8_r22_n
defmatch: x                  _mr_1_1_3_8_r22_b
         will be matched uniquely since sub-parts would otherwise be ambiguous.
           _mr_1_1_3_8_r23_n
defmatch: x                  _mr_1_1_3_8_r23_b
         will be matched uniquely since sub-parts would otherwise be ambiguous.
           _mr_1_1_3_8_r24_n
defmatch: x                  _mr_1_1_3_8_r24_b
         will be matched uniquely since sub-parts would otherwise be ambiguous.
           _mr_1_1_3_8_r25_n
defmatch: x                  _mr_1_1_3_8_r25_b
         will be matched uniquely since sub-parts would otherwise be ambiguous.
           _mr_1_1_3_8_r26_n
defmatch: x                  _mr_1_1_3_8_r26_b
         will be matched uniquely since sub-parts would otherwise be ambiguous.
           _mr_1_1_3_8_r27_n
defmatch: x                  _mr_1_1_3_8_r27_b
         will be matched uniquely since sub-parts would otherwise be ambiguous.
           _mr_1_1_3_8_r28_n
defmatch: x                  _mr_1_1_3_8_r28_b
         will be matched uniquely since sub-parts would otherwise be ambiguous.
           _mr_1_1_3_8_r29_n
defmatch: x                  _mr_1_1_3_8_r29_b
         will be matched uniquely since sub-parts would otherwise be ambiguous.
                           _mr_1_1_3_8_r30_n
defmatch: _mr_1_1_3_8_r30_v                  _mr_1_1_3_8_r30_b
         will be matched uniquely since sub-parts would otherwise be ambiguous.
           _mr_1_1_3_8_r31_n
defmatch: x                  _mr_1_1_3_8_r31_b1
         will be matched uniquely since sub-parts would otherwise be ambiguous.
           _mr_1_1_3_8_r32_n
defmatch: x                  _mr_1_1_3_8_r32_b1
         will be matched uniquely since sub-parts would otherwise be ambiguous.
           _mr_1_1_3_8_r33_n
defmatch: x                  _mr_1_1_3_8_r33_b
         will be matched uniquely since sub-parts would otherwise be ambiguous.
           _mr_1_1_3_8_r34_n
defmatch: x                  _mr_1_1_3_8_r34_b
         will be matched uniquely since sub-parts would otherwise be ambiguous.
           _mr_1_1_3_7_r1_n
defmatch: x                 _mr_1_1_3_7_r1_b
         will be matched uniquely since sub-parts would otherwise be ambiguous.
           _mr_1_1_3_7_r2_n
defmatch: x                 _mr_1_1_3_7_r2_b
         will be matched uniquely since sub-parts would otherwise be ambiguous.
           _mr_1_1_3_7_r3_n
defmatch: x                 _mr_1_1_3_7_r3_b
         will be matched uniquely since sub-parts would otherwise be ambiguous.
           _mr_1_1_3_7_r4_n
defmatch: x                 _mr_1_1_3_7_r4_b
         will be matched uniquely since sub-parts would otherwise be ambiguous.
           _mr_1_1_3_7_r5_n
defmatch: x                 _mr_1_1_3_7_r5_b
         will be matched uniquely since sub-parts would otherwise be ambiguous.
           _mr_1_1_3_7_r6_n
defmatch: x                 _mr_1_1_3_7_r6_b
         will be matched uniquely since sub-parts would otherwise be ambiguous.
           _mr_1_1_3_7_r9_n
defmatch: x                 _mr_1_1_3_7_r9_b
         will be matched uniquely since sub-parts would otherwise be ambiguous.
           _mr_1_1_3_7_r27_n
defmatch: x                  _mr_1_1_3_7_r27_b
         will be matched uniquely since sub-parts would otherwise be ambiguous.
           _mr_1_1_3_7_r36_n
defmatch: x                  _mr_1_1_3_7_r36_b
         will be matched uniquely since sub-parts would otherwise be ambiguous.
           _mr_1_1_3_7_r37_n
defmatch: x                  _mr_1_1_3_7_r37_b
         will be matched uniquely since sub-parts would otherwise be ambiguous.
           _mr_1_1_3_7_r38_n
defmatch: x                  _mr_1_1_3_7_r38_b
         will be matched uniquely since sub-parts would otherwise be ambiguous.
           _mr_1_1_3_7_r39_n
defmatch: x                  _mr_1_1_3_7_r39_b
         will be matched uniquely since sub-parts would otherwise be ambiguous.
           _mr_1_1_3_7_r40_n
defmatch: x                  _mr_1_1_3_7_r40_b
         will be matched uniquely since sub-parts would otherwise be ambiguous.
           _mr_1_1_3_7_r41_n
defmatch: x                  _mr_1_1_3_7_r41_b
         will be matched uniquely since sub-parts would otherwise be ambiguous.
           _mr_1_1_3_7_r42_n
defmatch: x                  _mr_1_1_3_7_r42_b
         will be matched uniquely since sub-parts would otherwise be ambiguous.
           _mr_1_1_3_7_r43_n
defmatch: x                  _mr_1_1_3_7_r43_b
         will be matched uniquely since sub-parts would otherwise be ambiguous.
           _mr_1_1_3_7_r44_n
defmatch: x                  _mr_1_1_3_7_r44_b
         will be matched uniquely since sub-parts would otherwise be ambiguous.
           _mr_1_1_3_7_r45_n
defmatch: x                  _mr_1_1_3_7_r45_b
         will be matched uniquely since sub-parts would otherwise be ambiguous.
                           _mr_1_1_3_7_r46_n
defmatch: _mr_1_1_3_7_r46_v                  _mr_1_1_3_7_r46_b
         will be matched uniquely since sub-parts would otherwise be ambiguous.
           _mr_1_1_3_7_r47_n
defmatch: x                  _mr_1_1_3_7_r47_b1
         will be matched uniquely since sub-parts would otherwise be ambiguous.
           _mr_1_1_3_7_r48_n
defmatch: x                  _mr_1_1_3_7_r48_b1
         will be matched uniquely since sub-parts would otherwise be ambiguous.
           _mr_1_1_3_7_r49_n
defmatch: x                  _mr_1_1_3_7_r49_b
         will be matched uniquely since sub-parts would otherwise be ambiguous.
           _mr_1_1_3_7_r50_n
defmatch: x                  _mr_1_1_3_7_r50_b
         will be matched uniquely since sub-parts would otherwise be ambiguous.
           _mr_1_1_3_7_r51_n
defmatch: x                  _mr_1_1_3_7_r51_b
         will be matched uniquely since sub-parts would otherwise be ambiguous.
                                                   _mr_1_1_3_7_r52_n
defmatch: (x _mr_1_1_3_7_r52_d + _mr_1_1_3_7_r52_c)
 _mr_1_1_3_7_r52_b
 will be matched uniquely since sub-parts would otherwise be ambiguous.
                            _mr_1_1_4_4_r1_n
defmatch: _mr_1_1_4_4_r1_b x
         will be matched uniquely since sub-parts would otherwise be ambiguous.
           _mr_1_1_4_4_r1_j
defmatch: x                 _mr_1_1_4_4_r1_a
         will be matched uniquely since sub-parts would otherwise be ambiguous.
                            _mr_1_1_4_4_r2_n
defmatch: _mr_1_1_4_4_r2_b x
         will be matched uniquely since sub-parts would otherwise be ambiguous.
           _mr_1_1_4_4_r2_j
defmatch: x                 _mr_1_1_4_4_r2_a
         will be matched uniquely since sub-parts would otherwise be ambiguous.
                            _mr_1_1_4_4_r3_n
defmatch: _mr_1_1_4_4_r3_b x
         will be matched uniquely since sub-parts would otherwise be ambiguous.
           _mr_1_1_4_4_r3_j
defmatch: x                 _mr_1_1_4_4_r3_a
         will be matched uniquely since sub-parts would otherwise be ambiguous.
                            _mr_1_1_4_4_r4_n
defmatch: _mr_1_1_4_4_r4_b x
         will be matched uniquely since sub-parts would otherwise be ambiguous.
           _mr_1_1_4_4_r4_j
defmatch: x                 _mr_1_1_4_4_r4_a
         will be matched uniquely since sub-parts would otherwise be ambiguous.
                            _mr_1_1_4_4_r5_n
defmatch: _mr_1_1_4_4_r5_b x
         will be matched uniquely since sub-parts would otherwise be ambiguous.
           _mr_1_1_4_4_r5_j
defmatch: x                 _mr_1_1_4_4_r5_a
         will be matched uniquely since sub-parts would otherwise be ambiguous.
                            _mr_1_1_4_4_r6_n
defmatch: _mr_1_1_4_4_r6_b x
         will be matched uniquely since sub-parts would otherwise be ambiguous.
           _mr_1_1_4_4_r6_j
defmatch: x                 _mr_1_1_4_4_r6_a
         will be matched uniquely since sub-parts would otherwise be ambiguous.
                            _mr_1_1_4_4_r7_n
defmatch: _mr_1_1_4_4_r7_b x
         will be matched uniquely since sub-parts would otherwise be ambiguous.
           _mr_1_1_4_4_r7_j
defmatch: x                 _mr_1_1_4_4_r7_a
         will be matched uniquely since sub-parts would otherwise be ambiguous.
                            _mr_1_1_4_4_r8_n
defmatch: _mr_1_1_4_4_r8_b x
         will be matched uniquely since sub-parts would otherwise be ambiguous.
           _mr_1_1_4_4_r8_j
defmatch: x                 _mr_1_1_4_4_r8_a
         will be matched uniquely since sub-parts would otherwise be ambiguous.
                            _mr_1_1_4_4_r9_n
defmatch: _mr_1_1_4_4_r9_b x
         will be matched uniquely since sub-parts would otherwise be ambiguous.
           _mr_1_1_4_4_r9_j
defmatch: x                 _mr_1_1_4_4_r9_a
         will be matched uniquely since sub-parts would otherwise be ambiguous.
                             _mr_1_1_4_4_r10_n
defmatch: _mr_1_1_4_4_r10_b x
         will be matched uniquely since sub-parts would otherwise be ambiguous.
           _mr_1_1_4_4_r10_j
defmatch: x                  _mr_1_1_4_4_r10_a
         will be matched uniquely since sub-parts would otherwise be ambiguous.
                             _mr_1_1_4_4_r11_n
defmatch: _mr_1_1_4_4_r11_b x
         will be matched uniquely since sub-parts would otherwise be ambiguous.
           _mr_1_1_4_4_r11_j
defmatch: x                  _mr_1_1_4_4_r11_a
         will be matched uniquely since sub-parts would otherwise be ambiguous.
                           _mr_1_3_3_r18_s
defmatch: _mr_1_3_3_r18_b x
         will be matched uniquely since sub-parts would otherwise be ambiguous.
           _mr_1_3_3_r18_r
defmatch: x                _mr_1_3_3_r18_a
         will be matched uniquely since sub-parts would otherwise be ambiguous.
                           _mr_1_3_3_r19_t
defmatch: _mr_1_3_3_r19_c x
         will be matched uniquely since sub-parts would otherwise be ambiguous.
                           _mr_1_3_3_r19_s
defmatch: _mr_1_3_3_r19_b x
         will be matched uniquely since sub-parts would otherwise be ambiguous.
           _mr_1_3_3_r19_r
defmatch: x                _mr_1_3_3_r19_a
         will be matched uniquely since sub-parts would otherwise be ambiguous.
                           _mr_1_3_3_r20_t
defmatch: _mr_1_3_3_r20_c x
         will be matched uniquely since sub-parts would otherwise be ambiguous.
                           _mr_1_3_3_r20_s
defmatch: _mr_1_3_3_r20_b x
         will be matched uniquely since sub-parts would otherwise be ambiguous.
                           _mr_1_3_3_r20_r
defmatch: _mr_1_3_3_r20_a x
         will be matched uniquely since sub-parts would otherwise be ambiguous.
           _mr_1_3_3_r20_q
defmatch: x                _mr_1_3_3_r20_d
         will be matched uniquely since sub-parts would otherwise be ambiguous.
           _mr_1_3_4_r13_n2
defmatch: x                 _mr_1_3_4_r13_d
         will be matched uniquely since sub-parts would otherwise be ambiguous.
                           _mr_1_3_4_r14_n2
defmatch: _mr_1_3_4_r14_d x
         will be matched uniquely since sub-parts would otherwise be ambiguous.
                           _mr_1_3_4_r14_n
defmatch: _mr_1_3_4_r14_c x
         will be matched uniquely since sub-parts would otherwise be ambiguous.
           _mr_1_3_4_r14_k
defmatch: x                _mr_1_3_4_r14_b
         will be matched uniquely since sub-parts would otherwise be ambiguous.
defmatch: _mr_1_4_3_r1_f sqrt(x _mr_1_4_3_r1_d + _mr_1_4_3_r1_c)
         will be matched uniquely since sub-parts would otherwise be ambiguous.
defmatch: sqrt(x _mr_1_4_3_r1_b + _mr_1_4_3_r1_a) _mr_1_4_3_r1_e
         will be matched uniquely since sub-parts would otherwise be ambiguous.
defmatch: _mr_1_4_3_r2_f sqrt(x _mr_1_4_3_r2_d + _mr_1_4_3_r2_c)
         will be matched uniquely since sub-parts would otherwise be ambiguous.
defmatch: sqrt(x _mr_1_4_3_r2_b + _mr_1_4_3_r2_a) _mr_1_4_3_r2_e
         will be matched uniquely since sub-parts would otherwise be ambiguous.
defmatch: _mr_1_4_3_r3_f sqrt(x _mr_1_4_3_r3_d + _mr_1_4_3_r3_c)
         will be matched uniquely since sub-parts would otherwise be ambiguous.
defmatch: sqrt(x _mr_1_4_3_r3_b + _mr_1_4_3_r3_a) _mr_1_4_3_r3_e
         will be matched uniquely since sub-parts would otherwise be ambiguous.
           _mr_1_4_3_r4_p
defmatch: x               _mr_1_4_3_r4_b
         will be matched uniquely since sub-parts would otherwise be ambiguous.
                               _mr_1_4_3_r4_p
defmatch: _mr_1_4_3_r4_c sqrt(x               _mr_1_4_3_r4_b + _mr_1_4_3_r4_a)
         will be matched uniquely since sub-parts would otherwise be ambiguous.
           _mr_1_4_3_r4_n
defmatch: x               _mr_1_4_3_r4_d
         will be matched uniquely since sub-parts would otherwise be ambiguous.
           _mr_1_4_3_r5_p
defmatch: x               _mr_1_4_3_r5_b
         will be matched uniquely since sub-parts would otherwise be ambiguous.
                               _mr_1_4_3_r5_p
defmatch: _mr_1_4_3_r5_c sqrt(x               _mr_1_4_3_r5_b + _mr_1_4_3_r5_a)
         will be matched uniquely since sub-parts would otherwise be ambiguous.
           _mr_1_4_3_r5_n
defmatch: x               _mr_1_4_3_r5_d
         will be matched uniquely since sub-parts would otherwise be ambiguous.
                2
defmatch: sqrt(x  _mr_1_4_3_r12_c + x _mr_1_4_3_r12_b + _mr_1_4_3_r12_a)
 _mr_1_4_3_r12_f
 will be matched uniquely since sub-parts would otherwise be ambiguous.
defmatch: (_mr_1_4_3_r13_k sqrt(_mr_1_4_3_r13_v) + _mr_1_4_3_r13_j)
 _mr_1_4_3_r13_f
 will be matched uniquely since sub-parts would otherwise be ambiguous.
                2
defmatch: sqrt(x  _mr_1_4_3_r14_c + x _mr_1_4_3_r14_b + _mr_1_4_3_r14_a)
 _mr_1_4_3_r14_f
 will be matched uniquely since sub-parts would otherwise be ambiguous.
                     2
defmatch: expt(sqrt(x  _mr_1_4_3_r14_c + x _mr_1_4_3_r14_b + _mr_1_4_3_r14_a)
 _mr_1_4_3_r14_f + x _mr_1_4_3_r14_e + _mr_1_4_3_r14_d, _mr_1_4_3_r14_n)
 _mr_1_4_3_r14_h
 will be matched uniquely since sub-parts would otherwise be ambiguous.
                2
defmatch: sqrt(x  _mr_1_4_3_r15_c + _mr_1_4_3_r15_a) _mr_1_4_3_r15_f
         will be matched uniquely since sub-parts would otherwise be ambiguous.
                     2
defmatch: expt(sqrt(x  _mr_1_4_3_r15_c + _mr_1_4_3_r15_a) _mr_1_4_3_r15_f
 + x _mr_1_4_3_r15_e + _mr_1_4_3_r15_d, _mr_1_4_3_r15_n) _mr_1_4_3_r15_h
 will be matched uniquely since sub-parts would otherwise be ambiguous.
defmatch: sqrt(_mr_1_4_3_r16_v) _mr_1_4_3_r16_f
         will be matched uniquely since sub-parts would otherwise be ambiguous.
defmatch: 
                                                         _mr_1_4_3_r16_n
(sqrt(_mr_1_4_3_r16_v) _mr_1_4_3_r16_f + _mr_1_4_3_r16_u)
 _mr_1_4_3_r16_h
 will be matched uniquely since sub-parts would otherwise be ambiguous.
                2
defmatch: sqrt(x  _mr_1_4_3_r19_c + x _mr_1_4_3_r19_b + _mr_1_4_3_r19_a)
 _mr_1_4_3_r19_f
 will be matched uniquely since sub-parts would otherwise be ambiguous.
                2
defmatch: sqrt(x  _mr_1_4_3_r20_c + _mr_1_4_3_r20_a) _mr_1_4_3_r20_f
         will be matched uniquely since sub-parts would otherwise be ambiguous.
                2
defmatch: sqrt(x  _mr_1_4_3_r21_c + x _mr_1_4_3_r21_b + _mr_1_4_3_r21_a)
 _mr_1_4_3_r21_f
 will be matched uniquely since sub-parts would otherwise be ambiguous.
                2
defmatch: sqrt(x  _mr_1_4_3_r22_c + _mr_1_4_3_r22_a) _mr_1_4_3_r22_f
         will be matched uniquely since sub-parts would otherwise be ambiguous.
                2
defmatch: sqrt(x  _mr_1_4_3_r23_c + x _mr_1_4_3_r23_b + _mr_1_4_3_r23_a)
 _mr_1_4_3_r23_f
 will be matched uniquely since sub-parts would otherwise be ambiguous.
                2
defmatch: sqrt(x  _mr_1_4_3_r24_c + _mr_1_4_3_r24_a) _mr_1_4_3_r24_f
         will be matched uniquely since sub-parts would otherwise be ambiguous.
defmatch: (_mr_1_4_3_r25_k sqrt(_mr_1_4_3_r25_v) + _mr_1_4_3_r25_j)
 _mr_1_4_3_r25_f
 will be matched uniquely since sub-parts would otherwise be ambiguous.
           _mr_1_4_3_r26_n
defmatch: x                _mr_1_4_3_r26_b
         will be matched uniquely since sub-parts would otherwise be ambiguous.
                2
defmatch: sqrt(x  _mr_1_4_3_r27_d + _mr_1_4_3_r27_c) _mr_1_4_3_r27_b
         will be matched uniquely since sub-parts would otherwise be ambiguous.
           _mr_1_4_3_r57_n
defmatch: x                _mr_1_4_3_r57_d
         will be matched uniquely since sub-parts would otherwise be ambiguous.
           _mr_1_4_3_r57_nn
defmatch: x                 _mr_1_4_3_r57_b
         will be matched uniquely since sub-parts would otherwise be ambiguous.
           _mr_1_4_3_r58_n
defmatch: x                _mr_1_4_3_r58_d
         will be matched uniquely since sub-parts would otherwise be ambiguous.
           _mr_1_4_3_r58_nn
defmatch: x                 _mr_1_4_3_r58_b
         will be matched uniquely since sub-parts would otherwise be ambiguous.
           _mr_1_4_3_r59_n
defmatch: x                _mr_1_4_3_r59_b
         will be matched uniquely since sub-parts would otherwise be ambiguous.
                                _mr_1_4_3_r59_n
defmatch: _mr_1_4_3_r59_e sqrt(x                _mr_1_4_3_r59_b
 + _mr_1_4_3_r59_a)
 will be matched uniquely since sub-parts would otherwise be ambiguous.
           _mr_1_4_3_r59_n
defmatch: x                _mr_1_4_3_r59_d
         will be matched uniquely since sub-parts would otherwise be ambiguous.
           _mr_1_4_3_r60_n
defmatch: x                _mr_1_4_3_r60_b
         will be matched uniquely since sub-parts would otherwise be ambiguous.
                                _mr_1_4_3_r60_n
defmatch: _mr_1_4_3_r60_e sqrt(x                _mr_1_4_3_r60_b
 + _mr_1_4_3_r60_a)
 will be matched uniquely since sub-parts would otherwise be ambiguous.
           _mr_1_4_3_r60_n
defmatch: x                _mr_1_4_3_r60_d
         will be matched uniquely since sub-parts would otherwise be ambiguous.
mr_f:(a+b*x)*(c+d*x)*(e+f*x)*(g+h*x)
disp(concat("R1  _mr_pat_1_1_1_4_r1(e1) = ",
            string(_mr_pat_1_1_1_4_r1(mr_f,x))))
                      R1  _mr_pat_1_1_1_4_r1(e1) = false

disp(concat("R1c m-explicit is-match = ",
            string(is(_mr_pat_1_1_1_4_r1((a+b*x)^2*(c+d*x)*(e+f*x)*(g+h*x),x)
                        = false))))
                        R1c m-explicit is-match = true

disp(MFBFD)
                                     MFBFD

 /home/serge/src/maxima-rubi/.worktrees/milestone-1/probes/maxima/probe-matchf\
ix-bare-factor.mac
