## arm refV
# entry 1.1 Binomial products/1.1.1 Linear/1.1.1.2 (a+b x)^m (c+d x)^n.mac e1729  integrand 1/((1-a*x)^(1/4)*(1+b*x)^(3/4))
# core /home/serge/src/mr-attr-base/test/mr_rules.core  cap 60  hit_cap False  cpu [4.879748]
fired    1_2_1_2 r3  ((sqrt(2)*b^(1/4))/a^(1/4)-2*x)/(a^(3/4)*x^2-sqrt(2)*sqrt(a)*b^(1/4)*x+a^(1/4)*sqrt(b))
fired    9_1 r12  (a^(3/4)*((sqrt(2)*b^(1/4))/a^(1/4)-2*x))/(a^(3/4)*x^2-sqrt(2)*sqrt(a)*b^(1/4)*x+a^(1/4)*sqrt(b))
fired    9_1 r10  -((a^(3/4)*((sqrt(2)*b^(1/4))/a^(1/4)-2*x))/(a^(3/4)*x^2-sqrt(2)*sqrt(a)*b^(1/4)*x+a^(1/4)*sqrt(b)))
fired    1_2_1_2 r3  (2*x+(sqrt(2)*b^(1/4))/a^(1/4))/(a^(3/4)*x^2+sqrt(2)*sqrt(a)*b^(1/4)*x+a^(1/4)*sqrt(b))
fired    9_1 r12  (a^(3/4)*(2*x+(sqrt(2)*b^(1/4))/a^(1/4)))/(a^(3/4)*x^2+sqrt(2)*sqrt(a)*b^(1/4)*x+a^(1/4)*sqrt(b))
fired    9_1 r10  -((a^(3/4)*(2*x+(sqrt(2)*b^(1/4))/a^(1/4)))/(a^(3/4)*x^2+sqrt(2)*sqrt(a)*b^(1/4)*x+a^(1/4)*sqrt(b)))
fired    1_2_2_3 r23  (sqrt(b)-sqrt(a)*x^2)/((a*x^4)/b+1)
fired    1_1_2_1 r11  1/(-x^2-1)
fired    1_2_1_1 r11  1/(a^(3/4)*x^2+sqrt(2)*sqrt(a)*b^(1/4)*x+a^(1/4)*sqrt(b))
fired    9_1 r12  a^(3/4)/(a^(3/4)*x^2+sqrt(2)*sqrt(a)*b^(1/4)*x+a^(1/4)*sqrt(b))
fired    1_1_2_1 r11  1/(-x^2-1)
fired    1_2_1_1 r11  1/(a^(3/4)*x^2-sqrt(2)*sqrt(a)*b^(1/4)*x+a^(1/4)*sqrt(b))
fired    9_1 r12  a^(3/4)/(a^(3/4)*x^2-sqrt(2)*sqrt(a)*b^(1/4)*x+a^(1/4)*sqrt(b))
fired    1_2_2_3 r20  (sqrt(a)*x^2+sqrt(b))/((a*x^4)/b+1)
fired    1_1_3_1 r23  1/((a*x^4)/b+1)
fired    1_1_3_1 r52  1/(-((a*x^4)/b)+a/b+1)^(1/4)
fired    1_1_1_2 r32  1/((1-a*x)^(1/4)*(b*x+1)^(3/4))
RUBI-CPU 4.8329390000000005 
ANSWER-LEN 469 UNINT false 
ANSWER (log((a^(3/4)*(1-a*x)^(1/4)*sqrt(b*x+1)+sqrt(2)*sqrt(a)*b^(1/4)*sqrt(1-a*x)*(b*x+1)^(1/4)+a^(1/4)*sqrt(b)*(1-a*x)^(3/4))/(1-a*x)^(3/4))-log((a^(3/4)*(1-a*x)^(1/4)*sqrt(b*x+1)-sqrt(2)*sqrt(a)*b^(1/4)*sqrt(1-a*x)*(b*x+1)^(1/4)+a^(1/4)*sqrt(b)*(1-a*x)^(3/4))/(1-a*x)^(3/4))+2*atan((sqrt(2)*a^(1/4)*(b*x+1)^(1/4)+b^(1/4)*(1-a*x)^(1/4))/(b^(1/4)*(1-a*x)^(1/4)))-2*atan((b^(1/4)*(1-a*x)^(1/4)-sqrt(2)*a^(1/4)*(b*x+1)^(1/4))/(b^(1/4)*(1-a*x)^(1/4))))/(sqrt(2)*a^(1/4)*b^(3/4)) 

## arm newV
# entry 1.1 Binomial products/1.1.1 Linear/1.1.1.2 (a+b x)^m (c+d x)^n.mac e1729  integrand 1/((1-a*x)^(1/4)*(1+b*x)^(3/4))
# core /home/serge/src/mr-attr/test/mr_rules.core  cap 60  hit_cap False  cpu [5.378753]
fired    1_2_1_2 r3  ((sqrt(2)*b^(1/4))/a^(1/4)-2*x)/(a^(3/4)*x^2-sqrt(2)*sqrt(a)*b^(1/4)*x+a^(1/4)*sqrt(b))
fired    9_1 r12  (a^(3/4)*((sqrt(2)*b^(1/4))/a^(1/4)-2*x))/(a^(3/4)*x^2-sqrt(2)*sqrt(a)*b^(1/4)*x+a^(1/4)*sqrt(b))
fired    9_1 r10  -((a^(3/4)*((sqrt(2)*b^(1/4))/a^(1/4)-2*x))/(a^(3/4)*x^2-sqrt(2)*sqrt(a)*b^(1/4)*x+a^(1/4)*sqrt(b)))
fired    1_2_1_2 r3  (2*x+(sqrt(2)*b^(1/4))/a^(1/4))/(a^(3/4)*x^2+sqrt(2)*sqrt(a)*b^(1/4)*x+a^(1/4)*sqrt(b))
fired    9_1 r12  (a^(3/4)*(2*x+(sqrt(2)*b^(1/4))/a^(1/4)))/(a^(3/4)*x^2+sqrt(2)*sqrt(a)*b^(1/4)*x+a^(1/4)*sqrt(b))
fired    9_1 r10  -((a^(3/4)*(2*x+(sqrt(2)*b^(1/4))/a^(1/4)))/(a^(3/4)*x^2+sqrt(2)*sqrt(a)*b^(1/4)*x+a^(1/4)*sqrt(b)))
fired    1_2_2_3 r23  (sqrt(b)-sqrt(a)*x^2)/((a*x^4)/b+1)
fired    1_1_2_1 r11  1/(-x^2-1)
fired    1_2_1_1 r11  1/(a^(3/4)*x^2+sqrt(2)*sqrt(a)*b^(1/4)*x+a^(1/4)*sqrt(b))
fired    9_1 r12  a^(3/4)/(a^(3/4)*x^2+sqrt(2)*sqrt(a)*b^(1/4)*x+a^(1/4)*sqrt(b))
fired    1_1_2_1 r11  1/(-x^2-1)
fired    1_2_1_1 r11  1/(a^(3/4)*x^2-sqrt(2)*sqrt(a)*b^(1/4)*x+a^(1/4)*sqrt(b))
fired    9_1 r12  a^(3/4)/(a^(3/4)*x^2-sqrt(2)*sqrt(a)*b^(1/4)*x+a^(1/4)*sqrt(b))
fired    1_2_2_3 r20  (sqrt(a)*x^2+sqrt(b))/((a*x^4)/b+1)
fired    1_1_3_1 r23  1/((a*x^4)/b+1)
fired    1_1_3_1 r52  1/(-((a*x^4)/b)+a/b+1)^(1/4)
fired    1_1_1_2 r32  1/((1-a*x)^(1/4)*(b*x+1)^(3/4))
RUBI-CPU 5.317502999999999 
ANSWER-LEN 469 UNINT false 
ANSWER (log((a^(3/4)*(1-a*x)^(1/4)*sqrt(b*x+1)+sqrt(2)*sqrt(a)*b^(1/4)*sqrt(1-a*x)*(b*x+1)^(1/4)+a^(1/4)*sqrt(b)*(1-a*x)^(3/4))/(1-a*x)^(3/4))-log((a^(3/4)*(1-a*x)^(1/4)*sqrt(b*x+1)-sqrt(2)*sqrt(a)*b^(1/4)*sqrt(1-a*x)*(b*x+1)^(1/4)+a^(1/4)*sqrt(b)*(1-a*x)^(3/4))/(1-a*x)^(3/4))+2*atan((sqrt(2)*a^(1/4)*(b*x+1)^(1/4)+b^(1/4)*(1-a*x)^(1/4))/(b^(1/4)*(1-a*x)^(1/4)))-2*atan((b^(1/4)*(1-a*x)^(1/4)-sqrt(2)*a^(1/4)*(b*x+1)^(1/4))/(b^(1/4)*(1-a*x)^(1/4))))/(sqrt(2)*a^(1/4)*b^(3/4)) 

## arm refV
# entry 1.1 Binomial products/1.1.2 Quadratic/1.1.2.2 (c x)^m (a+b x^2)^p.mac e293  integrand 1/(x^(3/2)*(a+b*x^2))
# core /home/serge/src/mr-attr-base/test/mr_rules.core  cap 60  hit_cap False  cpu [3.868097]
fired    1_1_2_1 r11  1/(-x^2-1)
fired    1_2_1_1 r11  1/(b^(3/4)*x^2+sqrt(2)*a^(1/4)*sqrt(b)*x+sqrt(a)*b^(1/4))
fired    9_1 r12  b^(3/4)/(b^(3/4)*x^2+sqrt(2)*a^(1/4)*sqrt(b)*x+sqrt(a)*b^(1/4))
fired    1_1_2_1 r11  1/(-x^2-1)
fired    1_2_1_1 r11  1/(b^(3/4)*x^2-sqrt(2)*a^(1/4)*sqrt(b)*x+sqrt(a)*b^(1/4))
fired    9_1 r12  b^(3/4)/(b^(3/4)*x^2-sqrt(2)*a^(1/4)*sqrt(b)*x+sqrt(a)*b^(1/4))
fired    1_2_2_3 r20  (sqrt(b)*x^2+sqrt(a))/(b*x^4+a)
fired    1_2_1_2 r3  ((sqrt(2)*a^(1/4))/b^(1/4)-2*x)/(b^(3/4)*x^2-sqrt(2)*a^(1/4)*sqrt(b)*x+sqrt(a)*b^(1/4))
fired    9_1 r12  (b^(3/4)*((sqrt(2)*a^(1/4))/b^(1/4)-2*x))/(b^(3/4)*x^2-sqrt(2)*a^(1/4)*sqrt(b)*x+sqrt(a)*b^(1/4))
fired    9_1 r10  -((b^(3/4)*((sqrt(2)*a^(1/4))/b^(1/4)-2*x))/(b^(3/4)*x^2-sqrt(2)*a^(1/4)*sqrt(b)*x+sqrt(a)*b^(1/4)))
fired    1_2_1_2 r3  (2*x+(sqrt(2)*a^(1/4))/b^(1/4))/(b^(3/4)*x^2+sqrt(2)*a^(1/4)*sqrt(b)*x+sqrt(a)*b^(1/4))
fired    9_1 r12  (b^(3/4)*(2*x+(sqrt(2)*a^(1/4))/b^(1/4)))/(b^(3/4)*x^2+sqrt(2)*a^(1/4)*sqrt(b)*x+sqrt(a)*b^(1/4))
fired    9_1 r10  -((b^(3/4)*(2*x+(sqrt(2)*a^(1/4))/b^(1/4)))/(b^(3/4)*x^2+sqrt(2)*a^(1/4)*sqrt(b)*x+sqrt(a)*b^(1/4)))
fired    1_2_2_3 r23  (sqrt(a)-sqrt(b)*x^2)/(b*x^4+a)
fired    1_1_3_2 r39  x^2/(b*x^4+a)
fired    1_1_2_2 r27  sqrt(x)/(b*x^2+a)
fired    1_1_2_2 r25  1/(x^(3/2)*(b*x^2+a))
RUBI-CPU 3.824354 
ANSWER-LEN 269 UNINT false 
ANSWER (b^(1/4)*(log(b^(3/4)*x+sqrt(2)*a^(1/4)*sqrt(b)*sqrt(x)+sqrt(a)*b^(1/4))-log(b^(3/4)*x-sqrt(2)*a^(1/4)*sqrt(b)*sqrt(x)+sqrt(a)*b^(1/4))-2*atan((sqrt(2)*b^(1/4)*sqrt(x)+a^(1/4))/a^(1/4))-2*atan((sqrt(2)*b^(1/4)*sqrt(x)-a^(1/4))/a^(1/4))))/(2^(3/2)*a^(5/4))-2/(a*sqrt(x)) 

## arm newV
# entry 1.1 Binomial products/1.1.2 Quadratic/1.1.2.2 (c x)^m (a+b x^2)^p.mac e293  integrand 1/(x^(3/2)*(a+b*x^2))
# core /home/serge/src/mr-attr/test/mr_rules.core  cap 60  hit_cap False  cpu [4.584872]
fired    1_1_2_1 r11  1/(-x^2-1)
fired    1_2_1_1 r11  1/(b^(3/4)*x^2+sqrt(2)*a^(1/4)*sqrt(b)*x+sqrt(a)*b^(1/4))
fired    9_1 r12  b^(3/4)/(b^(3/4)*x^2+sqrt(2)*a^(1/4)*sqrt(b)*x+sqrt(a)*b^(1/4))
fired    1_1_2_1 r11  1/(-x^2-1)
fired    1_2_1_1 r11  1/(b^(3/4)*x^2-sqrt(2)*a^(1/4)*sqrt(b)*x+sqrt(a)*b^(1/4))
fired    9_1 r12  b^(3/4)/(b^(3/4)*x^2-sqrt(2)*a^(1/4)*sqrt(b)*x+sqrt(a)*b^(1/4))
fired    1_2_2_3 r20  (sqrt(b)*x^2+sqrt(a))/(b*x^4+a)
fired    1_2_1_2 r3  ((sqrt(2)*a^(1/4))/b^(1/4)-2*x)/(b^(3/4)*x^2-sqrt(2)*a^(1/4)*sqrt(b)*x+sqrt(a)*b^(1/4))
fired    9_1 r12  (b^(3/4)*((sqrt(2)*a^(1/4))/b^(1/4)-2*x))/(b^(3/4)*x^2-sqrt(2)*a^(1/4)*sqrt(b)*x+sqrt(a)*b^(1/4))
fired    9_1 r10  -((b^(3/4)*((sqrt(2)*a^(1/4))/b^(1/4)-2*x))/(b^(3/4)*x^2-sqrt(2)*a^(1/4)*sqrt(b)*x+sqrt(a)*b^(1/4)))
fired    1_2_1_2 r3  (2*x+(sqrt(2)*a^(1/4))/b^(1/4))/(b^(3/4)*x^2+sqrt(2)*a^(1/4)*sqrt(b)*x+sqrt(a)*b^(1/4))
fired    9_1 r12  (b^(3/4)*(2*x+(sqrt(2)*a^(1/4))/b^(1/4)))/(b^(3/4)*x^2+sqrt(2)*a^(1/4)*sqrt(b)*x+sqrt(a)*b^(1/4))
fired    9_1 r10  -((b^(3/4)*(2*x+(sqrt(2)*a^(1/4))/b^(1/4)))/(b^(3/4)*x^2+sqrt(2)*a^(1/4)*sqrt(b)*x+sqrt(a)*b^(1/4)))
fired    1_2_2_3 r23  (sqrt(a)-sqrt(b)*x^2)/(b*x^4+a)
fired    1_1_3_2 r39  x^2/(b*x^4+a)
fired    1_1_2_2 r27  sqrt(x)/(b*x^2+a)
fired    1_1_2_2 r25  1/(x^(3/2)*(b*x^2+a))
RUBI-CPU 4.545432 
ANSWER-LEN 269 UNINT false 
ANSWER (b^(1/4)*(log(b^(3/4)*x+sqrt(2)*a^(1/4)*sqrt(b)*sqrt(x)+sqrt(a)*b^(1/4))-log(b^(3/4)*x-sqrt(2)*a^(1/4)*sqrt(b)*sqrt(x)+sqrt(a)*b^(1/4))-2*atan((sqrt(2)*b^(1/4)*sqrt(x)+a^(1/4))/a^(1/4))-2*atan((sqrt(2)*b^(1/4)*sqrt(x)-a^(1/4))/a^(1/4))))/(2^(3/2)*a^(5/4))-2/(a*sqrt(x)) 

## arm refV
# entry 1.1 Binomial products/1.1.2 Quadratic/1.1.2.2 (c x)^m (a+b x^2)^p.mac e310  integrand 1/(x^(5/2)*(a+b*x^2)^3)
# core /home/serge/src/mr-attr-base/test/mr_rules.core  cap 60  hit_cap False  cpu [4.006976]
fired    1_2_1_2 r3  ((sqrt(2)*a^(1/4))/b^(1/4)-2*x)/(b^(3/4)*x^2-sqrt(2)*a^(1/4)*sqrt(b)*x+sqrt(a)*b^(1/4))
fired    9_1 r12  (b^(3/4)*((sqrt(2)*a^(1/4))/b^(1/4)-2*x))/(b^(3/4)*x^2-sqrt(2)*a^(1/4)*sqrt(b)*x+sqrt(a)*b^(1/4))
fired    9_1 r10  -((b^(3/4)*((sqrt(2)*a^(1/4))/b^(1/4)-2*x))/(b^(3/4)*x^2-sqrt(2)*a^(1/4)*sqrt(b)*x+sqrt(a)*b^(1/4)))
fired    1_2_1_2 r3  (2*x+(sqrt(2)*a^(1/4))/b^(1/4))/(b^(3/4)*x^2+sqrt(2)*a^(1/4)*sqrt(b)*x+sqrt(a)*b^(1/4))
fired    9_1 r12  (b^(3/4)*(2*x+(sqrt(2)*a^(1/4))/b^(1/4)))/(b^(3/4)*x^2+sqrt(2)*a^(1/4)*sqrt(b)*x+sqrt(a)*b^(1/4))
fired    9_1 r10  -((b^(3/4)*(2*x+(sqrt(2)*a^(1/4))/b^(1/4)))/(b^(3/4)*x^2+sqrt(2)*a^(1/4)*sqrt(b)*x+sqrt(a)*b^(1/4)))
fired    1_2_2_3 r23  (sqrt(a)-sqrt(b)*x^2)/(b*x^4+a)
fired    1_1_2_1 r11  1/(-x^2-1)
fired    1_2_1_1 r11  1/(b^(3/4)*x^2+sqrt(2)*a^(1/4)*sqrt(b)*x+sqrt(a)*b^(1/4))
fired    9_1 r12  b^(3/4)/(b^(3/4)*x^2+sqrt(2)*a^(1/4)*sqrt(b)*x+sqrt(a)*b^(1/4))
fired    1_1_2_1 r11  1/(-x^2-1)
fired    1_2_1_1 r11  1/(b^(3/4)*x^2-sqrt(2)*a^(1/4)*sqrt(b)*x+sqrt(a)*b^(1/4))
fired    9_1 r12  b^(3/4)/(b^(3/4)*x^2-sqrt(2)*a^(1/4)*sqrt(b)*x+sqrt(a)*b^(1/4))
fired    1_2_2_3 r20  (sqrt(b)*x^2+sqrt(a))/(b*x^4+a)
fired    1_1_3_1 r23  1/(b*x^4+a)
fired    1_1_2_2 r27  1/(sqrt(x)*(b*x^2+a))
fired    1_1_2_2 r25  1/(x^(5/2)*(b*x^2+a))
fired    1_1_2_2 r14  1/(x^(5/2)*(b*x^2+a)^2)
fired    1_1_2_2 r14  1/(x^(5/2)*(b*x^2+a)^3)
RUBI-CPU 3.971142 
ANSWER-LEN 353 UNINT false 
ANSWER (11*((7*(-((b^(3/4)*(log(b^(3/4)*x+sqrt(2)*a^(1/4)*sqrt(b)*sqrt(x)+sqrt(a)*b^(1/4))-log(b^(3/4)*x-sqrt(2)*a^(1/4)*sqrt(b)*sqrt(x)+sqrt(a)*b^(1/4))+2*atan((sqrt(2)*b^(1/4)*sqrt(x)+a^(1/4))/a^(1/4))+2*atan((sqrt(2)*b^(1/4)*sqrt(x)-a^(1/4))/a^(1/4))))/(2^(3/2)*a^(7/4)))-2/(3*a*x^(3/2))))/(4*a)+1/(2*a*x^(3/2)*(b*x^2+a))))/(8*a)+1/(4*a*x^(3/2)*(b*x^2+a)^2) 

## arm newV
# entry 1.1 Binomial products/1.1.2 Quadratic/1.1.2.2 (c x)^m (a+b x^2)^p.mac e310  integrand 1/(x^(5/2)*(a+b*x^2)^3)
# core /home/serge/src/mr-attr/test/mr_rules.core  cap 60  hit_cap False  cpu [4.327174]
fired    1_2_1_2 r3  ((sqrt(2)*a^(1/4))/b^(1/4)-2*x)/(b^(3/4)*x^2-sqrt(2)*a^(1/4)*sqrt(b)*x+sqrt(a)*b^(1/4))
fired    9_1 r12  (b^(3/4)*((sqrt(2)*a^(1/4))/b^(1/4)-2*x))/(b^(3/4)*x^2-sqrt(2)*a^(1/4)*sqrt(b)*x+sqrt(a)*b^(1/4))
fired    9_1 r10  -((b^(3/4)*((sqrt(2)*a^(1/4))/b^(1/4)-2*x))/(b^(3/4)*x^2-sqrt(2)*a^(1/4)*sqrt(b)*x+sqrt(a)*b^(1/4)))
fired    1_2_1_2 r3  (2*x+(sqrt(2)*a^(1/4))/b^(1/4))/(b^(3/4)*x^2+sqrt(2)*a^(1/4)*sqrt(b)*x+sqrt(a)*b^(1/4))
fired    9_1 r12  (b^(3/4)*(2*x+(sqrt(2)*a^(1/4))/b^(1/4)))/(b^(3/4)*x^2+sqrt(2)*a^(1/4)*sqrt(b)*x+sqrt(a)*b^(1/4))
fired    9_1 r10  -((b^(3/4)*(2*x+(sqrt(2)*a^(1/4))/b^(1/4)))/(b^(3/4)*x^2+sqrt(2)*a^(1/4)*sqrt(b)*x+sqrt(a)*b^(1/4)))
fired    1_2_2_3 r23  (sqrt(a)-sqrt(b)*x^2)/(b*x^4+a)
fired    1_1_2_1 r11  1/(-x^2-1)
fired    1_2_1_1 r11  1/(b^(3/4)*x^2+sqrt(2)*a^(1/4)*sqrt(b)*x+sqrt(a)*b^(1/4))
fired    9_1 r12  b^(3/4)/(b^(3/4)*x^2+sqrt(2)*a^(1/4)*sqrt(b)*x+sqrt(a)*b^(1/4))
fired    1_1_2_1 r11  1/(-x^2-1)
fired    1_2_1_1 r11  1/(b^(3/4)*x^2-sqrt(2)*a^(1/4)*sqrt(b)*x+sqrt(a)*b^(1/4))
fired    9_1 r12  b^(3/4)/(b^(3/4)*x^2-sqrt(2)*a^(1/4)*sqrt(b)*x+sqrt(a)*b^(1/4))
fired    1_2_2_3 r20  (sqrt(b)*x^2+sqrt(a))/(b*x^4+a)
fired    1_1_3_1 r23  1/(b*x^4+a)
fired    1_1_2_2 r27  1/(sqrt(x)*(b*x^2+a))
fired    1_1_2_2 r25  1/(x^(5/2)*(b*x^2+a))
fired    1_1_2_2 r14  1/(x^(5/2)*(b*x^2+a)^2)
fired    1_1_2_2 r14  1/(x^(5/2)*(b*x^2+a)^3)
RUBI-CPU 4.286513 
ANSWER-LEN 353 UNINT false 
ANSWER (11*((7*(-((b^(3/4)*(log(b^(3/4)*x+sqrt(2)*a^(1/4)*sqrt(b)*sqrt(x)+sqrt(a)*b^(1/4))-log(b^(3/4)*x-sqrt(2)*a^(1/4)*sqrt(b)*sqrt(x)+sqrt(a)*b^(1/4))+2*atan((sqrt(2)*b^(1/4)*sqrt(x)+a^(1/4))/a^(1/4))+2*atan((sqrt(2)*b^(1/4)*sqrt(x)-a^(1/4))/a^(1/4))))/(2^(3/2)*a^(7/4)))-2/(3*a*x^(3/2))))/(4*a)+1/(2*a*x^(3/2)*(b*x^2+a))))/(8*a)+1/(4*a*x^(3/2)*(b*x^2+a)^2) 

## arm refV
# entry 1.1 Binomial products/1.1.2 Quadratic/1.1.2.4 (e x)^m (a+b x^2)^p (c+d x^2)^q.mac e373  integrand (A+B*x^2)/(x^(5/2)*(a+b*x^2))
# core /home/serge/src/mr-attr-base/test/mr_rules.core  cap 60  hit_cap False  cpu [3.987326]
fired    1_2_1_2 r3  ((sqrt(2)*a^(1/4))/b^(1/4)-2*x)/(b^(3/4)*x^2-sqrt(2)*a^(1/4)*sqrt(b)*x+sqrt(a)*b^(1/4))
fired    9_1 r12  (b^(3/4)*((sqrt(2)*a^(1/4))/b^(1/4)-2*x))/(b^(3/4)*x^2-sqrt(2)*a^(1/4)*sqrt(b)*x+sqrt(a)*b^(1/4))
fired    9_1 r10  -((b^(3/4)*((sqrt(2)*a^(1/4))/b^(1/4)-2*x))/(b^(3/4)*x^2-sqrt(2)*a^(1/4)*sqrt(b)*x+sqrt(a)*b^(1/4)))
fired    1_2_1_2 r3  (2*x+(sqrt(2)*a^(1/4))/b^(1/4))/(b^(3/4)*x^2+sqrt(2)*a^(1/4)*sqrt(b)*x+sqrt(a)*b^(1/4))
fired    9_1 r12  (b^(3/4)*(2*x+(sqrt(2)*a^(1/4))/b^(1/4)))/(b^(3/4)*x^2+sqrt(2)*a^(1/4)*sqrt(b)*x+sqrt(a)*b^(1/4))
fired    9_1 r10  -((b^(3/4)*(2*x+(sqrt(2)*a^(1/4))/b^(1/4)))/(b^(3/4)*x^2+sqrt(2)*a^(1/4)*sqrt(b)*x+sqrt(a)*b^(1/4)))
fired    1_2_2_3 r23  (sqrt(a)-sqrt(b)*x^2)/(b*x^4+a)
fired    1_1_2_1 r11  1/(-x^2-1)
fired    1_2_1_1 r11  1/(b^(3/4)*x^2+sqrt(2)*a^(1/4)*sqrt(b)*x+sqrt(a)*b^(1/4))
fired    9_1 r12  b^(3/4)/(b^(3/4)*x^2+sqrt(2)*a^(1/4)*sqrt(b)*x+sqrt(a)*b^(1/4))
fired    1_1_2_1 r11  1/(-x^2-1)
fired    1_2_1_1 r11  1/(b^(3/4)*x^2-sqrt(2)*a^(1/4)*sqrt(b)*x+sqrt(a)*b^(1/4))
fired    9_1 r12  b^(3/4)/(b^(3/4)*x^2-sqrt(2)*a^(1/4)*sqrt(b)*x+sqrt(a)*b^(1/4))
fired    1_2_2_3 r20  (sqrt(b)*x^2+sqrt(a))/(b*x^4+a)
fired    1_1_3_1 r23  1/(b*x^4+a)
fired    1_1_2_2 r27  1/(sqrt(x)*(b*x^2+a))
fired    1_1_2_4 r25  (B*x^2+A)/(x^(5/2)*(b*x^2+a))
RUBI-CPU 3.937873 
ANSWER-LEN 302 UNINT false 
ANSWER -((((3*A*b)/2-(3*B*a)/2)*(log(b^(3/4)*x+sqrt(2)*a^(1/4)*sqrt(b)*sqrt(x)+sqrt(a)*b^(1/4))-log(b^(3/4)*x-sqrt(2)*a^(1/4)*sqrt(b)*sqrt(x)+sqrt(a)*b^(1/4))+2*atan((sqrt(2)*b^(1/4)*sqrt(x)+a^(1/4))/a^(1/4))+2*atan((sqrt(2)*b^(1/4)*sqrt(x)-a^(1/4))/a^(1/4))))/(3*sqrt(2)*a^(7/4)*b^(1/4)))-(2*A)/(3*a*x^(3/2)) 

## arm newV
# entry 1.1 Binomial products/1.1.2 Quadratic/1.1.2.4 (e x)^m (a+b x^2)^p (c+d x^2)^q.mac e373  integrand (A+B*x^2)/(x^(5/2)*(a+b*x^2))
# core /home/serge/src/mr-attr/test/mr_rules.core  cap 60  hit_cap False  cpu [4.57536]
fired    1_2_1_2 r3  ((sqrt(2)*a^(1/4))/b^(1/4)-2*x)/(b^(3/4)*x^2-sqrt(2)*a^(1/4)*sqrt(b)*x+sqrt(a)*b^(1/4))
fired    9_1 r12  (b^(3/4)*((sqrt(2)*a^(1/4))/b^(1/4)-2*x))/(b^(3/4)*x^2-sqrt(2)*a^(1/4)*sqrt(b)*x+sqrt(a)*b^(1/4))
fired    9_1 r10  -((b^(3/4)*((sqrt(2)*a^(1/4))/b^(1/4)-2*x))/(b^(3/4)*x^2-sqrt(2)*a^(1/4)*sqrt(b)*x+sqrt(a)*b^(1/4)))
fired    1_2_1_2 r3  (2*x+(sqrt(2)*a^(1/4))/b^(1/4))/(b^(3/4)*x^2+sqrt(2)*a^(1/4)*sqrt(b)*x+sqrt(a)*b^(1/4))
fired    9_1 r12  (b^(3/4)*(2*x+(sqrt(2)*a^(1/4))/b^(1/4)))/(b^(3/4)*x^2+sqrt(2)*a^(1/4)*sqrt(b)*x+sqrt(a)*b^(1/4))
fired    9_1 r10  -((b^(3/4)*(2*x+(sqrt(2)*a^(1/4))/b^(1/4)))/(b^(3/4)*x^2+sqrt(2)*a^(1/4)*sqrt(b)*x+sqrt(a)*b^(1/4)))
fired    1_2_2_3 r23  (sqrt(a)-sqrt(b)*x^2)/(b*x^4+a)
fired    1_1_2_1 r11  1/(-x^2-1)
fired    1_2_1_1 r11  1/(b^(3/4)*x^2+sqrt(2)*a^(1/4)*sqrt(b)*x+sqrt(a)*b^(1/4))
fired    9_1 r12  b^(3/4)/(b^(3/4)*x^2+sqrt(2)*a^(1/4)*sqrt(b)*x+sqrt(a)*b^(1/4))
fired    1_1_2_1 r11  1/(-x^2-1)
fired    1_2_1_1 r11  1/(b^(3/4)*x^2-sqrt(2)*a^(1/4)*sqrt(b)*x+sqrt(a)*b^(1/4))
fired    9_1 r12  b^(3/4)/(b^(3/4)*x^2-sqrt(2)*a^(1/4)*sqrt(b)*x+sqrt(a)*b^(1/4))
fired    1_2_2_3 r20  (sqrt(b)*x^2+sqrt(a))/(b*x^4+a)
fired    1_1_3_1 r23  1/(b*x^4+a)
fired    1_1_2_2 r27  1/(sqrt(x)*(b*x^2+a))
fired    1_1_2_4 r25  (B*x^2+A)/(x^(5/2)*(b*x^2+a))
RUBI-CPU 4.530225 
ANSWER-LEN 302 UNINT false 
ANSWER -((((3*A*b)/2-(3*B*a)/2)*(log(b^(3/4)*x+sqrt(2)*a^(1/4)*sqrt(b)*sqrt(x)+sqrt(a)*b^(1/4))-log(b^(3/4)*x-sqrt(2)*a^(1/4)*sqrt(b)*sqrt(x)+sqrt(a)*b^(1/4))+2*atan((sqrt(2)*b^(1/4)*sqrt(x)+a^(1/4))/a^(1/4))+2*atan((sqrt(2)*b^(1/4)*sqrt(x)-a^(1/4))/a^(1/4))))/(3*sqrt(2)*a^(7/4)*b^(1/4)))-(2*A)/(3*a*x^(3/2)) 

## arm refV
# entry 1.1 Binomial products/1.1.2 Quadratic/1.1.2.4 (e x)^m (a+b x^2)^p (c+d x^2)^q.mac e390  integrand (A+B*x^2)/(x^(7/2)*(a+b*x^2)^3)
# core /home/serge/src/mr-attr-base/test/mr_rules.core  cap 60  hit_cap False  cpu [4.020079]
fired    1_1_2_1 r11  1/(-x^2-1)
fired    1_2_1_1 r11  1/(b^(3/4)*x^2+sqrt(2)*a^(1/4)*sqrt(b)*x+sqrt(a)*b^(1/4))
fired    9_1 r12  b^(3/4)/(b^(3/4)*x^2+sqrt(2)*a^(1/4)*sqrt(b)*x+sqrt(a)*b^(1/4))
fired    1_1_2_1 r11  1/(-x^2-1)
fired    1_2_1_1 r11  1/(b^(3/4)*x^2-sqrt(2)*a^(1/4)*sqrt(b)*x+sqrt(a)*b^(1/4))
fired    9_1 r12  b^(3/4)/(b^(3/4)*x^2-sqrt(2)*a^(1/4)*sqrt(b)*x+sqrt(a)*b^(1/4))
fired    1_2_2_3 r20  (sqrt(b)*x^2+sqrt(a))/(b*x^4+a)
fired    1_2_1_2 r3  ((sqrt(2)*a^(1/4))/b^(1/4)-2*x)/(b^(3/4)*x^2-sqrt(2)*a^(1/4)*sqrt(b)*x+sqrt(a)*b^(1/4))
fired    9_1 r12  (b^(3/4)*((sqrt(2)*a^(1/4))/b^(1/4)-2*x))/(b^(3/4)*x^2-sqrt(2)*a^(1/4)*sqrt(b)*x+sqrt(a)*b^(1/4))
fired    9_1 r10  -((b^(3/4)*((sqrt(2)*a^(1/4))/b^(1/4)-2*x))/(b^(3/4)*x^2-sqrt(2)*a^(1/4)*sqrt(b)*x+sqrt(a)*b^(1/4)))
fired    1_2_1_2 r3  (2*x+(sqrt(2)*a^(1/4))/b^(1/4))/(b^(3/4)*x^2+sqrt(2)*a^(1/4)*sqrt(b)*x+sqrt(a)*b^(1/4))
fired    9_1 r12  (b^(3/4)*(2*x+(sqrt(2)*a^(1/4))/b^(1/4)))/(b^(3/4)*x^2+sqrt(2)*a^(1/4)*sqrt(b)*x+sqrt(a)*b^(1/4))
fired    9_1 r10  -((b^(3/4)*(2*x+(sqrt(2)*a^(1/4))/b^(1/4)))/(b^(3/4)*x^2+sqrt(2)*a^(1/4)*sqrt(b)*x+sqrt(a)*b^(1/4)))
fired    1_2_2_3 r23  (sqrt(a)-sqrt(b)*x^2)/(b*x^4+a)
fired    1_1_3_2 r39  x^2/(b*x^4+a)
fired    1_1_2_2 r27  sqrt(x)/(b*x^2+a)
fired    1_1_2_2 r25  1/(x^(3/2)*(b*x^2+a))
fired    1_1_2_2 r25  1/(x^(7/2)*(b*x^2+a))
fired    1_1_2_2 r14  1/(x^(7/2)*(b*x^2+a)^2)
fired    1_1_2_4 r28  (B*x^2+A)/(x^(7/2)*(b*x^2+a)^3)
RUBI-CPU 3.978496 
ANSWER-LEN 407 UNINT false 
ANSWER (((13*A*b)/2-(5*B*a)/2)*((9*(-((b*((b^(1/4)*(log(b^(3/4)*x+sqrt(2)*a^(1/4)*sqrt(b)*sqrt(x)+sqrt(a)*b^(1/4))-log(b^(3/4)*x-sqrt(2)*a^(1/4)*sqrt(b)*sqrt(x)+sqrt(a)*b^(1/4))-2*atan((sqrt(2)*b^(1/4)*sqrt(x)+a^(1/4))/a^(1/4))-2*atan((sqrt(2)*b^(1/4)*sqrt(x)-a^(1/4))/a^(1/4))))/(2^(3/2)*a^(5/4))-2/(a*sqrt(x))))/a)-2/(5*a*x^(5/2))))/(4*a)+1/(2*a*x^(5/2)*(b*x^2+a))))/(4*a*b)-(B*a-A*b)/(4*a*b*x^(5/2)*(b*x^2+a)^2) 

## arm newV
# entry 1.1 Binomial products/1.1.2 Quadratic/1.1.2.4 (e x)^m (a+b x^2)^p (c+d x^2)^q.mac e390  integrand (A+B*x^2)/(x^(7/2)*(a+b*x^2)^3)
# core /home/serge/src/mr-attr/test/mr_rules.core  cap 60  hit_cap False  cpu [4.590377]
fired    1_1_2_1 r11  1/(-x^2-1)
fired    1_2_1_1 r11  1/(b^(3/4)*x^2+sqrt(2)*a^(1/4)*sqrt(b)*x+sqrt(a)*b^(1/4))
fired    9_1 r12  b^(3/4)/(b^(3/4)*x^2+sqrt(2)*a^(1/4)*sqrt(b)*x+sqrt(a)*b^(1/4))
fired    1_1_2_1 r11  1/(-x^2-1)
fired    1_2_1_1 r11  1/(b^(3/4)*x^2-sqrt(2)*a^(1/4)*sqrt(b)*x+sqrt(a)*b^(1/4))
fired    9_1 r12  b^(3/4)/(b^(3/4)*x^2-sqrt(2)*a^(1/4)*sqrt(b)*x+sqrt(a)*b^(1/4))
fired    1_2_2_3 r20  (sqrt(b)*x^2+sqrt(a))/(b*x^4+a)
fired    1_2_1_2 r3  ((sqrt(2)*a^(1/4))/b^(1/4)-2*x)/(b^(3/4)*x^2-sqrt(2)*a^(1/4)*sqrt(b)*x+sqrt(a)*b^(1/4))
fired    9_1 r12  (b^(3/4)*((sqrt(2)*a^(1/4))/b^(1/4)-2*x))/(b^(3/4)*x^2-sqrt(2)*a^(1/4)*sqrt(b)*x+sqrt(a)*b^(1/4))
fired    9_1 r10  -((b^(3/4)*((sqrt(2)*a^(1/4))/b^(1/4)-2*x))/(b^(3/4)*x^2-sqrt(2)*a^(1/4)*sqrt(b)*x+sqrt(a)*b^(1/4)))
fired    1_2_1_2 r3  (2*x+(sqrt(2)*a^(1/4))/b^(1/4))/(b^(3/4)*x^2+sqrt(2)*a^(1/4)*sqrt(b)*x+sqrt(a)*b^(1/4))
fired    9_1 r12  (b^(3/4)*(2*x+(sqrt(2)*a^(1/4))/b^(1/4)))/(b^(3/4)*x^2+sqrt(2)*a^(1/4)*sqrt(b)*x+sqrt(a)*b^(1/4))
fired    9_1 r10  -((b^(3/4)*(2*x+(sqrt(2)*a^(1/4))/b^(1/4)))/(b^(3/4)*x^2+sqrt(2)*a^(1/4)*sqrt(b)*x+sqrt(a)*b^(1/4)))
fired    1_2_2_3 r23  (sqrt(a)-sqrt(b)*x^2)/(b*x^4+a)
fired    1_1_3_2 r39  x^2/(b*x^4+a)
fired    1_1_2_2 r27  sqrt(x)/(b*x^2+a)
fired    1_1_2_2 r25  1/(x^(3/2)*(b*x^2+a))
fired    1_1_2_2 r25  1/(x^(7/2)*(b*x^2+a))
fired    1_1_2_2 r14  1/(x^(7/2)*(b*x^2+a)^2)
fired    1_1_2_4 r28  (B*x^2+A)/(x^(7/2)*(b*x^2+a)^3)
RUBI-CPU 4.5477430000000005 
ANSWER-LEN 407 UNINT false 
ANSWER (((13*A*b)/2-(5*B*a)/2)*((9*(-((b*((b^(1/4)*(log(b^(3/4)*x+sqrt(2)*a^(1/4)*sqrt(b)*sqrt(x)+sqrt(a)*b^(1/4))-log(b^(3/4)*x-sqrt(2)*a^(1/4)*sqrt(b)*sqrt(x)+sqrt(a)*b^(1/4))-2*atan((sqrt(2)*b^(1/4)*sqrt(x)+a^(1/4))/a^(1/4))-2*atan((sqrt(2)*b^(1/4)*sqrt(x)-a^(1/4))/a^(1/4))))/(2^(3/2)*a^(5/4))-2/(a*sqrt(x))))/a)-2/(5*a*x^(5/2))))/(4*a)+1/(2*a*x^(5/2)*(b*x^2+a))))/(4*a*b)-(B*a-A*b)/(4*a*b*x^(5/2)*(b*x^2+a)^2) 

## arm refV
# entry 1.1 Binomial products/1.1.2 Quadratic/1.1.2.4 (e x)^m (a+b x^2)^p (c+d x^2)^q.mac e446  integrand (c+d*x^2)^3/(x^(5/2)*(a+b*x^2))
# core /home/serge/src/mr-attr-base/test/mr_rules.core  cap 60  hit_cap False  cpu [4.481357]
fired    1_2_1_2 r3  ((sqrt(2)*a^(1/4))/b^(1/4)-2*x)/(b^(3/4)*x^2-sqrt(2)*a^(1/4)*sqrt(b)*x+sqrt(a)*b^(1/4))
fired    9_1 r12  (b^(3/4)*((sqrt(2)*a^(1/4))/b^(1/4)-2*x))/(b^(3/4)*x^2-sqrt(2)*a^(1/4)*sqrt(b)*x+sqrt(a)*b^(1/4))
fired    9_1 r10  -((b^(3/4)*((sqrt(2)*a^(1/4))/b^(1/4)-2*x))/(b^(3/4)*x^2-sqrt(2)*a^(1/4)*sqrt(b)*x+sqrt(a)*b^(1/4)))
fired    1_2_1_2 r3  (2*x+(sqrt(2)*a^(1/4))/b^(1/4))/(b^(3/4)*x^2+sqrt(2)*a^(1/4)*sqrt(b)*x+sqrt(a)*b^(1/4))
fired    9_1 r12  (b^(3/4)*(2*x+(sqrt(2)*a^(1/4))/b^(1/4)))/(b^(3/4)*x^2+sqrt(2)*a^(1/4)*sqrt(b)*x+sqrt(a)*b^(1/4))
fired    9_1 r10  -((b^(3/4)*(2*x+(sqrt(2)*a^(1/4))/b^(1/4)))/(b^(3/4)*x^2+sqrt(2)*a^(1/4)*sqrt(b)*x+sqrt(a)*b^(1/4)))
fired    1_2_2_3 r23  (sqrt(a)-sqrt(b)*x^2)/(-((a*b^3*x^4)/(a^3*d^3-3*a^2*b*c*d^2+3*a*b^2*c^2*d-b^3*c^3))-(a^2*b^2)/(a^3*d^3-3*a^2*b*c*d^2+3*a*b^2*c^2*d-b^3*c^3))
fired    1_1_2_1 r11  1/(-x^2-1)
fired    1_2_1_1 r11  1/(b^(3/4)*x^2+sqrt(2)*a^(1/4)*sqrt(b)*x+sqrt(a)*b^(1/4))
fired    9_1 r12  b^(3/4)/(b^(3/4)*x^2+sqrt(2)*a^(1/4)*sqrt(b)*x+sqrt(a)*b^(1/4))
fired    1_1_2_1 r11  1/(-x^2-1)
fired    1_2_1_1 r11  1/(b^(3/4)*x^2-sqrt(2)*a^(1/4)*sqrt(b)*x+sqrt(a)*b^(1/4))
fired    9_1 r12  b^(3/4)/(b^(3/4)*x^2-sqrt(2)*a^(1/4)*sqrt(b)*x+sqrt(a)*b^(1/4))
fired    1_2_2_3 r20  (sqrt(b)*x^2+sqrt(a))/(-((a*b^3*x^4)/(a^3*d^3-3*a^2*b*c*d^2+3*a*b^2*c^2*d-b^3*c^3))-(a^2*b^2)/(a^3*d^3-3*a^2*b*c*d^2+3*a*b^2*c^2*d-b^3*c^3))
fired    1_1_3_1 r23  1/(-((a*b^3*x^4)/(a^3*d^3-3*a^2*b*c*d^2+3*a*b^2*c^2*d-b^3*c^3))-(a^2*b^2)/(a^3*d^3-3*a^2*b*c*d^2+3*a*b^2*c^2*d-b^3*c^3))
fired    1_4_1 r18  (-(a^3*d^3)+3*a^2*b*c*d^2-3*a*b^2*c^2*d+b^3*c^3)/(a*b^3*x^4+a^2*b^2)
fired    1_4_1 r20  (d^3*x^4)/b
fired    1_4_1 r20  c^3/(a*x^4)
fired    1_4_1 r7  -((-(a^3*d^3)+3*a^2*b*c*d^2-3*a*b^2*c^2*d+b^3*c^3)/(a*b^3*x^4+a^2*b^2))+(d^3*x^4)/b+c^3/(a*x^4)+(3*c*d^2*(1-(a*d)/(3*b*c)))/b
fired    1_1_3_4 r26  (d*x^4+c)^3/(x^4*(b*x^4+a))
fired    1_1_2_4 r34  (d*x^2+c)^3/(x^(5/2)*(b*x^2+a))
RUBI-CPU 4.440754 
ANSWER-LEN 1195 UNINT false 
ANSWER (x*(sqrt(2)*a^(5/4)*b^2*c^2*d*sqrt(x)*(45*log(b^(3/4)*x+sqrt(2)*a^(1/4)*sqrt(b)*sqrt(x)+sqrt(a)*b^(1/4))-45*log(b^(3/4)*x-sqrt(2)*a^(1/4)*sqrt(b)*sqrt(x)+sqrt(a)*b^(1/4))+90*atan((sqrt(2)*b^(1/4)*sqrt(x)+a^(1/4))/a^(1/4))+90*atan((sqrt(2)*b^(1/4)*sqrt(x)-a^(1/4))/a^(1/4)))+sqrt(2)*a^(13/4)*d^3*sqrt(x)*(15*log(b^(3/4)*x+sqrt(2)*a^(1/4)*sqrt(b)*sqrt(x)+sqrt(a)*b^(1/4))-15*log(b^(3/4)*x-sqrt(2)*a^(1/4)*sqrt(b)*sqrt(x)+sqrt(a)*b^(1/4))+30*atan((sqrt(2)*b^(1/4)*sqrt(x)+a^(1/4))/a^(1/4))+30*atan((sqrt(2)*b^(1/4)*sqrt(x)-a^(1/4))/a^(1/4)))+sqrt(2)*a^(1/4)*b^3*c^3*sqrt(x)*(-(15*log(b^(3/4)*x+sq...

## arm newV
# entry 1.1 Binomial products/1.1.2 Quadratic/1.1.2.4 (e x)^m (a+b x^2)^p (c+d x^2)^q.mac e446  integrand (c+d*x^2)^3/(x^(5/2)*(a+b*x^2))
# core /home/serge/src/mr-attr/test/mr_rules.core  cap 60  hit_cap False  cpu [4.542193]
fired    1_2_1_2 r3  ((sqrt(2)*a^(1/4))/b^(1/4)-2*x)/(b^(3/4)*x^2-sqrt(2)*a^(1/4)*sqrt(b)*x+sqrt(a)*b^(1/4))
fired    9_1 r12  (b^(3/4)*((sqrt(2)*a^(1/4))/b^(1/4)-2*x))/(b^(3/4)*x^2-sqrt(2)*a^(1/4)*sqrt(b)*x+sqrt(a)*b^(1/4))
fired    9_1 r10  -((b^(3/4)*((sqrt(2)*a^(1/4))/b^(1/4)-2*x))/(b^(3/4)*x^2-sqrt(2)*a^(1/4)*sqrt(b)*x+sqrt(a)*b^(1/4)))
fired    1_2_1_2 r3  (2*x+(sqrt(2)*a^(1/4))/b^(1/4))/(b^(3/4)*x^2+sqrt(2)*a^(1/4)*sqrt(b)*x+sqrt(a)*b^(1/4))
fired    9_1 r12  (b^(3/4)*(2*x+(sqrt(2)*a^(1/4))/b^(1/4)))/(b^(3/4)*x^2+sqrt(2)*a^(1/4)*sqrt(b)*x+sqrt(a)*b^(1/4))
fired    9_1 r10  -((b^(3/4)*(2*x+(sqrt(2)*a^(1/4))/b^(1/4)))/(b^(3/4)*x^2+sqrt(2)*a^(1/4)*sqrt(b)*x+sqrt(a)*b^(1/4)))
fired    1_2_2_3 r23  (sqrt(a)-sqrt(b)*x^2)/(a*b^3*x^4+a^2*b^2)
fired    1_1_2_1 r11  1/(-x^2-1)
fired    1_2_1_1 r11  1/(b^(3/4)*x^2+sqrt(2)*a^(1/4)*sqrt(b)*x+sqrt(a)*b^(1/4))
fired    9_1 r12  b^(3/4)/(b^(3/4)*x^2+sqrt(2)*a^(1/4)*sqrt(b)*x+sqrt(a)*b^(1/4))
fired    1_1_2_1 r11  1/(-x^2-1)
fired    1_2_1_1 r11  1/(b^(3/4)*x^2-sqrt(2)*a^(1/4)*sqrt(b)*x+sqrt(a)*b^(1/4))
fired    9_1 r12  b^(3/4)/(b^(3/4)*x^2-sqrt(2)*a^(1/4)*sqrt(b)*x+sqrt(a)*b^(1/4))
fired    1_2_2_3 r20  (sqrt(b)*x^2+sqrt(a))/(a*b^3*x^4+a^2*b^2)
fired    1_1_3_1 r23  1/(a*b^3*x^4+a^2*b^2)
fired    1_1_1_1 r2  x^4
fired    1_1_1_1 r2  1/x^4
fired    1_4_1 r7  -((-(a^3*d^3)+3*a^2*b*c*d^2-3*a*b^2*c^2*d+b^3*c^3)/(a*b^3*x^4+a^2*b^2))+(d^3*x^4)/b+c^3/(a*x^4)+(3*c*d^2*(1-(a*d)/(3*b*c)))/b
fired    1_1_3_4 r26  (d*x^4+c)^3/(x^4*(b*x^4+a))
fired    1_1_2_4 r34  (d*x^2+c)^3/(x^(5/2)*(b*x^2+a))
RUBI-CPU 4.496039000000001 
ANSWER-LEN 1195 UNINT false 
ANSWER (x*(sqrt(2)*a^(5/4)*b^2*c^2*d*sqrt(x)*(45*log(b^(3/4)*x+sqrt(2)*a^(1/4)*sqrt(b)*sqrt(x)+sqrt(a)*b^(1/4))-45*log(b^(3/4)*x-sqrt(2)*a^(1/4)*sqrt(b)*sqrt(x)+sqrt(a)*b^(1/4))+90*atan((sqrt(2)*b^(1/4)*sqrt(x)+a^(1/4))/a^(1/4))+90*atan((sqrt(2)*b^(1/4)*sqrt(x)-a^(1/4))/a^(1/4)))+sqrt(2)*a^(13/4)*d^3*sqrt(x)*(15*log(b^(3/4)*x+sqrt(2)*a^(1/4)*sqrt(b)*sqrt(x)+sqrt(a)*b^(1/4))-15*log(b^(3/4)*x-sqrt(2)*a^(1/4)*sqrt(b)*sqrt(x)+sqrt(a)*b^(1/4))+30*atan((sqrt(2)*b^(1/4)*sqrt(x)+a^(1/4))/a^(1/4))+30*atan((sqrt(2)*b^(1/4)*sqrt(x)-a^(1/4))/a^(1/4)))+sqrt(2)*a^(1/4)*b^3*c^3*sqrt(x)*(-(15*log(b^(3/4)*x+sq...

## arm refV
# entry 1.1 Binomial products/1.1.3 General/1.1.3.2 (c x)^m (a+b x^n)^p.mac e652  integrand x^2/(a+c*x^4)
# core /home/serge/src/mr-attr-base/test/mr_rules.core  cap 60  hit_cap False  cpu [3.844367]
fired    1_1_2_1 r11  1/(-x^2-1)
fired    1_2_1_1 r11  1/(c^(3/4)*x^2+sqrt(2)*a^(1/4)*sqrt(c)*x+sqrt(a)*c^(1/4))
fired    9_1 r12  c^(3/4)/(c^(3/4)*x^2+sqrt(2)*a^(1/4)*sqrt(c)*x+sqrt(a)*c^(1/4))
fired    1_1_2_1 r11  1/(-x^2-1)
fired    1_2_1_1 r11  1/(c^(3/4)*x^2-sqrt(2)*a^(1/4)*sqrt(c)*x+sqrt(a)*c^(1/4))
fired    9_1 r12  c^(3/4)/(c^(3/4)*x^2-sqrt(2)*a^(1/4)*sqrt(c)*x+sqrt(a)*c^(1/4))
fired    1_2_2_3 r20  (sqrt(c)*x^2+sqrt(a))/(c*x^4+a)
fired    1_2_1_2 r3  ((sqrt(2)*a^(1/4))/c^(1/4)-2*x)/(c^(3/4)*x^2-sqrt(2)*a^(1/4)*sqrt(c)*x+sqrt(a)*c^(1/4))
fired    9_1 r12  (c^(3/4)*((sqrt(2)*a^(1/4))/c^(1/4)-2*x))/(c^(3/4)*x^2-sqrt(2)*a^(1/4)*sqrt(c)*x+sqrt(a)*c^(1/4))
fired    9_1 r10  -((c^(3/4)*((sqrt(2)*a^(1/4))/c^(1/4)-2*x))/(c^(3/4)*x^2-sqrt(2)*a^(1/4)*sqrt(c)*x+sqrt(a)*c^(1/4)))
fired    1_2_1_2 r3  (2*x+(sqrt(2)*a^(1/4))/c^(1/4))/(c^(3/4)*x^2+sqrt(2)*a^(1/4)*sqrt(c)*x+sqrt(a)*c^(1/4))
fired    9_1 r12  (c^(3/4)*(2*x+(sqrt(2)*a^(1/4))/c^(1/4)))/(c^(3/4)*x^2+sqrt(2)*a^(1/4)*sqrt(c)*x+sqrt(a)*c^(1/4))
fired    9_1 r10  -((c^(3/4)*(2*x+(sqrt(2)*a^(1/4))/c^(1/4)))/(c^(3/4)*x^2+sqrt(2)*a^(1/4)*sqrt(c)*x+sqrt(a)*c^(1/4)))
fired    1_2_2_3 r23  (sqrt(a)-sqrt(c)*x^2)/(c*x^4+a)
fired    1_1_3_2 r39  x^2/(c*x^4+a)
RUBI-CPU 3.806279 
ANSWER-LEN 333 UNINT false 
ANSWER (atan((sqrt(2)*c^(1/4)*x+a^(1/4))/a^(1/4))/(sqrt(2)*a^(1/4)*c^(1/4))+atan((sqrt(2)*c^(1/4)*x-a^(1/4))/a^(1/4))/(sqrt(2)*a^(1/4)*c^(1/4)))/(2*sqrt(c))-(log(c^(3/4)*x^2+sqrt(2)*a^(1/4)*sqrt(c)*x+sqrt(a)*c^(1/4))/(2^(3/2)*a^(1/4)*c^(1/4))-log(c^(3/4)*x^2-sqrt(2)*a^(1/4)*sqrt(c)*x+sqrt(a)*c^(1/4))/(2^(3/2)*a^(1/4)*c^(1/4)))/(2*sqrt(c)) 

## arm newV
# entry 1.1 Binomial products/1.1.3 General/1.1.3.2 (c x)^m (a+b x^n)^p.mac e652  integrand x^2/(a+c*x^4)
# core /home/serge/src/mr-attr/test/mr_rules.core  cap 60  hit_cap False  cpu [4.452978]
fired    1_1_2_1 r11  1/(-x^2-1)
fired    1_2_1_1 r11  1/(c^(3/4)*x^2+sqrt(2)*a^(1/4)*sqrt(c)*x+sqrt(a)*c^(1/4))
fired    9_1 r12  c^(3/4)/(c^(3/4)*x^2+sqrt(2)*a^(1/4)*sqrt(c)*x+sqrt(a)*c^(1/4))
fired    1_1_2_1 r11  1/(-x^2-1)
fired    1_2_1_1 r11  1/(c^(3/4)*x^2-sqrt(2)*a^(1/4)*sqrt(c)*x+sqrt(a)*c^(1/4))
fired    9_1 r12  c^(3/4)/(c^(3/4)*x^2-sqrt(2)*a^(1/4)*sqrt(c)*x+sqrt(a)*c^(1/4))
fired    1_2_2_3 r20  (sqrt(c)*x^2+sqrt(a))/(c*x^4+a)
fired    1_2_1_2 r3  ((sqrt(2)*a^(1/4))/c^(1/4)-2*x)/(c^(3/4)*x^2-sqrt(2)*a^(1/4)*sqrt(c)*x+sqrt(a)*c^(1/4))
fired    9_1 r12  (c^(3/4)*((sqrt(2)*a^(1/4))/c^(1/4)-2*x))/(c^(3/4)*x^2-sqrt(2)*a^(1/4)*sqrt(c)*x+sqrt(a)*c^(1/4))
fired    9_1 r10  -((c^(3/4)*((sqrt(2)*a^(1/4))/c^(1/4)-2*x))/(c^(3/4)*x^2-sqrt(2)*a^(1/4)*sqrt(c)*x+sqrt(a)*c^(1/4)))
fired    1_2_1_2 r3  (2*x+(sqrt(2)*a^(1/4))/c^(1/4))/(c^(3/4)*x^2+sqrt(2)*a^(1/4)*sqrt(c)*x+sqrt(a)*c^(1/4))
fired    9_1 r12  (c^(3/4)*(2*x+(sqrt(2)*a^(1/4))/c^(1/4)))/(c^(3/4)*x^2+sqrt(2)*a^(1/4)*sqrt(c)*x+sqrt(a)*c^(1/4))
fired    9_1 r10  -((c^(3/4)*(2*x+(sqrt(2)*a^(1/4))/c^(1/4)))/(c^(3/4)*x^2+sqrt(2)*a^(1/4)*sqrt(c)*x+sqrt(a)*c^(1/4)))
fired    1_2_2_3 r23  (sqrt(a)-sqrt(c)*x^2)/(c*x^4+a)
fired    1_1_3_2 r39  x^2/(c*x^4+a)
RUBI-CPU 4.409515000000001 
ANSWER-LEN 333 UNINT false 
ANSWER (atan((sqrt(2)*c^(1/4)*x+a^(1/4))/a^(1/4))/(sqrt(2)*a^(1/4)*c^(1/4))+atan((sqrt(2)*c^(1/4)*x-a^(1/4))/a^(1/4))/(sqrt(2)*a^(1/4)*c^(1/4)))/(2*sqrt(c))-(log(c^(3/4)*x^2+sqrt(2)*a^(1/4)*sqrt(c)*x+sqrt(a)*c^(1/4))/(2^(3/2)*a^(1/4)*c^(1/4))-log(c^(3/4)*x^2-sqrt(2)*a^(1/4)*sqrt(c)*x+sqrt(a)*c^(1/4))/(2^(3/2)*a^(1/4)*c^(1/4)))/(2*sqrt(c)) 

## arm refV
# entry 1.1 Binomial products/1.1.3 General/1.1.3.2 (c x)^m (a+b x^n)^p.mac e692  integrand x^6/(2+3*x^4)
# core /home/serge/src/mr-attr-base/test/mr_rules.core  cap 60  hit_cap False  cpu [3.713858]
fired    1_1_2_1 r11  1/(-x^2-1)
fired    1_2_1_1 r11  1/(3^(3/4)*x^2+2^(3/4)*sqrt(3)*x+sqrt(2)*3^(1/4))
fired    9_1 r12  3^(3/4)/(3^(3/4)*x^2+2^(3/4)*sqrt(3)*x+sqrt(2)*3^(1/4))
fired    1_1_2_1 r11  1/(-x^2-1)
fired    1_2_1_1 r11  1/(3^(3/4)*x^2-2^(3/4)*sqrt(3)*x+sqrt(2)*3^(1/4))
fired    9_1 r12  3^(3/4)/(3^(3/4)*x^2-2^(3/4)*sqrt(3)*x+sqrt(2)*3^(1/4))
fired    1_2_2_3 r20  (sqrt(3)*x^2+sqrt(2))/(3*x^4+2)
fired    1_2_1_2 r3  (2^(3/4)/3^(1/4)-2*x)/(3^(3/4)*x^2-2^(3/4)*sqrt(3)*x+sqrt(2)*3^(1/4))
fired    9_1 r12  (3^(3/4)*(2^(3/4)/3^(1/4)-2*x))/(3^(3/4)*x^2-2^(3/4)*sqrt(3)*x+sqrt(2)*3^(1/4))
fired    9_1 r10  -((3^(3/4)*(2^(3/4)/3^(1/4)-2*x))/(3^(3/4)*x^2-2^(3/4)*sqrt(3)*x+sqrt(2)*3^(1/4)))
fired    1_2_1_2 r3  (2*x+2^(3/4)/3^(1/4))/(3^(3/4)*x^2+2^(3/4)*sqrt(3)*x+sqrt(2)*3^(1/4))
fired    9_1 r12  (3^(3/4)*(2*x+2^(3/4)/3^(1/4)))/(3^(3/4)*x^2+2^(3/4)*sqrt(3)*x+sqrt(2)*3^(1/4))
fired    9_1 r10  -((3^(3/4)*(2*x+2^(3/4)/3^(1/4)))/(3^(3/4)*x^2+2^(3/4)*sqrt(3)*x+sqrt(2)*3^(1/4)))
fired    1_2_2_3 r23  (sqrt(2)-sqrt(3)*x^2)/(3*x^4+2)
fired    1_1_3_2 r39  x^2/(3*x^4+2)
fired    1_1_3_2 r63  x^6/(3*x^4+2)
RUBI-CPU 3.674039 
ANSWER-LEN 267 UNINT false 
ANSWER x^3/9-(2*((atan(2^(1/4)*3^(1/4)*x+1)/(2^(3/4)*3^(1/4))+atan(2^(1/4)*3^(1/4)*x-1)/(2^(3/4)*3^(1/4)))/(2*sqrt(3))-(log(3^(3/4)*x^2+2^(3/4)*sqrt(3)*x+sqrt(2)*3^(1/4))/(2^(7/4)*3^(1/4))-log(3^(3/4)*x^2-2^(3/4)*sqrt(3)*x+sqrt(2)*3^(1/4))/(2^(7/4)*3^(1/4)))/(2*sqrt(3))))/3 

## arm newV
# entry 1.1 Binomial products/1.1.3 General/1.1.3.2 (c x)^m (a+b x^n)^p.mac e692  integrand x^6/(2+3*x^4)
# core /home/serge/src/mr-attr/test/mr_rules.core  cap 60  hit_cap False  cpu [4.127145]
fired    1_1_2_1 r11  1/(-x^2-1)
fired    1_2_1_1 r11  1/(3^(3/4)*x^2+2^(3/4)*sqrt(3)*x+sqrt(2)*3^(1/4))
fired    9_1 r12  3^(3/4)/(3^(3/4)*x^2+2^(3/4)*sqrt(3)*x+sqrt(2)*3^(1/4))
fired    1_1_2_1 r11  1/(-x^2-1)
fired    1_2_1_1 r11  1/(3^(3/4)*x^2-2^(3/4)*sqrt(3)*x+sqrt(2)*3^(1/4))
fired    9_1 r12  3^(3/4)/(3^(3/4)*x^2-2^(3/4)*sqrt(3)*x+sqrt(2)*3^(1/4))
fired    1_2_2_3 r20  (sqrt(3)*x^2+sqrt(2))/(3*x^4+2)
fired    1_2_1_2 r3  (2^(3/4)/3^(1/4)-2*x)/(3^(3/4)*x^2-2^(3/4)*sqrt(3)*x+sqrt(2)*3^(1/4))
fired    9_1 r12  (3^(3/4)*(2^(3/4)/3^(1/4)-2*x))/(3^(3/4)*x^2-2^(3/4)*sqrt(3)*x+sqrt(2)*3^(1/4))
fired    9_1 r10  -((3^(3/4)*(2^(3/4)/3^(1/4)-2*x))/(3^(3/4)*x^2-2^(3/4)*sqrt(3)*x+sqrt(2)*3^(1/4)))
fired    1_2_1_2 r3  (2*x+2^(3/4)/3^(1/4))/(3^(3/4)*x^2+2^(3/4)*sqrt(3)*x+sqrt(2)*3^(1/4))
fired    9_1 r12  (3^(3/4)*(2*x+2^(3/4)/3^(1/4)))/(3^(3/4)*x^2+2^(3/4)*sqrt(3)*x+sqrt(2)*3^(1/4))
fired    9_1 r10  -((3^(3/4)*(2*x+2^(3/4)/3^(1/4)))/(3^(3/4)*x^2+2^(3/4)*sqrt(3)*x+sqrt(2)*3^(1/4)))
fired    1_2_2_3 r23  (sqrt(2)-sqrt(3)*x^2)/(3*x^4+2)
fired    1_1_3_2 r39  x^2/(3*x^4+2)
fired    1_1_3_2 r63  x^6/(3*x^4+2)
RUBI-CPU 4.082461 
ANSWER-LEN 267 UNINT false 
ANSWER x^3/9-(2*((atan(2^(1/4)*3^(1/4)*x+1)/(2^(3/4)*3^(1/4))+atan(2^(1/4)*3^(1/4)*x-1)/(2^(3/4)*3^(1/4)))/(2*sqrt(3))-(log(3^(3/4)*x^2+2^(3/4)*sqrt(3)*x+sqrt(2)*3^(1/4))/(2^(7/4)*3^(1/4))-log(3^(3/4)*x^2-2^(3/4)*sqrt(3)*x+sqrt(2)*3^(1/4))/(2^(7/4)*3^(1/4)))/(2*sqrt(3))))/3 

## arm refV
# entry 1.1 Binomial products/1.1.3 General/1.1.3.3 (a+b x^n)^p (c+d x^n)^q.mac e58  integrand (a+b*x^4)^2/(c+d*x^4)
# core /home/serge/src/mr-attr-base/test/mr_rules.core  cap 60  hit_cap False  cpu [4.099703]
fired    1_2_1_2 r3  ((sqrt(2)*c^(1/4))/d^(1/4)-2*x)/(d^(3/4)*x^2-sqrt(2)*c^(1/4)*sqrt(d)*x+sqrt(c)*d^(1/4))
fired    9_1 r12  (d^(3/4)*((sqrt(2)*c^(1/4))/d^(1/4)-2*x))/(d^(3/4)*x^2-sqrt(2)*c^(1/4)*sqrt(d)*x+sqrt(c)*d^(1/4))
fired    9_1 r10  -((d^(3/4)*((sqrt(2)*c^(1/4))/d^(1/4)-2*x))/(d^(3/4)*x^2-sqrt(2)*c^(1/4)*sqrt(d)*x+sqrt(c)*d^(1/4)))
fired    1_2_1_2 r3  (2*x+(sqrt(2)*c^(1/4))/d^(1/4))/(d^(3/4)*x^2+sqrt(2)*c^(1/4)*sqrt(d)*x+sqrt(c)*d^(1/4))
fired    9_1 r12  (d^(3/4)*(2*x+(sqrt(2)*c^(1/4))/d^(1/4)))/(d^(3/4)*x^2+sqrt(2)*c^(1/4)*sqrt(d)*x+sqrt(c)*d^(1/4))
fired    9_1 r10  -((d^(3/4)*(2*x+(sqrt(2)*c^(1/4))/d^(1/4)))/(d^(3/4)*x^2+sqrt(2)*c^(1/4)*sqrt(d)*x+sqrt(c)*d^(1/4)))
fired    1_2_2_3 r23  (sqrt(c)-sqrt(d)*x^2)/((d^3*x^4)/(a^2*d^2-2*a*b*c*d+b^2*c^2)+(c*d^2)/(a^2*d^2-2*a*b*c*d+b^2*c^2))
fired    1_1_2_1 r11  1/(-x^2-1)
fired    1_2_1_1 r11  1/(d^(3/4)*x^2+sqrt(2)*c^(1/4)*sqrt(d)*x+sqrt(c)*d^(1/4))
fired    9_1 r12  d^(3/4)/(d^(3/4)*x^2+sqrt(2)*c^(1/4)*sqrt(d)*x+sqrt(c)*d^(1/4))
fired    1_1_2_1 r11  1/(-x^2-1)
fired    1_2_1_1 r11  1/(d^(3/4)*x^2-sqrt(2)*c^(1/4)*sqrt(d)*x+sqrt(c)*d^(1/4))
fired    9_1 r12  d^(3/4)/(d^(3/4)*x^2-sqrt(2)*c^(1/4)*sqrt(d)*x+sqrt(c)*d^(1/4))
fired    1_2_2_3 r20  (sqrt(d)*x^2+sqrt(c))/((d^3*x^4)/(a^2*d^2-2*a*b*c*d+b^2*c^2)+(c*d^2)/(a^2*d^2-2*a*b*c*d+b^2*c^2))
fired    1_1_3_1 r23  1/((d^3*x^4)/(a^2*d^2-2*a*b*c*d+b^2*c^2)+(c*d^2)/(a^2*d^2-2*a*b*c*d+b^2*c^2))
fired    1_4_1 r18  1/(d^2*((d*x^4)/(a^2*d^2-2*a*b*c*d+b^2*c^2)+c/(a^2*d^2-2*a*b*c*d+b^2*c^2)))
fired    1_4_1 r18  (a^2*d^2-2*a*b*c*d+b^2*c^2)/(d^2*(d*x^4+c))
fired    1_4_1 r20  (b^2*x^4)/d
fired    1_4_1 r7  (b^2*x^4)/d+(2*a*b)/d-(b^2*c)/d^2
fired    1_4_1 r18  (b^2*x^4-(b^2*c)/d+2*a*b)/d
fired    1_4_1 r18  (b^2*d*x^4+2*a*b*d-b^2*c)/d^2
fired    1_4_1 r7  (a^2*d^2-2*a*b*c*d+b^2*c^2)/(d^2*(d*x^4+c))+(b^2*d*x^4+2*a*b*d-b^2*c)/d^2
fired    1_1_3_3 r19  (b*x^4+a)^2/(d*x^4+c)
RUBI-CPU 4.060458000000001 
ANSWER-LEN 495 UNINT false 
ANSWER (((a^2*d^2-2*a*b*c*d+b^2*c^2)*log(d^(3/4)*x^2+sqrt(2)*c^(1/4)*sqrt(d)*x+sqrt(c)*d^(1/4)))/(2^(3/2)*c^(1/4)*d^(9/4))-((a^2*d^2-2*a*b*c*d+b^2*c^2)*log(d^(3/4)*x^2-sqrt(2)*c^(1/4)*sqrt(d)*x+sqrt(c)*d^(1/4)))/(2^(3/2)*c^(1/4)*d^(9/4)))/(2*sqrt(c))+(((a^2*d^2-2*a*b*c*d+b^2*c^2)*atan((sqrt(2)*d^(1/4)*x+c^(1/4))/c^(1/4)))/(sqrt(2)*c^(1/4)*d^(9/4))+((a^2*d^2-2*a*b*c*d+b^2*c^2)*atan((sqrt(2)*d^(1/4)*x-c^(1/4))/c^(1/4)))/(sqrt(2)*c^(1/4)*d^(9/4)))/(2*sqrt(c))+(b^2*x^5)/(5*d)+((2*a*b)/d-(b^2*c)/d^2)*x 

## arm newV
# entry 1.1 Binomial products/1.1.3 General/1.1.3.3 (a+b x^n)^p (c+d x^n)^q.mac e58  integrand (a+b*x^4)^2/(c+d*x^4)
# core /home/serge/src/mr-attr/test/mr_rules.core  cap 60  hit_cap False  cpu [4.679256]
fired    1_2_1_2 r3  ((sqrt(2)*c^(1/4))/d^(1/4)-2*x)/(d^(3/4)*x^2-sqrt(2)*c^(1/4)*sqrt(d)*x+sqrt(c)*d^(1/4))
fired    9_1 r12  (d^(3/4)*((sqrt(2)*c^(1/4))/d^(1/4)-2*x))/(d^(3/4)*x^2-sqrt(2)*c^(1/4)*sqrt(d)*x+sqrt(c)*d^(1/4))
fired    9_1 r10  -((d^(3/4)*((sqrt(2)*c^(1/4))/d^(1/4)-2*x))/(d^(3/4)*x^2-sqrt(2)*c^(1/4)*sqrt(d)*x+sqrt(c)*d^(1/4)))
fired    1_2_1_2 r3  (2*x+(sqrt(2)*c^(1/4))/d^(1/4))/(d^(3/4)*x^2+sqrt(2)*c^(1/4)*sqrt(d)*x+sqrt(c)*d^(1/4))
fired    9_1 r12  (d^(3/4)*(2*x+(sqrt(2)*c^(1/4))/d^(1/4)))/(d^(3/4)*x^2+sqrt(2)*c^(1/4)*sqrt(d)*x+sqrt(c)*d^(1/4))
fired    9_1 r10  -((d^(3/4)*(2*x+(sqrt(2)*c^(1/4))/d^(1/4)))/(d^(3/4)*x^2+sqrt(2)*c^(1/4)*sqrt(d)*x+sqrt(c)*d^(1/4)))
fired    1_2_2_3 r23  (sqrt(c)-sqrt(d)*x^2)/(d*x^4+c)
fired    1_1_2_1 r11  1/(-x^2-1)
fired    1_2_1_1 r11  1/(d^(3/4)*x^2+sqrt(2)*c^(1/4)*sqrt(d)*x+sqrt(c)*d^(1/4))
fired    9_1 r12  d^(3/4)/(d^(3/4)*x^2+sqrt(2)*c^(1/4)*sqrt(d)*x+sqrt(c)*d^(1/4))
fired    1_1_2_1 r11  1/(-x^2-1)
fired    1_2_1_1 r11  1/(d^(3/4)*x^2-sqrt(2)*c^(1/4)*sqrt(d)*x+sqrt(c)*d^(1/4))
fired    9_1 r12  d^(3/4)/(d^(3/4)*x^2-sqrt(2)*c^(1/4)*sqrt(d)*x+sqrt(c)*d^(1/4))
fired    1_2_2_3 r20  (sqrt(d)*x^2+sqrt(c))/(d*x^4+c)
fired    1_1_3_1 r23  1/(d*x^4+c)
fired    1_4_1 r7  b^2*d*x^4+2*a*b*d-b^2*c
fired    1_4_1 r7  (a^2*d^2-2*a*b*c*d+b^2*c^2)/(d^2*(d*x^4+c))+(b^2*d*x^4+2*a*b*d-b^2*c)/d^2
fired    1_1_3_3 r19  (b*x^4+a)^2/(d*x^4+c)
RUBI-CPU 4.631685 
ANSWER-LEN 407 UNINT false 
ANSWER ((a^2*d^2-2*a*b*c*d+b^2*c^2)*((log(d^(3/4)*x^2+sqrt(2)*c^(1/4)*sqrt(d)*x+sqrt(c)*d^(1/4))/(2^(3/2)*c^(1/4)*d^(1/4))-log(d^(3/4)*x^2-sqrt(2)*c^(1/4)*sqrt(d)*x+sqrt(c)*d^(1/4))/(2^(3/2)*c^(1/4)*d^(1/4)))/(2*sqrt(c))+(atan((sqrt(2)*d^(1/4)*x+c^(1/4))/c^(1/4))/(sqrt(2)*c^(1/4)*d^(1/4))+atan((sqrt(2)*d^(1/4)*x-c^(1/4))/c^(1/4))/(sqrt(2)*c^(1/4)*d^(1/4)))/(2*sqrt(c))))/d^2+((b^2*d*x^5)/5+(2*a*b*d-b^2*c)*x)/d^2 

## arm refV
# entry 1.1 Binomial products/1.1.3 General/1.1.3.8 P(x) (c x)^m (a+b x^n)^p.mac e152  integrand a/(2+3*x^4)
# core /home/serge/src/mr-attr-base/test/mr_rules.core  cap 60  hit_cap False  cpu [3.727882]
fired    1_2_1_2 r3  (2^(3/4)/3^(1/4)-2*x)/(3^(3/4)*x^2-2^(3/4)*sqrt(3)*x+sqrt(2)*3^(1/4))
fired    9_1 r12  (3^(3/4)*(2^(3/4)/3^(1/4)-2*x))/(3^(3/4)*x^2-2^(3/4)*sqrt(3)*x+sqrt(2)*3^(1/4))
fired    9_1 r10  -((3^(3/4)*(2^(3/4)/3^(1/4)-2*x))/(3^(3/4)*x^2-2^(3/4)*sqrt(3)*x+sqrt(2)*3^(1/4)))
fired    1_2_1_2 r3  (2*x+2^(3/4)/3^(1/4))/(3^(3/4)*x^2+2^(3/4)*sqrt(3)*x+sqrt(2)*3^(1/4))
fired    9_1 r12  (3^(3/4)*(2*x+2^(3/4)/3^(1/4)))/(3^(3/4)*x^2+2^(3/4)*sqrt(3)*x+sqrt(2)*3^(1/4))
fired    9_1 r10  -((3^(3/4)*(2*x+2^(3/4)/3^(1/4)))/(3^(3/4)*x^2+2^(3/4)*sqrt(3)*x+sqrt(2)*3^(1/4)))
fired    1_2_2_3 r23  (sqrt(2)-sqrt(3)*x^2)/((3*x^4)/a+2/a)
fired    1_1_2_1 r11  1/(-x^2-1)
fired    1_2_1_1 r11  1/(3^(3/4)*x^2+2^(3/4)*sqrt(3)*x+sqrt(2)*3^(1/4))
fired    9_1 r12  3^(3/4)/(3^(3/4)*x^2+2^(3/4)*sqrt(3)*x+sqrt(2)*3^(1/4))
fired    1_1_2_1 r11  1/(-x^2-1)
fired    1_2_1_1 r11  1/(3^(3/4)*x^2-2^(3/4)*sqrt(3)*x+sqrt(2)*3^(1/4))
fired    9_1 r12  3^(3/4)/(3^(3/4)*x^2-2^(3/4)*sqrt(3)*x+sqrt(2)*3^(1/4))
fired    1_2_2_3 r20  (sqrt(3)*x^2+sqrt(2))/((3*x^4)/a+2/a)
fired    1_1_3_1 r23  1/((3*x^4)/a+2/a)
fired    1_4_1 r18  a/(3*x^4+2)
RUBI-CPU 3.686458 
ANSWER-LEN 261 UNINT false 
ANSWER ((a*log(3^(3/4)*x^2+2^(3/4)*sqrt(3)*x+sqrt(2)*3^(1/4)))/(2^(7/4)*3^(1/4))-(a*log(3^(3/4)*x^2-2^(3/4)*sqrt(3)*x+sqrt(2)*3^(1/4)))/(2^(7/4)*3^(1/4)))/2^(3/2)+((a*atan(2^(1/4)*3^(1/4)*x+1))/(2^(3/4)*3^(1/4))+(a*atan(2^(1/4)*3^(1/4)*x-1))/(2^(3/4)*3^(1/4)))/2^(3/2) 

## arm newV
# entry 1.1 Binomial products/1.1.3 General/1.1.3.8 P(x) (c x)^m (a+b x^n)^p.mac e152  integrand a/(2+3*x^4)
# core /home/serge/src/mr-attr/test/mr_rules.core  cap 60  hit_cap False  cpu [4.079368]
fired    1_2_1_2 r3  (2^(3/4)/3^(1/4)-2*x)/(3^(3/4)*x^2-2^(3/4)*sqrt(3)*x+sqrt(2)*3^(1/4))
fired    9_1 r12  (3^(3/4)*(2^(3/4)/3^(1/4)-2*x))/(3^(3/4)*x^2-2^(3/4)*sqrt(3)*x+sqrt(2)*3^(1/4))
fired    9_1 r10  -((3^(3/4)*(2^(3/4)/3^(1/4)-2*x))/(3^(3/4)*x^2-2^(3/4)*sqrt(3)*x+sqrt(2)*3^(1/4)))
fired    1_2_1_2 r3  (2*x+2^(3/4)/3^(1/4))/(3^(3/4)*x^2+2^(3/4)*sqrt(3)*x+sqrt(2)*3^(1/4))
fired    9_1 r12  (3^(3/4)*(2*x+2^(3/4)/3^(1/4)))/(3^(3/4)*x^2+2^(3/4)*sqrt(3)*x+sqrt(2)*3^(1/4))
fired    9_1 r10  -((3^(3/4)*(2*x+2^(3/4)/3^(1/4)))/(3^(3/4)*x^2+2^(3/4)*sqrt(3)*x+sqrt(2)*3^(1/4)))
fired    1_2_2_3 r23  (sqrt(2)-sqrt(3)*x^2)/((3*x^4)/a+2/a)
fired    1_1_2_1 r11  1/(-x^2-1)
fired    1_2_1_1 r11  1/(3^(3/4)*x^2+2^(3/4)*sqrt(3)*x+sqrt(2)*3^(1/4))
fired    9_1 r12  3^(3/4)/(3^(3/4)*x^2+2^(3/4)*sqrt(3)*x+sqrt(2)*3^(1/4))
fired    1_1_2_1 r11  1/(-x^2-1)
fired    1_2_1_1 r11  1/(3^(3/4)*x^2-2^(3/4)*sqrt(3)*x+sqrt(2)*3^(1/4))
fired    9_1 r12  3^(3/4)/(3^(3/4)*x^2-2^(3/4)*sqrt(3)*x+sqrt(2)*3^(1/4))
fired    1_2_2_3 r20  (sqrt(3)*x^2+sqrt(2))/((3*x^4)/a+2/a)
fired    1_1_3_1 r23  1/((3*x^4)/a+2/a)
fired    1_4_1 r18  a/(3*x^4+2)
RUBI-CPU 4.02844 
ANSWER-LEN 261 UNINT false 
ANSWER ((a*log(3^(3/4)*x^2+2^(3/4)*sqrt(3)*x+sqrt(2)*3^(1/4)))/(2^(7/4)*3^(1/4))-(a*log(3^(3/4)*x^2-2^(3/4)*sqrt(3)*x+sqrt(2)*3^(1/4)))/(2^(7/4)*3^(1/4)))/2^(3/2)+((a*atan(2^(1/4)*3^(1/4)*x+1))/(2^(3/4)*3^(1/4))+(a*atan(2^(1/4)*3^(1/4)*x-1))/(2^(3/4)*3^(1/4)))/2^(3/2) 

## arm refV
# entry 1.1 Binomial products/1.1.3 General/1.1.3.8 P(x) (c x)^m (a+b x^n)^p.mac e227  integrand (c+d*x^3+e*x^6+f*x^9)/(x*(a+b*x^3))
# core /home/serge/src/mr-attr-base/test/mr_rules.core  cap 60  hit_cap False  cpu [5.154293]
fired    1_1_1_1 r1  1/x
fired    1_1_1_1 r1  1/x
fired    1_1_1_1 r3  1/(x/b-a/b)
fired    1_1_1_2 r3  1/(x*(x/b-a/b))
fired    9_1 r12  (2*b^2*c)/(x*(x/b-a/b))
fired    1_1_1_3 r59  (((2*a^2*f)/b-2*a*e+2*b*d)*x-(2*a^3*f)/b+2*a^2*e-2*a*b*d+2*b^2*c)/(x*(x/b-a/b))
fired    9_1 r6  ((2*a^2*f*x)/b+(2*b*d-2*a*e)*x-(2*a^3*f)/b+2*a^2*e-2*a*b*d+2*b^2*c)/(x*(x/b-a/b))
fired    9_1 r6  ((2*a^2*f*x)/b-2*a*e*x+2*b*d*x-(2*a^3*f)/b+2*a^2*e-2*a*b*d+2*b^2*c)/(x*(x/b-a/b))
fired    1_3_4 r3  (2*a^2*f*x-2*a*b*e*x+2*b^2*d*x+2*b^2*c)/(x*(b*x+a))
fired    1_2_1_4b r107  ((2*b*e-2*a*f)*x^2+2*b*d*x+2*b*c)/(x*(b*x+a))
fired    9_1 r6  (-(2*a*f*x^2)+2*b*e*x^2+2*b*d*x+2*b*c)/(x*(b*x+a))
fired    1_1_1_5 r8  (f*x^3+e*x^2+d*x+c)/(x*(b*x+a))
fired    1_1_3_8 r6  (f*x^9+e*x^6+d*x^3+c)/(x*(b*x^3+a))
RUBI-CPU 5.10954 
ANSWER-LEN 151 UNINT false 
ANSWER (2*a^3*f*log(b*x^3+a)-2*a^2*b*e*log(b*x^3+a)+2*a*b^2*d*log(b*x^3+a)+b^3*c*(2*log(-x^3)-2*log(b*x^3+a))+a*b^2*f*x^6+(2*a*b^2*e-2*a^2*b*f)*x^3)/(6*a*b^3) 

## arm newV
# entry 1.1 Binomial products/1.1.3 General/1.1.3.8 P(x) (c x)^m (a+b x^n)^p.mac e227  integrand (c+d*x^3+e*x^6+f*x^9)/(x*(a+b*x^3))
# core /home/serge/src/mr-attr/test/mr_rules.core  cap 60  hit_cap False  cpu [5.999706]
fired    1_1_1_1 r1  1/x
fired    1_1_1_1 r1  1/x
fired    1_1_1_1 r3  1/(x/b-a/b)
fired    1_1_1_2 r3  1/(x*(x/b-a/b))
fired    9_1 r12  (2*b^2*c)/(x*(x/b-a/b))
fired    1_1_1_3 r59  (((2*a^2*f)/b-2*a*e+2*b*d)*x-(2*a^3*f)/b+2*a^2*e-2*a*b*d+2*b^2*c)/(x*(x/b-a/b))
fired    9_1 r6  ((2*a^2*f*x)/b+(2*b*d-2*a*e)*x-(2*a^3*f)/b+2*a^2*e-2*a*b*d+2*b^2*c)/(x*(x/b-a/b))
fired    9_1 r6  ((2*a^2*f*x)/b-2*a*e*x+2*b*d*x-(2*a^3*f)/b+2*a^2*e-2*a*b*d+2*b^2*c)/(x*(x/b-a/b))
fired    1_3_4 r3  (2*a^2*f*x-2*a*b*e*x+2*b^2*d*x+2*b^2*c)/(x*(b*x+a))
fired    1_2_1_4b r107  ((2*b*e-2*a*f)*x^2+2*b*d*x+2*b*c)/(x*(b*x+a))
fired    9_1 r6  (-(2*a*f*x^2)+2*b*e*x^2+2*b*d*x+2*b*c)/(x*(b*x+a))
fired    1_1_1_5 r8  (f*x^3+e*x^2+d*x+c)/(x*(b*x+a))
fired    1_1_3_8 r6  (f*x^9+e*x^6+d*x^3+c)/(x*(b*x^3+a))
RUBI-CPU 5.9560200000000005 
ANSWER-LEN 155 UNINT false 
ANSWER (2*a^3*f*log(b*x^3+a)-2*a^2*b*e*log(b*x^3+a)+2*a*b^2*d*log(b*x^3+a)+b^3*c*(2*log(-(b*x^3))-2*log(b*x^3+a))+a*b^2*f*x^6+(2*a*b^2*e-2*a^2*b*f)*x^3)/(6*a*b^3) 

## arm refV
# entry 1.1 Binomial products/1.1.3 General/1.1.3.8 P(x) (c x)^m (a+b x^n)^p.mac e489  integrand (c+d*x+e*x^2+f*x^3)/(a+b*x^4)^2
# core /home/serge/src/mr-attr-base/test/mr_rules.core  cap 60  hit_cap False  cpu [4.448348]
fired    1_1_2_1 r11  1/(-x^2-1)
fired    1_2_1_1 r11  1/(b^(3/4)*x^2+sqrt(2)*a^(1/4)*sqrt(b)*x+sqrt(a)*b^(1/4))
fired    9_1 r12  b^(3/4)/(b^(3/4)*x^2+sqrt(2)*a^(1/4)*sqrt(b)*x+sqrt(a)*b^(1/4))
fired    1_1_2_1 r11  1/(-x^2-1)
fired    1_2_1_1 r11  1/(b^(3/4)*x^2-sqrt(2)*a^(1/4)*sqrt(b)*x+sqrt(a)*b^(1/4))
fired    9_1 r12  b^(3/4)/(b^(3/4)*x^2-sqrt(2)*a^(1/4)*sqrt(b)*x+sqrt(a)*b^(1/4))
fired    1_2_2_3 r20  (b*x^2+sqrt(a)*sqrt(b))/(b*x^4+a)
fired    1_2_1_2 r3  ((sqrt(2)*a^(1/4))/b^(1/4)-2*x)/(b^(3/4)*x^2-sqrt(2)*a^(1/4)*sqrt(b)*x+sqrt(a)*b^(1/4))
fired    9_1 r12  (b^(3/4)*((sqrt(2)*a^(1/4))/b^(1/4)-2*x))/(b^(3/4)*x^2-sqrt(2)*a^(1/4)*sqrt(b)*x+sqrt(a)*b^(1/4))
fired    9_1 r10  -((b^(3/4)*((sqrt(2)*a^(1/4))/b^(1/4)-2*x))/(b^(3/4)*x^2-sqrt(2)*a^(1/4)*sqrt(b)*x+sqrt(a)*b^(1/4)))
fired    1_2_1_2 r3  (2*x+(sqrt(2)*a^(1/4))/b^(1/4))/(b^(3/4)*x^2+sqrt(2)*a^(1/4)*sqrt(b)*x+sqrt(a)*b^(1/4))
fired    9_1 r12  (b^(3/4)*(2*x+(sqrt(2)*a^(1/4))/b^(1/4)))/(b^(3/4)*x^2+sqrt(2)*a^(1/4)*sqrt(b)*x+sqrt(a)*b^(1/4))
fired    9_1 r10  -((b^(3/4)*(2*x+(sqrt(2)*a^(1/4))/b^(1/4)))/(b^(3/4)*x^2+sqrt(2)*a^(1/4)*sqrt(b)*x+sqrt(a)*b^(1/4)))
fired    1_2_2_3 r23  (sqrt(a)*sqrt(b)-b*x^2)/(b*x^4+a)
fired    1_2_2_3 r26  (-(e*x^2)-3*c)/(b*x^4+a)
fired    1_1_3_2 r107  (2*d*x)/(b*x^4+a)
fired    1_4_1 r7  (-(e*x^2)-3*c)/(b*x^4+a)-(2*d*x)/(b*x^4+a)
fired    1_1_3_7 r27  (-(e*x^2)-2*d*x-3*c)/(b*x^4+a)
fired    1_1_3_7 r5  (f*x^3+e*x^2+d*x+c)/(b*x^4+a)^2
RUBI-CPU 4.40934 
ANSWER-LEN 498 UNINT false 
ANSWER -((((a*e-3*sqrt(a)*sqrt(b)*c)*((b^(1/4)*log(b^(3/4)*x^2+sqrt(2)*a^(1/4)*sqrt(b)*x+sqrt(a)*b^(1/4)))/(2^(3/2)*a^(1/4))-(b^(1/4)*log(b^(3/4)*x^2-sqrt(2)*a^(1/4)*sqrt(b)*x+sqrt(a)*b^(1/4)))/(2^(3/2)*a^(1/4))))/(2*a*b)+((-(a*e)-3*sqrt(a)*sqrt(b)*c)*((b^(1/4)*atan((sqrt(2)*b^(1/4)*x+a^(1/4))/a^(1/4)))/(sqrt(2)*a^(1/4))+(b^(1/4)*atan((sqrt(2)*b^(1/4)*x-a^(1/4))/a^(1/4)))/(sqrt(2)*a^(1/4))))/(2*a*b)-(hypergeometric([1/2,1],[3/2],-((b*x^4)/a))*d*x^2)/a)/(4*a))-(a*f-b*x*(e*x^2+d*x+c))/(4*a*b*(b*x^4+a)) 

## arm newV
# entry 1.1 Binomial products/1.1.3 General/1.1.3.8 P(x) (c x)^m (a+b x^n)^p.mac e489  integrand (c+d*x+e*x^2+f*x^3)/(a+b*x^4)^2
# core /home/serge/src/mr-attr/test/mr_rules.core  cap 60  hit_cap False  cpu [4.889395]
fired    1_1_2_1 r11  1/(-x^2-1)
fired    1_2_1_1 r11  1/(b^(3/4)*x^2+sqrt(2)*a^(1/4)*sqrt(b)*x+sqrt(a)*b^(1/4))
fired    9_1 r12  b^(3/4)/(b^(3/4)*x^2+sqrt(2)*a^(1/4)*sqrt(b)*x+sqrt(a)*b^(1/4))
fired    1_1_2_1 r11  1/(-x^2-1)
fired    1_2_1_1 r11  1/(b^(3/4)*x^2-sqrt(2)*a^(1/4)*sqrt(b)*x+sqrt(a)*b^(1/4))
fired    9_1 r12  b^(3/4)/(b^(3/4)*x^2-sqrt(2)*a^(1/4)*sqrt(b)*x+sqrt(a)*b^(1/4))
fired    1_2_2_3 r20  (b*x^2+sqrt(a)*sqrt(b))/(b*x^4+a)
fired    1_2_1_2 r3  ((sqrt(2)*a^(1/4))/b^(1/4)-2*x)/(b^(3/4)*x^2-sqrt(2)*a^(1/4)*sqrt(b)*x+sqrt(a)*b^(1/4))
fired    9_1 r12  (b^(3/4)*((sqrt(2)*a^(1/4))/b^(1/4)-2*x))/(b^(3/4)*x^2-sqrt(2)*a^(1/4)*sqrt(b)*x+sqrt(a)*b^(1/4))
fired    9_1 r10  -((b^(3/4)*((sqrt(2)*a^(1/4))/b^(1/4)-2*x))/(b^(3/4)*x^2-sqrt(2)*a^(1/4)*sqrt(b)*x+sqrt(a)*b^(1/4)))
fired    1_2_1_2 r3  (2*x+(sqrt(2)*a^(1/4))/b^(1/4))/(b^(3/4)*x^2+sqrt(2)*a^(1/4)*sqrt(b)*x+sqrt(a)*b^(1/4))
fired    9_1 r12  (b^(3/4)*(2*x+(sqrt(2)*a^(1/4))/b^(1/4)))/(b^(3/4)*x^2+sqrt(2)*a^(1/4)*sqrt(b)*x+sqrt(a)*b^(1/4))
fired    9_1 r10  -((b^(3/4)*(2*x+(sqrt(2)*a^(1/4))/b^(1/4)))/(b^(3/4)*x^2+sqrt(2)*a^(1/4)*sqrt(b)*x+sqrt(a)*b^(1/4)))
fired    1_2_2_3 r23  (sqrt(a)*sqrt(b)-b*x^2)/(b*x^4+a)
fired    1_2_2_3 r26  (-(e*x^2)-3*c)/(b*x^4+a)
fired    1_1_2_1 r12  1/(b*x^2+a)
fired    1_1_3_2 r17  x/(b*x^4+a)
fired    1_4_1 r7  (-(e*x^2)-3*c)/(b*x^4+a)-(2*d*x)/(b*x^4+a)
fired    1_1_3_7 r27  (-(e*x^2)-2*d*x-3*c)/(b*x^4+a)
fired    1_1_3_7 r5  (f*x^3+e*x^2+d*x+c)/(b*x^4+a)^2
RUBI-CPU 4.837876 
ANSWER-LEN 495 UNINT false 
ANSWER -((((a*e-3*sqrt(a)*sqrt(b)*c)*((b^(1/4)*log(b^(3/4)*x^2+sqrt(2)*a^(1/4)*sqrt(b)*x+sqrt(a)*b^(1/4)))/(2^(3/2)*a^(1/4))-(b^(1/4)*log(b^(3/4)*x^2-sqrt(2)*a^(1/4)*sqrt(b)*x+sqrt(a)*b^(1/4)))/(2^(3/2)*a^(1/4))))/(2*a*b)-(d*atan((sqrt(b)*x^2)/sqrt(a)))/(sqrt(a)*sqrt(b))+((-(a*e)-3*sqrt(a)*sqrt(b)*c)*((b^(1/4)*atan((sqrt(2)*b^(1/4)*x+a^(1/4))/a^(1/4)))/(sqrt(2)*a^(1/4))+(b^(1/4)*atan((sqrt(2)*b^(1/4)*x-a^(1/4))/a^(1/4)))/(sqrt(2)*a^(1/4))))/(2*a*b))/(4*a))-(a*f-b*x*(e*x^2+d*x+c))/(4*a*b*(b*x^4+a)) 

## arm refV
# entry 1.1 Binomial products/1.1.4 Improper/1.1.4.3 (e x)^m (a x^j+b x^k)^p (c+d x^n)^q.mac e193  integrand (A+B*x^2)/(x^(7/2)*(b*x^2+c*x^4))
# core /home/serge/src/mr-attr-base/test/mr_rules.core  cap 60  hit_cap False  cpu [4.040379]
fired    1_1_2_1 r11  1/(-x^2-1)
fired    1_2_1_1 r11  1/(c^(3/4)*x^2+sqrt(2)*b^(1/4)*sqrt(c)*x+sqrt(b)*c^(1/4))
fired    9_1 r12  c^(3/4)/(c^(3/4)*x^2+sqrt(2)*b^(1/4)*sqrt(c)*x+sqrt(b)*c^(1/4))
fired    1_1_2_1 r11  1/(-x^2-1)
fired    1_2_1_1 r11  1/(c^(3/4)*x^2-sqrt(2)*b^(1/4)*sqrt(c)*x+sqrt(b)*c^(1/4))
fired    9_1 r12  c^(3/4)/(c^(3/4)*x^2-sqrt(2)*b^(1/4)*sqrt(c)*x+sqrt(b)*c^(1/4))
fired    1_2_2_3 r20  (sqrt(c)*x^2+sqrt(b))/(c*x^4+b)
fired    1_2_1_2 r3  ((sqrt(2)*b^(1/4))/c^(1/4)-2*x)/(c^(3/4)*x^2-sqrt(2)*b^(1/4)*sqrt(c)*x+sqrt(b)*c^(1/4))
fired    9_1 r12  (c^(3/4)*((sqrt(2)*b^(1/4))/c^(1/4)-2*x))/(c^(3/4)*x^2-sqrt(2)*b^(1/4)*sqrt(c)*x+sqrt(b)*c^(1/4))
fired    9_1 r10  -((c^(3/4)*((sqrt(2)*b^(1/4))/c^(1/4)-2*x))/(c^(3/4)*x^2-sqrt(2)*b^(1/4)*sqrt(c)*x+sqrt(b)*c^(1/4)))
fired    1_2_1_2 r3  (2*x+(sqrt(2)*b^(1/4))/c^(1/4))/(c^(3/4)*x^2+sqrt(2)*b^(1/4)*sqrt(c)*x+sqrt(b)*c^(1/4))
fired    9_1 r12  (c^(3/4)*(2*x+(sqrt(2)*b^(1/4))/c^(1/4)))/(c^(3/4)*x^2+sqrt(2)*b^(1/4)*sqrt(c)*x+sqrt(b)*c^(1/4))
fired    9_1 r10  -((c^(3/4)*(2*x+(sqrt(2)*b^(1/4))/c^(1/4)))/(c^(3/4)*x^2+sqrt(2)*b^(1/4)*sqrt(c)*x+sqrt(b)*c^(1/4)))
fired    1_2_2_3 r23  (sqrt(b)-sqrt(c)*x^2)/(c*x^4+b)
fired    1_1_3_2 r39  x^2/(c*x^4+b)
fired    1_1_2_2 r27  sqrt(x)/(c*x^2+b)
fired    1_1_2_2 r25  1/(x^(3/2)*(c*x^2+b))
fired    1_1_2_2 r25  1/(x^(7/2)*(c*x^2+b))
fired    1_1_2_4 r25  (B*x^2+A)/(x^(11/2)*(c*x^2+b))
fired    1_4_1 r25  (B*x^2+A)/(x^(7/2)*(c*x^4+b*x^2))
RUBI-CPU 3.997264 
ANSWER-LEN 353 UNINT false 
ANSWER -((2*((9*A*c)/2-(9*B*b)/2)*(-((c*((c^(1/4)*(log(c^(3/4)*x+sqrt(2)*b^(1/4)*sqrt(c)*sqrt(x)+sqrt(b)*c^(1/4))-log(c^(3/4)*x-sqrt(2)*b^(1/4)*sqrt(c)*sqrt(x)+sqrt(b)*c^(1/4))-2*atan((sqrt(2)*c^(1/4)*sqrt(x)+b^(1/4))/b^(1/4))-2*atan((sqrt(2)*c^(1/4)*sqrt(x)-b^(1/4))/b^(1/4))))/(2^(3/2)*b^(5/4))-2/(b*sqrt(x))))/b)-2/(5*b*x^(5/2))))/(9*b))-(2*A)/(9*b*x^(9/2)) 

## arm newV
# entry 1.1 Binomial products/1.1.4 Improper/1.1.4.3 (e x)^m (a x^j+b x^k)^p (c+d x^n)^q.mac e193  integrand (A+B*x^2)/(x^(7/2)*(b*x^2+c*x^4))
# core /home/serge/src/mr-attr/test/mr_rules.core  cap 60  hit_cap False  cpu [4.808726]
fired    1_1_2_1 r11  1/(-x^2-1)
fired    1_2_1_1 r11  1/(c^(3/4)*x^2+sqrt(2)*b^(1/4)*sqrt(c)*x+sqrt(b)*c^(1/4))
fired    9_1 r12  c^(3/4)/(c^(3/4)*x^2+sqrt(2)*b^(1/4)*sqrt(c)*x+sqrt(b)*c^(1/4))
fired    1_1_2_1 r11  1/(-x^2-1)
fired    1_2_1_1 r11  1/(c^(3/4)*x^2-sqrt(2)*b^(1/4)*sqrt(c)*x+sqrt(b)*c^(1/4))
fired    9_1 r12  c^(3/4)/(c^(3/4)*x^2-sqrt(2)*b^(1/4)*sqrt(c)*x+sqrt(b)*c^(1/4))
fired    1_2_2_3 r20  (sqrt(c)*x^2+sqrt(b))/(c*x^4+b)
fired    1_2_1_2 r3  ((sqrt(2)*b^(1/4))/c^(1/4)-2*x)/(c^(3/4)*x^2-sqrt(2)*b^(1/4)*sqrt(c)*x+sqrt(b)*c^(1/4))
fired    9_1 r12  (c^(3/4)*((sqrt(2)*b^(1/4))/c^(1/4)-2*x))/(c^(3/4)*x^2-sqrt(2)*b^(1/4)*sqrt(c)*x+sqrt(b)*c^(1/4))
fired    9_1 r10  -((c^(3/4)*((sqrt(2)*b^(1/4))/c^(1/4)-2*x))/(c^(3/4)*x^2-sqrt(2)*b^(1/4)*sqrt(c)*x+sqrt(b)*c^(1/4)))
fired    1_2_1_2 r3  (2*x+(sqrt(2)*b^(1/4))/c^(1/4))/(c^(3/4)*x^2+sqrt(2)*b^(1/4)*sqrt(c)*x+sqrt(b)*c^(1/4))
fired    9_1 r12  (c^(3/4)*(2*x+(sqrt(2)*b^(1/4))/c^(1/4)))/(c^(3/4)*x^2+sqrt(2)*b^(1/4)*sqrt(c)*x+sqrt(b)*c^(1/4))
fired    9_1 r10  -((c^(3/4)*(2*x+(sqrt(2)*b^(1/4))/c^(1/4)))/(c^(3/4)*x^2+sqrt(2)*b^(1/4)*sqrt(c)*x+sqrt(b)*c^(1/4)))
fired    1_2_2_3 r23  (sqrt(b)-sqrt(c)*x^2)/(c*x^4+b)
fired    1_1_3_2 r39  x^2/(c*x^4+b)
fired    1_1_2_2 r27  sqrt(x)/(c*x^2+b)
fired    1_1_2_2 r25  1/(x^(3/2)*(c*x^2+b))
fired    1_1_2_2 r25  1/(x^(7/2)*(c*x^2+b))
fired    1_1_2_4 r25  (B*x^2+A)/(x^(11/2)*(c*x^2+b))
fired    1_4_1 r25  (B*x^2+A)/(x^(7/2)*(c*x^4+b*x^2))
RUBI-CPU 4.753561 
ANSWER-LEN 353 UNINT false 
ANSWER -((2*((9*A*c)/2-(9*B*b)/2)*(-((c*((c^(1/4)*(log(c^(3/4)*x+sqrt(2)*b^(1/4)*sqrt(c)*sqrt(x)+sqrt(b)*c^(1/4))-log(c^(3/4)*x-sqrt(2)*b^(1/4)*sqrt(c)*sqrt(x)+sqrt(b)*c^(1/4))-2*atan((sqrt(2)*c^(1/4)*sqrt(x)+b^(1/4))/b^(1/4))-2*atan((sqrt(2)*c^(1/4)*sqrt(x)-b^(1/4))/b^(1/4))))/(2^(3/2)*b^(5/4))-2/(b*sqrt(x))))/b)-2/(5*b*x^(5/2))))/(9*b))-(2*A)/(9*b*x^(9/2)) 

## arm refV
# entry 1.1 Binomial products/1.1.4 Improper/1.1.4.3 (e x)^m (a x^j+b x^k)^p (c+d x^n)^q.mac e210  integrand x^(17/2)*(A+B*x^2)/(b*x^2+c*x^4)^3
# core /home/serge/src/mr-attr-base/test/mr_rules.core  cap 60  hit_cap False  cpu [4.294078]
fired    1_1_2_1 r11  1/(-x^2-1)
fired    1_2_1_1 r11  1/(c^(3/4)*x^2+sqrt(2)*b^(1/4)*sqrt(c)*x+sqrt(b)*c^(1/4))
fired    9_1 r12  c^(3/4)/(c^(3/4)*x^2+sqrt(2)*b^(1/4)*sqrt(c)*x+sqrt(b)*c^(1/4))
fired    1_1_2_1 r11  1/(-x^2-1)
fired    1_2_1_1 r11  1/(c^(3/4)*x^2-sqrt(2)*b^(1/4)*sqrt(c)*x+sqrt(b)*c^(1/4))
fired    9_1 r12  c^(3/4)/(c^(3/4)*x^2-sqrt(2)*b^(1/4)*sqrt(c)*x+sqrt(b)*c^(1/4))
fired    1_2_2_3 r20  (sqrt(c)*x^2+sqrt(b))/(c*x^4+b)
fired    1_2_1_2 r3  ((sqrt(2)*b^(1/4))/c^(1/4)-2*x)/(c^(3/4)*x^2-sqrt(2)*b^(1/4)*sqrt(c)*x+sqrt(b)*c^(1/4))
fired    9_1 r12  (c^(3/4)*((sqrt(2)*b^(1/4))/c^(1/4)-2*x))/(c^(3/4)*x^2-sqrt(2)*b^(1/4)*sqrt(c)*x+sqrt(b)*c^(1/4))
fired    9_1 r10  -((c^(3/4)*((sqrt(2)*b^(1/4))/c^(1/4)-2*x))/(c^(3/4)*x^2-sqrt(2)*b^(1/4)*sqrt(c)*x+sqrt(b)*c^(1/4)))
fired    1_2_1_2 r3  (2*x+(sqrt(2)*b^(1/4))/c^(1/4))/(c^(3/4)*x^2+sqrt(2)*b^(1/4)*sqrt(c)*x+sqrt(b)*c^(1/4))
fired    9_1 r12  (c^(3/4)*(2*x+(sqrt(2)*b^(1/4))/c^(1/4)))/(c^(3/4)*x^2+sqrt(2)*b^(1/4)*sqrt(c)*x+sqrt(b)*c^(1/4))
fired    9_1 r10  -((c^(3/4)*(2*x+(sqrt(2)*b^(1/4))/c^(1/4)))/(c^(3/4)*x^2+sqrt(2)*b^(1/4)*sqrt(c)*x+sqrt(b)*c^(1/4)))
fired    1_2_2_3 r23  (sqrt(b)-sqrt(c)*x^2)/(c*x^4+b)
fired    1_1_3_2 r39  x^2/(c*x^4+b)
fired    1_1_2_2 r27  sqrt(x)/(c*x^2+b)
fired    1_1_2_2 r13  x^(5/2)/(c*x^2+b)^2
fired    1_1_2_4 r28  (x^(5/2)*(B*x^2+A))/(c*x^2+b)^3
fired    1_4_1 r18  (x^(11/2)*(B*x^2+A))/(c*x^3+b*x)^3
fired    1_4_1 r18  (x^(17/2)*(B*x^2+A))/(c*x^4+b*x^2)^3
RUBI-CPU 4.257865 
ANSWER-LEN 356 UNINT false 
ANSWER (((A*c)/2+(7*B*b)/2)*(-((3*(log(c^(3/4)*x+sqrt(2)*b^(1/4)*sqrt(c)*sqrt(x)+sqrt(b)*c^(1/4))-log(c^(3/4)*x-sqrt(2)*b^(1/4)*sqrt(c)*sqrt(x)+sqrt(b)*c^(1/4))-2*atan((sqrt(2)*c^(1/4)*sqrt(x)+b^(1/4))/b^(1/4))-2*atan((sqrt(2)*c^(1/4)*sqrt(x)-b^(1/4))/b^(1/4))))/(2^(7/2)*b^(1/4)*c^(7/4)))-x^(3/2)/(2*c*(c*x^2+b))))/(4*b*c)-((B*b-A*c)*x^(7/2))/(4*b*c*(c*x^2+b)^2) 

## arm newV
# entry 1.1 Binomial products/1.1.4 Improper/1.1.4.3 (e x)^m (a x^j+b x^k)^p (c+d x^n)^q.mac e210  integrand x^(17/2)*(A+B*x^2)/(b*x^2+c*x^4)^3
# core /home/serge/src/mr-attr/test/mr_rules.core  cap 60  hit_cap False  cpu [4.750495]
fired    1_1_2_1 r11  1/(-x^2-1)
fired    1_2_1_1 r11  1/(c^(3/4)*x^2+sqrt(2)*b^(1/4)*sqrt(c)*x+sqrt(b)*c^(1/4))
fired    9_1 r12  c^(3/4)/(c^(3/4)*x^2+sqrt(2)*b^(1/4)*sqrt(c)*x+sqrt(b)*c^(1/4))
fired    1_1_2_1 r11  1/(-x^2-1)
fired    1_2_1_1 r11  1/(c^(3/4)*x^2-sqrt(2)*b^(1/4)*sqrt(c)*x+sqrt(b)*c^(1/4))
fired    9_1 r12  c^(3/4)/(c^(3/4)*x^2-sqrt(2)*b^(1/4)*sqrt(c)*x+sqrt(b)*c^(1/4))
fired    1_2_2_3 r20  (sqrt(c)*x^2+sqrt(b))/(c*x^4+b)
fired    1_2_1_2 r3  ((sqrt(2)*b^(1/4))/c^(1/4)-2*x)/(c^(3/4)*x^2-sqrt(2)*b^(1/4)*sqrt(c)*x+sqrt(b)*c^(1/4))
fired    9_1 r12  (c^(3/4)*((sqrt(2)*b^(1/4))/c^(1/4)-2*x))/(c^(3/4)*x^2-sqrt(2)*b^(1/4)*sqrt(c)*x+sqrt(b)*c^(1/4))
fired    9_1 r10  -((c^(3/4)*((sqrt(2)*b^(1/4))/c^(1/4)-2*x))/(c^(3/4)*x^2-sqrt(2)*b^(1/4)*sqrt(c)*x+sqrt(b)*c^(1/4)))
fired    1_2_1_2 r3  (2*x+(sqrt(2)*b^(1/4))/c^(1/4))/(c^(3/4)*x^2+sqrt(2)*b^(1/4)*sqrt(c)*x+sqrt(b)*c^(1/4))
fired    9_1 r12  (c^(3/4)*(2*x+(sqrt(2)*b^(1/4))/c^(1/4)))/(c^(3/4)*x^2+sqrt(2)*b^(1/4)*sqrt(c)*x+sqrt(b)*c^(1/4))
fired    9_1 r10  -((c^(3/4)*(2*x+(sqrt(2)*b^(1/4))/c^(1/4)))/(c^(3/4)*x^2+sqrt(2)*b^(1/4)*sqrt(c)*x+sqrt(b)*c^(1/4)))
fired    1_2_2_3 r23  (sqrt(b)-sqrt(c)*x^2)/(c*x^4+b)
fired    1_1_3_2 r39  x^2/(c*x^4+b)
fired    1_1_2_2 r27  sqrt(x)/(c*x^2+b)
fired    1_1_2_2 r13  x^(5/2)/(c*x^2+b)^2
fired    1_1_2_4 r28  (x^(5/2)*(B*x^2+A))/(c*x^2+b)^3
fired    1_4_1 r18  (x^(11/2)*(B*x^2+A))/(c*x^3+b*x)^3
fired    1_4_1 r18  (x^(17/2)*(B*x^2+A))/(c*x^4+b*x^2)^3
RUBI-CPU 4.703155 
ANSWER-LEN 356 UNINT false 
ANSWER (((A*c)/2+(7*B*b)/2)*(-((3*(log(c^(3/4)*x+sqrt(2)*b^(1/4)*sqrt(c)*sqrt(x)+sqrt(b)*c^(1/4))-log(c^(3/4)*x-sqrt(2)*b^(1/4)*sqrt(c)*sqrt(x)+sqrt(b)*c^(1/4))-2*atan((sqrt(2)*c^(1/4)*sqrt(x)+b^(1/4))/b^(1/4))-2*atan((sqrt(2)*c^(1/4)*sqrt(x)-b^(1/4))/b^(1/4))))/(2^(7/2)*b^(1/4)*c^(7/4)))-x^(3/2)/(2*c*(c*x^2+b))))/(4*b*c)-((B*b-A*c)*x^(7/2))/(4*b*c*(c*x^2+b)^2) 

## arm refV
# entry 1.2 Trinomial products/1.2.1 Quadratic/1.2.1.2 (d+e x)^m (a+b x+c x^2)^p.mac e401  integrand (b*x+c*x^2)^(5/2)/(d+e*x)^(3/2)
# core /home/serge/src/mr-attr-base/test/mr_rules.core  cap 60  hit_cap False  cpu [4.440641]
fired    1_1_2_3 r41  1/(sqrt(c*x^2+b)*sqrt(e*x^2+d))
fired    1_1_2_3 r34  sqrt(c*x^2+b)/(e*x^2+d)^(3/2)
fired    1_1_2_4 r54  x^2/(sqrt(c*x^2+b)*sqrt(e*x^2+d))
fired    1_1_2_3 r45  sqrt(e*x^2+d)/sqrt(c*x^2+b)
fired    1_4_1 r34  sqrt(e*x+d)/(sqrt(x)*sqrt(c*x+b))
fired    1_2_1_2 r90  sqrt(e*x+d)/sqrt(c*x^2+b*x)
fired    1_1_2_3 r41  1/(sqrt(c*x^2+b)*sqrt(e*x^2+d))
fired    1_4_1 r34  1/(sqrt(x)*sqrt(c*x+b)*sqrt(e*x+d))
fired    1_2_1_2 r90  1/(sqrt(e*x+d)*sqrt(c*x^2+b*x))
fired    9_1 r8  0
fired    1_2_1_9b r32  (-((b^2*d*e^2)/2)+(3*b*c*d^2*e)/2-c^2*d^3)/(sqrt(e*x+d)*sqrt(c*x^2+b*x))
fired    1_2_1_9b r32  ((2*b^2*e^2-2*b*c*d*e+2*c^2*d^2)*x+b^2*d*e+b*c*d^2)/(2*sqrt(e*x+d)*sqrt(c*x^2+b*x))
fired    1_2_1_3 r56  (sqrt(e*x+d)*((2*c*d-b*e)*x+b*d))/sqrt(c*x^2+b*x)
fired    1_2_1_2 r109  sqrt(e*x+d)*sqrt(c*x^2+b*x)
fired    1_1_2_3 r41  1/(sqrt(c*x^2+b)*sqrt(e*x^2+d))
fired    1_1_2_3 r34  sqrt(c*x^2+b)/(e*x^2+d)^(3/2)
fired    1_1_2_4 r54  x^2/(sqrt(c*x^2+b)*sqrt(e*x^2+d))
fired    1_1_2_3 r45  sqrt(e*x^2+d)/sqrt(c*x^2+b)
fired    1_4_1 r34  sqrt(e*x+d)/(sqrt(x)*sqrt(c*x+b))
fired    1_2_1_2 r90  sqrt(e*x+d)/sqrt(c*x^2+b*x)
fired    1_1_2_3 r41  1/(sqrt(c*x^2+b)*sqrt(e*x^2+d))
fired    1_4_1 r34  1/(sqrt(x)*sqrt(c*x+b)*sqrt(e*x+d))
fired    1_2_1_2 r90  1/(sqrt(e*x+d)*sqrt(c*x^2+b*x))
fired    1_2_1_3 r89  ((2*c*d-b*e)*x+b*d)/(sqrt(e*x+d)*sqrt(c*x^2+b*x))
fired    1_2_1_2 r109  sqrt(c*x^2+b*x)/sqrt(e*x+d)
fired    9_1 r8  0
fired    1_2_1_9b r32  ((8*b^2*c*d*e^2-24*b*c^2*d^2*e+16*c^3*d^3)*sqrt(c*x^2+b*x))/sqrt(e*x+d)
fired    1_2_1_9b r32  -((((b^2*c*e^2-32*b*c^2*d*e+32*c^3*d^2)*x-15*b^2*c*d*e+16*b*c^2*d^2)*sqrt(c*x^2+b*x))/(2*sqrt(e*x+d)))
fired    1_2_1_3 r51  ((2*c*x+b)*(c*x^2+b*x)^(3/2))/sqrt(e*x+d)
fired    1_2_1_2 r107  (c*x^2+b*x)^(5/2)/(e*x+d)^(3/2)
RUBI-CPU 4.3979989999999995 
ANSWER-LEN 1453 UNINT false 
ANSWER (5*((4*sqrt(e*x+d)*(7*c^2*e*x-2*c*(4*c*d-(3*b*e)/2)+(9*b*c*e)/2)*(c*x^2+b*x)^(3/2))/(63*c*e^2)-(2*(((-((b^2*c*e^2)/2)+16*b*c^2*d*e-16*c^3*d^2)*((2*(e*x+d)^(3/2)*sqrt(c*x^2+b*x))/(5*e)-((2*((2*(b^2*e^2-b*c*d*e+c^2*d^2)*sqrt(x)*sqrt(c*x+b)*(b*e^(3/2)*sqrt(x)*sqrt(c*x+b)*sqrt((c*d*x+b*d)/(b*e*x+b*d))+(c*d^(3/2)*elliptic_f(atan((sqrt(e)*sqrt(x))/sqrt(d)),(b*e-c*d)/(b*e))-b*sqrt(d)*e*elliptic_e(atan((sqrt(e)*sqrt(x))/sqrt(d)),(b*e-c*d)/(b*e)))*sqrt(c*x+b)))/(b*c*e^(3/2)*sqrt(e*x+d)*sqrt(c*x^2+b*x)*sqrt((c*d*x+b*d)/(b*e*x+b*d)))+(2*sqrt(d)*(-((b^2*d*e^2)/2)+(3*b*c*d^2*e)/2-c^2*d^3)*elliptic_f...

## arm newV
# entry 1.2 Trinomial products/1.2.1 Quadratic/1.2.1.2 (d+e x)^m (a+b x+c x^2)^p.mac e401  integrand (b*x+c*x^2)^(5/2)/(d+e*x)^(3/2)
# core /home/serge/src/mr-attr/test/mr_rules.core  cap 60  hit_cap False  cpu [5.295364]
fired    1_1_2_3 r41  1/(sqrt(c*x^2+b)*sqrt(e*x^2+d))
fired    1_1_2_3 r34  sqrt(c*x^2+b)/(e*x^2+d)^(3/2)
fired    1_1_2_4 r54  x^2/(sqrt(c*x^2+b)*sqrt(e*x^2+d))
fired    1_1_2_3 r45  sqrt(e*x^2+d)/sqrt(c*x^2+b)
fired    1_4_1 r34  sqrt(e*x+d)/(sqrt(x)*sqrt(c*x+b))
fired    1_2_1_2 r90  sqrt(e*x+d)/sqrt(c*x^2+b*x)
fired    1_1_2_3 r41  1/(sqrt(c*x^2+b)*sqrt(e*x^2+d))
fired    1_4_1 r34  1/(sqrt(x)*sqrt(c*x+b)*sqrt(e*x+d))
fired    1_2_1_2 r90  1/(sqrt(e*x+d)*sqrt(c*x^2+b*x))
fired    9_1 r8  0
fired    1_2_1_9b r32  (-((b^2*d*e^2)/2)+(3*b*c*d^2*e)/2-c^2*d^3)/(sqrt(e*x+d)*sqrt(c*x^2+b*x))
fired    1_2_1_9b r32  ((2*b^2*e^2-2*b*c*d*e+2*c^2*d^2)*x+b^2*d*e+b*c*d^2)/(2*sqrt(e*x+d)*sqrt(c*x^2+b*x))
fired    1_2_1_3 r56  (sqrt(e*x+d)*((2*c*d-b*e)*x+b*d))/sqrt(c*x^2+b*x)
fired    1_2_1_2 r109  sqrt(e*x+d)*sqrt(c*x^2+b*x)
fired    1_1_2_3 r41  1/(sqrt(c*x^2+b)*sqrt(e*x^2+d))
fired    1_1_2_3 r34  sqrt(c*x^2+b)/(e*x^2+d)^(3/2)
fired    1_1_2_4 r54  x^2/(sqrt(c*x^2+b)*sqrt(e*x^2+d))
fired    1_1_2_3 r45  sqrt(e*x^2+d)/sqrt(c*x^2+b)
fired    1_4_1 r34  sqrt(e*x+d)/(sqrt(x)*sqrt(c*x+b))
fired    1_2_1_2 r90  sqrt(e*x+d)/sqrt(c*x^2+b*x)
fired    1_1_2_3 r41  1/(sqrt(c*x^2+b)*sqrt(e*x^2+d))
fired    1_4_1 r34  1/(sqrt(x)*sqrt(c*x+b)*sqrt(e*x+d))
fired    1_2_1_2 r90  1/(sqrt(e*x+d)*sqrt(c*x^2+b*x))
fired    1_2_1_3 r89  ((2*c*d-b*e)*x+b*d)/(sqrt(e*x+d)*sqrt(c*x^2+b*x))
fired    1_2_1_2 r109  sqrt(c*x^2+b*x)/sqrt(e*x+d)
fired    9_1 r8  0
fired    1_2_1_9b r32  ((8*b^2*c*d*e^2-24*b*c^2*d^2*e+16*c^3*d^3)*sqrt(c*x^2+b*x))/sqrt(e*x+d)
fired    1_2_1_9b r32  -((((b^2*c*e^2-32*b*c^2*d*e+32*c^3*d^2)*x-15*b^2*c*d*e+16*b*c^2*d^2)*sqrt(c*x^2+b*x))/(2*sqrt(e*x+d)))
fired    1_2_1_3 r51  ((2*c*x+b)*(c*x^2+b*x)^(3/2))/sqrt(e*x+d)
fired    1_2_1_2 r107  (c*x^2+b*x)^(5/2)/(e*x+d)^(3/2)
RUBI-CPU 5.249636 
ANSWER-LEN 1453 UNINT false 
ANSWER (5*((4*sqrt(e*x+d)*(7*c^2*e*x-2*c*(4*c*d-(3*b*e)/2)+(9*b*c*e)/2)*(c*x^2+b*x)^(3/2))/(63*c*e^2)-(2*(((-((b^2*c*e^2)/2)+16*b*c^2*d*e-16*c^3*d^2)*((2*(e*x+d)^(3/2)*sqrt(c*x^2+b*x))/(5*e)-((2*((2*(b^2*e^2-b*c*d*e+c^2*d^2)*sqrt(x)*sqrt(c*x+b)*(b*e^(3/2)*sqrt(x)*sqrt(c*x+b)*sqrt((c*d*x+b*d)/(b*e*x+b*d))+(c*d^(3/2)*elliptic_f(atan((sqrt(e)*sqrt(x))/sqrt(d)),(b*e-c*d)/(b*e))-b*sqrt(d)*e*elliptic_e(atan((sqrt(e)*sqrt(x))/sqrt(d)),(b*e-c*d)/(b*e)))*sqrt(c*x+b)))/(b*c*e^(3/2)*sqrt(e*x+d)*sqrt(c*x^2+b*x)*sqrt((c*d*x+b*d)/(b*e*x+b*d)))+(2*sqrt(d)*(-((b^2*d*e^2)/2)+(3*b*c*d^2*e)/2-c^2*d^3)*elliptic_f...

## arm refV
# entry 1.2 Trinomial products/1.2.1 Quadratic/1.2.1.2 (d+e x)^m (a+b x+c x^2)^p.mac e1931  integrand (d+e*x)^4*(a*d*e+(c*d^2+a*e^2)*x+c*d*e*x^2)^(5/2)
# core /home/serge/src/mr-attr-base/test/mr_rules.core  cap 60  hit_cap False  cpu [4.868402]
fired    1_1_2_1 r13  1/(4*c*d*e-x^2)
fired    1_2_1_1 r15  1/sqrt(c*d*e*x^2+(a*e^2+c*d^2)*x+a*d*e)
fired    1_2_1_1 r6  sqrt(c*d*e*x^2+(a*e^2+c*d^2)*x+a*d*e)
fired    1_2_1_1 r6  (c*d*e*x^2+(a*e^2+c*d^2)*x+a*d*e)^(3/2)
fired    1_2_1_1 r6  (c*d*e*x^2+(a*e^2+c*d^2)*x+a*d*e)^(5/2)
fired    1_2_1_2 r15  ((1089*a^3*e^10-3267*a^2*c*d^2*e^8+3267*a*c^2*d^4*e^6-1089*c^3*d^6*e^4)*x+1089*a^3*d*e^9-3267*a^2*c*d^3*e^7+3267*a*c^2*d^5*e^5-1089*c^3*d^7*e^3)*(c*d*e*x^2+(a*e...
fired    9_1 r8  0
fired    1_2_1_9b r32  -((((1089*a^3*e^10-3267*a^2*c*d^2*e^8+3267*a*c^2*d^4*e^6-1089*c^3*d^6*e^4)*x+1089*a^3*d*e^9-3267*a^2*c*d^3*e^7+3267*a*c^2*d^5*e^5-1089*c^3*d^7*e^3)*(c*d*e*x^2+(...
fired    1_2_1_2 r117  ((11*a*e^4-11*c*d^2*e^2)*x+11*a*d*e^3-11*c*d^3*e)^2*(c*d*e*x^2+(a*e^2+c*d^2)*x+a*d*e)^(5/2)
fired    9_1 r8  0
fired    1_2_1_9b r32  (13*((11*a*e^4-11*c*d^2*e^2)*x+11*a*d*e^3-11*c*d^3*e)^2*(c*d*e*x^2+(a*e^2+c*d^2)*x+a*d*e)^(5/2))/44
fired    1_2_1_9b r1  (((11*a*e^4-11*c*d^2*e^2)*x+11*a*d*e^3-11*c*d^3*e)*((13*a*e^4-13*c*d^2*e^2)*x+13*a*d*e^3-13*c*d^3*e)*(c*d*e*x^2+(a*e^2+c*d^2)*x+a*d*e)^(5/2))/4
fired    1_2_1_3 r56  ((13*a*e^4-13*c*d^2*e^2)*x+13*a*d*e^3-13*c*d^3*e)^2*(-((e*x)/(26*a*e^3-26*c*d^2*e))-d/(26*a*e^3-26*c*d^2*e))*(c*d*e*x^2+(a*e^2+c*d^2)*x+a*d*e)^(5/2)
fired    1_2_1_9b r1  -(((e*x+d)^2*((13*a*e^4-13*c*d^2*e^2)*x+13*a*d*e^3-13*c*d^3*e)*(c*d*e*x^2+(a*e^2+c*d^2)*x+a*d*e)^(5/2))/2)
fired    1_2_1_2 r117  (e*x+d)^4*(c*d*e*x^2+(a*e^2+c*d^2)*x+a*d*e)^(5/2)
RUBI-CPU 4.8247420000000005 
ANSWER-LEN 7848 UNINT false 
ANSWER ((13*(((11*a*e^4-11*c*d^2*e^2)*((11*a*e^4-11*c*d^2*e^2)*x+11*a*d*e^3-11*c*d^3*e)*(c*d*e*x^2+(a*e^2+c*d^2)*x+a*d*e)^(7/2))/(8*c*d*e)-(((2*c*d*e*(1089*a^3*d*e^9-3267*a^2*c*d^3*e^7+3267*a*c^2*d^5*e^5-1089*c^3*d^7*e^3)-(a*e^2+c*d^2)*(1089*a^3*e^10-3267*a^2*c*d^2*e^8+3267*a*c^2*d^4*e^6-1089*c^3*d^6*e^4))*(((2*c*d*e*x+a*e^2+c*d^2)*(c*d*e*x^2+(a*e^2+c*d^2)*x+a*d*e)^(5/2))/(12*c*d*e)-(5*((a*e^2+c*d^2)^2-4*a*c*d^2*e^2)*(((2*c*d*e*x+a*e^2+c*d^2)*(c*d*e*x^2+(a*e^2+c*d^2)*x+a*d*e)^(3/2))/(8*c*d*e)-(3*((a*e^2+c*d^2)^2-4*a*c*d^2*e^2)*(((2*c*d*e*x+a*e^2+c*d^2)*sqrt(c*d*e*x^2+(a*e^2+c*d^2)*x+a*d*e))/(4...

## arm newV
# entry 1.2 Trinomial products/1.2.1 Quadratic/1.2.1.2 (d+e x)^m (a+b x+c x^2)^p.mac e1931  integrand (d+e*x)^4*(a*d*e+(c*d^2+a*e^2)*x+c*d*e*x^2)^(5/2)
# core /home/serge/src/mr-attr/test/mr_rules.core  cap 60  hit_cap False  cpu [5.467076]
fired    1_1_2_1 r13  1/(4*c*d*e-x^2)
fired    1_2_1_1 r15  1/sqrt(c*d*e*x^2+(a*e^2+c*d^2)*x+a*d*e)
fired    1_2_1_1 r6  sqrt(c*d*e*x^2+(a*e^2+c*d^2)*x+a*d*e)
fired    1_2_1_1 r6  (c*d*e*x^2+(a*e^2+c*d^2)*x+a*d*e)^(3/2)
fired    1_2_1_1 r6  (c*d*e*x^2+(a*e^2+c*d^2)*x+a*d*e)^(5/2)
fired    1_2_1_2 r15  ((1089*a^3*e^10-3267*a^2*c*d^2*e^8+3267*a*c^2*d^4*e^6-1089*c^3*d^6*e^4)*x+1089*a^3*d*e^9-3267*a^2*c*d^3*e^7+3267*a*c^2*d^5*e^5-1089*c^3*d^7*e^3)*(c*d*e*x^2+(a*e...
fired    9_1 r8  0
fired    1_2_1_9b r32  -((((1089*a^3*e^10-3267*a^2*c*d^2*e^8+3267*a*c^2*d^4*e^6-1089*c^3*d^6*e^4)*x+1089*a^3*d*e^9-3267*a^2*c*d^3*e^7+3267*a*c^2*d^5*e^5-1089*c^3*d^7*e^3)*(c*d*e*x^2+(...
fired    1_2_1_2 r117  ((11*a*e^4-11*c*d^2*e^2)*x+11*a*d*e^3-11*c*d^3*e)^2*(c*d*e*x^2+(a*e^2+c*d^2)*x+a*d*e)^(5/2)
fired    9_1 r8  0
fired    1_2_1_9b r32  (13*((11*a*e^4-11*c*d^2*e^2)*x+11*a*d*e^3-11*c*d^3*e)^2*(c*d*e*x^2+(a*e^2+c*d^2)*x+a*d*e)^(5/2))/44
fired    1_2_1_9b r1  (((11*a*e^4-11*c*d^2*e^2)*x+11*a*d*e^3-11*c*d^3*e)*((13*a*e^4-13*c*d^2*e^2)*x+13*a*d*e^3-13*c*d^3*e)*(c*d*e*x^2+(a*e^2+c*d^2)*x+a*d*e)^(5/2))/4
fired    1_2_1_3 r56  ((13*a*e^4-13*c*d^2*e^2)*x+13*a*d*e^3-13*c*d^3*e)^2*(-((e*x)/(26*a*e^3-26*c*d^2*e))-d/(26*a*e^3-26*c*d^2*e))*(c*d*e*x^2+(a*e^2+c*d^2)*x+a*d*e)^(5/2)
fired    1_2_1_9b r1  -(((e*x+d)^2*((13*a*e^4-13*c*d^2*e^2)*x+13*a*d*e^3-13*c*d^3*e)*(c*d*e*x^2+(a*e^2+c*d^2)*x+a*d*e)^(5/2))/2)
fired    1_2_1_2 r117  (e*x+d)^4*(c*d*e*x^2+(a*e^2+c*d^2)*x+a*d*e)^(5/2)
RUBI-CPU 5.419844 
ANSWER-LEN 7848 UNINT false 
ANSWER ((13*(((11*a*e^4-11*c*d^2*e^2)*((11*a*e^4-11*c*d^2*e^2)*x+11*a*d*e^3-11*c*d^3*e)*(c*d*e*x^2+(a*e^2+c*d^2)*x+a*d*e)^(7/2))/(8*c*d*e)-(((2*c*d*e*(1089*a^3*d*e^9-3267*a^2*c*d^3*e^7+3267*a*c^2*d^5*e^5-1089*c^3*d^7*e^3)-(a*e^2+c*d^2)*(1089*a^3*e^10-3267*a^2*c*d^2*e^8+3267*a*c^2*d^4*e^6-1089*c^3*d^6*e^4))*(((2*c*d*e*x+a*e^2+c*d^2)*(c*d*e*x^2+(a*e^2+c*d^2)*x+a*d*e)^(5/2))/(12*c*d*e)-(5*((a*e^2+c*d^2)^2-4*a*c*d^2*e^2)*(((2*c*d*e*x+a*e^2+c*d^2)*(c*d*e*x^2+(a*e^2+c*d^2)*x+a*d*e)^(3/2))/(8*c*d*e)-(3*((a*e^2+c*d^2)^2-4*a*c*d^2*e^2)*(((2*c*d*e*x+a*e^2+c*d^2)*sqrt(c*d*e*x^2+(a*e^2+c*d^2)*x+a*d*e))/(4...

## arm refV
# entry 1.2 Trinomial products/1.2.1 Quadratic/1.2.1.3 (d+e x)^m (f+g x) (a+b x+c x^2)^p.mac e418  integrand (A+B*x)/(x^(7/2)*(a+c*x^2))
# core /home/serge/src/mr-attr-base/test/mr_rules.core  cap 60  hit_cap False  cpu [4.154223]
fired    1_1_2_1 r11  1/(-x^2-1)
fired    1_2_1_1 r11  1/(c^(3/4)*x^2+sqrt(2)*a^(1/4)*sqrt(c)*x+sqrt(a)*c^(1/4))
fired    9_1 r12  c^(3/4)/(c^(3/4)*x^2+sqrt(2)*a^(1/4)*sqrt(c)*x+sqrt(a)*c^(1/4))
fired    1_1_2_1 r11  1/(-x^2-1)
fired    1_2_1_1 r11  1/(c^(3/4)*x^2-sqrt(2)*a^(1/4)*sqrt(c)*x+sqrt(a)*c^(1/4))
fired    9_1 r12  c^(3/4)/(c^(3/4)*x^2-sqrt(2)*a^(1/4)*sqrt(c)*x+sqrt(a)*c^(1/4))
fired    1_2_2_3 r20  (c*x^2+sqrt(a)*sqrt(c))/(c*x^4+a)
fired    1_2_1_2 r3  ((sqrt(2)*a^(1/4))/c^(1/4)-2*x)/(c^(3/4)*x^2-sqrt(2)*a^(1/4)*sqrt(c)*x+sqrt(a)*c^(1/4))
fired    9_1 r12  (c^(3/4)*((sqrt(2)*a^(1/4))/c^(1/4)-2*x))/(c^(3/4)*x^2-sqrt(2)*a^(1/4)*sqrt(c)*x+sqrt(a)*c^(1/4))
fired    9_1 r10  -((c^(3/4)*((sqrt(2)*a^(1/4))/c^(1/4)-2*x))/(c^(3/4)*x^2-sqrt(2)*a^(1/4)*sqrt(c)*x+sqrt(a)*c^(1/4)))
fired    1_2_1_2 r3  (2*x+(sqrt(2)*a^(1/4))/c^(1/4))/(c^(3/4)*x^2+sqrt(2)*a^(1/4)*sqrt(c)*x+sqrt(a)*c^(1/4))
fired    9_1 r12  (c^(3/4)*(2*x+(sqrt(2)*a^(1/4))/c^(1/4)))/(c^(3/4)*x^2+sqrt(2)*a^(1/4)*sqrt(c)*x+sqrt(a)*c^(1/4))
fired    9_1 r10  -((c^(3/4)*(2*x+(sqrt(2)*a^(1/4))/c^(1/4)))/(c^(3/4)*x^2+sqrt(2)*a^(1/4)*sqrt(c)*x+sqrt(a)*c^(1/4)))
fired    1_2_2_3 r23  (sqrt(a)*sqrt(c)-c*x^2)/(c*x^4+a)
fired    1_2_2_3 r26  ((15*B*a^2*c)/8-(15*A*a*c^2*x^2)/8)/(c*x^4+a)
fired    1_1_2_8 r39  ((15*B*a^2*c)/8-(15*A*a*c^2*x)/8)/(sqrt(x)*(c*x^2+a))
fired    1_1_2_8 r38  (-((15*B*a*c*x)/4)-(15*A*a*c)/4)/(x^(3/2)*(c*x^2+a))
fired    1_1_2_8 r38  ((5*A*c*x)/2-(5*B*a)/2)/(x^(5/2)*(c*x^2+a))
fired    1_1_2_8 r38  (B*x+A)/(x^(7/2)*(c*x^2+a))
RUBI-CPU 4.11802 
ANSWER-LEN 607 UNINT false 
ANSWER -((2*((5*B)/(3*x^(3/2))-(2*((15*A*c)/(2*sqrt(x))-(B*a^(5/4)*c^(3/4)*(15*log(c^(3/4)*x+sqrt(2)*a^(1/4)*sqrt(c)*sqrt(x)+sqrt(a)*c^(1/4))-15*log(c^(3/4)*x-sqrt(2)*a^(1/4)*sqrt(c)*sqrt(x)+sqrt(a)*c^(1/4))+30*atan((sqrt(2)*c^(1/4)*sqrt(x)+a^(1/4))/a^(1/4))+30*atan((sqrt(2)*c^(1/4)*sqrt(x)-a^(1/4))/a^(1/4)))+A*a^(3/4)*c^(5/4)*(15*log(c^(3/4)*x+sqrt(2)*a^(1/4)*sqrt(c)*sqrt(x)+sqrt(a)*c^(1/4))-15*log(c^(3/4)*x-sqrt(2)*a^(1/4)*sqrt(c)*sqrt(x)+sqrt(a)*c^(1/4))-30*atan((sqrt(2)*c^(1/4)*sqrt(x)+a^(1/4))/a^(1/4))-30*atan((sqrt(2)*c^(1/4)*sqrt(x)-a^(1/4))/a^(1/4))))/(2^(7/2)*a)))/(3*a)))/(5*a))-(2*A)...

## arm newV
# entry 1.2 Trinomial products/1.2.1 Quadratic/1.2.1.3 (d+e x)^m (f+g x) (a+b x+c x^2)^p.mac e418  integrand (A+B*x)/(x^(7/2)*(a+c*x^2))
# core /home/serge/src/mr-attr/test/mr_rules.core  cap 60  hit_cap False  cpu [4.556661]
fired    1_1_2_1 r11  1/(-x^2-1)
fired    1_2_1_1 r11  1/(c^(3/4)*x^2+sqrt(2)*a^(1/4)*sqrt(c)*x+sqrt(a)*c^(1/4))
fired    9_1 r12  c^(3/4)/(c^(3/4)*x^2+sqrt(2)*a^(1/4)*sqrt(c)*x+sqrt(a)*c^(1/4))
fired    1_1_2_1 r11  1/(-x^2-1)
fired    1_2_1_1 r11  1/(c^(3/4)*x^2-sqrt(2)*a^(1/4)*sqrt(c)*x+sqrt(a)*c^(1/4))
fired    9_1 r12  c^(3/4)/(c^(3/4)*x^2-sqrt(2)*a^(1/4)*sqrt(c)*x+sqrt(a)*c^(1/4))
fired    1_2_2_3 r20  (c*x^2+sqrt(a)*sqrt(c))/(c*x^4+a)
fired    1_2_1_2 r3  ((sqrt(2)*a^(1/4))/c^(1/4)-2*x)/(c^(3/4)*x^2-sqrt(2)*a^(1/4)*sqrt(c)*x+sqrt(a)*c^(1/4))
fired    9_1 r12  (c^(3/4)*((sqrt(2)*a^(1/4))/c^(1/4)-2*x))/(c^(3/4)*x^2-sqrt(2)*a^(1/4)*sqrt(c)*x+sqrt(a)*c^(1/4))
fired    9_1 r10  -((c^(3/4)*((sqrt(2)*a^(1/4))/c^(1/4)-2*x))/(c^(3/4)*x^2-sqrt(2)*a^(1/4)*sqrt(c)*x+sqrt(a)*c^(1/4)))
fired    1_2_1_2 r3  (2*x+(sqrt(2)*a^(1/4))/c^(1/4))/(c^(3/4)*x^2+sqrt(2)*a^(1/4)*sqrt(c)*x+sqrt(a)*c^(1/4))
fired    9_1 r12  (c^(3/4)*(2*x+(sqrt(2)*a^(1/4))/c^(1/4)))/(c^(3/4)*x^2+sqrt(2)*a^(1/4)*sqrt(c)*x+sqrt(a)*c^(1/4))
fired    9_1 r10  -((c^(3/4)*(2*x+(sqrt(2)*a^(1/4))/c^(1/4)))/(c^(3/4)*x^2+sqrt(2)*a^(1/4)*sqrt(c)*x+sqrt(a)*c^(1/4)))
fired    1_2_2_3 r23  (sqrt(a)*sqrt(c)-c*x^2)/(c*x^4+a)
fired    1_2_2_3 r26  ((15*B*a^2*c)/8-(15*A*a*c^2*x^2)/8)/(c*x^4+a)
fired    1_1_2_8 r39  ((15*B*a^2*c)/8-(15*A*a*c^2*x)/8)/(sqrt(x)*(c*x^2+a))
fired    1_1_2_8 r38  (-((15*B*a*c*x)/4)-(15*A*a*c)/4)/(x^(3/2)*(c*x^2+a))
fired    1_1_2_8 r38  ((5*A*c*x)/2-(5*B*a)/2)/(x^(5/2)*(c*x^2+a))
fired    1_1_2_8 r38  (B*x+A)/(x^(7/2)*(c*x^2+a))
RUBI-CPU 4.511375 
ANSWER-LEN 607 UNINT false 
ANSWER -((2*((5*B)/(3*x^(3/2))-(2*((15*A*c)/(2*sqrt(x))-(B*a^(5/4)*c^(3/4)*(15*log(c^(3/4)*x+sqrt(2)*a^(1/4)*sqrt(c)*sqrt(x)+sqrt(a)*c^(1/4))-15*log(c^(3/4)*x-sqrt(2)*a^(1/4)*sqrt(c)*sqrt(x)+sqrt(a)*c^(1/4))+30*atan((sqrt(2)*c^(1/4)*sqrt(x)+a^(1/4))/a^(1/4))+30*atan((sqrt(2)*c^(1/4)*sqrt(x)-a^(1/4))/a^(1/4)))+A*a^(3/4)*c^(5/4)*(15*log(c^(3/4)*x+sqrt(2)*a^(1/4)*sqrt(c)*sqrt(x)+sqrt(a)*c^(1/4))-15*log(c^(3/4)*x-sqrt(2)*a^(1/4)*sqrt(c)*sqrt(x)+sqrt(a)*c^(1/4))-30*atan((sqrt(2)*c^(1/4)*sqrt(x)+a^(1/4))/a^(1/4))-30*atan((sqrt(2)*c^(1/4)*sqrt(x)-a^(1/4))/a^(1/4))))/(2^(7/2)*a)))/(3*a)))/(5*a))-(2*A)...

## arm refV
# entry 1.2 Trinomial products/1.2.1 Quadratic/1.2.1.3 (d+e x)^m (f+g x) (a+b x+c x^2)^p.mac e1029  integrand (A+B*x)*sqrt(x)*sqrt(a+b*x+c*x^2)
# core /home/serge/src/mr-attr-base/test/mr_rules.core  cap 60  hit_cap False  cpu [4.713232]
fired    1_2_2_1 r16  1/sqrt(c*x^4+b*x^2+a)
fired    1_2_2_3 r53  (1-(sqrt(c)*x^2)/sqrt(a))/sqrt(c*x^4+b*x^2+a)
fired    1_2_2_3 r55  ((A*(14*b^2*c-42*a*c^2)+B*(29*a*b*c-8*b^3))*x^2+B*(10*a^2*c-4*a*b^2)+7*A*a*b*c)/sqrt(c*x^4+b*x^2+a)
fired    1_2_2_3 r34  ((4*B*b-7*A*c)*x^2+B*a)*sqrt(c*x^4+b*x^2+a)
fired    9_1 r12  -((((4*B*b-7*A*c)*x^2+B*a)*sqrt(c*x^4+b*x^2+a))/2)
fired    1_2_2_1 r16  1/sqrt(c*x^4+b*x^2+a)
fired    1_2_2_3 r53  (1-(sqrt(c)*x^2)/sqrt(a))/sqrt(c*x^4+b*x^2+a)
fired    1_2_2_3 r55  ((6*a*c-2*b^2)*x^2-a*b)/sqrt(c*x^4+b*x^2+a)
fired    9_1 r12  -(((6*a*c-2*b^2)*x^2-a*b)/(2*sqrt(c*x^4+b*x^2+a)))
fired    1_2_2_1 r16  1/sqrt(c*x^4+b*x^2+a)
fired    1_2_2_3 r53  (1-(sqrt(c)*x^2)/sqrt(a))/sqrt(c*x^4+b*x^2+a)
fired    1_2_2_2 r33  x^2/sqrt(c*x^4+b*x^2+a)
fired    1_2_1_2 r91  sqrt(x)/sqrt(c*x^2+b*x+a)
fired    1_2_2_1 r16  1/sqrt(c*x^4+b*x^2+a)
fired    1_4_1 r24  (a*b)/(2*sqrt(c*x^4+b*x^2+a))
fired    1_4_1 r34  (a*b)/(2*sqrt(x)*sqrt(c*x^2+b*x+a))
fired    1_2_1_9b r32  -(((6*a*c-2*b^2)*x-a*b)/(2*sqrt(x)*sqrt(c*x^2+b*x+a)))
fired    1_2_1_3 r56  (sqrt(x)*(-(b*x)-2*a))/sqrt(c*x^2+b*x+a)
fired    1_2_1_2 r109  sqrt(x)*sqrt(c*x^2+b*x+a)
fired    1_2_2_1 r16  1/sqrt(c*x^4+b*x^2+a)
fired    1_2_2_3 r53  (1-(sqrt(c)*x^2)/sqrt(a))/sqrt(c*x^4+b*x^2+a)
fired    1_2_2_3 r55  (b*x^2+2*a)/sqrt(c*x^4+b*x^2+a)
fired    1_2_2_1 r4  sqrt(c*x^4+b*x^2+a)
fired    1_2_2_1 r16  1/sqrt(c*x^4+b*x^2+a)
fired    1_2_2_3 r53  (1-(sqrt(c)*x^2)/sqrt(a))/sqrt(c*x^4+b*x^2+a)
fired    1_2_2_3 r55  (b*x^2+2*a)/sqrt(c*x^4+b*x^2+a)
fired    1_2_2_1 r4  sqrt(c*x^4+b*x^2+a)
fired    1_2_2_1 r16  1/sqrt(c*x^4+b*x^2+a)
fired    1_2_2_3 r53  (1-(sqrt(c)*x^2)/sqrt(a))/sqrt(c*x^4+b*x^2+a)
fired    1_2_2_3 r55  (b*x^2+2*a)/sqrt(c*x^4+b*x^2+a)
fired    1_2_2_1 r4  sqrt(c*x^4+b*x^2+a)
fired    9_1 r12  -((B*a*sqrt(c*x^4+b*x^2+a))/2)
fired    1_2_2_1 r16  1/sqrt(c*x^4+b*x^2+a)
fired    1_2_2_3 r53  (1-(sqrt(c)*x^2)/sqrt(a))/sqrt(c*x^4+b*x^2+a)
fired    1_2_2_3 r55  (-(b*x^2)-2*a)/sqrt(c*x^4+b*x^2+a)
fired    1_2_2_1 r16  1/sqrt(c*x^4+b*x^2+a)
fired    1_2_2_3 r53  (1-(sqrt(c)*x^2)/sqrt(a))/sqrt(c*x^4+b*x^2+a)
fired    1_2_2_2 r33  x^2/sqrt(c*x^4+b*x^2+a)
fired    1_2_1_2 r91  sqrt(x)/sqrt(c*x^2+b*x+a)
fired    1_2_2_1 r16  1/sqrt(c*x^4+b*x^2+a)
fired    1_2_1_2 r91  1/(sqrt(x)*sqrt(c*x^2+b*x+a))
fired    1_2_1_3 r89  (-(b*x)-2*a)/(sqrt(x)*sqrt(c*x^2+b*x+a))
fired    1_2_1_2 r109  sqrt(c*x^2+b*x+a)/sqrt(x)
fired    9_1 r8  0
fired    1_2_1_9b r32  -((B*a*sqrt(c*x^2+b*x+a))/(2*sqrt(x)))
fired    1_2_1_9b r32  -((((4*B*b-7*A*c)*x+B*a)*sqrt(c*x^2+b*x+a))/(2*sqrt(x)))
fired    1_2_1_3 r56  sqrt(x)*(B*x+A)*sqrt(c*x^2+b*x+a)
RUBI-CPU 4.678452 
ANSWER-LEN 7164 UNINT false 
ANSWER (2*(((7*A*c)/2-2*B*b)*((2*x^(3/2)*sqrt(c*x^2+b*x+a))/5-((2*((2*(b^2-3*a*c)*(((a^(1/4)*c^(23/4)*elliptic_f(2*atan((c^(1/4)*sqrt(x))/a^(1/4)),-((b-2*sqrt(a)*sqrt(c))/(4*sqrt(a)*sqrt(c))))-2*a^(1/4)*c^(23/4)*elliptic_e(2*atan((c^(1/4)*sqrt(x))/a^(1/4)),-((b-2*sqrt(a)*sqrt(c))/(4*sqrt(a)*sqrt(c)))))*x^10+(10*a^(3/4)*c^(21/4)*elliptic_f(2*atan((c^(1/4)*sqrt(x))/a^(1/4)),-((b-2*sqrt(a)*sqrt(c))/(4*sqrt(a)*sqrt(c))))-20*a^(3/4)*c^(21/4)*elliptic_e(2*atan((c^(1/4)*sqrt(x))/a^(1/4)),-((b-2*sqrt(a)*sqrt(c))/(4*sqrt(a)*sqrt(c)))))*x^9+(45*a^(5/4)*c^(19/4)*elliptic_f(2*atan((c^(1/4)*sqrt(x))/a^(1/4...

## arm newV
# entry 1.2 Trinomial products/1.2.1 Quadratic/1.2.1.3 (d+e x)^m (f+g x) (a+b x+c x^2)^p.mac e1029  integrand (A+B*x)*sqrt(x)*sqrt(a+b*x+c*x^2)
# core /home/serge/src/mr-attr/test/mr_rules.core  cap 60  hit_cap False  cpu [5.421338]
fired    1_2_2_1 r16  1/sqrt(c*x^4+b*x^2+a)
fired    1_2_2_3 r53  (1-(sqrt(c)*x^2)/sqrt(a))/sqrt(c*x^4+b*x^2+a)
fired    1_2_2_3 r55  ((A*(14*b^2*c-42*a*c^2)+B*(29*a*b*c-8*b^3))*x^2+B*(10*a^2*c-4*a*b^2)+7*A*a*b*c)/sqrt(c*x^4+b*x^2+a)
fired    1_2_2_3 r34  ((4*B*b-7*A*c)*x^2+B*a)*sqrt(c*x^4+b*x^2+a)
fired    9_1 r12  -((((4*B*b-7*A*c)*x^2+B*a)*sqrt(c*x^4+b*x^2+a))/2)
fired    1_2_2_1 r16  1/sqrt(c*x^4+b*x^2+a)
fired    1_2_2_3 r53  (1-(sqrt(c)*x^2)/sqrt(a))/sqrt(c*x^4+b*x^2+a)
fired    1_2_2_3 r55  ((6*a*c-2*b^2)*x^2-a*b)/sqrt(c*x^4+b*x^2+a)
fired    9_1 r12  -(((6*a*c-2*b^2)*x^2-a*b)/(2*sqrt(c*x^4+b*x^2+a)))
fired    1_2_2_1 r16  1/sqrt(c*x^4+b*x^2+a)
fired    1_2_2_3 r53  (1-(sqrt(c)*x^2)/sqrt(a))/sqrt(c*x^4+b*x^2+a)
fired    1_2_2_2 r33  x^2/sqrt(c*x^4+b*x^2+a)
fired    1_2_1_2 r91  sqrt(x)/sqrt(c*x^2+b*x+a)
fired    1_2_2_1 r16  1/sqrt(c*x^4+b*x^2+a)
fired    1_4_1 r24  (a*b)/(2*sqrt(c*x^4+b*x^2+a))
fired    1_4_1 r34  (a*b)/(2*sqrt(x)*sqrt(c*x^2+b*x+a))
fired    1_2_1_9b r32  -(((6*a*c-2*b^2)*x-a*b)/(2*sqrt(x)*sqrt(c*x^2+b*x+a)))
fired    1_2_1_3 r56  (sqrt(x)*(-(b*x)-2*a))/sqrt(c*x^2+b*x+a)
fired    1_2_1_2 r109  sqrt(x)*sqrt(c*x^2+b*x+a)
fired    1_2_2_1 r16  1/sqrt(c*x^4+b*x^2+a)
fired    1_2_2_3 r53  (1-(sqrt(c)*x^2)/sqrt(a))/sqrt(c*x^4+b*x^2+a)
fired    1_2_2_3 r55  (b*x^2+2*a)/sqrt(c*x^4+b*x^2+a)
fired    1_2_2_1 r4  sqrt(c*x^4+b*x^2+a)
fired    1_2_2_1 r16  1/sqrt(c*x^4+b*x^2+a)
fired    1_2_2_3 r53  (1-(sqrt(c)*x^2)/sqrt(a))/sqrt(c*x^4+b*x^2+a)
fired    1_2_2_3 r55  (b*x^2+2*a)/sqrt(c*x^4+b*x^2+a)
fired    1_2_2_1 r4  sqrt(c*x^4+b*x^2+a)
fired    1_2_2_1 r16  1/sqrt(c*x^4+b*x^2+a)
fired    1_2_2_3 r53  (1-(sqrt(c)*x^2)/sqrt(a))/sqrt(c*x^4+b*x^2+a)
fired    1_2_2_3 r55  (b*x^2+2*a)/sqrt(c*x^4+b*x^2+a)
fired    1_2_2_1 r4  sqrt(c*x^4+b*x^2+a)
fired    9_1 r12  -((B*a*sqrt(c*x^4+b*x^2+a))/2)
fired    1_2_2_1 r16  1/sqrt(c*x^4+b*x^2+a)
fired    1_2_2_3 r53  (1-(sqrt(c)*x^2)/sqrt(a))/sqrt(c*x^4+b*x^2+a)
fired    1_2_2_3 r55  (-(b*x^2)-2*a)/sqrt(c*x^4+b*x^2+a)
fired    1_2_2_1 r16  1/sqrt(c*x^4+b*x^2+a)
fired    1_2_2_3 r53  (1-(sqrt(c)*x^2)/sqrt(a))/sqrt(c*x^4+b*x^2+a)
fired    1_2_2_2 r33  x^2/sqrt(c*x^4+b*x^2+a)
fired    1_2_1_2 r91  sqrt(x)/sqrt(c*x^2+b*x+a)
fired    1_2_2_1 r16  1/sqrt(c*x^4+b*x^2+a)
fired    1_2_1_2 r91  1/(sqrt(x)*sqrt(c*x^2+b*x+a))
fired    1_2_1_3 r89  (-(b*x)-2*a)/(sqrt(x)*sqrt(c*x^2+b*x+a))
fired    1_2_1_2 r109  sqrt(c*x^2+b*x+a)/sqrt(x)
fired    9_1 r8  0
fired    1_2_1_9b r32  -((B*a*sqrt(c*x^2+b*x+a))/(2*sqrt(x)))
fired    1_2_1_9b r32  -((((4*B*b-7*A*c)*x+B*a)*sqrt(c*x^2+b*x+a))/(2*sqrt(x)))
fired    1_2_1_3 r56  sqrt(x)*(B*x+A)*sqrt(c*x^2+b*x+a)
RUBI-CPU 5.377142 
ANSWER-LEN 7164 UNINT false 
ANSWER (2*(((7*A*c)/2-2*B*b)*((2*x^(3/2)*sqrt(c*x^2+b*x+a))/5-((2*((2*(b^2-3*a*c)*(((a^(1/4)*c^(23/4)*elliptic_f(2*atan((c^(1/4)*sqrt(x))/a^(1/4)),-((b-2*sqrt(a)*sqrt(c))/(4*sqrt(a)*sqrt(c))))-2*a^(1/4)*c^(23/4)*elliptic_e(2*atan((c^(1/4)*sqrt(x))/a^(1/4)),-((b-2*sqrt(a)*sqrt(c))/(4*sqrt(a)*sqrt(c)))))*x^10+(10*a^(3/4)*c^(21/4)*elliptic_f(2*atan((c^(1/4)*sqrt(x))/a^(1/4)),-((b-2*sqrt(a)*sqrt(c))/(4*sqrt(a)*sqrt(c))))-20*a^(3/4)*c^(21/4)*elliptic_e(2*atan((c^(1/4)*sqrt(x))/a^(1/4)),-((b-2*sqrt(a)*sqrt(c))/(4*sqrt(a)*sqrt(c)))))*x^9+(45*a^(5/4)*c^(19/4)*elliptic_f(2*atan((c^(1/4)*sqrt(x))/a^(1/4...

## arm refV
# entry 1.2 Trinomial products/1.2.1 Quadratic/1.2.1.3 (d+e x)^m (f+g x) (a+b x+c x^2)^p.mac e2368  integrand (A+B*x)/((d+e*x)*(a+b*x+c*x^2))
# core /home/serge/src/mr-attr-base/test/mr_rules.core  cap 60  hit_cap False  cpu [7.182542]
fired    1_1_2_1 r13  1/(-x^2+(a^2*b^2-4*a^3*c)*e^4+(8*a^2*b*c-2*a*b^3)*d*e^3+(-(8*a^2*c^2)-2*a*b^2*c+b^4)*d^2*e^2+(8*a*b*c^2-2*b^3*c)*d^3*e+(b^2*c^2-4*a*c^3)*d^4)
fired    1_2_1_1 r12  1/((a*c*e^2-b*c*d*e+c^2*d^2)*x^2+(b*(a*e^2+c*d^2)-b^2*d*e)*x+a^2*e^2-a*b*d*e+a*c*d^2)
fired    9_1 r6  1/((a*c*e^2-b*c*d*e+c^2*d^2)*x^2+b*(a*e^2+c*d^2)*x-b^2*d*e*x+a^2*e^2-a*b*d*e+a*c*d^2)
fired    9_1 r6  1/((a*c*e^2-b*c*d*e+c^2*d^2)*x^2+a*b*e^2*x-b^2*d*e*x+b*c*d^2*x+a^2*e^2-a*b*d*e+a*c*d^2)
fired    9_1 r6  1/((a*c*e^2+c^2*d^2)*x^2-b*c*d*e*x^2+a*b*e^2*x-b^2*d*e*x+b*c*d^2*x+a^2*e^2-a*b*d*e+a*c*d^2)
fired    9_1 r6  1/(a*c*e^2*x^2-b*c*d*e*x^2+c^2*d^2*x^2+a*b*e^2*x-b^2*d*e*x+b*c*d^2*x+a^2*e^2-a*b*d*e+a*c*d^2)
fired    1_3_4 r17  (-(A*c*e*x)+B*c*d*x-A*b*e+B*a*e+A*c*d)/(a*c*e^2*x^2-b*c*d*e*x^2+c^2*d^2*x^2+a*b*e^2*x-b^2*d*e*x+b*c*d^2*x+a^2*e^2-a*b*d*e+a*c*d^2)
fired    1_4_2 r14  ((B*c*d-A*c*e)*x+A*(c*d-b*e)+B*a*e)/(a*c*e^2*x^2-b*c*d*e*x^2+c^2*d^2*x^2+a*b*e^2*x-b^2*d*e*x+b*c*d^2*x+a^2*e^2-a*b*d*e+a*c*d^2)
fired    1_1_1_1 r3  1/(((-(a*e^3)+b*d*e^2-c*d^2*e)*x)/(A*e^2-B*d*e)-(a*d*e^2)/(A*e^2-B*d*e)+(b*d^2*e)/(A*e^2-B*d*e)-(c*d^3)/(A*e^2-B*d*e))
fired    9_1 r6  1/((b*d*e^2*x)/(A*e^2-B*d*e)-((a*e^3+c*d^2*e)*x)/(A*e^2-B*d*e)-(a*d*e^2)/(A*e^2-B*d*e)+(b*d^2*e)/(A*e^2-B*d*e)-(c*d^3)/(A*e^2-B*d*e))
fired    9_1 r6  1/(-((a*e^3*x)/(A*e^2-B*d*e))+(b*d*e^2*x)/(A*e^2-B*d*e)-(c*d^2*e*x)/(A*e^2-B*d*e)-(a*d*e^2)/(A*e^2-B*d*e)+(b*d^2*e)/(A*e^2-B*d*e)-(c*d^3)/(A*e^2-B*d*e))
fired    1_4_1 r18  (B*d*e-A*e^2)/((a*e^3-b*d*e^2+c*d^2*e)*x+a*d*e^2-b*d^2*e+c*d^3)
fired    1_4_1 r7  ((B*c*d-A*c*e)*x+A*(c*d-b*e)+B*a*e)/(a*c*e^2*x^2-b*c*d*e*x^2+c^2*d^2*x^2+a*b*e^2*x-b^2*d*e*x+b*c*d^2*x+a^2*e^2-a*b*d*e+a*c*d^2)-(B*d*e-A*e^2)/((a*e^3-b*d*e^2+c*...
fired    1_2_1_3 r20  (B*x+A)/((e*x+d)*(c*x^2+b*x+a))
RUBI-CPU 7.142113 
ANSWER-LEN 8454 UNINT false 
ANSWER -(((A*(2*c*d-b*e)+B*(2*a*e-b*d))*log(-(((2*a*c^8*e^2-2*b*c^8*d*e+2*c^9*d^2)*x^8+(-(6*c^7*sqrt((a^2*b^2-4*a^3*c)*e^4+(8*a^2*b*c-2*a*b^3)*d*e^3+(-(8*a^2*c^2)-2*a*b^2*c+b^4)*d^2*e^2+(8*a*b*c^2-2*b^3*c)*d^3*e+(b^2*c^2-4*a*c^3)*d^4))+8*a*b*c^7*e^2-8*b^2*c^7*d*e+8*b*c^8*d^2)*x^7+(-(21*b*c^6*sqrt((a^2*b^2-4*a^3*c)*e^4+(8*a^2*b*c-2*a*b^3)*d*e^3+(-(8*a^2*c^2)-2*a*b^2*c+b^4)*d^2*e^2+(8*a*b*c^2-2*b^3*c)*d^3*e+(b^2*c^2-4*a*c^3)*d^4))+(21*a*b^2*c^6-28*a^2*c^7)*e^2+(28*a*b*c^7-21*b^3*c^6)*d*e+(21*b^2*c^7-28*a*c^8)*d^2)*x^6+(14*a*c^6*sqrt((a^2*b^2-4*a^3*c)*e^4+(8*a^2*b*c-2*a*b^3)*d*e^3+(-(8*a^2*c^2)-2...

## arm newV
# entry 1.2 Trinomial products/1.2.1 Quadratic/1.2.1.3 (d+e x)^m (f+g x) (a+b x+c x^2)^p.mac e2368  integrand (A+B*x)/((d+e*x)*(a+b*x+c*x^2))
# core /home/serge/src/mr-attr/test/mr_rules.core  cap 60  hit_cap False  cpu [7.249225]
fired    1_1_2_1 r13  1/(-x^2+(a^2*b^2-4*a^3*c)*e^4+(8*a^2*b*c-2*a*b^3)*d*e^3+(-(8*a^2*c^2)-2*a*b^2*c+b^4)*d^2*e^2+(8*a*b*c^2-2*b^3*c)*d^3*e+(b^2*c^2-4*a*c^3)*d^4)
fired    1_2_1_1 r12  1/((a*c*e^2-b*c*d*e+c^2*d^2)*x^2+(b*(a*e^2+c*d^2)-b^2*d*e)*x+a^2*e^2-a*b*d*e+a*c*d^2)
fired    9_1 r6  1/((a*c*e^2-b*c*d*e+c^2*d^2)*x^2+b*(a*e^2+c*d^2)*x-b^2*d*e*x+a^2*e^2-a*b*d*e+a*c*d^2)
fired    9_1 r6  1/((a*c*e^2-b*c*d*e+c^2*d^2)*x^2+a*b*e^2*x-b^2*d*e*x+b*c*d^2*x+a^2*e^2-a*b*d*e+a*c*d^2)
fired    9_1 r6  1/((a*c*e^2+c^2*d^2)*x^2-b*c*d*e*x^2+a*b*e^2*x-b^2*d*e*x+b*c*d^2*x+a^2*e^2-a*b*d*e+a*c*d^2)
fired    9_1 r6  1/(a*c*e^2*x^2-b*c*d*e*x^2+c^2*d^2*x^2+a*b*e^2*x-b^2*d*e*x+b*c*d^2*x+a^2*e^2-a*b*d*e+a*c*d^2)
fired    1_3_4 r17  (-(A*c*e*x)+B*c*d*x-A*b*e+B*a*e+A*c*d)/(a*c*e^2*x^2-b*c*d*e*x^2+c^2*d^2*x^2+a*b*e^2*x-b^2*d*e*x+b*c*d^2*x+a^2*e^2-a*b*d*e+a*c*d^2)
fired    1_4_2 r14  ((B*c*d-A*c*e)*x+A*(c*d-b*e)+B*a*e)/(a*c*e^2*x^2-b*c*d*e*x^2+c^2*d^2*x^2+a*b*e^2*x-b^2*d*e*x+b*c*d^2*x+a^2*e^2-a*b*d*e+a*c*d^2)
fired    1_1_1_1 r3  1/((a*e^3-b*d*e^2+c*d^2*e)*x+a*d*e^2-b*d^2*e+c*d^3)
fired    1_4_1 r7  ((B*c*d-A*c*e)*x+A*(c*d-b*e)+B*a*e)/(a*c*e^2*x^2-b*c*d*e*x^2+c^2*d^2*x^2+a*b*e^2*x-b^2*d*e*x+b*c*d^2*x+a^2*e^2-a*b*d*e+a*c*d^2)-(B*d*e-A*e^2)/((a*e^3-b*d*e^2+c*...
fired    1_2_1_3 r20  (B*x+A)/((e*x+d)*(c*x^2+b*x+a))
RUBI-CPU 7.201385999999999 
ANSWER-LEN 8384 UNINT false 
ANSWER -(((A*(2*c*d-b*e)+B*(2*a*e-b*d))*log(-(((2*a*c^8*e^2-2*b*c^8*d*e+2*c^9*d^2)*x^8+(-(6*c^7*sqrt((a^2*b^2-4*a^3*c)*e^4+(8*a^2*b*c-2*a*b^3)*d*e^3+(-(8*a^2*c^2)-2*a*b^2*c+b^4)*d^2*e^2+(8*a*b*c^2-2*b^3*c)*d^3*e+(b^2*c^2-4*a*c^3)*d^4))+8*a*b*c^7*e^2-8*b^2*c^7*d*e+8*b*c^8*d^2)*x^7+(-(21*b*c^6*sqrt((a^2*b^2-4*a^3*c)*e^4+(8*a^2*b*c-2*a*b^3)*d*e^3+(-(8*a^2*c^2)-2*a*b^2*c+b^4)*d^2*e^2+(8*a*b*c^2-2*b^3*c)*d^3*e+(b^2*c^2-4*a*c^3)*d^4))+(21*a*b^2*c^6-28*a^2*c^7)*e^2+(28*a*b*c^7-21*b^3*c^6)*d*e+(21*b^2*c^7-28*a*c^8)*d^2)*x^6+(14*a*c^6*sqrt((a^2*b^2-4*a^3*c)*e^4+(8*a^2*b*c-2*a*b^3)*d*e^3+(-(8*a^2*c^2)-2...

## arm refV
# entry 1.2 Trinomial products/1.2.1 Quadratic/1.2.1.9 P(x) (d+e x)^m (a+b x+c x^2)^p.mac e308  integrand (2+x+3*x^2-5*x^3+4*x^4)/((d+e*x)*(3+2*x+5*x^2))
# core /home/serge/src/mr-attr-base/test/mr_rules.core  cap 60  hit_cap False  cpu [4.964932]
fired    1_1_2_1 r11  1/(-x^2-14)
fired    1_2_1_1 r11  1/((375*e^2-250*d*e+625*d^2)*x^2+(150*e^2-100*d*e+250*d^2)*x+225*e^2-150*d*e+375*d^2)
fired    9_1 r6  1/((375*e^2+625*d^2)*x^2-250*d*e*x^2+(150*e^2-100*d*e+250*d^2)*x+225*e^2-150*d*e+375*d^2)
fired    9_1 r6  1/(375*e^2*x^2-250*d*e*x^2+625*d^2*x^2+(150*e^2-100*d*e+250*d^2)*x+225*e^2-150*d*e+375*d^2)
fired    9_1 r6  1/(375*e^2*x^2-250*d*e*x^2+625*d^2*x^2+(150*e^2+250*d^2)*x-100*d*e*x+225*e^2-150*d*e+375*d^2)
fired    9_1 r6  1/(375*e^2*x^2-250*d*e*x^2+625*d^2*x^2+150*e^2*x-100*d*e*x+250*d^2*x+225*e^2-150*d*e+375*d^2)
fired    1_3_4 r17  (7*e*x-458*d*x-272*e-7*d)/(375*e^2*x^2-250*d*e*x^2+625*d^2*x^2+150*e^2*x-100*d*e*x+250*d^2*x+225*e^2-150*d*e+375*d^2)
fired    1_4_2 r14  ((7*e-458*d)*x-272*e-7*d)/(375*e^2*x^2-250*d*e*x^2+625*d^2*x^2+150*e^2*x-100*d*e*x+250*d^2*x+225*e^2-150*d*e+375*d^2)
fired    1_4_1 r20  (4*x)/(5*e)
fired    1_4_1 r7  -(((7*e-458*d)*x-272*e-7*d)/(375*e^2*x^2-250*d*e*x^2+625*d^2*x^2+150*e^2*x-100*d*e*x+250*d^2*x+225*e^2-150*d*e+375*d^2))+(2*e^4-d*e^3+3*d^2*e^2+5*d^3*e+4*d^4)/(...
fired    1_2_1_9b r5  (4*x^4-5*x^3+3*x^2+x+2)/((e*x+d)*(5*x^2+2*x+3))
RUBI-CPU 4.927209 
ANSWER-LEN 347 UNINT false 
ANSWER -(((7*e-458*d)*log(375*e^2*x^2-250*d*e*x^2+625*d^2*x^2+150*e^2*x-100*d*e*x+250*d^2*x+225*e^2-150*d*e+375*d^2))/(2*(375*e^2-250*d*e+625*d^2)))+((2*e^4-d*e^3+3*d^2*e^2+5*d^3*e+4*d^4)*log(e*x+d))/(3*e^5-2*d*e^4+5*d^2*e^3)+(2*(1367*e-423*d)*atan((5*x+1)/sqrt(14)))/(5*sqrt(14)*(150*e^2-100*d*e+250*d^2))+(2*x^2)/(5*e)-(4*d*((33*e)/(20*d)+1)*x)/(5*e^2) 

## arm newV
# entry 1.2 Trinomial products/1.2.1 Quadratic/1.2.1.9 P(x) (d+e x)^m (a+b x+c x^2)^p.mac e308  integrand (2+x+3*x^2-5*x^3+4*x^4)/((d+e*x)*(3+2*x+5*x^2))
# core /home/serge/src/mr-attr/test/mr_rules.core  cap 60  hit_cap False  cpu [5.512358]
fired    1_1_2_1 r11  1/(-x^2-14)
fired    1_2_1_1 r11  1/((375*e^2-250*d*e+625*d^2)*x^2+(150*e^2-100*d*e+250*d^2)*x+225*e^2-150*d*e+375*d^2)
fired    9_1 r6  1/((375*e^2+625*d^2)*x^2-250*d*e*x^2+(150*e^2-100*d*e+250*d^2)*x+225*e^2-150*d*e+375*d^2)
fired    9_1 r6  1/(375*e^2*x^2-250*d*e*x^2+625*d^2*x^2+(150*e^2-100*d*e+250*d^2)*x+225*e^2-150*d*e+375*d^2)
fired    9_1 r6  1/(375*e^2*x^2-250*d*e*x^2+625*d^2*x^2+(150*e^2+250*d^2)*x-100*d*e*x+225*e^2-150*d*e+375*d^2)
fired    9_1 r6  1/(375*e^2*x^2-250*d*e*x^2+625*d^2*x^2+150*e^2*x-100*d*e*x+250*d^2*x+225*e^2-150*d*e+375*d^2)
fired    1_3_4 r17  (7*e*x-458*d*x-272*e-7*d)/(375*e^2*x^2-250*d*e*x^2+625*d^2*x^2+150*e^2*x-100*d*e*x+250*d^2*x+225*e^2-150*d*e+375*d^2)
fired    1_4_2 r14  ((7*e-458*d)*x-272*e-7*d)/(375*e^2*x^2-250*d*e*x^2+625*d^2*x^2+150*e^2*x-100*d*e*x+250*d^2*x+225*e^2-150*d*e+375*d^2)
fired    1_1_1_1 r2  x
fired    1_4_1 r7  -(((7*e-458*d)*x-272*e-7*d)/(375*e^2*x^2-250*d*e*x^2+625*d^2*x^2+150*e^2*x-100*d*e*x+250*d^2*x+225*e^2-150*d*e+375*d^2))+(2*e^4-d*e^3+3*d^2*e^2+5*d^3*e+4*d^4)/(...
fired    1_2_1_9b r5  (4*x^4-5*x^3+3*x^2+x+2)/((e*x+d)*(5*x^2+2*x+3))
RUBI-CPU 5.467806 
ANSWER-LEN 347 UNINT false 
ANSWER -(((7*e-458*d)*log(375*e^2*x^2-250*d*e*x^2+625*d^2*x^2+150*e^2*x-100*d*e*x+250*d^2*x+225*e^2-150*d*e+375*d^2))/(2*(375*e^2-250*d*e+625*d^2)))+((2*e^4-d*e^3+3*d^2*e^2+5*d^3*e+4*d^4)*log(e*x+d))/(3*e^5-2*d*e^4+5*d^2*e^3)+(2*(1367*e-423*d)*atan((5*x+1)/sqrt(14)))/(5*sqrt(14)*(150*e^2-100*d*e+250*d^2))+(2*x^2)/(5*e)-(4*d*((33*e)/(20*d)+1)*x)/(5*e^2) 

## arm refV
# entry 1.2 Trinomial products/1.2.2 Quartic/1.2.2.2 (d x)^m (a+b x^2+c x^4)^p.mac e319  integrand x^(7/2)/(b*x^2+c*x^4)
# core /home/serge/src/mr-attr-base/test/mr_rules.core  cap 60  hit_cap False  cpu [3.810865]
fired    1_2_1_2 r3  ((sqrt(2)*b^(1/4))/c^(1/4)-2*x)/(c^(3/4)*x^2-sqrt(2)*b^(1/4)*sqrt(c)*x+sqrt(b)*c^(1/4))
fired    9_1 r12  (c^(3/4)*((sqrt(2)*b^(1/4))/c^(1/4)-2*x))/(c^(3/4)*x^2-sqrt(2)*b^(1/4)*sqrt(c)*x+sqrt(b)*c^(1/4))
fired    9_1 r10  -((c^(3/4)*((sqrt(2)*b^(1/4))/c^(1/4)-2*x))/(c^(3/4)*x^2-sqrt(2)*b^(1/4)*sqrt(c)*x+sqrt(b)*c^(1/4)))
fired    1_2_1_2 r3  (2*x+(sqrt(2)*b^(1/4))/c^(1/4))/(c^(3/4)*x^2+sqrt(2)*b^(1/4)*sqrt(c)*x+sqrt(b)*c^(1/4))
fired    9_1 r12  (c^(3/4)*(2*x+(sqrt(2)*b^(1/4))/c^(1/4)))/(c^(3/4)*x^2+sqrt(2)*b^(1/4)*sqrt(c)*x+sqrt(b)*c^(1/4))
fired    9_1 r10  -((c^(3/4)*(2*x+(sqrt(2)*b^(1/4))/c^(1/4)))/(c^(3/4)*x^2+sqrt(2)*b^(1/4)*sqrt(c)*x+sqrt(b)*c^(1/4)))
fired    1_2_2_3 r23  (sqrt(b)-sqrt(c)*x^2)/(c*x^4+b)
fired    1_1_2_1 r11  1/(-x^2-1)
fired    1_2_1_1 r11  1/(c^(3/4)*x^2+sqrt(2)*b^(1/4)*sqrt(c)*x+sqrt(b)*c^(1/4))
fired    9_1 r12  c^(3/4)/(c^(3/4)*x^2+sqrt(2)*b^(1/4)*sqrt(c)*x+sqrt(b)*c^(1/4))
fired    1_1_2_1 r11  1/(-x^2-1)
fired    1_2_1_1 r11  1/(c^(3/4)*x^2-sqrt(2)*b^(1/4)*sqrt(c)*x+sqrt(b)*c^(1/4))
fired    9_1 r12  c^(3/4)/(c^(3/4)*x^2-sqrt(2)*b^(1/4)*sqrt(c)*x+sqrt(b)*c^(1/4))
fired    1_2_2_3 r20  (sqrt(c)*x^2+sqrt(b))/(c*x^4+b)
fired    1_1_3_1 r23  1/(c*x^4+b)
fired    1_1_2_2 r27  1/(sqrt(x)*(c*x^2+b))
fired    1_1_2_2 r23  x^(3/2)/(c*x^2+b)
fired    1_4_1 r18  x^(5/2)/(c*x^3+b*x)
fired    1_4_1 r18  x^(7/2)/(c*x^4+b*x^2)
RUBI-CPU 3.77658 
ANSWER-LEN 269 UNINT false 
ANSWER (2*sqrt(x))/c-(b^(1/4)*(log(c^(3/4)*x+sqrt(2)*b^(1/4)*sqrt(c)*sqrt(x)+sqrt(b)*c^(1/4))-log(c^(3/4)*x-sqrt(2)*b^(1/4)*sqrt(c)*sqrt(x)+sqrt(b)*c^(1/4))+2*atan((sqrt(2)*c^(1/4)*sqrt(x)+b^(1/4))/b^(1/4))+2*atan((sqrt(2)*c^(1/4)*sqrt(x)-b^(1/4))/b^(1/4))))/(2^(3/2)*c^(5/4)) 

## arm newV
# entry 1.2 Trinomial products/1.2.2 Quartic/1.2.2.2 (d x)^m (a+b x^2+c x^4)^p.mac e319  integrand x^(7/2)/(b*x^2+c*x^4)
# core /home/serge/src/mr-attr/test/mr_rules.core  cap 60  hit_cap False  cpu [4.814498]
fired    1_2_1_2 r3  ((sqrt(2)*b^(1/4))/c^(1/4)-2*x)/(c^(3/4)*x^2-sqrt(2)*b^(1/4)*sqrt(c)*x+sqrt(b)*c^(1/4))
fired    9_1 r12  (c^(3/4)*((sqrt(2)*b^(1/4))/c^(1/4)-2*x))/(c^(3/4)*x^2-sqrt(2)*b^(1/4)*sqrt(c)*x+sqrt(b)*c^(1/4))
fired    9_1 r10  -((c^(3/4)*((sqrt(2)*b^(1/4))/c^(1/4)-2*x))/(c^(3/4)*x^2-sqrt(2)*b^(1/4)*sqrt(c)*x+sqrt(b)*c^(1/4)))
fired    1_2_1_2 r3  (2*x+(sqrt(2)*b^(1/4))/c^(1/4))/(c^(3/4)*x^2+sqrt(2)*b^(1/4)*sqrt(c)*x+sqrt(b)*c^(1/4))
fired    9_1 r12  (c^(3/4)*(2*x+(sqrt(2)*b^(1/4))/c^(1/4)))/(c^(3/4)*x^2+sqrt(2)*b^(1/4)*sqrt(c)*x+sqrt(b)*c^(1/4))
fired    9_1 r10  -((c^(3/4)*(2*x+(sqrt(2)*b^(1/4))/c^(1/4)))/(c^(3/4)*x^2+sqrt(2)*b^(1/4)*sqrt(c)*x+sqrt(b)*c^(1/4)))
fired    1_2_2_3 r23  (sqrt(b)-sqrt(c)*x^2)/(c*x^4+b)
fired    1_1_2_1 r11  1/(-x^2-1)
fired    1_2_1_1 r11  1/(c^(3/4)*x^2+sqrt(2)*b^(1/4)*sqrt(c)*x+sqrt(b)*c^(1/4))
fired    9_1 r12  c^(3/4)/(c^(3/4)*x^2+sqrt(2)*b^(1/4)*sqrt(c)*x+sqrt(b)*c^(1/4))
fired    1_1_2_1 r11  1/(-x^2-1)
fired    1_2_1_1 r11  1/(c^(3/4)*x^2-sqrt(2)*b^(1/4)*sqrt(c)*x+sqrt(b)*c^(1/4))
fired    9_1 r12  c^(3/4)/(c^(3/4)*x^2-sqrt(2)*b^(1/4)*sqrt(c)*x+sqrt(b)*c^(1/4))
fired    1_2_2_3 r20  (sqrt(c)*x^2+sqrt(b))/(c*x^4+b)
fired    1_1_3_1 r23  1/(c*x^4+b)
fired    1_1_2_2 r27  1/(sqrt(x)*(c*x^2+b))
fired    1_1_2_2 r23  x^(3/2)/(c*x^2+b)
fired    1_4_1 r18  x^(5/2)/(c*x^3+b*x)
fired    1_4_1 r18  x^(7/2)/(c*x^4+b*x^2)
RUBI-CPU 4.770283 
ANSWER-LEN 269 UNINT false 
ANSWER (2*sqrt(x))/c-(b^(1/4)*(log(c^(3/4)*x+sqrt(2)*b^(1/4)*sqrt(c)*sqrt(x)+sqrt(b)*c^(1/4))-log(c^(3/4)*x-sqrt(2)*b^(1/4)*sqrt(c)*sqrt(x)+sqrt(b)*c^(1/4))+2*atan((sqrt(2)*c^(1/4)*sqrt(x)+b^(1/4))/b^(1/4))+2*atan((sqrt(2)*c^(1/4)*sqrt(x)-b^(1/4))/b^(1/4))))/(2^(3/2)*c^(5/4)) 

## arm refV
# entry 1.2 Trinomial products/1.2.2 Quartic/1.2.2.2 (d x)^m (a+b x^2+c x^4)^p.mac e336  integrand sqrt(x)/(b*x^2+c*x^4)^2
# core /home/serge/src/mr-attr-base/test/mr_rules.core  cap 60  hit_cap False  cpu [4.138235]
fired    1_1_2_1 r11  1/(-x^2-1)
fired    1_2_1_1 r11  1/(c^(3/4)*x^2+sqrt(2)*b^(1/4)*sqrt(c)*x+sqrt(b)*c^(1/4))
fired    9_1 r12  c^(3/4)/(c^(3/4)*x^2+sqrt(2)*b^(1/4)*sqrt(c)*x+sqrt(b)*c^(1/4))
fired    1_1_2_1 r11  1/(-x^2-1)
fired    1_2_1_1 r11  1/(c^(3/4)*x^2-sqrt(2)*b^(1/4)*sqrt(c)*x+sqrt(b)*c^(1/4))
fired    9_1 r12  c^(3/4)/(c^(3/4)*x^2-sqrt(2)*b^(1/4)*sqrt(c)*x+sqrt(b)*c^(1/4))
fired    1_2_2_3 r20  (sqrt(c)*x^2+sqrt(b))/(c*x^4+b)
fired    1_2_1_2 r3  ((sqrt(2)*b^(1/4))/c^(1/4)-2*x)/(c^(3/4)*x^2-sqrt(2)*b^(1/4)*sqrt(c)*x+sqrt(b)*c^(1/4))
fired    9_1 r12  (c^(3/4)*((sqrt(2)*b^(1/4))/c^(1/4)-2*x))/(c^(3/4)*x^2-sqrt(2)*b^(1/4)*sqrt(c)*x+sqrt(b)*c^(1/4))
fired    9_1 r10  -((c^(3/4)*((sqrt(2)*b^(1/4))/c^(1/4)-2*x))/(c^(3/4)*x^2-sqrt(2)*b^(1/4)*sqrt(c)*x+sqrt(b)*c^(1/4)))
fired    1_2_1_2 r3  (2*x+(sqrt(2)*b^(1/4))/c^(1/4))/(c^(3/4)*x^2+sqrt(2)*b^(1/4)*sqrt(c)*x+sqrt(b)*c^(1/4))
fired    9_1 r12  (c^(3/4)*(2*x+(sqrt(2)*b^(1/4))/c^(1/4)))/(c^(3/4)*x^2+sqrt(2)*b^(1/4)*sqrt(c)*x+sqrt(b)*c^(1/4))
fired    9_1 r10  -((c^(3/4)*(2*x+(sqrt(2)*b^(1/4))/c^(1/4)))/(c^(3/4)*x^2+sqrt(2)*b^(1/4)*sqrt(c)*x+sqrt(b)*c^(1/4)))
fired    1_2_2_3 r23  (sqrt(b)-sqrt(c)*x^2)/(c*x^4+b)
fired    1_1_3_2 r39  x^2/(c*x^4+b)
fired    1_1_2_2 r27  sqrt(x)/(c*x^2+b)
fired    1_1_2_2 r25  1/(x^(3/2)*(c*x^2+b))
fired    1_1_2_2 r25  1/(x^(7/2)*(c*x^2+b))
fired    1_1_2_2 r14  1/(x^(7/2)*(c*x^2+b)^2)
fired    1_4_1 r25  1/(x^(3/2)*(c*x^3+b*x)^2)
fired    1_4_1 r18  sqrt(x)/(c*x^4+b*x^2)^2
RUBI-CPU 4.101045999999999 
ANSWER-LEN 334 UNINT false 
ANSWER (9*(-((c*((c^(1/4)*(log(c^(3/4)*x+sqrt(2)*b^(1/4)*sqrt(c)*sqrt(x)+sqrt(b)*c^(1/4))-log(c^(3/4)*x-sqrt(2)*b^(1/4)*sqrt(c)*sqrt(x)+sqrt(b)*c^(1/4))-2*atan((sqrt(2)*c^(1/4)*sqrt(x)+b^(1/4))/b^(1/4))-2*atan((sqrt(2)*c^(1/4)*sqrt(x)-b^(1/4))/b^(1/4))))/(2^(3/2)*b^(5/4))-2/(b*sqrt(x))))/b)-2/(5*b*x^(5/2))))/(4*b)+1/(2*b*x^(5/2)*(c*x^2+b)) 

## arm newV
# entry 1.2 Trinomial products/1.2.2 Quartic/1.2.2.2 (d x)^m (a+b x^2+c x^4)^p.mac e336  integrand sqrt(x)/(b*x^2+c*x^4)^2
# core /home/serge/src/mr-attr/test/mr_rules.core  cap 60  hit_cap False  cpu [4.482856]
fired    1_1_2_1 r11  1/(-x^2-1)
fired    1_2_1_1 r11  1/(c^(3/4)*x^2+sqrt(2)*b^(1/4)*sqrt(c)*x+sqrt(b)*c^(1/4))
fired    9_1 r12  c^(3/4)/(c^(3/4)*x^2+sqrt(2)*b^(1/4)*sqrt(c)*x+sqrt(b)*c^(1/4))
fired    1_1_2_1 r11  1/(-x^2-1)
fired    1_2_1_1 r11  1/(c^(3/4)*x^2-sqrt(2)*b^(1/4)*sqrt(c)*x+sqrt(b)*c^(1/4))
fired    9_1 r12  c^(3/4)/(c^(3/4)*x^2-sqrt(2)*b^(1/4)*sqrt(c)*x+sqrt(b)*c^(1/4))
fired    1_2_2_3 r20  (sqrt(c)*x^2+sqrt(b))/(c*x^4+b)
fired    1_2_1_2 r3  ((sqrt(2)*b^(1/4))/c^(1/4)-2*x)/(c^(3/4)*x^2-sqrt(2)*b^(1/4)*sqrt(c)*x+sqrt(b)*c^(1/4))
fired    9_1 r12  (c^(3/4)*((sqrt(2)*b^(1/4))/c^(1/4)-2*x))/(c^(3/4)*x^2-sqrt(2)*b^(1/4)*sqrt(c)*x+sqrt(b)*c^(1/4))
fired    9_1 r10  -((c^(3/4)*((sqrt(2)*b^(1/4))/c^(1/4)-2*x))/(c^(3/4)*x^2-sqrt(2)*b^(1/4)*sqrt(c)*x+sqrt(b)*c^(1/4)))
fired    1_2_1_2 r3  (2*x+(sqrt(2)*b^(1/4))/c^(1/4))/(c^(3/4)*x^2+sqrt(2)*b^(1/4)*sqrt(c)*x+sqrt(b)*c^(1/4))
fired    9_1 r12  (c^(3/4)*(2*x+(sqrt(2)*b^(1/4))/c^(1/4)))/(c^(3/4)*x^2+sqrt(2)*b^(1/4)*sqrt(c)*x+sqrt(b)*c^(1/4))
fired    9_1 r10  -((c^(3/4)*(2*x+(sqrt(2)*b^(1/4))/c^(1/4)))/(c^(3/4)*x^2+sqrt(2)*b^(1/4)*sqrt(c)*x+sqrt(b)*c^(1/4)))
fired    1_2_2_3 r23  (sqrt(b)-sqrt(c)*x^2)/(c*x^4+b)
fired    1_1_3_2 r39  x^2/(c*x^4+b)
fired    1_1_2_2 r27  sqrt(x)/(c*x^2+b)
fired    1_1_2_2 r25  1/(x^(3/2)*(c*x^2+b))
fired    1_1_2_2 r25  1/(x^(7/2)*(c*x^2+b))
fired    1_1_2_2 r14  1/(x^(7/2)*(c*x^2+b)^2)
fired    1_4_1 r25  1/(x^(3/2)*(c*x^3+b*x)^2)
fired    1_4_1 r18  sqrt(x)/(c*x^4+b*x^2)^2
RUBI-CPU 4.438559000000001 
ANSWER-LEN 334 UNINT false 
ANSWER (9*(-((c*((c^(1/4)*(log(c^(3/4)*x+sqrt(2)*b^(1/4)*sqrt(c)*sqrt(x)+sqrt(b)*c^(1/4))-log(c^(3/4)*x-sqrt(2)*b^(1/4)*sqrt(c)*sqrt(x)+sqrt(b)*c^(1/4))-2*atan((sqrt(2)*c^(1/4)*sqrt(x)+b^(1/4))/b^(1/4))-2*atan((sqrt(2)*c^(1/4)*sqrt(x)-b^(1/4))/b^(1/4))))/(2^(3/2)*b^(5/4))-2/(b*sqrt(x))))/b)-2/(5*b*x^(5/2))))/(4*b)+1/(2*b*x^(5/2)*(c*x^2+b)) 

## arm refV
# entry 1.2 Trinomial products/1.2.2 Quartic/1.2.2.2 (d x)^m (a+b x^2+c x^4)^p.mac e687  integrand (d*x)^(9/2)/(a^2+2*a*b*x^2+b^2*x^4)
# core /home/serge/src/mr-attr-base/test/mr_rules.core  cap 60  hit_cap False  cpu [4.482317]
fired    1_1_2_1 r11  1/(-x^2-1)
fired    1_2_1_1 r11  1/(b^(3/4)*x^2+sqrt(2)*a^(1/4)*sqrt(b)*sqrt(d)*x+sqrt(a)*b^(1/4)*d)
fired    9_1 r12  b^(3/4)/(b^(3/4)*x^2+sqrt(2)*a^(1/4)*sqrt(b)*sqrt(d)*x+sqrt(a)*b^(1/4)*d)
fired    1_1_2_1 r11  1/(-x^2-1)
fired    1_2_1_1 r11  1/(b^(3/4)*x^2-sqrt(2)*a^(1/4)*sqrt(b)*sqrt(d)*x+sqrt(a)*b^(1/4)*d)
fired    9_1 r12  b^(3/4)/(b^(3/4)*x^2-sqrt(2)*a^(1/4)*sqrt(b)*sqrt(d)*x+sqrt(a)*b^(1/4)*d)
fired    1_2_2_3 r20  (sqrt(b)*x^2+sqrt(a)*d)/((b*x^4)/(a*d^2)+1)
fired    1_2_1_2 r3  ((sqrt(2)*a^(1/4)*sqrt(d))/b^(1/4)-2*x)/(b^(3/4)*x^2-sqrt(2)*a^(1/4)*sqrt(b)*sqrt(d)*x+sqrt(a)*b^(1/4)*d)
fired    9_1 r12  (b^(3/4)*((sqrt(2)*a^(1/4)*sqrt(d))/b^(1/4)-2*x))/(b^(3/4)*x^2-sqrt(2)*a^(1/4)*sqrt(b)*sqrt(d)*x+sqrt(a)*b^(1/4)*d)
fired    9_1 r10  -((b^(3/4)*((sqrt(2)*a^(1/4)*sqrt(d))/b^(1/4)-2*x))/(b^(3/4)*x^2-sqrt(2)*a^(1/4)*sqrt(b)*sqrt(d)*x+sqrt(a)*b^(1/4)*d))
fired    1_2_1_2 r3  (2*x+(sqrt(2)*a^(1/4)*sqrt(d))/b^(1/4))/(b^(3/4)*x^2+sqrt(2)*a^(1/4)*sqrt(b)*sqrt(d)*x+sqrt(a)*b^(1/4)*d)
fired    9_1 r12  (b^(3/4)*(2*x+(sqrt(2)*a^(1/4)*sqrt(d))/b^(1/4)))/(b^(3/4)*x^2+sqrt(2)*a^(1/4)*sqrt(b)*sqrt(d)*x+sqrt(a)*b^(1/4)*d)
fired    9_1 r10  -((b^(3/4)*(2*x+(sqrt(2)*a^(1/4)*sqrt(d))/b^(1/4)))/(b^(3/4)*x^2+sqrt(2)*a^(1/4)*sqrt(b)*sqrt(d)*x+sqrt(a)*b^(1/4)*d))
fired    1_2_2_3 r23  (sqrt(a)*d-sqrt(b)*x^2)/((b*x^4)/(a*d^2)+1)
fired    1_1_3_2 r39  x^2/((b*x^4)/(a*d^2)+1)
fired    1_1_2_2 r27  sqrt(d*x)/((b*x^2)/a+1)
fired    1_1_2_2 r23  (d*x)^(5/2)/((b*x^2)/a+1)
fired    1_1_2_2 r13  (d*x)^(9/2)/((b*x^2)/a+1)^2
fired    1_2_2_2 r35  (d*x)^(9/2)/(b^2*x^4+2*a*b*x^2+a^2)
RUBI-CPU 4.444751 
ANSWER-LEN 422 UNINT false 
ANSWER ((7*a*d^2*((a^(7/4)*d^(5/2)*(log(sqrt(2)*a^(1/4)*sqrt(b)*sqrt(d)*sqrt(d*x)+b^(3/4)*d*x+sqrt(a)*b^(1/4)*d)-log(-(sqrt(2)*a^(1/4)*sqrt(b)*sqrt(d)*sqrt(d*x))+b^(3/4)*d*x+sqrt(a)*b^(1/4)*d)-2*atan((sqrt(2)*b^(1/4)*sqrt(d*x)+a^(1/4)*sqrt(d))/(a^(1/4)*sqrt(d)))-2*atan((sqrt(2)*b^(1/4)*sqrt(d*x)-a^(1/4)*sqrt(d))/(a^(1/4)*sqrt(d)))))/(2^(3/2)*b^(7/4))+(2*a*d*(d*x)^(3/2))/(3*b)))/(4*b)-(a*d*(d*x)^(7/2))/(2*b*((b*x^2)/a+1)))/a^2 

## arm newV
# entry 1.2 Trinomial products/1.2.2 Quartic/1.2.2.2 (d x)^m (a+b x^2+c x^4)^p.mac e687  integrand (d*x)^(9/2)/(a^2+2*a*b*x^2+b^2*x^4)
# core /home/serge/src/mr-attr/test/mr_rules.core  cap 60  hit_cap False  cpu [5.185356]
fired    1_1_2_1 r11  1/(-x^2-1)
fired    1_2_1_1 r11  1/(b^(3/4)*x^2+sqrt(2)*a^(1/4)*sqrt(b)*sqrt(d)*x+sqrt(a)*b^(1/4)*d)
fired    9_1 r12  b^(3/4)/(b^(3/4)*x^2+sqrt(2)*a^(1/4)*sqrt(b)*sqrt(d)*x+sqrt(a)*b^(1/4)*d)
fired    1_1_2_1 r11  1/(-x^2-1)
fired    1_2_1_1 r11  1/(b^(3/4)*x^2-sqrt(2)*a^(1/4)*sqrt(b)*sqrt(d)*x+sqrt(a)*b^(1/4)*d)
fired    9_1 r12  b^(3/4)/(b^(3/4)*x^2-sqrt(2)*a^(1/4)*sqrt(b)*sqrt(d)*x+sqrt(a)*b^(1/4)*d)
fired    1_2_2_3 r20  (sqrt(b)*x^2+sqrt(a)*d)/((b*x^4)/(a*d^2)+1)
fired    1_2_1_2 r3  ((sqrt(2)*a^(1/4)*sqrt(d))/b^(1/4)-2*x)/(b^(3/4)*x^2-sqrt(2)*a^(1/4)*sqrt(b)*sqrt(d)*x+sqrt(a)*b^(1/4)*d)
fired    9_1 r12  (b^(3/4)*((sqrt(2)*a^(1/4)*sqrt(d))/b^(1/4)-2*x))/(b^(3/4)*x^2-sqrt(2)*a^(1/4)*sqrt(b)*sqrt(d)*x+sqrt(a)*b^(1/4)*d)
fired    9_1 r10  -((b^(3/4)*((sqrt(2)*a^(1/4)*sqrt(d))/b^(1/4)-2*x))/(b^(3/4)*x^2-sqrt(2)*a^(1/4)*sqrt(b)*sqrt(d)*x+sqrt(a)*b^(1/4)*d))
fired    1_2_1_2 r3  (2*x+(sqrt(2)*a^(1/4)*sqrt(d))/b^(1/4))/(b^(3/4)*x^2+sqrt(2)*a^(1/4)*sqrt(b)*sqrt(d)*x+sqrt(a)*b^(1/4)*d)
fired    9_1 r12  (b^(3/4)*(2*x+(sqrt(2)*a^(1/4)*sqrt(d))/b^(1/4)))/(b^(3/4)*x^2+sqrt(2)*a^(1/4)*sqrt(b)*sqrt(d)*x+sqrt(a)*b^(1/4)*d)
fired    9_1 r10  -((b^(3/4)*(2*x+(sqrt(2)*a^(1/4)*sqrt(d))/b^(1/4)))/(b^(3/4)*x^2+sqrt(2)*a^(1/4)*sqrt(b)*sqrt(d)*x+sqrt(a)*b^(1/4)*d))
fired    1_2_2_3 r23  (sqrt(a)*d-sqrt(b)*x^2)/((b*x^4)/(a*d^2)+1)
fired    1_1_3_2 r39  x^2/((b*x^4)/(a*d^2)+1)
fired    1_1_2_2 r27  sqrt(d*x)/((b*x^2)/a+1)
fired    1_1_2_2 r23  (d*x)^(5/2)/((b*x^2)/a+1)
fired    1_1_2_2 r13  (d*x)^(9/2)/((b*x^2)/a+1)^2
fired    1_2_2_2 r35  (d*x)^(9/2)/(b^2*x^4+2*a*b*x^2+a^2)
RUBI-CPU 5.124668 
ANSWER-LEN 422 UNINT false 
ANSWER ((7*a*d^2*((a^(7/4)*d^(5/2)*(log(sqrt(2)*a^(1/4)*sqrt(b)*sqrt(d)*sqrt(d*x)+b^(3/4)*d*x+sqrt(a)*b^(1/4)*d)-log(-(sqrt(2)*a^(1/4)*sqrt(b)*sqrt(d)*sqrt(d*x))+b^(3/4)*d*x+sqrt(a)*b^(1/4)*d)-2*atan((sqrt(2)*b^(1/4)*sqrt(d*x)+a^(1/4)*sqrt(d))/(a^(1/4)*sqrt(d)))-2*atan((sqrt(2)*b^(1/4)*sqrt(d*x)-a^(1/4)*sqrt(d))/(a^(1/4)*sqrt(d)))))/(2^(3/2)*b^(7/4))+(2*a*d*(d*x)^(3/2))/(3*b)))/(4*b)-(a*d*(d*x)^(7/2))/(2*b*((b*x^2)/a+1)))/a^2 

## arm refV
# entry 1.2 Trinomial products/1.2.2 Quartic/1.2.2.2 (d x)^m (a+b x^2+c x^4)^p.mac e704  integrand (d*x)^(3/2)/(a^2+2*a*b*x^2+b^2*x^4)^2
# core /home/serge/src/mr-attr-base/test/mr_rules.core  cap 60  hit_cap False  cpu [4.621453]
fired    1_2_1_2 r3  ((sqrt(2)*a^(1/4)*sqrt(d))/b^(1/4)-2*x)/(b^(3/4)*x^2-sqrt(2)*a^(1/4)*sqrt(b)*sqrt(d)*x+sqrt(a)*b^(1/4)*d)
fired    9_1 r12  (b^(3/4)*((sqrt(2)*a^(1/4)*sqrt(d))/b^(1/4)-2*x))/(b^(3/4)*x^2-sqrt(2)*a^(1/4)*sqrt(b)*sqrt(d)*x+sqrt(a)*b^(1/4)*d)
fired    9_1 r10  -((b^(3/4)*((sqrt(2)*a^(1/4)*sqrt(d))/b^(1/4)-2*x))/(b^(3/4)*x^2-sqrt(2)*a^(1/4)*sqrt(b)*sqrt(d)*x+sqrt(a)*b^(1/4)*d))
fired    1_2_1_2 r3  (2*x+(sqrt(2)*a^(1/4)*sqrt(d))/b^(1/4))/(b^(3/4)*x^2+sqrt(2)*a^(1/4)*sqrt(b)*sqrt(d)*x+sqrt(a)*b^(1/4)*d)
fired    9_1 r12  (b^(3/4)*(2*x+(sqrt(2)*a^(1/4)*sqrt(d))/b^(1/4)))/(b^(3/4)*x^2+sqrt(2)*a^(1/4)*sqrt(b)*sqrt(d)*x+sqrt(a)*b^(1/4)*d)
fired    9_1 r10  -((b^(3/4)*(2*x+(sqrt(2)*a^(1/4)*sqrt(d))/b^(1/4)))/(b^(3/4)*x^2+sqrt(2)*a^(1/4)*sqrt(b)*sqrt(d)*x+sqrt(a)*b^(1/4)*d))
fired    1_2_2_3 r23  (sqrt(a)*d-sqrt(b)*x^2)/((b*x^4)/(a*d^2)+1)
fired    1_1_2_1 r11  1/(-x^2-1)
fired    1_2_1_1 r11  1/(b^(3/4)*x^2+sqrt(2)*a^(1/4)*sqrt(b)*sqrt(d)*x+sqrt(a)*b^(1/4)*d)
fired    9_1 r12  b^(3/4)/(b^(3/4)*x^2+sqrt(2)*a^(1/4)*sqrt(b)*sqrt(d)*x+sqrt(a)*b^(1/4)*d)
fired    1_1_2_1 r11  1/(-x^2-1)
fired    1_2_1_1 r11  1/(b^(3/4)*x^2-sqrt(2)*a^(1/4)*sqrt(b)*sqrt(d)*x+sqrt(a)*b^(1/4)*d)
fired    9_1 r12  b^(3/4)/(b^(3/4)*x^2-sqrt(2)*a^(1/4)*sqrt(b)*sqrt(d)*x+sqrt(a)*b^(1/4)*d)
fired    1_2_2_3 r20  (sqrt(b)*x^2+sqrt(a)*d)/((b*x^4)/(a*d^2)+1)
fired    1_1_3_1 r23  1/((b*x^4)/(a*d^2)+1)
fired    1_1_2_2 r27  1/(sqrt(d*x)*((b*x^2)/a+1))
fired    1_1_2_2 r14  1/(sqrt(d*x)*((b*x^2)/a+1)^2)
fired    1_1_2_2 r14  1/(sqrt(d*x)*((b*x^2)/a+1)^3)
fired    1_1_2_2 r13  (d*x)^(3/2)/((b*x^2)/a+1)^4
fired    1_2_2_2 r35  (d*x)^(3/2)/(b^2*x^4+2*a*b*x^2+a^2)^2
RUBI-CPU 4.586016000000001 
ANSWER-LEN 467 UNINT false 
ANSWER ((a*d^2*((7*((3*a^(1/4)*(log(sqrt(2)*a^(1/4)*sqrt(b)*sqrt(d)*sqrt(d*x)+b^(3/4)*d*x+sqrt(a)*b^(1/4)*d)-log(-(sqrt(2)*a^(1/4)*sqrt(b)*sqrt(d)*sqrt(d*x))+b^(3/4)*d*x+sqrt(a)*b^(1/4)*d)+2*atan((sqrt(2)*b^(1/4)*sqrt(d*x)+a^(1/4)*sqrt(d))/(a^(1/4)*sqrt(d)))+2*atan((sqrt(2)*b^(1/4)*sqrt(d*x)-a^(1/4)*sqrt(d))/(a^(1/4)*sqrt(d)))))/(2^(7/2)*b^(1/4)*sqrt(d))+sqrt(d*x)/(2*d*((b*x^2)/a+1))))/8+sqrt(d*x)/(4*d*((b*x^2)/a+1)^2)))/(12*b)-(a*d*sqrt(d*x))/(6*b*((b*x^2)/a+1)^3))/a^4 

## arm newV
# entry 1.2 Trinomial products/1.2.2 Quartic/1.2.2.2 (d x)^m (a+b x^2+c x^4)^p.mac e704  integrand (d*x)^(3/2)/(a^2+2*a*b*x^2+b^2*x^4)^2
# core /home/serge/src/mr-attr/test/mr_rules.core  cap 60  hit_cap False  cpu [5.2475]
fired    1_2_1_2 r3  ((sqrt(2)*a^(1/4)*sqrt(d))/b^(1/4)-2*x)/(b^(3/4)*x^2-sqrt(2)*a^(1/4)*sqrt(b)*sqrt(d)*x+sqrt(a)*b^(1/4)*d)
fired    9_1 r12  (b^(3/4)*((sqrt(2)*a^(1/4)*sqrt(d))/b^(1/4)-2*x))/(b^(3/4)*x^2-sqrt(2)*a^(1/4)*sqrt(b)*sqrt(d)*x+sqrt(a)*b^(1/4)*d)
fired    9_1 r10  -((b^(3/4)*((sqrt(2)*a^(1/4)*sqrt(d))/b^(1/4)-2*x))/(b^(3/4)*x^2-sqrt(2)*a^(1/4)*sqrt(b)*sqrt(d)*x+sqrt(a)*b^(1/4)*d))
fired    1_2_1_2 r3  (2*x+(sqrt(2)*a^(1/4)*sqrt(d))/b^(1/4))/(b^(3/4)*x^2+sqrt(2)*a^(1/4)*sqrt(b)*sqrt(d)*x+sqrt(a)*b^(1/4)*d)
fired    9_1 r12  (b^(3/4)*(2*x+(sqrt(2)*a^(1/4)*sqrt(d))/b^(1/4)))/(b^(3/4)*x^2+sqrt(2)*a^(1/4)*sqrt(b)*sqrt(d)*x+sqrt(a)*b^(1/4)*d)
fired    9_1 r10  -((b^(3/4)*(2*x+(sqrt(2)*a^(1/4)*sqrt(d))/b^(1/4)))/(b^(3/4)*x^2+sqrt(2)*a^(1/4)*sqrt(b)*sqrt(d)*x+sqrt(a)*b^(1/4)*d))
fired    1_2_2_3 r23  (sqrt(a)*d-sqrt(b)*x^2)/((b*x^4)/(a*d^2)+1)
fired    1_1_2_1 r11  1/(-x^2-1)
fired    1_2_1_1 r11  1/(b^(3/4)*x^2+sqrt(2)*a^(1/4)*sqrt(b)*sqrt(d)*x+sqrt(a)*b^(1/4)*d)
fired    9_1 r12  b^(3/4)/(b^(3/4)*x^2+sqrt(2)*a^(1/4)*sqrt(b)*sqrt(d)*x+sqrt(a)*b^(1/4)*d)
fired    1_1_2_1 r11  1/(-x^2-1)
fired    1_2_1_1 r11  1/(b^(3/4)*x^2-sqrt(2)*a^(1/4)*sqrt(b)*sqrt(d)*x+sqrt(a)*b^(1/4)*d)
fired    9_1 r12  b^(3/4)/(b^(3/4)*x^2-sqrt(2)*a^(1/4)*sqrt(b)*sqrt(d)*x+sqrt(a)*b^(1/4)*d)
fired    1_2_2_3 r20  (sqrt(b)*x^2+sqrt(a)*d)/((b*x^4)/(a*d^2)+1)
fired    1_1_3_1 r23  1/((b*x^4)/(a*d^2)+1)
fired    1_1_2_2 r27  1/(sqrt(d*x)*((b*x^2)/a+1))
fired    1_1_2_2 r14  1/(sqrt(d*x)*((b*x^2)/a+1)^2)
fired    1_1_2_2 r14  1/(sqrt(d*x)*((b*x^2)/a+1)^3)
fired    1_1_2_2 r13  (d*x)^(3/2)/((b*x^2)/a+1)^4
fired    1_2_2_2 r35  (d*x)^(3/2)/(b^2*x^4+2*a*b*x^2+a^2)^2
RUBI-CPU 5.197504 
ANSWER-LEN 467 UNINT false 
ANSWER ((a*d^2*((7*((3*a^(1/4)*(log(sqrt(2)*a^(1/4)*sqrt(b)*sqrt(d)*sqrt(d*x)+b^(3/4)*d*x+sqrt(a)*b^(1/4)*d)-log(-(sqrt(2)*a^(1/4)*sqrt(b)*sqrt(d)*sqrt(d*x))+b^(3/4)*d*x+sqrt(a)*b^(1/4)*d)+2*atan((sqrt(2)*b^(1/4)*sqrt(d*x)+a^(1/4)*sqrt(d))/(a^(1/4)*sqrt(d)))+2*atan((sqrt(2)*b^(1/4)*sqrt(d*x)-a^(1/4)*sqrt(d))/(a^(1/4)*sqrt(d)))))/(2^(7/2)*b^(1/4)*sqrt(d))+sqrt(d*x)/(2*d*((b*x^2)/a+1))))/8+sqrt(d*x)/(4*d*((b*x^2)/a+1)^2)))/(12*b)-(a*d*sqrt(d*x))/(6*b*((b*x^2)/a+1)^3))/a^4 

## arm refV
# entry 1.2 Trinomial products/1.2.2 Quartic/1.2.2.2 (d x)^m (a+b x^2+c x^4)^p.mac e721  integrand (d*x)^(5/2)/(a^2+2*a*b*x^2+b^2*x^4)^3
# core /home/serge/src/mr-attr-base/test/mr_rules.core  cap 60  hit_cap False  cpu [4.382199]
fired    1_1_2_1 r11  1/(-x^2-1)
fired    1_2_1_1 r11  1/(b^(3/4)*x^2+sqrt(2)*a^(1/4)*sqrt(b)*sqrt(d)*x+sqrt(a)*b^(1/4)*d)
fired    9_1 r12  b^(3/4)/(b^(3/4)*x^2+sqrt(2)*a^(1/4)*sqrt(b)*sqrt(d)*x+sqrt(a)*b^(1/4)*d)
fired    1_1_2_1 r11  1/(-x^2-1)
fired    1_2_1_1 r11  1/(b^(3/4)*x^2-sqrt(2)*a^(1/4)*sqrt(b)*sqrt(d)*x+sqrt(a)*b^(1/4)*d)
fired    9_1 r12  b^(3/4)/(b^(3/4)*x^2-sqrt(2)*a^(1/4)*sqrt(b)*sqrt(d)*x+sqrt(a)*b^(1/4)*d)
fired    1_2_2_3 r20  (sqrt(b)*x^2+sqrt(a)*d)/((b*x^4)/(a*d^2)+1)
fired    1_2_1_2 r3  ((sqrt(2)*a^(1/4)*sqrt(d))/b^(1/4)-2*x)/(b^(3/4)*x^2-sqrt(2)*a^(1/4)*sqrt(b)*sqrt(d)*x+sqrt(a)*b^(1/4)*d)
fired    9_1 r12  (b^(3/4)*((sqrt(2)*a^(1/4)*sqrt(d))/b^(1/4)-2*x))/(b^(3/4)*x^2-sqrt(2)*a^(1/4)*sqrt(b)*sqrt(d)*x+sqrt(a)*b^(1/4)*d)
fired    9_1 r10  -((b^(3/4)*((sqrt(2)*a^(1/4)*sqrt(d))/b^(1/4)-2*x))/(b^(3/4)*x^2-sqrt(2)*a^(1/4)*sqrt(b)*sqrt(d)*x+sqrt(a)*b^(1/4)*d))
fired    1_2_1_2 r3  (2*x+(sqrt(2)*a^(1/4)*sqrt(d))/b^(1/4))/(b^(3/4)*x^2+sqrt(2)*a^(1/4)*sqrt(b)*sqrt(d)*x+sqrt(a)*b^(1/4)*d)
fired    9_1 r12  (b^(3/4)*(2*x+(sqrt(2)*a^(1/4)*sqrt(d))/b^(1/4)))/(b^(3/4)*x^2+sqrt(2)*a^(1/4)*sqrt(b)*sqrt(d)*x+sqrt(a)*b^(1/4)*d)
fired    9_1 r10  -((b^(3/4)*(2*x+(sqrt(2)*a^(1/4)*sqrt(d))/b^(1/4)))/(b^(3/4)*x^2+sqrt(2)*a^(1/4)*sqrt(b)*sqrt(d)*x+sqrt(a)*b^(1/4)*d))
fired    1_2_2_3 r23  (sqrt(a)*d-sqrt(b)*x^2)/((b*x^4)/(a*d^2)+1)
fired    1_1_3_2 r39  x^2/((b*x^4)/(a*d^2)+1)
fired    1_1_2_2 r27  sqrt(d*x)/((b*x^2)/a+1)
fired    1_1_2_2 r14  sqrt(d*x)/((b*x^2)/a+1)^2
fired    1_1_2_2 r14  sqrt(d*x)/((b*x^2)/a+1)^3
fired    1_1_2_2 r14  sqrt(d*x)/((b*x^2)/a+1)^4
fired    1_1_2_2 r14  sqrt(d*x)/((b*x^2)/a+1)^5
fired    1_1_2_2 r13  (d*x)^(5/2)/((b*x^2)/a+1)^6
fired    1_2_2_2 r35  (d*x)^(5/2)/(b^2*x^4+2*a*b*x^2+a^2)^3
RUBI-CPU 4.3385880000000006 
ANSWER-LEN 560 UNINT false 
ANSWER ((3*a*d^2*((13*((3*((5*((d*x)^(3/2)/(2*d*((b*x^2)/a+1))-(a^(3/4)*sqrt(d)*(log(sqrt(2)*a^(1/4)*sqrt(b)*sqrt(d)*sqrt(d*x)+b^(3/4)*d*x+sqrt(a)*b^(1/4)*d)-log(-(sqrt(2)*a^(1/4)*sqrt(b)*sqrt(d)*sqrt(d*x))+b^(3/4)*d*x+sqrt(a)*b^(1/4)*d)-2*atan((sqrt(2)*b^(1/4)*sqrt(d*x)+a^(1/4)*sqrt(d))/(a^(1/4)*sqrt(d)))-2*atan((sqrt(2)*b^(1/4)*sqrt(d*x)-a^(1/4)*sqrt(d))/(a^(1/4)*sqrt(d)))))/(2^(7/2)*b^(3/4))))/8+(d*x)^(3/2)/(4*d*((b*x^2)/a+1)^2)))/4+(d*x)^(3/2)/(6*d*((b*x^2)/a+1)^3)))/16+(d*x)^(3/2)/(8*d*((b*x^2)/a+1)^4)))/(20*b)-(a*d*(d*x)^(3/2))/(10*b*((b*x^2)/a+1)^5))/a^6 

## arm newV
# entry 1.2 Trinomial products/1.2.2 Quartic/1.2.2.2 (d x)^m (a+b x^2+c x^4)^p.mac e721  integrand (d*x)^(5/2)/(a^2+2*a*b*x^2+b^2*x^4)^3
# core /home/serge/src/mr-attr/test/mr_rules.core  cap 60  hit_cap False  cpu [5.047493]
fired    1_1_2_1 r11  1/(-x^2-1)
fired    1_2_1_1 r11  1/(b^(3/4)*x^2+sqrt(2)*a^(1/4)*sqrt(b)*sqrt(d)*x+sqrt(a)*b^(1/4)*d)
fired    9_1 r12  b^(3/4)/(b^(3/4)*x^2+sqrt(2)*a^(1/4)*sqrt(b)*sqrt(d)*x+sqrt(a)*b^(1/4)*d)
fired    1_1_2_1 r11  1/(-x^2-1)
fired    1_2_1_1 r11  1/(b^(3/4)*x^2-sqrt(2)*a^(1/4)*sqrt(b)*sqrt(d)*x+sqrt(a)*b^(1/4)*d)
fired    9_1 r12  b^(3/4)/(b^(3/4)*x^2-sqrt(2)*a^(1/4)*sqrt(b)*sqrt(d)*x+sqrt(a)*b^(1/4)*d)
fired    1_2_2_3 r20  (sqrt(b)*x^2+sqrt(a)*d)/((b*x^4)/(a*d^2)+1)
fired    1_2_1_2 r3  ((sqrt(2)*a^(1/4)*sqrt(d))/b^(1/4)-2*x)/(b^(3/4)*x^2-sqrt(2)*a^(1/4)*sqrt(b)*sqrt(d)*x+sqrt(a)*b^(1/4)*d)
fired    9_1 r12  (b^(3/4)*((sqrt(2)*a^(1/4)*sqrt(d))/b^(1/4)-2*x))/(b^(3/4)*x^2-sqrt(2)*a^(1/4)*sqrt(b)*sqrt(d)*x+sqrt(a)*b^(1/4)*d)
fired    9_1 r10  -((b^(3/4)*((sqrt(2)*a^(1/4)*sqrt(d))/b^(1/4)-2*x))/(b^(3/4)*x^2-sqrt(2)*a^(1/4)*sqrt(b)*sqrt(d)*x+sqrt(a)*b^(1/4)*d))
fired    1_2_1_2 r3  (2*x+(sqrt(2)*a^(1/4)*sqrt(d))/b^(1/4))/(b^(3/4)*x^2+sqrt(2)*a^(1/4)*sqrt(b)*sqrt(d)*x+sqrt(a)*b^(1/4)*d)
fired    9_1 r12  (b^(3/4)*(2*x+(sqrt(2)*a^(1/4)*sqrt(d))/b^(1/4)))/(b^(3/4)*x^2+sqrt(2)*a^(1/4)*sqrt(b)*sqrt(d)*x+sqrt(a)*b^(1/4)*d)
fired    9_1 r10  -((b^(3/4)*(2*x+(sqrt(2)*a^(1/4)*sqrt(d))/b^(1/4)))/(b^(3/4)*x^2+sqrt(2)*a^(1/4)*sqrt(b)*sqrt(d)*x+sqrt(a)*b^(1/4)*d))
fired    1_2_2_3 r23  (sqrt(a)*d-sqrt(b)*x^2)/((b*x^4)/(a*d^2)+1)
fired    1_1_3_2 r39  x^2/((b*x^4)/(a*d^2)+1)
fired    1_1_2_2 r27  sqrt(d*x)/((b*x^2)/a+1)
fired    1_1_2_2 r14  sqrt(d*x)/((b*x^2)/a+1)^2
fired    1_1_2_2 r14  sqrt(d*x)/((b*x^2)/a+1)^3
fired    1_1_2_2 r14  sqrt(d*x)/((b*x^2)/a+1)^4
fired    1_1_2_2 r14  sqrt(d*x)/((b*x^2)/a+1)^5
fired    1_1_2_2 r13  (d*x)^(5/2)/((b*x^2)/a+1)^6
fired    1_2_2_2 r35  (d*x)^(5/2)/(b^2*x^4+2*a*b*x^2+a^2)^3
RUBI-CPU 5.002402 
ANSWER-LEN 560 UNINT false 
ANSWER ((3*a*d^2*((13*((3*((5*((d*x)^(3/2)/(2*d*((b*x^2)/a+1))-(a^(3/4)*sqrt(d)*(log(sqrt(2)*a^(1/4)*sqrt(b)*sqrt(d)*sqrt(d*x)+b^(3/4)*d*x+sqrt(a)*b^(1/4)*d)-log(-(sqrt(2)*a^(1/4)*sqrt(b)*sqrt(d)*sqrt(d*x))+b^(3/4)*d*x+sqrt(a)*b^(1/4)*d)-2*atan((sqrt(2)*b^(1/4)*sqrt(d*x)+a^(1/4)*sqrt(d))/(a^(1/4)*sqrt(d)))-2*atan((sqrt(2)*b^(1/4)*sqrt(d*x)-a^(1/4)*sqrt(d))/(a^(1/4)*sqrt(d)))))/(2^(7/2)*b^(3/4))))/8+(d*x)^(3/2)/(4*d*((b*x^2)/a+1)^2)))/4+(d*x)^(3/2)/(6*d*((b*x^2)/a+1)^3)))/16+(d*x)^(3/2)/(8*d*((b*x^2)/a+1)^4)))/(20*b)-(a*d*(d*x)^(3/2))/(10*b*((b*x^2)/a+1)^5))/a^6 

## arm refV
# entry 1.2 Trinomial products/1.2.2 Quartic/1.2.2.2 (d x)^m (a+b x^2+c x^4)^p.mac e759  integrand (d*x)^(11/2)/(a^2+2*a*b*x^2+b^2*x^4)^(3/2)
# core /home/serge/src/mr-attr-base/test/mr_rules.core  cap 60  hit_cap False  cpu [4.355606]
fired    1_2_1_2 r3  ((sqrt(2)*a^(1/4)*sqrt(d))/b^(1/4)-2*x)/(b^(3/4)*x^2-sqrt(2)*a^(1/4)*sqrt(b)*sqrt(d)*x+sqrt(a)*b^(1/4)*d)
fired    9_1 r12  (b^(3/4)*((sqrt(2)*a^(1/4)*sqrt(d))/b^(1/4)-2*x))/(b^(3/4)*x^2-sqrt(2)*a^(1/4)*sqrt(b)*sqrt(d)*x+sqrt(a)*b^(1/4)*d)
fired    9_1 r10  -((b^(3/4)*((sqrt(2)*a^(1/4)*sqrt(d))/b^(1/4)-2*x))/(b^(3/4)*x^2-sqrt(2)*a^(1/4)*sqrt(b)*sqrt(d)*x+sqrt(a)*b^(1/4)*d))
fired    1_2_1_2 r3  (2*x+(sqrt(2)*a^(1/4)*sqrt(d))/b^(1/4))/(b^(3/4)*x^2+sqrt(2)*a^(1/4)*sqrt(b)*sqrt(d)*x+sqrt(a)*b^(1/4)*d)
fired    9_1 r12  (b^(3/4)*(2*x+(sqrt(2)*a^(1/4)*sqrt(d))/b^(1/4)))/(b^(3/4)*x^2+sqrt(2)*a^(1/4)*sqrt(b)*sqrt(d)*x+sqrt(a)*b^(1/4)*d)
fired    9_1 r10  -((b^(3/4)*(2*x+(sqrt(2)*a^(1/4)*sqrt(d))/b^(1/4)))/(b^(3/4)*x^2+sqrt(2)*a^(1/4)*sqrt(b)*sqrt(d)*x+sqrt(a)*b^(1/4)*d))
fired    1_2_2_3 r23  (sqrt(a)*d-sqrt(b)*x^2)/((b^2*x^4)/d^2+a*b)
fired    1_1_2_1 r11  1/(-x^2-1)
fired    1_2_1_1 r11  1/(b^(3/4)*x^2+sqrt(2)*a^(1/4)*sqrt(b)*sqrt(d)*x+sqrt(a)*b^(1/4)*d)
fired    9_1 r12  b^(3/4)/(b^(3/4)*x^2+sqrt(2)*a^(1/4)*sqrt(b)*sqrt(d)*x+sqrt(a)*b^(1/4)*d)
fired    1_1_2_1 r11  1/(-x^2-1)
fired    1_2_1_1 r11  1/(b^(3/4)*x^2-sqrt(2)*a^(1/4)*sqrt(b)*sqrt(d)*x+sqrt(a)*b^(1/4)*d)
fired    9_1 r12  b^(3/4)/(b^(3/4)*x^2-sqrt(2)*a^(1/4)*sqrt(b)*sqrt(d)*x+sqrt(a)*b^(1/4)*d)
fired    1_2_2_3 r20  (sqrt(b)*x^2+sqrt(a)*d)/((b^2*x^4)/d^2+a*b)
fired    1_1_3_1 r23  1/((b^2*x^4)/d^2+a*b)
fired    1_1_2_2 r27  1/(sqrt(d*x)*(b^2*x^2+a*b))
fired    1_1_2_2 r23  (d*x)^(3/2)/(b^2*x^2+a*b)
fired    1_1_2_2 r13  (d*x)^(7/2)/(b^2*x^2+a*b)^2
fired    1_1_2_2 r13  (d*x)^(11/2)/(b^2*x^2+a*b)^3
fired    1_2_2_2 r6  (d*x)^(11/2)/(b^2*x^4+2*a*b*x^2+a^2)^(3/2)
RUBI-CPU 4.318369 
ANSWER-LEN 518 UNINT false 
ANSWER (b^2*(b^2*x^2+a*b)*((9*d^2*((5*d^2*((2*d*sqrt(d*x))/b^2-(a^(1/4)*d^(3/2)*(log(sqrt(2)*a^(1/4)*sqrt(b)*sqrt(d)*sqrt(d*x)+b^(3/4)*d*x+sqrt(a)*b^(1/4)*d)-log(-(sqrt(2)*a^(1/4)*sqrt(b)*sqrt(d)*sqrt(d*x))+b^(3/4)*d*x+sqrt(a)*b^(1/4)*d)+2*atan((sqrt(2)*b^(1/4)*sqrt(d*x)+a^(1/4)*sqrt(d))/(a^(1/4)*sqrt(d)))+2*atan((sqrt(2)*b^(1/4)*sqrt(d*x)-a^(1/4)*sqrt(d))/(a^(1/4)*sqrt(d)))))/(2^(3/2)*b^(9/4))))/(4*b^2)-(d*(d*x)^(5/2))/(2*b^2*(b^2*x^2+a*b))))/(8*b^2)-(d*(d*x)^(9/2))/(4*b^2*(b^2*x^2+a*b)^2)))/sqrt(b^2*x^4+2*a*b*x^2+a^2) 

## arm newV
# entry 1.2 Trinomial products/1.2.2 Quartic/1.2.2.2 (d x)^m (a+b x^2+c x^4)^p.mac e759  integrand (d*x)^(11/2)/(a^2+2*a*b*x^2+b^2*x^4)^(3/2)
# core /home/serge/src/mr-attr/test/mr_rules.core  cap 60  hit_cap False  cpu [4.974848]
fired    1_2_1_2 r3  ((sqrt(2)*a^(1/4)*sqrt(d))/b^(1/4)-2*x)/(b^(3/4)*x^2-sqrt(2)*a^(1/4)*sqrt(b)*sqrt(d)*x+sqrt(a)*b^(1/4)*d)
fired    9_1 r12  (b^(3/4)*((sqrt(2)*a^(1/4)*sqrt(d))/b^(1/4)-2*x))/(b^(3/4)*x^2-sqrt(2)*a^(1/4)*sqrt(b)*sqrt(d)*x+sqrt(a)*b^(1/4)*d)
fired    9_1 r10  -((b^(3/4)*((sqrt(2)*a^(1/4)*sqrt(d))/b^(1/4)-2*x))/(b^(3/4)*x^2-sqrt(2)*a^(1/4)*sqrt(b)*sqrt(d)*x+sqrt(a)*b^(1/4)*d))
fired    1_2_1_2 r3  (2*x+(sqrt(2)*a^(1/4)*sqrt(d))/b^(1/4))/(b^(3/4)*x^2+sqrt(2)*a^(1/4)*sqrt(b)*sqrt(d)*x+sqrt(a)*b^(1/4)*d)
fired    9_1 r12  (b^(3/4)*(2*x+(sqrt(2)*a^(1/4)*sqrt(d))/b^(1/4)))/(b^(3/4)*x^2+sqrt(2)*a^(1/4)*sqrt(b)*sqrt(d)*x+sqrt(a)*b^(1/4)*d)
fired    9_1 r10  -((b^(3/4)*(2*x+(sqrt(2)*a^(1/4)*sqrt(d))/b^(1/4)))/(b^(3/4)*x^2+sqrt(2)*a^(1/4)*sqrt(b)*sqrt(d)*x+sqrt(a)*b^(1/4)*d))
fired    1_2_2_3 r23  (sqrt(a)*d-sqrt(b)*x^2)/((b^2*x^4)/d^2+a*b)
fired    1_1_2_1 r11  1/(-x^2-1)
fired    1_2_1_1 r11  1/(b^(3/4)*x^2+sqrt(2)*a^(1/4)*sqrt(b)*sqrt(d)*x+sqrt(a)*b^(1/4)*d)
fired    9_1 r12  b^(3/4)/(b^(3/4)*x^2+sqrt(2)*a^(1/4)*sqrt(b)*sqrt(d)*x+sqrt(a)*b^(1/4)*d)
fired    1_1_2_1 r11  1/(-x^2-1)
fired    1_2_1_1 r11  1/(b^(3/4)*x^2-sqrt(2)*a^(1/4)*sqrt(b)*sqrt(d)*x+sqrt(a)*b^(1/4)*d)
fired    9_1 r12  b^(3/4)/(b^(3/4)*x^2-sqrt(2)*a^(1/4)*sqrt(b)*sqrt(d)*x+sqrt(a)*b^(1/4)*d)
fired    1_2_2_3 r20  (sqrt(b)*x^2+sqrt(a)*d)/((b^2*x^4)/d^2+a*b)
fired    1_1_3_1 r23  1/((b^2*x^4)/d^2+a*b)
fired    1_1_2_2 r27  1/(sqrt(d*x)*(b^2*x^2+a*b))
fired    1_1_2_2 r23  (d*x)^(3/2)/(b^2*x^2+a*b)
fired    1_1_2_2 r13  (d*x)^(7/2)/(b^2*x^2+a*b)^2
fired    1_1_2_2 r13  (d*x)^(11/2)/(b^2*x^2+a*b)^3
fired    1_2_2_2 r6  (d*x)^(11/2)/(b^2*x^4+2*a*b*x^2+a^2)^(3/2)
RUBI-CPU 4.930441 
ANSWER-LEN 518 UNINT false 
ANSWER (b^2*(b^2*x^2+a*b)*((9*d^2*((5*d^2*((2*d*sqrt(d*x))/b^2-(a^(1/4)*d^(3/2)*(log(sqrt(2)*a^(1/4)*sqrt(b)*sqrt(d)*sqrt(d*x)+b^(3/4)*d*x+sqrt(a)*b^(1/4)*d)-log(-(sqrt(2)*a^(1/4)*sqrt(b)*sqrt(d)*sqrt(d*x))+b^(3/4)*d*x+sqrt(a)*b^(1/4)*d)+2*atan((sqrt(2)*b^(1/4)*sqrt(d*x)+a^(1/4)*sqrt(d))/(a^(1/4)*sqrt(d)))+2*atan((sqrt(2)*b^(1/4)*sqrt(d*x)-a^(1/4)*sqrt(d))/(a^(1/4)*sqrt(d)))))/(2^(3/2)*b^(9/4))))/(4*b^2)-(d*(d*x)^(5/2))/(2*b^2*(b^2*x^2+a*b))))/(8*b^2)-(d*(d*x)^(9/2))/(4*b^2*(b^2*x^2+a*b)^2)))/sqrt(b^2*x^4+2*a*b*x^2+a^2) 

## arm refV
# entry 1.2 Trinomial products/1.2.2 Quartic/1.2.2.2 (d x)^m (a+b x^2+c x^4)^p.mac e776  integrand (d*x)^(9/2)/(a^2+2*a*b*x^2+b^2*x^4)^(5/2)
# core /home/serge/src/mr-attr-base/test/mr_rules.core  cap 60  hit_cap False  cpu [4.347037]
fired    1_1_2_1 r11  1/(-x^2-1)
fired    1_2_1_1 r11  1/(b^(3/4)*x^2+sqrt(2)*a^(1/4)*sqrt(b)*sqrt(d)*x+sqrt(a)*b^(1/4)*d)
fired    9_1 r12  b^(3/4)/(b^(3/4)*x^2+sqrt(2)*a^(1/4)*sqrt(b)*sqrt(d)*x+sqrt(a)*b^(1/4)*d)
fired    1_1_2_1 r11  1/(-x^2-1)
fired    1_2_1_1 r11  1/(b^(3/4)*x^2-sqrt(2)*a^(1/4)*sqrt(b)*sqrt(d)*x+sqrt(a)*b^(1/4)*d)
fired    9_1 r12  b^(3/4)/(b^(3/4)*x^2-sqrt(2)*a^(1/4)*sqrt(b)*sqrt(d)*x+sqrt(a)*b^(1/4)*d)
fired    1_2_2_3 r20  (sqrt(b)*x^2+sqrt(a)*d)/((b^2*x^4)/d^2+a*b)
fired    1_2_1_2 r3  ((sqrt(2)*a^(1/4)*sqrt(d))/b^(1/4)-2*x)/(b^(3/4)*x^2-sqrt(2)*a^(1/4)*sqrt(b)*sqrt(d)*x+sqrt(a)*b^(1/4)*d)
fired    9_1 r12  (b^(3/4)*((sqrt(2)*a^(1/4)*sqrt(d))/b^(1/4)-2*x))/(b^(3/4)*x^2-sqrt(2)*a^(1/4)*sqrt(b)*sqrt(d)*x+sqrt(a)*b^(1/4)*d)
fired    9_1 r10  -((b^(3/4)*((sqrt(2)*a^(1/4)*sqrt(d))/b^(1/4)-2*x))/(b^(3/4)*x^2-sqrt(2)*a^(1/4)*sqrt(b)*sqrt(d)*x+sqrt(a)*b^(1/4)*d))
fired    1_2_1_2 r3  (2*x+(sqrt(2)*a^(1/4)*sqrt(d))/b^(1/4))/(b^(3/4)*x^2+sqrt(2)*a^(1/4)*sqrt(b)*sqrt(d)*x+sqrt(a)*b^(1/4)*d)
fired    9_1 r12  (b^(3/4)*(2*x+(sqrt(2)*a^(1/4)*sqrt(d))/b^(1/4)))/(b^(3/4)*x^2+sqrt(2)*a^(1/4)*sqrt(b)*sqrt(d)*x+sqrt(a)*b^(1/4)*d)
fired    9_1 r10  -((b^(3/4)*(2*x+(sqrt(2)*a^(1/4)*sqrt(d))/b^(1/4)))/(b^(3/4)*x^2+sqrt(2)*a^(1/4)*sqrt(b)*sqrt(d)*x+sqrt(a)*b^(1/4)*d))
fired    1_2_2_3 r23  (sqrt(a)*d-sqrt(b)*x^2)/((b^2*x^4)/d^2+a*b)
fired    1_1_3_2 r39  x^2/((b^2*x^4)/d^2+a*b)
fired    1_1_2_2 r27  sqrt(d*x)/(b^2*x^2+a*b)
fired    1_1_2_2 r14  sqrt(d*x)/(b^2*x^2+a*b)^2
fired    1_1_2_2 r14  sqrt(d*x)/(b^2*x^2+a*b)^3
fired    1_1_2_2 r13  (d*x)^(5/2)/(b^2*x^2+a*b)^4
fired    1_1_2_2 r13  (d*x)^(9/2)/(b^2*x^2+a*b)^5
fired    1_2_2_2 r6  (d*x)^(9/2)/(b^2*x^4+2*a*b*x^2+a^2)^(5/2)
RUBI-CPU 4.306642 
ANSWER-LEN 588 UNINT false 
ANSWER (b^4*(b^2*x^2+a*b)*((7*d^2*((d^2*((5*((d*x)^(3/2)/(2*a*b*d*(b^2*x^2+a*b))-(sqrt(d)*(log(sqrt(2)*a^(1/4)*sqrt(b)*sqrt(d)*sqrt(d*x)+b^(3/4)*d*x+sqrt(a)*b^(1/4)*d)-log(-(sqrt(2)*a^(1/4)*sqrt(b)*sqrt(d)*sqrt(d*x))+b^(3/4)*d*x+sqrt(a)*b^(1/4)*d)-2*atan((sqrt(2)*b^(1/4)*sqrt(d*x)+a^(1/4)*sqrt(d))/(a^(1/4)*sqrt(d)))-2*atan((sqrt(2)*b^(1/4)*sqrt(d*x)-a^(1/4)*sqrt(d))/(a^(1/4)*sqrt(d)))))/(2^(7/2)*a^(5/4)*b^(11/4))))/(8*a*b)+(d*x)^(3/2)/(4*a*b*d*(b^2*x^2+a*b)^2)))/(4*b^2)-(d*(d*x)^(3/2))/(6*b^2*(b^2*x^2+a*b)^3)))/(16*b^2)-(d*(d*x)^(7/2))/(8*b^2*(b^2*x^2+a*b)^4)))/sqrt(b^2*x^4+2*a*b*x^2+a^2) 

## arm newV
# entry 1.2 Trinomial products/1.2.2 Quartic/1.2.2.2 (d x)^m (a+b x^2+c x^4)^p.mac e776  integrand (d*x)^(9/2)/(a^2+2*a*b*x^2+b^2*x^4)^(5/2)
# core /home/serge/src/mr-attr/test/mr_rules.core  cap 60  hit_cap False  cpu [5.012739]
fired    1_1_2_1 r11  1/(-x^2-1)
fired    1_2_1_1 r11  1/(b^(3/4)*x^2+sqrt(2)*a^(1/4)*sqrt(b)*sqrt(d)*x+sqrt(a)*b^(1/4)*d)
fired    9_1 r12  b^(3/4)/(b^(3/4)*x^2+sqrt(2)*a^(1/4)*sqrt(b)*sqrt(d)*x+sqrt(a)*b^(1/4)*d)
fired    1_1_2_1 r11  1/(-x^2-1)
fired    1_2_1_1 r11  1/(b^(3/4)*x^2-sqrt(2)*a^(1/4)*sqrt(b)*sqrt(d)*x+sqrt(a)*b^(1/4)*d)
fired    9_1 r12  b^(3/4)/(b^(3/4)*x^2-sqrt(2)*a^(1/4)*sqrt(b)*sqrt(d)*x+sqrt(a)*b^(1/4)*d)
fired    1_2_2_3 r20  (sqrt(b)*x^2+sqrt(a)*d)/((b^2*x^4)/d^2+a*b)
fired    1_2_1_2 r3  ((sqrt(2)*a^(1/4)*sqrt(d))/b^(1/4)-2*x)/(b^(3/4)*x^2-sqrt(2)*a^(1/4)*sqrt(b)*sqrt(d)*x+sqrt(a)*b^(1/4)*d)
fired    9_1 r12  (b^(3/4)*((sqrt(2)*a^(1/4)*sqrt(d))/b^(1/4)-2*x))/(b^(3/4)*x^2-sqrt(2)*a^(1/4)*sqrt(b)*sqrt(d)*x+sqrt(a)*b^(1/4)*d)
fired    9_1 r10  -((b^(3/4)*((sqrt(2)*a^(1/4)*sqrt(d))/b^(1/4)-2*x))/(b^(3/4)*x^2-sqrt(2)*a^(1/4)*sqrt(b)*sqrt(d)*x+sqrt(a)*b^(1/4)*d))
fired    1_2_1_2 r3  (2*x+(sqrt(2)*a^(1/4)*sqrt(d))/b^(1/4))/(b^(3/4)*x^2+sqrt(2)*a^(1/4)*sqrt(b)*sqrt(d)*x+sqrt(a)*b^(1/4)*d)
fired    9_1 r12  (b^(3/4)*(2*x+(sqrt(2)*a^(1/4)*sqrt(d))/b^(1/4)))/(b^(3/4)*x^2+sqrt(2)*a^(1/4)*sqrt(b)*sqrt(d)*x+sqrt(a)*b^(1/4)*d)
fired    9_1 r10  -((b^(3/4)*(2*x+(sqrt(2)*a^(1/4)*sqrt(d))/b^(1/4)))/(b^(3/4)*x^2+sqrt(2)*a^(1/4)*sqrt(b)*sqrt(d)*x+sqrt(a)*b^(1/4)*d))
fired    1_2_2_3 r23  (sqrt(a)*d-sqrt(b)*x^2)/((b^2*x^4)/d^2+a*b)
fired    1_1_3_2 r39  x^2/((b^2*x^4)/d^2+a*b)
fired    1_1_2_2 r27  sqrt(d*x)/(b^2*x^2+a*b)
fired    1_1_2_2 r14  sqrt(d*x)/(b^2*x^2+a*b)^2
fired    1_1_2_2 r14  sqrt(d*x)/(b^2*x^2+a*b)^3
fired    1_1_2_2 r13  (d*x)^(5/2)/(b^2*x^2+a*b)^4
fired    1_1_2_2 r13  (d*x)^(9/2)/(b^2*x^2+a*b)^5
fired    1_2_2_2 r6  (d*x)^(9/2)/(b^2*x^4+2*a*b*x^2+a^2)^(5/2)
RUBI-CPU 4.968681999999999 
ANSWER-LEN 588 UNINT false 
ANSWER (b^4*(b^2*x^2+a*b)*((7*d^2*((d^2*((5*((d*x)^(3/2)/(2*a*b*d*(b^2*x^2+a*b))-(sqrt(d)*(log(sqrt(2)*a^(1/4)*sqrt(b)*sqrt(d)*sqrt(d*x)+b^(3/4)*d*x+sqrt(a)*b^(1/4)*d)-log(-(sqrt(2)*a^(1/4)*sqrt(b)*sqrt(d)*sqrt(d*x))+b^(3/4)*d*x+sqrt(a)*b^(1/4)*d)-2*atan((sqrt(2)*b^(1/4)*sqrt(d*x)+a^(1/4)*sqrt(d))/(a^(1/4)*sqrt(d)))-2*atan((sqrt(2)*b^(1/4)*sqrt(d*x)-a^(1/4)*sqrt(d))/(a^(1/4)*sqrt(d)))))/(2^(7/2)*a^(5/4)*b^(11/4))))/(8*a*b)+(d*x)^(3/2)/(4*a*b*d*(b^2*x^2+a*b)^2)))/(4*b^2)-(d*(d*x)^(3/2))/(6*b^2*(b^2*x^2+a*b)^3)))/(16*b^2)-(d*(d*x)^(7/2))/(8*b^2*(b^2*x^2+a*b)^4)))/sqrt(b^2*x^4+2*a*b*x^2+a^2) 

## arm refV
# entry 1.2 Trinomial products/1.2.2 Quartic/1.2.2.3 (d+e x^2)^m (a+b x^2+c x^4)^p.mac e145  integrand (d+e*x^2)^2/(a+c*x^4)^2
# core /home/serge/src/mr-attr-base/test/mr_rules.core  cap 60  hit_cap False  cpu [3.960073]
fired    1_1_2_1 r11  1/(-x^2-1)
fired    1_2_1_1 r11  1/(c^(3/4)*x^2+sqrt(2)*a^(1/4)*sqrt(c)*x+sqrt(a)*c^(1/4))
fired    9_1 r12  c^(3/4)/(c^(3/4)*x^2+sqrt(2)*a^(1/4)*sqrt(c)*x+sqrt(a)*c^(1/4))
fired    1_1_2_1 r11  1/(-x^2-1)
fired    1_2_1_1 r11  1/(c^(3/4)*x^2-sqrt(2)*a^(1/4)*sqrt(c)*x+sqrt(a)*c^(1/4))
fired    9_1 r12  c^(3/4)/(c^(3/4)*x^2-sqrt(2)*a^(1/4)*sqrt(c)*x+sqrt(a)*c^(1/4))
fired    1_2_2_3 r20  (c*x^2+sqrt(a)*sqrt(c))/(c*x^4+a)
fired    1_2_1_2 r3  ((sqrt(2)*a^(1/4))/c^(1/4)-2*x)/(c^(3/4)*x^2-sqrt(2)*a^(1/4)*sqrt(c)*x+sqrt(a)*c^(1/4))
fired    9_1 r12  (c^(3/4)*((sqrt(2)*a^(1/4))/c^(1/4)-2*x))/(c^(3/4)*x^2-sqrt(2)*a^(1/4)*sqrt(c)*x+sqrt(a)*c^(1/4))
fired    9_1 r10  -((c^(3/4)*((sqrt(2)*a^(1/4))/c^(1/4)-2*x))/(c^(3/4)*x^2-sqrt(2)*a^(1/4)*sqrt(c)*x+sqrt(a)*c^(1/4)))
fired    1_2_1_2 r3  (2*x+(sqrt(2)*a^(1/4))/c^(1/4))/(c^(3/4)*x^2+sqrt(2)*a^(1/4)*sqrt(c)*x+sqrt(a)*c^(1/4))
fired    9_1 r12  (c^(3/4)*(2*x+(sqrt(2)*a^(1/4))/c^(1/4)))/(c^(3/4)*x^2+sqrt(2)*a^(1/4)*sqrt(c)*x+sqrt(a)*c^(1/4))
fired    9_1 r10  -((c^(3/4)*(2*x+(sqrt(2)*a^(1/4))/c^(1/4)))/(c^(3/4)*x^2+sqrt(2)*a^(1/4)*sqrt(c)*x+sqrt(a)*c^(1/4)))
fired    1_2_2_3 r23  (sqrt(a)*sqrt(c)-c*x^2)/(c*x^4+a)
fired    1_2_2_3 r26  (6*c*d*e*x^2+3*a*e^2+9*c*d^2)/(c*x^4+a)
fired    1_2_2_3 r37  (-(6*c*d*e*x^2)-a*e^2-3*c*d^2)/(c*x^4+a)^2
fired    1_2_2_3 r65  (e*x^2+d)^2/(c*x^4+a)^2
RUBI-CPU 3.9248250000000002 
ANSWER-LEN 523 UNINT false 
ANSWER -(((x*(-(6*c*d*e*x^2)-a*e^2-3*c*d^2))/(4*a*(c*x^4+a))-(((sqrt(a)*sqrt(c)*(3*a*e^2+9*c*d^2)-6*a*c*d*e)*((c^(1/4)*log(c^(3/4)*x^2+sqrt(2)*a^(1/4)*sqrt(c)*x+sqrt(a)*c^(1/4)))/(2^(3/2)*a^(1/4))-(c^(1/4)*log(c^(3/4)*x^2-sqrt(2)*a^(1/4)*sqrt(c)*x+sqrt(a)*c^(1/4)))/(2^(3/2)*a^(1/4))))/(2*a*c)+((sqrt(a)*sqrt(c)*(3*a*e^2+9*c*d^2)+6*a*c*d*e)*((c^(1/4)*atan((sqrt(2)*c^(1/4)*x+a^(1/4))/a^(1/4)))/(sqrt(2)*a^(1/4))+(c^(1/4)*atan((sqrt(2)*c^(1/4)*x-a^(1/4))/a^(1/4)))/(sqrt(2)*a^(1/4))))/(2*a*c))/(4*a))/(3*c))-(e^2*x)/(3*c*(c*x^4+a)) 

## arm newV
# entry 1.2 Trinomial products/1.2.2 Quartic/1.2.2.3 (d+e x^2)^m (a+b x^2+c x^4)^p.mac e145  integrand (d+e*x^2)^2/(a+c*x^4)^2
# core /home/serge/src/mr-attr/test/mr_rules.core  cap 60  hit_cap False  cpu [4.527117]
fired    1_1_2_1 r11  1/(-x^2-1)
fired    1_2_1_1 r11  1/(c^(3/4)*x^2+sqrt(2)*a^(1/4)*sqrt(c)*x+sqrt(a)*c^(1/4))
fired    9_1 r12  c^(3/4)/(c^(3/4)*x^2+sqrt(2)*a^(1/4)*sqrt(c)*x+sqrt(a)*c^(1/4))
fired    1_1_2_1 r11  1/(-x^2-1)
fired    1_2_1_1 r11  1/(c^(3/4)*x^2-sqrt(2)*a^(1/4)*sqrt(c)*x+sqrt(a)*c^(1/4))
fired    9_1 r12  c^(3/4)/(c^(3/4)*x^2-sqrt(2)*a^(1/4)*sqrt(c)*x+sqrt(a)*c^(1/4))
fired    1_2_2_3 r20  (c*x^2+sqrt(a)*sqrt(c))/(c*x^4+a)
fired    1_2_1_2 r3  ((sqrt(2)*a^(1/4))/c^(1/4)-2*x)/(c^(3/4)*x^2-sqrt(2)*a^(1/4)*sqrt(c)*x+sqrt(a)*c^(1/4))
fired    9_1 r12  (c^(3/4)*((sqrt(2)*a^(1/4))/c^(1/4)-2*x))/(c^(3/4)*x^2-sqrt(2)*a^(1/4)*sqrt(c)*x+sqrt(a)*c^(1/4))
fired    9_1 r10  -((c^(3/4)*((sqrt(2)*a^(1/4))/c^(1/4)-2*x))/(c^(3/4)*x^2-sqrt(2)*a^(1/4)*sqrt(c)*x+sqrt(a)*c^(1/4)))
fired    1_2_1_2 r3  (2*x+(sqrt(2)*a^(1/4))/c^(1/4))/(c^(3/4)*x^2+sqrt(2)*a^(1/4)*sqrt(c)*x+sqrt(a)*c^(1/4))
fired    9_1 r12  (c^(3/4)*(2*x+(sqrt(2)*a^(1/4))/c^(1/4)))/(c^(3/4)*x^2+sqrt(2)*a^(1/4)*sqrt(c)*x+sqrt(a)*c^(1/4))
fired    9_1 r10  -((c^(3/4)*(2*x+(sqrt(2)*a^(1/4))/c^(1/4)))/(c^(3/4)*x^2+sqrt(2)*a^(1/4)*sqrt(c)*x+sqrt(a)*c^(1/4)))
fired    1_2_2_3 r23  (sqrt(a)*sqrt(c)-c*x^2)/(c*x^4+a)
fired    1_2_2_3 r26  (6*c*d*e*x^2+3*a*e^2+9*c*d^2)/(c*x^4+a)
fired    1_2_2_3 r37  (-(6*c*d*e*x^2)-a*e^2-3*c*d^2)/(c*x^4+a)^2
fired    1_2_2_3 r65  (e*x^2+d)^2/(c*x^4+a)^2
RUBI-CPU 4.4870399999999995 
ANSWER-LEN 523 UNINT false 
ANSWER -(((x*(-(6*c*d*e*x^2)-a*e^2-3*c*d^2))/(4*a*(c*x^4+a))-(((sqrt(a)*sqrt(c)*(3*a*e^2+9*c*d^2)-6*a*c*d*e)*((c^(1/4)*log(c^(3/4)*x^2+sqrt(2)*a^(1/4)*sqrt(c)*x+sqrt(a)*c^(1/4)))/(2^(3/2)*a^(1/4))-(c^(1/4)*log(c^(3/4)*x^2-sqrt(2)*a^(1/4)*sqrt(c)*x+sqrt(a)*c^(1/4)))/(2^(3/2)*a^(1/4))))/(2*a*c)+((sqrt(a)*sqrt(c)*(3*a*e^2+9*c*d^2)+6*a*c*d*e)*((c^(1/4)*atan((sqrt(2)*c^(1/4)*x+a^(1/4))/a^(1/4)))/(sqrt(2)*a^(1/4))+(c^(1/4)*atan((sqrt(2)*c^(1/4)*x-a^(1/4))/a^(1/4)))/(sqrt(2)*a^(1/4))))/(2*a*c))/(4*a))/(3*c))-(e^2*x)/(3*c*(c*x^4+a)) 

## arm refV
# entry 1.2 Trinomial products/1.2.2 Quartic/1.2.2.6 P(x) (d x)^m (a+b x^2+c x^4)^p.mac e88  integrand (4+x^2+3*x^4+5*x^6)/(x^4*(2+3*x^2+x^4)^2)
# core /home/serge/src/mr-attr-base/test/mr_rules.core  cap 60  hit_cap False  cpu [3.848593]
fired    1_1_2_1 r10  1/(x^2+1)
fired    1_1_2_1 r10  1/(x^2+2)
fired    1_2_2_3 r24  (-(78*x^2)-582)/(x^4+3*x^2+2)
fired    1_2_2_4 r39  (174*x^2-78)/(x^2*(x^4+3*x^2+2))
fired    1_2_2_4 r39  (100*x^2+58)/(x^4*(x^4+3*x^2+2))
fired    1_2_2_4 r35  ((83*x^2)/7+64/7)/(x^4*(x^4+3*x^2+2)^2)
fired    1_2_3_6 r14  (-(6*x^4)-x^2+4)/(x^4*(x^4+3*x^2+2)^2)
fired    1_2_3_6 r14  (5*x^6+3*x^4+x^2+4)/(x^4*(x^4+3*x^2+2)^2)
RUBI-CPU 3.81136 
ANSWER-LEN 157 UNINT false 
ANSWER -((-((39/x-(213*sqrt(2)*atan(x/sqrt(2))-504*atan(x))/2)/6)-29/(3*x^3))/4)+(-(20*x^2)-178/7)/(4*x^3*(x^4+3*x^2+2))-1/(x*(x^4+3*x^2+2))+6/(7*x^3*(x^4+3*x^2+2)) 

## arm newV
# entry 1.2 Trinomial products/1.2.2 Quartic/1.2.2.6 P(x) (d x)^m (a+b x^2+c x^4)^p.mac e88  integrand (4+x^2+3*x^4+5*x^6)/(x^4*(2+3*x^2+x^4)^2)
# core /home/serge/src/mr-attr/test/mr_rules.core  cap 60  hit_cap False  cpu [4.787908]
fired    1_1_2_1 r10  1/(x^2+1)
fired    1_1_2_1 r10  1/(x^2+2)
fired    1_2_2_3 r24  (-(78*x^2)-582)/(x^4+3*x^2+2)
fired    1_2_2_4 r39  (174*x^2-78)/(x^2*(x^4+3*x^2+2))
fired    1_2_2_4 r39  (100*x^2+58)/(x^4*(x^4+3*x^2+2))
fired    1_2_2_4 r35  ((83*x^2)/7+64/7)/(x^4*(x^4+3*x^2+2)^2)
fired    1_2_3_6 r14  (-(6*x^4)-x^2+4)/(x^4*(x^4+3*x^2+2)^2)
fired    1_2_3_6 r14  (5*x^6+3*x^4+x^2+4)/(x^4*(x^4+3*x^2+2)^2)
RUBI-CPU 4.7349250000000005 
ANSWER-LEN 157 UNINT false 
ANSWER -((-((39/x-(213*sqrt(2)*atan(x/sqrt(2))-504*atan(x))/2)/6)-29/(3*x^3))/4)+(-(20*x^2)-178/7)/(4*x^3*(x^4+3*x^2+2))-1/(x*(x^4+3*x^2+2))+6/(7*x^3*(x^4+3*x^2+2)) 

## arm refV
# entry 1.2 Trinomial products/1.2.3 General/1.2.3.4 (f x)^m (d+e x^n)^q (a+b x^n+c x^(2 n))^p.mac e64  integrand 1/((a+c/x^2+b/x)*(d+e*x))
# core /home/serge/src/mr-attr-base/test/mr_rules.core  cap 60  hit_cap False  cpu [6.091344]
fired    1_1_2_1 r13  1/(-x^2+(b^2*c^2-4*a*c^3)*e^4+(8*a*b*c^2-2*b^3*c)*d*e^3+(-(8*a^2*c^2)-2*a*b^2*c+b^4)*d^2*e^2+(8*a^2*b*c-2*a*b^3)*d^3*e+(a^2*b^2-4*a^3*c)*d^4)
fired    1_2_1_1 r12  1/((a*c*e^2-a*b*d*e+a^2*d^2)*x^2+(b*(c*e^2+a*d^2)-b^2*d*e)*x+c^2*e^2-b*c*d*e+a*c*d^2)
fired    9_1 r6  1/((a*c*e^2-a*b*d*e+a^2*d^2)*x^2+b*(c*e^2+a*d^2)*x-b^2*d*e*x+c^2*e^2-b*c*d*e+a*c*d^2)
fired    9_1 r6  1/((a*c*e^2-a*b*d*e+a^2*d^2)*x^2+b*c*e^2*x-b^2*d*e*x+a*b*d^2*x+c^2*e^2-b*c*d*e+a*c*d^2)
fired    9_1 r6  1/((a*c*e^2+a^2*d^2)*x^2-a*b*d*e*x^2+b*c*e^2*x-b^2*d*e*x+a*b*d^2*x+c^2*e^2-b*c*d*e+a*c*d^2)
fired    9_1 r6  1/(a*c*e^2*x^2-a*b*d*e*x^2+a^2*d^2*x^2+b*c*e^2*x-b^2*d*e*x+a*b*d^2*x+c^2*e^2-b*c*d*e+a*c*d^2)
fired    1_3_4 r17  (c*e*x-b*d*x-c*d)/(a*c*e^2*x^2-a*b*d*e*x^2+a^2*d^2*x^2+b*c*e^2*x-b^2*d*e*x+a*b*d^2*x+c^2*e^2-b*c*d*e+a*c*d^2)
fired    1_4_2 r14  ((c*e-b*d)*x-c*d)/(a*c*e^2*x^2-a*b*d*e*x^2+a^2*d^2*x^2+b*c*e^2*x-b^2*d*e*x+a*b*d^2*x+c^2*e^2-b*c*d*e+a*c*d^2)
fired    1_4_1 r7  ((c*e-b*d)*x-c*d)/(a*c*e^2*x^2-a*b*d*e*x^2+a^2*d^2*x^2+b*c*e^2*x-b^2*d*e*x+a*b*d^2*x+c^2*e^2-b*c*d*e+a*c*d^2)+d^2/((c*e^3-b*d*e^2+a*d^2*e)*x+c*d*e^2-b*d^2*e+a*d...
fired    1_2_1_3 r20  x^2/((e*x+d)*(a*x^2+b*x+c))
fired    1_2_3_3 r55  1/((b/x+c/x^2+a)*(e*x+d))
RUBI-CPU 6.051406 
ANSWER-LEN 8319 UNINT false 
ANSWER ((b*c*e+(2*a*c-b^2)*d)*log(-(((2*a^8*c*e^2-2*a^8*b*d*e+2*a^9*d^2)*x^8+(-(6*a^7*sqrt((b^2*c^2-4*a*c^3)*e^4+(8*a*b*c^2-2*b^3*c)*d*e^3+(-(8*a^2*c^2)-2*a*b^2*c+b^4)*d^2*e^2+(8*a^2*b*c-2*a*b^3)*d^3*e+(a^2*b^2-4*a^3*c)*d^4))+8*a^7*b*c*e^2-8*a^7*b^2*d*e+8*a^8*b*d^2)*x^7+(-(21*a^6*b*sqrt((b^2*c^2-4*a*c^3)*e^4+(8*a*b*c^2-2*b^3*c)*d*e^3+(-(8*a^2*c^2)-2*a*b^2*c+b^4)*d^2*e^2+(8*a^2*b*c-2*a*b^3)*d^3*e+(a^2*b^2-4*a^3*c)*d^4))+(21*a^6*b^2*c-28*a^7*c^2)*e^2+(28*a^7*b*c-21*a^6*b^3)*d*e+(21*a^7*b^2-28*a^8*c)*d^2)*x^6+(14*a^6*c*sqrt((b^2*c^2-4*a*c^3)*e^4+(8*a*b*c^2-2*b^3*c)*d*e^3+(-(8*a^2*c^2)-2*a*b^2*c+b...

## arm newV
# entry 1.2 Trinomial products/1.2.3 General/1.2.3.4 (f x)^m (d+e x^n)^q (a+b x^n+c x^(2 n))^p.mac e64  integrand 1/((a+c/x^2+b/x)*(d+e*x))
# core /home/serge/src/mr-attr/test/mr_rules.core  cap 60  hit_cap False  cpu [6.973944]
fired    1_1_2_1 r13  1/(-x^2+(b^2*c^2-4*a*c^3)*e^4+(8*a*b*c^2-2*b^3*c)*d*e^3+(-(8*a^2*c^2)-2*a*b^2*c+b^4)*d^2*e^2+(8*a^2*b*c-2*a*b^3)*d^3*e+(a^2*b^2-4*a^3*c)*d^4)
fired    1_2_1_1 r12  1/((a*c*e^2-a*b*d*e+a^2*d^2)*x^2+(b*(c*e^2+a*d^2)-b^2*d*e)*x+c^2*e^2-b*c*d*e+a*c*d^2)
fired    9_1 r6  1/((a*c*e^2-a*b*d*e+a^2*d^2)*x^2+b*(c*e^2+a*d^2)*x-b^2*d*e*x+c^2*e^2-b*c*d*e+a*c*d^2)
fired    9_1 r6  1/((a*c*e^2-a*b*d*e+a^2*d^2)*x^2+b*c*e^2*x-b^2*d*e*x+a*b*d^2*x+c^2*e^2-b*c*d*e+a*c*d^2)
fired    9_1 r6  1/((a*c*e^2+a^2*d^2)*x^2-a*b*d*e*x^2+b*c*e^2*x-b^2*d*e*x+a*b*d^2*x+c^2*e^2-b*c*d*e+a*c*d^2)
fired    9_1 r6  1/(a*c*e^2*x^2-a*b*d*e*x^2+a^2*d^2*x^2+b*c*e^2*x-b^2*d*e*x+a*b*d^2*x+c^2*e^2-b*c*d*e+a*c*d^2)
fired    1_3_4 r17  (c*e*x-b*d*x-c*d)/(a*c*e^2*x^2-a*b*d*e*x^2+a^2*d^2*x^2+b*c*e^2*x-b^2*d*e*x+a*b*d^2*x+c^2*e^2-b*c*d*e+a*c*d^2)
fired    1_4_2 r14  ((c*e-b*d)*x-c*d)/(a*c*e^2*x^2-a*b*d*e*x^2+a^2*d^2*x^2+b*c*e^2*x-b^2*d*e*x+a*b*d^2*x+c^2*e^2-b*c*d*e+a*c*d^2)
fired    1_4_1 r7  ((c*e-b*d)*x-c*d)/(a*c*e^2*x^2-a*b*d*e*x^2+a^2*d^2*x^2+b*c*e^2*x-b^2*d*e*x+a*b*d^2*x+c^2*e^2-b*c*d*e+a*c*d^2)+d^2/((c*e^3-b*d*e^2+a*d^2*e)*x+c*d*e^2-b*d^2*e+a*d...
fired    1_2_1_3 r20  x^2/((e*x+d)*(a*x^2+b*x+c))
fired    1_2_3_3 r55  1/((b/x+c/x^2+a)*(e*x+d))
RUBI-CPU 6.9263010000000005 
ANSWER-LEN 8319 UNINT false 
ANSWER ((b*c*e+(2*a*c-b^2)*d)*log(-(((2*a^8*c*e^2-2*a^8*b*d*e+2*a^9*d^2)*x^8+(-(6*a^7*sqrt((b^2*c^2-4*a*c^3)*e^4+(8*a*b*c^2-2*b^3*c)*d*e^3+(-(8*a^2*c^2)-2*a*b^2*c+b^4)*d^2*e^2+(8*a^2*b*c-2*a*b^3)*d^3*e+(a^2*b^2-4*a^3*c)*d^4))+8*a^7*b*c*e^2-8*a^7*b^2*d*e+8*a^8*b*d^2)*x^7+(-(21*a^6*b*sqrt((b^2*c^2-4*a*c^3)*e^4+(8*a*b*c^2-2*b^3*c)*d*e^3+(-(8*a^2*c^2)-2*a*b^2*c+b^4)*d^2*e^2+(8*a^2*b*c-2*a*b^3)*d^3*e+(a^2*b^2-4*a^3*c)*d^4))+(21*a^6*b^2*c-28*a^7*c^2)*e^2+(28*a^7*b*c-21*a^6*b^3)*d*e+(21*a^7*b^2-28*a^8*c)*d^2)*x^6+(14*a^6*c*sqrt((b^2*c^2-4*a*c^3)*e^4+(8*a*b*c^2-2*b^3*c)*d*e^3+(-(8*a^2*c^2)-2*a*b^2*c+b...

## arm refV
# entry 1.3 Miscellaneous/1.3.1 Rational functions.mac e394  integrand (d+e*x)^3/(a+c*x^4)
# core /home/serge/src/mr-attr-base/test/mr_rules.core  cap 60  hit_cap False  cpu [4.114401]
fired    1_1_2_1 r12  1/(c*x^2+a)
fired    1_1_2_2 r1  x/(c*x^2+a)
fired    1_1_2_7 r2  (e^3*x+3*d^2*e)/(c*x^2+a)
fired    1_2_2_4 r6  (x*(e^3*x^2+3*d^2*e))/(c*x^4+a)
fired    1_1_2_1 r11  1/(-x^2-1)
fired    1_2_1_1 r11  1/(c^(3/4)*x^2+sqrt(2)*a^(1/4)*sqrt(c)*x+sqrt(a)*c^(1/4))
fired    9_1 r12  c^(3/4)/(c^(3/4)*x^2+sqrt(2)*a^(1/4)*sqrt(c)*x+sqrt(a)*c^(1/4))
fired    1_1_2_1 r11  1/(-x^2-1)
fired    1_2_1_1 r11  1/(c^(3/4)*x^2-sqrt(2)*a^(1/4)*sqrt(c)*x+sqrt(a)*c^(1/4))
fired    9_1 r12  c^(3/4)/(c^(3/4)*x^2-sqrt(2)*a^(1/4)*sqrt(c)*x+sqrt(a)*c^(1/4))
fired    1_2_2_3 r20  (c*x^2+sqrt(a)*sqrt(c))/(c*x^4+a)
fired    1_2_1_2 r3  ((sqrt(2)*a^(1/4))/c^(1/4)-2*x)/(c^(3/4)*x^2-sqrt(2)*a^(1/4)*sqrt(c)*x+sqrt(a)*c^(1/4))
fired    9_1 r12  (c^(3/4)*((sqrt(2)*a^(1/4))/c^(1/4)-2*x))/(c^(3/4)*x^2-sqrt(2)*a^(1/4)*sqrt(c)*x+sqrt(a)*c^(1/4))
fired    9_1 r10  -((c^(3/4)*((sqrt(2)*a^(1/4))/c^(1/4)-2*x))/(c^(3/4)*x^2-sqrt(2)*a^(1/4)*sqrt(c)*x+sqrt(a)*c^(1/4)))
fired    1_2_1_2 r3  (2*x+(sqrt(2)*a^(1/4))/c^(1/4))/(c^(3/4)*x^2+sqrt(2)*a^(1/4)*sqrt(c)*x+sqrt(a)*c^(1/4))
fired    9_1 r12  (c^(3/4)*(2*x+(sqrt(2)*a^(1/4))/c^(1/4)))/(c^(3/4)*x^2+sqrt(2)*a^(1/4)*sqrt(c)*x+sqrt(a)*c^(1/4))
fired    9_1 r10  -((c^(3/4)*(2*x+(sqrt(2)*a^(1/4))/c^(1/4)))/(c^(3/4)*x^2+sqrt(2)*a^(1/4)*sqrt(c)*x+sqrt(a)*c^(1/4)))
fired    1_2_2_3 r23  (sqrt(a)*sqrt(c)-c*x^2)/(c*x^4+a)
fired    1_2_2_3 r26  (3*d*e^2*x^2+d^3)/(c*x^4+a)
fired    1_4_1 r7  (x*(e^3*x^2+3*d^2*e))/(c*x^4+a)+(3*d*e^2*x^2+d^3)/(c*x^4+a)
fired    1_1_3_7 r27  (e*x+d)^3/(c*x^4+a)
RUBI-CPU 4.0786359999999995 
ANSWER-LEN 494 UNINT false 
ANSWER (sqrt(a)*sqrt(c)*e^3*log(c*x^4+a)+6*c*d^2*e*atan((sqrt(c)*x^2)/sqrt(a)))/(4*sqrt(a)*c^(3/2))+((sqrt(a)*sqrt(c)*d^3-3*a*d*e^2)*((c^(1/4)*log(c^(3/4)*x^2+sqrt(2)*a^(1/4)*sqrt(c)*x+sqrt(a)*c^(1/4)))/(2^(3/2)*a^(1/4))-(c^(1/4)*log(c^(3/4)*x^2-sqrt(2)*a^(1/4)*sqrt(c)*x+sqrt(a)*c^(1/4)))/(2^(3/2)*a^(1/4))))/(2*a*c)+((3*a*d*e^2+sqrt(a)*sqrt(c)*d^3)*((c^(1/4)*atan((sqrt(2)*c^(1/4)*x+a^(1/4))/a^(1/4)))/(sqrt(2)*a^(1/4))+(c^(1/4)*atan((sqrt(2)*c^(1/4)*x-a^(1/4))/a^(1/4)))/(sqrt(2)*a^(1/4))))/(2*a*c) 

## arm newV
# entry 1.3 Miscellaneous/1.3.1 Rational functions.mac e394  integrand (d+e*x)^3/(a+c*x^4)
# core /home/serge/src/mr-attr/test/mr_rules.core  cap 60  hit_cap False  cpu [4.754768]
fired    1_1_2_1 r12  1/(c*x^2+a)
fired    1_1_2_2 r1  x/(c*x^2+a)
fired    1_1_2_7 r2  (e^3*x+3*d^2*e)/(c*x^2+a)
fired    1_2_2_4 r6  (x*(e^3*x^2+3*d^2*e))/(c*x^4+a)
fired    1_1_2_1 r11  1/(-x^2-1)
fired    1_2_1_1 r11  1/(c^(3/4)*x^2+sqrt(2)*a^(1/4)*sqrt(c)*x+sqrt(a)*c^(1/4))
fired    9_1 r12  c^(3/4)/(c^(3/4)*x^2+sqrt(2)*a^(1/4)*sqrt(c)*x+sqrt(a)*c^(1/4))
fired    1_1_2_1 r11  1/(-x^2-1)
fired    1_2_1_1 r11  1/(c^(3/4)*x^2-sqrt(2)*a^(1/4)*sqrt(c)*x+sqrt(a)*c^(1/4))
fired    9_1 r12  c^(3/4)/(c^(3/4)*x^2-sqrt(2)*a^(1/4)*sqrt(c)*x+sqrt(a)*c^(1/4))
fired    1_2_2_3 r20  (c*x^2+sqrt(a)*sqrt(c))/(c*x^4+a)
fired    1_2_1_2 r3  ((sqrt(2)*a^(1/4))/c^(1/4)-2*x)/(c^(3/4)*x^2-sqrt(2)*a^(1/4)*sqrt(c)*x+sqrt(a)*c^(1/4))
fired    9_1 r12  (c^(3/4)*((sqrt(2)*a^(1/4))/c^(1/4)-2*x))/(c^(3/4)*x^2-sqrt(2)*a^(1/4)*sqrt(c)*x+sqrt(a)*c^(1/4))
fired    9_1 r10  -((c^(3/4)*((sqrt(2)*a^(1/4))/c^(1/4)-2*x))/(c^(3/4)*x^2-sqrt(2)*a^(1/4)*sqrt(c)*x+sqrt(a)*c^(1/4)))
fired    1_2_1_2 r3  (2*x+(sqrt(2)*a^(1/4))/c^(1/4))/(c^(3/4)*x^2+sqrt(2)*a^(1/4)*sqrt(c)*x+sqrt(a)*c^(1/4))
fired    9_1 r12  (c^(3/4)*(2*x+(sqrt(2)*a^(1/4))/c^(1/4)))/(c^(3/4)*x^2+sqrt(2)*a^(1/4)*sqrt(c)*x+sqrt(a)*c^(1/4))
fired    9_1 r10  -((c^(3/4)*(2*x+(sqrt(2)*a^(1/4))/c^(1/4)))/(c^(3/4)*x^2+sqrt(2)*a^(1/4)*sqrt(c)*x+sqrt(a)*c^(1/4)))
fired    1_2_2_3 r23  (sqrt(a)*sqrt(c)-c*x^2)/(c*x^4+a)
fired    1_2_2_3 r26  (3*d*e^2*x^2+d^3)/(c*x^4+a)
fired    1_4_1 r7  (x*(e^3*x^2+3*d^2*e))/(c*x^4+a)+(3*d*e^2*x^2+d^3)/(c*x^4+a)
fired    1_1_3_7 r27  (e*x+d)^3/(c*x^4+a)
RUBI-CPU 4.7093620000000005 
ANSWER-LEN 494 UNINT false 
ANSWER (sqrt(a)*sqrt(c)*e^3*log(c*x^4+a)+6*c*d^2*e*atan((sqrt(c)*x^2)/sqrt(a)))/(4*sqrt(a)*c^(3/2))+((sqrt(a)*sqrt(c)*d^3-3*a*d*e^2)*((c^(1/4)*log(c^(3/4)*x^2+sqrt(2)*a^(1/4)*sqrt(c)*x+sqrt(a)*c^(1/4)))/(2^(3/2)*a^(1/4))-(c^(1/4)*log(c^(3/4)*x^2-sqrt(2)*a^(1/4)*sqrt(c)*x+sqrt(a)*c^(1/4)))/(2^(3/2)*a^(1/4))))/(2*a*c)+((3*a*d*e^2+sqrt(a)*sqrt(c)*d^3)*((c^(1/4)*atan((sqrt(2)*c^(1/4)*x+a^(1/4))/a^(1/4)))/(sqrt(2)*a^(1/4))+(c^(1/4)*atan((sqrt(2)*c^(1/4)*x-a^(1/4))/a^(1/4)))/(sqrt(2)*a^(1/4))))/(2*a*c) 

